take_id,actor,emotion,sentence,intensity,take,text,speech_rate,pitch,loudness,gaze,head,AU01,AU02,AU04,AU05,AU06,AU07,AU09,AU10,AU12,AU14,AU15,AU17,AU20,AU23,AU25,AU26,AU45,transcript
S_01_00_01_0_1,01,neutral,1,0,1,The birch canoe slid on the smooth planks.,normal,normal,normal,front,none,none,none,none,none,none,none,none,none,none,none,none,none,none,none,none,none,none,"Actor 01 said “The birch canoe slid on the smooth planks.”, with *normal* **speech rate**, *normal* **pitch**, *normal* **loudness**, and while **looking at the camera**."
S_01_00_02_0_1,01,neutral,2,0,1,Glue the sheet to the dark blue background.,normal,normal,normal,front,none,none,none,none,none,none,none,none,none,none,none,none,none,none,none,none,none,none,"Actor 01 said “Glue the sheet to the dark blue background.”, with *normal* **speech rate**, *normal* **pitch**, *normal* **loudness**, and while **looking at the camera**."
S_01_00_03_0_1,01,neutral,3,0,1,It's easy to tell the depth of a well.,normal,normal,normal,front,none,none,none,none,none,none,none,none,none,none,none,none,none,none,none,none,none,none,"Actor 01 said “It's easy to tell the depth of a well.”, with *normal* **speech rate**, *normal* **pitch**, *normal* **loudness**, and while **looking at the camera**."
S_01_00_04_0_1,01,neutral,4,0,1,These days a chicken leg is a rare dish.,normal,normal,normal,front,none,none,none,none,none,none,none,none,none,none,none,none,none,none,none,none,none,none,"Actor 01 said “These days a chicken leg is a rare dish.”, with *normal* **speech rate**, *normal* **pitch**, *normal* **loudness**, and while **looking at the camera**."
S_01_00_05_0_1,01,neutral,5,0,1,Rice is often served in round bowls.,normal,normal,normal,front,none,none,none,none,none,none,none,none,none,none,none,none,none,none,none,none,none,none,"Actor 01 said “Rice is often served in round bowls.”, with *normal* **speech rate**, *normal* **pitch**, *normal* **loudness**, and while **looking at the camera**."
S_01_01_01_1_1,01,fear,1,1,1,The birch canoe slid on the smooth planks.,normal,lower,quieter,down,tilting,none,none,weak,none,none,none,weak,none,none,none,none,none,none,weak,none,none,none,"Actor 01 said “The birch canoe slid on the smooth planks.”, with *normal* **speech rate**, *lower* **pitch**, *quieter* **loudness**, **gaze** *averted* (downwards), while *tilting* their **head**, and *weak* **lowered brows**, *weak* **wrinkled nose**, and *weak* **tightened lips**."
S_01_01_01_2_1,01,fear,1,2,1,The birch canoe slid on the smooth planks.,fast,higher,louder,up,shaking,strong,none,strong,weak,none,strong,none,none,none,none,strong,weak,strong,strong,strong,weak,none,"Actor 01 said “The birch canoe slid on the smooth planks.”, with *fast* **speech rate**, *higher* **pitch**, *louder* **loudness**, **gaze** *averted* (upwards), while *shaking* their **head**, and *strong* **raised inner eyebrows**, *strong* **lowered brows**, *weak* **raised upper eyelids**, *strong* **tightened eyelids**, *strong* **downturned mouth corners**, *weak* **raised chin**, *strong* **stretched lips**, *strong* **tightened lips**, *strong* **parted lips**, and *weak* **a dropped jaw**."
S_01_01_02_1_1,01,fear,2,1,1,Glue the sheet to the dark blue background.,normal,lower,quieter,down,tilting,none,none,weak,none,none,none,none,none,none,none,none,none,none,weak,none,none,none,"Actor 01 said “Glue the sheet to the dark blue background.”, with *normal* **speech rate**, *lower* **pitch**, *quieter* **loudness**, **gaze** *averted* (downwards), while *tilting* their **head**, and *weak* **lowered brows** and *weak* **tightened lips**."
S_01_01_02_2_1,01,fear,2,2,1,Glue the sheet to the dark blue background.,slow,higher,louder,down,shaking,none,none,strong,none,none,strong,none,none,none,none,weak,none,strong,strong,none,none,none,"Actor 01 said “Glue the sheet to the dark blue background.”, with *slow* **speech rate**, *higher* **pitch**, *louder* **loudness**, **gaze** *averted* (downwards), while *shaking* their **head**, and *strong* **lowered brows**, *strong* **tightened eyelids**, *weak* **downturned mouth corners**, *strong* **stretched lips**, and *strong* **tightened lips**."
S_01_01_03_1_1,01,fear,3,1,1,It's easy to tell the depth of a well.,slow,lower,quieter,down,tilting,weak,none,weak,none,none,none,none,none,none,none,none,none,none,weak,none,none,none,"Actor 01 said “It's easy to tell the depth of a well.”, with *slow* **speech rate**, *lower* **pitch**, *quieter* **loudness**, **gaze** *averted* (downwards), while *tilting* their **head**, and *weak* **raised inner eyebrows**, *weak* **lowered brows**, and *weak* **tightened lips**."
S_01_01_03_2_1,01,fear,3,2,1,It's easy to tell the depth of a well.,slow,lower,quieter,down,shaking,none,none,strong,none,none,strong,none,none,none,none,strong,none,strong,strong,none,weak,none,"Actor 01 said “It's easy to tell the depth of a well.”, with *slow* **speech rate**, *lower* **pitch**, *quieter* **loudness**, **gaze** *averted* (downwards), while *shaking* their **head**, and *strong* **lowered brows**, *strong* **tightened eyelids**, *strong* **downturned mouth corners**, *strong* **stretched lips**, *strong* **tightened lips**, and *weak* **a dropped jaw**."
S_01_01_04_1_1,01,fear,4,1,1,These days a chicken leg is a rare dish.,slow,lower,quieter,down,tilting,weak,none,weak,none,none,none,none,none,none,none,none,none,none,weak,none,none,none,"Actor 01 said “These days a chicken leg is a rare dish.”, with *slow* **speech rate**, *lower* **pitch**, *quieter* **loudness**, **gaze** *averted* (downwards), while *tilting* their **head**, and *weak* **raised inner eyebrows**, *weak* **lowered brows**, and *weak* **tightened lips**."
S_01_01_04_2_1,01,fear,4,2,1,These days a chicken leg is a rare dish.,slow,lower,louder,down,shaking,strong,none,strong,none,none,none,strong,none,none,none,none,none,strong,strong,none,none,moderate,"Actor 01 said “These days a chicken leg is a rare dish.”, with *slow* **speech rate**, *lower* **pitch**, *louder* **loudness**, **gaze** *averted* (downwards), while *shaking* their **head**, and *strong* **raised inner eyebrows**, *strong* **lowered brows**, *strong* **wrinkled nose**, *strong* **stretched lips**, *strong* **tightened lips**, and *moderate* **blinking**."
S_01_01_05_1_1,01,fear,5,1,1,Rice is often served in round bowls.,normal,lower,quieter,down,tilting,weak,none,weak,none,none,none,none,none,none,none,weak,none,weak,none,none,none,none,"Actor 01 said “Rice is often served in round bowls.”, with *normal* **speech rate**, *lower* **pitch**, *quieter* **loudness**, **gaze** *averted* (downwards), while *tilting* their **head**, and *weak* **raised inner eyebrows**, *weak* **lowered brows**, *weak* **downturned mouth corners**, and *weak* **stretched lips**."
S_01_01_05_2_1,01,fear,5,2,1,Rice is often served in round bowls.,slow,higher,louder,down,shaking,strong,none,strong,none,none,strong,strong,strong,none,none,strong,none,strong,strong,none,none,none,"Actor 01 said “Rice is often served in round bowls.”, with *slow* **speech rate**, *higher* **pitch**, *louder* **loudness**, **gaze** *averted* (downwards), while *shaking* their **head**, and *strong* **raised inner eyebrows**, *strong* **lowered brows**, *strong* **tightened eyelids**, *strong* **wrinkled nose**, *strong* **raised upper lip**, *strong* **downturned mouth corners**, *strong* **stretched lips**, and *strong* **tightened lips**."
S_01_02_01_1_1,01,anger,1,1,1,The birch canoe slid on the smooth planks.,normal,lower,louder,front,none,none,none,moderate,none,none,none,none,none,none,none,moderate,none,none,moderate,none,none,none,"Actor 01 said “The birch canoe slid on the smooth planks.”, with *normal* **speech rate**, *lower* **pitch**, *louder* **loudness**, while **looking at the camera**, and *moderate* **lowered brows**, *moderate* **downturned mouth corners**, and *moderate* **tightened lips**."
S_01_02_01_2_1,01,anger,1,2,1,The birch canoe slid on the smooth planks.,fast,higher,louder,front,shaking,none,none,strong,none,none,strong,none,none,none,none,strong,none,strong,strong,none,none,none,"Actor 01 said “The birch canoe slid on the smooth planks.”, with *fast* **speech rate**, *higher* **pitch**, *louder* **loudness**, while **looking at the camera**, while *shaking* their **head**, and *strong* **lowered brows**, *strong* **tightened eyelids**, *strong* **downturned mouth corners**, *strong* **stretched lips**, and *strong* **tightened lips**."
S_01_02_02_1_1,01,anger,2,1,1,Glue the sheet to the dark blue background.,normal,lower,louder,front,none,none,none,weak,none,none,none,none,none,none,none,weak,none,none,weak,none,none,none,"Actor 01 said “Glue the sheet to the dark blue background.”, with *normal* **speech rate**, *lower* **pitch**, *louder* **loudness**, while **looking at the camera**, and *weak* **lowered brows**, *weak* **downturned mouth corners**, and *weak* **tightened lips**."
S_01_02_02_2_1,01,anger,2,2,1,Glue the sheet to the dark blue background.,fast,higher,louder,front,shaking,weak,none,strong,none,none,strong,none,strong,none,none,strong,none,strong,strong,none,none,none,"Actor 01 said “Glue the sheet to the dark blue background.”, with *fast* **speech rate**, *higher* **pitch**, *louder* **loudness**, while **looking at the camera**, while *shaking* their **head**, and *weak* **raised inner eyebrows**, *strong* **lowered brows**, *strong* **tightened eyelids**, *strong* **raised upper lip**, *strong* **downturned mouth corners**, *strong* **stretched lips**, and *strong* **tightened lips**."
S_01_02_03_1_1,01,anger,3,1,1,It's easy to tell the depth of a well.,normal,normal,louder,front,shaking,none,none,moderate,none,none,none,none,none,none,none,moderate,none,none,moderate,none,none,none,"Actor 01 said “It's easy to tell the depth of a well.”, with *normal* **speech rate**, *normal* **pitch**, *louder* **loudness**, while **looking at the camera**, while *shaking* their **head**, and *moderate* **lowered brows**, *moderate* **downturned mouth corners**, and *moderate* **tightened lips**."
S_01_02_03_2_1,01,anger,3,2,1,It's easy to tell the depth of a well.,fast,higher,louder,front,shaking,none,none,strong,none,none,strong,none,strong,none,none,strong,strong,none,strong,none,none,none,"Actor 01 said “It's easy to tell the depth of a well.”, with *fast* **speech rate**, *higher* **pitch**, *louder* **loudness**, while **looking at the camera**, while *shaking* their **head**, and *strong* **lowered brows**, *strong* **tightened eyelids**, *strong* **raised upper lip**, *strong* **downturned mouth corners**, *strong* **raised chin**, and *strong* **tightened lips**."
S_01_02_04_1_1,01,anger,4,1,1,These days a chicken leg is a rare dish.,normal,lower,normal,front,none,none,none,moderate,none,none,weak,none,none,none,none,weak,none,none,weak,none,none,none,"Actor 01 said “These days a chicken leg is a rare dish.”, with *normal* **speech rate**, *lower* **pitch**, *normal* **loudness**, while **looking at the camera**, and *moderate* **lowered brows**, *weak* **tightened eyelids**, *weak* **downturned mouth corners**, and *weak* **tightened lips**."
S_01_02_04_2_1,01,anger,4,2,1,These days a chicken leg is a rare dish.,fast,higher,louder,front,shaking,none,none,strong,none,none,none,strong,none,none,none,strong,none,none,strong,none,none,none,"Actor 01 said “These days a chicken leg is a rare dish.”, with *fast* **speech rate**, *higher* **pitch**, *louder* **loudness**, while **looking at the camera**, while *shaking* their **head**, and *strong* **lowered brows**, *strong* **wrinkled nose**, *strong* **downturned mouth corners**, and *strong* **tightened lips**."
S_01_02_05_1_1,01,anger,5,1,1,Rice is often served in round bowls.,normal,lower,louder,front,none,none,none,moderate,none,none,none,none,none,none,none,moderate,none,none,none,none,none,none,"Actor 01 said “Rice is often served in round bowls.”, with *normal* **speech rate**, *lower* **pitch**, *louder* **loudness**, while **looking at the camera**, and *moderate* **lowered brows** and *moderate* **downturned mouth corners**."
S_01_02_05_2_1,01,anger,5,2,1,Rice is often served in round bowls.,fast,higher,louder,front,shaking,none,none,strong,none,none,strong,moderate,strong,none,moderate,moderate,none,strong,moderate,none,none,none,"Actor 01 said “Rice is often served in round bowls.”, with *fast* **speech rate**, *higher* **pitch**, *louder* **loudness**, while **looking at the camera**, while *shaking* their **head**, and *strong* **lowered brows**, *strong* **tightened eyelids**, *moderate* **wrinkled nose**, *strong* **raised upper lip**, *moderate* **a tight smile**, *moderate* **downturned mouth corners**, *strong* **stretched lips**, and *moderate* **tightened lips**."
S_01_03_01_1_1,01,happiness,1,1,1,The birch canoe slid on the smooth planks.,normal,higher,quieter,front,none,none,moderate,none,none,moderate,none,none,none,moderate,none,none,none,none,none,none,none,none,"Actor 01 said “The birch canoe slid on the smooth planks.”, with *normal* **speech rate**, *higher* **pitch**, *quieter* **loudness**, while **looking at the camera**, and *moderate* **raised outer eyebrows**, *moderate* **raised cheeks**, and *moderate* **a smile**."
S_01_03_01_2_1,01,happiness,1,2,1,The birch canoe slid on the smooth planks.,fast,higher,louder,front,none,none,strong,none,strong,strong,none,none,strong,strong,none,none,none,none,none,strong,moderate,none,"Actor 01 said “The birch canoe slid on the smooth planks.”, with *fast* **speech rate**, *higher* **pitch**, *louder* **loudness**, while **looking at the camera**, and *strong* **raised outer eyebrows**, *strong* **raised upper eyelids**, *strong* **raised cheeks**, *strong* **raised upper lip**, *strong* **a smile**, *strong* **parted lips**, and *moderate* **a dropped jaw**."
S_01_03_02_1_1,01,happiness,2,1,1,Glue the sheet to the dark blue background.,normal,higher,normal,front,none,none,weak,none,none,weak,none,none,none,weak,none,none,none,none,none,none,none,none,"Actor 01 said “Glue the sheet to the dark blue background.”, with *normal* **speech rate**, *higher* **pitch**, *normal* **loudness**, while **looking at the camera**, and *weak* **raised outer eyebrows**, *weak* **raised cheeks**, and *weak* **a smile**."
S_01_03_02_2_1,01,happiness,2,2,1,Glue the sheet to the dark blue background.,fast,higher,louder,front,nodding,strong,strong,none,strong,strong,none,none,none,strong,none,none,none,none,none,strong,none,none,"Actor 01 said “Glue the sheet to the dark blue background.”, with *fast* **speech rate**, *higher* **pitch**, *louder* **loudness**, while **looking at the camera**, while *nodding*, and *strong* **raised inner eyebrows**, *strong* **raised outer eyebrows**, *strong* **raised upper eyelids**, *strong* **raised cheeks**, *strong* **a smile**, and *strong* **parted lips**."
S_01_03_03_1_1,01,happiness,3,1,1,It's easy to tell the depth of a well.,normal,higher,normal,front,none,none,weak,none,none,weak,none,none,none,moderate,none,none,none,none,none,none,none,none,"Actor 01 said “It's easy to tell the depth of a well.”, with *normal* **speech rate**, *higher* **pitch**, *normal* **loudness**, while **looking at the camera**, and *weak* **raised outer eyebrows**, *weak* **raised cheeks**, and *moderate* **a smile**."
S_01_03_03_2_1,01,happiness,3,2,1,It's easy to tell the depth of a well.,fast,higher,louder,front,none,none,strong,none,none,strong,none,none,none,strong,none,none,none,none,none,none,none,none,"Actor 01 said “It's easy to tell the depth of a well.”, with *fast* **speech rate**, *higher* **pitch**, *louder* **loudness**, while **looking at the camera**, and *strong* **raised outer eyebrows**, *strong* **raised cheeks**, and *strong* **a smile**."
S_01_03_04_1_1,01,happiness,4,1,1,These days a chicken leg is a rare dish.,normal,higher,quieter,front,none,none,weak,none,none,weak,none,none,none,weak,none,none,none,none,none,none,none,none,"Actor 01 said “These days a chicken leg is a rare dish.”, with *normal* **speech rate**, *higher* **pitch**, *quieter* **loudness**, while **looking at the camera**, and *weak* **raised outer eyebrows**, *weak* **raised cheeks**, and *weak* **a smile**."
S_01_03_04_2_1,01,happiness,4,2,1,These days a chicken leg is a rare dish.,fast,higher,louder,front,tilting,none,moderate,none,moderate,strong,none,none,moderate,strong,none,none,none,none,none,moderate,none,none,"Actor 01 said “These days a chicken leg is a rare dish.”, with *fast* **speech rate**, *higher* **pitch**, *louder* **loudness**, while **looking at the camera**, while *tilting* their **head**, and *moderate* **raised outer eyebrows**, *moderate* **raised upper eyelids**, *strong* **raised cheeks**, *moderate* **raised upper lip**, *strong* **a smile**, and *moderate* **parted lips**."
S_01_03_05_1_1,01,happiness,5,1,1,Rice is often served in round bowls.,normal,higher,normal,front,none,none,none,none,none,weak,none,none,none,weak,none,none,none,none,none,none,none,none,"Actor 01 said “Rice is often served in round bowls.”, with *normal* **speech rate**, *higher* **pitch**, *normal* **loudness**, while **looking at the camera**, and *weak* **raised cheeks** and *weak* **a smile**."
S_01_03_05_2_1,01,happiness,5,2,1,Rice is often served in round bowls.,fast,higher,louder,front,nodding,none,moderate,none,moderate,strong,none,none,moderate,strong,none,none,none,none,none,strong,moderate,none,"Actor 01 said “Rice is often served in round bowls.”, with *fast* **speech rate**, *higher* **pitch**, *louder* **loudness**, while **looking at the camera**, while *nodding*, and *moderate* **raised outer eyebrows**, *moderate* **raised upper eyelids**, *strong* **raised cheeks**, *moderate* **raised upper lip**, *strong* **a smile**, *strong* **parted lips**, and *moderate* **a dropped jaw**."
S_01_04_01_1_1,01,sadness,1,1,1,The birch canoe slid on the smooth planks.,slow,lower,quieter,down,tilting,weak,none,none,none,none,none,none,none,weak,none,none,none,none,none,none,none,none,"Actor 01 said “The birch canoe slid on the smooth planks.”, with *slow* **speech rate**, *lower* **pitch**, *quieter* **loudness**, **gaze** *averted* (downwards), while *tilting* their **head**, and *weak* **raised inner eyebrows** and *weak* **a smile**."
S_01_04_01_2_1,01,sadness,1,2,1,The birch canoe slid on the smooth planks.,slow,lower,quieter,down,tilting,weak,none,strong,none,none,none,weak,none,none,none,weak,none,none,none,none,none,none,"Actor 01 said “The birch canoe slid on the smooth planks.”, with *slow* **speech rate**, *lower* **pitch**, *quieter* **loudness**, **gaze** *averted* (downwards), while *tilting* their **head**, and *weak* **raised inner eyebrows**, *strong* **lowered brows**, *weak* **wrinkled nose**, and *weak* **downturned mouth corners**."
S_01_04_02_1_1,01,sadness,2,1,1,Glue the sheet to the dark blue background.,slow,lower,quieter,down,tilting,weak,none,weak,none,none,none,none,none,none,none,weak,none,none,weak,none,none,none,"Actor 01 said “Glue the sheet to the dark blue background.”, with *slow* **speech rate**, *lower* **pitch**, *quieter* **loudness**, **gaze** *averted* (downwards), while *tilting* their **head**, and *weak* **raised inner eyebrows**, *weak* **lowered brows**, *weak* **downturned mouth corners**, and *weak* **tightened lips**."
S_01_04_02_2_1,01,sadness,2,2,1,Glue the sheet to the dark blue background.,slow,lower,quieter,down,tilting,moderate,none,moderate,none,none,none,weak,none,none,none,moderate,none,none,moderate,none,weak,none,"Actor 01 said “Glue the sheet to the dark blue background.”, with *slow* **speech rate**, *lower* **pitch**, *quieter* **loudness**, **gaze** *averted* (downwards), while *tilting* their **head**, and *moderate* **raised inner eyebrows**, *moderate* **lowered brows**, *weak* **wrinkled nose**, *moderate* **downturned mouth corners**, *moderate* **tightened lips**, and *weak* **a dropped jaw**."
S_01_04_03_1_1,01,sadness,3,1,1,It's easy to tell the depth of a well.,slow,lower,quieter,down,tilting,weak,none,weak,none,none,none,weak,none,none,none,weak,none,none,none,none,none,none,"Actor 01 said “It's easy to tell the depth of a well.”, with *slow* **speech rate**, *lower* **pitch**, *quieter* **loudness**, **gaze** *averted* (downwards), while *tilting* their **head**, and *weak* **raised inner eyebrows**, *weak* **lowered brows**, *weak* **wrinkled nose**, and *weak* **downturned mouth corners**."
S_01_04_03_2_1,01,sadness,3,2,1,It's easy to tell the depth of a well.,slow,lower,quieter,down,tilting,weak,none,strong,none,none,weak,none,none,none,none,weak,none,none,weak,none,weak,none,"Actor 01 said “It's easy to tell the depth of a well.”, with *slow* **speech rate**, *lower* **pitch**, *quieter* **loudness**, **gaze** *averted* (downwards), while *tilting* their **head**, and *weak* **raised inner eyebrows**, *strong* **lowered brows**, *weak* **tightened eyelids**, *weak* **downturned mouth corners**, *weak* **tightened lips**, and *weak* **a dropped jaw**."
S_01_04_04_1_1,01,sadness,4,1,1,These days a chicken leg is a rare dish.,slow,lower,quieter,down,tilting,weak,none,none,none,none,none,none,none,none,none,none,none,none,weak,none,none,none,"Actor 01 said “These days a chicken leg is a rare dish.”, with *slow* **speech rate**, *lower* **pitch**, *quieter* **loudness**, **gaze** *averted* (downwards), while *tilting* their **head**, and *weak* **raised inner eyebrows** and *weak* **tightened lips**."
S_01_04_04_2_1,01,sadness,4,2,1,These days a chicken leg is a rare dish.,slow,lower,quieter,down,nodding,none,none,strong,none,none,weak,none,none,none,none,strong,weak,none,none,none,none,none,"Actor 01 said “These days a chicken leg is a rare dish.”, with *slow* **speech rate**, *lower* **pitch**, *quieter* **loudness**, **gaze** *averted* (downwards), while *nodding*, and *strong* **lowered brows**, *weak* **tightened eyelids**, *strong* **downturned mouth corners**, and *weak* **raised chin**."
S_01_04_05_1_1,01,sadness,5,1,1,Rice is often served in round bowls.,slow,lower,quieter,down,tilting,none,none,moderate,none,none,none,none,none,none,none,weak,none,none,none,none,none,none,"Actor 01 said “Rice is often served in round bowls.”, with *slow* **speech rate**, *lower* **pitch**, *quieter* **loudness**, **gaze** *averted* (downwards), while *tilting* their **head**, and *moderate* **lowered brows** and *weak* **downturned mouth corners**."
S_01_04_05_2_1,01,sadness,5,2,1,Rice is often served in round bowls.,slow,lower,quieter,down,none,weak,none,moderate,none,none,none,none,none,none,none,strong,none,none,moderate,none,none,none,"Actor 01 said “Rice is often served in round bowls.”, with *slow* **speech rate**, *lower* **pitch**, *quieter* **loudness**, **gaze** *averted* (downwards), and *weak* **raised inner eyebrows**, *moderate* **lowered brows**, *strong* **downturned mouth corners**, and *moderate* **tightened lips**."
S_01_05_01_1_1,01,disgust,1,1,1,The birch canoe slid on the smooth planks.,slow,lower,quieter,down,tilting,none,none,weak,none,none,none,weak,none,none,none,weak,none,weak,none,none,none,none,"Actor 01 said “The birch canoe slid on the smooth planks.”, with *slow* **speech rate**, *lower* **pitch**, *quieter* **loudness**, **gaze** *averted* (downwards), while *tilting* their **head**, and *weak* **lowered brows**, *weak* **wrinkled nose**, *weak* **downturned mouth corners**, and *weak* **stretched lips**."
S_01_05_01_2_1,01,disgust,1,2,1,The birch canoe slid on the smooth planks.,slow,lower,louder,down,shaking,moderate,none,strong,none,none,strong,strong,strong,none,strong,strong,none,strong,strong,none,none,none,"Actor 01 said “The birch canoe slid on the smooth planks.”, with *slow* **speech rate**, *lower* **pitch**, *louder* **loudness**, **gaze** *averted* (downwards), while *shaking* their **head**, and *moderate* **raised inner eyebrows**, *strong* **lowered brows**, *strong* **tightened eyelids**, *strong* **wrinkled nose**, *strong* **raised upper lip**, *strong* **a tight smile**, *strong* **downturned mouth corners**, *strong* **stretched lips**, and *strong* **tightened lips**."
S_01_05_02_1_1,01,disgust,2,1,1,Glue the sheet to the dark blue background.,normal,lower,quieter,down,tilting,none,none,weak,none,none,weak,weak,weak,none,none,weak,none,weak,none,none,none,none,"Actor 01 said “Glue the sheet to the dark blue background.”, with *normal* **speech rate**, *lower* **pitch**, *quieter* **loudness**, **gaze** *averted* (downwards), while *tilting* their **head**, and *weak* **lowered brows**, *weak* **tightened eyelids**, *weak* **wrinkled nose**, *weak* **raised upper lip**, *weak* **downturned mouth corners**, and *weak* **stretched lips**."
S_01_05_02_2_1,01,disgust,2,2,1,Glue the sheet to the dark blue background.,slow,lower,quieter,down,shaking,weak,none,strong,none,none,moderate,strong,none,none,none,moderate,none,strong,strong,none,none,none,"Actor 01 said “Glue the sheet to the dark blue background.”, with *slow* **speech rate**, *lower* **pitch**, *quieter* **loudness**, **gaze** *averted* (downwards), while *shaking* their **head**, and *weak* **raised inner eyebrows**, *strong* **lowered brows**, *moderate* **tightened eyelids**, *strong* **wrinkled nose**, *moderate* **downturned mouth corners**, *strong* **stretched lips**, and *strong* **tightened lips**."
S_01_05_03_1_1,01,disgust,3,1,1,It's easy to tell the depth of a well.,slow,lower,quieter,down,tilting,none,none,weak,none,none,none,weak,none,none,none,weak,none,none,weak,none,none,none,"Actor 01 said “It's easy to tell the depth of a well.”, with *slow* **speech rate**, *lower* **pitch**, *quieter* **loudness**, **gaze** *averted* (downwards), while *tilting* their **head**, and *weak* **lowered brows**, *weak* **wrinkled nose**, *weak* **downturned mouth corners**, and *weak* **tightened lips**."
S_01_05_03_2_1,01,disgust,3,2,1,It's easy to tell the depth of a well.,slow,lower,quieter,down,shaking,weak,none,weak,none,none,moderate,moderate,moderate,none,none,moderate,none,strong,moderate,none,none,none,"Actor 01 said “It's easy to tell the depth of a well.”, with *slow* **speech rate**, *lower* **pitch**, *quieter* **loudness**, **gaze** *averted* (downwards), while *shaking* their **head**, and *weak* **raised inner eyebrows**, *weak* **lowered brows**, *moderate* **tightened eyelids**, *moderate* **wrinkled nose**, *moderate* **raised upper lip**, *moderate* **downturned mouth corners**, *strong* **stretched lips**, and *moderate* **tightened lips**."
S_01_05_04_1_1,01,disgust,4,1,1,These days a chicken leg is a rare dish.,normal,lower,quieter,down,tilting,none,none,weak,none,none,none,weak,none,none,none,none,none,weak,none,none,none,none,"Actor 01 said “These days a chicken leg is a rare dish.”, with *normal* **speech rate**, *lower* **pitch**, *quieter* **loudness**, **gaze** *averted* (downwards), while *tilting* their **head**, and *weak* **lowered brows**, *weak* **wrinkled nose**, and *weak* **stretched lips**."
S_01_05_04_2_1,01,disgust,4,2,1,These days a chicken leg is a rare dish.,slow,lower,quieter,down,shaking,none,none,strong,none,none,strong,strong,strong,none,strong,strong,none,strong,strong,none,none,none,"Actor 01 said “These days a chicken leg is a rare dish.”, with *slow* **speech rate**, *lower* **pitch**, *quieter* **loudness**, **gaze** *averted* (downwards), while *shaking* their **head**, and *strong* **lowered brows**, *strong* **tightened eyelids**, *strong* **wrinkled nose**, *strong* **raised upper lip**, *strong* **a tight smile**, *strong* **downturned mouth corners**, *strong* **stretched lips**, and *strong* **tightened lips**."
S_01_05_05_1_1,01,disgust,5,1,1,Rice is often served in round bowls.,slow,lower,quieter,down,tilting,none,none,weak,none,none,none,weak,weak,none,none,weak,none,weak,none,none,none,none,"Actor 01 said “Rice is often served in round bowls.”, with *slow* **speech rate**, *lower* **pitch**, *quieter* **loudness**, **gaze** *averted* (downwards), while *tilting* their **head**, and *weak* **lowered brows**, *weak* **wrinkled nose**, *weak* **raised upper lip**, *weak* **downturned mouth corners**, and *weak* **stretched lips**."
S_01_05_05_2_1,01,disgust,5,2,1,Rice is often served in round bowls.,slow,lower,quieter,down,shaking,moderate,none,strong,none,none,moderate,strong,strong,none,none,strong,none,strong,none,none,none,none,"Actor 01 said “Rice is often served in round bowls.”, with *slow* **speech rate**, *lower* **pitch**, *quieter* **loudness**, **gaze** *averted* (downwards), while *shaking* their **head**, and *moderate* **raised inner eyebrows**, *strong* **lowered brows**, *moderate* **tightened eyelids**, *strong* **wrinkled nose**, *strong* **raised upper lip**, *strong* **downturned mouth corners**, and *strong* **stretched lips**."
S_01_06_01_1_1,01,surprise,1,1,1,The birch canoe slid on the smooth planks.,normal,higher,normal,front,none,none,weak,none,weak,none,none,none,none,none,none,none,none,none,none,none,none,none,"Actor 01 said “The birch canoe slid on the smooth planks.”, with *normal* **speech rate**, *higher* **pitch**, *normal* **loudness**, while **looking at the camera**, and *weak* **raised outer eyebrows** and *weak* **raised upper eyelids**."
S_01_06_01_2_1,01,surprise,1,2,1,The birch canoe slid on the smooth planks.,normal,higher,louder,up,tilting,none,moderate,none,strong,strong,none,none,none,none,none,none,strong,strong,none,strong,moderate,none,"Actor 01 said “The birch canoe slid on the smooth planks.”, with *normal* **speech rate**, *higher* **pitch**, *louder* **loudness**, **gaze** *averted* (upwards), while *tilting* their **head**, and *moderate* **raised outer eyebrows**, *strong* **raised upper eyelids**, *strong* **raised cheeks**, *strong* **raised chin**, *strong* **stretched lips**, *strong* **parted lips**, and *moderate* **a dropped jaw**."
S_01_06_02_1_1,01,surprise,2,1,1,Glue the sheet to the dark blue background.,normal,higher,normal,front,tilting,none,weak,none,weak,none,none,none,none,none,none,none,none,none,weak,none,none,none,"Actor 01 said “Glue the sheet to the dark blue background.”, with *normal* **speech rate**, *higher* **pitch**, *normal* **loudness**, while **looking at the camera**, while *tilting* their **head**, and *weak* **raised outer eyebrows**, *weak* **raised upper eyelids**, and *weak* **tightened lips**."
S_01_06_02_2_1,01,surprise,2,2,1,Glue the sheet to the dark blue background.,fast,higher,louder,front,tilting,none,strong,none,none,none,none,none,none,weak,none,none,none,strong,none,moderate,moderate,none,"Actor 01 said “Glue the sheet to the dark blue background.”, with *fast* **speech rate**, *higher* **pitch**, *louder* **loudness**, while **looking at the camera**, while *tilting* their **head**, and *strong* **raised outer eyebrows**, *weak* **a smile**, *strong* **stretched lips**, *moderate* **parted lips**, and *moderate* **a dropped jaw**."
S_01_06_03_1_1,01,surprise,3,1,1,It's easy to tell the depth of a well.,normal,higher,quieter,front,tilting,none,weak,none,none,none,none,none,none,weak,none,none,none,none,weak,none,none,none,"Actor 01 said “It's easy to tell the depth of a well.”, with *normal* **speech rate**, *higher* **pitch**, *quieter* **loudness**, while **looking at the camera**, while *tilting* their **head**, and *weak* **raised outer eyebrows**, *weak* **a smile**, and *weak* **tightened lips**."
S_01_06_03_2_1,01,surprise,3,2,1,It's easy to tell the depth of a well.,fast,higher,louder,up,tilting,weak,moderate,none,moderate,none,none,none,none,none,none,none,moderate,moderate,weak,moderate,weak,none,"Actor 01 said “It's easy to tell the depth of a well.”, with *fast* **speech rate**, *higher* **pitch**, *louder* **loudness**, **gaze** *averted* (upwards), while *tilting* their **head**, and *weak* **raised inner eyebrows**, *moderate* **raised outer eyebrows**, *moderate* **raised upper eyelids**, *moderate* **raised chin**, *moderate* **stretched lips**, *weak* **tightened lips**, *moderate* **parted lips**, and *weak* **a dropped jaw**."
S_01_06_04_1_1,01,surprise,4,1,1,These days a chicken leg is a rare dish.,normal,higher,normal,front,none,none,weak,none,none,none,none,none,none,none,none,none,none,weak,none,none,none,none,"Actor 01 said “These days a chicken leg is a rare dish.”, with *normal* **speech rate**, *higher* **pitch**, *normal* **loudness**, while **looking at the camera**, and *weak* **raised outer eyebrows** and *weak* **stretched lips**."
S_01_06_04_2_1,01,surprise,4,2,1,These days a chicken leg is a rare dish.,fast,higher,louder,up,tilting,none,moderate,none,moderate,moderate,none,none,none,strong,none,none,none,moderate,none,moderate,moderate,none,"Actor 01 said “These days a chicken leg is a rare dish.”, with *fast* **speech rate**, *higher* **pitch**, *louder* **loudness**, **gaze** *averted* (upwards), while *tilting* their **head**, and *moderate* **raised outer eyebrows**, *moderate* **raised upper eyelids**, *moderate* **raised cheeks**, *strong* **a smile**, *moderate* **stretched lips**, *moderate* **parted lips**, and *moderate* **a dropped jaw**."
S_01_06_05_1_1,01,surprise,5,1,1,Rice is often served in round bowls.,normal,higher,normal,front,tilting,weak,weak,none,none,weak,none,none,none,weak,none,none,none,weak,none,weak,none,weak,"Actor 01 said “Rice is often served in round bowls.”, with *normal* **speech rate**, *higher* **pitch**, *normal* **loudness**, while **looking at the camera**, while *tilting* their **head**, and *weak* **raised inner eyebrows**, *weak* **raised outer eyebrows**, *weak* **raised cheeks**, *weak* **a smile**, *weak* **stretched lips**, *weak* **parted lips**, and *weak* **blinking**."
S_01_06_05_2_1,01,surprise,5,2,1,Rice is often served in round bowls.,fast,higher,louder,front,shaking,none,moderate,none,moderate,none,moderate,none,none,none,moderate,none,none,moderate,moderate,moderate,strong,none,"Actor 01 said “Rice is often served in round bowls.”, with *fast* **speech rate**, *higher* **pitch**, *louder* **loudness**, while **looking at the camera**, while *shaking* their **head**, and *moderate* **raised outer eyebrows**, *moderate* **raised upper eyelids**, *moderate* **tightened eyelids**, *moderate* **a tight smile**, *moderate* **stretched lips**, *moderate* **tightened lips**, *moderate* **parted lips**, and *strong* **a dropped jaw**."
S_01_07_01_1_1,01,confidence,1,1,1,The birch canoe slid on the smooth planks.,normal,normal,normal,front,none,none,none,none,none,none,none,none,none,weak,none,none,none,none,none,none,none,none,"Actor 01 said “The birch canoe slid on the smooth planks.”, with *normal* **speech rate**, *normal* **pitch**, *normal* **loudness**, while **looking at the camera**, and *weak* **a smile**."
S_01_07_01_2_1,01,confidence,1,2,1,The birch canoe slid on the smooth planks.,normal,higher,louder,front,none,none,moderate,none,none,moderate,none,none,none,strong,none,none,moderate,none,none,moderate,none,none,"Actor 01 said “The birch canoe slid on the smooth planks.”, with *normal* **speech rate**, *higher* **pitch**, *louder* **loudness**, while **looking at the camera**, and *moderate* **raised outer eyebrows**, *moderate* **raised cheeks**, *strong* **a smile**, *moderate* **raised chin**, and *moderate* **parted lips**."
S_01_07_02_1_1,01,confidence,2,1,1,Glue the sheet to the dark blue background.,normal,higher,normal,front,none,none,weak,none,weak,weak,none,none,none,weak,none,none,none,none,none,none,none,none,"Actor 01 said “Glue the sheet to the dark blue background.”, with *normal* **speech rate**, *higher* **pitch**, *normal* **loudness**, while **looking at the camera**, and *weak* **raised outer eyebrows**, *weak* **raised upper eyelids**, *weak* **raised cheeks**, and *weak* **a smile**."
S_01_07_02_2_1,01,confidence,2,2,1,Glue the sheet to the dark blue background.,normal,higher,louder,front,none,none,strong,none,none,strong,none,none,none,strong,none,none,moderate,none,none,none,none,none,"Actor 01 said “Glue the sheet to the dark blue background.”, with *normal* **speech rate**, *higher* **pitch**, *louder* **loudness**, while **looking at the camera**, and *strong* **raised outer eyebrows**, *strong* **raised cheeks**, *strong* **a smile**, and *moderate* **raised chin**."
S_01_07_03_1_1,01,confidence,3,1,1,It's easy to tell the depth of a well.,normal,normal,normal,front,none,none,weak,none,none,none,none,none,none,weak,none,none,none,none,none,none,none,none,"Actor 01 said “It's easy to tell the depth of a well.”, with *normal* **speech rate**, *normal* **pitch**, *normal* **loudness**, while **looking at the camera**, and *weak* **raised outer eyebrows** and *weak* **a smile**."
S_01_07_03_2_1,01,confidence,3,2,1,It's easy to tell the depth of a well.,fast,higher,louder,front,none,none,strong,none,none,strong,none,none,none,strong,moderate,none,strong,none,none,moderate,none,none,"Actor 01 said “It's easy to tell the depth of a well.”, with *fast* **speech rate**, *higher* **pitch**, *louder* **loudness**, while **looking at the camera**, and *strong* **raised outer eyebrows**, *strong* **raised cheeks**, *strong* **a smile**, *moderate* **a tight smile**, *strong* **raised chin**, and *moderate* **parted lips**."
S_01_07_04_1_1,01,confidence,4,1,1,These days a chicken leg is a rare dish.,normal,normal,normal,front,none,none,weak,none,none,weak,none,none,none,weak,none,none,none,none,none,none,none,none,"Actor 01 said “These days a chicken leg is a rare dish.”, with *normal* **speech rate**, *normal* **pitch**, *normal* **loudness**, while **looking at the camera**, and *weak* **raised outer eyebrows**, *weak* **raised cheeks**, and *weak* **a smile**."
S_01_07_04_2_1,01,confidence,4,2,1,These days a chicken leg is a rare dish.,normal,higher,louder,front,none,none,strong,none,none,strong,none,none,none,strong,none,none,none,none,none,none,none,none,"Actor 01 said “These days a chicken leg is a rare dish.”, with *normal* **speech rate**, *higher* **pitch**, *louder* **loudness**, while **looking at the camera**, and *strong* **raised outer eyebrows**, *strong* **raised cheeks**, and *strong* **a smile**."
S_01_07_05_1_1,01,confidence,5,1,1,Rice is often served in round bowls.,normal,higher,normal,front,none,none,none,none,none,weak,none,none,none,moderate,none,none,none,none,none,none,none,none,"Actor 01 said “Rice is often served in round bowls.”, with *normal* **speech rate**, *higher* **pitch**, *normal* **loudness**, while **looking at the camera**, and *weak* **raised cheeks** and *moderate* **a smile**."
S_01_07_05_2_1,01,confidence,5,2,1,Rice is often served in round bowls.,normal,higher,louder,front,none,none,strong,none,strong,strong,none,none,none,strong,none,none,moderate,none,none,none,none,none,"Actor 01 said “Rice is often served in round bowls.”, with *normal* **speech rate**, *higher* **pitch**, *louder* **loudness**, while **looking at the camera**, and *strong* **raised outer eyebrows**, *strong* **raised upper eyelids**, *strong* **raised cheeks**, *strong* **a smile**, and *moderate* **raised chin**."
S_01_08_01_1_1,01,confusion,1,1,1,The birch canoe slid on the smooth planks.,slow,lower,quieter,down,tilting,weak,none,none,none,none,none,none,none,none,none,none,none,weak,none,none,none,none,"Actor 01 said “The birch canoe slid on the smooth planks.”, with *slow* **speech rate**, *lower* **pitch**, *quieter* **loudness**, **gaze** *averted* (downwards), while *tilting* their **head**, and *weak* **raised inner eyebrows** and *weak* **stretched lips**."
S_01_08_01_2_1,01,confusion,1,2,1,The birch canoe slid on the smooth planks.,slow,lower,quieter,down,tilting,moderate,none,moderate,none,none,moderate,weak,none,none,moderate,moderate,none,moderate,moderate,none,none,none,"Actor 01 said “The birch canoe slid on the smooth planks.”, with *slow* **speech rate**, *lower* **pitch**, *quieter* **loudness**, **gaze** *averted* (downwards), while *tilting* their **head**, and *moderate* **raised inner eyebrows**, *moderate* **lowered brows**, *moderate* **tightened eyelids**, *weak* **wrinkled nose**, *moderate* **a tight smile**, *moderate* **downturned mouth corners**, *moderate* **stretched lips**, and *moderate* **tightened lips**."
S_01_08_02_1_1,01,confusion,2,1,1,Glue the sheet to the dark blue background.,slow,lower,quieter,down,tilting,weak,none,none,none,none,none,weak,none,none,none,weak,none,none,none,none,none,none,"Actor 01 said “Glue the sheet to the dark blue background.”, with *slow* **speech rate**, *lower* **pitch**, *quieter* **loudness**, **gaze** *averted* (downwards), while *tilting* their **head**, and *weak* **raised inner eyebrows**, *weak* **wrinkled nose**, and *weak* **downturned mouth corners**."
S_01_08_02_2_1,01,confusion,2,2,1,Glue the sheet to the dark blue background.,slow,lower,quieter,down,tilting,moderate,none,moderate,none,none,weak,none,none,none,none,none,none,moderate,moderate,none,none,none,"Actor 01 said “Glue the sheet to the dark blue background.”, with *slow* **speech rate**, *lower* **pitch**, *quieter* **loudness**, **gaze** *averted* (downwards), while *tilting* their **head**, and *moderate* **raised inner eyebrows**, *moderate* **lowered brows**, *weak* **tightened eyelids**, *moderate* **stretched lips**, and *moderate* **tightened lips**."
S_01_08_03_1_1,01,confusion,3,1,1,It's easy to tell the depth of a well.,slow,normal,quieter,down,tilting,weak,none,weak,none,none,none,none,none,none,none,weak,none,weak,none,none,none,none,"Actor 01 said “It's easy to tell the depth of a well.”, with *slow* **speech rate**, *normal* **pitch**, *quieter* **loudness**, **gaze** *averted* (downwards), while *tilting* their **head**, and *weak* **raised inner eyebrows**, *weak* **lowered brows**, *weak* **downturned mouth corners**, and *weak* **stretched lips**."
S_01_08_03_2_1,01,confusion,3,2,1,It's easy to tell the depth of a well.,slow,lower,quieter,down,tilting,none,none,moderate,none,none,moderate,moderate,none,none,none,moderate,none,moderate,moderate,none,none,none,"Actor 01 said “It's easy to tell the depth of a well.”, with *slow* **speech rate**, *lower* **pitch**, *quieter* **loudness**, **gaze** *averted* (downwards), while *tilting* their **head**, and *moderate* **lowered brows**, *moderate* **tightened eyelids**, *moderate* **wrinkled nose**, *moderate* **downturned mouth corners**, *moderate* **stretched lips**, and *moderate* **tightened lips**."
S_01_08_04_1_1,01,confusion,4,1,1,These days a chicken leg is a rare dish.,normal,lower,quieter,up,tilting,weak,none,none,none,none,none,none,none,none,none,weak,none,weak,none,none,none,none,"Actor 01 said “These days a chicken leg is a rare dish.”, with *normal* **speech rate**, *lower* **pitch**, *quieter* **loudness**, **gaze** *averted* (upwards), while *tilting* their **head**, and *weak* **raised inner eyebrows**, *weak* **downturned mouth corners**, and *weak* **stretched lips**."
S_01_08_04_2_1,01,confusion,4,2,1,These days a chicken leg is a rare dish.,slow,lower,quieter,up,tilting,weak,none,none,none,none,none,moderate,none,none,none,moderate,moderate,moderate,none,none,none,none,"Actor 01 said “These days a chicken leg is a rare dish.”, with *slow* **speech rate**, *lower* **pitch**, *quieter* **loudness**, **gaze** *averted* (upwards), while *tilting* their **head**, and *weak* **raised inner eyebrows**, *moderate* **wrinkled nose**, *moderate* **downturned mouth corners**, *moderate* **raised chin**, and *moderate* **stretched lips**."
S_01_08_05_1_1,01,confusion,5,1,1,Rice is often served in round bowls.,slow,lower,quieter,down,tilting,none,weak,none,none,none,none,none,none,none,none,none,none,weak,none,none,none,none,"Actor 01 said “Rice is often served in round bowls.”, with *slow* **speech rate**, *lower* **pitch**, *quieter* **loudness**, **gaze** *averted* (downwards), while *tilting* their **head**, and *weak* **raised outer eyebrows** and *weak* **stretched lips**."
S_01_08_05_2_1,01,confusion,5,2,1,Rice is often served in round bowls.,slow,lower,quieter,up,tilting,none,none,moderate,none,none,moderate,weak,none,none,none,moderate,none,moderate,none,none,none,none,"Actor 01 said “Rice is often served in round bowls.”, with *slow* **speech rate**, *lower* **pitch**, *quieter* **loudness**, **gaze** *averted* (upwards), while *tilting* their **head**, and *moderate* **lowered brows**, *moderate* **tightened eyelids**, *weak* **wrinkled nose**, *moderate* **downturned mouth corners**, and *moderate* **stretched lips**."
S_01_09_01_1_1,01,contempt,1,1,1,The birch canoe slid on the smooth planks.,normal,lower,quieter,down,tilting,none,none,weak,none,none,none,weak,none,none,none,weak,none,none,none,none,none,none,"Actor 01 said “The birch canoe slid on the smooth planks.”, with *normal* **speech rate**, *lower* **pitch**, *quieter* **loudness**, **gaze** *averted* (downwards), while *tilting* their **head**, and *weak* **lowered brows**, *weak* **wrinkled nose**, and *weak* **downturned mouth corners**."
S_01_09_01_2_1,01,contempt,1,2,1,The birch canoe slid on the smooth planks.,slow,lower,louder,down,shaking,none,none,strong,none,none,none,strong,strong,none,weak,strong,strong,weak,strong,none,none,none,"Actor 01 said “The birch canoe slid on the smooth planks.”, with *slow* **speech rate**, *lower* **pitch**, *louder* **loudness**, **gaze** *averted* (downwards), while *shaking* their **head**, and *strong* **lowered brows**, *strong* **wrinkled nose**, *strong* **raised upper lip**, *weak* **a tight smile**, *strong* **downturned mouth corners**, *strong* **raised chin**, *weak* **stretched lips**, and *strong* **tightened lips**."
S_01_09_02_1_1,01,contempt,2,1,1,Glue the sheet to the dark blue background.,normal,lower,normal,front,none,none,none,weak,none,none,none,weak,none,none,none,weak,none,none,weak,none,none,none,"Actor 01 said “Glue the sheet to the dark blue background.”, with *normal* **speech rate**, *lower* **pitch**, *normal* **loudness**, while **looking at the camera**, and *weak* **lowered brows**, *weak* **wrinkled nose**, *weak* **downturned mouth corners**, and *weak* **tightened lips**."
S_01_09_02_2_1,01,contempt,2,2,1,Glue the sheet to the dark blue background.,slow,lower,louder,down,shaking,none,none,strong,none,none,strong,weak,none,none,none,strong,none,strong,strong,none,none,none,"Actor 01 said “Glue the sheet to the dark blue background.”, with *slow* **speech rate**, *lower* **pitch**, *louder* **loudness**, **gaze** *averted* (downwards), while *shaking* their **head**, and *strong* **lowered brows**, *strong* **tightened eyelids**, *weak* **wrinkled nose**, *strong* **downturned mouth corners**, *strong* **stretched lips**, and *strong* **tightened lips**."
S_01_09_03_1_1,01,contempt,3,1,1,It's easy to tell the depth of a well.,normal,lower,quieter,front,tilting,none,none,weak,none,none,none,none,none,weak,none,none,none,none,weak,none,none,none,"Actor 01 said “It's easy to tell the depth of a well.”, with *normal* **speech rate**, *lower* **pitch**, *quieter* **loudness**, while **looking at the camera**, while *tilting* their **head**, and *weak* **lowered brows**, *weak* **a smile**, and *weak* **tightened lips**."
S_01_09_03_2_1,01,contempt,3,2,1,It's easy to tell the depth of a well.,normal,lower,louder,down,tilting,none,none,strong,none,none,none,strong,strong,none,strong,strong,none,none,strong,none,none,none,"Actor 01 said “It's easy to tell the depth of a well.”, with *normal* **speech rate**, *lower* **pitch**, *louder* **loudness**, **gaze** *averted* (downwards), while *tilting* their **head**, and *strong* **lowered brows**, *strong* **wrinkled nose**, *strong* **raised upper lip**, *strong* **a tight smile**, *strong* **downturned mouth corners**, and *strong* **tightened lips**."
S_01_09_04_1_1,01,contempt,4,1,1,These days a chicken leg is a rare dish.,normal,lower,quieter,down,tilting,none,none,weak,none,none,none,none,none,none,none,none,none,weak,none,none,none,none,"Actor 01 said “These days a chicken leg is a rare dish.”, with *normal* **speech rate**, *lower* **pitch**, *quieter* **loudness**, **gaze** *averted* (downwards), while *tilting* their **head**, and *weak* **lowered brows** and *weak* **stretched lips**."
S_01_09_04_2_1,01,contempt,4,2,1,These days a chicken leg is a rare dish.,slow,lower,louder,down,tilting,none,none,strong,none,none,weak,strong,strong,none,weak,strong,none,strong,weak,none,none,none,"Actor 01 said “These days a chicken leg is a rare dish.”, with *slow* **speech rate**, *lower* **pitch**, *louder* **loudness**, **gaze** *averted* (downwards), while *tilting* their **head**, and *strong* **lowered brows**, *weak* **tightened eyelids**, *strong* **wrinkled nose**, *strong* **raised upper lip**, *weak* **a tight smile**, *strong* **downturned mouth corners**, *strong* **stretched lips**, and *weak* **tightened lips**."
S_01_09_05_1_1,01,contempt,5,1,1,Rice is often served in round bowls.,normal,lower,quieter,down,tilting,none,none,weak,none,none,none,weak,none,none,weak,none,none,none,none,none,none,none,"Actor 01 said “Rice is often served in round bowls.”, with *normal* **speech rate**, *lower* **pitch**, *quieter* **loudness**, **gaze** *averted* (downwards), while *tilting* their **head**, and *weak* **lowered brows**, *weak* **wrinkled nose**, and *weak* **a tight smile**."
S_01_09_05_2_1,01,contempt,5,2,1,Rice is often served in round bowls.,normal,lower,louder,front,tilting,none,none,strong,none,none,none,moderate,none,strong,none,strong,none,none,strong,none,none,none,"Actor 01 said “Rice is often served in round bowls.”, with *normal* **speech rate**, *lower* **pitch**, *louder* **loudness**, while **looking at the camera**, while *tilting* their **head**, and *strong* **lowered brows**, *moderate* **wrinkled nose**, *strong* **a smile**, *strong* **downturned mouth corners**, and *strong* **tightened lips**."
S_01_10_01_1_1,01,empathy,1,1,1,The birch canoe slid on the smooth planks.,normal,normal,quieter,down,tilting,weak,none,none,none,weak,none,none,none,none,none,none,none,none,none,none,none,none,"Actor 01 said “The birch canoe slid on the smooth planks.”, with *normal* **speech rate**, *normal* **pitch**, *quieter* **loudness**, **gaze** *averted* (downwards), while *tilting* their **head**, and *weak* **raised inner eyebrows** and *weak* **raised cheeks**."
S_01_10_01_2_1,01,empathy,1,2,1,The birch canoe slid on the smooth planks.,slow,lower,quieter,down,tilting,weak,none,none,weak,weak,none,none,weak,weak,none,none,weak,none,none,none,none,weak,"Actor 01 said “The birch canoe slid on the smooth planks.”, with *slow* **speech rate**, *lower* **pitch**, *quieter* **loudness**, **gaze** *averted* (downwards), while *tilting* their **head**, and *weak* **raised inner eyebrows**, *weak* **raised upper eyelids**, *weak* **raised cheeks**, *weak* **raised upper lip**, *weak* **a smile**, *weak* **raised chin**, and *weak* **blinking**."
S_01_10_02_1_1,01,empathy,2,1,1,Glue the sheet to the dark blue background.,normal,lower,quieter,front,tilting,weak,none,none,none,weak,none,none,none,weak,none,none,none,none,none,none,none,none,"Actor 01 said “Glue the sheet to the dark blue background.”, with *normal* **speech rate**, *lower* **pitch**, *quieter* **loudness**, while **looking at the camera**, while *tilting* their **head**, and *weak* **raised inner eyebrows**, *weak* **raised cheeks**, and *weak* **a smile**."
S_01_10_02_2_1,01,empathy,2,2,1,Glue the sheet to the dark blue background.,slow,lower,quieter,front,tilting,strong,none,none,none,strong,none,none,none,strong,none,none,none,none,none,none,none,none,"Actor 01 said “Glue the sheet to the dark blue background.”, with *slow* **speech rate**, *lower* **pitch**, *quieter* **loudness**, while **looking at the camera**, while *tilting* their **head**, and *strong* **raised inner eyebrows**, *strong* **raised cheeks**, and *strong* **a smile**."
S_01_10_03_1_1,01,empathy,3,1,1,It's easy to tell the depth of a well.,slow,lower,quieter,front,tilting,weak,none,none,none,weak,none,none,none,weak,none,none,none,none,none,none,none,none,"Actor 01 said “It's easy to tell the depth of a well.”, with *slow* **speech rate**, *lower* **pitch**, *quieter* **loudness**, while **looking at the camera**, while *tilting* their **head**, and *weak* **raised inner eyebrows**, *weak* **raised cheeks**, and *weak* **a smile**."
S_01_10_03_2_1,01,empathy,3,2,1,It's easy to tell the depth of a well.,slow,lower,quieter,front,tilting,moderate,none,none,none,moderate,none,none,none,moderate,none,none,none,none,none,none,none,none,"Actor 01 said “It's easy to tell the depth of a well.”, with *slow* **speech rate**, *lower* **pitch**, *quieter* **loudness**, while **looking at the camera**, while *tilting* their **head**, and *moderate* **raised inner eyebrows**, *moderate* **raised cheeks**, and *moderate* **a smile**."
S_01_10_04_1_1,01,empathy,4,1,1,These days a chicken leg is a rare dish.,normal,normal,quieter,front,tilting,none,none,none,none,weak,none,none,none,weak,none,none,weak,none,none,none,none,none,"Actor 01 said “These days a chicken leg is a rare dish.”, with *normal* **speech rate**, *normal* **pitch**, *quieter* **loudness**, while **looking at the camera**, while *tilting* their **head**, and *weak* **raised cheeks**, *weak* **a smile**, and *weak* **raised chin**."
S_01_10_04_2_1,01,empathy,4,2,1,These days a chicken leg is a rare dish.,slow,lower,quieter,down,tilting,weak,none,none,none,none,none,none,none,weak,none,none,weak,none,none,none,none,none,"Actor 01 said “These days a chicken leg is a rare dish.”, with *slow* **speech rate**, *lower* **pitch**, *quieter* **loudness**, **gaze** *averted* (downwards), while *tilting* their **head**, and *weak* **raised inner eyebrows**, *weak* **a smile**, and *weak* **raised chin**."
S_01_10_05_1_1,01,empathy,5,1,1,Rice is often served in round bowls.,slow,lower,quieter,front,tilting,weak,none,none,none,weak,none,none,none,weak,none,none,none,none,none,none,none,none,"Actor 01 said “Rice is often served in round bowls.”, with *slow* **speech rate**, *lower* **pitch**, *quieter* **loudness**, while **looking at the camera**, while *tilting* their **head**, and *weak* **raised inner eyebrows**, *weak* **raised cheeks**, and *weak* **a smile**."
S_01_10_05_2_1,01,empathy,5,2,1,Rice is often served in round bowls.,slow,lower,quieter,down,tilting,moderate,weak,none,none,weak,none,none,none,moderate,none,none,none,none,none,none,none,none,"Actor 01 said “Rice is often served in round bowls.”, with *slow* **speech rate**, *lower* **pitch**, *quieter* **loudness**, **gaze** *averted* (downwards), while *tilting* their **head**, and *moderate* **raised inner eyebrows**, *weak* **raised outer eyebrows**, *weak* **raised cheeks**, and *moderate* **a smile**."
S_02_00_01_0_1,02,neutral,1,0,1,The birch canoe slid on the smooth planks.,normal,normal,normal,front,none,none,none,none,none,none,none,none,none,none,none,none,none,none,none,none,none,none,"Actor 02 said “The birch canoe slid on the smooth planks.”, with *normal* **speech rate**, *normal* **pitch**, *normal* **loudness**, and while **looking at the camera**."
S_02_00_02_0_1,02,neutral,2,0,1,Glue the sheet to the dark blue background.,normal,normal,normal,front,none,none,none,none,none,none,none,none,none,none,none,none,none,none,none,none,none,none,"Actor 02 said “Glue the sheet to the dark blue background.”, with *normal* **speech rate**, *normal* **pitch**, *normal* **loudness**, and while **looking at the camera**."
S_02_00_03_0_1,02,neutral,3,0,1,It's easy to tell the depth of a well.,normal,normal,normal,front,none,none,none,none,none,none,none,none,none,none,none,none,none,none,none,none,none,none,"Actor 02 said “It's easy to tell the depth of a well.”, with *normal* **speech rate**, *normal* **pitch**, *normal* **loudness**, and while **looking at the camera**."
S_02_00_04_0_1,02,neutral,4,0,1,These days a chicken leg is a rare dish.,normal,normal,normal,front,none,none,none,none,none,none,none,none,none,none,none,none,none,none,none,none,none,none,"Actor 02 said “These days a chicken leg is a rare dish.”, with *normal* **speech rate**, *normal* **pitch**, *normal* **loudness**, and while **looking at the camera**."
S_02_00_05_0_1,02,neutral,5,0,1,Rice is often served in round bowls.,normal,normal,normal,front,none,none,none,none,none,none,none,none,none,none,none,none,none,none,none,none,none,none,"Actor 02 said “Rice is often served in round bowls.”, with *normal* **speech rate**, *normal* **pitch**, *normal* **loudness**, and while **looking at the camera**."
S_02_01_01_1_1,02,fear,1,1,1,The birch canoe slid on the smooth planks.,slow,lower,quieter,down,tilting,weak,none,weak,none,none,weak,weak,none,none,none,weak,none,weak,none,none,none,none,"Actor 02 said “The birch canoe slid on the smooth planks.”, with *slow* **speech rate**, *lower* **pitch**, *quieter* **loudness**, **gaze** *averted* (downwards), while *tilting* their **head**, and *weak* **raised inner eyebrows**, *weak* **lowered brows**, *weak* **tightened eyelids**, *weak* **wrinkled nose**, *weak* **downturned mouth corners**, and *weak* **stretched lips**."
S_02_01_01_2_1,02,fear,1,2,1,The birch canoe slid on the smooth planks.,slow,higher,louder,up,shaking,none,none,strong,none,none,strong,none,none,none,none,strong,none,strong,strong,none,none,none,"Actor 02 said “The birch canoe slid on the smooth planks.”, with *slow* **speech rate**, *higher* **pitch**, *louder* **loudness**, **gaze** *averted* (upwards), while *shaking* their **head**, and *strong* **lowered brows**, *strong* **tightened eyelids**, *strong* **downturned mouth corners**, *strong* **stretched lips**, and *strong* **tightened lips**."
S_02_01_02_1_1,02,fear,2,1,1,Glue the sheet to the dark blue background.,normal,lower,quieter,down,none,none,none,weak,none,none,none,none,none,none,none,none,none,weak,none,none,none,none,"Actor 02 said “Glue the sheet to the dark blue background.”, with *normal* **speech rate**, *lower* **pitch**, *quieter* **loudness**, **gaze** *averted* (downwards), and *weak* **lowered brows** and *weak* **stretched lips**."
S_02_01_02_2_1,02,fear,2,2,1,Glue the sheet to the dark blue background.,slow,higher,louder,front,shaking,strong,none,strong,moderate,none,strong,weak,weak,none,none,moderate,none,strong,strong,none,moderate,none,"Actor 02 said “Glue the sheet to the dark blue background.”, with *slow* **speech rate**, *higher* **pitch**, *louder* **loudness**, while **looking at the camera**, while *shaking* their **head**, and *strong* **raised inner eyebrows**, *strong* **lowered brows**, *moderate* **raised upper eyelids**, *strong* **tightened eyelids**, *weak* **wrinkled nose**, *weak* **raised upper lip**, *moderate* **downturned mouth corners**, *strong* **stretched lips**, *strong* **tightened lips**, and *moderate* **a dropped jaw**."
S_02_01_03_1_1,02,fear,3,1,1,It's easy to tell the depth of a well.,slow,lower,quieter,down,tilting,none,none,weak,none,none,none,none,none,none,none,weak,none,none,none,none,none,none,"Actor 02 said “It's easy to tell the depth of a well.”, with *slow* **speech rate**, *lower* **pitch**, *quieter* **loudness**, **gaze** *averted* (downwards), while *tilting* their **head**, and *weak* **lowered brows** and *weak* **downturned mouth corners**."
S_02_01_03_2_1,02,fear,3,2,1,It's easy to tell the depth of a well.,slow,lower,quieter,down,shaking,strong,none,strong,weak,none,none,moderate,none,none,none,strong,none,moderate,strong,none,none,none,"Actor 02 said “It's easy to tell the depth of a well.”, with *slow* **speech rate**, *lower* **pitch**, *quieter* **loudness**, **gaze** *averted* (downwards), while *shaking* their **head**, and *strong* **raised inner eyebrows**, *strong* **lowered brows**, *weak* **raised upper eyelids**, *moderate* **wrinkled nose**, *strong* **downturned mouth corners**, *moderate* **stretched lips**, and *strong* **tightened lips**."
S_02_01_04_1_1,02,fear,4,1,1,These days a chicken leg is a rare dish.,normal,lower,quieter,down,tilting,none,none,weak,none,none,none,none,none,none,none,none,none,none,none,none,none,none,"Actor 02 said “These days a chicken leg is a rare dish.”, with *normal* **speech rate**, *lower* **pitch**, *quieter* **loudness**, **gaze** *averted* (downwards), while *tilting* their **head**, and *weak* **lowered brows**."
S_02_01_04_2_1,02,fear,4,2,1,These days a chicken leg is a rare dish.,fast,higher,louder,down,shaking,none,none,strong,moderate,none,strong,none,none,none,none,strong,none,strong,strong,none,none,none,"Actor 02 said “These days a chicken leg is a rare dish.”, with *fast* **speech rate**, *higher* **pitch**, *louder* **loudness**, **gaze** *averted* (downwards), while *shaking* their **head**, and *strong* **lowered brows**, *moderate* **raised upper eyelids**, *strong* **tightened eyelids**, *strong* **downturned mouth corners**, *strong* **stretched lips**, and *strong* **tightened lips**."
S_02_01_05_1_1,02,fear,5,1,1,Rice is often served in round bowls.,normal,lower,quieter,down,shaking,none,none,weak,none,none,none,none,none,none,none,none,none,none,weak,none,none,none,"Actor 02 said “Rice is often served in round bowls.”, with *normal* **speech rate**, *lower* **pitch**, *quieter* **loudness**, **gaze** *averted* (downwards), while *shaking* their **head**, and *weak* **lowered brows** and *weak* **tightened lips**."
S_02_01_05_2_1,02,fear,5,2,1,Rice is often served in round bowls.,normal,higher,louder,up,shaking,none,none,strong,none,none,moderate,none,none,none,none,moderate,none,strong,strong,none,none,none,"Actor 02 said “Rice is often served in round bowls.”, with *normal* **speech rate**, *higher* **pitch**, *louder* **loudness**, **gaze** *averted* (upwards), while *shaking* their **head**, and *strong* **lowered brows**, *moderate* **tightened eyelids**, *moderate* **downturned mouth corners**, *strong* **stretched lips**, and *strong* **tightened lips**."
S_02_02_01_1_1,02,anger,1,1,1,The birch canoe slid on the smooth planks.,normal,lower,louder,front,shaking,none,none,moderate,none,none,none,none,none,none,none,moderate,none,none,none,none,none,none,"Actor 02 said “The birch canoe slid on the smooth planks.”, with *normal* **speech rate**, *lower* **pitch**, *louder* **loudness**, while **looking at the camera**, while *shaking* their **head**, and *moderate* **lowered brows** and *moderate* **downturned mouth corners**."
S_02_02_01_2_1,02,anger,1,2,1,The birch canoe slid on the smooth planks.,fast,higher,louder,front,shaking,strong,none,strong,moderate,none,moderate,strong,strong,none,moderate,strong,none,moderate,strong,none,none,none,"Actor 02 said “The birch canoe slid on the smooth planks.”, with *fast* **speech rate**, *higher* **pitch**, *louder* **loudness**, while **looking at the camera**, while *shaking* their **head**, and *strong* **raised inner eyebrows**, *strong* **lowered brows**, *moderate* **raised upper eyelids**, *moderate* **tightened eyelids**, *strong* **wrinkled nose**, *strong* **raised upper lip**, *moderate* **a tight smile**, *strong* **downturned mouth corners**, *moderate* **stretched lips**, and *strong* **tightened lips**."
S_02_02_02_1_1,02,anger,2,1,1,Glue the sheet to the dark blue background.,normal,lower,louder,front,none,none,none,weak,none,none,none,weak,moderate,none,none,moderate,none,none,moderate,none,none,none,"Actor 02 said “Glue the sheet to the dark blue background.”, with *normal* **speech rate**, *lower* **pitch**, *louder* **loudness**, while **looking at the camera**, and *weak* **lowered brows**, *weak* **wrinkled nose**, *moderate* **raised upper lip**, *moderate* **downturned mouth corners**, and *moderate* **tightened lips**."
S_02_02_02_2_1,02,anger,2,2,1,Glue the sheet to the dark blue background.,fast,higher,louder,front,shaking,moderate,none,strong,none,none,strong,none,strong,none,moderate,moderate,moderate,moderate,strong,none,none,none,"Actor 02 said “Glue the sheet to the dark blue background.”, with *fast* **speech rate**, *higher* **pitch**, *louder* **loudness**, while **looking at the camera**, while *shaking* their **head**, and *moderate* **raised inner eyebrows**, *strong* **lowered brows**, *strong* **tightened eyelids**, *strong* **raised upper lip**, *moderate* **a tight smile**, *moderate* **downturned mouth corners**, *moderate* **raised chin**, *moderate* **stretched lips**, and *strong* **tightened lips**."
S_02_02_03_1_1,02,anger,3,1,1,It's easy to tell the depth of a well.,normal,normal,louder,front,shaking,none,none,moderate,none,none,none,weak,moderate,none,none,moderate,none,weak,none,none,none,none,"Actor 02 said “It's easy to tell the depth of a well.”, with *normal* **speech rate**, *normal* **pitch**, *louder* **loudness**, while **looking at the camera**, while *shaking* their **head**, and *moderate* **lowered brows**, *weak* **wrinkled nose**, *moderate* **raised upper lip**, *moderate* **downturned mouth corners**, and *weak* **stretched lips**."
S_02_02_03_2_1,02,anger,3,2,1,It's easy to tell the depth of a well.,fast,higher,louder,front,shaking,strong,none,strong,moderate,none,moderate,none,strong,none,none,strong,moderate,none,strong,none,none,strong,"Actor 02 said “It's easy to tell the depth of a well.”, with *fast* **speech rate**, *higher* **pitch**, *louder* **loudness**, while **looking at the camera**, while *shaking* their **head**, and *strong* **raised inner eyebrows**, *strong* **lowered brows**, *moderate* **raised upper eyelids**, *moderate* **tightened eyelids**, *strong* **raised upper lip**, *strong* **downturned mouth corners**, *moderate* **raised chin**, *strong* **tightened lips**, and *strong* **blinking**."
S_02_02_04_1_1,02,anger,4,1,1,These days a chicken leg is a rare dish.,normal,lower,louder,front,none,weak,none,weak,none,none,none,none,weak,none,none,none,weak,none,none,none,none,none,"Actor 02 said “These days a chicken leg is a rare dish.”, with *normal* **speech rate**, *lower* **pitch**, *louder* **loudness**, while **looking at the camera**, and *weak* **raised inner eyebrows**, *weak* **lowered brows**, *weak* **raised upper lip**, and *weak* **raised chin**."
S_02_02_04_2_1,02,anger,4,2,1,These days a chicken leg is a rare dish.,fast,higher,louder,front,shaking,none,none,strong,none,none,strong,none,strong,none,none,strong,none,strong,strong,none,none,none,"Actor 02 said “These days a chicken leg is a rare dish.”, with *fast* **speech rate**, *higher* **pitch**, *louder* **loudness**, while **looking at the camera**, while *shaking* their **head**, and *strong* **lowered brows**, *strong* **tightened eyelids**, *strong* **raised upper lip**, *strong* **downturned mouth corners**, *strong* **stretched lips**, and *strong* **tightened lips**."
S_02_02_05_1_1,02,anger,5,1,1,Rice is often served in round bowls.,normal,lower,louder,front,none,none,none,weak,none,none,none,none,none,none,none,weak,none,none,none,none,none,none,"Actor 02 said “Rice is often served in round bowls.”, with *normal* **speech rate**, *lower* **pitch**, *louder* **loudness**, while **looking at the camera**, and *weak* **lowered brows** and *weak* **downturned mouth corners**."
S_02_02_05_2_1,02,anger,5,2,1,Rice is often served in round bowls.,fast,higher,louder,front,shaking,moderate,none,moderate,none,none,strong,moderate,strong,none,moderate,strong,moderate,moderate,strong,none,none,none,"Actor 02 said “Rice is often served in round bowls.”, with *fast* **speech rate**, *higher* **pitch**, *louder* **loudness**, while **looking at the camera**, while *shaking* their **head**, and *moderate* **raised inner eyebrows**, *moderate* **lowered brows**, *strong* **tightened eyelids**, *moderate* **wrinkled nose**, *strong* **raised upper lip**, *moderate* **a tight smile**, *strong* **downturned mouth corners**, *moderate* **raised chin**, *moderate* **stretched lips**, and *strong* **tightened lips**."
S_02_03_01_1_1,02,happiness,1,1,1,The birch canoe slid on the smooth planks.,normal,higher,quieter,front,none,none,weak,none,none,weak,none,none,none,moderate,none,none,weak,none,none,none,none,none,"Actor 02 said “The birch canoe slid on the smooth planks.”, with *normal* **speech rate**, *higher* **pitch**, *quieter* **loudness**, while **looking at the camera**, and *weak* **raised outer eyebrows**, *weak* **raised cheeks**, *moderate* **a smile**, and *weak* **raised chin**."
S_02_03_01_2_1,02,happiness,1,2,1,The birch canoe slid on the smooth planks.,fast,higher,louder,front,none,none,strong,none,none,strong,none,none,none,strong,none,none,none,none,none,moderate,none,none,"Actor 02 said “The birch canoe slid on the smooth planks.”, with *fast* **speech rate**, *higher* **pitch**, *louder* **loudness**, while **looking at the camera**, and *strong* **raised outer eyebrows**, *strong* **raised cheeks**, *strong* **a smile**, and *moderate* **parted lips**."
S_02_03_02_1_1,02,happiness,2,1,1,Glue the sheet to the dark blue background.,normal,higher,normal,front,tilting,none,moderate,none,none,moderate,none,none,none,moderate,none,none,none,none,none,none,none,none,"Actor 02 said “Glue the sheet to the dark blue background.”, with *normal* **speech rate**, *higher* **pitch**, *normal* **loudness**, while **looking at the camera**, while *tilting* their **head**, and *moderate* **raised outer eyebrows**, *moderate* **raised cheeks**, and *moderate* **a smile**."
S_02_03_02_2_1,02,happiness,2,2,1,Glue the sheet to the dark blue background.,fast,higher,louder,front,none,none,strong,none,moderate,strong,none,none,moderate,strong,none,none,none,none,none,none,none,none,"Actor 02 said “Glue the sheet to the dark blue background.”, with *fast* **speech rate**, *higher* **pitch**, *louder* **loudness**, while **looking at the camera**, and *strong* **raised outer eyebrows**, *moderate* **raised upper eyelids**, *strong* **raised cheeks**, *moderate* **raised upper lip**, and *strong* **a smile**."
S_02_03_03_1_1,02,happiness,3,1,1,It's easy to tell the depth of a well.,normal,higher,normal,front,none,none,moderate,none,none,weak,none,none,none,moderate,none,none,none,none,none,none,none,none,"Actor 02 said “It's easy to tell the depth of a well.”, with *normal* **speech rate**, *higher* **pitch**, *normal* **loudness**, while **looking at the camera**, and *moderate* **raised outer eyebrows**, *weak* **raised cheeks**, and *moderate* **a smile**."
S_02_03_03_2_1,02,happiness,3,2,1,It's easy to tell the depth of a well.,fast,higher,louder,front,none,none,strong,none,none,strong,none,none,strong,strong,none,none,none,none,none,none,none,none,"Actor 02 said “It's easy to tell the depth of a well.”, with *fast* **speech rate**, *higher* **pitch**, *louder* **loudness**, while **looking at the camera**, and *strong* **raised outer eyebrows**, *strong* **raised cheeks**, *strong* **raised upper lip**, and *strong* **a smile**."
S_02_03_04_1_1,02,happiness,4,1,1,These days a chicken leg is a rare dish.,normal,higher,normal,front,none,none,weak,none,none,weak,none,none,none,weak,none,none,none,none,none,none,none,none,"Actor 02 said “These days a chicken leg is a rare dish.”, with *normal* **speech rate**, *higher* **pitch**, *normal* **loudness**, while **looking at the camera**, and *weak* **raised outer eyebrows**, *weak* **raised cheeks**, and *weak* **a smile**."
S_02_03_04_2_1,02,happiness,4,2,1,These days a chicken leg is a rare dish.,fast,higher,louder,front,nodding,weak,moderate,none,none,strong,none,none,strong,strong,none,none,none,none,none,strong,none,none,"Actor 02 said “These days a chicken leg is a rare dish.”, with *fast* **speech rate**, *higher* **pitch**, *louder* **loudness**, while **looking at the camera**, while *nodding*, and *weak* **raised inner eyebrows**, *moderate* **raised outer eyebrows**, *strong* **raised cheeks**, *strong* **raised upper lip**, *strong* **a smile**, and *strong* **parted lips**."
S_02_03_05_1_1,02,happiness,5,1,1,Rice is often served in round bowls.,normal,higher,normal,front,none,none,weak,none,none,weak,none,none,none,weak,none,none,none,none,none,none,none,none,"Actor 02 said “Rice is often served in round bowls.”, with *normal* **speech rate**, *higher* **pitch**, *normal* **loudness**, while **looking at the camera**, and *weak* **raised outer eyebrows**, *weak* **raised cheeks**, and *weak* **a smile**."
S_02_03_05_2_1,02,happiness,5,2,1,Rice is often served in round bowls.,fast,higher,louder,front,nodding,none,strong,none,moderate,strong,none,none,strong,strong,none,none,moderate,none,none,moderate,none,none,"Actor 02 said “Rice is often served in round bowls.”, with *fast* **speech rate**, *higher* **pitch**, *louder* **loudness**, while **looking at the camera**, while *nodding*, and *strong* **raised outer eyebrows**, *moderate* **raised upper eyelids**, *strong* **raised cheeks**, *strong* **raised upper lip**, *strong* **a smile**, *moderate* **raised chin**, and *moderate* **parted lips**."
S_02_04_01_1_1,02,sadness,1,1,1,The birch canoe slid on the smooth planks.,slow,lower,quieter,down,tilting,weak,none,none,none,none,none,none,none,none,none,weak,none,none,none,none,none,none,"Actor 02 said “The birch canoe slid on the smooth planks.”, with *slow* **speech rate**, *lower* **pitch**, *quieter* **loudness**, **gaze** *averted* (downwards), while *tilting* their **head**, and *weak* **raised inner eyebrows** and *weak* **downturned mouth corners**."
S_02_04_01_2_1,02,sadness,1,2,1,The birch canoe slid on the smooth planks.,slow,lower,quieter,down,tilting,moderate,none,none,none,none,none,moderate,none,none,none,moderate,none,none,moderate,none,none,none,"Actor 02 said “The birch canoe slid on the smooth planks.”, with *slow* **speech rate**, *lower* **pitch**, *quieter* **loudness**, **gaze** *averted* (downwards), while *tilting* their **head**, and *moderate* **raised inner eyebrows**, *moderate* **wrinkled nose**, *moderate* **downturned mouth corners**, and *moderate* **tightened lips**."
S_02_04_02_1_1,02,sadness,2,1,1,Glue the sheet to the dark blue background.,slow,lower,quieter,down,none,weak,none,weak,none,none,none,none,none,none,none,weak,none,none,weak,none,none,none,"Actor 02 said “Glue the sheet to the dark blue background.”, with *slow* **speech rate**, *lower* **pitch**, *quieter* **loudness**, **gaze** *averted* (downwards), and *weak* **raised inner eyebrows**, *weak* **lowered brows**, *weak* **downturned mouth corners**, and *weak* **tightened lips**."
S_02_04_02_2_1,02,sadness,2,2,1,Glue the sheet to the dark blue background.,slow,lower,quieter,down,tilting,weak,none,moderate,none,none,weak,none,none,none,none,weak,none,none,weak,none,none,none,"Actor 02 said “Glue the sheet to the dark blue background.”, with *slow* **speech rate**, *lower* **pitch**, *quieter* **loudness**, **gaze** *averted* (downwards), while *tilting* their **head**, and *weak* **raised inner eyebrows**, *moderate* **lowered brows**, *weak* **tightened eyelids**, *weak* **downturned mouth corners**, and *weak* **tightened lips**."
S_02_04_03_1_1,02,sadness,3,1,1,It's easy to tell the depth of a well.,slow,lower,quieter,down,tilting,weak,none,none,none,none,none,weak,none,none,none,weak,none,none,none,none,none,none,"Actor 02 said “It's easy to tell the depth of a well.”, with *slow* **speech rate**, *lower* **pitch**, *quieter* **loudness**, **gaze** *averted* (downwards), while *tilting* their **head**, and *weak* **raised inner eyebrows**, *weak* **wrinkled nose**, and *weak* **downturned mouth corners**."
S_02_04_03_2_1,02,sadness,3,2,1,It's easy to tell the depth of a well.,slow,lower,quieter,down,tilting,moderate,none,moderate,none,none,none,moderate,none,none,none,strong,none,moderate,moderate,none,none,none,"Actor 02 said “It's easy to tell the depth of a well.”, with *slow* **speech rate**, *lower* **pitch**, *quieter* **loudness**, **gaze** *averted* (downwards), while *tilting* their **head**, and *moderate* **raised inner eyebrows**, *moderate* **lowered brows**, *moderate* **wrinkled nose**, *strong* **downturned mouth corners**, *moderate* **stretched lips**, and *moderate* **tightened lips**."
S_02_04_04_1_1,02,sadness,4,1,1,These days a chicken leg is a rare dish.,slow,lower,quieter,down,tilting,weak,none,weak,none,none,none,weak,none,none,none,weak,none,none,none,none,none,none,"Actor 02 said “These days a chicken leg is a rare dish.”, with *slow* **speech rate**, *lower* **pitch**, *quieter* **loudness**, **gaze** *averted* (downwards), while *tilting* their **head**, and *weak* **raised inner eyebrows**, *weak* **lowered brows**, *weak* **wrinkled nose**, and *weak* **downturned mouth corners**."
S_02_04_04_2_1,02,sadness,4,2,1,These days a chicken leg is a rare dish.,slow,lower,quieter,down,tilting,none,none,strong,none,none,none,strong,none,none,none,strong,none,none,strong,none,none,none,"Actor 02 said “These days a chicken leg is a rare dish.”, with *slow* **speech rate**, *lower* **pitch**, *quieter* **loudness**, **gaze** *averted* (downwards), while *tilting* their **head**, and *strong* **lowered brows**, *strong* **wrinkled nose**, *strong* **downturned mouth corners**, and *strong* **tightened lips**."
S_02_04_05_1_1,02,sadness,5,1,1,Rice is often served in round bowls.,normal,lower,quieter,down,tilting,none,none,none,none,none,none,weak,none,none,none,none,none,none,none,none,none,none,"Actor 02 said “Rice is often served in round bowls.”, with *normal* **speech rate**, *lower* **pitch**, *quieter* **loudness**, **gaze** *averted* (downwards), while *tilting* their **head**, and *weak* **wrinkled nose**."
S_02_04_05_2_1,02,sadness,5,2,1,Rice is often served in round bowls.,slow,lower,quieter,down,tilting,weak,none,moderate,none,none,none,moderate,none,none,none,weak,none,none,weak,none,none,none,"Actor 02 said “Rice is often served in round bowls.”, with *slow* **speech rate**, *lower* **pitch**, *quieter* **loudness**, **gaze** *averted* (downwards), while *tilting* their **head**, and *weak* **raised inner eyebrows**, *moderate* **lowered brows**, *moderate* **wrinkled nose**, *weak* **downturned mouth corners**, and *weak* **tightened lips**."
S_02_05_01_1_1,02,disgust,1,1,1,The birch canoe slid on the smooth planks.,normal,lower,quieter,down,tilting,none,none,weak,none,none,weak,weak,none,none,none,weak,none,none,weak,none,none,none,"Actor 02 said “The birch canoe slid on the smooth planks.”, with *normal* **speech rate**, *lower* **pitch**, *quieter* **loudness**, **gaze** *averted* (downwards), while *tilting* their **head**, and *weak* **lowered brows**, *weak* **tightened eyelids**, *weak* **wrinkled nose**, *weak* **downturned mouth corners**, and *weak* **tightened lips**."
S_02_05_01_2_1,02,disgust,1,2,1,The birch canoe slid on the smooth planks.,slow,lower,quieter,down,shaking,none,none,strong,none,none,strong,strong,strong,none,none,strong,none,strong,strong,none,none,none,"Actor 02 said “The birch canoe slid on the smooth planks.”, with *slow* **speech rate**, *lower* **pitch**, *quieter* **loudness**, **gaze** *averted* (downwards), while *shaking* their **head**, and *strong* **lowered brows**, *strong* **tightened eyelids**, *strong* **wrinkled nose**, *strong* **raised upper lip**, *strong* **downturned mouth corners**, *strong* **stretched lips**, and *strong* **tightened lips**."
S_02_05_02_1_1,02,disgust,2,1,1,Glue the sheet to the dark blue background.,slow,lower,quieter,down,tilting,none,none,weak,none,none,weak,weak,weak,none,none,weak,none,none,none,none,none,none,"Actor 02 said “Glue the sheet to the dark blue background.”, with *slow* **speech rate**, *lower* **pitch**, *quieter* **loudness**, **gaze** *averted* (downwards), while *tilting* their **head**, and *weak* **lowered brows**, *weak* **tightened eyelids**, *weak* **wrinkled nose**, *weak* **raised upper lip**, and *weak* **downturned mouth corners**."
S_02_05_02_2_1,02,disgust,2,2,1,Glue the sheet to the dark blue background.,slow,lower,quieter,down,shaking,strong,none,strong,none,none,strong,strong,strong,none,strong,strong,none,strong,strong,none,none,none,"Actor 02 said “Glue the sheet to the dark blue background.”, with *slow* **speech rate**, *lower* **pitch**, *quieter* **loudness**, **gaze** *averted* (downwards), while *shaking* their **head**, and *strong* **raised inner eyebrows**, *strong* **lowered brows**, *strong* **tightened eyelids**, *strong* **wrinkled nose**, *strong* **raised upper lip**, *strong* **a tight smile**, *strong* **downturned mouth corners**, *strong* **stretched lips**, and *strong* **tightened lips**."
S_02_05_03_1_1,02,disgust,3,1,1,It's easy to tell the depth of a well.,slow,lower,quieter,down,tilting,none,none,weak,none,none,weak,weak,weak,none,none,none,none,weak,weak,none,none,none,"Actor 02 said “It's easy to tell the depth of a well.”, with *slow* **speech rate**, *lower* **pitch**, *quieter* **loudness**, **gaze** *averted* (downwards), while *tilting* their **head**, and *weak* **lowered brows**, *weak* **tightened eyelids**, *weak* **wrinkled nose**, *weak* **raised upper lip**, *weak* **stretched lips**, and *weak* **tightened lips**."
S_02_05_03_2_1,02,disgust,3,2,1,It's easy to tell the depth of a well.,slow,lower,quieter,down,shaking,none,none,strong,none,none,strong,strong,strong,none,none,strong,none,strong,strong,none,none,none,"Actor 02 said “It's easy to tell the depth of a well.”, with *slow* **speech rate**, *lower* **pitch**, *quieter* **loudness**, **gaze** *averted* (downwards), while *shaking* their **head**, and *strong* **lowered brows**, *strong* **tightened eyelids**, *strong* **wrinkled nose**, *strong* **raised upper lip**, *strong* **downturned mouth corners**, *strong* **stretched lips**, and *strong* **tightened lips**."
S_02_05_04_1_1,02,disgust,4,1,1,These days a chicken leg is a rare dish.,normal,lower,quieter,front,tilting,none,none,weak,none,none,none,weak,none,none,none,none,none,weak,none,none,none,none,"Actor 02 said “These days a chicken leg is a rare dish.”, with *normal* **speech rate**, *lower* **pitch**, *quieter* **loudness**, while **looking at the camera**, while *tilting* their **head**, and *weak* **lowered brows**, *weak* **wrinkled nose**, and *weak* **stretched lips**."
S_02_05_04_2_1,02,disgust,4,2,1,These days a chicken leg is a rare dish.,slow,lower,quieter,down,shaking,none,none,strong,none,none,strong,strong,strong,none,moderate,strong,none,strong,strong,none,none,none,"Actor 02 said “These days a chicken leg is a rare dish.”, with *slow* **speech rate**, *lower* **pitch**, *quieter* **loudness**, **gaze** *averted* (downwards), while *shaking* their **head**, and *strong* **lowered brows**, *strong* **tightened eyelids**, *strong* **wrinkled nose**, *strong* **raised upper lip**, *moderate* **a tight smile**, *strong* **downturned mouth corners**, *strong* **stretched lips**, and *strong* **tightened lips**."
S_02_05_05_1_1,02,disgust,5,1,1,Rice is often served in round bowls.,normal,lower,quieter,down,none,none,none,moderate,none,none,moderate,moderate,moderate,none,none,none,none,moderate,none,none,none,none,"Actor 02 said “Rice is often served in round bowls.”, with *normal* **speech rate**, *lower* **pitch**, *quieter* **loudness**, **gaze** *averted* (downwards), and *moderate* **lowered brows**, *moderate* **tightened eyelids**, *moderate* **wrinkled nose**, *moderate* **raised upper lip**, and *moderate* **stretched lips**."
S_02_05_05_2_1,02,disgust,5,2,1,Rice is often served in round bowls.,slow,lower,quieter,down,shaking,none,none,strong,none,none,strong,strong,strong,none,strong,strong,none,strong,strong,none,none,none,"Actor 02 said “Rice is often served in round bowls.”, with *slow* **speech rate**, *lower* **pitch**, *quieter* **loudness**, **gaze** *averted* (downwards), while *shaking* their **head**, and *strong* **lowered brows**, *strong* **tightened eyelids**, *strong* **wrinkled nose**, *strong* **raised upper lip**, *strong* **a tight smile**, *strong* **downturned mouth corners**, *strong* **stretched lips**, and *strong* **tightened lips**."
S_02_06_01_1_1,02,surprise,1,1,1,The birch canoe slid on the smooth planks.,normal,higher,quieter,front,tilting,none,weak,none,weak,none,none,none,none,weak,none,none,none,none,none,none,none,none,"Actor 02 said “The birch canoe slid on the smooth planks.”, with *normal* **speech rate**, *higher* **pitch**, *quieter* **loudness**, while **looking at the camera**, while *tilting* their **head**, and *weak* **raised outer eyebrows**, *weak* **raised upper eyelids**, and *weak* **a smile**."
S_02_06_01_2_1,02,surprise,1,2,1,The birch canoe slid on the smooth planks.,fast,higher,louder,front,shaking,none,strong,none,none,none,strong,none,none,none,none,none,none,strong,strong,none,strong,none,"Actor 02 said “The birch canoe slid on the smooth planks.”, with *fast* **speech rate**, *higher* **pitch**, *louder* **loudness**, while **looking at the camera**, while *shaking* their **head**, and *strong* **raised outer eyebrows**, *strong* **tightened eyelids**, *strong* **stretched lips**, *strong* **tightened lips**, and *strong* **a dropped jaw**."
S_02_06_02_1_1,02,surprise,2,1,1,Glue the sheet to the dark blue background.,normal,higher,louder,front,none,weak,weak,none,weak,weak,none,none,none,weak,none,none,none,none,none,weak,none,none,"Actor 02 said “Glue the sheet to the dark blue background.”, with *normal* **speech rate**, *higher* **pitch**, *louder* **loudness**, while **looking at the camera**, and *weak* **raised inner eyebrows**, *weak* **raised outer eyebrows**, *weak* **raised upper eyelids**, *weak* **raised cheeks**, *weak* **a smile**, and *weak* **parted lips**."
S_02_06_02_2_1,02,surprise,2,2,1,Glue the sheet to the dark blue background.,fast,higher,louder,up,shaking,none,strong,none,strong,none,none,none,none,none,none,none,none,strong,none,strong,strong,none,"Actor 02 said “Glue the sheet to the dark blue background.”, with *fast* **speech rate**, *higher* **pitch**, *louder* **loudness**, **gaze** *averted* (upwards), while *shaking* their **head**, and *strong* **raised outer eyebrows**, *strong* **raised upper eyelids**, *strong* **stretched lips**, *strong* **parted lips**, and *strong* **a dropped jaw**."
S_02_06_03_1_1,02,surprise,3,1,1,It's easy to tell the depth of a well.,normal,higher,quieter,front,tilting,none,weak,none,weak,none,none,none,none,none,none,none,none,none,none,none,none,none,"Actor 02 said “It's easy to tell the depth of a well.”, with *normal* **speech rate**, *higher* **pitch**, *quieter* **loudness**, while **looking at the camera**, while *tilting* their **head**, and *weak* **raised outer eyebrows** and *weak* **raised upper eyelids**."
S_02_06_03_2_1,02,surprise,3,2,1,It's easy to tell the depth of a well.,fast,higher,louder,up,shaking,none,strong,none,strong,none,none,none,none,none,none,none,none,strong,none,strong,strong,none,"Actor 02 said “It's easy to tell the depth of a well.”, with *fast* **speech rate**, *higher* **pitch**, *louder* **loudness**, **gaze** *averted* (upwards), while *shaking* their **head**, and *strong* **raised outer eyebrows**, *strong* **raised upper eyelids**, *strong* **stretched lips**, *strong* **parted lips**, and *strong* **a dropped jaw**."
S_02_06_04_1_1,02,surprise,4,1,1,These days a chicken leg is a rare dish.,normal,higher,normal,front,none,none,weak,none,none,none,none,none,none,weak,none,none,none,none,none,weak,none,none,"Actor 02 said “These days a chicken leg is a rare dish.”, with *normal* **speech rate**, *higher* **pitch**, *normal* **loudness**, while **looking at the camera**, and *weak* **raised outer eyebrows**, *weak* **a smile**, and *weak* **parted lips**."
S_02_06_04_2_1,02,surprise,4,2,1,These days a chicken leg is a rare dish.,fast,higher,louder,front,tilting,strong,strong,none,none,none,none,none,none,none,none,none,none,strong,none,strong,strong,none,"Actor 02 said “These days a chicken leg is a rare dish.”, with *fast* **speech rate**, *higher* **pitch**, *louder* **loudness**, while **looking at the camera**, while *tilting* their **head**, and *strong* **raised inner eyebrows**, *strong* **raised outer eyebrows**, *strong* **stretched lips**, *strong* **parted lips**, and *strong* **a dropped jaw**."
S_02_06_05_1_1,02,surprise,5,1,1,Rice is often served in round bowls.,normal,higher,normal,front,tilting,weak,weak,none,none,none,none,none,none,weak,none,none,none,none,none,weak,none,none,"Actor 02 said “Rice is often served in round bowls.”, with *normal* **speech rate**, *higher* **pitch**, *normal* **loudness**, while **looking at the camera**, while *tilting* their **head**, and *weak* **raised inner eyebrows**, *weak* **raised outer eyebrows**, *weak* **a smile**, and *weak* **parted lips**."
S_02_06_05_2_1,02,surprise,5,2,1,Rice is often served in round bowls.,fast,higher,louder,up,shaking,moderate,moderate,none,strong,moderate,none,none,none,none,none,none,moderate,moderate,none,strong,moderate,none,"Actor 02 said “Rice is often served in round bowls.”, with *fast* **speech rate**, *higher* **pitch**, *louder* **loudness**, **gaze** *averted* (upwards), while *shaking* their **head**, and *moderate* **raised inner eyebrows**, *moderate* **raised outer eyebrows**, *strong* **raised upper eyelids**, *moderate* **raised cheeks**, *moderate* **raised chin**, *moderate* **stretched lips**, *strong* **parted lips**, and *moderate* **a dropped jaw**."
S_02_07_01_1_1,02,confidence,1,1,1,The birch canoe slid on the smooth planks.,normal,normal,normal,front,none,none,weak,none,none,weak,none,none,none,weak,none,none,none,none,none,none,none,none,"Actor 02 said “The birch canoe slid on the smooth planks.”, with *normal* **speech rate**, *normal* **pitch**, *normal* **loudness**, while **looking at the camera**, and *weak* **raised outer eyebrows**, *weak* **raised cheeks**, and *weak* **a smile**."
S_02_07_01_2_1,02,confidence,1,2,1,The birch canoe slid on the smooth planks.,slow,higher,louder,front,none,weak,moderate,none,moderate,moderate,none,none,weak,strong,none,none,weak,none,none,none,none,none,"Actor 02 said “The birch canoe slid on the smooth planks.”, with *slow* **speech rate**, *higher* **pitch**, *louder* **loudness**, while **looking at the camera**, and *weak* **raised inner eyebrows**, *moderate* **raised outer eyebrows**, *moderate* **raised upper eyelids**, *moderate* **raised cheeks**, *weak* **raised upper lip**, *strong* **a smile**, and *weak* **raised chin**."
S_02_07_02_1_1,02,confidence,2,1,1,Glue the sheet to the dark blue background.,normal,normal,normal,front,tilting,none,weak,none,none,none,none,none,none,weak,none,none,none,none,none,none,none,none,"Actor 02 said “Glue the sheet to the dark blue background.”, with *normal* **speech rate**, *normal* **pitch**, *normal* **loudness**, while **looking at the camera**, while *tilting* their **head**, and *weak* **raised outer eyebrows** and *weak* **a smile**."
S_02_07_02_2_1,02,confidence,2,2,1,Glue the sheet to the dark blue background.,fast,higher,louder,front,nodding,none,moderate,none,moderate,strong,none,none,none,strong,none,none,none,none,none,none,none,none,"Actor 02 said “Glue the sheet to the dark blue background.”, with *fast* **speech rate**, *higher* **pitch**, *louder* **loudness**, while **looking at the camera**, while *nodding*, and *moderate* **raised outer eyebrows**, *moderate* **raised upper eyelids**, *strong* **raised cheeks**, and *strong* **a smile**."
S_02_07_03_1_1,02,confidence,3,1,1,It's easy to tell the depth of a well.,normal,higher,normal,front,none,none,weak,none,none,none,none,none,none,weak,none,none,none,none,none,none,none,none,"Actor 02 said “It's easy to tell the depth of a well.”, with *normal* **speech rate**, *higher* **pitch**, *normal* **loudness**, while **looking at the camera**, and *weak* **raised outer eyebrows** and *weak* **a smile**."
S_02_07_03_2_1,02,confidence,3,2,1,It's easy to tell the depth of a well.,normal,higher,louder,front,tilting,none,strong,none,none,strong,none,none,none,strong,none,none,none,none,none,none,none,none,"Actor 02 said “It's easy to tell the depth of a well.”, with *normal* **speech rate**, *higher* **pitch**, *louder* **loudness**, while **looking at the camera**, while *tilting* their **head**, and *strong* **raised outer eyebrows**, *strong* **raised cheeks**, and *strong* **a smile**."
S_02_07_04_1_1,02,confidence,4,1,1,These days a chicken leg is a rare dish.,normal,normal,normal,front,none,none,none,none,none,weak,none,none,none,weak,none,none,none,none,none,none,none,none,"Actor 02 said “These days a chicken leg is a rare dish.”, with *normal* **speech rate**, *normal* **pitch**, *normal* **loudness**, while **looking at the camera**, and *weak* **raised cheeks** and *weak* **a smile**."
S_02_07_04_2_1,02,confidence,4,2,1,These days a chicken leg is a rare dish.,normal,higher,louder,front,none,none,none,none,none,moderate,none,none,none,strong,none,none,none,none,none,none,none,none,"Actor 02 said “These days a chicken leg is a rare dish.”, with *normal* **speech rate**, *higher* **pitch**, *louder* **loudness**, while **looking at the camera**, and *moderate* **raised cheeks** and *strong* **a smile**."
S_02_07_05_1_1,02,confidence,5,1,1,Rice is often served in round bowls.,normal,normal,normal,front,none,none,none,none,none,weak,none,none,none,weak,none,none,none,none,none,none,none,none,"Actor 02 said “Rice is often served in round bowls.”, with *normal* **speech rate**, *normal* **pitch**, *normal* **loudness**, while **looking at the camera**, and *weak* **raised cheeks** and *weak* **a smile**."
S_02_07_05_2_1,02,confidence,5,2,1,Rice is often served in round bowls.,normal,higher,louder,front,none,none,weak,none,none,moderate,none,none,weak,strong,none,none,none,none,none,none,none,none,"Actor 02 said “Rice is often served in round bowls.”, with *normal* **speech rate**, *higher* **pitch**, *louder* **loudness**, while **looking at the camera**, and *weak* **raised outer eyebrows**, *moderate* **raised cheeks**, *weak* **raised upper lip**, and *strong* **a smile**."
S_02_08_01_1_1,02,confusion,1,1,1,The birch canoe slid on the smooth planks.,slow,lower,quieter,down,tilting,weak,none,none,none,none,weak,none,none,none,none,weak,none,weak,weak,none,none,none,"Actor 02 said “The birch canoe slid on the smooth planks.”, with *slow* **speech rate**, *lower* **pitch**, *quieter* **loudness**, **gaze** *averted* (downwards), while *tilting* their **head**, and *weak* **raised inner eyebrows**, *weak* **tightened eyelids**, *weak* **downturned mouth corners**, *weak* **stretched lips**, and *weak* **tightened lips**."
S_02_08_01_2_1,02,confusion,1,2,1,The birch canoe slid on the smooth planks.,slow,lower,quieter,down,tilting,moderate,none,moderate,none,none,moderate,none,none,none,none,moderate,none,moderate,moderate,none,none,none,"Actor 02 said “The birch canoe slid on the smooth planks.”, with *slow* **speech rate**, *lower* **pitch**, *quieter* **loudness**, **gaze** *averted* (downwards), while *tilting* their **head**, and *moderate* **raised inner eyebrows**, *moderate* **lowered brows**, *moderate* **tightened eyelids**, *moderate* **downturned mouth corners**, *moderate* **stretched lips**, and *moderate* **tightened lips**."
S_02_08_02_1_1,02,confusion,2,1,1,Glue the sheet to the dark blue background.,slow,lower,quieter,down,tilting,weak,none,none,none,none,none,none,none,none,weak,none,none,none,none,none,none,none,"Actor 02 said “Glue the sheet to the dark blue background.”, with *slow* **speech rate**, *lower* **pitch**, *quieter* **loudness**, **gaze** *averted* (downwards), while *tilting* their **head**, and *weak* **raised inner eyebrows** and *weak* **a tight smile**."
S_02_08_02_2_1,02,confusion,2,2,1,Glue the sheet to the dark blue background.,slow,lower,quieter,down,tilting,weak,none,moderate,none,none,none,none,none,none,none,weak,none,moderate,none,none,none,none,"Actor 02 said “Glue the sheet to the dark blue background.”, with *slow* **speech rate**, *lower* **pitch**, *quieter* **loudness**, **gaze** *averted* (downwards), while *tilting* their **head**, and *weak* **raised inner eyebrows**, *moderate* **lowered brows**, *weak* **downturned mouth corners**, and *moderate* **stretched lips**."
S_02_08_03_1_1,02,confusion,3,1,1,It's easy to tell the depth of a well.,slow,lower,quieter,down,tilting,weak,none,none,none,none,none,none,none,none,none,weak,none,none,none,none,none,none,"Actor 02 said “It's easy to tell the depth of a well.”, with *slow* **speech rate**, *lower* **pitch**, *quieter* **loudness**, **gaze** *averted* (downwards), while *tilting* their **head**, and *weak* **raised inner eyebrows** and *weak* **downturned mouth corners**."
S_02_08_03_2_1,02,confusion,3,2,1,It's easy to tell the depth of a well.,slow,lower,quieter,up,tilting,moderate,none,moderate,none,none,weak,weak,none,none,none,weak,none,moderate,moderate,none,none,none,"Actor 02 said “It's easy to tell the depth of a well.”, with *slow* **speech rate**, *lower* **pitch**, *quieter* **loudness**, **gaze** *averted* (upwards), while *tilting* their **head**, and *moderate* **raised inner eyebrows**, *moderate* **lowered brows**, *weak* **tightened eyelids**, *weak* **wrinkled nose**, *weak* **downturned mouth corners**, *moderate* **stretched lips**, and *moderate* **tightened lips**."
S_02_08_04_1_1,02,confusion,4,1,1,These days a chicken leg is a rare dish.,slow,lower,quieter,up,tilting,weak,none,weak,none,none,none,weak,none,none,none,weak,none,weak,none,none,none,none,"Actor 02 said “These days a chicken leg is a rare dish.”, with *slow* **speech rate**, *lower* **pitch**, *quieter* **loudness**, **gaze** *averted* (upwards), while *tilting* their **head**, and *weak* **raised inner eyebrows**, *weak* **lowered brows**, *weak* **wrinkled nose**, *weak* **downturned mouth corners**, and *weak* **stretched lips**."
S_02_08_04_2_1,02,confusion,4,2,1,These days a chicken leg is a rare dish.,slow,lower,quieter,up,tilting,none,none,weak,none,none,moderate,weak,none,none,none,weak,none,moderate,moderate,none,none,none,"Actor 02 said “These days a chicken leg is a rare dish.”, with *slow* **speech rate**, *lower* **pitch**, *quieter* **loudness**, **gaze** *averted* (upwards), while *tilting* their **head**, and *weak* **lowered brows**, *moderate* **tightened eyelids**, *weak* **wrinkled nose**, *weak* **downturned mouth corners**, *moderate* **stretched lips**, and *moderate* **tightened lips**."
S_02_08_05_1_1,02,confusion,5,1,1,Rice is often served in round bowls.,slow,normal,quieter,front,tilting,none,weak,none,none,none,none,none,none,none,none,none,none,weak,none,none,none,none,"Actor 02 said “Rice is often served in round bowls.”, with *slow* **speech rate**, *normal* **pitch**, *quieter* **loudness**, while **looking at the camera**, while *tilting* their **head**, and *weak* **raised outer eyebrows** and *weak* **stretched lips**."
S_02_08_05_2_1,02,confusion,5,2,1,Rice is often served in round bowls.,slow,lower,quieter,up,tilting,none,none,strong,none,none,weak,weak,none,none,none,strong,none,strong,strong,none,none,none,"Actor 02 said “Rice is often served in round bowls.”, with *slow* **speech rate**, *lower* **pitch**, *quieter* **loudness**, **gaze** *averted* (upwards), while *tilting* their **head**, and *strong* **lowered brows**, *weak* **tightened eyelids**, *weak* **wrinkled nose**, *strong* **downturned mouth corners**, *strong* **stretched lips**, and *strong* **tightened lips**."
S_02_09_01_1_1,02,contempt,1,1,1,The birch canoe slid on the smooth planks.,normal,lower,quieter,down,tilting,none,none,weak,none,none,none,none,none,weak,none,none,none,none,weak,none,none,none,"Actor 02 said “The birch canoe slid on the smooth planks.”, with *normal* **speech rate**, *lower* **pitch**, *quieter* **loudness**, **gaze** *averted* (downwards), while *tilting* their **head**, and *weak* **lowered brows**, *weak* **a smile**, and *weak* **tightened lips**."
S_02_09_01_2_1,02,contempt,1,2,1,The birch canoe slid on the smooth planks.,normal,lower,louder,right,shaking,none,none,strong,none,none,weak,weak,moderate,none,moderate,moderate,none,strong,strong,none,none,none,"Actor 02 said “The birch canoe slid on the smooth planks.”, with *normal* **speech rate**, *lower* **pitch**, *louder* **loudness**, **gaze** *averted* (to their right), while *shaking* their **head**, and *strong* **lowered brows**, *weak* **tightened eyelids**, *weak* **wrinkled nose**, *moderate* **raised upper lip**, *moderate* **a tight smile**, *moderate* **downturned mouth corners**, *strong* **stretched lips**, and *strong* **tightened lips**."
S_02_09_02_1_1,02,contempt,2,1,1,Glue the sheet to the dark blue background.,normal,lower,quieter,front,tilting,none,none,weak,none,none,none,weak,none,none,none,none,none,none,weak,none,none,none,"Actor 02 said “Glue the sheet to the dark blue background.”, with *normal* **speech rate**, *lower* **pitch**, *quieter* **loudness**, while **looking at the camera**, while *tilting* their **head**, and *weak* **lowered brows**, *weak* **wrinkled nose**, and *weak* **tightened lips**."
S_02_09_02_2_1,02,contempt,2,2,1,Glue the sheet to the dark blue background.,slow,lower,louder,down,shaking,none,none,strong,none,none,none,strong,none,none,strong,strong,none,none,strong,none,none,none,"Actor 02 said “Glue the sheet to the dark blue background.”, with *slow* **speech rate**, *lower* **pitch**, *louder* **loudness**, **gaze** *averted* (downwards), while *shaking* their **head**, and *strong* **lowered brows**, *strong* **wrinkled nose**, *strong* **a tight smile**, *strong* **downturned mouth corners**, and *strong* **tightened lips**."
S_02_09_03_1_1,02,contempt,3,1,1,It's easy to tell the depth of a well.,normal,lower,quieter,front,tilting,none,none,weak,none,none,none,moderate,none,none,none,weak,none,none,none,none,none,none,"Actor 02 said “It's easy to tell the depth of a well.”, with *normal* **speech rate**, *lower* **pitch**, *quieter* **loudness**, while **looking at the camera**, while *tilting* their **head**, and *weak* **lowered brows**, *moderate* **wrinkled nose**, and *weak* **downturned mouth corners**."
S_02_09_03_2_1,02,contempt,3,2,1,It's easy to tell the depth of a well.,slow,lower,quieter,down,tilting,none,none,strong,none,none,weak,strong,none,none,strong,strong,none,strong,strong,none,none,none,"Actor 02 said “It's easy to tell the depth of a well.”, with *slow* **speech rate**, *lower* **pitch**, *quieter* **loudness**, **gaze** *averted* (downwards), while *tilting* their **head**, and *strong* **lowered brows**, *weak* **tightened eyelids**, *strong* **wrinkled nose**, *strong* **a tight smile**, *strong* **downturned mouth corners**, *strong* **stretched lips**, and *strong* **tightened lips**."
S_02_09_04_1_1,02,contempt,4,1,1,These days a chicken leg is a rare dish.,normal,lower,quieter,front,tilting,none,none,weak,none,none,none,none,weak,none,none,none,none,none,weak,none,none,none,"Actor 02 said “These days a chicken leg is a rare dish.”, with *normal* **speech rate**, *lower* **pitch**, *quieter* **loudness**, while **looking at the camera**, while *tilting* their **head**, and *weak* **lowered brows**, *weak* **raised upper lip**, and *weak* **tightened lips**."
S_02_09_04_2_1,02,contempt,4,2,1,These days a chicken leg is a rare dish.,slow,lower,louder,down,tilting,none,none,strong,none,none,none,weak,none,none,strong,weak,none,strong,strong,none,none,none,"Actor 02 said “These days a chicken leg is a rare dish.”, with *slow* **speech rate**, *lower* **pitch**, *louder* **loudness**, **gaze** *averted* (downwards), while *tilting* their **head**, and *strong* **lowered brows**, *weak* **wrinkled nose**, *strong* **a tight smile**, *weak* **downturned mouth corners**, *strong* **stretched lips**, and *strong* **tightened lips**."
S_02_09_05_1_1,02,contempt,5,1,1,Rice is often served in round bowls.,slow,lower,quieter,right,tilting,none,none,weak,none,none,none,weak,none,none,none,weak,none,weak,none,none,none,none,"Actor 02 said “Rice is often served in round bowls.”, with *slow* **speech rate**, *lower* **pitch**, *quieter* **loudness**, **gaze** *averted* (to their right), while *tilting* their **head**, and *weak* **lowered brows**, *weak* **wrinkled nose**, *weak* **downturned mouth corners**, and *weak* **stretched lips**."
S_02_09_05_2_1,02,contempt,5,2,1,Rice is often served in round bowls.,slow,lower,louder,down,shaking,none,none,strong,none,none,weak,weak,weak,none,weak,moderate,none,moderate,strong,none,none,none,"Actor 02 said “Rice is often served in round bowls.”, with *slow* **speech rate**, *lower* **pitch**, *louder* **loudness**, **gaze** *averted* (downwards), while *shaking* their **head**, and *strong* **lowered brows**, *weak* **tightened eyelids**, *weak* **wrinkled nose**, *weak* **raised upper lip**, *weak* **a tight smile**, *moderate* **downturned mouth corners**, *moderate* **stretched lips**, and *strong* **tightened lips**."
S_02_10_01_1_1,02,empathy,1,1,1,The birch canoe slid on the smooth planks.,normal,lower,quieter,front,tilting,none,none,none,none,weak,none,none,none,weak,none,none,none,none,none,none,none,none,"Actor 02 said “The birch canoe slid on the smooth planks.”, with *normal* **speech rate**, *lower* **pitch**, *quieter* **loudness**, while **looking at the camera**, while *tilting* their **head**, and *weak* **raised cheeks** and *weak* **a smile**."
S_02_10_01_2_1,02,empathy,1,2,1,The birch canoe slid on the smooth planks.,slow,lower,quieter,down,tilting,strong,none,none,none,weak,none,none,none,moderate,none,strong,none,none,strong,none,none,none,"Actor 02 said “The birch canoe slid on the smooth planks.”, with *slow* **speech rate**, *lower* **pitch**, *quieter* **loudness**, **gaze** *averted* (downwards), while *tilting* their **head**, and *strong* **raised inner eyebrows**, *weak* **raised cheeks**, *moderate* **a smile**, *strong* **downturned mouth corners**, and *strong* **tightened lips**."
S_02_10_02_1_1,02,empathy,2,1,1,Glue the sheet to the dark blue background.,normal,lower,quieter,front,tilting,weak,none,none,none,weak,none,none,none,weak,none,none,none,none,none,none,none,none,"Actor 02 said “Glue the sheet to the dark blue background.”, with *normal* **speech rate**, *lower* **pitch**, *quieter* **loudness**, while **looking at the camera**, while *tilting* their **head**, and *weak* **raised inner eyebrows**, *weak* **raised cheeks**, and *weak* **a smile**."
S_02_10_02_2_1,02,empathy,2,2,1,Glue the sheet to the dark blue background.,slow,lower,quieter,down,tilting,weak,none,none,none,weak,none,none,none,weak,none,none,none,none,none,none,none,none,"Actor 02 said “Glue the sheet to the dark blue background.”, with *slow* **speech rate**, *lower* **pitch**, *quieter* **loudness**, **gaze** *averted* (downwards), while *tilting* their **head**, and *weak* **raised inner eyebrows**, *weak* **raised cheeks**, and *weak* **a smile**."
S_02_10_03_1_1,02,empathy,3,1,1,It's easy to tell the depth of a well.,normal,lower,quieter,front,tilting,none,weak,none,none,weak,none,none,none,weak,none,none,none,weak,none,none,none,none,"Actor 02 said “It's easy to tell the depth of a well.”, with *normal* **speech rate**, *lower* **pitch**, *quieter* **loudness**, while **looking at the camera**, while *tilting* their **head**, and *weak* **raised outer eyebrows**, *weak* **raised cheeks**, *weak* **a smile**, and *weak* **stretched lips**."
S_02_10_03_2_1,02,empathy,3,2,1,It's easy to tell the depth of a well.,slow,lower,quieter,down,tilting,moderate,moderate,none,none,moderate,none,none,none,moderate,none,none,none,none,none,none,none,none,"Actor 02 said “It's easy to tell the depth of a well.”, with *slow* **speech rate**, *lower* **pitch**, *quieter* **loudness**, **gaze** *averted* (downwards), while *tilting* their **head**, and *moderate* **raised inner eyebrows**, *moderate* **raised outer eyebrows**, *moderate* **raised cheeks**, and *moderate* **a smile**."
S_02_10_04_1_1,02,empathy,4,1,1,These days a chicken leg is a rare dish.,normal,normal,normal,front,none,weak,none,none,none,weak,none,none,none,weak,none,none,none,weak,none,none,none,none,"Actor 02 said “These days a chicken leg is a rare dish.”, with *normal* **speech rate**, *normal* **pitch**, *normal* **loudness**, while **looking at the camera**, and *weak* **raised inner eyebrows**, *weak* **raised cheeks**, *weak* **a smile**, and *weak* **stretched lips**."
S_02_10_04_2_1,02,empathy,4,2,1,These days a chicken leg is a rare dish.,slow,lower,quieter,down,tilting,strong,none,none,none,none,none,none,none,weak,none,none,none,none,none,none,none,none,"Actor 02 said “These days a chicken leg is a rare dish.”, with *slow* **speech rate**, *lower* **pitch**, *quieter* **loudness**, **gaze** *averted* (downwards), while *tilting* their **head**, and *strong* **raised inner eyebrows** and *weak* **a smile**."
S_02_10_05_1_1,02,empathy,5,1,1,Rice is often served in round bowls.,normal,lower,quieter,front,tilting,none,weak,none,none,weak,none,none,none,weak,none,none,none,none,none,none,none,none,"Actor 02 said “Rice is often served in round bowls.”, with *normal* **speech rate**, *lower* **pitch**, *quieter* **loudness**, while **looking at the camera**, while *tilting* their **head**, and *weak* **raised outer eyebrows**, *weak* **raised cheeks**, and *weak* **a smile**."
S_02_10_05_2_1,02,empathy,5,2,1,Rice is often served in round bowls.,slow,lower,quieter,down,tilting,weak,none,none,none,weak,none,none,none,weak,none,none,none,none,none,none,none,none,"Actor 02 said “Rice is often served in round bowls.”, with *slow* **speech rate**, *lower* **pitch**, *quieter* **loudness**, **gaze** *averted* (downwards), while *tilting* their **head**, and *weak* **raised inner eyebrows**, *weak* **raised cheeks**, and *weak* **a smile**."
S_03_00_01_0_1,03,neutral,1,0,1,The birch canoe slid on the smooth planks.,normal,normal,normal,front,none,none,none,none,none,none,none,none,none,none,none,none,none,none,none,none,none,none,"Actor 03 said “The birch canoe slid on the smooth planks.”, with *normal* **speech rate**, *normal* **pitch**, *normal* **loudness**, and while **looking at the camera**."
S_03_00_02_0_1,03,neutral,2,0,1,Glue the sheet to the dark blue background.,normal,normal,normal,front,none,none,none,none,none,none,none,none,none,none,none,none,none,none,none,none,none,none,"Actor 03 said “Glue the sheet to the dark blue background.”, with *normal* **speech rate**, *normal* **pitch**, *normal* **loudness**, and while **looking at the camera**."
S_03_00_03_0_1,03,neutral,3,0,1,It's easy to tell the depth of a well.,normal,normal,normal,front,none,none,none,none,none,none,none,none,none,none,none,none,none,none,none,none,none,none,"Actor 03 said “It's easy to tell the depth of a well.”, with *normal* **speech rate**, *normal* **pitch**, *normal* **loudness**, and while **looking at the camera**."
S_03_00_04_0_1,03,neutral,4,0,1,These days a chicken leg is a rare dish.,normal,normal,normal,front,none,none,none,none,none,none,none,none,none,none,none,none,none,none,none,none,none,none,"Actor 03 said “These days a chicken leg is a rare dish.”, with *normal* **speech rate**, *normal* **pitch**, *normal* **loudness**, and while **looking at the camera**."
S_03_00_05_0_1,03,neutral,5,0,1,Rice is often served in round bowls.,normal,normal,normal,front,none,none,none,none,none,none,none,none,none,none,none,none,none,none,none,none,none,none,"Actor 03 said “Rice is often served in round bowls.”, with *normal* **speech rate**, *normal* **pitch**, *normal* **loudness**, and while **looking at the camera**."
S_03_01_01_1_1,03,fear,1,1,1,The birch canoe slid on the smooth planks.,slow,lower,quieter,down,tilting,none,none,moderate,none,none,none,none,none,none,none,none,none,moderate,none,none,none,none,"Actor 03 said “The birch canoe slid on the smooth planks.”, with *slow* **speech rate**, *lower* **pitch**, *quieter* **loudness**, **gaze** *averted* (downwards), while *tilting* their **head**, and *moderate* **lowered brows** and *moderate* **stretched lips**."
S_03_01_01_2_1,03,fear,1,2,1,The birch canoe slid on the smooth planks.,slow,higher,louder,down,shaking,none,none,strong,none,none,strong,none,none,none,none,strong,none,strong,strong,none,none,none,"Actor 03 said “The birch canoe slid on the smooth planks.”, with *slow* **speech rate**, *higher* **pitch**, *louder* **loudness**, **gaze** *averted* (downwards), while *shaking* their **head**, and *strong* **lowered brows**, *strong* **tightened eyelids**, *strong* **downturned mouth corners**, *strong* **stretched lips**, and *strong* **tightened lips**."
S_03_01_02_1_1,03,fear,2,1,1,Glue the sheet to the dark blue background.,slow,lower,quieter,down,none,none,none,weak,none,none,none,none,none,none,none,none,none,weak,none,none,none,none,"Actor 03 said “Glue the sheet to the dark blue background.”, with *slow* **speech rate**, *lower* **pitch**, *quieter* **loudness**, **gaze** *averted* (downwards), and *weak* **lowered brows** and *weak* **stretched lips**."
S_03_01_02_2_1,03,fear,2,2,1,Glue the sheet to the dark blue background.,slow,higher,louder,up,shaking,none,none,strong,none,none,strong,moderate,none,none,none,strong,none,strong,strong,none,none,none,"Actor 03 said “Glue the sheet to the dark blue background.”, with *slow* **speech rate**, *higher* **pitch**, *louder* **loudness**, **gaze** *averted* (upwards), while *shaking* their **head**, and *strong* **lowered brows**, *strong* **tightened eyelids**, *moderate* **wrinkled nose**, *strong* **downturned mouth corners**, *strong* **stretched lips**, and *strong* **tightened lips**."
S_03_01_03_1_1,03,fear,3,1,1,It's easy to tell the depth of a well.,normal,lower,quieter,down,tilting,weak,none,weak,none,none,none,none,none,none,none,weak,none,none,weak,none,none,weak,"Actor 03 said “It's easy to tell the depth of a well.”, with *normal* **speech rate**, *lower* **pitch**, *quieter* **loudness**, **gaze** *averted* (downwards), while *tilting* their **head**, and *weak* **raised inner eyebrows**, *weak* **lowered brows**, *weak* **downturned mouth corners**, *weak* **tightened lips**, and *weak* **blinking**."
S_03_01_03_2_1,03,fear,3,2,1,It's easy to tell the depth of a well.,slow,lower,quieter,down,shaking,moderate,none,moderate,none,none,none,none,none,none,none,weak,none,none,none,none,none,none,"Actor 03 said “It's easy to tell the depth of a well.”, with *slow* **speech rate**, *lower* **pitch**, *quieter* **loudness**, **gaze** *averted* (downwards), while *shaking* their **head**, and *moderate* **raised inner eyebrows**, *moderate* **lowered brows**, and *weak* **downturned mouth corners**."
S_03_01_04_1_1,03,fear,4,1,1,These days a chicken leg is a rare dish.,normal,lower,quieter,down,none,none,none,weak,none,none,none,none,none,none,none,none,none,weak,weak,none,none,none,"Actor 03 said “These days a chicken leg is a rare dish.”, with *normal* **speech rate**, *lower* **pitch**, *quieter* **loudness**, **gaze** *averted* (downwards), and *weak* **lowered brows**, *weak* **stretched lips**, and *weak* **tightened lips**."
S_03_01_04_2_1,03,fear,4,2,1,These days a chicken leg is a rare dish.,slow,higher,louder,down,shaking,none,none,strong,none,none,moderate,none,none,none,none,moderate,none,strong,strong,none,none,none,"Actor 03 said “These days a chicken leg is a rare dish.”, with *slow* **speech rate**, *higher* **pitch**, *louder* **loudness**, **gaze** *averted* (downwards), while *shaking* their **head**, and *strong* **lowered brows**, *moderate* **tightened eyelids**, *moderate* **downturned mouth corners**, *strong* **stretched lips**, and *strong* **tightened lips**."
S_03_01_05_1_1,03,fear,5,1,1,Rice is often served in round bowls.,normal,lower,quieter,down,tilting,none,none,weak,none,none,none,weak,none,none,none,none,none,weak,none,none,none,none,"Actor 03 said “Rice is often served in round bowls.”, with *normal* **speech rate**, *lower* **pitch**, *quieter* **loudness**, **gaze** *averted* (downwards), while *tilting* their **head**, and *weak* **lowered brows**, *weak* **wrinkled nose**, and *weak* **stretched lips**."
S_03_01_05_2_1,03,fear,5,2,1,Rice is often served in round bowls.,slow,higher,louder,down,shaking,strong,none,strong,none,none,strong,none,none,none,none,strong,none,strong,strong,none,none,none,"Actor 03 said “Rice is often served in round bowls.”, with *slow* **speech rate**, *higher* **pitch**, *louder* **loudness**, **gaze** *averted* (downwards), while *shaking* their **head**, and *strong* **raised inner eyebrows**, *strong* **lowered brows**, *strong* **tightened eyelids**, *strong* **downturned mouth corners**, *strong* **stretched lips**, and *strong* **tightened lips**."
S_03_02_01_1_1,03,anger,1,1,1,The birch canoe slid on the smooth planks.,normal,lower,louder,front,none,none,none,weak,none,none,none,none,none,none,none,moderate,none,none,weak,none,none,none,"Actor 03 said “The birch canoe slid on the smooth planks.”, with *normal* **speech rate**, *lower* **pitch**, *louder* **loudness**, while **looking at the camera**, and *weak* **lowered brows**, *moderate* **downturned mouth corners**, and *weak* **tightened lips**."
S_03_02_01_2_1,03,anger,1,2,1,The birch canoe slid on the smooth planks.,fast,higher,louder,front,shaking,moderate,none,strong,none,none,strong,strong,strong,none,moderate,strong,moderate,moderate,strong,none,none,none,"Actor 03 said “The birch canoe slid on the smooth planks.”, with *fast* **speech rate**, *higher* **pitch**, *louder* **loudness**, while **looking at the camera**, while *shaking* their **head**, and *moderate* **raised inner eyebrows**, *strong* **lowered brows**, *strong* **tightened eyelids**, *strong* **wrinkled nose**, *strong* **raised upper lip**, *moderate* **a tight smile**, *strong* **downturned mouth corners**, *moderate* **raised chin**, *moderate* **stretched lips**, and *strong* **tightened lips**."
S_03_02_02_1_1,03,anger,2,1,1,Glue the sheet to the dark blue background.,normal,normal,louder,front,none,none,none,moderate,none,none,none,none,none,none,none,moderate,none,none,none,none,none,none,"Actor 03 said “Glue the sheet to the dark blue background.”, with *normal* **speech rate**, *normal* **pitch**, *louder* **loudness**, while **looking at the camera**, and *moderate* **lowered brows** and *moderate* **downturned mouth corners**."
S_03_02_02_2_1,03,anger,2,2,1,Glue the sheet to the dark blue background.,fast,higher,louder,front,shaking,none,none,strong,none,none,strong,none,strong,none,none,strong,none,none,none,none,none,none,"Actor 03 said “Glue the sheet to the dark blue background.”, with *fast* **speech rate**, *higher* **pitch**, *louder* **loudness**, while **looking at the camera**, while *shaking* their **head**, and *strong* **lowered brows**, *strong* **tightened eyelids**, *strong* **raised upper lip**, and *strong* **downturned mouth corners**."
S_03_02_03_1_1,03,anger,3,1,1,It's easy to tell the depth of a well.,normal,lower,louder,front,shaking,none,none,weak,none,none,weak,none,none,none,none,weak,none,weak,weak,none,none,none,"Actor 03 said “It's easy to tell the depth of a well.”, with *normal* **speech rate**, *lower* **pitch**, *louder* **loudness**, while **looking at the camera**, while *shaking* their **head**, and *weak* **lowered brows**, *weak* **tightened eyelids**, *weak* **downturned mouth corners**, *weak* **stretched lips**, and *weak* **tightened lips**."
S_03_02_03_2_1,03,anger,3,2,1,It's easy to tell the depth of a well.,fast,higher,louder,front,shaking,none,none,strong,none,none,strong,none,strong,none,none,strong,none,strong,strong,none,none,none,"Actor 03 said “It's easy to tell the depth of a well.”, with *fast* **speech rate**, *higher* **pitch**, *louder* **loudness**, while **looking at the camera**, while *shaking* their **head**, and *strong* **lowered brows**, *strong* **tightened eyelids**, *strong* **raised upper lip**, *strong* **downturned mouth corners**, *strong* **stretched lips**, and *strong* **tightened lips**."
S_03_02_04_1_1,03,anger,4,1,1,These days a chicken leg is a rare dish.,normal,lower,louder,front,shaking,none,none,weak,none,none,none,none,weak,none,none,weak,none,none,moderate,none,none,none,"Actor 03 said “These days a chicken leg is a rare dish.”, with *normal* **speech rate**, *lower* **pitch**, *louder* **loudness**, while **looking at the camera**, while *shaking* their **head**, and *weak* **lowered brows**, *weak* **raised upper lip**, *weak* **downturned mouth corners**, and *moderate* **tightened lips**."
S_03_02_04_2_1,03,anger,4,2,1,These days a chicken leg is a rare dish.,fast,higher,louder,front,shaking,none,none,strong,none,none,strong,weak,weak,none,strong,strong,none,none,strong,none,none,none,"Actor 03 said “These days a chicken leg is a rare dish.”, with *fast* **speech rate**, *higher* **pitch**, *louder* **loudness**, while **looking at the camera**, while *shaking* their **head**, and *strong* **lowered brows**, *strong* **tightened eyelids**, *weak* **wrinkled nose**, *weak* **raised upper lip**, *strong* **a tight smile**, *strong* **downturned mouth corners**, and *strong* **tightened lips**."
S_03_02_05_1_1,03,anger,5,1,1,Rice is often served in round bowls.,normal,lower,louder,front,none,none,none,moderate,none,none,none,none,moderate,none,none,weak,none,weak,weak,none,none,none,"Actor 03 said “Rice is often served in round bowls.”, with *normal* **speech rate**, *lower* **pitch**, *louder* **loudness**, while **looking at the camera**, and *moderate* **lowered brows**, *moderate* **raised upper lip**, *weak* **downturned mouth corners**, *weak* **stretched lips**, and *weak* **tightened lips**."
S_03_02_05_2_1,03,anger,5,2,1,Rice is often served in round bowls.,fast,higher,louder,front,shaking,strong,none,strong,strong,none,strong,strong,strong,none,strong,strong,strong,strong,strong,strong,none,none,"Actor 03 said “Rice is often served in round bowls.”, with *fast* **speech rate**, *higher* **pitch**, *louder* **loudness**, while **looking at the camera**, while *shaking* their **head**, and *strong* **raised inner eyebrows**, *strong* **lowered brows**, *strong* **raised upper eyelids**, *strong* **tightened eyelids**, *strong* **wrinkled nose**, *strong* **raised upper lip**, *strong* **a tight smile**, *strong* **downturned mouth corners**, *strong* **raised chin**, *strong* **stretched lips**, *strong* **tightened lips**, and *strong* **parted lips**."
S_03_03_01_1_1,03,happiness,1,1,1,The birch canoe slid on the smooth planks.,normal,higher,quieter,front,none,none,moderate,none,none,moderate,none,none,none,moderate,none,none,none,none,none,none,none,none,"Actor 03 said “The birch canoe slid on the smooth planks.”, with *normal* **speech rate**, *higher* **pitch**, *quieter* **loudness**, while **looking at the camera**, and *moderate* **raised outer eyebrows**, *moderate* **raised cheeks**, and *moderate* **a smile**."
S_03_03_01_2_1,03,happiness,1,2,1,The birch canoe slid on the smooth planks.,fast,higher,louder,front,nodding,none,strong,none,none,strong,none,none,moderate,strong,none,none,weak,none,none,moderate,weak,none,"Actor 03 said “The birch canoe slid on the smooth planks.”, with *fast* **speech rate**, *higher* **pitch**, *louder* **loudness**, while **looking at the camera**, while *nodding*, and *strong* **raised outer eyebrows**, *strong* **raised cheeks**, *moderate* **raised upper lip**, *strong* **a smile**, *weak* **raised chin**, *moderate* **parted lips**, and *weak* **a dropped jaw**."
S_03_03_02_1_1,03,happiness,2,1,1,Glue the sheet to the dark blue background.,normal,higher,normal,front,none,none,weak,none,none,weak,none,none,none,moderate,none,none,none,none,none,none,none,none,"Actor 03 said “Glue the sheet to the dark blue background.”, with *normal* **speech rate**, *higher* **pitch**, *normal* **loudness**, while **looking at the camera**, and *weak* **raised outer eyebrows**, *weak* **raised cheeks**, and *moderate* **a smile**."
S_03_03_02_2_1,03,happiness,2,2,1,Glue the sheet to the dark blue background.,fast,higher,louder,front,none,none,strong,none,moderate,strong,none,none,strong,strong,none,none,none,none,none,strong,moderate,none,"Actor 03 said “Glue the sheet to the dark blue background.”, with *fast* **speech rate**, *higher* **pitch**, *louder* **loudness**, while **looking at the camera**, and *strong* **raised outer eyebrows**, *moderate* **raised upper eyelids**, *strong* **raised cheeks**, *strong* **raised upper lip**, *strong* **a smile**, *strong* **parted lips**, and *moderate* **a dropped jaw**."
S_03_03_03_1_1,03,happiness,3,1,1,It's easy to tell the depth of a well.,normal,higher,normal,front,tilting,none,weak,none,none,weak,none,none,none,weak,none,none,none,none,none,none,none,none,"Actor 03 said “It's easy to tell the depth of a well.”, with *normal* **speech rate**, *higher* **pitch**, *normal* **loudness**, while **looking at the camera**, while *tilting* their **head**, and *weak* **raised outer eyebrows**, *weak* **raised cheeks**, and *weak* **a smile**."
S_03_03_03_2_1,03,happiness,3,2,1,It's easy to tell the depth of a well.,fast,higher,louder,front,none,none,strong,none,moderate,strong,none,none,moderate,strong,none,none,none,none,none,strong,moderate,none,"Actor 03 said “It's easy to tell the depth of a well.”, with *fast* **speech rate**, *higher* **pitch**, *louder* **loudness**, while **looking at the camera**, and *strong* **raised outer eyebrows**, *moderate* **raised upper eyelids**, *strong* **raised cheeks**, *moderate* **raised upper lip**, *strong* **a smile**, *strong* **parted lips**, and *moderate* **a dropped jaw**."
S_03_03_04_1_1,03,happiness,4,1,1,These days a chicken leg is a rare dish.,normal,higher,normal,front,none,none,weak,none,none,weak,none,none,none,weak,none,none,none,none,none,none,none,none,"Actor 03 said “These days a chicken leg is a rare dish.”, with *normal* **speech rate**, *higher* **pitch**, *normal* **loudness**, while **looking at the camera**, and *weak* **raised outer eyebrows**, *weak* **raised cheeks**, and *weak* **a smile**."
S_03_03_04_2_1,03,happiness,4,2,1,These days a chicken leg is a rare dish.,fast,higher,louder,front,nodding,none,strong,none,none,strong,none,none,none,strong,none,none,none,none,none,none,none,none,"Actor 03 said “These days a chicken leg is a rare dish.”, with *fast* **speech rate**, *higher* **pitch**, *louder* **loudness**, while **looking at the camera**, while *nodding*, and *strong* **raised outer eyebrows**, *strong* **raised cheeks**, and *strong* **a smile**."
S_03_03_05_1_1,03,happiness,5,1,1,Rice is often served in round bowls.,normal,higher,quieter,front,tilting,weak,weak,none,none,weak,none,none,weak,weak,none,none,none,none,none,none,none,none,"Actor 03 said “Rice is often served in round bowls.”, with *normal* **speech rate**, *higher* **pitch**, *quieter* **loudness**, while **looking at the camera**, while *tilting* their **head**, and *weak* **raised inner eyebrows**, *weak* **raised outer eyebrows**, *weak* **raised cheeks**, *weak* **raised upper lip**, and *weak* **a smile**."
S_03_03_05_2_1,03,happiness,5,2,1,Rice is often served in round bowls.,fast,higher,louder,front,nodding,weak,strong,none,moderate,strong,none,none,moderate,strong,none,none,weak,none,none,strong,moderate,none,"Actor 03 said “Rice is often served in round bowls.”, with *fast* **speech rate**, *higher* **pitch**, *louder* **loudness**, while **looking at the camera**, while *nodding*, and *weak* **raised inner eyebrows**, *strong* **raised outer eyebrows**, *moderate* **raised upper eyelids**, *strong* **raised cheeks**, *moderate* **raised upper lip**, *strong* **a smile**, *weak* **raised chin**, *strong* **parted lips**, and *moderate* **a dropped jaw**."
S_03_04_01_1_1,03,sadness,1,1,1,The birch canoe slid on the smooth planks.,slow,lower,quieter,down,tilting,weak,none,weak,none,none,none,weak,none,none,none,weak,none,none,none,none,none,none,"Actor 03 said “The birch canoe slid on the smooth planks.”, with *slow* **speech rate**, *lower* **pitch**, *quieter* **loudness**, **gaze** *averted* (downwards), while *tilting* their **head**, and *weak* **raised inner eyebrows**, *weak* **lowered brows**, *weak* **wrinkled nose**, and *weak* **downturned mouth corners**."
S_03_04_01_2_1,03,sadness,1,2,1,The birch canoe slid on the smooth planks.,slow,lower,quieter,down,none,moderate,none,moderate,none,none,weak,none,none,none,none,moderate,none,none,moderate,none,none,none,"Actor 03 said “The birch canoe slid on the smooth planks.”, with *slow* **speech rate**, *lower* **pitch**, *quieter* **loudness**, **gaze** *averted* (downwards), and *moderate* **raised inner eyebrows**, *moderate* **lowered brows**, *weak* **tightened eyelids**, *moderate* **downturned mouth corners**, and *moderate* **tightened lips**."
S_03_04_02_1_1,03,sadness,2,1,1,Glue the sheet to the dark blue background.,slow,lower,quieter,down,tilting,weak,none,weak,none,none,none,weak,none,none,none,weak,none,none,none,none,none,none,"Actor 03 said “Glue the sheet to the dark blue background.”, with *slow* **speech rate**, *lower* **pitch**, *quieter* **loudness**, **gaze** *averted* (downwards), while *tilting* their **head**, and *weak* **raised inner eyebrows**, *weak* **lowered brows**, *weak* **wrinkled nose**, and *weak* **downturned mouth corners**."
S_03_04_02_2_1,03,sadness,2,2,1,Glue the sheet to the dark blue background.,slow,lower,quieter,down,tilting,strong,none,strong,none,none,none,strong,none,none,none,strong,none,strong,strong,none,none,none,"Actor 03 said “Glue the sheet to the dark blue background.”, with *slow* **speech rate**, *lower* **pitch**, *quieter* **loudness**, **gaze** *averted* (downwards), while *tilting* their **head**, and *strong* **raised inner eyebrows**, *strong* **lowered brows**, *strong* **wrinkled nose**, *strong* **downturned mouth corners**, *strong* **stretched lips**, and *strong* **tightened lips**."
S_03_04_03_1_1,03,sadness,3,1,1,It's easy to tell the depth of a well.,slow,lower,quieter,down,tilting,weak,none,none,none,none,none,weak,none,none,none,weak,none,none,none,none,none,none,"Actor 03 said “It's easy to tell the depth of a well.”, with *slow* **speech rate**, *lower* **pitch**, *quieter* **loudness**, **gaze** *averted* (downwards), while *tilting* their **head**, and *weak* **raised inner eyebrows**, *weak* **wrinkled nose**, and *weak* **downturned mouth corners**."
S_03_04_03_2_1,03,sadness,3,2,1,It's easy to tell the depth of a well.,slow,lower,quieter,down,tilting,moderate,none,moderate,none,none,none,moderate,none,none,none,moderate,none,none,moderate,none,none,none,"Actor 03 said “It's easy to tell the depth of a well.”, with *slow* **speech rate**, *lower* **pitch**, *quieter* **loudness**, **gaze** *averted* (downwards), while *tilting* their **head**, and *moderate* **raised inner eyebrows**, *moderate* **lowered brows**, *moderate* **wrinkled nose**, *moderate* **downturned mouth corners**, and *moderate* **tightened lips**."
S_03_04_04_1_1,03,sadness,4,1,1,These days a chicken leg is a rare dish.,slow,lower,quieter,down,tilting,weak,none,none,none,none,none,weak,none,none,none,weak,none,none,none,none,none,none,"Actor 03 said “These days a chicken leg is a rare dish.”, with *slow* **speech rate**, *lower* **pitch**, *quieter* **loudness**, **gaze** *averted* (downwards), while *tilting* their **head**, and *weak* **raised inner eyebrows**, *weak* **wrinkled nose**, and *weak* **downturned mouth corners**."
S_03_04_04_2_1,03,sadness,4,2,1,These days a chicken leg is a rare dish.,slow,lower,quieter,down,tilting,moderate,none,moderate,none,none,moderate,none,none,none,none,moderate,none,none,moderate,none,none,none,"Actor 03 said “These days a chicken leg is a rare dish.”, with *slow* **speech rate**, *lower* **pitch**, *quieter* **loudness**, **gaze** *averted* (downwards), while *tilting* their **head**, and *moderate* **raised inner eyebrows**, *moderate* **lowered brows**, *moderate* **tightened eyelids**, *moderate* **downturned mouth corners**, and *moderate* **tightened lips**."
S_03_04_05_1_1,03,sadness,5,1,1,Rice is often served in round bowls.,slow,lower,quieter,down,tilting,weak,none,moderate,none,none,none,weak,none,none,none,weak,none,none,none,none,none,none,"Actor 03 said “Rice is often served in round bowls.”, with *slow* **speech rate**, *lower* **pitch**, *quieter* **loudness**, **gaze** *averted* (downwards), while *tilting* their **head**, and *weak* **raised inner eyebrows**, *moderate* **lowered brows**, *weak* **wrinkled nose**, and *weak* **downturned mouth corners**."
S_03_04_05_2_1,03,sadness,5,2,1,Rice is often served in round bowls.,slow,lower,quieter,down,tilting,none,none,strong,none,none,none,weak,none,none,none,strong,none,weak,strong,none,none,none,"Actor 03 said “Rice is often served in round bowls.”, with *slow* **speech rate**, *lower* **pitch**, *quieter* **loudness**, **gaze** *averted* (downwards), while *tilting* their **head**, and *strong* **lowered brows**, *weak* **wrinkled nose**, *strong* **downturned mouth corners**, *weak* **stretched lips**, and *strong* **tightened lips**."
S_03_05_01_1_1,03,disgust,1,1,1,The birch canoe slid on the smooth planks.,normal,lower,quieter,down,tilting,none,none,moderate,none,none,none,weak,none,none,none,weak,none,weak,none,none,none,none,"Actor 03 said “The birch canoe slid on the smooth planks.”, with *normal* **speech rate**, *lower* **pitch**, *quieter* **loudness**, **gaze** *averted* (downwards), while *tilting* their **head**, and *moderate* **lowered brows**, *weak* **wrinkled nose**, *weak* **downturned mouth corners**, and *weak* **stretched lips**."
S_03_05_01_2_1,03,disgust,1,2,1,The birch canoe slid on the smooth planks.,slow,lower,quieter,down,shaking,none,none,strong,none,none,strong,strong,strong,none,strong,strong,none,strong,strong,none,none,none,"Actor 03 said “The birch canoe slid on the smooth planks.”, with *slow* **speech rate**, *lower* **pitch**, *quieter* **loudness**, **gaze** *averted* (downwards), while *shaking* their **head**, and *strong* **lowered brows**, *strong* **tightened eyelids**, *strong* **wrinkled nose**, *strong* **raised upper lip**, *strong* **a tight smile**, *strong* **downturned mouth corners**, *strong* **stretched lips**, and *strong* **tightened lips**."
S_03_05_02_1_1,03,disgust,2,1,1,Glue the sheet to the dark blue background.,normal,lower,quieter,down,tilting,none,none,weak,none,none,none,weak,none,none,none,weak,none,none,none,none,none,none,"Actor 03 said “Glue the sheet to the dark blue background.”, with *normal* **speech rate**, *lower* **pitch**, *quieter* **loudness**, **gaze** *averted* (downwards), while *tilting* their **head**, and *weak* **lowered brows**, *weak* **wrinkled nose**, and *weak* **downturned mouth corners**."
S_03_05_02_2_1,03,disgust,2,2,1,Glue the sheet to the dark blue background.,slow,lower,quieter,down,shaking,none,none,strong,none,none,strong,strong,strong,none,strong,strong,none,strong,strong,none,none,none,"Actor 03 said “Glue the sheet to the dark blue background.”, with *slow* **speech rate**, *lower* **pitch**, *quieter* **loudness**, **gaze** *averted* (downwards), while *shaking* their **head**, and *strong* **lowered brows**, *strong* **tightened eyelids**, *strong* **wrinkled nose**, *strong* **raised upper lip**, *strong* **a tight smile**, *strong* **downturned mouth corners**, *strong* **stretched lips**, and *strong* **tightened lips**."
S_03_05_03_1_1,03,disgust,3,1,1,It's easy to tell the depth of a well.,normal,lower,quieter,down,tilting,none,none,weak,none,none,none,weak,none,none,none,none,none,weak,none,none,none,none,"Actor 03 said “It's easy to tell the depth of a well.”, with *normal* **speech rate**, *lower* **pitch**, *quieter* **loudness**, **gaze** *averted* (downwards), while *tilting* their **head**, and *weak* **lowered brows**, *weak* **wrinkled nose**, and *weak* **stretched lips**."
S_03_05_03_2_1,03,disgust,3,2,1,It's easy to tell the depth of a well.,slow,lower,quieter,down,tilting,none,none,strong,none,none,strong,strong,strong,none,none,strong,none,strong,strong,none,none,none,"Actor 03 said “It's easy to tell the depth of a well.”, with *slow* **speech rate**, *lower* **pitch**, *quieter* **loudness**, **gaze** *averted* (downwards), while *tilting* their **head**, and *strong* **lowered brows**, *strong* **tightened eyelids**, *strong* **wrinkled nose**, *strong* **raised upper lip**, *strong* **downturned mouth corners**, *strong* **stretched lips**, and *strong* **tightened lips**."
S_03_05_04_1_1,03,disgust,4,1,1,These days a chicken leg is a rare dish.,normal,lower,quieter,down,tilting,none,none,weak,none,none,weak,weak,none,none,none,weak,none,weak,none,none,none,none,"Actor 03 said “These days a chicken leg is a rare dish.”, with *normal* **speech rate**, *lower* **pitch**, *quieter* **loudness**, **gaze** *averted* (downwards), while *tilting* their **head**, and *weak* **lowered brows**, *weak* **tightened eyelids**, *weak* **wrinkled nose**, *weak* **downturned mouth corners**, and *weak* **stretched lips**."
S_03_05_04_2_1,03,disgust,4,2,1,These days a chicken leg is a rare dish.,slow,lower,quieter,down,shaking,none,none,strong,none,none,moderate,strong,moderate,none,none,moderate,none,moderate,moderate,none,none,none,"Actor 03 said “These days a chicken leg is a rare dish.”, with *slow* **speech rate**, *lower* **pitch**, *quieter* **loudness**, **gaze** *averted* (downwards), while *shaking* their **head**, and *strong* **lowered brows**, *moderate* **tightened eyelids**, *strong* **wrinkled nose**, *moderate* **raised upper lip**, *moderate* **downturned mouth corners**, *moderate* **stretched lips**, and *moderate* **tightened lips**."
S_03_05_05_1_1,03,disgust,5,1,1,Rice is often served in round bowls.,slow,lower,quieter,down,tilting,none,none,weak,none,none,weak,weak,none,none,none,weak,none,none,none,none,none,none,"Actor 03 said “Rice is often served in round bowls.”, with *slow* **speech rate**, *lower* **pitch**, *quieter* **loudness**, **gaze** *averted* (downwards), while *tilting* their **head**, and *weak* **lowered brows**, *weak* **tightened eyelids**, *weak* **wrinkled nose**, and *weak* **downturned mouth corners**."
S_03_05_05_2_1,03,disgust,5,2,1,Rice is often served in round bowls.,slow,lower,quieter,down,shaking,none,none,strong,none,none,strong,strong,strong,none,strong,strong,none,strong,strong,none,none,none,"Actor 03 said “Rice is often served in round bowls.”, with *slow* **speech rate**, *lower* **pitch**, *quieter* **loudness**, **gaze** *averted* (downwards), while *shaking* their **head**, and *strong* **lowered brows**, *strong* **tightened eyelids**, *strong* **wrinkled nose**, *strong* **raised upper lip**, *strong* **a tight smile**, *strong* **downturned mouth corners**, *strong* **stretched lips**, and *strong* **tightened lips**."
S_03_06_01_1_1,03,surprise,1,1,1,The birch canoe slid on the smooth planks.,normal,higher,normal,front,tilting,none,weak,none,weak,none,none,none,none,none,none,none,none,weak,none,none,none,none,"Actor 03 said “The birch canoe slid on the smooth planks.”, with *normal* **speech rate**, *higher* **pitch**, *normal* **loudness**, while **looking at the camera**, while *tilting* their **head**, and *weak* **raised outer eyebrows**, *weak* **raised upper eyelids**, and *weak* **stretched lips**."
S_03_06_01_2_1,03,surprise,1,2,1,The birch canoe slid on the smooth planks.,fast,higher,louder,up,tilting,strong,strong,none,strong,strong,none,none,none,strong,none,none,none,none,moderate,strong,moderate,none,"Actor 03 said “The birch canoe slid on the smooth planks.”, with *fast* **speech rate**, *higher* **pitch**, *louder* **loudness**, **gaze** *averted* (upwards), while *tilting* their **head**, and *strong* **raised inner eyebrows**, *strong* **raised outer eyebrows**, *strong* **raised upper eyelids**, *strong* **raised cheeks**, *strong* **a smile**, *moderate* **tightened lips**, *strong* **parted lips**, and *moderate* **a dropped jaw**."
S_03_06_02_1_1,03,surprise,2,1,1,Glue the sheet to the dark blue background.,normal,higher,normal,front,none,none,weak,none,none,weak,none,none,none,none,none,none,none,moderate,none,none,none,none,"Actor 03 said “Glue the sheet to the dark blue background.”, with *normal* **speech rate**, *higher* **pitch**, *normal* **loudness**, while **looking at the camera**, and *weak* **raised outer eyebrows**, *weak* **raised cheeks**, and *moderate* **stretched lips**."
S_03_06_02_2_1,03,surprise,2,2,1,Glue the sheet to the dark blue background.,fast,higher,louder,front,tilting,none,strong,none,strong,weak,none,none,none,weak,none,none,none,none,none,strong,strong,none,"Actor 03 said “Glue the sheet to the dark blue background.”, with *fast* **speech rate**, *higher* **pitch**, *louder* **loudness**, while **looking at the camera**, while *tilting* their **head**, and *strong* **raised outer eyebrows**, *strong* **raised upper eyelids**, *weak* **raised cheeks**, *weak* **a smile**, *strong* **parted lips**, and *strong* **a dropped jaw**."
S_03_06_03_1_1,03,surprise,3,1,1,It's easy to tell the depth of a well.,normal,higher,normal,up,tilting,none,weak,none,weak,none,none,none,none,none,none,none,none,none,none,none,none,none,"Actor 03 said “It's easy to tell the depth of a well.”, with *normal* **speech rate**, *higher* **pitch**, *normal* **loudness**, **gaze** *averted* (upwards), while *tilting* their **head**, and *weak* **raised outer eyebrows** and *weak* **raised upper eyelids**."
S_03_06_03_2_1,03,surprise,3,2,1,It's easy to tell the depth of a well.,fast,higher,louder,front,none,none,strong,none,strong,none,none,none,none,none,none,none,none,strong,none,strong,moderate,none,"Actor 03 said “It's easy to tell the depth of a well.”, with *fast* **speech rate**, *higher* **pitch**, *louder* **loudness**, while **looking at the camera**, and *strong* **raised outer eyebrows**, *strong* **raised upper eyelids**, *strong* **stretched lips**, *strong* **parted lips**, and *moderate* **a dropped jaw**."
S_03_06_04_1_1,03,surprise,4,1,1,These days a chicken leg is a rare dish.,slow,higher,normal,front,tilting,none,weak,none,weak,none,none,none,none,none,none,none,none,none,none,none,none,none,"Actor 03 said “These days a chicken leg is a rare dish.”, with *slow* **speech rate**, *higher* **pitch**, *normal* **loudness**, while **looking at the camera**, while *tilting* their **head**, and *weak* **raised outer eyebrows** and *weak* **raised upper eyelids**."
S_03_06_04_2_1,03,surprise,4,2,1,These days a chicken leg is a rare dish.,fast,higher,louder,up,tilting,none,strong,none,strong,none,none,none,none,none,none,none,none,none,moderate,none,none,strong,"Actor 03 said “These days a chicken leg is a rare dish.”, with *fast* **speech rate**, *higher* **pitch**, *louder* **loudness**, **gaze** *averted* (upwards), while *tilting* their **head**, and *strong* **raised outer eyebrows**, *strong* **raised upper eyelids**, *moderate* **tightened lips**, and *strong* **blinking**."
S_03_06_05_1_1,03,surprise,5,1,1,Rice is often served in round bowls.,normal,higher,normal,front,none,none,moderate,none,moderate,none,none,none,none,weak,none,none,none,none,none,none,none,none,"Actor 03 said “Rice is often served in round bowls.”, with *normal* **speech rate**, *higher* **pitch**, *normal* **loudness**, while **looking at the camera**, and *moderate* **raised outer eyebrows**, *moderate* **raised upper eyelids**, and *weak* **a smile**."
S_03_06_05_2_1,03,surprise,5,2,1,Rice is often served in round bowls.,fast,higher,louder,up,tilting,none,strong,none,none,none,none,none,none,weak,none,none,none,strong,none,none,moderate,none,"Actor 03 said “Rice is often served in round bowls.”, with *fast* **speech rate**, *higher* **pitch**, *louder* **loudness**, **gaze** *averted* (upwards), while *tilting* their **head**, and *strong* **raised outer eyebrows**, *weak* **a smile**, *strong* **stretched lips**, and *moderate* **a dropped jaw**."
S_03_07_01_1_1,03,confidence,1,1,1,The birch canoe slid on the smooth planks.,normal,normal,normal,front,none,none,none,none,none,weak,none,none,none,weak,none,none,none,none,none,none,none,none,"Actor 03 said “The birch canoe slid on the smooth planks.”, with *normal* **speech rate**, *normal* **pitch**, *normal* **loudness**, while **looking at the camera**, and *weak* **raised cheeks** and *weak* **a smile**."
S_03_07_01_2_1,03,confidence,1,2,1,The birch canoe slid on the smooth planks.,normal,higher,louder,front,none,none,moderate,none,none,moderate,none,none,none,strong,none,none,moderate,none,none,moderate,none,none,"Actor 03 said “The birch canoe slid on the smooth planks.”, with *normal* **speech rate**, *higher* **pitch**, *louder* **loudness**, while **looking at the camera**, and *moderate* **raised outer eyebrows**, *moderate* **raised cheeks**, *strong* **a smile**, *moderate* **raised chin**, and *moderate* **parted lips**."
S_03_07_02_1_1,03,confidence,2,1,1,Glue the sheet to the dark blue background.,normal,normal,normal,front,none,none,weak,none,none,weak,none,none,none,weak,none,none,none,none,none,none,none,none,"Actor 03 said “Glue the sheet to the dark blue background.”, with *normal* **speech rate**, *normal* **pitch**, *normal* **loudness**, while **looking at the camera**, and *weak* **raised outer eyebrows**, *weak* **raised cheeks**, and *weak* **a smile**."
S_03_07_02_2_1,03,confidence,2,2,1,Glue the sheet to the dark blue background.,normal,higher,louder,front,none,none,strong,none,none,strong,none,none,none,strong,none,none,strong,none,none,none,none,none,"Actor 03 said “Glue the sheet to the dark blue background.”, with *normal* **speech rate**, *higher* **pitch**, *louder* **loudness**, while **looking at the camera**, and *strong* **raised outer eyebrows**, *strong* **raised cheeks**, *strong* **a smile**, and *strong* **raised chin**."
S_03_07_03_1_1,03,confidence,3,1,1,It's easy to tell the depth of a well.,normal,normal,normal,front,none,none,weak,none,none,weak,none,none,none,weak,none,none,none,none,none,none,none,none,"Actor 03 said “It's easy to tell the depth of a well.”, with *normal* **speech rate**, *normal* **pitch**, *normal* **loudness**, while **looking at the camera**, and *weak* **raised outer eyebrows**, *weak* **raised cheeks**, and *weak* **a smile**."
S_03_07_03_2_1,03,confidence,3,2,1,It's easy to tell the depth of a well.,fast,higher,louder,front,none,none,strong,none,moderate,strong,none,none,none,strong,none,none,moderate,none,none,none,none,none,"Actor 03 said “It's easy to tell the depth of a well.”, with *fast* **speech rate**, *higher* **pitch**, *louder* **loudness**, while **looking at the camera**, and *strong* **raised outer eyebrows**, *moderate* **raised upper eyelids**, *strong* **raised cheeks**, *strong* **a smile**, and *moderate* **raised chin**."
S_03_07_04_1_1,03,confidence,4,1,1,These days a chicken leg is a rare dish.,normal,normal,normal,front,none,none,weak,none,none,weak,none,none,none,weak,none,none,none,none,none,none,none,none,"Actor 03 said “These days a chicken leg is a rare dish.”, with *normal* **speech rate**, *normal* **pitch**, *normal* **loudness**, while **looking at the camera**, and *weak* **raised outer eyebrows**, *weak* **raised cheeks**, and *weak* **a smile**."
S_03_07_04_2_1,03,confidence,4,2,1,These days a chicken leg is a rare dish.,fast,higher,louder,front,none,none,strong,none,strong,strong,none,none,none,strong,none,none,strong,none,none,strong,none,none,"Actor 03 said “These days a chicken leg is a rare dish.”, with *fast* **speech rate**, *higher* **pitch**, *louder* **loudness**, while **looking at the camera**, and *strong* **raised outer eyebrows**, *strong* **raised upper eyelids**, *strong* **raised cheeks**, *strong* **a smile**, *strong* **raised chin**, and *strong* **parted lips**."
S_03_07_05_1_1,03,confidence,5,1,1,Rice is often served in round bowls.,normal,normal,normal,front,none,none,weak,none,none,weak,none,none,none,weak,none,none,none,none,none,none,none,none,"Actor 03 said “Rice is often served in round bowls.”, with *normal* **speech rate**, *normal* **pitch**, *normal* **loudness**, while **looking at the camera**, and *weak* **raised outer eyebrows**, *weak* **raised cheeks**, and *weak* **a smile**."
S_03_07_05_2_1,03,confidence,5,2,1,Rice is often served in round bowls.,fast,higher,louder,front,none,none,strong,none,none,strong,none,none,none,strong,none,none,moderate,none,none,strong,none,none,"Actor 03 said “Rice is often served in round bowls.”, with *fast* **speech rate**, *higher* **pitch**, *louder* **loudness**, while **looking at the camera**, and *strong* **raised outer eyebrows**, *strong* **raised cheeks**, *strong* **a smile**, *moderate* **raised chin**, and *strong* **parted lips**."
S_03_08_01_1_1,03,confusion,1,1,1,The birch canoe slid on the smooth planks.,slow,lower,quieter,down,tilting,weak,none,none,none,none,none,none,none,none,none,weak,none,moderate,none,none,none,none,"Actor 03 said “The birch canoe slid on the smooth planks.”, with *slow* **speech rate**, *lower* **pitch**, *quieter* **loudness**, **gaze** *averted* (downwards), while *tilting* their **head**, and *weak* **raised inner eyebrows**, *weak* **downturned mouth corners**, and *moderate* **stretched lips**."
S_03_08_01_2_1,03,confusion,1,2,1,The birch canoe slid on the smooth planks.,slow,lower,quieter,down,tilting,moderate,none,moderate,none,none,moderate,none,none,none,none,moderate,none,strong,moderate,none,none,none,"Actor 03 said “The birch canoe slid on the smooth planks.”, with *slow* **speech rate**, *lower* **pitch**, *quieter* **loudness**, **gaze** *averted* (downwards), while *tilting* their **head**, and *moderate* **raised inner eyebrows**, *moderate* **lowered brows**, *moderate* **tightened eyelids**, *moderate* **downturned mouth corners**, *strong* **stretched lips**, and *moderate* **tightened lips**."
S_03_08_02_1_1,03,confusion,2,1,1,Glue the sheet to the dark blue background.,normal,lower,quieter,down,tilting,weak,none,none,none,none,none,weak,none,none,none,weak,none,weak,none,none,none,none,"Actor 03 said “Glue the sheet to the dark blue background.”, with *normal* **speech rate**, *lower* **pitch**, *quieter* **loudness**, **gaze** *averted* (downwards), while *tilting* their **head**, and *weak* **raised inner eyebrows**, *weak* **wrinkled nose**, *weak* **downturned mouth corners**, and *weak* **stretched lips**."
S_03_08_02_2_1,03,confusion,2,2,1,Glue the sheet to the dark blue background.,slow,lower,quieter,down,tilting,moderate,none,moderate,none,none,weak,weak,none,none,none,moderate,none,moderate,moderate,none,none,none,"Actor 03 said “Glue the sheet to the dark blue background.”, with *slow* **speech rate**, *lower* **pitch**, *quieter* **loudness**, **gaze** *averted* (downwards), while *tilting* their **head**, and *moderate* **raised inner eyebrows**, *moderate* **lowered brows**, *weak* **tightened eyelids**, *weak* **wrinkled nose**, *moderate* **downturned mouth corners**, *moderate* **stretched lips**, and *moderate* **tightened lips**."
S_03_08_03_1_1,03,confusion,3,1,1,It's easy to tell the depth of a well.,slow,normal,quieter,down,tilting,none,weak,none,none,none,none,none,none,none,none,weak,none,weak,none,none,none,none,"Actor 03 said “It's easy to tell the depth of a well.”, with *slow* **speech rate**, *normal* **pitch**, *quieter* **loudness**, **gaze** *averted* (downwards), while *tilting* their **head**, and *weak* **raised outer eyebrows**, *weak* **downturned mouth corners**, and *weak* **stretched lips**."
S_03_08_03_2_1,03,confusion,3,2,1,It's easy to tell the depth of a well.,slow,lower,quieter,down,tilting,moderate,none,moderate,none,none,moderate,none,none,none,none,moderate,none,moderate,none,none,none,none,"Actor 03 said “It's easy to tell the depth of a well.”, with *slow* **speech rate**, *lower* **pitch**, *quieter* **loudness**, **gaze** *averted* (downwards), while *tilting* their **head**, and *moderate* **raised inner eyebrows**, *moderate* **lowered brows**, *moderate* **tightened eyelids**, *moderate* **downturned mouth corners**, and *moderate* **stretched lips**."
S_03_08_04_1_1,03,confusion,4,1,1,These days a chicken leg is a rare dish.,slow,normal,quieter,front,tilting,weak,none,none,none,none,none,none,none,none,none,none,none,weak,none,none,none,none,"Actor 03 said “These days a chicken leg is a rare dish.”, with *slow* **speech rate**, *normal* **pitch**, *quieter* **loudness**, while **looking at the camera**, while *tilting* their **head**, and *weak* **raised inner eyebrows** and *weak* **stretched lips**."
S_03_08_04_2_1,03,confusion,4,2,1,These days a chicken leg is a rare dish.,slow,lower,quieter,left,shaking,none,none,weak,none,none,weak,none,none,none,none,weak,none,moderate,moderate,none,none,none,"Actor 03 said “These days a chicken leg is a rare dish.”, with *slow* **speech rate**, *lower* **pitch**, *quieter* **loudness**, **gaze** *averted* (to their left), while *shaking* their **head**, and *weak* **lowered brows**, *weak* **tightened eyelids**, *weak* **downturned mouth corners**, *moderate* **stretched lips**, and *moderate* **tightened lips**."
S_03_08_05_1_1,03,confusion,5,1,1,Rice is often served in round bowls.,normal,lower,quieter,front,tilting,none,none,weak,none,none,none,weak,none,none,none,weak,none,none,weak,none,none,none,"Actor 03 said “Rice is often served in round bowls.”, with *normal* **speech rate**, *lower* **pitch**, *quieter* **loudness**, while **looking at the camera**, while *tilting* their **head**, and *weak* **lowered brows**, *weak* **wrinkled nose**, *weak* **downturned mouth corners**, and *weak* **tightened lips**."
S_03_08_05_2_1,03,confusion,5,2,1,Rice is often served in round bowls.,slow,lower,quieter,down,tilting,weak,none,moderate,none,none,none,weak,none,none,none,weak,none,moderate,moderate,none,none,none,"Actor 03 said “Rice is often served in round bowls.”, with *slow* **speech rate**, *lower* **pitch**, *quieter* **loudness**, **gaze** *averted* (downwards), while *tilting* their **head**, and *weak* **raised inner eyebrows**, *moderate* **lowered brows**, *weak* **wrinkled nose**, *weak* **downturned mouth corners**, *moderate* **stretched lips**, and *moderate* **tightened lips**."
S_03_09_01_1_1,03,contempt,1,1,1,The birch canoe slid on the smooth planks.,normal,lower,quieter,down,tilting,none,none,weak,none,none,none,none,none,none,none,weak,none,none,none,none,none,none,"Actor 03 said “The birch canoe slid on the smooth planks.”, with *normal* **speech rate**, *lower* **pitch**, *quieter* **loudness**, **gaze** *averted* (downwards), while *tilting* their **head**, and *weak* **lowered brows** and *weak* **downturned mouth corners**."
S_03_09_01_2_1,03,contempt,1,2,1,The birch canoe slid on the smooth planks.,normal,lower,louder,down,shaking,none,none,none,none,none,moderate,none,none,none,moderate,strong,moderate,none,strong,none,none,none,"Actor 03 said “The birch canoe slid on the smooth planks.”, with *normal* **speech rate**, *lower* **pitch**, *louder* **loudness**, **gaze** *averted* (downwards), while *shaking* their **head**, and *moderate* **tightened eyelids**, *moderate* **a tight smile**, *strong* **downturned mouth corners**, *moderate* **raised chin**, and *strong* **tightened lips**."
S_03_09_02_1_1,03,contempt,2,1,1,Glue the sheet to the dark blue background.,normal,lower,quieter,front,none,none,none,weak,none,none,none,none,none,none,none,weak,none,none,none,none,none,none,"Actor 03 said “Glue the sheet to the dark blue background.”, with *normal* **speech rate**, *lower* **pitch**, *quieter* **loudness**, while **looking at the camera**, and *weak* **lowered brows** and *weak* **downturned mouth corners**."
S_03_09_02_2_1,03,contempt,2,2,1,Glue the sheet to the dark blue background.,normal,lower,louder,down,tilting,none,none,strong,none,none,strong,strong,none,none,weak,strong,strong,strong,strong,none,none,none,"Actor 03 said “Glue the sheet to the dark blue background.”, with *normal* **speech rate**, *lower* **pitch**, *louder* **loudness**, **gaze** *averted* (downwards), while *tilting* their **head**, and *strong* **lowered brows**, *strong* **tightened eyelids**, *strong* **wrinkled nose**, *weak* **a tight smile**, *strong* **downturned mouth corners**, *strong* **raised chin**, *strong* **stretched lips**, and *strong* **tightened lips**."
S_03_09_03_1_1,03,contempt,3,1,1,It's easy to tell the depth of a well.,normal,lower,quieter,front,none,none,none,weak,none,none,none,none,none,weak,none,none,none,none,none,none,none,none,"Actor 03 said “It's easy to tell the depth of a well.”, with *normal* **speech rate**, *lower* **pitch**, *quieter* **loudness**, while **looking at the camera**, and *weak* **lowered brows** and *weak* **a smile**."
S_03_09_03_2_1,03,contempt,3,2,1,It's easy to tell the depth of a well.,normal,higher,louder,down,tilting,none,none,strong,none,none,none,strong,strong,none,strong,strong,weak,none,strong,none,none,none,"Actor 03 said “It's easy to tell the depth of a well.”, with *normal* **speech rate**, *higher* **pitch**, *louder* **loudness**, **gaze** *averted* (downwards), while *tilting* their **head**, and *strong* **lowered brows**, *strong* **wrinkled nose**, *strong* **raised upper lip**, *strong* **a tight smile**, *strong* **downturned mouth corners**, *weak* **raised chin**, and *strong* **tightened lips**."
S_03_09_04_1_1,03,contempt,4,1,1,These days a chicken leg is a rare dish.,slow,lower,quieter,down,tilting,none,none,weak,none,none,none,weak,weak,none,none,weak,none,weak,weak,none,none,none,"Actor 03 said “These days a chicken leg is a rare dish.”, with *slow* **speech rate**, *lower* **pitch**, *quieter* **loudness**, **gaze** *averted* (downwards), while *tilting* their **head**, and *weak* **lowered brows**, *weak* **wrinkled nose**, *weak* **raised upper lip**, *weak* **downturned mouth corners**, *weak* **stretched lips**, and *weak* **tightened lips**."
S_03_09_04_2_1,03,contempt,4,2,1,These days a chicken leg is a rare dish.,slow,lower,louder,down,tilting,none,none,strong,none,none,none,strong,strong,none,none,strong,strong,strong,none,none,none,none,"Actor 03 said “These days a chicken leg is a rare dish.”, with *slow* **speech rate**, *lower* **pitch**, *louder* **loudness**, **gaze** *averted* (downwards), while *tilting* their **head**, and *strong* **lowered brows**, *strong* **wrinkled nose**, *strong* **raised upper lip**, *strong* **downturned mouth corners**, *strong* **raised chin**, and *strong* **stretched lips**."
S_03_09_05_1_1,03,contempt,5,1,1,Rice is often served in round bowls.,normal,lower,quieter,down,tilting,weak,none,weak,none,none,none,weak,none,none,none,weak,none,none,weak,none,none,none,"Actor 03 said “Rice is often served in round bowls.”, with *normal* **speech rate**, *lower* **pitch**, *quieter* **loudness**, **gaze** *averted* (downwards), while *tilting* their **head**, and *weak* **raised inner eyebrows**, *weak* **lowered brows**, *weak* **wrinkled nose**, *weak* **downturned mouth corners**, and *weak* **tightened lips**."
S_03_09_05_2_1,03,contempt,5,2,1,Rice is often served in round bowls.,slow,lower,louder,down,shaking,none,none,strong,none,none,weak,moderate,moderate,none,none,moderate,none,moderate,moderate,none,none,none,"Actor 03 said “Rice is often served in round bowls.”, with *slow* **speech rate**, *lower* **pitch**, *louder* **loudness**, **gaze** *averted* (downwards), while *shaking* their **head**, and *strong* **lowered brows**, *weak* **tightened eyelids**, *moderate* **wrinkled nose**, *moderate* **raised upper lip**, *moderate* **downturned mouth corners**, *moderate* **stretched lips**, and *moderate* **tightened lips**."
S_03_10_01_1_1,03,empathy,1,1,1,The birch canoe slid on the smooth planks.,normal,lower,quieter,front,tilting,weak,none,none,none,none,none,none,none,weak,none,none,none,none,none,none,none,none,"Actor 03 said “The birch canoe slid on the smooth planks.”, with *normal* **speech rate**, *lower* **pitch**, *quieter* **loudness**, while **looking at the camera**, while *tilting* their **head**, and *weak* **raised inner eyebrows** and *weak* **a smile**."
S_03_10_01_2_1,03,empathy,1,2,1,The birch canoe slid on the smooth planks.,slow,lower,quieter,down,tilting,moderate,none,none,none,moderate,none,none,none,moderate,none,none,none,none,none,none,none,none,"Actor 03 said “The birch canoe slid on the smooth planks.”, with *slow* **speech rate**, *lower* **pitch**, *quieter* **loudness**, **gaze** *averted* (downwards), while *tilting* their **head**, and *moderate* **raised inner eyebrows**, *moderate* **raised cheeks**, and *moderate* **a smile**."
S_03_10_02_1_1,03,empathy,2,1,1,Glue the sheet to the dark blue background.,slow,lower,quieter,front,tilting,weak,none,none,none,weak,none,none,none,weak,none,none,none,none,none,none,none,none,"Actor 03 said “Glue the sheet to the dark blue background.”, with *slow* **speech rate**, *lower* **pitch**, *quieter* **loudness**, while **looking at the camera**, while *tilting* their **head**, and *weak* **raised inner eyebrows**, *weak* **raised cheeks**, and *weak* **a smile**."
S_03_10_02_2_1,03,empathy,2,2,1,Glue the sheet to the dark blue background.,slow,lower,quieter,front,tilting,weak,none,none,none,weak,none,none,none,weak,none,none,none,none,none,none,none,none,"Actor 03 said “Glue the sheet to the dark blue background.”, with *slow* **speech rate**, *lower* **pitch**, *quieter* **loudness**, while **looking at the camera**, while *tilting* their **head**, and *weak* **raised inner eyebrows**, *weak* **raised cheeks**, and *weak* **a smile**."
S_03_10_03_1_1,03,empathy,3,1,1,It's easy to tell the depth of a well.,slow,lower,quieter,front,none,weak,none,none,none,weak,none,none,none,weak,none,none,none,none,none,none,none,none,"Actor 03 said “It's easy to tell the depth of a well.”, with *slow* **speech rate**, *lower* **pitch**, *quieter* **loudness**, while **looking at the camera**, and *weak* **raised inner eyebrows**, *weak* **raised cheeks**, and *weak* **a smile**."
S_03_10_03_2_1,03,empathy,3,2,1,It's easy to tell the depth of a well.,slow,lower,quieter,down,tilting,weak,none,none,none,none,none,none,none,weak,none,none,none,none,none,none,none,none,"Actor 03 said “It's easy to tell the depth of a well.”, with *slow* **speech rate**, *lower* **pitch**, *quieter* **loudness**, **gaze** *averted* (downwards), while *tilting* their **head**, and *weak* **raised inner eyebrows** and *weak* **a smile**."
S_03_10_04_1_1,03,empathy,4,1,1,These days a chicken leg is a rare dish.,slow,lower,quieter,front,tilting,weak,none,none,none,weak,none,none,none,weak,none,none,none,none,none,none,none,none,"Actor 03 said “These days a chicken leg is a rare dish.”, with *slow* **speech rate**, *lower* **pitch**, *quieter* **loudness**, while **looking at the camera**, while *tilting* their **head**, and *weak* **raised inner eyebrows**, *weak* **raised cheeks**, and *weak* **a smile**."
S_03_10_04_2_1,03,empathy,4,2,1,These days a chicken leg is a rare dish.,slow,lower,quieter,down,tilting,strong,moderate,none,moderate,moderate,none,none,none,moderate,none,none,moderate,none,none,none,none,none,"Actor 03 said “These days a chicken leg is a rare dish.”, with *slow* **speech rate**, *lower* **pitch**, *quieter* **loudness**, **gaze** *averted* (downwards), while *tilting* their **head**, and *strong* **raised inner eyebrows**, *moderate* **raised outer eyebrows**, *moderate* **raised upper eyelids**, *moderate* **raised cheeks**, *moderate* **a smile**, and *moderate* **raised chin**."
S_03_10_05_1_1,03,empathy,5,1,1,Rice is often served in round bowls.,normal,normal,quieter,front,tilting,weak,none,none,none,weak,none,none,none,weak,none,none,weak,none,none,none,none,none,"Actor 03 said “Rice is often served in round bowls.”, with *normal* **speech rate**, *normal* **pitch**, *quieter* **loudness**, while **looking at the camera**, while *tilting* their **head**, and *weak* **raised inner eyebrows**, *weak* **raised cheeks**, *weak* **a smile**, and *weak* **raised chin**."
S_03_10_05_2_1,03,empathy,5,2,1,Rice is often served in round bowls.,slow,lower,quieter,front,tilting,moderate,none,none,none,moderate,none,none,none,moderate,none,none,none,none,none,none,none,none,"Actor 03 said “Rice is often served in round bowls.”, with *slow* **speech rate**, *lower* **pitch**, *quieter* **loudness**, while **looking at the camera**, while *tilting* their **head**, and *moderate* **raised inner eyebrows**, *moderate* **raised cheeks**, and *moderate* **a smile**."
S_04_00_01_0_1,04,neutral,1,0,1,The birch canoe slid on the smooth planks.,normal,normal,normal,front,none,none,none,none,none,none,none,none,none,none,none,none,none,none,none,none,none,none,"Actor 04 said “The birch canoe slid on the smooth planks.”, with *normal* **speech rate**, *normal* **pitch**, *normal* **loudness**, and while **looking at the camera**."
S_04_00_02_0_1,04,neutral,2,0,1,Glue the sheet to the dark blue background.,normal,normal,normal,front,none,none,none,none,none,none,none,none,none,none,none,none,none,none,none,none,none,none,"Actor 04 said “Glue the sheet to the dark blue background.”, with *normal* **speech rate**, *normal* **pitch**, *normal* **loudness**, and while **looking at the camera**."
S_04_00_03_0_1,04,neutral,3,0,1,It's easy to tell the depth of a well.,normal,normal,normal,front,none,none,none,none,none,none,none,none,none,none,none,none,none,none,none,none,none,none,"Actor 04 said “It's easy to tell the depth of a well.”, with *normal* **speech rate**, *normal* **pitch**, *normal* **loudness**, and while **looking at the camera**."
S_04_00_04_0_1,04,neutral,4,0,1,These days a chicken leg is a rare dish.,normal,normal,normal,front,none,none,none,none,none,none,none,none,none,none,none,none,none,none,none,none,none,none,"Actor 04 said “These days a chicken leg is a rare dish.”, with *normal* **speech rate**, *normal* **pitch**, *normal* **loudness**, and while **looking at the camera**."
S_04_00_05_0_1,04,neutral,5,0,1,Rice is often served in round bowls.,normal,normal,normal,front,none,none,none,none,none,none,none,none,none,none,none,none,none,none,none,none,none,none,"Actor 04 said “Rice is often served in round bowls.”, with *normal* **speech rate**, *normal* **pitch**, *normal* **loudness**, and while **looking at the camera**."
S_04_01_01_1_1,04,fear,1,1,1,The birch canoe slid on the smooth planks.,slow,lower,quieter,down,tilting,weak,none,weak,none,none,none,weak,none,none,none,weak,none,weak,none,none,none,none,"Actor 04 said “The birch canoe slid on the smooth planks.”, with *slow* **speech rate**, *lower* **pitch**, *quieter* **loudness**, **gaze** *averted* (downwards), while *tilting* their **head**, and *weak* **raised inner eyebrows**, *weak* **lowered brows**, *weak* **wrinkled nose**, *weak* **downturned mouth corners**, and *weak* **stretched lips**."
S_04_01_01_2_1,04,fear,1,2,1,The birch canoe slid on the smooth planks.,slow,higher,louder,up,shaking,none,none,strong,none,none,strong,none,none,none,none,strong,none,strong,strong,none,none,none,"Actor 04 said “The birch canoe slid on the smooth planks.”, with *slow* **speech rate**, *higher* **pitch**, *louder* **loudness**, **gaze** *averted* (upwards), while *shaking* their **head**, and *strong* **lowered brows**, *strong* **tightened eyelids**, *strong* **downturned mouth corners**, *strong* **stretched lips**, and *strong* **tightened lips**."
S_04_01_02_1_1,04,fear,2,1,1,Glue the sheet to the dark blue background.,normal,normal,quieter,down,tilting,weak,none,weak,none,none,none,none,none,none,none,none,none,none,none,none,none,none,"Actor 04 said “Glue the sheet to the dark blue background.”, with *normal* **speech rate**, *normal* **pitch**, *quieter* **loudness**, **gaze** *averted* (downwards), while *tilting* their **head**, and *weak* **raised inner eyebrows** and *weak* **lowered brows**."
S_04_01_02_2_1,04,fear,2,2,1,Glue the sheet to the dark blue background.,slow,higher,louder,down,shaking,strong,none,strong,weak,none,none,moderate,none,none,none,moderate,none,strong,moderate,none,none,none,"Actor 04 said “Glue the sheet to the dark blue background.”, with *slow* **speech rate**, *higher* **pitch**, *louder* **loudness**, **gaze** *averted* (downwards), while *shaking* their **head**, and *strong* **raised inner eyebrows**, *strong* **lowered brows**, *weak* **raised upper eyelids**, *moderate* **wrinkled nose**, *moderate* **downturned mouth corners**, *strong* **stretched lips**, and *moderate* **tightened lips**."
S_04_01_03_1_1,04,fear,3,1,1,It's easy to tell the depth of a well.,slow,lower,quieter,down,tilting,none,none,moderate,none,none,weak,none,none,none,none,weak,none,weak,none,none,none,none,"Actor 04 said “It's easy to tell the depth of a well.”, with *slow* **speech rate**, *lower* **pitch**, *quieter* **loudness**, **gaze** *averted* (downwards), while *tilting* their **head**, and *moderate* **lowered brows**, *weak* **tightened eyelids**, *weak* **downturned mouth corners**, and *weak* **stretched lips**."
S_04_01_03_2_1,04,fear,3,2,1,It's easy to tell the depth of a well.,slow,lower,quieter,down,shaking,none,none,strong,none,none,none,weak,none,none,none,none,none,strong,strong,none,none,none,"Actor 04 said “It's easy to tell the depth of a well.”, with *slow* **speech rate**, *lower* **pitch**, *quieter* **loudness**, **gaze** *averted* (downwards), while *shaking* their **head**, and *strong* **lowered brows**, *weak* **wrinkled nose**, *strong* **stretched lips**, and *strong* **tightened lips**."
S_04_01_04_1_1,04,fear,4,1,1,These days a chicken leg is a rare dish.,slow,lower,quieter,down,none,weak,none,weak,none,none,weak,none,none,none,none,weak,none,none,weak,none,none,none,"Actor 04 said “These days a chicken leg is a rare dish.”, with *slow* **speech rate**, *lower* **pitch**, *quieter* **loudness**, **gaze** *averted* (downwards), and *weak* **raised inner eyebrows**, *weak* **lowered brows**, *weak* **tightened eyelids**, *weak* **downturned mouth corners**, and *weak* **tightened lips**."
S_04_01_04_2_1,04,fear,4,2,1,These days a chicken leg is a rare dish.,slow,higher,louder,down,shaking,none,none,strong,weak,none,strong,weak,none,none,none,moderate,moderate,strong,moderate,none,weak,none,"Actor 04 said “These days a chicken leg is a rare dish.”, with *slow* **speech rate**, *higher* **pitch**, *louder* **loudness**, **gaze** *averted* (downwards), while *shaking* their **head**, and *strong* **lowered brows**, *weak* **raised upper eyelids**, *strong* **tightened eyelids**, *weak* **wrinkled nose**, *moderate* **downturned mouth corners**, *moderate* **raised chin**, *strong* **stretched lips**, *moderate* **tightened lips**, and *weak* **a dropped jaw**."
S_04_01_05_1_1,04,fear,5,1,1,Rice is often served in round bowls.,slow,lower,quieter,down,none,none,none,weak,none,none,none,none,none,none,none,none,none,weak,none,none,none,moderate,"Actor 04 said “Rice is often served in round bowls.”, with *slow* **speech rate**, *lower* **pitch**, *quieter* **loudness**, **gaze** *averted* (downwards), and *weak* **lowered brows**, *weak* **stretched lips**, and *moderate* **blinking**."
S_04_01_05_2_1,04,fear,5,2,1,Rice is often served in round bowls.,slow,higher,louder,down,shaking,none,none,strong,none,none,strong,weak,none,none,none,strong,strong,strong,strong,none,none,none,"Actor 04 said “Rice is often served in round bowls.”, with *slow* **speech rate**, *higher* **pitch**, *louder* **loudness**, **gaze** *averted* (downwards), while *shaking* their **head**, and *strong* **lowered brows**, *strong* **tightened eyelids**, *weak* **wrinkled nose**, *strong* **downturned mouth corners**, *strong* **raised chin**, *strong* **stretched lips**, and *strong* **tightened lips**."
S_04_02_01_1_1,04,anger,1,1,1,The birch canoe slid on the smooth planks.,normal,lower,louder,front,shaking,none,none,none,none,none,none,none,none,none,none,weak,none,none,weak,none,none,none,"Actor 04 said “The birch canoe slid on the smooth planks.”, with *normal* **speech rate**, *lower* **pitch**, *louder* **loudness**, while **looking at the camera**, while *shaking* their **head**, and *weak* **downturned mouth corners** and *weak* **tightened lips**."
S_04_02_01_2_1,04,anger,1,2,1,The birch canoe slid on the smooth planks.,fast,higher,louder,front,shaking,none,none,strong,none,none,none,none,none,none,none,strong,none,none,strong,none,none,none,"Actor 04 said “The birch canoe slid on the smooth planks.”, with *fast* **speech rate**, *higher* **pitch**, *louder* **loudness**, while **looking at the camera**, while *shaking* their **head**, and *strong* **lowered brows**, *strong* **downturned mouth corners**, and *strong* **tightened lips**."
S_04_02_02_1_1,04,anger,2,1,1,Glue the sheet to the dark blue background.,normal,lower,louder,front,none,weak,none,weak,none,none,moderate,none,none,none,none,weak,none,none,weak,none,none,none,"Actor 04 said “Glue the sheet to the dark blue background.”, with *normal* **speech rate**, *lower* **pitch**, *louder* **loudness**, while **looking at the camera**, and *weak* **raised inner eyebrows**, *weak* **lowered brows**, *moderate* **tightened eyelids**, *weak* **downturned mouth corners**, and *weak* **tightened lips**."
S_04_02_02_2_1,04,anger,2,2,1,Glue the sheet to the dark blue background.,fast,higher,louder,front,shaking,moderate,none,strong,none,none,moderate,none,strong,none,none,moderate,none,none,strong,none,none,none,"Actor 04 said “Glue the sheet to the dark blue background.”, with *fast* **speech rate**, *higher* **pitch**, *louder* **loudness**, while **looking at the camera**, while *shaking* their **head**, and *moderate* **raised inner eyebrows**, *strong* **lowered brows**, *moderate* **tightened eyelids**, *strong* **raised upper lip**, *moderate* **downturned mouth corners**, and *strong* **tightened lips**."
S_04_02_03_1_1,04,anger,3,1,1,It's easy to tell the depth of a well.,normal,lower,louder,front,none,none,none,moderate,none,none,none,weak,weak,none,none,weak,none,none,none,none,none,none,"Actor 04 said “It's easy to tell the depth of a well.”, with *normal* **speech rate**, *lower* **pitch**, *louder* **loudness**, while **looking at the camera**, and *moderate* **lowered brows**, *weak* **wrinkled nose**, *weak* **raised upper lip**, and *weak* **downturned mouth corners**."
S_04_02_03_2_1,04,anger,3,2,1,It's easy to tell the depth of a well.,fast,higher,louder,front,shaking,moderate,none,strong,none,none,moderate,moderate,moderate,none,moderate,moderate,moderate,moderate,moderate,none,none,none,"Actor 04 said “It's easy to tell the depth of a well.”, with *fast* **speech rate**, *higher* **pitch**, *louder* **loudness**, while **looking at the camera**, while *shaking* their **head**, and *moderate* **raised inner eyebrows**, *strong* **lowered brows**, *moderate* **tightened eyelids**, *moderate* **wrinkled nose**, *moderate* **raised upper lip**, *moderate* **a tight smile**, *moderate* **downturned mouth corners**, *moderate* **raised chin**, *moderate* **stretched lips**, and *moderate* **tightened lips**."
S_04_02_04_1_1,04,anger,4,1,1,These days a chicken leg is a rare dish.,slow,lower,normal,front,shaking,none,none,moderate,none,none,none,none,none,none,none,moderate,none,none,moderate,none,none,none,"Actor 04 said “These days a chicken leg is a rare dish.”, with *slow* **speech rate**, *lower* **pitch**, *normal* **loudness**, while **looking at the camera**, while *shaking* their **head**, and *moderate* **lowered brows**, *moderate* **downturned mouth corners**, and *moderate* **tightened lips**."
S_04_02_04_2_1,04,anger,4,2,1,These days a chicken leg is a rare dish.,fast,higher,louder,front,shaking,moderate,none,strong,none,none,strong,none,none,none,none,strong,none,strong,strong,none,none,none,"Actor 04 said “These days a chicken leg is a rare dish.”, with *fast* **speech rate**, *higher* **pitch**, *louder* **loudness**, while **looking at the camera**, while *shaking* their **head**, and *moderate* **raised inner eyebrows**, *strong* **lowered brows**, *strong* **tightened eyelids**, *strong* **downturned mouth corners**, *strong* **stretched lips**, and *strong* **tightened lips**."
S_04_02_05_1_1,04,anger,5,1,1,Rice is often served in round bowls.,normal,normal,louder,front,none,none,none,weak,none,none,none,none,none,none,none,moderate,none,none,moderate,none,none,none,"Actor 04 said “Rice is often served in round bowls.”, with *normal* **speech rate**, *normal* **pitch**, *louder* **loudness**, while **looking at the camera**, and *weak* **lowered brows**, *moderate* **downturned mouth corners**, and *moderate* **tightened lips**."
S_04_02_05_2_1,04,anger,5,2,1,Rice is often served in round bowls.,fast,higher,louder,front,shaking,strong,none,strong,none,none,strong,strong,strong,none,strong,strong,strong,strong,strong,none,none,none,"Actor 04 said “Rice is often served in round bowls.”, with *fast* **speech rate**, *higher* **pitch**, *louder* **loudness**, while **looking at the camera**, while *shaking* their **head**, and *strong* **raised inner eyebrows**, *strong* **lowered brows**, *strong* **tightened eyelids**, *strong* **wrinkled nose**, *strong* **raised upper lip**, *strong* **a tight smile**, *strong* **downturned mouth corners**, *strong* **raised chin**, *strong* **stretched lips**, and *strong* **tightened lips**."
S_04_03_01_1_1,04,happiness,1,1,1,The birch canoe slid on the smooth planks.,normal,higher,normal,front,none,none,weak,none,weak,weak,none,none,none,weak,none,none,none,none,none,none,none,none,"Actor 04 said “The birch canoe slid on the smooth planks.”, with *normal* **speech rate**, *higher* **pitch**, *normal* **loudness**, while **looking at the camera**, and *weak* **raised outer eyebrows**, *weak* **raised upper eyelids**, *weak* **raised cheeks**, and *weak* **a smile**."
S_04_03_01_2_1,04,happiness,1,2,1,The birch canoe slid on the smooth planks.,fast,higher,louder,front,none,weak,weak,none,none,strong,none,none,strong,strong,none,none,none,none,none,moderate,none,none,"Actor 04 said “The birch canoe slid on the smooth planks.”, with *fast* **speech rate**, *higher* **pitch**, *louder* **loudness**, while **looking at the camera**, and *weak* **raised inner eyebrows**, *weak* **raised outer eyebrows**, *strong* **raised cheeks**, *strong* **raised upper lip**, *strong* **a smile**, and *moderate* **parted lips**."
S_04_03_02_1_1,04,happiness,2,1,1,Glue the sheet to the dark blue background.,normal,higher,normal,front,tilting,none,weak,none,none,weak,none,none,none,weak,none,none,none,none,none,none,none,none,"Actor 04 said “Glue the sheet to the dark blue background.”, with *normal* **speech rate**, *higher* **pitch**, *normal* **loudness**, while **looking at the camera**, while *tilting* their **head**, and *weak* **raised outer eyebrows**, *weak* **raised cheeks**, and *weak* **a smile**."
S_04_03_02_2_1,04,happiness,2,2,1,Glue the sheet to the dark blue background.,fast,higher,louder,front,none,none,moderate,none,none,strong,none,none,none,strong,none,none,none,none,none,none,none,none,"Actor 04 said “Glue the sheet to the dark blue background.”, with *fast* **speech rate**, *higher* **pitch**, *louder* **loudness**, while **looking at the camera**, and *moderate* **raised outer eyebrows**, *strong* **raised cheeks**, and *strong* **a smile**."
S_04_03_03_1_1,04,happiness,3,1,1,It's easy to tell the depth of a well.,normal,higher,normal,front,none,none,weak,none,none,weak,none,none,none,weak,none,none,none,none,none,none,none,none,"Actor 04 said “It's easy to tell the depth of a well.”, with *normal* **speech rate**, *higher* **pitch**, *normal* **loudness**, while **looking at the camera**, and *weak* **raised outer eyebrows**, *weak* **raised cheeks**, and *weak* **a smile**."
S_04_03_03_2_1,04,happiness,3,2,1,It's easy to tell the depth of a well.,fast,higher,louder,front,nodding,weak,strong,none,weak,strong,weak,none,strong,strong,none,none,weak,weak,none,strong,weak,none,"Actor 04 said “It's easy to tell the depth of a well.”, with *fast* **speech rate**, *higher* **pitch**, *louder* **loudness**, while **looking at the camera**, while *nodding*, and *weak* **raised inner eyebrows**, *strong* **raised outer eyebrows**, *weak* **raised upper eyelids**, *strong* **raised cheeks**, *weak* **tightened eyelids**, *strong* **raised upper lip**, *strong* **a smile**, *weak* **raised chin**, *weak* **stretched lips**, *strong* **parted lips**, and *weak* **a dropped jaw**."
S_04_03_04_1_1,04,happiness,4,1,1,These days a chicken leg is a rare dish.,normal,higher,normal,front,none,none,weak,none,none,weak,none,none,none,weak,none,none,none,none,none,none,none,none,"Actor 04 said “These days a chicken leg is a rare dish.”, with *normal* **speech rate**, *higher* **pitch**, *normal* **loudness**, while **looking at the camera**, and *weak* **raised outer eyebrows**, *weak* **raised cheeks**, and *weak* **a smile**."
S_04_03_04_2_1,04,happiness,4,2,1,These days a chicken leg is a rare dish.,fast,higher,louder,front,nodding,none,strong,none,strong,strong,none,none,strong,strong,none,none,none,none,none,moderate,none,none,"Actor 04 said “These days a chicken leg is a rare dish.”, with *fast* **speech rate**, *higher* **pitch**, *louder* **loudness**, while **looking at the camera**, while *nodding*, and *strong* **raised outer eyebrows**, *strong* **raised upper eyelids**, *strong* **raised cheeks**, *strong* **raised upper lip**, *strong* **a smile**, and *moderate* **parted lips**."
S_04_03_05_1_1,04,happiness,5,1,1,Rice is often served in round bowls.,normal,higher,normal,front,none,none,weak,none,none,weak,none,none,none,weak,none,none,none,none,none,none,none,none,"Actor 04 said “Rice is often served in round bowls.”, with *normal* **speech rate**, *higher* **pitch**, *normal* **loudness**, while **looking at the camera**, and *weak* **raised outer eyebrows**, *weak* **raised cheeks**, and *weak* **a smile**."
S_04_03_05_2_1,04,happiness,5,2,1,Rice is often served in round bowls.,fast,higher,louder,front,none,none,strong,none,strong,strong,none,none,strong,strong,none,none,none,none,none,none,none,none,"Actor 04 said “Rice is often served in round bowls.”, with *fast* **speech rate**, *higher* **pitch**, *louder* **loudness**, while **looking at the camera**, and *strong* **raised outer eyebrows**, *strong* **raised upper eyelids**, *strong* **raised cheeks**, *strong* **raised upper lip**, and *strong* **a smile**."
S_04_04_01_1_1,04,sadness,1,1,1,The birch canoe slid on the smooth planks.,slow,lower,quieter,down,tilting,weak,none,none,none,none,none,none,none,none,none,weak,none,none,none,none,none,none,"Actor 04 said “The birch canoe slid on the smooth planks.”, with *slow* **speech rate**, *lower* **pitch**, *quieter* **loudness**, **gaze** *averted* (downwards), while *tilting* their **head**, and *weak* **raised inner eyebrows** and *weak* **downturned mouth corners**."
S_04_04_01_2_1,04,sadness,1,2,1,The birch canoe slid on the smooth planks.,slow,lower,quieter,down,tilting,moderate,none,strong,none,none,weak,moderate,moderate,none,none,strong,none,weak,moderate,none,weak,none,"Actor 04 said “The birch canoe slid on the smooth planks.”, with *slow* **speech rate**, *lower* **pitch**, *quieter* **loudness**, **gaze** *averted* (downwards), while *tilting* their **head**, and *moderate* **raised inner eyebrows**, *strong* **lowered brows**, *weak* **tightened eyelids**, *moderate* **wrinkled nose**, *moderate* **raised upper lip**, *strong* **downturned mouth corners**, *weak* **stretched lips**, *moderate* **tightened lips**, and *weak* **a dropped jaw**."
S_04_04_02_1_1,04,sadness,2,1,1,Glue the sheet to the dark blue background.,slow,lower,quieter,down,none,weak,none,moderate,none,none,none,weak,none,none,none,none,none,none,none,none,none,weak,"Actor 04 said “Glue the sheet to the dark blue background.”, with *slow* **speech rate**, *lower* **pitch**, *quieter* **loudness**, **gaze** *averted* (downwards), and *weak* **raised inner eyebrows**, *moderate* **lowered brows**, *weak* **wrinkled nose**, and *weak* **blinking**."
S_04_04_02_2_1,04,sadness,2,2,1,Glue the sheet to the dark blue background.,slow,lower,quieter,down,tilting,moderate,none,strong,none,none,none,weak,none,none,none,weak,none,weak,weak,none,none,none,"Actor 04 said “Glue the sheet to the dark blue background.”, with *slow* **speech rate**, *lower* **pitch**, *quieter* **loudness**, **gaze** *averted* (downwards), while *tilting* their **head**, and *moderate* **raised inner eyebrows**, *strong* **lowered brows**, *weak* **wrinkled nose**, *weak* **downturned mouth corners**, *weak* **stretched lips**, and *weak* **tightened lips**."
S_04_04_03_1_1,04,sadness,3,1,1,It's easy to tell the depth of a well.,slow,lower,quieter,down,tilting,weak,none,weak,none,none,none,none,none,weak,none,weak,none,none,none,none,none,none,"Actor 04 said “It's easy to tell the depth of a well.”, with *slow* **speech rate**, *lower* **pitch**, *quieter* **loudness**, **gaze** *averted* (downwards), while *tilting* their **head**, and *weak* **raised inner eyebrows**, *weak* **lowered brows**, *weak* **a smile**, and *weak* **downturned mouth corners**."
S_04_04_03_2_1,04,sadness,3,2,1,It's easy to tell the depth of a well.,slow,lower,quieter,down,tilting,strong,none,strong,none,none,none,strong,none,none,none,strong,none,strong,strong,none,weak,none,"Actor 04 said “It's easy to tell the depth of a well.”, with *slow* **speech rate**, *lower* **pitch**, *quieter* **loudness**, **gaze** *averted* (downwards), while *tilting* their **head**, and *strong* **raised inner eyebrows**, *strong* **lowered brows**, *strong* **wrinkled nose**, *strong* **downturned mouth corners**, *strong* **stretched lips**, *strong* **tightened lips**, and *weak* **a dropped jaw**."
S_04_04_04_1_1,04,sadness,4,1,1,These days a chicken leg is a rare dish.,slow,lower,quieter,down,none,weak,none,none,none,none,none,weak,none,none,none,none,none,none,weak,none,none,none,"Actor 04 said “These days a chicken leg is a rare dish.”, with *slow* **speech rate**, *lower* **pitch**, *quieter* **loudness**, **gaze** *averted* (downwards), and *weak* **raised inner eyebrows**, *weak* **wrinkled nose**, and *weak* **tightened lips**."
S_04_04_04_2_1,04,sadness,4,2,1,These days a chicken leg is a rare dish.,slow,lower,quieter,down,tilting,weak,none,moderate,none,none,none,weak,none,none,none,moderate,none,none,moderate,none,none,none,"Actor 04 said “These days a chicken leg is a rare dish.”, with *slow* **speech rate**, *lower* **pitch**, *quieter* **loudness**, **gaze** *averted* (downwards), while *tilting* their **head**, and *weak* **raised inner eyebrows**, *moderate* **lowered brows**, *weak* **wrinkled nose**, *moderate* **downturned mouth corners**, and *moderate* **tightened lips**."
S_04_04_05_1_1,04,sadness,5,1,1,Rice is often served in round bowls.,slow,lower,quieter,down,tilting,weak,none,none,none,none,none,weak,none,none,none,weak,none,none,none,none,none,none,"Actor 04 said “Rice is often served in round bowls.”, with *slow* **speech rate**, *lower* **pitch**, *quieter* **loudness**, **gaze** *averted* (downwards), while *tilting* their **head**, and *weak* **raised inner eyebrows**, *weak* **wrinkled nose**, and *weak* **downturned mouth corners**."
S_04_04_05_2_1,04,sadness,5,2,1,Rice is often served in round bowls.,slow,lower,quieter,down,none,weak,none,moderate,none,none,none,moderate,none,none,none,moderate,none,none,moderate,none,none,none,"Actor 04 said “Rice is often served in round bowls.”, with *slow* **speech rate**, *lower* **pitch**, *quieter* **loudness**, **gaze** *averted* (downwards), and *weak* **raised inner eyebrows**, *moderate* **lowered brows**, *moderate* **wrinkled nose**, *moderate* **downturned mouth corners**, and *moderate* **tightened lips**."
S_04_05_01_1_1,04,disgust,1,1,1,The birch canoe slid on the smooth planks.,normal,lower,quieter,down,tilting,none,none,weak,none,none,weak,none,none,none,none,none,none,weak,none,none,none,none,"Actor 04 said “The birch canoe slid on the smooth planks.”, with *normal* **speech rate**, *lower* **pitch**, *quieter* **loudness**, **gaze** *averted* (downwards), while *tilting* their **head**, and *weak* **lowered brows**, *weak* **tightened eyelids**, and *weak* **stretched lips**."
S_04_05_01_2_1,04,disgust,1,2,1,The birch canoe slid on the smooth planks.,slow,lower,quieter,down,shaking,weak,none,strong,none,none,strong,strong,strong,none,moderate,moderate,weak,strong,strong,none,none,none,"Actor 04 said “The birch canoe slid on the smooth planks.”, with *slow* **speech rate**, *lower* **pitch**, *quieter* **loudness**, **gaze** *averted* (downwards), while *shaking* their **head**, and *weak* **raised inner eyebrows**, *strong* **lowered brows**, *strong* **tightened eyelids**, *strong* **wrinkled nose**, *strong* **raised upper lip**, *moderate* **a tight smile**, *moderate* **downturned mouth corners**, *weak* **raised chin**, *strong* **stretched lips**, and *strong* **tightened lips**."
S_04_05_02_1_1,04,disgust,2,1,1,Glue the sheet to the dark blue background.,slow,lower,quieter,down,tilting,none,none,weak,none,none,weak,none,none,none,none,weak,none,none,weak,none,none,none,"Actor 04 said “Glue the sheet to the dark blue background.”, with *slow* **speech rate**, *lower* **pitch**, *quieter* **loudness**, **gaze** *averted* (downwards), while *tilting* their **head**, and *weak* **lowered brows**, *weak* **tightened eyelids**, *weak* **downturned mouth corners**, and *weak* **tightened lips**."
S_04_05_02_2_1,04,disgust,2,2,1,Glue the sheet to the dark blue background.,slow,lower,quieter,down,tilting,none,none,strong,none,none,strong,strong,strong,none,none,strong,none,strong,strong,none,weak,none,"Actor 04 said “Glue the sheet to the dark blue background.”, with *slow* **speech rate**, *lower* **pitch**, *quieter* **loudness**, **gaze** *averted* (downwards), while *tilting* their **head**, and *strong* **lowered brows**, *strong* **tightened eyelids**, *strong* **wrinkled nose**, *strong* **raised upper lip**, *strong* **downturned mouth corners**, *strong* **stretched lips**, *strong* **tightened lips**, and *weak* **a dropped jaw**."
S_04_05_03_1_1,04,disgust,3,1,1,It's easy to tell the depth of a well.,slow,lower,quieter,down,tilting,weak,none,weak,none,none,none,weak,none,none,none,weak,none,weak,none,none,none,none,"Actor 04 said “It's easy to tell the depth of a well.”, with *slow* **speech rate**, *lower* **pitch**, *quieter* **loudness**, **gaze** *averted* (downwards), while *tilting* their **head**, and *weak* **raised inner eyebrows**, *weak* **lowered brows**, *weak* **wrinkled nose**, *weak* **downturned mouth corners**, and *weak* **stretched lips**."
S_04_05_03_2_1,04,disgust,3,2,1,It's easy to tell the depth of a well.,slow,lower,quieter,down,shaking,none,none,strong,none,none,strong,strong,strong,none,none,strong,none,none,none,none,none,none,"Actor 04 said “It's easy to tell the depth of a well.”, with *slow* **speech rate**, *lower* **pitch**, *quieter* **loudness**, **gaze** *averted* (downwards), while *shaking* their **head**, and *strong* **lowered brows**, *strong* **tightened eyelids**, *strong* **wrinkled nose**, *strong* **raised upper lip**, and *strong* **downturned mouth corners**."
S_04_05_04_1_1,04,disgust,4,1,1,These days a chicken leg is a rare dish.,slow,lower,quieter,down,tilting,none,none,weak,none,none,moderate,weak,weak,none,none,weak,none,weak,none,none,none,none,"Actor 04 said “These days a chicken leg is a rare dish.”, with *slow* **speech rate**, *lower* **pitch**, *quieter* **loudness**, **gaze** *averted* (downwards), while *tilting* their **head**, and *weak* **lowered brows**, *moderate* **tightened eyelids**, *weak* **wrinkled nose**, *weak* **raised upper lip**, *weak* **downturned mouth corners**, and *weak* **stretched lips**."
S_04_05_04_2_1,04,disgust,4,2,1,These days a chicken leg is a rare dish.,slow,lower,quieter,down,shaking,none,none,strong,none,none,strong,strong,strong,none,strong,strong,none,strong,strong,none,none,none,"Actor 04 said “These days a chicken leg is a rare dish.”, with *slow* **speech rate**, *lower* **pitch**, *quieter* **loudness**, **gaze** *averted* (downwards), while *shaking* their **head**, and *strong* **lowered brows**, *strong* **tightened eyelids**, *strong* **wrinkled nose**, *strong* **raised upper lip**, *strong* **a tight smile**, *strong* **downturned mouth corners**, *strong* **stretched lips**, and *strong* **tightened lips**."
S_04_05_05_1_1,04,disgust,5,1,1,Rice is often served in round bowls.,slow,lower,quieter,down,tilting,none,none,weak,none,none,weak,weak,weak,none,none,weak,none,weak,none,none,none,none,"Actor 04 said “Rice is often served in round bowls.”, with *slow* **speech rate**, *lower* **pitch**, *quieter* **loudness**, **gaze** *averted* (downwards), while *tilting* their **head**, and *weak* **lowered brows**, *weak* **tightened eyelids**, *weak* **wrinkled nose**, *weak* **raised upper lip**, *weak* **downturned mouth corners**, and *weak* **stretched lips**."
S_04_05_05_2_1,04,disgust,5,2,1,Rice is often served in round bowls.,slow,lower,quieter,down,tilting,none,none,strong,none,none,strong,strong,strong,none,none,strong,none,strong,strong,none,none,none,"Actor 04 said “Rice is often served in round bowls.”, with *slow* **speech rate**, *lower* **pitch**, *quieter* **loudness**, **gaze** *averted* (downwards), while *tilting* their **head**, and *strong* **lowered brows**, *strong* **tightened eyelids**, *strong* **wrinkled nose**, *strong* **raised upper lip**, *strong* **downturned mouth corners**, *strong* **stretched lips**, and *strong* **tightened lips**."
S_04_06_01_1_1,04,surprise,1,1,1,The birch canoe slid on the smooth planks.,normal,higher,normal,front,none,none,weak,none,none,weak,none,none,none,none,none,none,none,none,none,none,none,none,"Actor 04 said “The birch canoe slid on the smooth planks.”, with *normal* **speech rate**, *higher* **pitch**, *normal* **loudness**, while **looking at the camera**, and *weak* **raised outer eyebrows** and *weak* **raised cheeks**."
S_04_06_01_2_1,04,surprise,1,2,1,The birch canoe slid on the smooth planks.,fast,higher,louder,up,tilting,none,strong,none,none,weak,none,none,none,none,none,none,weak,none,none,none,strong,none,"Actor 04 said “The birch canoe slid on the smooth planks.”, with *fast* **speech rate**, *higher* **pitch**, *louder* **loudness**, **gaze** *averted* (upwards), while *tilting* their **head**, and *strong* **raised outer eyebrows**, *weak* **raised cheeks**, *weak* **raised chin**, and *strong* **a dropped jaw**."
S_04_06_02_1_1,04,surprise,2,1,1,Glue the sheet to the dark blue background.,normal,higher,normal,front,none,none,weak,none,moderate,moderate,none,none,none,moderate,none,none,none,none,none,none,none,none,"Actor 04 said “Glue the sheet to the dark blue background.”, with *normal* **speech rate**, *higher* **pitch**, *normal* **loudness**, while **looking at the camera**, and *weak* **raised outer eyebrows**, *moderate* **raised upper eyelids**, *moderate* **raised cheeks**, and *moderate* **a smile**."
S_04_06_02_2_1,04,surprise,2,2,1,Glue the sheet to the dark blue background.,fast,higher,louder,front,none,strong,strong,none,strong,strong,none,none,none,strong,none,none,none,none,none,strong,moderate,none,"Actor 04 said “Glue the sheet to the dark blue background.”, with *fast* **speech rate**, *higher* **pitch**, *louder* **loudness**, while **looking at the camera**, and *strong* **raised inner eyebrows**, *strong* **raised outer eyebrows**, *strong* **raised upper eyelids**, *strong* **raised cheeks**, *strong* **a smile**, *strong* **parted lips**, and *moderate* **a dropped jaw**."
S_04_06_03_1_1,04,surprise,3,1,1,It's easy to tell the depth of a well.,normal,higher,louder,front,tilting,none,weak,none,none,weak,none,none,none,none,none,none,none,weak,none,none,none,none,"Actor 04 said “It's easy to tell the depth of a well.”, with *normal* **speech rate**, *higher* **pitch**, *louder* **loudness**, while **looking at the camera**, while *tilting* their **head**, and *weak* **raised outer eyebrows**, *weak* **raised cheeks**, and *weak* **stretched lips**."
S_04_06_03_2_1,04,surprise,3,2,1,It's easy to tell the depth of a well.,fast,higher,louder,up,shaking,moderate,strong,none,moderate,moderate,none,none,none,none,none,none,none,moderate,none,moderate,moderate,none,"Actor 04 said “It's easy to tell the depth of a well.”, with *fast* **speech rate**, *higher* **pitch**, *louder* **loudness**, **gaze** *averted* (upwards), while *shaking* their **head**, and *moderate* **raised inner eyebrows**, *strong* **raised outer eyebrows**, *moderate* **raised upper eyelids**, *moderate* **raised cheeks**, *moderate* **stretched lips**, *moderate* **parted lips**, and *moderate* **a dropped jaw**."
S_04_06_04_1_1,04,surprise,4,1,1,These days a chicken leg is a rare dish.,normal,higher,normal,front,none,none,weak,none,none,weak,none,none,none,none,none,none,none,none,none,weak,none,none,"Actor 04 said “These days a chicken leg is a rare dish.”, with *normal* **speech rate**, *higher* **pitch**, *normal* **loudness**, while **looking at the camera**, and *weak* **raised outer eyebrows**, *weak* **raised cheeks**, and *weak* **parted lips**."
S_04_06_04_2_1,04,surprise,4,2,1,These days a chicken leg is a rare dish.,fast,higher,louder,up,tilting,none,strong,none,strong,none,none,none,none,none,none,none,none,strong,moderate,strong,weak,none,"Actor 04 said “These days a chicken leg is a rare dish.”, with *fast* **speech rate**, *higher* **pitch**, *louder* **loudness**, **gaze** *averted* (upwards), while *tilting* their **head**, and *strong* **raised outer eyebrows**, *strong* **raised upper eyelids**, *strong* **stretched lips**, *moderate* **tightened lips**, *strong* **parted lips**, and *weak* **a dropped jaw**."
S_04_06_05_1_1,04,surprise,5,1,1,Rice is often served in round bowls.,normal,higher,normal,front,none,none,weak,none,weak,none,none,none,none,none,none,none,weak,none,none,none,none,none,"Actor 04 said “Rice is often served in round bowls.”, with *normal* **speech rate**, *higher* **pitch**, *normal* **loudness**, while **looking at the camera**, and *weak* **raised outer eyebrows**, *weak* **raised upper eyelids**, and *weak* **raised chin**."
S_04_06_05_2_1,04,surprise,5,2,1,Rice is often served in round bowls.,fast,higher,louder,up,tilting,moderate,moderate,none,moderate,moderate,none,none,none,none,none,none,none,moderate,none,strong,strong,none,"Actor 04 said “Rice is often served in round bowls.”, with *fast* **speech rate**, *higher* **pitch**, *louder* **loudness**, **gaze** *averted* (upwards), while *tilting* their **head**, and *moderate* **raised inner eyebrows**, *moderate* **raised outer eyebrows**, *moderate* **raised upper eyelids**, *moderate* **raised cheeks**, *moderate* **stretched lips**, *strong* **parted lips**, and *strong* **a dropped jaw**."
S_04_07_01_1_1,04,confidence,1,1,1,The birch canoe slid on the smooth planks.,normal,normal,normal,front,none,none,none,none,none,weak,none,none,weak,weak,none,none,weak,none,none,none,none,none,"Actor 04 said “The birch canoe slid on the smooth planks.”, with *normal* **speech rate**, *normal* **pitch**, *normal* **loudness**, while **looking at the camera**, and *weak* **raised cheeks**, *weak* **raised upper lip**, *weak* **a smile**, and *weak* **raised chin**."
S_04_07_01_2_1,04,confidence,1,2,1,The birch canoe slid on the smooth planks.,normal,higher,louder,front,none,none,moderate,none,none,moderate,none,none,none,strong,none,none,moderate,none,none,none,none,none,"Actor 04 said “The birch canoe slid on the smooth planks.”, with *normal* **speech rate**, *higher* **pitch**, *louder* **loudness**, while **looking at the camera**, and *moderate* **raised outer eyebrows**, *moderate* **raised cheeks**, *strong* **a smile**, and *moderate* **raised chin**."
S_04_07_02_1_1,04,confidence,2,1,1,Glue the sheet to the dark blue background.,normal,higher,normal,front,none,none,weak,none,none,weak,none,none,none,moderate,none,none,weak,none,none,none,none,none,"Actor 04 said “Glue the sheet to the dark blue background.”, with *normal* **speech rate**, *higher* **pitch**, *normal* **loudness**, while **looking at the camera**, and *weak* **raised outer eyebrows**, *weak* **raised cheeks**, *moderate* **a smile**, and *weak* **raised chin**."
S_04_07_02_2_1,04,confidence,2,2,1,Glue the sheet to the dark blue background.,fast,higher,louder,front,none,none,strong,none,moderate,moderate,none,none,none,strong,none,none,moderate,none,none,none,none,none,"Actor 04 said “Glue the sheet to the dark blue background.”, with *fast* **speech rate**, *higher* **pitch**, *louder* **loudness**, while **looking at the camera**, and *strong* **raised outer eyebrows**, *moderate* **raised upper eyelids**, *moderate* **raised cheeks**, *strong* **a smile**, and *moderate* **raised chin**."
S_04_07_03_1_1,04,confidence,3,1,1,It's easy to tell the depth of a well.,normal,normal,normal,front,none,none,weak,none,none,weak,none,none,none,weak,none,none,none,none,none,none,none,none,"Actor 04 said “It's easy to tell the depth of a well.”, with *normal* **speech rate**, *normal* **pitch**, *normal* **loudness**, while **looking at the camera**, and *weak* **raised outer eyebrows**, *weak* **raised cheeks**, and *weak* **a smile**."
S_04_07_03_2_1,04,confidence,3,2,1,It's easy to tell the depth of a well.,normal,higher,louder,front,tilting,none,moderate,none,none,strong,none,none,none,strong,none,none,moderate,none,none,none,none,none,"Actor 04 said “It's easy to tell the depth of a well.”, with *normal* **speech rate**, *higher* **pitch**, *louder* **loudness**, while **looking at the camera**, while *tilting* their **head**, and *moderate* **raised outer eyebrows**, *strong* **raised cheeks**, *strong* **a smile**, and *moderate* **raised chin**."
S_04_07_04_1_1,04,confidence,4,1,1,These days a chicken leg is a rare dish.,normal,normal,normal,front,none,none,weak,none,none,weak,none,none,none,weak,none,none,none,none,none,none,none,none,"Actor 04 said “These days a chicken leg is a rare dish.”, with *normal* **speech rate**, *normal* **pitch**, *normal* **loudness**, while **looking at the camera**, and *weak* **raised outer eyebrows**, *weak* **raised cheeks**, and *weak* **a smile**."
S_04_07_04_2_1,04,confidence,4,2,1,These days a chicken leg is a rare dish.,normal,higher,louder,front,tilting,none,moderate,none,none,strong,none,none,none,strong,none,none,moderate,none,none,none,none,none,"Actor 04 said “These days a chicken leg is a rare dish.”, with *normal* **speech rate**, *higher* **pitch**, *louder* **loudness**, while **looking at the camera**, while *tilting* their **head**, and *moderate* **raised outer eyebrows**, *strong* **raised cheeks**, *strong* **a smile**, and *moderate* **raised chin**."
S_04_07_05_1_1,04,confidence,5,1,1,Rice is often served in round bowls.,normal,normal,normal,front,none,none,weak,none,none,weak,none,none,weak,weak,none,none,none,none,none,none,none,none,"Actor 04 said “Rice is often served in round bowls.”, with *normal* **speech rate**, *normal* **pitch**, *normal* **loudness**, while **looking at the camera**, and *weak* **raised outer eyebrows**, *weak* **raised cheeks**, *weak* **raised upper lip**, and *weak* **a smile**."
S_04_07_05_2_1,04,confidence,5,2,1,Rice is often served in round bowls.,normal,higher,louder,front,none,none,strong,none,none,strong,none,none,none,strong,none,none,strong,none,none,strong,none,none,"Actor 04 said “Rice is often served in round bowls.”, with *normal* **speech rate**, *higher* **pitch**, *louder* **loudness**, while **looking at the camera**, and *strong* **raised outer eyebrows**, *strong* **raised cheeks**, *strong* **a smile**, *strong* **raised chin**, and *strong* **parted lips**."
S_04_08_01_1_1,04,confusion,1,1,1,The birch canoe slid on the smooth planks.,slow,lower,quieter,front,tilting,weak,none,none,none,none,none,none,none,none,none,none,none,weak,none,none,none,none,"Actor 04 said “The birch canoe slid on the smooth planks.”, with *slow* **speech rate**, *lower* **pitch**, *quieter* **loudness**, while **looking at the camera**, while *tilting* their **head**, and *weak* **raised inner eyebrows** and *weak* **stretched lips**."
S_04_08_01_2_1,04,confusion,1,2,1,The birch canoe slid on the smooth planks.,slow,lower,quieter,down,tilting,moderate,none,moderate,none,none,weak,weak,none,none,weak,none,none,moderate,moderate,none,none,none,"Actor 04 said “The birch canoe slid on the smooth planks.”, with *slow* **speech rate**, *lower* **pitch**, *quieter* **loudness**, **gaze** *averted* (downwards), while *tilting* their **head**, and *moderate* **raised inner eyebrows**, *moderate* **lowered brows**, *weak* **tightened eyelids**, *weak* **wrinkled nose**, *weak* **a tight smile**, *moderate* **stretched lips**, and *moderate* **tightened lips**."
S_04_08_02_1_1,04,confusion,2,1,1,Glue the sheet to the dark blue background.,slow,lower,quieter,down,tilting,none,none,weak,none,none,none,weak,none,none,weak,none,none,none,none,none,none,none,"Actor 04 said “Glue the sheet to the dark blue background.”, with *slow* **speech rate**, *lower* **pitch**, *quieter* **loudness**, **gaze** *averted* (downwards), while *tilting* their **head**, and *weak* **lowered brows**, *weak* **wrinkled nose**, and *weak* **a tight smile**."
S_04_08_02_2_1,04,confusion,2,2,1,Glue the sheet to the dark blue background.,slow,lower,quieter,down,tilting,weak,none,none,none,none,none,weak,none,none,none,moderate,none,moderate,none,none,none,none,"Actor 04 said “Glue the sheet to the dark blue background.”, with *slow* **speech rate**, *lower* **pitch**, *quieter* **loudness**, **gaze** *averted* (downwards), while *tilting* their **head**, and *weak* **raised inner eyebrows**, *weak* **wrinkled nose**, *moderate* **downturned mouth corners**, and *moderate* **stretched lips**."
S_04_08_03_1_1,04,confusion,3,1,1,It's easy to tell the depth of a well.,slow,lower,quieter,down,tilting,none,none,none,weak,none,none,none,none,none,none,none,none,none,none,none,none,none,"Actor 04 said “It's easy to tell the depth of a well.”, with *slow* **speech rate**, *lower* **pitch**, *quieter* **loudness**, **gaze** *averted* (downwards), while *tilting* their **head**, and *weak* **raised upper eyelids**."
S_04_08_03_2_1,04,confusion,3,2,1,It's easy to tell the depth of a well.,slow,normal,quieter,down,tilting,none,none,none,none,none,none,weak,weak,none,none,none,none,moderate,moderate,none,none,none,"Actor 04 said “It's easy to tell the depth of a well.”, with *slow* **speech rate**, *normal* **pitch**, *quieter* **loudness**, **gaze** *averted* (downwards), while *tilting* their **head**, and *weak* **wrinkled nose**, *weak* **raised upper lip**, *moderate* **stretched lips**, and *moderate* **tightened lips**."
S_04_08_04_1_1,04,confusion,4,1,1,These days a chicken leg is a rare dish.,normal,normal,quieter,front,tilting,weak,none,none,none,none,none,none,none,none,none,none,none,none,none,none,none,none,"Actor 04 said “These days a chicken leg is a rare dish.”, with *normal* **speech rate**, *normal* **pitch**, *quieter* **loudness**, while **looking at the camera**, while *tilting* their **head**, and *weak* **raised inner eyebrows**."
S_04_08_04_2_1,04,confusion,4,2,1,These days a chicken leg is a rare dish.,slow,lower,quieter,up,tilting,weak,none,weak,none,none,none,none,none,none,none,weak,none,moderate,none,none,none,none,"Actor 04 said “These days a chicken leg is a rare dish.”, with *slow* **speech rate**, *lower* **pitch**, *quieter* **loudness**, **gaze** *averted* (upwards), while *tilting* their **head**, and *weak* **raised inner eyebrows**, *weak* **lowered brows**, *weak* **downturned mouth corners**, and *moderate* **stretched lips**."
S_04_08_05_1_1,04,confusion,5,1,1,Rice is often served in round bowls.,slow,lower,quieter,up,tilting,none,weak,none,none,none,none,none,none,none,none,none,none,weak,none,none,none,none,"Actor 04 said “Rice is often served in round bowls.”, with *slow* **speech rate**, *lower* **pitch**, *quieter* **loudness**, **gaze** *averted* (upwards), while *tilting* their **head**, and *weak* **raised outer eyebrows** and *weak* **stretched lips**."
S_04_08_05_2_1,04,confusion,5,2,1,Rice is often served in round bowls.,slow,lower,quieter,up,tilting,strong,none,weak,none,none,moderate,none,none,none,none,moderate,none,moderate,none,none,none,none,"Actor 04 said “Rice is often served in round bowls.”, with *slow* **speech rate**, *lower* **pitch**, *quieter* **loudness**, **gaze** *averted* (upwards), while *tilting* their **head**, and *strong* **raised inner eyebrows**, *weak* **lowered brows**, *moderate* **tightened eyelids**, *moderate* **downturned mouth corners**, and *moderate* **stretched lips**."
S_04_09_01_1_1,04,contempt,1,1,1,The birch canoe slid on the smooth planks.,normal,lower,quieter,right,none,none,none,weak,none,none,none,none,none,weak,none,none,none,none,weak,none,none,none,"Actor 04 said “The birch canoe slid on the smooth planks.”, with *normal* **speech rate**, *lower* **pitch**, *quieter* **loudness**, **gaze** *averted* (to their right), and *weak* **lowered brows**, *weak* **a smile**, and *weak* **tightened lips**."
S_04_09_01_2_1,04,contempt,1,2,1,The birch canoe slid on the smooth planks.,normal,lower,louder,front,tilting,none,none,strong,none,none,strong,strong,strong,none,strong,strong,none,strong,strong,none,none,none,"Actor 04 said “The birch canoe slid on the smooth planks.”, with *normal* **speech rate**, *lower* **pitch**, *louder* **loudness**, while **looking at the camera**, while *tilting* their **head**, and *strong* **lowered brows**, *strong* **tightened eyelids**, *strong* **wrinkled nose**, *strong* **raised upper lip**, *strong* **a tight smile**, *strong* **downturned mouth corners**, *strong* **stretched lips**, and *strong* **tightened lips**."
S_04_09_02_1_1,04,contempt,2,1,1,Glue the sheet to the dark blue background.,normal,lower,quieter,front,none,none,none,weak,none,none,none,none,none,none,none,weak,none,weak,none,none,none,none,"Actor 04 said “Glue the sheet to the dark blue background.”, with *normal* **speech rate**, *lower* **pitch**, *quieter* **loudness**, while **looking at the camera**, and *weak* **lowered brows**, *weak* **downturned mouth corners**, and *weak* **stretched lips**."
S_04_09_02_2_1,04,contempt,2,2,1,Glue the sheet to the dark blue background.,slow,lower,louder,down,shaking,none,none,strong,none,none,strong,moderate,strong,none,moderate,moderate,none,strong,strong,none,none,none,"Actor 04 said “Glue the sheet to the dark blue background.”, with *slow* **speech rate**, *lower* **pitch**, *louder* **loudness**, **gaze** *averted* (downwards), while *shaking* their **head**, and *strong* **lowered brows**, *strong* **tightened eyelids**, *moderate* **wrinkled nose**, *strong* **raised upper lip**, *moderate* **a tight smile**, *moderate* **downturned mouth corners**, *strong* **stretched lips**, and *strong* **tightened lips**."
S_04_09_03_1_1,04,contempt,3,1,1,It's easy to tell the depth of a well.,normal,lower,quieter,front,tilting,none,none,weak,none,none,none,none,none,weak,none,none,none,none,weak,none,none,none,"Actor 04 said “It's easy to tell the depth of a well.”, with *normal* **speech rate**, *lower* **pitch**, *quieter* **loudness**, while **looking at the camera**, while *tilting* their **head**, and *weak* **lowered brows**, *weak* **a smile**, and *weak* **tightened lips**."
S_04_09_03_2_1,04,contempt,3,2,1,It's easy to tell the depth of a well.,slow,lower,quieter,down,tilting,none,none,strong,none,none,weak,none,none,none,none,strong,weak,strong,none,none,none,none,"Actor 04 said “It's easy to tell the depth of a well.”, with *slow* **speech rate**, *lower* **pitch**, *quieter* **loudness**, **gaze** *averted* (downwards), while *tilting* their **head**, and *strong* **lowered brows**, *weak* **tightened eyelids**, *strong* **downturned mouth corners**, *weak* **raised chin**, and *strong* **stretched lips**."
S_04_09_04_1_1,04,contempt,4,1,1,These days a chicken leg is a rare dish.,normal,lower,quieter,down,tilting,none,none,weak,none,none,none,weak,none,none,none,weak,none,weak,none,none,none,none,"Actor 04 said “These days a chicken leg is a rare dish.”, with *normal* **speech rate**, *lower* **pitch**, *quieter* **loudness**, **gaze** *averted* (downwards), while *tilting* their **head**, and *weak* **lowered brows**, *weak* **wrinkled nose**, *weak* **downturned mouth corners**, and *weak* **stretched lips**."
S_04_09_04_2_1,04,contempt,4,2,1,These days a chicken leg is a rare dish.,normal,lower,louder,down,tilting,none,none,strong,none,none,none,strong,strong,strong,strong,none,strong,strong,strong,none,none,none,"Actor 04 said “These days a chicken leg is a rare dish.”, with *normal* **speech rate**, *lower* **pitch**, *louder* **loudness**, **gaze** *averted* (downwards), while *tilting* their **head**, and *strong* **lowered brows**, *strong* **wrinkled nose**, *strong* **raised upper lip**, *strong* **a smile**, *strong* **a tight smile**, *strong* **raised chin**, *strong* **stretched lips**, and *strong* **tightened lips**."
S_04_09_05_1_1,04,contempt,5,1,1,Rice is often served in round bowls.,normal,lower,quieter,down,tilting,none,none,weak,none,none,none,weak,none,none,none,none,none,none,none,none,none,none,"Actor 04 said “Rice is often served in round bowls.”, with *normal* **speech rate**, *lower* **pitch**, *quieter* **loudness**, **gaze** *averted* (downwards), while *tilting* their **head**, and *weak* **lowered brows** and *weak* **wrinkled nose**."
S_04_09_05_2_1,04,contempt,5,2,1,Rice is often served in round bowls.,slow,lower,louder,down,shaking,none,none,strong,none,none,none,moderate,moderate,none,strong,moderate,none,moderate,moderate,none,none,none,"Actor 04 said “Rice is often served in round bowls.”, with *slow* **speech rate**, *lower* **pitch**, *louder* **loudness**, **gaze** *averted* (downwards), while *shaking* their **head**, and *strong* **lowered brows**, *moderate* **wrinkled nose**, *moderate* **raised upper lip**, *strong* **a tight smile**, *moderate* **downturned mouth corners**, *moderate* **stretched lips**, and *moderate* **tightened lips**."
S_04_10_01_1_1,04,empathy,1,1,1,The birch canoe slid on the smooth planks.,normal,normal,quieter,front,tilting,none,none,none,none,weak,none,none,none,weak,none,none,none,none,none,none,none,none,"Actor 04 said “The birch canoe slid on the smooth planks.”, with *normal* **speech rate**, *normal* **pitch**, *quieter* **loudness**, while **looking at the camera**, while *tilting* their **head**, and *weak* **raised cheeks** and *weak* **a smile**."
S_04_10_01_2_1,04,empathy,1,2,1,The birch canoe slid on the smooth planks.,slow,lower,quieter,down,tilting,moderate,none,none,none,moderate,none,none,none,strong,none,none,moderate,none,none,none,none,none,"Actor 04 said “The birch canoe slid on the smooth planks.”, with *slow* **speech rate**, *lower* **pitch**, *quieter* **loudness**, **gaze** *averted* (downwards), while *tilting* their **head**, and *moderate* **raised inner eyebrows**, *moderate* **raised cheeks**, *strong* **a smile**, and *moderate* **raised chin**."
S_04_10_02_1_1,04,empathy,2,1,1,Glue the sheet to the dark blue background.,slow,normal,quieter,front,none,weak,weak,none,none,weak,none,none,none,weak,none,none,none,none,none,none,none,none,"Actor 04 said “Glue the sheet to the dark blue background.”, with *slow* **speech rate**, *normal* **pitch**, *quieter* **loudness**, while **looking at the camera**, and *weak* **raised inner eyebrows**, *weak* **raised outer eyebrows**, *weak* **raised cheeks**, and *weak* **a smile**."
S_04_10_02_2_1,04,empathy,2,2,1,Glue the sheet to the dark blue background.,slow,lower,quieter,front,tilting,moderate,none,none,none,moderate,none,none,none,moderate,none,none,none,none,none,none,none,none,"Actor 04 said “Glue the sheet to the dark blue background.”, with *slow* **speech rate**, *lower* **pitch**, *quieter* **loudness**, while **looking at the camera**, while *tilting* their **head**, and *moderate* **raised inner eyebrows**, *moderate* **raised cheeks**, and *moderate* **a smile**."
S_04_10_03_1_1,04,empathy,3,1,1,It's easy to tell the depth of a well.,normal,lower,quieter,down,tilting,weak,none,none,none,weak,none,none,none,none,none,weak,none,none,none,none,none,none,"Actor 04 said “It's easy to tell the depth of a well.”, with *normal* **speech rate**, *lower* **pitch**, *quieter* **loudness**, **gaze** *averted* (downwards), while *tilting* their **head**, and *weak* **raised inner eyebrows**, *weak* **raised cheeks**, and *weak* **downturned mouth corners**."
S_04_10_03_2_1,04,empathy,3,2,1,It's easy to tell the depth of a well.,slow,lower,quieter,down,tilting,weak,none,none,none,weak,none,weak,none,weak,none,none,weak,none,none,none,none,none,"Actor 04 said “It's easy to tell the depth of a well.”, with *slow* **speech rate**, *lower* **pitch**, *quieter* **loudness**, **gaze** *averted* (downwards), while *tilting* their **head**, and *weak* **raised inner eyebrows**, *weak* **raised cheeks**, *weak* **wrinkled nose**, *weak* **a smile**, and *weak* **raised chin**."
S_04_10_04_1_1,04,empathy,4,1,1,These days a chicken leg is a rare dish.,slow,lower,quieter,down,tilting,none,none,none,none,weak,none,none,none,weak,none,none,none,none,none,none,none,none,"Actor 04 said “These days a chicken leg is a rare dish.”, with *slow* **speech rate**, *lower* **pitch**, *quieter* **loudness**, **gaze** *averted* (downwards), while *tilting* their **head**, and *weak* **raised cheeks** and *weak* **a smile**."
S_04_10_04_2_1,04,empathy,4,2,1,These days a chicken leg is a rare dish.,slow,lower,quieter,down,tilting,moderate,none,none,none,none,none,none,none,moderate,none,none,moderate,none,none,none,none,none,"Actor 04 said “These days a chicken leg is a rare dish.”, with *slow* **speech rate**, *lower* **pitch**, *quieter* **loudness**, **gaze** *averted* (downwards), while *tilting* their **head**, and *moderate* **raised inner eyebrows**, *moderate* **a smile**, and *moderate* **raised chin**."
S_04_10_05_1_1,04,empathy,5,1,1,Rice is often served in round bowls.,normal,lower,quieter,front,tilting,weak,none,none,none,weak,none,none,none,weak,none,none,none,none,none,none,none,weak,"Actor 04 said “Rice is often served in round bowls.”, with *normal* **speech rate**, *lower* **pitch**, *quieter* **loudness**, while **looking at the camera**, while *tilting* their **head**, and *weak* **raised inner eyebrows**, *weak* **raised cheeks**, *weak* **a smile**, and *weak* **blinking**."
S_04_10_05_2_1,04,empathy,5,2,1,Rice is often served in round bowls.,slow,lower,quieter,down,tilting,moderate,none,none,none,moderate,none,none,none,moderate,none,none,none,none,none,none,none,none,"Actor 04 said “Rice is often served in round bowls.”, with *slow* **speech rate**, *lower* **pitch**, *quieter* **loudness**, **gaze** *averted* (downwards), while *tilting* their **head**, and *moderate* **raised inner eyebrows**, *moderate* **raised cheeks**, and *moderate* **a smile**."
S_05_00_01_0_1,05,neutral,1,0,1,The birch canoe slid on the smooth planks.,normal,normal,normal,front,none,none,none,none,none,none,none,none,none,none,none,none,none,none,none,none,none,none,"Actor 05 said “The birch canoe slid on the smooth planks.”, with *normal* **speech rate**, *normal* **pitch**, *normal* **loudness**, and while **looking at the camera**."
S_05_00_02_0_1,05,neutral,2,0,1,Glue the sheet to the dark blue background.,normal,normal,normal,front,none,none,none,none,none,none,none,none,none,none,none,none,none,none,none,none,none,none,"Actor 05 said “Glue the sheet to the dark blue background.”, with *normal* **speech rate**, *normal* **pitch**, *normal* **loudness**, and while **looking at the camera**."
S_05_00_03_0_1,05,neutral,3,0,1,It's easy to tell the depth of a well.,normal,normal,normal,front,none,none,none,none,none,none,none,none,none,none,none,none,none,none,none,none,none,none,"Actor 05 said “It's easy to tell the depth of a well.”, with *normal* **speech rate**, *normal* **pitch**, *normal* **loudness**, and while **looking at the camera**."
S_05_00_04_0_1,05,neutral,4,0,1,These days a chicken leg is a rare dish.,normal,normal,normal,front,none,none,none,none,none,none,none,none,none,none,none,none,none,none,none,none,none,none,"Actor 05 said “These days a chicken leg is a rare dish.”, with *normal* **speech rate**, *normal* **pitch**, *normal* **loudness**, and while **looking at the camera**."
S_05_00_05_0_1,05,neutral,5,0,1,Rice is often served in round bowls.,normal,normal,normal,front,none,none,none,none,none,none,none,none,none,none,none,none,none,none,none,none,none,none,"Actor 05 said “Rice is often served in round bowls.”, with *normal* **speech rate**, *normal* **pitch**, *normal* **loudness**, and while **looking at the camera**."
S_05_01_01_1_1,05,fear,1,1,1,The birch canoe slid on the smooth planks.,slow,lower,quieter,down,none,none,none,weak,none,none,none,none,none,none,none,none,none,none,weak,none,none,none,"Actor 05 said “The birch canoe slid on the smooth planks.”, with *slow* **speech rate**, *lower* **pitch**, *quieter* **loudness**, **gaze** *averted* (downwards), and *weak* **lowered brows** and *weak* **tightened lips**."
S_05_01_01_2_1,05,fear,1,2,1,The birch canoe slid on the smooth planks.,slow,higher,louder,down,shaking,strong,none,strong,moderate,none,moderate,moderate,none,none,none,moderate,moderate,moderate,strong,none,none,none,"Actor 05 said “The birch canoe slid on the smooth planks.”, with *slow* **speech rate**, *higher* **pitch**, *louder* **loudness**, **gaze** *averted* (downwards), while *shaking* their **head**, and *strong* **raised inner eyebrows**, *strong* **lowered brows**, *moderate* **raised upper eyelids**, *moderate* **tightened eyelids**, *moderate* **wrinkled nose**, *moderate* **downturned mouth corners**, *moderate* **raised chin**, *moderate* **stretched lips**, and *strong* **tightened lips**."
S_05_01_02_1_1,05,fear,2,1,1,Glue the sheet to the dark blue background.,normal,lower,quieter,down,tilting,weak,none,weak,none,none,none,none,none,none,none,none,none,weak,none,none,none,none,"Actor 05 said “Glue the sheet to the dark blue background.”, with *normal* **speech rate**, *lower* **pitch**, *quieter* **loudness**, **gaze** *averted* (downwards), while *tilting* their **head**, and *weak* **raised inner eyebrows**, *weak* **lowered brows**, and *weak* **stretched lips**."
S_05_01_02_2_1,05,fear,2,2,1,Glue the sheet to the dark blue background.,slow,higher,louder,up,shaking,strong,none,strong,none,none,strong,none,none,none,none,strong,none,none,strong,none,none,none,"Actor 05 said “Glue the sheet to the dark blue background.”, with *slow* **speech rate**, *higher* **pitch**, *louder* **loudness**, **gaze** *averted* (upwards), while *shaking* their **head**, and *strong* **raised inner eyebrows**, *strong* **lowered brows**, *strong* **tightened eyelids**, *strong* **downturned mouth corners**, and *strong* **tightened lips**."
S_05_01_03_1_1,05,fear,3,1,1,It's easy to tell the depth of a well.,slow,lower,quieter,down,tilting,weak,none,weak,none,none,none,weak,none,none,none,weak,none,weak,none,none,none,weak,"Actor 05 said “It's easy to tell the depth of a well.”, with *slow* **speech rate**, *lower* **pitch**, *quieter* **loudness**, **gaze** *averted* (downwards), while *tilting* their **head**, and *weak* **raised inner eyebrows**, *weak* **lowered brows**, *weak* **wrinkled nose**, *weak* **downturned mouth corners**, *weak* **stretched lips**, and *weak* **blinking**."
S_05_01_03_2_1,05,fear,3,2,1,It's easy to tell the depth of a well.,slow,lower,quieter,down,tilting,none,none,strong,none,none,weak,moderate,none,none,none,weak,none,weak,strong,none,none,none,"Actor 05 said “It's easy to tell the depth of a well.”, with *slow* **speech rate**, *lower* **pitch**, *quieter* **loudness**, **gaze** *averted* (downwards), while *tilting* their **head**, and *strong* **lowered brows**, *weak* **tightened eyelids**, *moderate* **wrinkled nose**, *weak* **downturned mouth corners**, *weak* **stretched lips**, and *strong* **tightened lips**."
S_05_01_04_1_1,05,fear,4,1,1,These days a chicken leg is a rare dish.,normal,lower,quieter,down,none,weak,none,none,none,none,none,none,none,none,none,none,none,weak,none,none,none,none,"Actor 05 said “These days a chicken leg is a rare dish.”, with *normal* **speech rate**, *lower* **pitch**, *quieter* **loudness**, **gaze** *averted* (downwards), and *weak* **raised inner eyebrows** and *weak* **stretched lips**."
S_05_01_04_2_1,05,fear,4,2,1,These days a chicken leg is a rare dish.,slow,lower,quieter,down,shaking,none,none,strong,weak,none,strong,weak,none,none,none,strong,none,strong,strong,none,weak,none,"Actor 05 said “These days a chicken leg is a rare dish.”, with *slow* **speech rate**, *lower* **pitch**, *quieter* **loudness**, **gaze** *averted* (downwards), while *shaking* their **head**, and *strong* **lowered brows**, *weak* **raised upper eyelids**, *strong* **tightened eyelids**, *weak* **wrinkled nose**, *strong* **downturned mouth corners**, *strong* **stretched lips**, *strong* **tightened lips**, and *weak* **a dropped jaw**."
S_05_01_05_1_1,05,fear,5,1,1,Rice is often served in round bowls.,slow,lower,quieter,down,tilting,weak,none,weak,none,none,none,none,none,none,none,weak,none,weak,none,none,none,none,"Actor 05 said “Rice is often served in round bowls.”, with *slow* **speech rate**, *lower* **pitch**, *quieter* **loudness**, **gaze** *averted* (downwards), while *tilting* their **head**, and *weak* **raised inner eyebrows**, *weak* **lowered brows**, *weak* **downturned mouth corners**, and *weak* **stretched lips**."
S_05_01_05_2_1,05,fear,5,2,1,Rice is often served in round bowls.,slow,higher,louder,down,shaking,none,none,strong,none,none,strong,none,none,none,none,strong,none,strong,strong,none,weak,none,"Actor 05 said “Rice is often served in round bowls.”, with *slow* **speech rate**, *higher* **pitch**, *louder* **loudness**, **gaze** *averted* (downwards), while *shaking* their **head**, and *strong* **lowered brows**, *strong* **tightened eyelids**, *strong* **downturned mouth corners**, *strong* **stretched lips**, *strong* **tightened lips**, and *weak* **a dropped jaw**."
S_05_02_01_1_1,05,anger,1,1,1,The birch canoe slid on the smooth planks.,normal,lower,louder,front,none,none,none,weak,none,none,none,none,none,none,none,weak,none,none,weak,none,none,none,"Actor 05 said “The birch canoe slid on the smooth planks.”, with *normal* **speech rate**, *lower* **pitch**, *louder* **loudness**, while **looking at the camera**, and *weak* **lowered brows**, *weak* **downturned mouth corners**, and *weak* **tightened lips**."
S_05_02_01_2_1,05,anger,1,2,1,The birch canoe slid on the smooth planks.,fast,higher,louder,front,shaking,weak,none,strong,moderate,none,strong,none,strong,none,none,moderate,none,strong,moderate,moderate,none,none,"Actor 05 said “The birch canoe slid on the smooth planks.”, with *fast* **speech rate**, *higher* **pitch**, *louder* **loudness**, while **looking at the camera**, while *shaking* their **head**, and *weak* **raised inner eyebrows**, *strong* **lowered brows**, *moderate* **raised upper eyelids**, *strong* **tightened eyelids**, *strong* **raised upper lip**, *moderate* **downturned mouth corners**, *strong* **stretched lips**, *moderate* **tightened lips**, and *moderate* **parted lips**."
S_05_02_02_1_1,05,anger,2,1,1,Glue the sheet to the dark blue background.,normal,lower,louder,front,none,none,none,weak,none,none,none,none,weak,none,none,weak,none,none,none,none,none,none,"Actor 05 said “Glue the sheet to the dark blue background.”, with *normal* **speech rate**, *lower* **pitch**, *louder* **loudness**, while **looking at the camera**, and *weak* **lowered brows**, *weak* **raised upper lip**, and *weak* **downturned mouth corners**."
S_05_02_02_2_1,05,anger,2,2,1,Glue the sheet to the dark blue background.,fast,higher,louder,front,shaking,none,none,strong,none,none,strong,strong,strong,none,moderate,strong,none,strong,strong,weak,moderate,none,"Actor 05 said “Glue the sheet to the dark blue background.”, with *fast* **speech rate**, *higher* **pitch**, *louder* **loudness**, while **looking at the camera**, while *shaking* their **head**, and *strong* **lowered brows**, *strong* **tightened eyelids**, *strong* **wrinkled nose**, *strong* **raised upper lip**, *moderate* **a tight smile**, *strong* **downturned mouth corners**, *strong* **stretched lips**, *strong* **tightened lips**, *weak* **parted lips**, and *moderate* **a dropped jaw**."
S_05_02_03_1_1,05,anger,3,1,1,It's easy to tell the depth of a well.,normal,lower,louder,front,none,none,none,weak,none,none,none,none,weak,none,none,weak,none,none,none,none,none,none,"Actor 05 said “It's easy to tell the depth of a well.”, with *normal* **speech rate**, *lower* **pitch**, *louder* **loudness**, while **looking at the camera**, and *weak* **lowered brows**, *weak* **raised upper lip**, and *weak* **downturned mouth corners**."
S_05_02_03_2_1,05,anger,3,2,1,It's easy to tell the depth of a well.,fast,higher,louder,down,shaking,strong,none,strong,none,none,strong,strong,strong,none,strong,strong,none,strong,strong,strong,none,none,"Actor 05 said “It's easy to tell the depth of a well.”, with *fast* **speech rate**, *higher* **pitch**, *louder* **loudness**, **gaze** *averted* (downwards), while *shaking* their **head**, and *strong* **raised inner eyebrows**, *strong* **lowered brows**, *strong* **tightened eyelids**, *strong* **wrinkled nose**, *strong* **raised upper lip**, *strong* **a tight smile**, *strong* **downturned mouth corners**, *strong* **stretched lips**, *strong* **tightened lips**, and *strong* **parted lips**."
S_05_02_04_1_1,05,anger,4,1,1,These days a chicken leg is a rare dish.,normal,lower,louder,front,shaking,none,none,moderate,none,none,none,none,moderate,none,none,moderate,none,none,moderate,none,none,none,"Actor 05 said “These days a chicken leg is a rare dish.”, with *normal* **speech rate**, *lower* **pitch**, *louder* **loudness**, while **looking at the camera**, while *shaking* their **head**, and *moderate* **lowered brows**, *moderate* **raised upper lip**, *moderate* **downturned mouth corners**, and *moderate* **tightened lips**."
S_05_02_04_2_1,05,anger,4,2,1,These days a chicken leg is a rare dish.,fast,higher,louder,front,shaking,none,none,strong,none,none,strong,none,strong,none,none,strong,none,strong,strong,none,none,none,"Actor 05 said “These days a chicken leg is a rare dish.”, with *fast* **speech rate**, *higher* **pitch**, *louder* **loudness**, while **looking at the camera**, while *shaking* their **head**, and *strong* **lowered brows**, *strong* **tightened eyelids**, *strong* **raised upper lip**, *strong* **downturned mouth corners**, *strong* **stretched lips**, and *strong* **tightened lips**."
S_05_02_05_1_1,05,anger,5,1,1,Rice is often served in round bowls.,normal,lower,louder,front,shaking,none,none,weak,none,none,weak,none,weak,none,none,moderate,none,none,moderate,none,none,none,"Actor 05 said “Rice is often served in round bowls.”, with *normal* **speech rate**, *lower* **pitch**, *louder* **loudness**, while **looking at the camera**, while *shaking* their **head**, and *weak* **lowered brows**, *weak* **tightened eyelids**, *weak* **raised upper lip**, *moderate* **downturned mouth corners**, and *moderate* **tightened lips**."
S_05_02_05_2_1,05,anger,5,2,1,Rice is often served in round bowls.,fast,higher,louder,front,shaking,none,none,strong,none,none,moderate,moderate,moderate,none,moderate,strong,none,none,strong,none,none,none,"Actor 05 said “Rice is often served in round bowls.”, with *fast* **speech rate**, *higher* **pitch**, *louder* **loudness**, while **looking at the camera**, while *shaking* their **head**, and *strong* **lowered brows**, *moderate* **tightened eyelids**, *moderate* **wrinkled nose**, *moderate* **raised upper lip**, *moderate* **a tight smile**, *strong* **downturned mouth corners**, and *strong* **tightened lips**."
S_05_03_01_1_1,05,happiness,1,1,1,The birch canoe slid on the smooth planks.,normal,higher,normal,front,none,none,moderate,none,none,moderate,none,none,none,moderate,none,none,none,none,none,none,none,none,"Actor 05 said “The birch canoe slid on the smooth planks.”, with *normal* **speech rate**, *higher* **pitch**, *normal* **loudness**, while **looking at the camera**, and *moderate* **raised outer eyebrows**, *moderate* **raised cheeks**, and *moderate* **a smile**."
S_05_03_01_2_1,05,happiness,1,2,1,The birch canoe slid on the smooth planks.,fast,higher,louder,front,none,none,strong,none,moderate,strong,none,none,strong,strong,none,none,none,none,none,none,none,none,"Actor 05 said “The birch canoe slid on the smooth planks.”, with *fast* **speech rate**, *higher* **pitch**, *louder* **loudness**, while **looking at the camera**, and *strong* **raised outer eyebrows**, *moderate* **raised upper eyelids**, *strong* **raised cheeks**, *strong* **raised upper lip**, and *strong* **a smile**."
S_05_03_02_1_1,05,happiness,2,1,1,Glue the sheet to the dark blue background.,normal,higher,quieter,front,none,none,weak,none,none,weak,none,none,none,weak,none,none,none,none,none,none,none,none,"Actor 05 said “Glue the sheet to the dark blue background.”, with *normal* **speech rate**, *higher* **pitch**, *quieter* **loudness**, while **looking at the camera**, and *weak* **raised outer eyebrows**, *weak* **raised cheeks**, and *weak* **a smile**."
S_05_03_02_2_1,05,happiness,2,2,1,Glue the sheet to the dark blue background.,fast,higher,louder,front,none,none,strong,none,moderate,strong,none,none,moderate,strong,none,none,moderate,none,none,moderate,none,none,"Actor 05 said “Glue the sheet to the dark blue background.”, with *fast* **speech rate**, *higher* **pitch**, *louder* **loudness**, while **looking at the camera**, and *strong* **raised outer eyebrows**, *moderate* **raised upper eyelids**, *strong* **raised cheeks**, *moderate* **raised upper lip**, *strong* **a smile**, *moderate* **raised chin**, and *moderate* **parted lips**."
S_05_03_03_1_1,05,happiness,3,1,1,It's easy to tell the depth of a well.,normal,higher,quieter,front,none,weak,weak,none,moderate,moderate,none,none,none,moderate,none,none,none,none,none,none,none,none,"Actor 05 said “It's easy to tell the depth of a well.”, with *normal* **speech rate**, *higher* **pitch**, *quieter* **loudness**, while **looking at the camera**, and *weak* **raised inner eyebrows**, *weak* **raised outer eyebrows**, *moderate* **raised upper eyelids**, *moderate* **raised cheeks**, and *moderate* **a smile**."
S_05_03_03_2_1,05,happiness,3,2,1,It's easy to tell the depth of a well.,fast,higher,louder,front,nodding,none,moderate,none,none,strong,none,none,moderate,strong,none,none,moderate,none,none,none,none,none,"Actor 05 said “It's easy to tell the depth of a well.”, with *fast* **speech rate**, *higher* **pitch**, *louder* **loudness**, while **looking at the camera**, while *nodding*, and *moderate* **raised outer eyebrows**, *strong* **raised cheeks**, *moderate* **raised upper lip**, *strong* **a smile**, and *moderate* **raised chin**."
S_05_03_04_1_1,05,happiness,4,1,1,These days a chicken leg is a rare dish.,normal,higher,normal,front,none,weak,weak,none,none,weak,none,none,none,moderate,none,none,none,none,none,none,none,none,"Actor 05 said “These days a chicken leg is a rare dish.”, with *normal* **speech rate**, *higher* **pitch**, *normal* **loudness**, while **looking at the camera**, and *weak* **raised inner eyebrows**, *weak* **raised outer eyebrows**, *weak* **raised cheeks**, and *moderate* **a smile**."
S_05_03_04_2_1,05,happiness,4,2,1,These days a chicken leg is a rare dish.,fast,higher,louder,front,none,none,strong,none,weak,strong,none,none,strong,strong,none,none,weak,none,none,strong,weak,none,"Actor 05 said “These days a chicken leg is a rare dish.”, with *fast* **speech rate**, *higher* **pitch**, *louder* **loudness**, while **looking at the camera**, and *strong* **raised outer eyebrows**, *weak* **raised upper eyelids**, *strong* **raised cheeks**, *strong* **raised upper lip**, *strong* **a smile**, *weak* **raised chin**, *strong* **parted lips**, and *weak* **a dropped jaw**."
S_05_03_05_1_1,05,happiness,5,1,1,Rice is often served in round bowls.,normal,higher,quieter,front,none,none,moderate,none,none,moderate,none,none,none,moderate,none,none,none,none,none,none,none,none,"Actor 05 said “Rice is often served in round bowls.”, with *normal* **speech rate**, *higher* **pitch**, *quieter* **loudness**, while **looking at the camera**, and *moderate* **raised outer eyebrows**, *moderate* **raised cheeks**, and *moderate* **a smile**."
S_05_03_05_2_1,05,happiness,5,2,1,Rice is often served in round bowls.,fast,higher,louder,front,none,none,strong,none,strong,strong,none,none,strong,strong,none,none,none,none,none,strong,none,none,"Actor 05 said “Rice is often served in round bowls.”, with *fast* **speech rate**, *higher* **pitch**, *louder* **loudness**, while **looking at the camera**, and *strong* **raised outer eyebrows**, *strong* **raised upper eyelids**, *strong* **raised cheeks**, *strong* **raised upper lip**, *strong* **a smile**, and *strong* **parted lips**."
S_05_04_01_1_1,05,sadness,1,1,1,The birch canoe slid on the smooth planks.,slow,lower,quieter,down,tilting,weak,none,none,none,none,none,none,none,none,none,weak,none,none,none,none,none,none,"Actor 05 said “The birch canoe slid on the smooth planks.”, with *slow* **speech rate**, *lower* **pitch**, *quieter* **loudness**, **gaze** *averted* (downwards), while *tilting* their **head**, and *weak* **raised inner eyebrows** and *weak* **downturned mouth corners**."
S_05_04_01_2_1,05,sadness,1,2,1,The birch canoe slid on the smooth planks.,slow,lower,quieter,down,tilting,none,none,strong,none,none,none,none,none,none,none,strong,none,none,moderate,none,none,none,"Actor 05 said “The birch canoe slid on the smooth planks.”, with *slow* **speech rate**, *lower* **pitch**, *quieter* **loudness**, **gaze** *averted* (downwards), while *tilting* their **head**, and *strong* **lowered brows**, *strong* **downturned mouth corners**, and *moderate* **tightened lips**."
S_05_04_02_1_1,05,sadness,2,1,1,Glue the sheet to the dark blue background.,slow,lower,quieter,down,tilting,weak,none,none,none,none,none,weak,none,none,none,none,none,weak,none,none,none,none,"Actor 05 said “Glue the sheet to the dark blue background.”, with *slow* **speech rate**, *lower* **pitch**, *quieter* **loudness**, **gaze** *averted* (downwards), while *tilting* their **head**, and *weak* **raised inner eyebrows**, *weak* **wrinkled nose**, and *weak* **stretched lips**."
S_05_04_02_2_1,05,sadness,2,2,1,Glue the sheet to the dark blue background.,slow,lower,quieter,down,tilting,strong,none,strong,none,none,weak,weak,none,none,none,weak,none,weak,none,none,none,weak,"Actor 05 said “Glue the sheet to the dark blue background.”, with *slow* **speech rate**, *lower* **pitch**, *quieter* **loudness**, **gaze** *averted* (downwards), while *tilting* their **head**, and *strong* **raised inner eyebrows**, *strong* **lowered brows**, *weak* **tightened eyelids**, *weak* **wrinkled nose**, *weak* **downturned mouth corners**, *weak* **stretched lips**, and *weak* **blinking**."
S_05_04_03_1_1,05,sadness,3,1,1,It's easy to tell the depth of a well.,slow,lower,quieter,down,tilting,weak,none,weak,none,none,none,weak,none,none,none,weak,none,none,weak,none,none,none,"Actor 05 said “It's easy to tell the depth of a well.”, with *slow* **speech rate**, *lower* **pitch**, *quieter* **loudness**, **gaze** *averted* (downwards), while *tilting* their **head**, and *weak* **raised inner eyebrows**, *weak* **lowered brows**, *weak* **wrinkled nose**, *weak* **downturned mouth corners**, and *weak* **tightened lips**."
S_05_04_03_2_1,05,sadness,3,2,1,It's easy to tell the depth of a well.,slow,lower,quieter,down,tilting,strong,none,strong,none,none,none,none,none,none,none,strong,none,none,none,none,none,none,"Actor 05 said “It's easy to tell the depth of a well.”, with *slow* **speech rate**, *lower* **pitch**, *quieter* **loudness**, **gaze** *averted* (downwards), while *tilting* their **head**, and *strong* **raised inner eyebrows**, *strong* **lowered brows**, and *strong* **downturned mouth corners**."
S_05_04_04_1_1,05,sadness,4,1,1,These days a chicken leg is a rare dish.,slow,lower,quieter,down,tilting,weak,none,none,none,none,none,none,none,none,none,weak,none,none,weak,none,none,weak,"Actor 05 said “These days a chicken leg is a rare dish.”, with *slow* **speech rate**, *lower* **pitch**, *quieter* **loudness**, **gaze** *averted* (downwards), while *tilting* their **head**, and *weak* **raised inner eyebrows**, *weak* **downturned mouth corners**, *weak* **tightened lips**, and *weak* **blinking**."
S_05_04_04_2_1,05,sadness,4,2,1,These days a chicken leg is a rare dish.,slow,lower,quieter,down,tilting,weak,none,strong,none,none,weak,none,none,none,none,weak,none,none,strong,none,none,none,"Actor 05 said “These days a chicken leg is a rare dish.”, with *slow* **speech rate**, *lower* **pitch**, *quieter* **loudness**, **gaze** *averted* (downwards), while *tilting* their **head**, and *weak* **raised inner eyebrows**, *strong* **lowered brows**, *weak* **tightened eyelids**, *weak* **downturned mouth corners**, and *strong* **tightened lips**."
S_05_04_05_1_1,05,sadness,5,1,1,Rice is often served in round bowls.,slow,lower,quieter,down,tilting,moderate,none,weak,none,none,none,none,none,none,none,none,none,none,none,none,none,none,"Actor 05 said “Rice is often served in round bowls.”, with *slow* **speech rate**, *lower* **pitch**, *quieter* **loudness**, **gaze** *averted* (downwards), while *tilting* their **head**, and *moderate* **raised inner eyebrows** and *weak* **lowered brows**."
S_05_04_05_2_1,05,sadness,5,2,1,Rice is often served in round bowls.,slow,lower,quieter,down,tilting,strong,none,strong,none,none,none,none,none,none,none,moderate,none,none,strong,none,weak,none,"Actor 05 said “Rice is often served in round bowls.”, with *slow* **speech rate**, *lower* **pitch**, *quieter* **loudness**, **gaze** *averted* (downwards), while *tilting* their **head**, and *strong* **raised inner eyebrows**, *strong* **lowered brows**, *moderate* **downturned mouth corners**, *strong* **tightened lips**, and *weak* **a dropped jaw**."
S_05_05_01_1_1,05,disgust,1,1,1,The birch canoe slid on the smooth planks.,slow,lower,quieter,down,tilting,weak,none,none,none,none,weak,weak,weak,none,none,weak,none,none,weak,none,none,none,"Actor 05 said “The birch canoe slid on the smooth planks.”, with *slow* **speech rate**, *lower* **pitch**, *quieter* **loudness**, **gaze** *averted* (downwards), while *tilting* their **head**, and *weak* **raised inner eyebrows**, *weak* **tightened eyelids**, *weak* **wrinkled nose**, *weak* **raised upper lip**, *weak* **downturned mouth corners**, and *weak* **tightened lips**."
S_05_05_01_2_1,05,disgust,1,2,1,The birch canoe slid on the smooth planks.,slow,lower,quieter,down,tilting,none,none,strong,none,none,strong,strong,strong,none,strong,strong,none,strong,strong,none,none,none,"Actor 05 said “The birch canoe slid on the smooth planks.”, with *slow* **speech rate**, *lower* **pitch**, *quieter* **loudness**, **gaze** *averted* (downwards), while *tilting* their **head**, and *strong* **lowered brows**, *strong* **tightened eyelids**, *strong* **wrinkled nose**, *strong* **raised upper lip**, *strong* **a tight smile**, *strong* **downturned mouth corners**, *strong* **stretched lips**, and *strong* **tightened lips**."
S_05_05_02_1_1,05,disgust,2,1,1,Glue the sheet to the dark blue background.,slow,lower,quieter,down,tilting,none,none,weak,none,none,weak,weak,weak,none,none,weak,none,weak,none,none,none,none,"Actor 05 said “Glue the sheet to the dark blue background.”, with *slow* **speech rate**, *lower* **pitch**, *quieter* **loudness**, **gaze** *averted* (downwards), while *tilting* their **head**, and *weak* **lowered brows**, *weak* **tightened eyelids**, *weak* **wrinkled nose**, *weak* **raised upper lip**, *weak* **downturned mouth corners**, and *weak* **stretched lips**."
S_05_05_02_2_1,05,disgust,2,2,1,Glue the sheet to the dark blue background.,slow,lower,quieter,down,shaking,none,none,strong,none,none,strong,strong,strong,none,none,strong,none,strong,strong,none,none,none,"Actor 05 said “Glue the sheet to the dark blue background.”, with *slow* **speech rate**, *lower* **pitch**, *quieter* **loudness**, **gaze** *averted* (downwards), while *shaking* their **head**, and *strong* **lowered brows**, *strong* **tightened eyelids**, *strong* **wrinkled nose**, *strong* **raised upper lip**, *strong* **downturned mouth corners**, *strong* **stretched lips**, and *strong* **tightened lips**."
S_05_05_03_1_1,05,disgust,3,1,1,It's easy to tell the depth of a well.,slow,lower,quieter,down,tilting,none,none,weak,none,none,none,weak,weak,none,none,weak,none,none,weak,none,none,none,"Actor 05 said “It's easy to tell the depth of a well.”, with *slow* **speech rate**, *lower* **pitch**, *quieter* **loudness**, **gaze** *averted* (downwards), while *tilting* their **head**, and *weak* **lowered brows**, *weak* **wrinkled nose**, *weak* **raised upper lip**, *weak* **downturned mouth corners**, and *weak* **tightened lips**."
S_05_05_03_2_1,05,disgust,3,2,1,It's easy to tell the depth of a well.,slow,lower,quieter,down,tilting,none,none,strong,none,none,moderate,moderate,moderate,none,none,strong,none,strong,strong,none,none,none,"Actor 05 said “It's easy to tell the depth of a well.”, with *slow* **speech rate**, *lower* **pitch**, *quieter* **loudness**, **gaze** *averted* (downwards), while *tilting* their **head**, and *strong* **lowered brows**, *moderate* **tightened eyelids**, *moderate* **wrinkled nose**, *moderate* **raised upper lip**, *strong* **downturned mouth corners**, *strong* **stretched lips**, and *strong* **tightened lips**."
S_05_05_04_1_1,05,disgust,4,1,1,These days a chicken leg is a rare dish.,normal,lower,quieter,down,tilting,none,none,weak,none,none,weak,weak,weak,none,none,weak,none,weak,weak,none,none,none,"Actor 05 said “These days a chicken leg is a rare dish.”, with *normal* **speech rate**, *lower* **pitch**, *quieter* **loudness**, **gaze** *averted* (downwards), while *tilting* their **head**, and *weak* **lowered brows**, *weak* **tightened eyelids**, *weak* **wrinkled nose**, *weak* **raised upper lip**, *weak* **downturned mouth corners**, *weak* **stretched lips**, and *weak* **tightened lips**."
S_05_05_04_2_1,05,disgust,4,2,1,These days a chicken leg is a rare dish.,slow,lower,quieter,down,shaking,none,none,strong,none,none,strong,strong,strong,none,none,strong,none,strong,strong,none,none,none,"Actor 05 said “These days a chicken leg is a rare dish.”, with *slow* **speech rate**, *lower* **pitch**, *quieter* **loudness**, **gaze** *averted* (downwards), while *shaking* their **head**, and *strong* **lowered brows**, *strong* **tightened eyelids**, *strong* **wrinkled nose**, *strong* **raised upper lip**, *strong* **downturned mouth corners**, *strong* **stretched lips**, and *strong* **tightened lips**."
S_05_05_05_1_1,05,disgust,5,1,1,Rice is often served in round bowls.,normal,lower,quieter,down,tilting,none,none,weak,none,none,weak,weak,weak,none,none,weak,none,weak,none,none,none,none,"Actor 05 said “Rice is often served in round bowls.”, with *normal* **speech rate**, *lower* **pitch**, *quieter* **loudness**, **gaze** *averted* (downwards), while *tilting* their **head**, and *weak* **lowered brows**, *weak* **tightened eyelids**, *weak* **wrinkled nose**, *weak* **raised upper lip**, *weak* **downturned mouth corners**, and *weak* **stretched lips**."
S_05_05_05_2_1,05,disgust,5,2,1,Rice is often served in round bowls.,slow,lower,quieter,down,shaking,none,none,strong,none,none,strong,strong,strong,none,strong,strong,none,strong,strong,none,none,none,"Actor 05 said “Rice is often served in round bowls.”, with *slow* **speech rate**, *lower* **pitch**, *quieter* **loudness**, **gaze** *averted* (downwards), while *shaking* their **head**, and *strong* **lowered brows**, *strong* **tightened eyelids**, *strong* **wrinkled nose**, *strong* **raised upper lip**, *strong* **a tight smile**, *strong* **downturned mouth corners**, *strong* **stretched lips**, and *strong* **tightened lips**."
S_05_06_01_1_1,05,surprise,1,1,1,The birch canoe slid on the smooth planks.,normal,higher,normal,up,tilting,none,weak,none,weak,none,none,none,none,none,none,none,none,weak,none,none,none,none,"Actor 05 said “The birch canoe slid on the smooth planks.”, with *normal* **speech rate**, *higher* **pitch**, *normal* **loudness**, **gaze** *averted* (upwards), while *tilting* their **head**, and *weak* **raised outer eyebrows**, *weak* **raised upper eyelids**, and *weak* **stretched lips**."
S_05_06_01_2_1,05,surprise,1,2,1,The birch canoe slid on the smooth planks.,fast,higher,louder,front,none,none,strong,none,strong,none,none,none,none,none,none,none,none,none,none,strong,strong,none,"Actor 05 said “The birch canoe slid on the smooth planks.”, with *fast* **speech rate**, *higher* **pitch**, *louder* **loudness**, while **looking at the camera**, and *strong* **raised outer eyebrows**, *strong* **raised upper eyelids**, *strong* **parted lips**, and *strong* **a dropped jaw**."
S_05_06_02_1_1,05,surprise,2,1,1,Glue the sheet to the dark blue background.,normal,higher,normal,front,none,none,weak,none,weak,none,none,none,none,none,none,none,none,none,none,none,weak,none,"Actor 05 said “Glue the sheet to the dark blue background.”, with *normal* **speech rate**, *higher* **pitch**, *normal* **loudness**, while **looking at the camera**, and *weak* **raised outer eyebrows**, *weak* **raised upper eyelids**, and *weak* **a dropped jaw**."
S_05_06_02_2_1,05,surprise,2,2,1,Glue the sheet to the dark blue background.,fast,higher,louder,front,tilting,moderate,moderate,none,moderate,moderate,none,none,none,none,none,none,moderate,moderate,moderate,moderate,moderate,none,"Actor 05 said “Glue the sheet to the dark blue background.”, with *fast* **speech rate**, *higher* **pitch**, *louder* **loudness**, while **looking at the camera**, while *tilting* their **head**, and *moderate* **raised inner eyebrows**, *moderate* **raised outer eyebrows**, *moderate* **raised upper eyelids**, *moderate* **raised cheeks**, *moderate* **raised chin**, *moderate* **stretched lips**, *moderate* **tightened lips**, *moderate* **parted lips**, and *moderate* **a dropped jaw**."
S_05_06_03_1_1,05,surprise,3,1,1,It's easy to tell the depth of a well.,normal,higher,quieter,front,tilting,none,moderate,none,none,weak,none,none,none,moderate,none,none,none,none,none,none,none,none,"Actor 05 said “It's easy to tell the depth of a well.”, with *normal* **speech rate**, *higher* **pitch**, *quieter* **loudness**, while **looking at the camera**, while *tilting* their **head**, and *moderate* **raised outer eyebrows**, *weak* **raised cheeks**, and *moderate* **a smile**."
S_05_06_03_2_1,05,surprise,3,2,1,It's easy to tell the depth of a well.,fast,higher,louder,up,shaking,none,strong,none,strong,none,moderate,none,none,none,none,none,none,strong,moderate,none,moderate,none,"Actor 05 said “It's easy to tell the depth of a well.”, with *fast* **speech rate**, *higher* **pitch**, *louder* **loudness**, **gaze** *averted* (upwards), while *shaking* their **head**, and *strong* **raised outer eyebrows**, *strong* **raised upper eyelids**, *moderate* **tightened eyelids**, *strong* **stretched lips**, *moderate* **tightened lips**, and *moderate* **a dropped jaw**."
S_05_06_04_1_1,05,surprise,4,1,1,These days a chicken leg is a rare dish.,normal,higher,normal,front,none,none,weak,none,moderate,none,none,none,none,none,none,none,none,none,none,none,none,none,"Actor 05 said “These days a chicken leg is a rare dish.”, with *normal* **speech rate**, *higher* **pitch**, *normal* **loudness**, while **looking at the camera**, and *weak* **raised outer eyebrows** and *moderate* **raised upper eyelids**."
S_05_06_04_2_1,05,surprise,4,2,1,These days a chicken leg is a rare dish.,fast,higher,louder,up,tilting,none,strong,none,strong,none,none,none,none,none,none,none,strong,none,moderate,strong,moderate,none,"Actor 05 said “These days a chicken leg is a rare dish.”, with *fast* **speech rate**, *higher* **pitch**, *louder* **loudness**, **gaze** *averted* (upwards), while *tilting* their **head**, and *strong* **raised outer eyebrows**, *strong* **raised upper eyelids**, *strong* **raised chin**, *moderate* **tightened lips**, *strong* **parted lips**, and *moderate* **a dropped jaw**."
S_05_06_05_1_1,05,surprise,5,1,1,Rice is often served in round bowls.,normal,higher,normal,front,tilting,none,weak,none,none,weak,none,none,none,none,none,none,none,none,none,none,none,none,"Actor 05 said “Rice is often served in round bowls.”, with *normal* **speech rate**, *higher* **pitch**, *normal* **loudness**, while **looking at the camera**, while *tilting* their **head**, and *weak* **raised outer eyebrows** and *weak* **raised cheeks**."
S_05_06_05_2_1,05,surprise,5,2,1,Rice is often served in round bowls.,fast,higher,louder,up,tilting,weak,moderate,none,weak,weak,none,none,none,moderate,none,none,moderate,none,none,strong,moderate,none,"Actor 05 said “Rice is often served in round bowls.”, with *fast* **speech rate**, *higher* **pitch**, *louder* **loudness**, **gaze** *averted* (upwards), while *tilting* their **head**, and *weak* **raised inner eyebrows**, *moderate* **raised outer eyebrows**, *weak* **raised upper eyelids**, *weak* **raised cheeks**, *moderate* **a smile**, *moderate* **raised chin**, *strong* **parted lips**, and *moderate* **a dropped jaw**."
S_05_07_01_1_1,05,confidence,1,1,1,The birch canoe slid on the smooth planks.,normal,higher,normal,front,none,none,none,none,none,weak,none,none,none,moderate,none,none,none,none,none,none,none,none,"Actor 05 said “The birch canoe slid on the smooth planks.”, with *normal* **speech rate**, *higher* **pitch**, *normal* **loudness**, while **looking at the camera**, and *weak* **raised cheeks** and *moderate* **a smile**."
S_05_07_01_2_1,05,confidence,1,2,1,The birch canoe slid on the smooth planks.,normal,higher,louder,front,none,none,strong,none,none,none,none,none,none,strong,none,none,strong,none,none,none,none,none,"Actor 05 said “The birch canoe slid on the smooth planks.”, with *normal* **speech rate**, *higher* **pitch**, *louder* **loudness**, while **looking at the camera**, and *strong* **raised outer eyebrows**, *strong* **a smile**, and *strong* **raised chin**."
S_05_07_02_1_1,05,confidence,2,1,1,Glue the sheet to the dark blue background.,normal,higher,normal,front,none,none,moderate,none,none,moderate,none,none,none,moderate,none,none,none,none,none,none,none,none,"Actor 05 said “Glue the sheet to the dark blue background.”, with *normal* **speech rate**, *higher* **pitch**, *normal* **loudness**, while **looking at the camera**, and *moderate* **raised outer eyebrows**, *moderate* **raised cheeks**, and *moderate* **a smile**."
S_05_07_02_2_1,05,confidence,2,2,1,Glue the sheet to the dark blue background.,fast,higher,louder,front,none,none,strong,none,none,strong,none,none,none,strong,none,none,strong,none,none,none,none,none,"Actor 05 said “Glue the sheet to the dark blue background.”, with *fast* **speech rate**, *higher* **pitch**, *louder* **loudness**, while **looking at the camera**, and *strong* **raised outer eyebrows**, *strong* **raised cheeks**, *strong* **a smile**, and *strong* **raised chin**."
S_05_07_03_1_1,05,confidence,3,1,1,It's easy to tell the depth of a well.,normal,normal,normal,front,none,weak,weak,none,none,weak,none,none,none,weak,none,none,none,none,none,none,none,none,"Actor 05 said “It's easy to tell the depth of a well.”, with *normal* **speech rate**, *normal* **pitch**, *normal* **loudness**, while **looking at the camera**, and *weak* **raised inner eyebrows**, *weak* **raised outer eyebrows**, *weak* **raised cheeks**, and *weak* **a smile**."
S_05_07_03_2_1,05,confidence,3,2,1,It's easy to tell the depth of a well.,normal,higher,louder,front,none,none,moderate,none,none,strong,none,none,none,strong,none,none,none,none,none,none,none,none,"Actor 05 said “It's easy to tell the depth of a well.”, with *normal* **speech rate**, *higher* **pitch**, *louder* **loudness**, while **looking at the camera**, and *moderate* **raised outer eyebrows**, *strong* **raised cheeks**, and *strong* **a smile**."
S_05_07_04_1_1,05,confidence,4,1,1,These days a chicken leg is a rare dish.,normal,normal,normal,front,none,none,none,none,none,moderate,none,none,none,moderate,none,none,none,none,none,none,none,none,"Actor 05 said “These days a chicken leg is a rare dish.”, with *normal* **speech rate**, *normal* **pitch**, *normal* **loudness**, while **looking at the camera**, and *moderate* **raised cheeks** and *moderate* **a smile**."
S_05_07_04_2_1,05,confidence,4,2,1,These days a chicken leg is a rare dish.,fast,higher,louder,front,none,none,strong,none,weak,moderate,none,none,none,strong,none,none,weak,none,none,none,none,none,"Actor 05 said “These days a chicken leg is a rare dish.”, with *fast* **speech rate**, *higher* **pitch**, *louder* **loudness**, while **looking at the camera**, and *strong* **raised outer eyebrows**, *weak* **raised upper eyelids**, *moderate* **raised cheeks**, *strong* **a smile**, and *weak* **raised chin**."
S_05_07_05_1_1,05,confidence,5,1,1,Rice is often served in round bowls.,normal,normal,normal,front,none,none,weak,none,none,none,none,none,none,weak,none,none,none,none,none,none,none,none,"Actor 05 said “Rice is often served in round bowls.”, with *normal* **speech rate**, *normal* **pitch**, *normal* **loudness**, while **looking at the camera**, and *weak* **raised outer eyebrows** and *weak* **a smile**."
S_05_07_05_2_1,05,confidence,5,2,1,Rice is often served in round bowls.,normal,higher,louder,front,none,none,moderate,none,none,moderate,none,none,none,strong,none,none,none,none,none,weak,none,none,"Actor 05 said “Rice is often served in round bowls.”, with *normal* **speech rate**, *higher* **pitch**, *louder* **loudness**, while **looking at the camera**, and *moderate* **raised outer eyebrows**, *moderate* **raised cheeks**, *strong* **a smile**, and *weak* **parted lips**."
S_05_08_01_1_1,05,confusion,1,1,1,The birch canoe slid on the smooth planks.,slow,normal,quieter,down,tilting,none,none,weak,none,none,none,none,none,none,none,weak,none,none,none,none,none,none,"Actor 05 said “The birch canoe slid on the smooth planks.”, with *slow* **speech rate**, *normal* **pitch**, *quieter* **loudness**, **gaze** *averted* (downwards), while *tilting* their **head**, and *weak* **lowered brows** and *weak* **downturned mouth corners**."
S_05_08_01_2_1,05,confusion,1,2,1,The birch canoe slid on the smooth planks.,slow,normal,quieter,down,tilting,weak,none,moderate,none,none,none,none,none,none,none,moderate,none,moderate,moderate,none,none,none,"Actor 05 said “The birch canoe slid on the smooth planks.”, with *slow* **speech rate**, *normal* **pitch**, *quieter* **loudness**, **gaze** *averted* (downwards), while *tilting* their **head**, and *weak* **raised inner eyebrows**, *moderate* **lowered brows**, *moderate* **downturned mouth corners**, *moderate* **stretched lips**, and *moderate* **tightened lips**."
S_05_08_02_1_1,05,confusion,2,1,1,Glue the sheet to the dark blue background.,slow,lower,quieter,down,tilting,weak,none,none,none,none,none,weak,none,none,none,weak,none,weak,none,none,none,none,"Actor 05 said “Glue the sheet to the dark blue background.”, with *slow* **speech rate**, *lower* **pitch**, *quieter* **loudness**, **gaze** *averted* (downwards), while *tilting* their **head**, and *weak* **raised inner eyebrows**, *weak* **wrinkled nose**, *weak* **downturned mouth corners**, and *weak* **stretched lips**."
S_05_08_02_2_1,05,confusion,2,2,1,Glue the sheet to the dark blue background.,slow,lower,quieter,down,tilting,moderate,none,moderate,none,none,moderate,none,none,none,none,moderate,none,moderate,moderate,none,none,none,"Actor 05 said “Glue the sheet to the dark blue background.”, with *slow* **speech rate**, *lower* **pitch**, *quieter* **loudness**, **gaze** *averted* (downwards), while *tilting* their **head**, and *moderate* **raised inner eyebrows**, *moderate* **lowered brows**, *moderate* **tightened eyelids**, *moderate* **downturned mouth corners**, *moderate* **stretched lips**, and *moderate* **tightened lips**."
S_05_08_03_1_1,05,confusion,3,1,1,It's easy to tell the depth of a well.,slow,lower,quieter,down,tilting,none,none,none,none,none,none,none,none,none,none,none,none,weak,none,none,none,none,"Actor 05 said “It's easy to tell the depth of a well.”, with *slow* **speech rate**, *lower* **pitch**, *quieter* **loudness**, **gaze** *averted* (downwards), while *tilting* their **head**, and *weak* **stretched lips**."
S_05_08_03_2_1,05,confusion,3,2,1,It's easy to tell the depth of a well.,slow,lower,quieter,down,tilting,moderate,none,moderate,none,none,none,moderate,none,none,none,moderate,none,moderate,none,none,none,none,"Actor 05 said “It's easy to tell the depth of a well.”, with *slow* **speech rate**, *lower* **pitch**, *quieter* **loudness**, **gaze** *averted* (downwards), while *tilting* their **head**, and *moderate* **raised inner eyebrows**, *moderate* **lowered brows**, *moderate* **wrinkled nose**, *moderate* **downturned mouth corners**, and *moderate* **stretched lips**."
S_05_08_04_1_1,05,confusion,4,1,1,These days a chicken leg is a rare dish.,slow,normal,quieter,down,tilting,weak,weak,none,none,none,none,weak,none,none,none,none,none,weak,none,none,none,none,"Actor 05 said “These days a chicken leg is a rare dish.”, with *slow* **speech rate**, *normal* **pitch**, *quieter* **loudness**, **gaze** *averted* (downwards), while *tilting* their **head**, and *weak* **raised inner eyebrows**, *weak* **raised outer eyebrows**, *weak* **wrinkled nose**, and *weak* **stretched lips**."
S_05_08_04_2_1,05,confusion,4,2,1,These days a chicken leg is a rare dish.,slow,higher,quieter,up,tilting,none,none,moderate,none,none,none,none,none,none,moderate,none,none,strong,strong,none,none,none,"Actor 05 said “These days a chicken leg is a rare dish.”, with *slow* **speech rate**, *higher* **pitch**, *quieter* **loudness**, **gaze** *averted* (upwards), while *tilting* their **head**, and *moderate* **lowered brows**, *moderate* **a tight smile**, *strong* **stretched lips**, and *strong* **tightened lips**."
S_05_08_05_1_1,05,confusion,5,1,1,Rice is often served in round bowls.,slow,lower,quieter,down,tilting,weak,none,none,none,none,none,none,none,none,none,weak,none,none,none,none,none,none,"Actor 05 said “Rice is often served in round bowls.”, with *slow* **speech rate**, *lower* **pitch**, *quieter* **loudness**, **gaze** *averted* (downwards), while *tilting* their **head**, and *weak* **raised inner eyebrows** and *weak* **downturned mouth corners**."
S_05_08_05_2_1,05,confusion,5,2,1,Rice is often served in round bowls.,slow,higher,quieter,up,tilting,weak,none,moderate,none,none,none,moderate,none,none,weak,moderate,none,strong,strong,none,none,none,"Actor 05 said “Rice is often served in round bowls.”, with *slow* **speech rate**, *higher* **pitch**, *quieter* **loudness**, **gaze** *averted* (upwards), while *tilting* their **head**, and *weak* **raised inner eyebrows**, *moderate* **lowered brows**, *moderate* **wrinkled nose**, *weak* **a tight smile**, *moderate* **downturned mouth corners**, *strong* **stretched lips**, and *strong* **tightened lips**."
S_05_09_01_1_1,05,contempt,1,1,1,The birch canoe slid on the smooth planks.,normal,lower,quieter,front,tilting,none,none,weak,none,none,none,weak,none,none,none,none,none,none,none,none,none,none,"Actor 05 said “The birch canoe slid on the smooth planks.”, with *normal* **speech rate**, *lower* **pitch**, *quieter* **loudness**, while **looking at the camera**, while *tilting* their **head**, and *weak* **lowered brows** and *weak* **wrinkled nose**."
S_05_09_01_2_1,05,contempt,1,2,1,The birch canoe slid on the smooth planks.,normal,higher,louder,right,tilting,none,none,strong,none,none,strong,strong,strong,none,strong,strong,strong,strong,strong,strong,none,none,"Actor 05 said “The birch canoe slid on the smooth planks.”, with *normal* **speech rate**, *higher* **pitch**, *louder* **loudness**, **gaze** *averted* (to their right), while *tilting* their **head**, and *strong* **lowered brows**, *strong* **tightened eyelids**, *strong* **wrinkled nose**, *strong* **raised upper lip**, *strong* **a tight smile**, *strong* **downturned mouth corners**, *strong* **raised chin**, *strong* **stretched lips**, *strong* **tightened lips**, and *strong* **parted lips**."
S_05_09_02_1_1,05,contempt,2,1,1,Glue the sheet to the dark blue background.,slow,lower,quieter,left,tilting,none,none,weak,none,none,none,weak,none,none,none,weak,none,none,weak,none,none,none,"Actor 05 said “Glue the sheet to the dark blue background.”, with *slow* **speech rate**, *lower* **pitch**, *quieter* **loudness**, **gaze** *averted* (to their left), while *tilting* their **head**, and *weak* **lowered brows**, *weak* **wrinkled nose**, *weak* **downturned mouth corners**, and *weak* **tightened lips**."
S_05_09_02_2_1,05,contempt,2,2,1,Glue the sheet to the dark blue background.,normal,lower,louder,down,tilting,none,none,moderate,none,none,none,moderate,moderate,none,moderate,moderate,moderate,moderate,moderate,none,none,none,"Actor 05 said “Glue the sheet to the dark blue background.”, with *normal* **speech rate**, *lower* **pitch**, *louder* **loudness**, **gaze** *averted* (downwards), while *tilting* their **head**, and *moderate* **lowered brows**, *moderate* **wrinkled nose**, *moderate* **raised upper lip**, *moderate* **a tight smile**, *moderate* **downturned mouth corners**, *moderate* **raised chin**, *moderate* **stretched lips**, and *moderate* **tightened lips**."
S_05_09_03_1_1,05,contempt,3,1,1,It's easy to tell the depth of a well.,normal,normal,quieter,front,tilting,none,none,weak,none,none,none,none,none,none,none,weak,none,none,none,none,none,none,"Actor 05 said “It's easy to tell the depth of a well.”, with *normal* **speech rate**, *normal* **pitch**, *quieter* **loudness**, while **looking at the camera**, while *tilting* their **head**, and *weak* **lowered brows** and *weak* **downturned mouth corners**."
S_05_09_03_2_1,05,contempt,3,2,1,It's easy to tell the depth of a well.,normal,lower,louder,front,tilting,none,none,strong,none,none,strong,strong,strong,none,none,strong,strong,none,strong,none,none,none,"Actor 05 said “It's easy to tell the depth of a well.”, with *normal* **speech rate**, *lower* **pitch**, *louder* **loudness**, while **looking at the camera**, while *tilting* their **head**, and *strong* **lowered brows**, *strong* **tightened eyelids**, *strong* **wrinkled nose**, *strong* **raised upper lip**, *strong* **downturned mouth corners**, *strong* **raised chin**, and *strong* **tightened lips**."
S_05_09_04_1_1,05,contempt,4,1,1,These days a chicken leg is a rare dish.,normal,lower,quieter,front,none,none,none,weak,none,none,none,moderate,moderate,none,none,none,none,none,none,none,none,none,"Actor 05 said “These days a chicken leg is a rare dish.”, with *normal* **speech rate**, *lower* **pitch**, *quieter* **loudness**, while **looking at the camera**, and *weak* **lowered brows**, *moderate* **wrinkled nose**, and *moderate* **raised upper lip**."
S_05_09_04_2_1,05,contempt,4,2,1,These days a chicken leg is a rare dish.,normal,higher,louder,right,shaking,none,none,strong,none,none,none,strong,strong,none,moderate,none,strong,none,moderate,none,none,none,"Actor 05 said “These days a chicken leg is a rare dish.”, with *normal* **speech rate**, *higher* **pitch**, *louder* **loudness**, **gaze** *averted* (to their right), while *shaking* their **head**, and *strong* **lowered brows**, *strong* **wrinkled nose**, *strong* **raised upper lip**, *moderate* **a tight smile**, *strong* **raised chin**, and *moderate* **tightened lips**."
S_05_09_05_1_1,05,contempt,5,1,1,Rice is often served in round bowls.,normal,lower,quieter,right,tilting,none,none,weak,none,none,none,weak,none,none,none,none,none,none,none,none,none,none,"Actor 05 said “Rice is often served in round bowls.”, with *normal* **speech rate**, *lower* **pitch**, *quieter* **loudness**, **gaze** *averted* (to their right), while *tilting* their **head**, and *weak* **lowered brows** and *weak* **wrinkled nose**."
S_05_09_05_2_1,05,contempt,5,2,1,Rice is often served in round bowls.,normal,lower,quieter,down,tilting,none,none,strong,none,none,none,moderate,strong,none,none,strong,none,strong,strong,none,none,none,"Actor 05 said “Rice is often served in round bowls.”, with *normal* **speech rate**, *lower* **pitch**, *quieter* **loudness**, **gaze** *averted* (downwards), while *tilting* their **head**, and *strong* **lowered brows**, *moderate* **wrinkled nose**, *strong* **raised upper lip**, *strong* **downturned mouth corners**, *strong* **stretched lips**, and *strong* **tightened lips**."
S_05_10_01_1_1,05,empathy,1,1,1,The birch canoe slid on the smooth planks.,normal,normal,quieter,front,tilting,weak,none,none,none,weak,none,none,none,weak,none,none,none,none,none,none,none,none,"Actor 05 said “The birch canoe slid on the smooth planks.”, with *normal* **speech rate**, *normal* **pitch**, *quieter* **loudness**, while **looking at the camera**, while *tilting* their **head**, and *weak* **raised inner eyebrows**, *weak* **raised cheeks**, and *weak* **a smile**."
S_05_10_01_2_1,05,empathy,1,2,1,The birch canoe slid on the smooth planks.,slow,lower,quieter,down,tilting,weak,none,none,none,weak,none,none,none,moderate,none,none,none,none,none,none,none,none,"Actor 05 said “The birch canoe slid on the smooth planks.”, with *slow* **speech rate**, *lower* **pitch**, *quieter* **loudness**, **gaze** *averted* (downwards), while *tilting* their **head**, and *weak* **raised inner eyebrows**, *weak* **raised cheeks**, and *moderate* **a smile**."
S_05_10_02_1_1,05,empathy,2,1,1,Glue the sheet to the dark blue background.,normal,lower,quieter,front,none,weak,none,none,none,weak,none,none,none,weak,none,none,none,none,none,none,none,none,"Actor 05 said “Glue the sheet to the dark blue background.”, with *normal* **speech rate**, *lower* **pitch**, *quieter* **loudness**, while **looking at the camera**, and *weak* **raised inner eyebrows**, *weak* **raised cheeks**, and *weak* **a smile**."
S_05_10_02_2_1,05,empathy,2,2,1,Glue the sheet to the dark blue background.,slow,lower,quieter,front,tilting,moderate,moderate,none,weak,moderate,none,none,none,moderate,none,none,weak,none,none,none,none,none,"Actor 05 said “Glue the sheet to the dark blue background.”, with *slow* **speech rate**, *lower* **pitch**, *quieter* **loudness**, while **looking at the camera**, while *tilting* their **head**, and *moderate* **raised inner eyebrows**, *moderate* **raised outer eyebrows**, *weak* **raised upper eyelids**, *moderate* **raised cheeks**, *moderate* **a smile**, and *weak* **raised chin**."
S_05_10_03_1_1,05,empathy,3,1,1,It's easy to tell the depth of a well.,normal,lower,quieter,down,tilting,weak,none,none,none,weak,none,none,none,weak,none,none,none,weak,none,none,none,none,"Actor 05 said “It's easy to tell the depth of a well.”, with *normal* **speech rate**, *lower* **pitch**, *quieter* **loudness**, **gaze** *averted* (downwards), while *tilting* their **head**, and *weak* **raised inner eyebrows**, *weak* **raised cheeks**, *weak* **a smile**, and *weak* **stretched lips**."
S_05_10_03_2_1,05,empathy,3,2,1,It's easy to tell the depth of a well.,slow,lower,quieter,down,tilting,strong,none,none,none,none,none,none,none,weak,none,none,none,none,none,none,none,none,"Actor 05 said “It's easy to tell the depth of a well.”, with *slow* **speech rate**, *lower* **pitch**, *quieter* **loudness**, **gaze** *averted* (downwards), while *tilting* their **head**, and *strong* **raised inner eyebrows** and *weak* **a smile**."
S_05_10_04_1_1,05,empathy,4,1,1,These days a chicken leg is a rare dish.,normal,lower,quieter,front,tilting,weak,none,none,none,weak,none,none,none,weak,none,none,none,none,none,none,none,none,"Actor 05 said “These days a chicken leg is a rare dish.”, with *normal* **speech rate**, *lower* **pitch**, *quieter* **loudness**, while **looking at the camera**, while *tilting* their **head**, and *weak* **raised inner eyebrows**, *weak* **raised cheeks**, and *weak* **a smile**."
S_05_10_04_2_1,05,empathy,4,2,1,These days a chicken leg is a rare dish.,slow,lower,quieter,down,tilting,strong,none,none,none,weak,none,none,none,none,none,none,none,none,none,none,none,none,"Actor 05 said “These days a chicken leg is a rare dish.”, with *slow* **speech rate**, *lower* **pitch**, *quieter* **loudness**, **gaze** *averted* (downwards), while *tilting* their **head**, and *strong* **raised inner eyebrows** and *weak* **raised cheeks**."
S_05_10_05_1_1,05,empathy,5,1,1,Rice is often served in round bowls.,normal,normal,quieter,front,tilting,weak,none,none,none,weak,none,none,none,weak,none,none,none,none,none,none,none,none,"Actor 05 said “Rice is often served in round bowls.”, with *normal* **speech rate**, *normal* **pitch**, *quieter* **loudness**, while **looking at the camera**, while *tilting* their **head**, and *weak* **raised inner eyebrows**, *weak* **raised cheeks**, and *weak* **a smile**."
S_05_10_05_2_1,05,empathy,5,2,1,Rice is often served in round bowls.,slow,lower,quieter,down,tilting,moderate,none,none,none,moderate,none,none,none,moderate,none,none,none,none,none,none,none,none,"Actor 05 said “Rice is often served in round bowls.”, with *slow* **speech rate**, *lower* **pitch**, *quieter* **loudness**, **gaze** *averted* (downwards), while *tilting* their **head**, and *moderate* **raised inner eyebrows**, *moderate* **raised cheeks**, and *moderate* **a smile**."
