take_id,actor,emotion,sentence,intensity,take,text,speech_rate,pitch,loudness,gaze,head,AU01,AU02,AU04,AU05,AU06,AU07,AU09,AU10,AU12,AU14,AU15,AU17,AU20,AU23,AU25,AU26,AU45,transcript
S_01_00_01_0_1,01,neutral,1,0,1,The birch canoe slid on the smooth planks.,normal,normal,normal,front,none,none,none,none,none,none,none,none,none,none,none,none,none,none,none,none,none,none,"Actor 01 said “The birch canoe slid on the smooth planks.”, with *normal* **speech rate**, *normal* **pitch**, *normal* **loudness**, and while **looking at the camera**."
S_01_00_02_0_1,01,neutral,2,0,1,Glue the sheet to the dark blue background.,normal,normal,normal,front,none,none,none,none,none,none,none,none,none,none,none,none,none,none,none,none,none,none,"Actor 01 said “Glue the sheet to the dark blue background.”, with *normal* **speech rate**, *normal* **pitch**, *normal* **loudness**, and while **looking at the camera**."
S_01_00_03_0_1,01,neutral,3,0,1,It's easy to tell the depth of a well.,normal,normal,normal,front,none,none,none,none,none,none,none,none,none,none,none,none,none,none,none,none,none,none,"Actor 01 said “It's easy to tell the depth of a well.”, with *normal* **speech rate**, *normal* **pitch**, *normal* **loudness**, and while **looking at the camera**."
S_01_01_01_1_1,01,fear,1,1,1,The birch canoe slid on the smooth planks.,normal,lower,quieter,front,none,none,none,weak,none,none,weak,none,none,none,none,none,none,none,weak,none,none,weak,"Actor 01 said “The birch canoe slid on the smooth planks.”, with *normal* **speech rate**, *lower* **pitch**, *quieter* **loudness**, while **looking at the camera**, and *weak* **lowered brows**, *weak* **tightened eyelids**, *weak* **tightened lips**, and *weak* **blinking**."
S_01_01_01_2_1,01,fear,1,2,1,The birch canoe slid on the smooth planks.,fast,higher,louder,left,shaking,none,none,strong,none,none,strong,weak,none,none,none,strong,none,strong,strong,none,none,none,"Actor 01 said “The birch canoe slid on the smooth planks.”, with *fast* **speech rate**, *higher* **pitch**, *louder* **loudness**, **gaze** *averted* (to their left), while *shaking* their **head**, and *strong* **lowered brows**, *strong* **tightened eyelids**, *weak* **wrinkled nose**, *strong* **downturned mouth corners**, *strong* **stretched lips**, and *strong* **tightened lips**."
S_01_01_02_1_1,01,fear,2,1,1,Glue the sheet to the dark blue background.,normal,normal,quieter,down,tilting,weak,none,weak,none,none,none,none,none,none,none,weak,none,none,none,none,none,none,"Actor 01 said “Glue the sheet to the dark blue background.”, with *normal* **speech rate**, *normal* **pitch**, *quieter* **loudness**, **gaze** *averted* (downwards), while *tilting* their **head**, and *weak* **raised inner eyebrows**, *weak* **lowered brows**, and *weak* **downturned mouth corners**."
S_01_01_02_2_1,01,fear,2,2,1,Glue the sheet to the dark blue background.,slow,higher,louder,down,shaking,weak,none,strong,weak,none,strong,none,none,none,none,strong,weak,moderate,strong,moderate,moderate,none,"Actor 01 said “Glue the sheet to the dark blue background.”, with *slow* **speech rate**, *higher* **pitch**, *louder* **loudness**, **gaze** *averted* (downwards), while *shaking* their **head**, and *weak* **raised inner eyebrows**, *strong* **lowered brows**, *weak* **raised upper eyelids**, *strong* **tightened eyelids**, *strong* **downturned mouth corners**, *weak* **raised chin**, *moderate* **stretched lips**, *strong* **tightened lips**, *moderate* **parted lips**, and *moderate* **a dropped jaw**."
S_01_01_03_1_1,01,fear,3,1,1,It's easy to tell the depth of a well.,normal,lower,quieter,down,tilting,weak,none,weak,none,none,none,weak,none,none,none,none,none,none,none,none,none,none,"Actor 01 said “It's easy to tell the depth of a well.”, with *normal* **speech rate**, *lower* **pitch**, *quieter* **loudness**, **gaze** *averted* (downwards), while *tilting* their **head**, and *weak* **raised inner eyebrows**, *weak* **lowered brows**, and *weak* **wrinkled nose**."
S_01_01_03_2_1,01,fear,3,2,1,It's easy to tell the depth of a well.,slow,lower,quieter,down,shaking,none,none,strong,none,none,strong,none,none,none,none,strong,none,strong,strong,none,none,none,"Actor 01 said “It's easy to tell the depth of a well.”, with *slow* **speech rate**, *lower* **pitch**, *quieter* **loudness**, **gaze** *averted* (downwards), while *shaking* their **head**, and *strong* **lowered brows**, *strong* **tightened eyelids**, *strong* **downturned mouth corners**, *strong* **stretched lips**, and *strong* **tightened lips**."
S_01_02_01_1_1,01,anger,1,1,1,The birch canoe slid on the smooth planks.,fast,lower,louder,front,shaking,weak,none,moderate,none,none,none,weak,weak,none,none,moderate,none,none,moderate,none,none,none,"Actor 01 said “The birch canoe slid on the smooth planks.”, with *fast* **speech rate**, *lower* **pitch**, *louder* **loudness**, while **looking at the camera**, while *shaking* their **head**, and *weak* **raised inner eyebrows**, *moderate* **lowered brows**, *weak* **wrinkled nose**, *weak* **raised upper lip**, *moderate* **downturned mouth corners**, and *moderate* **tightened lips**."
S_01_02_01_2_1,01,anger,1,2,1,The birch canoe slid on the smooth planks.,fast,higher,louder,front,shaking,strong,none,strong,none,none,strong,none,strong,none,none,strong,strong,none,strong,none,none,none,"Actor 01 said “The birch canoe slid on the smooth planks.”, with *fast* **speech rate**, *higher* **pitch**, *louder* **loudness**, while **looking at the camera**, while *shaking* their **head**, and *strong* **raised inner eyebrows**, *strong* **lowered brows**, *strong* **tightened eyelids**, *strong* **raised upper lip**, *strong* **downturned mouth corners**, *strong* **raised chin**, and *strong* **tightened lips**."
S_01_02_02_1_1,01,anger,2,1,1,Glue the sheet to the dark blue background.,normal,lower,louder,front,none,weak,none,weak,none,none,none,none,none,none,none,moderate,none,none,moderate,none,none,none,"Actor 01 said “Glue the sheet to the dark blue background.”, with *normal* **speech rate**, *lower* **pitch**, *louder* **loudness**, while **looking at the camera**, and *weak* **raised inner eyebrows**, *weak* **lowered brows**, *moderate* **downturned mouth corners**, and *moderate* **tightened lips**."
S_01_02_02_2_1,01,anger,2,2,1,Glue the sheet to the dark blue background.,fast,higher,louder,front,shaking,none,none,strong,none,none,strong,none,strong,none,none,strong,strong,strong,strong,none,none,none,"Actor 01 said “Glue the sheet to the dark blue background.”, with *fast* **speech rate**, *higher* **pitch**, *louder* **loudness**, while **looking at the camera**, while *shaking* their **head**, and *strong* **lowered brows**, *strong* **tightened eyelids**, *strong* **raised upper lip**, *strong* **downturned mouth corners**, *strong* **raised chin**, *strong* **stretched lips**, and *strong* **tightened lips**."
S_01_02_03_1_1,01,anger,3,1,1,It's easy to tell the depth of a well.,normal,lower,louder,front,shaking,none,none,weak,none,none,none,none,none,none,none,weak,none,none,weak,none,none,none,"Actor 01 said “It's easy to tell the depth of a well.”, with *normal* **speech rate**, *lower* **pitch**, *louder* **loudness**, while **looking at the camera**, while *shaking* their **head**, and *weak* **lowered brows**, *weak* **downturned mouth corners**, and *weak* **tightened lips**."
S_01_02_03_2_1,01,anger,3,2,1,It's easy to tell the depth of a well.,fast,higher,louder,front,shaking,none,none,strong,none,none,moderate,none,strong,none,none,strong,none,moderate,strong,moderate,weak,none,"Actor 01 said “It's easy to tell the depth of a well.”, with *fast* **speech rate**, *higher* **pitch**, *louder* **loudness**, while **looking at the camera**, while *shaking* their **head**, and *strong* **lowered brows**, *moderate* **tightened eyelids**, *strong* **raised upper lip**, *strong* **downturned mouth corners**, *moderate* **stretched lips**, *strong* **tightened lips**, *moderate* **parted lips**, and *weak* **a dropped jaw**."
S_01_03_01_1_1,01,happiness,1,1,1,The birch canoe slid on the smooth planks.,normal,higher,quieter,front,none,none,weak,none,none,weak,none,none,none,weak,none,none,none,none,none,none,none,none,"Actor 01 said “The birch canoe slid on the smooth planks.”, with *normal* **speech rate**, *higher* **pitch**, *quieter* **loudness**, while **looking at the camera**, and *weak* **raised outer eyebrows**, *weak* **raised cheeks**, and *weak* **a smile**."
S_01_03_01_2_1,01,happiness,1,2,1,The birch canoe slid on the smooth planks.,fast,higher,louder,front,none,none,moderate,none,weak,strong,none,none,moderate,strong,none,none,none,none,moderate,none,none,none,"Actor 01 said “The birch canoe slid on the smooth planks.”, with *fast* **speech rate**, *higher* **pitch**, *louder* **loudness**, while **looking at the camera**, and *moderate* **raised outer eyebrows**, *weak* **raised upper eyelids**, *strong* **raised cheeks**, *moderate* **raised upper lip**, *strong* **a smile**, and *moderate* **tightened lips**."
S_01_03_02_1_1,01,happiness,2,1,1,Glue the sheet to the dark blue background.,normal,higher,normal,front,none,none,weak,none,none,weak,none,none,none,weak,none,none,none,none,none,none,none,none,"Actor 01 said “Glue the sheet to the dark blue background.”, with *normal* **speech rate**, *higher* **pitch**, *normal* **loudness**, while **looking at the camera**, and *weak* **raised outer eyebrows**, *weak* **raised cheeks**, and *weak* **a smile**."
S_01_03_02_2_1,01,happiness,2,2,1,Glue the sheet to the dark blue background.,fast,higher,louder,front,tilting,none,strong,none,none,strong,none,none,none,strong,none,none,none,none,none,none,none,none,"Actor 01 said “Glue the sheet to the dark blue background.”, with *fast* **speech rate**, *higher* **pitch**, *louder* **loudness**, while **looking at the camera**, while *tilting* their **head**, and *strong* **raised outer eyebrows**, *strong* **raised cheeks**, and *strong* **a smile**."
S_01_03_03_1_1,01,happiness,3,1,1,It's easy to tell the depth of a well.,normal,higher,normal,front,tilting,none,none,none,none,weak,none,none,none,weak,none,none,none,none,none,none,none,none,"Actor 01 said “It's easy to tell the depth of a well.”, with *normal* **speech rate**, *higher* **pitch**, *normal* **loudness**, while **looking at the camera**, while *tilting* their **head**, and *weak* **raised cheeks** and *weak* **a smile**."
S_01_03_03_2_1,01,happiness,3,2,1,It's easy to tell the depth of a well.,fast,higher,louder,front,nodding,none,strong,none,moderate,strong,none,none,none,strong,none,none,none,none,none,moderate,none,none,"Actor 01 said “It's easy to tell the depth of a well.”, with *fast* **speech rate**, *higher* **pitch**, *louder* **loudness**, while **looking at the camera**, while *nodding*, and *strong* **raised outer eyebrows**, *moderate* **raised upper eyelids**, *strong* **raised cheeks**, *strong* **a smile**, and *moderate* **parted lips**."
S_01_04_01_1_1,01,sadness,1,1,1,The birch canoe slid on the smooth planks.,slow,lower,quieter,down,tilting,weak,none,none,none,none,none,none,none,none,none,weak,none,none,none,none,none,weak,"Actor 01 said “The birch canoe slid on the smooth planks.”, with *slow* **speech rate**, *lower* **pitch**, *quieter* **loudness**, **gaze** *averted* (downwards), while *tilting* their **head**, and *weak* **raised inner eyebrows**, *weak* **downturned mouth corners**, and *weak* **blinking**."
S_01_04_01_2_1,01,sadness,1,2,1,The birch canoe slid on the smooth planks.,slow,lower,quieter,down,tilting,weak,none,strong,none,none,none,weak,none,none,none,weak,none,none,strong,none,none,none,"Actor 01 said “The birch canoe slid on the smooth planks.”, with *slow* **speech rate**, *lower* **pitch**, *quieter* **loudness**, **gaze** *averted* (downwards), while *tilting* their **head**, and *weak* **raised inner eyebrows**, *strong* **lowered brows**, *weak* **wrinkled nose**, *weak* **downturned mouth corners**, and *strong* **tightened lips**."
S_01_04_02_1_1,01,sadness,2,1,1,Glue the sheet to the dark blue background.,slow,lower,quieter,down,tilting,weak,none,none,none,none,none,none,none,none,none,none,none,none,none,none,none,none,"Actor 01 said “Glue the sheet to the dark blue background.”, with *slow* **speech rate**, *lower* **pitch**, *quieter* **loudness**, **gaze** *averted* (downwards), while *tilting* their **head**, and *weak* **raised inner eyebrows**."
S_01_04_02_2_1,01,sadness,2,2,1,Glue the sheet to the dark blue background.,slow,lower,quieter,down,tilting,weak,none,moderate,none,none,moderate,none,none,none,none,moderate,none,none,moderate,none,none,none,"Actor 01 said “Glue the sheet to the dark blue background.”, with *slow* **speech rate**, *lower* **pitch**, *quieter* **loudness**, **gaze** *averted* (downwards), while *tilting* their **head**, and *weak* **raised inner eyebrows**, *moderate* **lowered brows**, *moderate* **tightened eyelids**, *moderate* **downturned mouth corners**, and *moderate* **tightened lips**."
S_01_04_03_1_1,01,sadness,3,1,1,It's easy to tell the depth of a well.,slow,lower,quieter,down,tilting,weak,none,none,none,none,none,moderate,none,none,none,weak,none,none,weak,none,none,none,"Actor 01 said “It's easy to tell the depth of a well.”, with *slow* **speech rate**, *lower* **pitch**, *quieter* **loudness**, **gaze** *averted* (downwards), while *tilting* their **head**, and *weak* **raised inner eyebrows**, *moderate* **wrinkled nose**, *weak* **downturned mouth corners**, and *weak* **tightened lips**."
S_01_04_03_2_1,01,sadness,3,2,1,It's easy to tell the depth of a well.,slow,lower,quieter,down,tilting,strong,none,strong,none,none,none,moderate,none,none,none,moderate,none,none,moderate,none,none,none,"Actor 01 said “It's easy to tell the depth of a well.”, with *slow* **speech rate**, *lower* **pitch**, *quieter* **loudness**, **gaze** *averted* (downwards), while *tilting* their **head**, and *strong* **raised inner eyebrows**, *strong* **lowered brows**, *moderate* **wrinkled nose**, *moderate* **downturned mouth corners**, and *moderate* **tightened lips**."
S_01_05_01_1_1,01,disgust,1,1,1,The birch canoe slid on the smooth planks.,slow,lower,quieter,down,tilting,none,none,weak,none,none,none,weak,weak,none,none,none,none,none,weak,none,none,none,"Actor 01 said “The birch canoe slid on the smooth planks.”, with *slow* **speech rate**, *lower* **pitch**, *quieter* **loudness**, **gaze** *averted* (downwards), while *tilting* their **head**, and *weak* **lowered brows**, *weak* **wrinkled nose**, *weak* **raised upper lip**, and *weak* **tightened lips**."
S_01_05_01_2_1,01,disgust,1,2,1,The birch canoe slid on the smooth planks.,slow,lower,quieter,down,shaking,moderate,none,strong,none,none,moderate,strong,strong,none,none,moderate,none,strong,moderate,none,none,none,"Actor 01 said “The birch canoe slid on the smooth planks.”, with *slow* **speech rate**, *lower* **pitch**, *quieter* **loudness**, **gaze** *averted* (downwards), while *shaking* their **head**, and *moderate* **raised inner eyebrows**, *strong* **lowered brows**, *moderate* **tightened eyelids**, *strong* **wrinkled nose**, *strong* **raised upper lip**, *moderate* **downturned mouth corners**, *strong* **stretched lips**, and *moderate* **tightened lips**."
S_01_05_02_1_1,01,disgust,2,1,1,Glue the sheet to the dark blue background.,normal,lower,quieter,down,tilting,none,none,weak,none,none,none,weak,weak,none,none,none,none,weak,none,none,none,none,"Actor 01 said “Glue the sheet to the dark blue background.”, with *normal* **speech rate**, *lower* **pitch**, *quieter* **loudness**, **gaze** *averted* (downwards), while *tilting* their **head**, and *weak* **lowered brows**, *weak* **wrinkled nose**, *weak* **raised upper lip**, and *weak* **stretched lips**."
S_01_05_02_2_1,01,disgust,2,2,1,Glue the sheet to the dark blue background.,slow,lower,quieter,down,shaking,strong,none,strong,none,none,strong,strong,strong,none,none,strong,none,strong,strong,none,none,none,"Actor 01 said “Glue the sheet to the dark blue background.”, with *slow* **speech rate**, *lower* **pitch**, *quieter* **loudness**, **gaze** *averted* (downwards), while *shaking* their **head**, and *strong* **raised inner eyebrows**, *strong* **lowered brows**, *strong* **tightened eyelids**, *strong* **wrinkled nose**, *strong* **raised upper lip**, *strong* **downturned mouth corners**, *strong* **stretched lips**, and *strong* **tightened lips**."
S_01_05_03_1_1,01,disgust,3,1,1,It's easy to tell the depth of a well.,normal,lower,quieter,down,none,none,none,weak,none,none,none,none,weak,none,none,none,none,weak,none,none,none,none,"Actor 01 said “It's easy to tell the depth of a well.”, with *normal* **speech rate**, *lower* **pitch**, *quieter* **loudness**, **gaze** *averted* (downwards), and *weak* **lowered brows**, *weak* **raised upper lip**, and *weak* **stretched lips**."
S_01_05_03_2_1,01,disgust,3,2,1,It's easy to tell the depth of a well.,slow,lower,quieter,down,shaking,none,none,strong,none,none,strong,strong,strong,none,none,strong,none,none,strong,none,none,none,"Actor 01 said “It's easy to tell the depth of a well.”, with *slow* **speech rate**, *lower* **pitch**, *quieter* **loudness**, **gaze** *averted* (downwards), while *shaking* their **head**, and *strong* **lowered brows**, *strong* **tightened eyelids**, *strong* **wrinkled nose**, *strong* **raised upper lip**, *strong* **downturned mouth corners**, and *strong* **tightened lips**."
S_01_06_01_1_1,01,surprise,1,1,1,The birch canoe slid on the smooth planks.,normal,normal,normal,front,none,none,weak,none,none,none,none,none,none,none,none,none,none,none,none,none,weak,none,"Actor 01 said “The birch canoe slid on the smooth planks.”, with *normal* **speech rate**, *normal* **pitch**, *normal* **loudness**, while **looking at the camera**, and *weak* **raised outer eyebrows** and *weak* **a dropped jaw**."
S_01_06_01_2_1,01,surprise,1,2,1,The birch canoe slid on the smooth planks.,fast,higher,louder,up,tilting,moderate,strong,none,strong,moderate,none,none,none,moderate,none,none,none,moderate,none,strong,moderate,none,"Actor 01 said “The birch canoe slid on the smooth planks.”, with *fast* **speech rate**, *higher* **pitch**, *louder* **loudness**, **gaze** *averted* (upwards), while *tilting* their **head**, and *moderate* **raised inner eyebrows**, *strong* **raised outer eyebrows**, *strong* **raised upper eyelids**, *moderate* **raised cheeks**, *moderate* **a smile**, *moderate* **stretched lips**, *strong* **parted lips**, and *moderate* **a dropped jaw**."
S_01_06_02_1_1,01,surprise,2,1,1,Glue the sheet to the dark blue background.,normal,higher,normal,front,none,weak,weak,none,weak,weak,none,none,none,weak,none,none,none,none,none,none,none,none,"Actor 01 said “Glue the sheet to the dark blue background.”, with *normal* **speech rate**, *higher* **pitch**, *normal* **loudness**, while **looking at the camera**, and *weak* **raised inner eyebrows**, *weak* **raised outer eyebrows**, *weak* **raised upper eyelids**, *weak* **raised cheeks**, and *weak* **a smile**."
S_01_06_02_2_1,01,surprise,2,2,1,Glue the sheet to the dark blue background.,fast,higher,louder,front,tilting,none,moderate,none,moderate,moderate,none,none,none,moderate,none,none,none,none,none,moderate,moderate,none,"Actor 01 said “Glue the sheet to the dark blue background.”, with *fast* **speech rate**, *higher* **pitch**, *louder* **loudness**, while **looking at the camera**, while *tilting* their **head**, and *moderate* **raised outer eyebrows**, *moderate* **raised upper eyelids**, *moderate* **raised cheeks**, *moderate* **a smile**, *moderate* **parted lips**, and *moderate* **a dropped jaw**."
S_01_06_03_1_1,01,surprise,3,1,1,It's easy to tell the depth of a well.,normal,higher,normal,up,tilting,none,weak,none,weak,none,none,none,none,weak,none,none,none,none,none,none,none,none,"Actor 01 said “It's easy to tell the depth of a well.”, with *normal* **speech rate**, *higher* **pitch**, *normal* **loudness**, **gaze** *averted* (upwards), while *tilting* their **head**, and *weak* **raised outer eyebrows**, *weak* **raised upper eyelids**, and *weak* **a smile**."
S_01_06_03_2_1,01,surprise,3,2,1,It's easy to tell the depth of a well.,fast,higher,louder,up,shaking,strong,strong,none,strong,none,none,none,none,none,none,none,strong,strong,none,none,strong,none,"Actor 01 said “It's easy to tell the depth of a well.”, with *fast* **speech rate**, *higher* **pitch**, *louder* **loudness**, **gaze** *averted* (upwards), while *shaking* their **head**, and *strong* **raised inner eyebrows**, *strong* **raised outer eyebrows**, *strong* **raised upper eyelids**, *strong* **raised chin**, *strong* **stretched lips**, and *strong* **a dropped jaw**."
S_01_07_01_1_1,01,confidence,1,1,1,The birch canoe slid on the smooth planks.,normal,normal,normal,front,none,none,weak,none,none,weak,none,none,none,weak,none,none,none,none,none,none,none,none,"Actor 01 said “The birch canoe slid on the smooth planks.”, with *normal* **speech rate**, *normal* **pitch**, *normal* **loudness**, while **looking at the camera**, and *weak* **raised outer eyebrows**, *weak* **raised cheeks**, and *weak* **a smile**."
S_01_07_01_2_1,01,confidence,1,2,1,The birch canoe slid on the smooth planks.,normal,higher,louder,front,tilting,none,strong,none,weak,strong,none,none,none,strong,none,none,weak,none,none,none,none,none,"Actor 01 said “The birch canoe slid on the smooth planks.”, with *normal* **speech rate**, *higher* **pitch**, *louder* **loudness**, while **looking at the camera**, while *tilting* their **head**, and *strong* **raised outer eyebrows**, *weak* **raised upper eyelids**, *strong* **raised cheeks**, *strong* **a smile**, and *weak* **raised chin**."
S_01_07_02_1_1,01,confidence,2,1,1,Glue the sheet to the dark blue background.,normal,normal,normal,front,none,none,weak,none,none,weak,none,none,weak,weak,none,none,none,none,none,none,none,none,"Actor 01 said “Glue the sheet to the dark blue background.”, with *normal* **speech rate**, *normal* **pitch**, *normal* **loudness**, while **looking at the camera**, and *weak* **raised outer eyebrows**, *weak* **raised cheeks**, *weak* **raised upper lip**, and *weak* **a smile**."
S_01_07_02_2_1,01,confidence,2,2,1,Glue the sheet to the dark blue background.,normal,higher,louder,front,none,none,moderate,none,none,strong,none,none,none,strong,none,none,none,none,none,none,none,none,"Actor 01 said “Glue the sheet to the dark blue background.”, with *normal* **speech rate**, *higher* **pitch**, *louder* **loudness**, while **looking at the camera**, and *moderate* **raised outer eyebrows**, *strong* **raised cheeks**, and *strong* **a smile**."
S_01_07_03_1_1,01,confidence,3,1,1,It's easy to tell the depth of a well.,normal,normal,normal,front,none,none,weak,none,none,weak,none,none,none,weak,none,none,none,none,none,none,none,none,"Actor 01 said “It's easy to tell the depth of a well.”, with *normal* **speech rate**, *normal* **pitch**, *normal* **loudness**, while **looking at the camera**, and *weak* **raised outer eyebrows**, *weak* **raised cheeks**, and *weak* **a smile**."
S_01_07_03_2_1,01,confidence,3,2,1,It's easy to tell the depth of a well.,normal,higher,louder,front,none,none,moderate,none,moderate,strong,none,none,none,strong,none,none,none,none,none,none,none,none,"Actor 01 said “It's easy to tell the depth of a well.”, with *normal* **speech rate**, *higher* **pitch**, *louder* **loudness**, while **looking at the camera**, and *moderate* **raised outer eyebrows**, *moderate* **raised upper eyelids**, *strong* **raised cheeks**, and *strong* **a smile**."
S_01_08_01_1_1,01,confusion,1,1,1,The birch canoe slid on the smooth planks.,slow,lower,quieter,down,tilting,weak,none,none,none,none,none,weak,none,none,none,none,none,weak,none,none,none,none,"Actor 01 said “The birch canoe slid on the smooth planks.”, with *slow* **speech rate**, *lower* **pitch**, *quieter* **loudness**, **gaze** *averted* (downwards), while *tilting* their **head**, and *weak* **raised inner eyebrows**, *weak* **wrinkled nose**, and *weak* **stretched lips**."
S_01_08_01_2_1,01,confusion,1,2,1,The birch canoe slid on the smooth planks.,slow,lower,quieter,up,tilting,weak,none,moderate,none,none,strong,weak,none,none,none,weak,none,strong,moderate,none,none,none,"Actor 01 said “The birch canoe slid on the smooth planks.”, with *slow* **speech rate**, *lower* **pitch**, *quieter* **loudness**, **gaze** *averted* (upwards), while *tilting* their **head**, and *weak* **raised inner eyebrows**, *moderate* **lowered brows**, *strong* **tightened eyelids**, *weak* **wrinkled nose**, *weak* **downturned mouth corners**, *strong* **stretched lips**, and *moderate* **tightened lips**."
S_01_08_02_1_1,01,confusion,2,1,1,Glue the sheet to the dark blue background.,slow,lower,quieter,down,tilting,weak,none,none,none,none,none,none,none,none,none,weak,none,none,none,none,none,none,"Actor 01 said “Glue the sheet to the dark blue background.”, with *slow* **speech rate**, *lower* **pitch**, *quieter* **loudness**, **gaze** *averted* (downwards), while *tilting* their **head**, and *weak* **raised inner eyebrows** and *weak* **downturned mouth corners**."
S_01_08_02_2_1,01,confusion,2,2,1,Glue the sheet to the dark blue background.,normal,lower,quieter,down,tilting,strong,none,moderate,none,none,moderate,moderate,none,none,none,moderate,none,strong,strong,none,none,none,"Actor 01 said “Glue the sheet to the dark blue background.”, with *normal* **speech rate**, *lower* **pitch**, *quieter* **loudness**, **gaze** *averted* (downwards), while *tilting* their **head**, and *strong* **raised inner eyebrows**, *moderate* **lowered brows**, *moderate* **tightened eyelids**, *moderate* **wrinkled nose**, *moderate* **downturned mouth corners**, *strong* **stretched lips**, and *strong* **tightened lips**."
S_01_08_03_1_1,01,confusion,3,1,1,It's easy to tell the depth of a well.,slow,lower,quieter,down,tilting,weak,none,none,none,none,weak,none,none,none,none,weak,none,none,none,none,none,none,"Actor 01 said “It's easy to tell the depth of a well.”, with *slow* **speech rate**, *lower* **pitch**, *quieter* **loudness**, **gaze** *averted* (downwards), while *tilting* their **head**, and *weak* **raised inner eyebrows**, *weak* **tightened eyelids**, and *weak* **downturned mouth corners**."
S_01_08_03_2_1,01,confusion,3,2,1,It's easy to tell the depth of a well.,slow,lower,quieter,down,tilting,weak,none,strong,none,none,weak,none,none,none,none,none,none,weak,moderate,none,none,weak,"Actor 01 said “It's easy to tell the depth of a well.”, with *slow* **speech rate**, *lower* **pitch**, *quieter* **loudness**, **gaze** *averted* (downwards), while *tilting* their **head**, and *weak* **raised inner eyebrows**, *strong* **lowered brows**, *weak* **tightened eyelids**, *weak* **stretched lips**, *moderate* **tightened lips**, and *weak* **blinking**."
S_01_09_01_1_1,01,contempt,1,1,1,The birch canoe slid on the smooth planks.,normal,lower,quieter,front,tilting,none,none,weak,none,none,none,weak,none,none,none,weak,none,none,weak,none,none,none,"Actor 01 said “The birch canoe slid on the smooth planks.”, with *normal* **speech rate**, *lower* **pitch**, *quieter* **loudness**, while **looking at the camera**, while *tilting* their **head**, and *weak* **lowered brows**, *weak* **wrinkled nose**, *weak* **downturned mouth corners**, and *weak* **tightened lips**."
S_01_09_01_2_1,01,contempt,1,2,1,The birch canoe slid on the smooth planks.,normal,lower,louder,down,tilting,none,none,strong,none,none,weak,moderate,moderate,none,moderate,moderate,none,moderate,strong,none,none,none,"Actor 01 said “The birch canoe slid on the smooth planks.”, with *normal* **speech rate**, *lower* **pitch**, *louder* **loudness**, **gaze** *averted* (downwards), while *tilting* their **head**, and *strong* **lowered brows**, *weak* **tightened eyelids**, *moderate* **wrinkled nose**, *moderate* **raised upper lip**, *moderate* **a tight smile**, *moderate* **downturned mouth corners**, *moderate* **stretched lips**, and *strong* **tightened lips**."
S_01_09_02_1_1,01,contempt,2,1,1,Glue the sheet to the dark blue background.,normal,lower,quieter,front,tilting,none,none,weak,none,none,none,none,none,none,weak,none,none,none,none,none,none,none,"Actor 01 said “Glue the sheet to the dark blue background.”, with *normal* **speech rate**, *lower* **pitch**, *quieter* **loudness**, while **looking at the camera**, while *tilting* their **head**, and *weak* **lowered brows** and *weak* **a tight smile**."
S_01_09_02_2_1,01,contempt,2,2,1,Glue the sheet to the dark blue background.,slow,lower,louder,right,shaking,none,none,strong,none,none,moderate,moderate,moderate,none,moderate,moderate,none,moderate,strong,none,none,none,"Actor 01 said “Glue the sheet to the dark blue background.”, with *slow* **speech rate**, *lower* **pitch**, *louder* **loudness**, **gaze** *averted* (to their right), while *shaking* their **head**, and *strong* **lowered brows**, *moderate* **tightened eyelids**, *moderate* **wrinkled nose**, *moderate* **raised upper lip**, *moderate* **a tight smile**, *moderate* **downturned mouth corners**, *moderate* **stretched lips**, and *strong* **tightened lips**."
S_01_09_03_1_1,01,contempt,3,1,1,It's easy to tell the depth of a well.,normal,lower,quieter,front,tilting,none,none,weak,none,none,none,none,none,none,none,weak,none,none,none,none,none,none,"Actor 01 said “It's easy to tell the depth of a well.”, with *normal* **speech rate**, *lower* **pitch**, *quieter* **loudness**, while **looking at the camera**, while *tilting* their **head**, and *weak* **lowered brows** and *weak* **downturned mouth corners**."
S_01_09_03_2_1,01,contempt,3,2,1,It's easy to tell the depth of a well.,normal,lower,louder,down,tilting,none,none,strong,none,none,strong,moderate,moderate,none,none,moderate,moderate,moderate,strong,none,none,none,"Actor 01 said “It's easy to tell the depth of a well.”, with *normal* **speech rate**, *lower* **pitch**, *louder* **loudness**, **gaze** *averted* (downwards), while *tilting* their **head**, and *strong* **lowered brows**, *strong* **tightened eyelids**, *moderate* **wrinkled nose**, *moderate* **raised upper lip**, *moderate* **downturned mouth corners**, *moderate* **raised chin**, *moderate* **stretched lips**, and *strong* **tightened lips**."
S_01_10_01_1_1,01,empathy,1,1,1,The birch canoe slid on the smooth planks.,slow,lower,quieter,down,tilting,none,none,none,none,weak,none,none,none,none,none,none,weak,none,none,none,none,none,"Actor 01 said “The birch canoe slid on the smooth planks.”, with *slow* **speech rate**, *lower* **pitch**, *quieter* **loudness**, **gaze** *averted* (downwards), while *tilting* their **head**, and *weak* **raised cheeks** and *weak* **raised chin**."
S_01_10_01_2_1,01,empathy,1,2,1,The birch canoe slid on the smooth planks.,slow,lower,quieter,down,tilting,strong,none,none,none,weak,none,none,none,weak,none,none,none,none,none,none,none,none,"Actor 01 said “The birch canoe slid on the smooth planks.”, with *slow* **speech rate**, *lower* **pitch**, *quieter* **loudness**, **gaze** *averted* (downwards), while *tilting* their **head**, and *strong* **raised inner eyebrows**, *weak* **raised cheeks**, and *weak* **a smile**."
S_01_10_02_1_1,01,empathy,2,1,1,Glue the sheet to the dark blue background.,normal,lower,quieter,front,none,none,none,none,none,weak,none,none,none,moderate,none,none,none,none,none,none,none,none,"Actor 01 said “Glue the sheet to the dark blue background.”, with *normal* **speech rate**, *lower* **pitch**, *quieter* **loudness**, while **looking at the camera**, and *weak* **raised cheeks** and *moderate* **a smile**."
S_01_10_02_2_1,01,empathy,2,2,1,Glue the sheet to the dark blue background.,slow,lower,quieter,front,tilting,weak,none,none,none,weak,none,none,none,moderate,none,none,none,none,none,none,none,none,"Actor 01 said “Glue the sheet to the dark blue background.”, with *slow* **speech rate**, *lower* **pitch**, *quieter* **loudness**, while **looking at the camera**, while *tilting* their **head**, and *weak* **raised inner eyebrows**, *weak* **raised cheeks**, and *moderate* **a smile**."
S_01_10_03_1_1,01,empathy,3,1,1,It's easy to tell the depth of a well.,slow,lower,quieter,down,tilting,weak,none,none,none,none,none,none,none,weak,none,none,none,none,none,none,none,none,"Actor 01 said “It's easy to tell the depth of a well.”, with *slow* **speech rate**, *lower* **pitch**, *quieter* **loudness**, **gaze** *averted* (downwards), while *tilting* their **head**, and *weak* **raised inner eyebrows** and *weak* **a smile**."
S_01_10_03_2_1,01,empathy,3,2,1,It's easy to tell the depth of a well.,normal,lower,quieter,front,tilting,strong,none,none,none,none,none,none,none,weak,none,none,none,none,none,none,none,none,"Actor 01 said “It's easy to tell the depth of a well.”, with *normal* **speech rate**, *lower* **pitch**, *quieter* **loudness**, while **looking at the camera**, while *tilting* their **head**, and *strong* **raised inner eyebrows** and *weak* **a smile**."
S_02_00_01_0_1,02,neutral,1,0,1,The birch canoe slid on the smooth planks.,normal,normal,normal,front,none,none,none,none,none,none,none,none,none,none,none,none,none,none,none,none,none,none,"Actor 02 said “The birch canoe slid on the smooth planks.”, with *normal* **speech rate**, *normal* **pitch**, *normal* **loudness**, and while **looking at the camera**."
S_02_00_02_0_1,02,neutral,2,0,1,Glue the sheet to the dark blue background.,normal,normal,normal,front,none,none,none,none,none,none,none,none,none,none,none,none,none,none,none,none,none,none,"Actor 02 said “Glue the sheet to the dark blue background.”, with *normal* **speech rate**, *normal* **pitch**, *normal* **loudness**, and while **looking at the camera**."
S_02_00_03_0_1,02,neutral,3,0,1,It's easy to tell the depth of a well.,normal,normal,normal,front,none,none,none,none,none,none,none,none,none,none,none,none,none,none,none,none,none,none,"Actor 02 said “It's easy to tell the depth of a well.”, with *normal* **speech rate**, *normal* **pitch**, *normal* **loudness**, and while **looking at the camera**."
S_02_01_01_1_1,02,fear,1,1,1,The birch canoe slid on the smooth planks.,normal,lower,quieter,down,tilting,none,none,weak,none,none,none,none,none,none,none,weak,none,none,weak,none,none,none,"Actor 02 said “The birch canoe slid on the smooth planks.”, with *normal* **speech rate**, *lower* **pitch**, *quieter* **loudness**, **gaze** *averted* (downwards), while *tilting* their **head**, and *weak* **lowered brows**, *weak* **downturned mouth corners**, and *weak* **tightened lips**."
S_02_01_01_2_1,02,fear,1,2,1,The birch canoe slid on the smooth planks.,normal,higher,louder,front,shaking,strong,none,strong,none,none,strong,none,none,none,none,none,none,strong,strong,none,none,strong,"Actor 02 said “The birch canoe slid on the smooth planks.”, with *normal* **speech rate**, *higher* **pitch**, *louder* **loudness**, while **looking at the camera**, while *shaking* their **head**, and *strong* **raised inner eyebrows**, *strong* **lowered brows**, *strong* **tightened eyelids**, *strong* **stretched lips**, *strong* **tightened lips**, and *strong* **blinking**."
S_02_01_02_1_1,02,fear,2,1,1,Glue the sheet to the dark blue background.,slow,lower,quieter,down,tilting,none,none,weak,none,none,none,none,none,none,none,none,none,none,weak,none,none,none,"Actor 02 said “Glue the sheet to the dark blue background.”, with *slow* **speech rate**, *lower* **pitch**, *quieter* **loudness**, **gaze** *averted* (downwards), while *tilting* their **head**, and *weak* **lowered brows** and *weak* **tightened lips**."
S_02_01_02_2_1,02,fear,2,2,1,Glue the sheet to the dark blue background.,normal,higher,louder,front,shaking,none,none,strong,none,none,strong,none,none,none,none,moderate,none,strong,moderate,none,moderate,none,"Actor 02 said “Glue the sheet to the dark blue background.”, with *normal* **speech rate**, *higher* **pitch**, *louder* **loudness**, while **looking at the camera**, while *shaking* their **head**, and *strong* **lowered brows**, *strong* **tightened eyelids**, *moderate* **downturned mouth corners**, *strong* **stretched lips**, *moderate* **tightened lips**, and *moderate* **a dropped jaw**."
S_02_01_03_1_1,02,fear,3,1,1,It's easy to tell the depth of a well.,slow,lower,quieter,down,tilting,none,none,weak,none,none,none,weak,none,none,none,none,none,none,none,none,none,none,"Actor 02 said “It's easy to tell the depth of a well.”, with *slow* **speech rate**, *lower* **pitch**, *quieter* **loudness**, **gaze** *averted* (downwards), while *tilting* their **head**, and *weak* **lowered brows** and *weak* **wrinkled nose**."
S_02_01_03_2_1,02,fear,3,2,1,It's easy to tell the depth of a well.,slow,lower,quieter,down,shaking,none,none,strong,none,none,moderate,moderate,none,none,none,strong,none,moderate,strong,none,none,none,"Actor 02 said “It's easy to tell the depth of a well.”, with *slow* **speech rate**, *lower* **pitch**, *quieter* **loudness**, **gaze** *averted* (downwards), while *shaking* their **head**, and *strong* **lowered brows**, *moderate* **tightened eyelids**, *moderate* **wrinkled nose**, *strong* **downturned mouth corners**, *moderate* **stretched lips**, and *strong* **tightened lips**."
S_02_02_01_1_1,02,anger,1,1,1,The birch canoe slid on the smooth planks.,normal,lower,louder,front,none,none,none,weak,none,none,none,none,none,none,none,weak,none,none,weak,none,none,none,"Actor 02 said “The birch canoe slid on the smooth planks.”, with *normal* **speech rate**, *lower* **pitch**, *louder* **loudness**, while **looking at the camera**, and *weak* **lowered brows**, *weak* **downturned mouth corners**, and *weak* **tightened lips**."
S_02_02_01_2_1,02,anger,1,2,1,The birch canoe slid on the smooth planks.,fast,higher,louder,front,shaking,none,none,strong,none,none,strong,none,strong,none,none,strong,none,strong,strong,none,none,none,"Actor 02 said “The birch canoe slid on the smooth planks.”, with *fast* **speech rate**, *higher* **pitch**, *louder* **loudness**, while **looking at the camera**, while *shaking* their **head**, and *strong* **lowered brows**, *strong* **tightened eyelids**, *strong* **raised upper lip**, *strong* **downturned mouth corners**, *strong* **stretched lips**, and *strong* **tightened lips**."
S_02_02_02_1_1,02,anger,2,1,1,Glue the sheet to the dark blue background.,normal,normal,louder,front,none,none,none,moderate,none,none,none,none,none,none,none,moderate,none,none,weak,none,none,none,"Actor 02 said “Glue the sheet to the dark blue background.”, with *normal* **speech rate**, *normal* **pitch**, *louder* **loudness**, while **looking at the camera**, and *moderate* **lowered brows**, *moderate* **downturned mouth corners**, and *weak* **tightened lips**."
S_02_02_02_2_1,02,anger,2,2,1,Glue the sheet to the dark blue background.,fast,higher,louder,front,shaking,none,none,strong,none,none,strong,moderate,strong,none,none,strong,none,strong,strong,none,none,none,"Actor 02 said “Glue the sheet to the dark blue background.”, with *fast* **speech rate**, *higher* **pitch**, *louder* **loudness**, while **looking at the camera**, while *shaking* their **head**, and *strong* **lowered brows**, *strong* **tightened eyelids**, *moderate* **wrinkled nose**, *strong* **raised upper lip**, *strong* **downturned mouth corners**, *strong* **stretched lips**, and *strong* **tightened lips**."
S_02_02_03_1_1,02,anger,3,1,1,It's easy to tell the depth of a well.,normal,normal,louder,front,none,weak,none,weak,none,none,none,weak,weak,none,none,weak,none,none,weak,none,none,none,"Actor 02 said “It's easy to tell the depth of a well.”, with *normal* **speech rate**, *normal* **pitch**, *louder* **loudness**, while **looking at the camera**, and *weak* **raised inner eyebrows**, *weak* **lowered brows**, *weak* **wrinkled nose**, *weak* **raised upper lip**, *weak* **downturned mouth corners**, and *weak* **tightened lips**."
S_02_02_03_2_1,02,anger,3,2,1,It's easy to tell the depth of a well.,fast,higher,louder,front,shaking,strong,none,strong,weak,none,strong,none,strong,none,none,strong,strong,strong,strong,none,none,strong,"Actor 02 said “It's easy to tell the depth of a well.”, with *fast* **speech rate**, *higher* **pitch**, *louder* **loudness**, while **looking at the camera**, while *shaking* their **head**, and *strong* **raised inner eyebrows**, *strong* **lowered brows**, *weak* **raised upper eyelids**, *strong* **tightened eyelids**, *strong* **raised upper lip**, *strong* **downturned mouth corners**, *strong* **raised chin**, *strong* **stretched lips**, *strong* **tightened lips**, and *strong* **blinking**."
S_02_03_01_1_1,02,happiness,1,1,1,The birch canoe slid on the smooth planks.,normal,higher,normal,front,none,weak,weak,none,none,none,none,none,none,weak,none,none,none,none,none,none,none,none,"Actor 02 said “The birch canoe slid on the smooth planks.”, with *normal* **speech rate**, *higher* **pitch**, *normal* **loudness**, while **looking at the camera**, and *weak* **raised inner eyebrows**, *weak* **raised outer eyebrows**, and *weak* **a smile**."
S_02_03_01_2_1,02,happiness,1,2,1,The birch canoe slid on the smooth planks.,fast,higher,louder,front,none,none,strong,none,none,strong,none,none,none,strong,none,none,none,none,none,strong,none,none,"Actor 02 said “The birch canoe slid on the smooth planks.”, with *fast* **speech rate**, *higher* **pitch**, *louder* **loudness**, while **looking at the camera**, and *strong* **raised outer eyebrows**, *strong* **raised cheeks**, *strong* **a smile**, and *strong* **parted lips**."
S_02_03_02_1_1,02,happiness,2,1,1,Glue the sheet to the dark blue background.,normal,higher,normal,front,none,none,weak,none,none,weak,none,none,none,weak,none,none,none,none,none,none,none,none,"Actor 02 said “Glue the sheet to the dark blue background.”, with *normal* **speech rate**, *higher* **pitch**, *normal* **loudness**, while **looking at the camera**, and *weak* **raised outer eyebrows**, *weak* **raised cheeks**, and *weak* **a smile**."
S_02_03_02_2_1,02,happiness,2,2,1,Glue the sheet to the dark blue background.,fast,higher,louder,front,none,none,strong,none,moderate,strong,none,none,moderate,strong,moderate,none,none,none,moderate,moderate,none,none,"Actor 02 said “Glue the sheet to the dark blue background.”, with *fast* **speech rate**, *higher* **pitch**, *louder* **loudness**, while **looking at the camera**, and *strong* **raised outer eyebrows**, *moderate* **raised upper eyelids**, *strong* **raised cheeks**, *moderate* **raised upper lip**, *strong* **a smile**, *moderate* **a tight smile**, *moderate* **tightened lips**, and *moderate* **parted lips**."
S_02_03_03_1_1,02,happiness,3,1,1,It's easy to tell the depth of a well.,normal,higher,normal,front,none,none,weak,none,none,weak,none,none,none,weak,none,none,none,none,none,none,none,none,"Actor 02 said “It's easy to tell the depth of a well.”, with *normal* **speech rate**, *higher* **pitch**, *normal* **loudness**, while **looking at the camera**, and *weak* **raised outer eyebrows**, *weak* **raised cheeks**, and *weak* **a smile**."
S_02_03_03_2_1,02,happiness,3,2,1,It's easy to tell the depth of a well.,fast,higher,louder,front,none,none,strong,none,moderate,strong,none,none,moderate,strong,none,none,none,none,none,none,none,none,"Actor 02 said “It's easy to tell the depth of a well.”, with *fast* **speech rate**, *higher* **pitch**, *louder* **loudness**, while **looking at the camera**, and *strong* **raised outer eyebrows**, *moderate* **raised upper eyelids**, *strong* **raised cheeks**, *moderate* **raised upper lip**, and *strong* **a smile**."
S_02_04_01_1_1,02,sadness,1,1,1,The birch canoe slid on the smooth planks.,slow,lower,quieter,down,tilting,weak,none,moderate,none,none,none,none,none,none,none,weak,none,none,none,none,none,none,"Actor 02 said “The birch canoe slid on the smooth planks.”, with *slow* **speech rate**, *lower* **pitch**, *quieter* **loudness**, **gaze** *averted* (downwards), while *tilting* their **head**, and *weak* **raised inner eyebrows**, *moderate* **lowered brows**, and *weak* **downturned mouth corners**."
S_02_04_01_2_1,02,sadness,1,2,1,The birch canoe slid on the smooth planks.,slow,lower,quieter,down,tilting,strong,none,strong,none,none,none,moderate,none,none,none,moderate,none,none,none,none,none,none,"Actor 02 said “The birch canoe slid on the smooth planks.”, with *slow* **speech rate**, *lower* **pitch**, *quieter* **loudness**, **gaze** *averted* (downwards), while *tilting* their **head**, and *strong* **raised inner eyebrows**, *strong* **lowered brows**, *moderate* **wrinkled nose**, and *moderate* **downturned mouth corners**."
S_02_04_02_1_1,02,sadness,2,1,1,Glue the sheet to the dark blue background.,slow,lower,quieter,down,none,weak,none,none,none,none,none,none,none,none,none,weak,none,none,weak,none,none,moderate,"Actor 02 said “Glue the sheet to the dark blue background.”, with *slow* **speech rate**, *lower* **pitch**, *quieter* **loudness**, **gaze** *averted* (downwards), and *weak* **raised inner eyebrows**, *weak* **downturned mouth corners**, *weak* **tightened lips**, and *moderate* **blinking**."
S_02_04_02_2_1,02,sadness,2,2,1,Glue the sheet to the dark blue background.,slow,lower,quieter,down,tilting,moderate,none,moderate,none,none,none,none,none,none,none,moderate,none,none,weak,none,weak,none,"Actor 02 said “Glue the sheet to the dark blue background.”, with *slow* **speech rate**, *lower* **pitch**, *quieter* **loudness**, **gaze** *averted* (downwards), while *tilting* their **head**, and *moderate* **raised inner eyebrows**, *moderate* **lowered brows**, *moderate* **downturned mouth corners**, *weak* **tightened lips**, and *weak* **a dropped jaw**."
S_02_04_03_1_1,02,sadness,3,1,1,It's easy to tell the depth of a well.,slow,lower,quieter,down,tilting,weak,none,none,none,none,none,none,none,none,none,weak,none,none,none,none,none,none,"Actor 02 said “It's easy to tell the depth of a well.”, with *slow* **speech rate**, *lower* **pitch**, *quieter* **loudness**, **gaze** *averted* (downwards), while *tilting* their **head**, and *weak* **raised inner eyebrows** and *weak* **downturned mouth corners**."
S_02_04_03_2_1,02,sadness,3,2,1,It's easy to tell the depth of a well.,slow,lower,quieter,down,tilting,strong,none,strong,none,none,moderate,none,none,none,none,moderate,none,none,moderate,none,none,none,"Actor 02 said “It's easy to tell the depth of a well.”, with *slow* **speech rate**, *lower* **pitch**, *quieter* **loudness**, **gaze** *averted* (downwards), while *tilting* their **head**, and *strong* **raised inner eyebrows**, *strong* **lowered brows**, *moderate* **tightened eyelids**, *moderate* **downturned mouth corners**, and *moderate* **tightened lips**."
S_02_05_01_1_1,02,disgust,1,1,1,The birch canoe slid on the smooth planks.,slow,lower,quieter,down,tilting,weak,none,weak,none,none,none,weak,none,none,none,moderate,none,none,weak,none,weak,none,"Actor 02 said “The birch canoe slid on the smooth planks.”, with *slow* **speech rate**, *lower* **pitch**, *quieter* **loudness**, **gaze** *averted* (downwards), while *tilting* their **head**, and *weak* **raised inner eyebrows**, *weak* **lowered brows**, *weak* **wrinkled nose**, *moderate* **downturned mouth corners**, *weak* **tightened lips**, and *weak* **a dropped jaw**."
S_02_05_01_2_1,02,disgust,1,2,1,The birch canoe slid on the smooth planks.,slow,lower,quieter,down,shaking,none,none,strong,none,none,strong,strong,strong,none,none,strong,none,strong,strong,none,none,strong,"Actor 02 said “The birch canoe slid on the smooth planks.”, with *slow* **speech rate**, *lower* **pitch**, *quieter* **loudness**, **gaze** *averted* (downwards), while *shaking* their **head**, and *strong* **lowered brows**, *strong* **tightened eyelids**, *strong* **wrinkled nose**, *strong* **raised upper lip**, *strong* **downturned mouth corners**, *strong* **stretched lips**, *strong* **tightened lips**, and *strong* **blinking**."
S_02_05_02_1_1,02,disgust,2,1,1,Glue the sheet to the dark blue background.,slow,lower,quieter,down,tilting,weak,none,none,none,none,none,weak,weak,none,none,none,none,none,none,none,none,none,"Actor 02 said “Glue the sheet to the dark blue background.”, with *slow* **speech rate**, *lower* **pitch**, *quieter* **loudness**, **gaze** *averted* (downwards), while *tilting* their **head**, and *weak* **raised inner eyebrows**, *weak* **wrinkled nose**, and *weak* **raised upper lip**."
S_02_05_02_2_1,02,disgust,2,2,1,Glue the sheet to the dark blue background.,slow,lower,quieter,down,tilting,none,none,strong,none,none,strong,strong,strong,none,none,strong,none,strong,strong,none,none,none,"Actor 02 said “Glue the sheet to the dark blue background.”, with *slow* **speech rate**, *lower* **pitch**, *quieter* **loudness**, **gaze** *averted* (downwards), while *tilting* their **head**, and *strong* **lowered brows**, *strong* **tightened eyelids**, *strong* **wrinkled nose**, *strong* **raised upper lip**, *strong* **downturned mouth corners**, *strong* **stretched lips**, and *strong* **tightened lips**."
S_02_05_03_1_1,02,disgust,3,1,1,It's easy to tell the depth of a well.,normal,lower,quieter,down,tilting,none,none,weak,none,none,weak,weak,none,none,none,weak,none,weak,none,none,none,none,"Actor 02 said “It's easy to tell the depth of a well.”, with *normal* **speech rate**, *lower* **pitch**, *quieter* **loudness**, **gaze** *averted* (downwards), while *tilting* their **head**, and *weak* **lowered brows**, *weak* **tightened eyelids**, *weak* **wrinkled nose**, *weak* **downturned mouth corners**, and *weak* **stretched lips**."
S_02_05_03_2_1,02,disgust,3,2,1,It's easy to tell the depth of a well.,normal,lower,quieter,down,shaking,none,none,strong,none,none,strong,strong,strong,none,none,strong,none,strong,strong,none,none,strong,"Actor 02 said “It's easy to tell the depth of a well.”, with *normal* **speech rate**, *lower* **pitch**, *quieter* **loudness**, **gaze** *averted* (downwards), while *shaking* their **head**, and *strong* **lowered brows**, *strong* **tightened eyelids**, *strong* **wrinkled nose**, *strong* **raised upper lip**, *strong* **downturned mouth corners**, *strong* **stretched lips**, *strong* **tightened lips**, and *strong* **blinking**."
S_02_06_01_1_1,02,surprise,1,1,1,The birch canoe slid on the smooth planks.,normal,higher,normal,front,none,none,weak,none,none,none,none,none,none,none,none,none,none,weak,none,weak,none,none,"Actor 02 said “The birch canoe slid on the smooth planks.”, with *normal* **speech rate**, *higher* **pitch**, *normal* **loudness**, while **looking at the camera**, and *weak* **raised outer eyebrows**, *weak* **stretched lips**, and *weak* **parted lips**."
S_02_06_01_2_1,02,surprise,1,2,1,The birch canoe slid on the smooth planks.,fast,higher,louder,front,tilting,none,strong,none,strong,none,none,none,none,none,none,none,strong,none,none,strong,none,none,"Actor 02 said “The birch canoe slid on the smooth planks.”, with *fast* **speech rate**, *higher* **pitch**, *louder* **loudness**, while **looking at the camera**, while *tilting* their **head**, and *strong* **raised outer eyebrows**, *strong* **raised upper eyelids**, *strong* **raised chin**, and *strong* **parted lips**."
S_02_06_02_1_1,02,surprise,2,1,1,Glue the sheet to the dark blue background.,normal,higher,normal,front,none,none,none,none,moderate,none,none,none,none,weak,none,none,none,none,none,none,weak,none,"Actor 02 said “Glue the sheet to the dark blue background.”, with *normal* **speech rate**, *higher* **pitch**, *normal* **loudness**, while **looking at the camera**, and *moderate* **raised upper eyelids**, *weak* **a smile**, and *weak* **a dropped jaw**."
S_02_06_02_2_1,02,surprise,2,2,1,Glue the sheet to the dark blue background.,fast,higher,louder,up,shaking,moderate,moderate,none,moderate,moderate,none,none,none,strong,none,none,none,none,moderate,moderate,moderate,none,"Actor 02 said “Glue the sheet to the dark blue background.”, with *fast* **speech rate**, *higher* **pitch**, *louder* **loudness**, **gaze** *averted* (upwards), while *shaking* their **head**, and *moderate* **raised inner eyebrows**, *moderate* **raised outer eyebrows**, *moderate* **raised upper eyelids**, *moderate* **raised cheeks**, *strong* **a smile**, *moderate* **tightened lips**, *moderate* **parted lips**, and *moderate* **a dropped jaw**."
S_02_06_03_1_1,02,surprise,3,1,1,It's easy to tell the depth of a well.,normal,higher,quieter,front,tilting,none,weak,none,none,none,none,none,none,weak,none,none,none,none,none,none,none,none,"Actor 02 said “It's easy to tell the depth of a well.”, with *normal* **speech rate**, *higher* **pitch**, *quieter* **loudness**, while **looking at the camera**, while *tilting* their **head**, and *weak* **raised outer eyebrows** and *weak* **a smile**."
S_02_06_03_2_1,02,surprise,3,2,1,It's easy to tell the depth of a well.,fast,higher,louder,front,tilting,moderate,moderate,none,moderate,moderate,none,none,none,moderate,none,none,moderate,moderate,none,strong,none,none,"Actor 02 said “It's easy to tell the depth of a well.”, with *fast* **speech rate**, *higher* **pitch**, *louder* **loudness**, while **looking at the camera**, while *tilting* their **head**, and *moderate* **raised inner eyebrows**, *moderate* **raised outer eyebrows**, *moderate* **raised upper eyelids**, *moderate* **raised cheeks**, *moderate* **a smile**, *moderate* **raised chin**, *moderate* **stretched lips**, and *strong* **parted lips**."
S_02_07_01_1_1,02,confidence,1,1,1,The birch canoe slid on the smooth planks.,normal,normal,normal,front,none,none,weak,none,none,weak,none,none,none,weak,none,none,none,none,none,none,none,none,"Actor 02 said “The birch canoe slid on the smooth planks.”, with *normal* **speech rate**, *normal* **pitch**, *normal* **loudness**, while **looking at the camera**, and *weak* **raised outer eyebrows**, *weak* **raised cheeks**, and *weak* **a smile**."
S_02_07_01_2_1,02,confidence,1,2,1,The birch canoe slid on the smooth planks.,normal,higher,louder,front,tilting,none,strong,none,none,none,none,none,weak,strong,none,none,weak,weak,none,none,none,none,"Actor 02 said “The birch canoe slid on the smooth planks.”, with *normal* **speech rate**, *higher* **pitch**, *louder* **loudness**, while **looking at the camera**, while *tilting* their **head**, and *strong* **raised outer eyebrows**, *weak* **raised upper lip**, *strong* **a smile**, *weak* **raised chin**, and *weak* **stretched lips**."
S_02_07_02_1_1,02,confidence,2,1,1,Glue the sheet to the dark blue background.,normal,normal,normal,front,none,none,weak,none,none,none,none,none,none,weak,none,none,none,none,none,none,none,none,"Actor 02 said “Glue the sheet to the dark blue background.”, with *normal* **speech rate**, *normal* **pitch**, *normal* **loudness**, while **looking at the camera**, and *weak* **raised outer eyebrows** and *weak* **a smile**."
S_02_07_02_2_1,02,confidence,2,2,1,Glue the sheet to the dark blue background.,normal,higher,louder,front,tilting,none,strong,none,none,strong,none,none,none,strong,none,none,none,none,none,none,none,none,"Actor 02 said “Glue the sheet to the dark blue background.”, with *normal* **speech rate**, *higher* **pitch**, *louder* **loudness**, while **looking at the camera**, while *tilting* their **head**, and *strong* **raised outer eyebrows**, *strong* **raised cheeks**, and *strong* **a smile**."
S_02_07_03_1_1,02,confidence,3,1,1,It's easy to tell the depth of a well.,normal,normal,normal,front,none,none,weak,none,none,weak,none,none,none,weak,none,none,none,none,none,none,none,none,"Actor 02 said “It's easy to tell the depth of a well.”, with *normal* **speech rate**, *normal* **pitch**, *normal* **loudness**, while **looking at the camera**, and *weak* **raised outer eyebrows**, *weak* **raised cheeks**, and *weak* **a smile**."
S_02_07_03_2_1,02,confidence,3,2,1,It's easy to tell the depth of a well.,fast,higher,louder,front,tilting,none,moderate,none,none,strong,none,none,none,strong,none,none,none,none,none,moderate,none,none,"Actor 02 said “It's easy to tell the depth of a well.”, with *fast* **speech rate**, *higher* **pitch**, *louder* **loudness**, while **looking at the camera**, while *tilting* their **head**, and *moderate* **raised outer eyebrows**, *strong* **raised cheeks**, *strong* **a smile**, and *moderate* **parted lips**."
S_02_08_01_1_1,02,confusion,1,1,1,The birch canoe slid on the smooth planks.,normal,lower,quieter,front,tilting,weak,none,none,none,none,none,weak,none,none,none,none,none,none,none,none,none,none,"Actor 02 said “The birch canoe slid on the smooth planks.”, with *normal* **speech rate**, *lower* **pitch**, *quieter* **loudness**, while **looking at the camera**, while *tilting* their **head**, and *weak* **raised inner eyebrows** and *weak* **wrinkled nose**."
S_02_08_01_2_1,02,confusion,1,2,1,The birch canoe slid on the smooth planks.,slow,lower,quieter,down,tilting,weak,none,none,none,none,none,moderate,none,none,none,moderate,none,strong,moderate,none,none,none,"Actor 02 said “The birch canoe slid on the smooth planks.”, with *slow* **speech rate**, *lower* **pitch**, *quieter* **loudness**, **gaze** *averted* (downwards), while *tilting* their **head**, and *weak* **raised inner eyebrows**, *moderate* **wrinkled nose**, *moderate* **downturned mouth corners**, *strong* **stretched lips**, and *moderate* **tightened lips**."
S_02_08_02_1_1,02,confusion,2,1,1,Glue the sheet to the dark blue background.,normal,lower,quieter,front,tilting,weak,none,none,none,none,none,none,none,none,none,weak,none,none,none,none,none,none,"Actor 02 said “Glue the sheet to the dark blue background.”, with *normal* **speech rate**, *lower* **pitch**, *quieter* **loudness**, while **looking at the camera**, while *tilting* their **head**, and *weak* **raised inner eyebrows** and *weak* **downturned mouth corners**."
S_02_08_02_2_1,02,confusion,2,2,1,Glue the sheet to the dark blue background.,slow,lower,quieter,down,tilting,weak,none,weak,none,none,none,weak,none,none,none,weak,none,strong,none,none,none,none,"Actor 02 said “Glue the sheet to the dark blue background.”, with *slow* **speech rate**, *lower* **pitch**, *quieter* **loudness**, **gaze** *averted* (downwards), while *tilting* their **head**, and *weak* **raised inner eyebrows**, *weak* **lowered brows**, *weak* **wrinkled nose**, *weak* **downturned mouth corners**, and *strong* **stretched lips**."
S_02_08_03_1_1,02,confusion,3,1,1,It's easy to tell the depth of a well.,slow,lower,quieter,down,tilting,none,none,none,none,none,weak,weak,none,none,none,weak,none,weak,none,none,none,none,"Actor 02 said “It's easy to tell the depth of a well.”, with *slow* **speech rate**, *lower* **pitch**, *quieter* **loudness**, **gaze** *averted* (downwards), while *tilting* their **head**, and *weak* **tightened eyelids**, *weak* **wrinkled nose**, *weak* **downturned mouth corners**, and *weak* **stretched lips**."
S_02_08_03_2_1,02,confusion,3,2,1,It's easy to tell the depth of a well.,slow,lower,quieter,down,tilting,moderate,none,moderate,moderate,none,moderate,moderate,moderate,none,none,moderate,none,strong,strong,none,none,none,"Actor 02 said “It's easy to tell the depth of a well.”, with *slow* **speech rate**, *lower* **pitch**, *quieter* **loudness**, **gaze** *averted* (downwards), while *tilting* their **head**, and *moderate* **raised inner eyebrows**, *moderate* **lowered brows**, *moderate* **raised upper eyelids**, *moderate* **tightened eyelids**, *moderate* **wrinkled nose**, *moderate* **raised upper lip**, *moderate* **downturned mouth corners**, *strong* **stretched lips**, and *strong* **tightened lips**."
S_02_09_01_1_1,02,contempt,1,1,1,The birch canoe slid on the smooth planks.,normal,lower,quieter,front,tilting,none,none,weak,none,none,none,weak,none,none,none,none,none,none,none,none,none,none,"Actor 02 said “The birch canoe slid on the smooth planks.”, with *normal* **speech rate**, *lower* **pitch**, *quieter* **loudness**, while **looking at the camera**, while *tilting* their **head**, and *weak* **lowered brows** and *weak* **wrinkled nose**."
S_02_09_01_2_1,02,contempt,1,2,1,The birch canoe slid on the smooth planks.,normal,lower,louder,right,shaking,none,none,strong,none,none,moderate,strong,strong,none,none,strong,moderate,moderate,strong,none,none,moderate,"Actor 02 said “The birch canoe slid on the smooth planks.”, with *normal* **speech rate**, *lower* **pitch**, *louder* **loudness**, **gaze** *averted* (to their right), while *shaking* their **head**, and *strong* **lowered brows**, *moderate* **tightened eyelids**, *strong* **wrinkled nose**, *strong* **raised upper lip**, *strong* **downturned mouth corners**, *moderate* **raised chin**, *moderate* **stretched lips**, *strong* **tightened lips**, and *moderate* **blinking**."
S_02_09_02_1_1,02,contempt,2,1,1,Glue the sheet to the dark blue background.,normal,lower,quieter,front,tilting,weak,none,weak,none,none,none,weak,none,none,none,weak,none,none,weak,none,none,none,"Actor 02 said “Glue the sheet to the dark blue background.”, with *normal* **speech rate**, *lower* **pitch**, *quieter* **loudness**, while **looking at the camera**, while *tilting* their **head**, and *weak* **raised inner eyebrows**, *weak* **lowered brows**, *weak* **wrinkled nose**, *weak* **downturned mouth corners**, and *weak* **tightened lips**."
S_02_09_02_2_1,02,contempt,2,2,1,Glue the sheet to the dark blue background.,normal,lower,normal,right,tilting,none,none,strong,none,none,none,none,none,none,none,strong,none,none,strong,none,none,none,"Actor 02 said “Glue the sheet to the dark blue background.”, with *normal* **speech rate**, *lower* **pitch**, *normal* **loudness**, **gaze** *averted* (to their right), while *tilting* their **head**, and *strong* **lowered brows**, *strong* **downturned mouth corners**, and *strong* **tightened lips**."
S_02_09_03_1_1,02,contempt,3,1,1,It's easy to tell the depth of a well.,normal,lower,quieter,front,tilting,weak,none,weak,none,none,none,none,none,none,none,weak,none,none,weak,none,none,none,"Actor 02 said “It's easy to tell the depth of a well.”, with *normal* **speech rate**, *lower* **pitch**, *quieter* **loudness**, while **looking at the camera**, while *tilting* their **head**, and *weak* **raised inner eyebrows**, *weak* **lowered brows**, *weak* **downturned mouth corners**, and *weak* **tightened lips**."
S_02_09_03_2_1,02,contempt,3,2,1,It's easy to tell the depth of a well.,normal,lower,louder,front,shaking,none,none,strong,none,none,none,strong,strong,none,none,strong,strong,strong,strong,none,none,none,"Actor 02 said “It's easy to tell the depth of a well.”, with *normal* **speech rate**, *lower* **pitch**, *louder* **loudness**, while **looking at the camera**, while *shaking* their **head**, and *strong* **lowered brows**, *strong* **wrinkled nose**, *strong* **raised upper lip**, *strong* **downturned mouth corners**, *strong* **raised chin**, *strong* **stretched lips**, and *strong* **tightened lips**."
S_02_10_01_1_1,02,empathy,1,1,1,The birch canoe slid on the smooth planks.,normal,lower,quieter,front,tilting,weak,none,none,none,weak,none,none,none,none,none,none,none,none,none,none,none,none,"Actor 02 said “The birch canoe slid on the smooth planks.”, with *normal* **speech rate**, *lower* **pitch**, *quieter* **loudness**, while **looking at the camera**, while *tilting* their **head**, and *weak* **raised inner eyebrows** and *weak* **raised cheeks**."
S_02_10_01_2_1,02,empathy,1,2,1,The birch canoe slid on the smooth planks.,slow,lower,quieter,down,tilting,moderate,none,none,none,moderate,none,none,none,strong,none,none,moderate,none,none,none,none,none,"Actor 02 said “The birch canoe slid on the smooth planks.”, with *slow* **speech rate**, *lower* **pitch**, *quieter* **loudness**, **gaze** *averted* (downwards), while *tilting* their **head**, and *moderate* **raised inner eyebrows**, *moderate* **raised cheeks**, *strong* **a smile**, and *moderate* **raised chin**."
S_02_10_02_1_1,02,empathy,2,1,1,Glue the sheet to the dark blue background.,normal,normal,quieter,front,tilting,none,weak,none,none,weak,none,none,none,weak,none,none,none,none,none,none,none,none,"Actor 02 said “Glue the sheet to the dark blue background.”, with *normal* **speech rate**, *normal* **pitch**, *quieter* **loudness**, while **looking at the camera**, while *tilting* their **head**, and *weak* **raised outer eyebrows**, *weak* **raised cheeks**, and *weak* **a smile**."
S_02_10_02_2_1,02,empathy,2,2,1,Glue the sheet to the dark blue background.,slow,lower,quieter,down,tilting,moderate,none,none,none,weak,none,none,none,weak,none,none,none,none,none,none,none,none,"Actor 02 said “Glue the sheet to the dark blue background.”, with *slow* **speech rate**, *lower* **pitch**, *quieter* **loudness**, **gaze** *averted* (downwards), while *tilting* their **head**, and *moderate* **raised inner eyebrows**, *weak* **raised cheeks**, and *weak* **a smile**."
S_02_10_03_1_1,02,empathy,3,1,1,It's easy to tell the depth of a well.,slow,lower,quieter,front,tilting,weak,none,none,none,weak,none,none,none,weak,none,none,none,none,none,none,none,none,"Actor 02 said “It's easy to tell the depth of a well.”, with *slow* **speech rate**, *lower* **pitch**, *quieter* **loudness**, while **looking at the camera**, while *tilting* their **head**, and *weak* **raised inner eyebrows**, *weak* **raised cheeks**, and *weak* **a smile**."
S_02_10_03_2_1,02,empathy,3,2,1,It's easy to tell the depth of a well.,normal,lower,quieter,down,tilting,moderate,none,none,none,moderate,none,none,none,moderate,none,none,moderate,none,none,none,none,none,"Actor 02 said “It's easy to tell the depth of a well.”, with *normal* **speech rate**, *lower* **pitch**, *quieter* **loudness**, **gaze** *averted* (downwards), while *tilting* their **head**, and *moderate* **raised inner eyebrows**, *moderate* **raised cheeks**, *moderate* **a smile**, and *moderate* **raised chin**."
S_03_00_01_0_1,03,neutral,1,0,1,The birch canoe slid on the smooth planks.,normal,normal,normal,front,none,none,none,none,none,none,none,none,none,none,none,none,none,none,none,none,none,none,"Actor 03 said “The birch canoe slid on the smooth planks.”, with *normal* **speech rate**, *normal* **pitch**, *normal* **loudness**, and while **looking at the camera**."
S_03_00_02_0_1,03,neutral,2,0,1,Glue the sheet to the dark blue background.,normal,normal,normal,front,none,none,none,none,none,none,none,none,none,none,none,none,none,none,none,none,none,none,"Actor 03 said “Glue the sheet to the dark blue background.”, with *normal* **speech rate**, *normal* **pitch**, *normal* **loudness**, and while **looking at the camera**."
S_03_00_03_0_1,03,neutral,3,0,1,It's easy to tell the depth of a well.,normal,normal,normal,front,none,none,none,none,none,none,none,none,none,none,none,none,none,none,none,none,none,none,"Actor 03 said “It's easy to tell the depth of a well.”, with *normal* **speech rate**, *normal* **pitch**, *normal* **loudness**, and while **looking at the camera**."
S_03_01_01_1_1,03,fear,1,1,1,The birch canoe slid on the smooth planks.,normal,lower,quieter,down,tilting,weak,none,weak,none,none,none,none,none,none,none,none,none,none,none,none,none,none,"Actor 03 said “The birch canoe slid on the smooth planks.”, with *normal* **speech rate**, *lower* **pitch**, *quieter* **loudness**, **gaze** *averted* (downwards), while *tilting* their **head**, and *weak* **raised inner eyebrows** and *weak* **lowered brows**."
S_03_01_01_2_1,03,fear,1,2,1,The birch canoe slid on the smooth planks.,fast,higher,louder,up,shaking,strong,none,strong,none,none,strong,strong,strong,none,none,strong,strong,strong,strong,strong,none,strong,"Actor 03 said “The birch canoe slid on the smooth planks.”, with *fast* **speech rate**, *higher* **pitch**, *louder* **loudness**, **gaze** *averted* (upwards), while *shaking* their **head**, and *strong* **raised inner eyebrows**, *strong* **lowered brows**, *strong* **tightened eyelids**, *strong* **wrinkled nose**, *strong* **raised upper lip**, *strong* **downturned mouth corners**, *strong* **raised chin**, *strong* **stretched lips**, *strong* **tightened lips**, *strong* **parted lips**, and *strong* **blinking**."
S_03_01_02_1_1,03,fear,2,1,1,Glue the sheet to the dark blue background.,normal,lower,quieter,down,tilting,weak,none,weak,none,none,none,weak,none,none,none,none,none,none,weak,none,none,none,"Actor 03 said “Glue the sheet to the dark blue background.”, with *normal* **speech rate**, *lower* **pitch**, *quieter* **loudness**, **gaze** *averted* (downwards), while *tilting* their **head**, and *weak* **raised inner eyebrows**, *weak* **lowered brows**, *weak* **wrinkled nose**, and *weak* **tightened lips**."
S_03_01_02_2_1,03,fear,2,2,1,Glue the sheet to the dark blue background.,slow,higher,louder,down,shaking,none,none,strong,weak,none,moderate,none,none,none,none,weak,none,moderate,strong,none,none,none,"Actor 03 said “Glue the sheet to the dark blue background.”, with *slow* **speech rate**, *higher* **pitch**, *louder* **loudness**, **gaze** *averted* (downwards), while *shaking* their **head**, and *strong* **lowered brows**, *weak* **raised upper eyelids**, *moderate* **tightened eyelids**, *weak* **downturned mouth corners**, *moderate* **stretched lips**, and *strong* **tightened lips**."
S_03_01_03_1_1,03,fear,3,1,1,It's easy to tell the depth of a well.,normal,lower,quieter,down,tilting,none,none,weak,none,none,none,none,none,none,none,none,none,none,none,none,none,none,"Actor 03 said “It's easy to tell the depth of a well.”, with *normal* **speech rate**, *lower* **pitch**, *quieter* **loudness**, **gaze** *averted* (downwards), while *tilting* their **head**, and *weak* **lowered brows**."
S_03_01_03_2_1,03,fear,3,2,1,It's easy to tell the depth of a well.,slow,higher,louder,down,shaking,strong,none,strong,none,none,moderate,none,none,none,none,strong,none,none,strong,none,none,none,"Actor 03 said “It's easy to tell the depth of a well.”, with *slow* **speech rate**, *higher* **pitch**, *louder* **loudness**, **gaze** *averted* (downwards), while *shaking* their **head**, and *strong* **raised inner eyebrows**, *strong* **lowered brows**, *moderate* **tightened eyelids**, *strong* **downturned mouth corners**, and *strong* **tightened lips**."
S_03_02_01_1_1,03,anger,1,1,1,The birch canoe slid on the smooth planks.,normal,normal,louder,front,shaking,weak,none,weak,none,none,weak,weak,weak,none,none,weak,none,weak,weak,none,none,weak,"Actor 03 said “The birch canoe slid on the smooth planks.”, with *normal* **speech rate**, *normal* **pitch**, *louder* **loudness**, while **looking at the camera**, while *shaking* their **head**, and *weak* **raised inner eyebrows**, *weak* **lowered brows**, *weak* **tightened eyelids**, *weak* **wrinkled nose**, *weak* **raised upper lip**, *weak* **downturned mouth corners**, *weak* **stretched lips**, *weak* **tightened lips**, and *weak* **blinking**."
S_03_02_01_2_1,03,anger,1,2,1,The birch canoe slid on the smooth planks.,fast,higher,louder,front,shaking,none,none,strong,weak,none,moderate,moderate,moderate,none,none,strong,none,strong,strong,none,none,none,"Actor 03 said “The birch canoe slid on the smooth planks.”, with *fast* **speech rate**, *higher* **pitch**, *louder* **loudness**, while **looking at the camera**, while *shaking* their **head**, and *strong* **lowered brows**, *weak* **raised upper eyelids**, *moderate* **tightened eyelids**, *moderate* **wrinkled nose**, *moderate* **raised upper lip**, *strong* **downturned mouth corners**, *strong* **stretched lips**, and *strong* **tightened lips**."
S_03_02_02_1_1,03,anger,2,1,1,Glue the sheet to the dark blue background.,normal,lower,louder,front,none,none,none,weak,none,none,moderate,none,weak,none,none,weak,none,none,weak,none,none,none,"Actor 03 said “Glue the sheet to the dark blue background.”, with *normal* **speech rate**, *lower* **pitch**, *louder* **loudness**, while **looking at the camera**, and *weak* **lowered brows**, *moderate* **tightened eyelids**, *weak* **raised upper lip**, *weak* **downturned mouth corners**, and *weak* **tightened lips**."
S_03_02_02_2_1,03,anger,2,2,1,Glue the sheet to the dark blue background.,fast,higher,louder,front,shaking,none,none,strong,none,none,strong,none,none,none,none,strong,none,strong,strong,none,none,none,"Actor 03 said “Glue the sheet to the dark blue background.”, with *fast* **speech rate**, *higher* **pitch**, *louder* **loudness**, while **looking at the camera**, while *shaking* their **head**, and *strong* **lowered brows**, *strong* **tightened eyelids**, *strong* **downturned mouth corners**, *strong* **stretched lips**, and *strong* **tightened lips**."
S_03_02_03_1_1,03,anger,3,1,1,It's easy to tell the depth of a well.,normal,lower,louder,front,tilting,none,none,weak,none,none,none,none,none,none,none,weak,none,none,weak,none,none,none,"Actor 03 said “It's easy to tell the depth of a well.”, with *normal* **speech rate**, *lower* **pitch**, *louder* **loudness**, while **looking at the camera**, while *tilting* their **head**, and *weak* **lowered brows**, *weak* **downturned mouth corners**, and *weak* **tightened lips**."
S_03_02_03_2_1,03,anger,3,2,1,It's easy to tell the depth of a well.,fast,higher,louder,front,shaking,none,none,strong,none,none,strong,none,strong,none,none,strong,none,none,strong,none,none,strong,"Actor 03 said “It's easy to tell the depth of a well.”, with *fast* **speech rate**, *higher* **pitch**, *louder* **loudness**, while **looking at the camera**, while *shaking* their **head**, and *strong* **lowered brows**, *strong* **tightened eyelids**, *strong* **raised upper lip**, *strong* **downturned mouth corners**, *strong* **tightened lips**, and *strong* **blinking**."
S_03_03_01_1_1,03,happiness,1,1,1,The birch canoe slid on the smooth planks.,normal,higher,normal,front,none,none,none,none,none,weak,none,none,none,weak,none,none,none,none,none,none,none,none,"Actor 03 said “The birch canoe slid on the smooth planks.”, with *normal* **speech rate**, *higher* **pitch**, *normal* **loudness**, while **looking at the camera**, and *weak* **raised cheeks** and *weak* **a smile**."
S_03_03_01_2_1,03,happiness,1,2,1,The birch canoe slid on the smooth planks.,normal,higher,louder,front,none,none,strong,none,none,strong,none,none,none,strong,none,none,none,none,none,moderate,weak,none,"Actor 03 said “The birch canoe slid on the smooth planks.”, with *normal* **speech rate**, *higher* **pitch**, *louder* **loudness**, while **looking at the camera**, and *strong* **raised outer eyebrows**, *strong* **raised cheeks**, *strong* **a smile**, *moderate* **parted lips**, and *weak* **a dropped jaw**."
S_03_03_02_1_1,03,happiness,2,1,1,Glue the sheet to the dark blue background.,normal,higher,normal,front,none,none,weak,none,none,weak,none,none,none,moderate,none,none,none,none,none,none,none,none,"Actor 03 said “Glue the sheet to the dark blue background.”, with *normal* **speech rate**, *higher* **pitch**, *normal* **loudness**, while **looking at the camera**, and *weak* **raised outer eyebrows**, *weak* **raised cheeks**, and *moderate* **a smile**."
S_03_03_02_2_1,03,happiness,2,2,1,Glue the sheet to the dark blue background.,fast,higher,louder,front,tilting,none,strong,none,none,strong,none,none,none,strong,none,none,none,none,none,none,none,none,"Actor 03 said “Glue the sheet to the dark blue background.”, with *fast* **speech rate**, *higher* **pitch**, *louder* **loudness**, while **looking at the camera**, while *tilting* their **head**, and *strong* **raised outer eyebrows**, *strong* **raised cheeks**, and *strong* **a smile**."
S_03_03_03_1_1,03,happiness,3,1,1,It's easy to tell the depth of a well.,normal,higher,quieter,front,none,weak,weak,none,weak,weak,none,none,none,weak,none,none,none,none,none,none,none,none,"Actor 03 said “It's easy to tell the depth of a well.”, with *normal* **speech rate**, *higher* **pitch**, *quieter* **loudness**, while **looking at the camera**, and *weak* **raised inner eyebrows**, *weak* **raised outer eyebrows**, *weak* **raised upper eyelids**, *weak* **raised cheeks**, and *weak* **a smile**."
S_03_03_03_2_1,03,happiness,3,2,1,It's easy to tell the depth of a well.,fast,higher,louder,front,tilting,none,strong,none,none,strong,none,none,none,strong,none,none,none,none,none,strong,none,none,"Actor 03 said “It's easy to tell the depth of a well.”, with *fast* **speech rate**, *higher* **pitch**, *louder* **loudness**, while **looking at the camera**, while *tilting* their **head**, and *strong* **raised outer eyebrows**, *strong* **raised cheeks**, *strong* **a smile**, and *strong* **parted lips**."
S_03_04_01_1_1,03,sadness,1,1,1,The birch canoe slid on the smooth planks.,slow,lower,quieter,down,tilting,weak,none,weak,none,none,none,weak,none,none,none,weak,none,none,none,none,none,none,"Actor 03 said “The birch canoe slid on the smooth planks.”, with *slow* **speech rate**, *lower* **pitch**, *quieter* **loudness**, **gaze** *averted* (downwards), while *tilting* their **head**, and *weak* **raised inner eyebrows**, *weak* **lowered brows**, *weak* **wrinkled nose**, and *weak* **downturned mouth corners**."
S_03_04_01_2_1,03,sadness,1,2,1,The birch canoe slid on the smooth planks.,slow,lower,quieter,down,tilting,strong,none,strong,none,none,strong,strong,strong,none,none,strong,none,strong,strong,none,strong,none,"Actor 03 said “The birch canoe slid on the smooth planks.”, with *slow* **speech rate**, *lower* **pitch**, *quieter* **loudness**, **gaze** *averted* (downwards), while *tilting* their **head**, and *strong* **raised inner eyebrows**, *strong* **lowered brows**, *strong* **tightened eyelids**, *strong* **wrinkled nose**, *strong* **raised upper lip**, *strong* **downturned mouth corners**, *strong* **stretched lips**, *strong* **tightened lips**, and *strong* **a dropped jaw**."
S_03_04_02_1_1,03,sadness,2,1,1,Glue the sheet to the dark blue background.,slow,lower,quieter,down,tilting,weak,none,weak,none,none,none,weak,none,none,none,none,none,none,none,none,none,none,"Actor 03 said “Glue the sheet to the dark blue background.”, with *slow* **speech rate**, *lower* **pitch**, *quieter* **loudness**, **gaze** *averted* (downwards), while *tilting* their **head**, and *weak* **raised inner eyebrows**, *weak* **lowered brows**, and *weak* **wrinkled nose**."
S_03_04_02_2_1,03,sadness,2,2,1,Glue the sheet to the dark blue background.,slow,lower,quieter,down,shaking,strong,none,strong,none,none,none,strong,none,none,none,strong,none,none,moderate,none,none,none,"Actor 03 said “Glue the sheet to the dark blue background.”, with *slow* **speech rate**, *lower* **pitch**, *quieter* **loudness**, **gaze** *averted* (downwards), while *shaking* their **head**, and *strong* **raised inner eyebrows**, *strong* **lowered brows**, *strong* **wrinkled nose**, *strong* **downturned mouth corners**, and *moderate* **tightened lips**."
S_03_04_03_1_1,03,sadness,3,1,1,It's easy to tell the depth of a well.,slow,lower,quieter,down,tilting,weak,none,weak,none,none,none,weak,none,none,none,weak,none,none,none,none,none,none,"Actor 03 said “It's easy to tell the depth of a well.”, with *slow* **speech rate**, *lower* **pitch**, *quieter* **loudness**, **gaze** *averted* (downwards), while *tilting* their **head**, and *weak* **raised inner eyebrows**, *weak* **lowered brows**, *weak* **wrinkled nose**, and *weak* **downturned mouth corners**."
S_03_04_03_2_1,03,sadness,3,2,1,It's easy to tell the depth of a well.,slow,lower,quieter,down,nodding,weak,none,strong,none,none,weak,moderate,none,none,none,strong,none,none,strong,none,none,none,"Actor 03 said “It's easy to tell the depth of a well.”, with *slow* **speech rate**, *lower* **pitch**, *quieter* **loudness**, **gaze** *averted* (downwards), while *nodding*, and *weak* **raised inner eyebrows**, *strong* **lowered brows**, *weak* **tightened eyelids**, *moderate* **wrinkled nose**, *strong* **downturned mouth corners**, and *strong* **tightened lips**."
S_03_05_01_1_1,03,disgust,1,1,1,The birch canoe slid on the smooth planks.,normal,lower,quieter,down,none,none,none,weak,none,none,none,weak,none,none,none,none,none,none,none,none,none,none,"Actor 03 said “The birch canoe slid on the smooth planks.”, with *normal* **speech rate**, *lower* **pitch**, *quieter* **loudness**, **gaze** *averted* (downwards), and *weak* **lowered brows** and *weak* **wrinkled nose**."
S_03_05_01_2_1,03,disgust,1,2,1,The birch canoe slid on the smooth planks.,slow,lower,quieter,down,tilting,strong,none,strong,none,none,strong,strong,strong,none,strong,strong,none,strong,strong,none,none,strong,"Actor 03 said “The birch canoe slid on the smooth planks.”, with *slow* **speech rate**, *lower* **pitch**, *quieter* **loudness**, **gaze** *averted* (downwards), while *tilting* their **head**, and *strong* **raised inner eyebrows**, *strong* **lowered brows**, *strong* **tightened eyelids**, *strong* **wrinkled nose**, *strong* **raised upper lip**, *strong* **a tight smile**, *strong* **downturned mouth corners**, *strong* **stretched lips**, *strong* **tightened lips**, and *strong* **blinking**."
S_03_05_02_1_1,03,disgust,2,1,1,Glue the sheet to the dark blue background.,slow,lower,quieter,down,tilting,none,none,weak,none,none,weak,weak,none,none,none,none,none,weak,none,none,none,none,"Actor 03 said “Glue the sheet to the dark blue background.”, with *slow* **speech rate**, *lower* **pitch**, *quieter* **loudness**, **gaze** *averted* (downwards), while *tilting* their **head**, and *weak* **lowered brows**, *weak* **tightened eyelids**, *weak* **wrinkled nose**, and *weak* **stretched lips**."
S_03_05_02_2_1,03,disgust,2,2,1,Glue the sheet to the dark blue background.,slow,lower,quieter,down,shaking,strong,none,strong,none,none,strong,strong,strong,none,none,strong,none,strong,strong,none,none,none,"Actor 03 said “Glue the sheet to the dark blue background.”, with *slow* **speech rate**, *lower* **pitch**, *quieter* **loudness**, **gaze** *averted* (downwards), while *shaking* their **head**, and *strong* **raised inner eyebrows**, *strong* **lowered brows**, *strong* **tightened eyelids**, *strong* **wrinkled nose**, *strong* **raised upper lip**, *strong* **downturned mouth corners**, *strong* **stretched lips**, and *strong* **tightened lips**."
S_03_05_03_1_1,03,disgust,3,1,1,It's easy to tell the depth of a well.,slow,lower,quieter,down,tilting,none,none,weak,none,none,weak,moderate,moderate,none,none,weak,none,moderate,weak,none,none,none,"Actor 03 said “It's easy to tell the depth of a well.”, with *slow* **speech rate**, *lower* **pitch**, *quieter* **loudness**, **gaze** *averted* (downwards), while *tilting* their **head**, and *weak* **lowered brows**, *weak* **tightened eyelids**, *moderate* **wrinkled nose**, *moderate* **raised upper lip**, *weak* **downturned mouth corners**, *moderate* **stretched lips**, and *weak* **tightened lips**."
S_03_05_03_2_1,03,disgust,3,2,1,It's easy to tell the depth of a well.,slow,lower,louder,down,shaking,none,none,strong,none,none,strong,strong,strong,none,strong,strong,none,strong,strong,none,none,strong,"Actor 03 said “It's easy to tell the depth of a well.”, with *slow* **speech rate**, *lower* **pitch**, *louder* **loudness**, **gaze** *averted* (downwards), while *shaking* their **head**, and *strong* **lowered brows**, *strong* **tightened eyelids**, *strong* **wrinkled nose**, *strong* **raised upper lip**, *strong* **a tight smile**, *strong* **downturned mouth corners**, *strong* **stretched lips**, *strong* **tightened lips**, and *strong* **blinking**."
S_03_06_01_1_1,03,surprise,1,1,1,The birch canoe slid on the smooth planks.,normal,higher,normal,front,none,none,moderate,none,none,none,none,none,none,moderate,none,none,none,none,none,none,none,none,"Actor 03 said “The birch canoe slid on the smooth planks.”, with *normal* **speech rate**, *higher* **pitch**, *normal* **loudness**, while **looking at the camera**, and *moderate* **raised outer eyebrows** and *moderate* **a smile**."
S_03_06_01_2_1,03,surprise,1,2,1,The birch canoe slid on the smooth planks.,fast,higher,louder,front,tilting,weak,moderate,none,moderate,moderate,none,none,none,moderate,none,none,moderate,moderate,moderate,strong,moderate,moderate,"Actor 03 said “The birch canoe slid on the smooth planks.”, with *fast* **speech rate**, *higher* **pitch**, *louder* **loudness**, while **looking at the camera**, while *tilting* their **head**, and *weak* **raised inner eyebrows**, *moderate* **raised outer eyebrows**, *moderate* **raised upper eyelids**, *moderate* **raised cheeks**, *moderate* **a smile**, *moderate* **raised chin**, *moderate* **stretched lips**, *moderate* **tightened lips**, *strong* **parted lips**, *moderate* **a dropped jaw**, and *moderate* **blinking**."
S_03_06_02_1_1,03,surprise,2,1,1,Glue the sheet to the dark blue background.,normal,higher,quieter,front,tilting,none,weak,none,weak,none,none,none,none,weak,none,none,none,weak,none,none,none,none,"Actor 03 said “Glue the sheet to the dark blue background.”, with *normal* **speech rate**, *higher* **pitch**, *quieter* **loudness**, while **looking at the camera**, while *tilting* their **head**, and *weak* **raised outer eyebrows**, *weak* **raised upper eyelids**, *weak* **a smile**, and *weak* **stretched lips**."
S_03_06_02_2_1,03,surprise,2,2,1,Glue the sheet to the dark blue background.,fast,higher,louder,up,tilting,weak,weak,none,moderate,moderate,none,none,none,moderate,none,none,none,moderate,moderate,none,strong,none,"Actor 03 said “Glue the sheet to the dark blue background.”, with *fast* **speech rate**, *higher* **pitch**, *louder* **loudness**, **gaze** *averted* (upwards), while *tilting* their **head**, and *weak* **raised inner eyebrows**, *weak* **raised outer eyebrows**, *moderate* **raised upper eyelids**, *moderate* **raised cheeks**, *moderate* **a smile**, *moderate* **stretched lips**, *moderate* **tightened lips**, and *strong* **a dropped jaw**."
S_03_06_03_1_1,03,surprise,3,1,1,It's easy to tell the depth of a well.,normal,higher,normal,front,tilting,weak,weak,none,weak,weak,none,none,none,none,none,none,none,weak,none,none,none,none,"Actor 03 said “It's easy to tell the depth of a well.”, with *normal* **speech rate**, *higher* **pitch**, *normal* **loudness**, while **looking at the camera**, while *tilting* their **head**, and *weak* **raised inner eyebrows**, *weak* **raised outer eyebrows**, *weak* **raised upper eyelids**, *weak* **raised cheeks**, and *weak* **stretched lips**."
S_03_06_03_2_1,03,surprise,3,2,1,It's easy to tell the depth of a well.,fast,higher,louder,up,tilting,none,strong,none,strong,none,none,none,none,none,none,none,strong,strong,none,strong,none,none,"Actor 03 said “It's easy to tell the depth of a well.”, with *fast* **speech rate**, *higher* **pitch**, *louder* **loudness**, **gaze** *averted* (upwards), while *tilting* their **head**, and *strong* **raised outer eyebrows**, *strong* **raised upper eyelids**, *strong* **raised chin**, *strong* **stretched lips**, and *strong* **parted lips**."
S_03_07_01_1_1,03,confidence,1,1,1,The birch canoe slid on the smooth planks.,normal,normal,normal,front,none,none,weak,none,none,weak,none,none,weak,weak,none,none,none,none,none,none,none,none,"Actor 03 said “The birch canoe slid on the smooth planks.”, with *normal* **speech rate**, *normal* **pitch**, *normal* **loudness**, while **looking at the camera**, and *weak* **raised outer eyebrows**, *weak* **raised cheeks**, *weak* **raised upper lip**, and *weak* **a smile**."
S_03_07_01_2_1,03,confidence,1,2,1,The birch canoe slid on the smooth planks.,normal,higher,louder,front,none,none,moderate,none,none,strong,none,none,none,strong,none,none,none,none,none,none,none,none,"Actor 03 said “The birch canoe slid on the smooth planks.”, with *normal* **speech rate**, *higher* **pitch**, *louder* **loudness**, while **looking at the camera**, and *moderate* **raised outer eyebrows**, *strong* **raised cheeks**, and *strong* **a smile**."
S_03_07_02_1_1,03,confidence,2,1,1,Glue the sheet to the dark blue background.,normal,normal,normal,front,none,none,weak,none,none,weak,none,none,none,moderate,none,none,none,none,none,none,none,none,"Actor 03 said “Glue the sheet to the dark blue background.”, with *normal* **speech rate**, *normal* **pitch**, *normal* **loudness**, while **looking at the camera**, and *weak* **raised outer eyebrows**, *weak* **raised cheeks**, and *moderate* **a smile**."
S_03_07_02_2_1,03,confidence,2,2,1,Glue the sheet to the dark blue background.,fast,higher,louder,front,tilting,none,strong,none,none,moderate,none,none,none,strong,none,none,moderate,none,none,moderate,none,none,"Actor 03 said “Glue the sheet to the dark blue background.”, with *fast* **speech rate**, *higher* **pitch**, *louder* **loudness**, while **looking at the camera**, while *tilting* their **head**, and *strong* **raised outer eyebrows**, *moderate* **raised cheeks**, *strong* **a smile**, *moderate* **raised chin**, and *moderate* **parted lips**."
S_03_07_03_1_1,03,confidence,3,1,1,It's easy to tell the depth of a well.,normal,normal,normal,front,none,none,weak,none,none,none,none,none,none,weak,none,none,none,none,none,none,none,none,"Actor 03 said “It's easy to tell the depth of a well.”, with *normal* **speech rate**, *normal* **pitch**, *normal* **loudness**, while **looking at the camera**, and *weak* **raised outer eyebrows** and *weak* **a smile**."
S_03_07_03_2_1,03,confidence,3,2,1,It's easy to tell the depth of a well.,fast,higher,louder,front,nodding,none,moderate,none,weak,strong,none,none,none,strong,none,none,none,none,none,moderate,none,none,"Actor 03 said “It's easy to tell the depth of a well.”, with *fast* **speech rate**, *higher* **pitch**, *louder* **loudness**, while **looking at the camera**, while *nodding*, and *moderate* **raised outer eyebrows**, *weak* **raised upper eyelids**, *strong* **raised cheeks**, *strong* **a smile**, and *moderate* **parted lips**."
S_03_08_01_1_1,03,confusion,1,1,1,The birch canoe slid on the smooth planks.,slow,lower,quieter,down,tilting,weak,none,none,none,none,none,none,none,none,none,none,none,none,none,none,none,none,"Actor 03 said “The birch canoe slid on the smooth planks.”, with *slow* **speech rate**, *lower* **pitch**, *quieter* **loudness**, **gaze** *averted* (downwards), while *tilting* their **head**, and *weak* **raised inner eyebrows**."
S_03_08_01_2_1,03,confusion,1,2,1,The birch canoe slid on the smooth planks.,slow,lower,quieter,down,tilting,moderate,none,moderate,none,none,moderate,none,none,none,none,moderate,none,moderate,moderate,none,none,moderate,"Actor 03 said “The birch canoe slid on the smooth planks.”, with *slow* **speech rate**, *lower* **pitch**, *quieter* **loudness**, **gaze** *averted* (downwards), while *tilting* their **head**, and *moderate* **raised inner eyebrows**, *moderate* **lowered brows**, *moderate* **tightened eyelids**, *moderate* **downturned mouth corners**, *moderate* **stretched lips**, *moderate* **tightened lips**, and *moderate* **blinking**."
S_03_08_02_1_1,03,confusion,2,1,1,Glue the sheet to the dark blue background.,slow,lower,quieter,down,tilting,none,none,weak,none,none,none,none,none,none,none,none,none,none,none,none,none,none,"Actor 03 said “Glue the sheet to the dark blue background.”, with *slow* **speech rate**, *lower* **pitch**, *quieter* **loudness**, **gaze** *averted* (downwards), while *tilting* their **head**, and *weak* **lowered brows**."
S_03_08_02_2_1,03,confusion,2,2,1,Glue the sheet to the dark blue background.,slow,lower,quieter,down,tilting,weak,none,weak,none,none,weak,moderate,none,none,none,none,moderate,none,moderate,none,weak,none,"Actor 03 said “Glue the sheet to the dark blue background.”, with *slow* **speech rate**, *lower* **pitch**, *quieter* **loudness**, **gaze** *averted* (downwards), while *tilting* their **head**, and *weak* **raised inner eyebrows**, *weak* **lowered brows**, *weak* **tightened eyelids**, *moderate* **wrinkled nose**, *moderate* **raised chin**, *moderate* **tightened lips**, and *weak* **a dropped jaw**."
S_03_08_03_1_1,03,confusion,3,1,1,It's easy to tell the depth of a well.,slow,lower,quieter,down,tilting,weak,none,weak,none,none,none,weak,none,none,none,weak,none,none,none,none,none,none,"Actor 03 said “It's easy to tell the depth of a well.”, with *slow* **speech rate**, *lower* **pitch**, *quieter* **loudness**, **gaze** *averted* (downwards), while *tilting* their **head**, and *weak* **raised inner eyebrows**, *weak* **lowered brows**, *weak* **wrinkled nose**, and *weak* **downturned mouth corners**."
S_03_08_03_2_1,03,confusion,3,2,1,It's easy to tell the depth of a well.,slow,lower,quieter,down,tilting,weak,none,moderate,none,none,weak,weak,none,none,none,moderate,none,moderate,moderate,none,none,moderate,"Actor 03 said “It's easy to tell the depth of a well.”, with *slow* **speech rate**, *lower* **pitch**, *quieter* **loudness**, **gaze** *averted* (downwards), while *tilting* their **head**, and *weak* **raised inner eyebrows**, *moderate* **lowered brows**, *weak* **tightened eyelids**, *weak* **wrinkled nose**, *moderate* **downturned mouth corners**, *moderate* **stretched lips**, *moderate* **tightened lips**, and *moderate* **blinking**."
S_03_09_01_1_1,03,contempt,1,1,1,The birch canoe slid on the smooth planks.,normal,lower,quieter,right,tilting,none,none,weak,none,none,none,none,none,weak,none,none,none,none,none,none,none,none,"Actor 03 said “The birch canoe slid on the smooth planks.”, with *normal* **speech rate**, *lower* **pitch**, *quieter* **loudness**, **gaze** *averted* (to their right), while *tilting* their **head**, and *weak* **lowered brows** and *weak* **a smile**."
S_03_09_01_2_1,03,contempt,1,2,1,The birch canoe slid on the smooth planks.,slow,lower,louder,down,tilting,none,none,strong,none,none,moderate,moderate,moderate,none,strong,moderate,none,strong,moderate,none,none,moderate,"Actor 03 said “The birch canoe slid on the smooth planks.”, with *slow* **speech rate**, *lower* **pitch**, *louder* **loudness**, **gaze** *averted* (downwards), while *tilting* their **head**, and *strong* **lowered brows**, *moderate* **tightened eyelids**, *moderate* **wrinkled nose**, *moderate* **raised upper lip**, *strong* **a tight smile**, *moderate* **downturned mouth corners**, *strong* **stretched lips**, *moderate* **tightened lips**, and *moderate* **blinking**."
S_03_09_02_1_1,03,contempt,2,1,1,Glue the sheet to the dark blue background.,normal,lower,quieter,front,tilting,none,none,weak,none,none,none,weak,weak,none,none,none,weak,none,none,none,none,none,"Actor 03 said “Glue the sheet to the dark blue background.”, with *normal* **speech rate**, *lower* **pitch**, *quieter* **loudness**, while **looking at the camera**, while *tilting* their **head**, and *weak* **lowered brows**, *weak* **wrinkled nose**, *weak* **raised upper lip**, and *weak* **raised chin**."
S_03_09_02_2_1,03,contempt,2,2,1,Glue the sheet to the dark blue background.,normal,lower,louder,down,shaking,none,none,strong,none,none,moderate,weak,weak,weak,none,strong,moderate,moderate,strong,none,none,none,"Actor 03 said “Glue the sheet to the dark blue background.”, with *normal* **speech rate**, *lower* **pitch**, *louder* **loudness**, **gaze** *averted* (downwards), while *shaking* their **head**, and *strong* **lowered brows**, *moderate* **tightened eyelids**, *weak* **wrinkled nose**, *weak* **raised upper lip**, *weak* **a smile**, *strong* **downturned mouth corners**, *moderate* **raised chin**, *moderate* **stretched lips**, and *strong* **tightened lips**."
S_03_09_03_1_1,03,contempt,3,1,1,It's easy to tell the depth of a well.,normal,lower,quieter,front,none,none,weak,weak,none,none,none,none,none,weak,none,none,none,none,weak,none,none,none,"Actor 03 said “It's easy to tell the depth of a well.”, with *normal* **speech rate**, *lower* **pitch**, *quieter* **loudness**, while **looking at the camera**, and *weak* **raised outer eyebrows**, *weak* **lowered brows**, *weak* **a smile**, and *weak* **tightened lips**."
S_03_09_03_2_1,03,contempt,3,2,1,It's easy to tell the depth of a well.,normal,lower,louder,front,tilting,none,none,strong,none,none,none,strong,strong,none,strong,strong,none,strong,strong,none,none,strong,"Actor 03 said “It's easy to tell the depth of a well.”, with *normal* **speech rate**, *lower* **pitch**, *louder* **loudness**, while **looking at the camera**, while *tilting* their **head**, and *strong* **lowered brows**, *strong* **wrinkled nose**, *strong* **raised upper lip**, *strong* **a tight smile**, *strong* **downturned mouth corners**, *strong* **stretched lips**, *strong* **tightened lips**, and *strong* **blinking**."
S_03_10_01_1_1,03,empathy,1,1,1,The birch canoe slid on the smooth planks.,normal,lower,quieter,front,none,weak,weak,none,none,weak,none,none,none,weak,none,none,none,none,none,none,none,none,"Actor 03 said “The birch canoe slid on the smooth planks.”, with *normal* **speech rate**, *lower* **pitch**, *quieter* **loudness**, while **looking at the camera**, and *weak* **raised inner eyebrows**, *weak* **raised outer eyebrows**, *weak* **raised cheeks**, and *weak* **a smile**."
S_03_10_01_2_1,03,empathy,1,2,1,The birch canoe slid on the smooth planks.,slow,lower,quieter,down,tilting,strong,weak,none,none,none,none,none,none,weak,none,none,weak,none,none,none,none,none,"Actor 03 said “The birch canoe slid on the smooth planks.”, with *slow* **speech rate**, *lower* **pitch**, *quieter* **loudness**, **gaze** *averted* (downwards), while *tilting* their **head**, and *strong* **raised inner eyebrows**, *weak* **raised outer eyebrows**, *weak* **a smile**, and *weak* **raised chin**."
S_03_10_02_1_1,03,empathy,2,1,1,Glue the sheet to the dark blue background.,normal,lower,quieter,front,tilting,weak,weak,none,none,weak,none,none,none,weak,none,none,none,none,none,none,none,none,"Actor 03 said “Glue the sheet to the dark blue background.”, with *normal* **speech rate**, *lower* **pitch**, *quieter* **loudness**, while **looking at the camera**, while *tilting* their **head**, and *weak* **raised inner eyebrows**, *weak* **raised outer eyebrows**, *weak* **raised cheeks**, and *weak* **a smile**."
S_03_10_02_2_1,03,empathy,2,2,1,Glue the sheet to the dark blue background.,slow,lower,quieter,front,tilting,strong,none,none,none,moderate,none,none,none,moderate,none,none,none,none,none,none,none,none,"Actor 03 said “Glue the sheet to the dark blue background.”, with *slow* **speech rate**, *lower* **pitch**, *quieter* **loudness**, while **looking at the camera**, while *tilting* their **head**, and *strong* **raised inner eyebrows**, *moderate* **raised cheeks**, and *moderate* **a smile**."
S_03_10_03_1_1,03,empathy,3,1,1,It's easy to tell the depth of a well.,normal,lower,quieter,front,tilting,weak,none,none,none,weak,none,none,none,weak,none,none,none,none,none,none,none,none,"Actor 03 said “It's easy to tell the depth of a well.”, with *normal* **speech rate**, *lower* **pitch**, *quieter* **loudness**, while **looking at the camera**, while *tilting* their **head**, and *weak* **raised inner eyebrows**, *weak* **raised cheeks**, and *weak* **a smile**."
S_03_10_03_2_1,03,empathy,3,2,1,It's easy to tell the depth of a well.,slow,lower,quieter,down,tilting,strong,weak,none,none,moderate,none,none,none,moderate,none,none,none,weak,none,none,none,none,"Actor 03 said “It's easy to tell the depth of a well.”, with *slow* **speech rate**, *lower* **pitch**, *quieter* **loudness**, **gaze** *averted* (downwards), while *tilting* their **head**, and *strong* **raised inner eyebrows**, *weak* **raised outer eyebrows**, *moderate* **raised cheeks**, *moderate* **a smile**, and *weak* **stretched lips**."
