clip,actor,intended_emotion,sentence,text,speech_rate,pitch,loudness,gaze,head,AU01,AU02,AU04,AU05,AU06,AU07,AU09,AU10,AU12,AU14,AU15,AU17,AU20,AU23,AU25,AU26,AU45,transcript
s10_an_1,10,anger,1,"What? No, no, listen, I need this money.",normal,normal,louder,front,nodding,none,none,strong,none,none,none,none,none,none,none,none,none,none,none,strong,weak,none,"S10 said “What? No, no, listen, I need this money.”, with *normal* **speech rate**, *normal* **pitch**, *louder* **loudness**, while **looking at the camera**, while *nodding*, and *strong* **lowered brows**, *strong* **parted lips**, and *weak* **a dropped jaw**."
s10_an_2,10,anger,2,"I don't care about your coffee, please serve me.",fast,normal,louder,front,none,none,none,strong,none,none,weak,none,none,none,none,none,none,none,weak,moderate,none,none,"S10 said “I don't care about your coffee, please serve me.”, with *fast* **speech rate**, *normal* **pitch**, *louder* **loudness**, while **looking at the camera**, and *strong* **lowered brows**, *weak* **tightened eyelids**, *weak* **tightened lips**, and *moderate* **parted lips**."
s10_an_3,10,anger,3,"I can have you fired, you know?",normal,normal,normal,front,none,none,none,moderate,none,none,none,none,none,none,none,none,none,none,weak,strong,weak,none,"S10 said “I can have you fired, you know?”, with *normal* **speech rate**, *normal* **pitch**, *normal* **loudness**, while **looking at the camera**, and *moderate* **lowered brows**, *weak* **tightened lips**, *strong* **parted lips**, and *weak* **a dropped jaw**."
s10_an_4,10,anger,4,Is your coffee more important than my money?,normal,normal,louder,front,tilting,none,none,strong,none,moderate,moderate,none,none,weak,moderate,none,none,none,none,moderate,none,none,"S10 said “Is your coffee more important than my money?”, with *normal* **speech rate**, *normal* **pitch**, *louder* **loudness**, while **looking at the camera**, while *tilting* their **head**, and *strong* **lowered brows**, *moderate* **raised cheeks**, *moderate* **tightened eyelids**, *weak* **a smile**, *moderate* **a tight smile**, and *moderate* **parted lips**."
s10_an_5,10,anger,5,You're paid to work and drink of it.,normal,normal,normal,front,nodding,none,none,moderate,none,none,none,none,none,none,none,none,none,moderate,none,none,none,none,"S10 said “You're paid to work and drink of it.”, with *normal* **speech rate**, *normal* **pitch**, *normal* **loudness**, while **looking at the camera**, while *nodding*, and *moderate* **lowered brows** and *moderate* **stretched lips**."
s10_di_1,10,disgust,1,That's how you're not gonna eat none of the game,normal,normal,normal,front,none,none,none,none,none,strong,strong,none,strong,weak,weak,none,none,none,moderate,none,none,moderate,"S10 said “That's how you're not gonna eat none of the game”, with *normal* **speech rate**, *normal* **pitch**, *normal* **loudness**, while **looking at the camera**, and *strong* **raised cheeks**, *strong* **tightened eyelids**, *strong* **raised upper lip**, *weak* **a smile**, *weak* **a tight smile**, *moderate* **tightened lips**, and *moderate* **blinking**."
s10_di_2,10,disgust,2,I was something smoothing inside my plate.,normal,lower,normal,front,none,none,none,none,none,strong,none,weak,strong,none,moderate,none,none,none,moderate,moderate,none,moderate,"S10 said “I was something smoothing inside my plate.”, with *normal* **speech rate**, *lower* **pitch**, *normal* **loudness**, while **looking at the camera**, and *strong* **raised cheeks**, *weak* **wrinkled nose**, *strong* **raised upper lip**, *moderate* **a tight smile**, *moderate* **tightened lips**, *moderate* **parted lips**, and *moderate* **blinking**."
s10_di_3,10,disgust,3,Bad cockroach,slow,lower,normal,right,none,none,none,none,weak,strong,strong,none,strong,none,weak,none,none,none,weak,none,moderate,none,"S10 said “Bad cockroach”, with *slow* **speech rate**, *lower* **pitch**, *normal* **loudness**, while **looking at the camera**, and *weak* **raised upper eyelids**, *strong* **raised cheeks**, *strong* **tightened eyelids**, *strong* **raised upper lip**, *weak* **a tight smile**, *weak* **tightened lips**, and *moderate* **a dropped jaw**."
s10_di_4,10,disgust,4,This is disgusting!,slow,lower,quieter,front,tilting,none,none,none,none,strong,strong,none,strong,strong,moderate,none,none,weak,weak,none,none,none,"S10 said “This is disgusting!”, with *slow* **speech rate**, *lower* **pitch**, *quieter* **loudness**, while **looking at the camera**, while *tilting* their **head**, and *strong* **raised cheeks**, *strong* **tightened eyelids**, *strong* **raised upper lip**, *strong* **a smile**, *moderate* **a tight smile**, *weak* **stretched lips**, and *weak* **tightened lips**."
s10_di_5,10,disgust,5,That's gross.,slow,lower,quieter,front,none,none,none,none,none,strong,strong,none,moderate,moderate,moderate,none,none,none,none,none,none,none,"S10 said “That's gross.”, with *slow* **speech rate**, *lower* **pitch**, *quieter* **loudness**, while **looking at the camera**, and *strong* **raised cheeks**, *strong* **tightened eyelids**, *moderate* **raised upper lip**, *moderate* **a smile**, and *moderate* **a tight smile**."
s10_fe_1,10,fear,1,Oh my God! There is someone in the house!,normal,normal,quieter,front,nodding,none,none,none,none,none,moderate,none,none,none,none,none,none,none,none,weak,none,moderate,"S10 said “Oh my God! There is someone in the house!”, with *normal* **speech rate**, *normal* **pitch**, *quieter* **loudness**, while **looking at the camera**, while *nodding*, and *moderate* **tightened eyelids**, *weak* **parted lips**, and *moderate* **blinking**."
s10_fe_2,10,fear,2,Someone is climbing on the stairs.,normal,normal,quieter,front,none,none,none,weak,none,none,moderate,none,none,none,weak,none,none,none,weak,weak,none,none,"S10 said “Someone is climbing on the stairs.”, with *normal* **speech rate**, *normal* **pitch**, *quieter* **loudness**, while **looking at the camera**, and *weak* **lowered brows**, *moderate* **tightened eyelids**, *weak* **a tight smile**, *weak* **tightened lips**, and *weak* **parted lips**."
s10_fe_3,10,fear,3,Please don't kill me.,slow,higher,normal,front,nodding,weak,none,moderate,none,weak,strong,none,none,none,weak,none,none,none,weak,none,none,none,"S10 said “Please don't kill me.”, with *slow* **speech rate**, *higher* **pitch**, *normal* **loudness**, while **looking at the camera**, while *nodding*, and *weak* **raised inner eyebrows**, *moderate* **lowered brows**, *weak* **raised cheeks**, *strong* **tightened eyelids**, *weak* **a tight smile**, and *weak* **tightened lips**."
s10_fe_4,10,fear,4,I'm not alone. Go away!,slow,higher,louder,front,none,none,none,strong,none,none,strong,none,none,none,none,none,none,none,weak,weak,none,moderate,"S10 said “I'm not alone. Go away!”, with *slow* **speech rate**, *higher* **pitch**, *louder* **loudness**, while **looking at the camera**, and *strong* **lowered brows**, *strong* **tightened eyelids**, *weak* **tightened lips**, *weak* **parted lips**, and *moderate* **blinking**."
s10_fe_5,10,fear,5,"I've nothing to give you, please don't hurt me!",normal,higher,louder,front,none,none,none,strong,none,moderate,strong,none,none,none,none,none,none,none,weak,none,none,none,"S10 said “I've nothing to give you, please don't hurt me!”, with *normal* **speech rate**, *higher* **pitch**, *louder* **loudness**, while **looking at the camera**, and *strong* **lowered brows**, *moderate* **raised cheeks**, *strong* **tightened eyelids**, and *weak* **tightened lips**."
s10_ha_1,10,happiness,1,That's great and rich now!,normal,higher,louder,front,none,weak,weak,weak,none,weak,moderate,weak,none,none,none,weak,none,moderate,none,moderate,moderate,none,"S10 said “That's great and rich now!”, with *normal* **speech rate**, *higher* **pitch**, *louder* **loudness**, while **looking at the camera**, and *weak* **raised inner eyebrows**, *weak* **raised outer eyebrows**, *weak* **lowered brows**, *weak* **raised cheeks**, *moderate* **tightened eyelids**, *weak* **wrinkled nose**, *weak* **downturned mouth corners**, *moderate* **stretched lips**, *moderate* **parted lips**, and *moderate* **a dropped jaw**."
s10_ha_2,10,happiness,2,I won! This is great! I'm so happy!,normal,higher,louder,front,shaking,none,none,weak,none,none,strong,weak,none,none,none,none,none,weak,none,weak,none,none,"S10 said “I won! This is great! I'm so happy!”, with *normal* **speech rate**, *higher* **pitch**, *louder* **loudness**, while **looking at the camera**, while *shaking* their **head**, and *weak* **lowered brows**, *strong* **tightened eyelids**, *weak* **wrinkled nose**, *weak* **stretched lips**, and *weak* **parted lips**."
s10_ha_3,10,happiness,3,Wow! This is great!,slow,lower,normal,front,nodding,moderate,strong,strong,moderate,moderate,none,weak,weak,none,none,none,weak,weak,strong,weak,moderate,none,"S10 said “Wow! This is great!”, with *slow* **speech rate**, *lower* **pitch**, *normal* **loudness**, while **looking at the camera**, while *nodding*, and *moderate* **raised inner eyebrows**, *strong* **raised outer eyebrows**, *strong* **lowered brows**, *moderate* **raised upper eyelids**, *moderate* **raised cheeks**, *weak* **wrinkled nose**, *weak* **raised upper lip**, *weak* **raised chin**, *weak* **stretched lips**, *strong* **tightened lips**, *weak* **parted lips**, and *moderate* **a dropped jaw**."
s10_ha_4,10,happiness,4,I'm so lucky,normal,higher,normal,front,shaking,none,moderate,none,weak,weak,strong,none,none,none,none,weak,none,none,moderate,moderate,moderate,none,"S10 said “I'm so lucky”, with *normal* **speech rate**, *higher* **pitch**, *normal* **loudness**, while **looking at the camera**, while *shaking* their **head**, and *moderate* **raised outer eyebrows**, *weak* **raised upper eyelids**, *weak* **raised cheeks**, *strong* **tightened eyelids**, *weak* **downturned mouth corners**, *moderate* **tightened lips**, *moderate* **parted lips**, and *moderate* **a dropped jaw**."
s10_ha_5,10,happiness,5,I'm so excited!,normal,normal,louder,front,none,none,none,weak,weak,moderate,strong,weak,none,none,none,none,none,none,moderate,none,weak,none,"S10 said “I'm so excited!”, with *normal* **speech rate**, *normal* **pitch**, *louder* **loudness**, while **looking at the camera**, and *weak* **lowered brows**, *weak* **raised upper eyelids**, *moderate* **raised cheeks**, *strong* **tightened eyelids**, *weak* **wrinkled nose**, *moderate* **tightened lips**, and *weak* **a dropped jaw**."
s10_sa_1,10,sadness,1,"Oh, life is not going to be the same now.",normal,lower,normal,front,tilting,none,none,moderate,none,none,moderate,none,none,none,none,none,none,none,none,moderate,none,strong,"S10 said “Oh, life is not going to be the same now.”, with *normal* **speech rate**, *lower* **pitch**, *normal* **loudness**, while **looking at the camera**, while *tilting* their **head**, and *moderate* **lowered brows**, *moderate* **tightened eyelids**, *moderate* **parted lips**, and *strong* **blinking**."
s10_sa_2,10,sadness,2,"Oh no, then this is not true.",slow,normal,quieter,front,tilting,none,none,moderate,none,none,strong,none,weak,none,moderate,none,none,none,none,moderate,none,strong,"S10 said “Oh no, then this is not true.”, with *slow* **speech rate**, *normal* **pitch**, *quieter* **loudness**, while **looking at the camera**, while *tilting* their **head**, and *moderate* **lowered brows**, *strong* **tightened eyelids**, *weak* **raised upper lip**, *moderate* **a tight smile**, *moderate* **parted lips**, and *strong* **blinking**."
s10_sa_3,10,sadness,3,"Everything was so perfect, I can understand that.",slow,lower,quieter,front,tilting,none,none,weak,none,none,moderate,none,weak,none,moderate,none,none,none,none,weak,none,strong,"S10 said “Everything was so perfect, I can understand that.”, with *slow* **speech rate**, *lower* **pitch**, *quieter* **loudness**, while **looking at the camera**, while *tilting* their **head**, and *weak* **lowered brows**, *moderate* **tightened eyelids**, *weak* **raised upper lip**, *moderate* **a tight smile**, *weak* **parted lips**, and *strong* **blinking**."
s10_sa_4,10,sadness,4,I still love her.,normal,lower,quieter,front,tilting,none,none,weak,none,none,weak,none,none,none,none,none,none,none,none,strong,none,none,"S10 said “I still love her.”, with *normal* **speech rate**, *lower* **pitch**, *quieter* **loudness**, while **looking at the camera**, while *tilting* their **head**, and *weak* **lowered brows**, *weak* **tightened eyelids**, and *strong* **parted lips**."
s10_sa_5,10,sadness,5,"Oh, she was my life.",slow,lower,quieter,front,none,none,none,weak,none,none,moderate,none,none,none,moderate,none,none,none,none,moderate,none,strong,"S10 said “Oh, she was my life.”, with *slow* **speech rate**, *lower* **pitch**, *quieter* **loudness**, while **looking at the camera**, and *weak* **lowered brows**, *moderate* **tightened eyelids**, *moderate* **a tight smile**, *moderate* **parted lips**, and *strong* **blinking**."
s10_su_1,10,surprise,1,You have never told me that!,fast,higher,louder,front,none,weak,none,weak,none,none,weak,none,none,none,none,none,none,none,weak,none,none,none,"S10 said “You have never told me that!”, with *fast* **speech rate**, *higher* **pitch**, *louder* **loudness**, while **looking at the camera**, and *weak* **raised inner eyebrows**, *weak* **lowered brows**, *weak* **tightened eyelids**, and *weak* **tightened lips**."
s10_su_2,10,surprise,2,I didn't expect that!,normal,higher,normal,front,none,none,weak,none,none,moderate,strong,none,none,weak,none,none,none,none,weak,weak,moderate,none,"S10 said “I didn't expect that!”, with *normal* **speech rate**, *higher* **pitch**, *normal* **loudness**, while **looking at the camera**, and *weak* **raised outer eyebrows**, *moderate* **raised cheeks**, *strong* **tightened eyelids**, *weak* **a smile**, *weak* **tightened lips**, *weak* **parted lips**, and *moderate* **a dropped jaw**."
s10_su_3,10,surprise,3,"Wow, I would never thought that.",normal,normal,normal,front,none,none,none,none,none,weak,moderate,none,none,none,none,moderate,none,weak,moderate,none,weak,strong,"S10 said “Wow, I would never thought that.”, with *normal* **speech rate**, *normal* **pitch**, *normal* **loudness**, while **looking at the camera**, and *weak* **raised cheeks**, *moderate* **tightened eyelids**, *moderate* **downturned mouth corners**, *weak* **stretched lips**, *moderate* **tightened lips**, *weak* **a dropped jaw**, and *strong* **blinking**."
s10_su_4,10,surprise,4,I never saw that coming!,normal,higher,normal,front,tilting,none,none,none,none,none,moderate,none,none,none,none,none,none,none,none,none,none,none,"S10 said “I never saw that coming!”, with *normal* **speech rate**, *higher* **pitch**, *normal* **loudness**, while **looking at the camera**, while *tilting* their **head**, and *moderate* **tightened eyelids**."
s10_su_5,10,surprise,5,"Oh my god, that's so weird",normal,normal,normal,front,none,none,none,none,none,none,none,none,none,none,none,none,none,none,none,moderate,moderate,none,"S10 said “Oh my god, that's so weird”, with *normal* **speech rate**, *normal* **pitch**, *normal* **loudness**, while **looking at the camera**, and *moderate* **parted lips** and *moderate* **a dropped jaw**."
s13_an_1,13,anger,1,"What? No, no, listen, listen, I need this money.",slow,higher,louder,front,shaking,none,none,strong,none,none,moderate,none,none,none,none,none,none,none,none,none,none,none,"S13 said “What? No, no, listen, listen, I need this money.”, with *slow* **speech rate**, *higher* **pitch**, *louder* **loudness**, while **looking at the camera**, while *shaking* their **head**, and *strong* **lowered brows** and *moderate* **tightened eyelids**."
s13_an_2,13,anger,2,"I don't care about your coffee, please send me now.",normal,normal,louder,front,nodding,none,none,strong,none,none,moderate,none,none,none,none,none,none,none,none,weak,none,moderate,"S13 said “I don't care about your coffee, please send me now.”, with *normal* **speech rate**, *normal* **pitch**, *louder* **loudness**, while **looking at the camera**, while *nodding*, and *strong* **lowered brows**, *moderate* **tightened eyelids**, *weak* **parted lips**, and *moderate* **blinking**."
s13_an_3,13,anger,3,"I can have you fired, you know?",normal,normal,normal,up,none,none,none,strong,none,none,moderate,none,none,none,none,none,none,none,weak,weak,none,none,"S13 said “I can have you fired, you know?”, with *normal* **speech rate**, *normal* **pitch**, *normal* **loudness**, while **looking at the camera**, and *strong* **lowered brows**, *moderate* **tightened eyelids**, *weak* **tightened lips**, and *weak* **parted lips**."
s13_an_4,13,anger,4,Is your coffee more important than my money?,normal,higher,louder,up,nodding,none,none,strong,none,none,moderate,none,none,none,none,none,weak,none,none,none,none,none,"S13 said “Is your coffee more important than my money?”, with *normal* **speech rate**, *higher* **pitch**, *louder* **loudness**, while **looking at the camera**, while *nodding*, and *strong* **lowered brows**, *moderate* **tightened eyelids**, and *weak* **raised chin**."
s13_an_5,13,anger,5,You're getting paid to work and not to drink coffee.,normal,normal,louder,front,none,none,none,strong,none,none,weak,none,none,none,none,none,none,none,none,none,none,none,"S13 said “You're getting paid to work and not to drink coffee.”, with *normal* **speech rate**, *normal* **pitch**, *louder* **loudness**, while **looking at the camera**, and *strong* **lowered brows** and *weak* **tightened eyelids**."
s13_di_1,13,disgust,1,"Ah, that's horrible. I never hate noodles again.",slow,normal,normal,front,none,none,none,strong,none,weak,strong,none,moderate,none,none,none,none,none,none,none,none,none,"S13 said “Ah, that's horrible. I never hate noodles again.”, with *slow* **speech rate**, *normal* **pitch**, *normal* **loudness**, while **looking at the camera**, and *strong* **lowered brows**, *weak* **raised cheeks**, *strong* **tightened eyelids**, and *moderate* **raised upper lip**."
s13_di_2,13,disgust,2,"Ah, something is moving inside my plate.",normal,lower,normal,front,nodding,none,none,moderate,none,none,weak,none,none,none,none,none,weak,none,weak,moderate,none,none,"S13 said “Ah, something is moving inside my plate.”, with *normal* **speech rate**, *lower* **pitch**, *normal* **loudness**, while **looking at the camera**, while *nodding*, and *moderate* **lowered brows**, *weak* **tightened eyelids**, *weak* **raised chin**, *weak* **tightened lips**, and *moderate* **parted lips**."
s13_di_3,13,disgust,3,"Ah, a good crush.",normal,lower,normal,front,nodding,none,none,strong,none,none,moderate,none,none,none,none,none,none,none,none,none,none,none,"S13 said “Ah, a good crush.”, with *normal* **speech rate**, *lower* **pitch**, *normal* **loudness**, while **looking at the camera**, while *nodding*, and *strong* **lowered brows** and *moderate* **tightened eyelids**."
s13_di_4,13,disgust,4,"Hey, this is the guesting.",normal,lower,quieter,front,nodding,none,none,strong,none,none,strong,none,moderate,none,none,none,none,weak,none,none,none,none,"S13 said “Hey, this is the guesting.”, with *normal* **speech rate**, *lower* **pitch**, *quieter* **loudness**, while **looking at the camera**, while *nodding*, and *strong* **lowered brows**, *strong* **tightened eyelids**, *moderate* **raised upper lip**, and *weak* **stretched lips**."
s13_di_5,13,disgust,5,That's gross,slow,normal,quieter,down,none,none,none,none,none,weak,strong,moderate,moderate,none,none,none,none,none,none,none,none,strong,"S13 said “That's gross”, with *slow* **speech rate**, *normal* **pitch**, *quieter* **loudness**, while **looking at the camera**, and *weak* **raised cheeks**, *strong* **tightened eyelids**, *moderate* **wrinkled nose**, *moderate* **raised upper lip**, and *strong* **blinking**."
s13_fe_1,13,fear,1,"Oh my God, there's someone in the house.",normal,lower,quieter,front,nodding,none,none,strong,none,none,none,none,none,none,none,none,none,none,none,none,none,none,"S13 said “Oh my God, there's someone in the house.”, with *normal* **speech rate**, *lower* **pitch**, *quieter* **loudness**, while **looking at the camera**, while *nodding*, and *strong* **lowered brows**."
s13_fe_2,13,fear,2,Someone is climbing the stairs.,slow,lower,quieter,front,shaking,none,none,strong,none,none,none,none,none,none,none,weak,none,none,none,none,none,moderate,"S13 said “Someone is climbing the stairs.”, with *slow* **speech rate**, *lower* **pitch**, *quieter* **loudness**, while **looking at the camera**, while *shaking* their **head**, and *strong* **lowered brows**, *weak* **downturned mouth corners**, and *moderate* **blinking**."
s13_fe_3,13,fear,3,Please don't kill me.,normal,normal,normal,front,nodding,none,none,strong,none,none,weak,none,none,none,none,weak,weak,none,weak,none,none,moderate,"S13 said “Please don't kill me.”, with *normal* **speech rate**, *normal* **pitch**, *normal* **loudness**, while **looking at the camera**, while *nodding*, and *strong* **lowered brows**, *weak* **tightened eyelids**, *weak* **downturned mouth corners**, *weak* **raised chin**, *weak* **tightened lips**, and *moderate* **blinking**."
s13_fe_4,13,fear,4,I'm not alone. Go away.,normal,normal,louder,front,nodding,none,none,moderate,none,none,moderate,none,none,none,none,none,weak,none,none,none,none,moderate,"S13 said “I'm not alone. Go away.”, with *normal* **speech rate**, *normal* **pitch**, *louder* **loudness**, while **looking at the camera**, while *nodding*, and *moderate* **lowered brows**, *moderate* **tightened eyelids**, *weak* **raised chin**, and *moderate* **blinking**."
s13_fe_5,13,fear,5,I'm nothing to give you. Please don't hurt me.,normal,normal,normal,up,nodding,none,none,strong,none,none,moderate,none,none,none,none,none,none,none,none,none,none,none,"S13 said “I'm nothing to give you. Please don't hurt me.”, with *normal* **speech rate**, *normal* **pitch**, *normal* **loudness**, while **looking at the camera**, while *nodding*, and *strong* **lowered brows** and *moderate* **tightened eyelids**."
s13_ha_1,13,happiness,1,That's great! I'm rich now!,slow,normal,louder,front,nodding,none,none,moderate,none,moderate,strong,none,none,none,none,none,none,none,weak,weak,none,none,"S13 said “That's great! I'm rich now!”, with *slow* **speech rate**, *normal* **pitch**, *louder* **loudness**, while **looking at the camera**, while *nodding*, and *moderate* **lowered brows**, *moderate* **raised cheeks**, *strong* **tightened eyelids**, *weak* **tightened lips**, and *weak* **parted lips**."
s13_ha_2,13,happiness,2,I won. This is great. I'm so happy.,normal,normal,louder,front,nodding,none,none,none,none,weak,strong,none,none,weak,none,none,moderate,none,weak,moderate,none,none,"S13 said “I won. This is great. I'm so happy.”, with *normal* **speech rate**, *normal* **pitch**, *louder* **loudness**, while **looking at the camera**, while *nodding*, and *weak* **raised cheeks**, *strong* **tightened eyelids**, *weak* **a smile**, *moderate* **raised chin**, *weak* **tightened lips**, and *moderate* **parted lips**."
s13_ha_3,13,happiness,3,Woohoo! This is so great!,normal,higher,louder,front,nodding,none,none,moderate,weak,weak,strong,none,none,weak,none,none,weak,none,weak,none,weak,none,"S13 said “Woohoo! This is so great!”, with *normal* **speech rate**, *higher* **pitch**, *louder* **loudness**, while **looking at the camera**, while *nodding*, and *moderate* **lowered brows**, *weak* **raised upper eyelids**, *weak* **raised cheeks**, *strong* **tightened eyelids**, *weak* **a smile**, *weak* **raised chin**, *weak* **tightened lips**, and *weak* **a dropped jaw**."
s13_ha_4,13,happiness,4,I'm so lucky!,slow,higher,louder,front,nodding,none,none,strong,none,weak,strong,none,none,moderate,none,none,weak,none,weak,none,none,weak,"S13 said “I'm so lucky!”, with *slow* **speech rate**, *higher* **pitch**, *louder* **loudness**, while **looking at the camera**, while *nodding*, and *strong* **lowered brows**, *weak* **raised cheeks**, *strong* **tightened eyelids**, *moderate* **a smile**, *weak* **raised chin**, *weak* **tightened lips**, and *weak* **blinking**."
s13_ha_5,13,happiness,5,I'm so excited!,normal,higher,normal,front,none,none,none,strong,none,moderate,moderate,none,none,strong,none,weak,strong,moderate,moderate,none,weak,none,"S13 said “I'm so excited!”, with *normal* **speech rate**, *higher* **pitch**, *normal* **loudness**, while **looking at the camera**, and *strong* **lowered brows**, *moderate* **raised cheeks**, *moderate* **tightened eyelids**, *strong* **a smile**, *weak* **downturned mouth corners**, *strong* **raised chin**, *moderate* **stretched lips**, *moderate* **tightened lips**, and *weak* **a dropped jaw**."
s13_sa_1,13,sadness,1,Life won't be the same now,slow,lower,quieter,down,none,none,none,strong,none,none,none,none,none,none,none,none,none,none,none,none,none,none,"S13 said “Life won't be the same now”, with *slow* **speech rate**, *lower* **pitch**, *quieter* **loudness**, while **looking at the camera**, and *strong* **lowered brows**."
s13_sa_2,13,sadness,2,"Oh, oh, tell me that's not true. Oh, please.",slow,higher,quieter,down,none,none,none,strong,none,none,none,none,none,none,none,none,none,none,none,none,none,none,"S13 said “Oh, oh, tell me that's not true. Oh, please.”, with *slow* **speech rate**, *higher* **pitch**, *quieter* **loudness**, while **looking at the camera**, and *strong* **lowered brows**."
s13_sa_3,13,sadness,3,Everything was so perfect. I don't understand.,slow,lower,quieter,front,nodding,none,none,strong,none,none,none,none,none,none,none,none,none,none,none,none,none,none,"S13 said “Everything was so perfect. I don't understand.”, with *slow* **speech rate**, *lower* **pitch**, *quieter* **loudness**, while **looking at the camera**, while *nodding*, and *strong* **lowered brows**."
s13_sa_4,13,sadness,4,I still love her,normal,normal,quieter,down,tilting,none,none,none,none,none,none,none,none,none,none,none,none,none,none,none,none,none,"S13 said “I still love her”, with *normal* **speech rate**, *normal* **pitch**, *quieter* **loudness**, while **looking at the camera**, and while *tilting* their **head**."
s13_sa_5,13,sadness,5,She was my life.,normal,normal,quieter,front,none,none,none,strong,none,none,none,none,none,none,none,none,none,none,none,none,none,none,"S13 said “She was my life.”, with *normal* **speech rate**, *normal* **pitch**, *quieter* **loudness**, while **looking at the camera**, and *strong* **lowered brows**."
s13_su_1,13,surprise,1,"Oh, you never told me that.",normal,normal,normal,front,none,none,none,none,none,none,none,none,none,none,none,none,none,none,none,none,none,none,"S13 said “Oh, you never told me that.”, with *normal* **speech rate**, *normal* **pitch**, *normal* **loudness**, and while **looking at the camera**."
s13_su_2,13,surprise,2,I did not expect that!,normal,normal,quieter,front,none,none,none,none,none,none,none,none,none,none,none,none,none,none,none,none,none,none,"S13 said “I did not expect that!”, with *normal* **speech rate**, *normal* **pitch**, *quieter* **loudness**, and while **looking at the camera**."
s13_su_3,13,surprise,3,"Well, I would never believe this.",normal,normal,louder,front,none,none,none,strong,none,none,none,none,none,none,none,none,moderate,none,weak,none,none,none,"S13 said “Well, I would never believe this.”, with *normal* **speech rate**, *normal* **pitch**, *louder* **loudness**, while **looking at the camera**, and *strong* **lowered brows**, *moderate* **raised chin**, and *weak* **tightened lips**."
s13_su_4,13,surprise,4,I never saw that coming.,normal,normal,normal,front,nodding,weak,none,strong,none,none,none,none,none,none,none,none,none,none,none,none,none,none,"S13 said “I never saw that coming.”, with *normal* **speech rate**, *normal* **pitch**, *normal* **loudness**, while **looking at the camera**, while *nodding*, and *weak* **raised inner eyebrows** and *strong* **lowered brows**."
s13_su_5,13,surprise,5,"Oh my God, that's so weird.",slow,normal,normal,front,none,none,none,strong,none,none,none,none,none,none,none,none,none,none,none,none,none,none,"S13 said “Oh my God, that's so weird.”, with *slow* **speech rate**, *normal* **pitch**, *normal* **loudness**, while **looking at the camera**, and *strong* **lowered brows**."
s14_an_1,14,anger,1,"What? No, no, listen. I want this money.",slow,normal,louder,front,nodding,none,none,none,none,none,none,none,none,none,none,none,none,none,none,none,none,none,"S14 said “What? No, no, listen. I want this money.”, with *slow* **speech rate**, *normal* **pitch**, *louder* **loudness**, while **looking at the camera**, and while *nodding*."
s14_an_2,14,anger,2,"I do not care about your coffee, please save me.",normal,higher,louder,front,nodding,none,none,none,none,none,none,none,none,none,none,none,none,moderate,moderate,none,none,none,"S14 said “I do not care about your coffee, please save me.”, with *normal* **speech rate**, *higher* **pitch**, *louder* **loudness**, while **looking at the camera**, while *nodding*, and *moderate* **stretched lips** and *moderate* **tightened lips**."
s14_an_3,14,anger,3,"I can give you fire, you know?",normal,higher,louder,front,nodding,none,none,strong,none,none,none,none,none,none,none,none,none,none,weak,weak,none,none,"S14 said “I can give you fire, you know?”, with *normal* **speech rate**, *higher* **pitch**, *louder* **loudness**, while **looking at the camera**, while *nodding*, and *strong* **lowered brows**, *weak* **tightened lips**, and *weak* **parted lips**."
s14_an_4,14,anger,4,Is your coffee more important than my money?,normal,normal,louder,front,nodding,none,none,strong,none,none,weak,none,none,none,none,none,none,none,none,none,none,none,"S14 said “Is your coffee more important than my money?”, with *normal* **speech rate**, *normal* **pitch**, *louder* **loudness**, while **looking at the camera**, while *nodding*, and *strong* **lowered brows** and *weak* **tightened eyelids**."
s14_an_5,14,anger,5,"You are getting paid for work, don't drink coffee.",normal,normal,louder,front,nodding,none,none,strong,none,none,none,none,none,none,none,none,none,none,none,none,none,none,"S14 said “You are getting paid for work, don't drink coffee.”, with *normal* **speech rate**, *normal* **pitch**, *louder* **loudness**, while **looking at the camera**, while *nodding*, and *strong* **lowered brows**."
s14_di_1,14,disgust,1,That's quite a room. I never knew it was a game.,fast,normal,louder,down,nodding,none,none,none,none,none,none,none,weak,none,none,none,none,none,none,none,none,moderate,"S14 said “That's quite a room. I never knew it was a game.”, with *fast* **speech rate**, *normal* **pitch**, *louder* **loudness**, while **looking at the camera**, while *nodding*, and *weak* **raised upper lip** and *moderate* **blinking**."
s14_di_2,14,disgust,2,Something is moving in my brain.,normal,higher,louder,down,none,none,weak,none,none,none,weak,none,none,none,none,none,none,none,weak,none,none,moderate,"S14 said “Something is moving in my brain.”, with *normal* **speech rate**, *higher* **pitch**, *louder* **loudness**, while **looking at the camera**, and *weak* **raised outer eyebrows**, *weak* **tightened eyelids**, *weak* **tightened lips**, and *moderate* **blinking**."
s14_di_3,14,disgust,3,"Hey, look at that!",slow,normal,louder,front,nodding,none,none,strong,none,none,moderate,none,moderate,none,none,weak,none,none,none,none,none,none,"S14 said “Hey, look at that!”, with *slow* **speech rate**, *normal* **pitch**, *louder* **loudness**, while **looking at the camera**, while *nodding*, and *strong* **lowered brows**, *moderate* **tightened eyelids**, *moderate* **raised upper lip**, and *weak* **downturned mouth corners**."
s14_di_4,14,disgust,4,This isn't disgusting.,slow,normal,louder,down,none,none,none,strong,none,moderate,strong,none,strong,moderate,none,none,none,weak,none,none,none,none,"S14 said “This isn't disgusting.”, with *slow* **speech rate**, *normal* **pitch**, *louder* **loudness**, while **looking at the camera**, and *strong* **lowered brows**, *moderate* **raised cheeks**, *strong* **tightened eyelids**, *strong* **raised upper lip**, *moderate* **a smile**, and *weak* **stretched lips**."
s14_di_5,14,disgust,5,That's good!,slow,lower,quieter,down,none,none,none,strong,none,none,moderate,none,moderate,none,none,none,none,none,none,moderate,none,none,"S14 said “That's good!”, with *slow* **speech rate**, *lower* **pitch**, *quieter* **loudness**, while **looking at the camera**, and *strong* **lowered brows**, *moderate* **tightened eyelids**, *moderate* **raised upper lip**, and *moderate* **parted lips**."
s14_fe_1,14,fear,1,"Oh my god, there is someone who's in the house.",fast,normal,quieter,front,nodding,none,none,none,none,none,none,none,none,none,none,none,none,none,none,none,none,none,"S14 said “Oh my god, there is someone who's in the house.”, with *fast* **speech rate**, *normal* **pitch**, *quieter* **loudness**, while **looking at the camera**, and while *nodding*."
s14_fe_2,14,fear,2,Someone is going to the stairs.,slow,higher,quieter,front,nodding,none,none,strong,none,none,none,none,none,none,none,none,none,none,none,none,none,none,"S14 said “Someone is going to the stairs.”, with *slow* **speech rate**, *higher* **pitch**, *quieter* **loudness**, while **looking at the camera**, while *nodding*, and *strong* **lowered brows**."
s14_fe_3,14,fear,3,Please don't kill me.,normal,higher,normal,front,nodding,none,none,strong,none,none,none,none,none,none,none,none,none,none,none,none,none,none,"S14 said “Please don't kill me.”, with *normal* **speech rate**, *higher* **pitch**, *normal* **loudness**, while **looking at the camera**, while *nodding*, and *strong* **lowered brows**."
s14_fe_4,14,fear,4,"I'm not a noob, go away!",normal,normal,normal,down,none,none,none,none,none,none,none,none,none,none,none,none,none,none,moderate,none,none,none,"S14 said “I'm not a noob, go away!”, with *normal* **speech rate**, *normal* **pitch**, *normal* **loudness**, while **looking at the camera**, and *moderate* **tightened lips**."
s14_fe_5,14,fear,5,I have nothing to give to you. This leave me alone.,normal,normal,normal,front,nodding,none,none,strong,weak,none,none,none,none,none,none,none,weak,none,none,weak,none,moderate,"S14 said “I have nothing to give to you. This leave me alone.”, with *normal* **speech rate**, *normal* **pitch**, *normal* **loudness**, while **looking at the camera**, while *nodding*, and *strong* **lowered brows**, *weak* **raised upper eyelids**, *weak* **raised chin**, *weak* **parted lips**, and *moderate* **blinking**."
s14_ha_1,14,happiness,1,That's great. I can't believe it.,normal,higher,louder,front,nodding,none,none,moderate,none,none,none,none,none,weak,none,none,none,none,none,none,none,none,"S14 said “That's great. I can't believe it.”, with *normal* **speech rate**, *higher* **pitch**, *louder* **loudness**, while **looking at the camera**, while *nodding*, and *moderate* **lowered brows** and *weak* **a smile**."
s14_ha_2,14,happiness,2,I won! This is great! I'm great at it!,normal,higher,louder,front,nodding,moderate,moderate,strong,none,none,none,none,none,none,none,weak,weak,none,moderate,none,none,moderate,"S14 said “I won! This is great! I'm great at it!”, with *normal* **speech rate**, *higher* **pitch**, *louder* **loudness**, while **looking at the camera**, while *nodding*, and *moderate* **raised inner eyebrows**, *moderate* **raised outer eyebrows**, *strong* **lowered brows**, *weak* **downturned mouth corners**, *weak* **raised chin**, *moderate* **tightened lips**, and *moderate* **blinking**."
s14_ha_3,14,happiness,3,Wow! This is great!,slow,normal,normal,front,nodding,none,none,strong,none,none,none,weak,none,none,none,none,none,none,weak,none,weak,moderate,"S14 said “Wow! This is great!”, with *slow* **speech rate**, *normal* **pitch**, *normal* **loudness**, while **looking at the camera**, while *nodding*, and *strong* **lowered brows**, *weak* **wrinkled nose**, *weak* **tightened lips**, *weak* **a dropped jaw**, and *moderate* **blinking**."
s14_ha_4,14,happiness,4,I'm so like,slow,higher,normal,front,nodding,none,none,strong,weak,none,weak,none,none,none,none,none,none,none,none,none,strong,none,"S14 said “I'm so like”, with *slow* **speech rate**, *higher* **pitch**, *normal* **loudness**, while **looking at the camera**, while *nodding*, and *strong* **lowered brows**, *weak* **raised upper eyelids**, *weak* **tightened eyelids**, and *strong* **a dropped jaw**."
s14_ha_5,14,happiness,5,I'm so excited.,slow,lower,quieter,front,nodding,weak,none,strong,weak,none,weak,none,none,none,none,none,none,none,none,none,moderate,weak,"S14 said “I'm so excited.”, with *slow* **speech rate**, *lower* **pitch**, *quieter* **loudness**, while **looking at the camera**, while *nodding*, and *weak* **raised inner eyebrows**, *strong* **lowered brows**, *weak* **raised upper eyelids**, *weak* **tightened eyelids**, *moderate* **a dropped jaw**, and *weak* **blinking**."
s14_sa_1,14,sadness,1,The light won't be the same now.,normal,lower,quieter,front,none,none,none,strong,none,none,none,none,none,none,none,none,none,none,none,none,none,weak,"S14 said “The light won't be the same now.”, with *normal* **speech rate**, *lower* **pitch**, *quieter* **loudness**, while **looking at the camera**, and *strong* **lowered brows** and *weak* **blinking**."
s14_sa_2,14,sadness,2,"Oh no, tell me that this is not true, please.",normal,lower,quieter,front,none,none,none,strong,none,none,none,none,none,none,none,none,none,none,none,none,none,weak,"S14 said “Oh no, tell me that this is not true, please.”, with *normal* **speech rate**, *lower* **pitch**, *quieter* **loudness**, while **looking at the camera**, and *strong* **lowered brows** and *weak* **blinking**."
s14_sa_3,14,sadness,3,Everything goes so better. I just understand this.,slow,normal,normal,front,nodding,none,none,weak,none,none,none,none,none,none,none,none,none,none,none,none,none,none,"S14 said “Everything goes so better. I just understand this.”, with *slow* **speech rate**, *normal* **pitch**, *normal* **loudness**, while **looking at the camera**, while *nodding*, and *weak* **lowered brows**."
s14_sa_4,14,sadness,4,I still love you,normal,lower,quieter,front,nodding,none,none,weak,none,none,none,none,none,none,none,weak,none,none,none,none,none,strong,"S14 said “I still love you”, with *normal* **speech rate**, *lower* **pitch**, *quieter* **loudness**, while **looking at the camera**, while *nodding*, and *weak* **lowered brows**, *weak* **downturned mouth corners**, and *strong* **blinking**."
s14_sa_5,14,sadness,5,See you guys in my life.,fast,lower,quieter,up,nodding,none,none,strong,none,none,weak,none,none,none,none,none,none,none,none,none,none,none,"S14 said “See you guys in my life.”, with *fast* **speech rate**, *lower* **pitch**, *quieter* **loudness**, while **looking at the camera**, while *nodding*, and *strong* **lowered brows** and *weak* **tightened eyelids**."
s14_su_1,14,surprise,1,You have never told me that.,normal,lower,normal,front,nodding,none,none,none,none,none,none,none,none,none,none,none,none,none,none,none,none,none,"S14 said “You have never told me that.”, with *normal* **speech rate**, *lower* **pitch**, *normal* **loudness**, while **looking at the camera**, and while *nodding*."
s14_su_2,14,surprise,2,I didn't do that.,normal,lower,quieter,front,none,none,none,strong,none,none,none,none,none,none,none,none,none,none,none,none,weak,none,"S14 said “I didn't do that.”, with *normal* **speech rate**, *lower* **pitch**, *quieter* **loudness**, while **looking at the camera**, and *strong* **lowered brows** and *weak* **a dropped jaw**."
s14_su_3,14,surprise,3,"Oh, I would never have believed this.",normal,normal,normal,front,nodding,none,none,weak,none,none,none,none,none,none,none,none,none,none,none,none,none,none,"S14 said “Oh, I would never have believed this.”, with *normal* **speech rate**, *normal* **pitch**, *normal* **loudness**, while **looking at the camera**, while *nodding*, and *weak* **lowered brows**."
s14_su_4,14,surprise,4,I never saw that coming.,normal,lower,quieter,front,nodding,none,none,strong,none,none,none,none,none,none,none,none,none,none,none,none,none,weak,"S14 said “I never saw that coming.”, with *normal* **speech rate**, *lower* **pitch**, *quieter* **loudness**, while **looking at the camera**, while *nodding*, and *strong* **lowered brows** and *weak* **blinking**."
s14_su_5,14,surprise,5,Oh my God! This is very weird!,normal,normal,normal,front,nodding,none,none,weak,none,none,none,none,none,none,none,none,none,none,none,none,none,weak,"S14 said “Oh my God! This is very weird!”, with *normal* **speech rate**, *normal* **pitch**, *normal* **loudness**, while **looking at the camera**, while *nodding*, and *weak* **lowered brows** and *weak* **blinking**."
s15_an_1,15,anger,1,"What? No, no, no. Listen. I need this morning.",normal,higher,louder,down,nodding,none,none,strong,none,none,none,none,none,none,none,none,none,none,none,none,none,strong,"S15 said “What? No, no, no. Listen. I need this morning.”, with *normal* **speech rate**, *higher* **pitch**, *louder* **loudness**, while **looking at the camera**, while *nodding*, and *strong* **lowered brows** and *strong* **blinking**."
s15_an_2,15,anger,2,"I don't care about your coffee! Please, serve me!",normal,higher,louder,front,nodding,none,none,strong,weak,none,none,weak,none,none,none,none,none,none,none,none,none,none,"S15 said “I don't care about your coffee! Please, serve me!”, with *normal* **speech rate**, *higher* **pitch**, *louder* **loudness**, while **looking at the camera**, while *nodding*, and *strong* **lowered brows**, *weak* **raised upper eyelids**, and *weak* **wrinkled nose**."
s15_an_3,15,anger,3,"I can have you fight, you know?",fast,higher,louder,front,nodding,none,none,none,none,none,moderate,weak,none,none,none,none,none,weak,weak,none,none,moderate,"S15 said “I can have you fight, you know?”, with *fast* **speech rate**, *higher* **pitch**, *louder* **loudness**, while **looking at the camera**, while *nodding*, and *moderate* **tightened eyelids**, *weak* **wrinkled nose**, *weak* **stretched lips**, *weak* **tightened lips**, and *moderate* **blinking**."
s15_an_4,15,anger,4,Is your coffee more important than my money?,normal,higher,louder,front,nodding,none,none,strong,none,none,weak,none,none,none,none,none,none,none,weak,none,none,strong,"S15 said “Is your coffee more important than my money?”, with *normal* **speech rate**, *higher* **pitch**, *louder* **loudness**, while **looking at the camera**, while *nodding*, and *strong* **lowered brows**, *weak* **tightened eyelids**, *weak* **tightened lips**, and *strong* **blinking**."
s15_an_5,15,anger,5,"You're getting paid to walk, not to drink.",fast,higher,louder,front,nodding,none,none,none,none,none,none,none,none,none,none,moderate,weak,none,moderate,none,none,strong,"S15 said “You're getting paid to walk, not to drink.”, with *fast* **speech rate**, *higher* **pitch**, *louder* **loudness**, while **looking at the camera**, while *nodding*, and *moderate* **downturned mouth corners**, *weak* **raised chin**, *moderate* **tightened lips**, and *strong* **blinking**."
s15_di_1,15,disgust,1,It's horrible. I will never eat another one again.,normal,lower,normal,front,nodding,none,none,none,none,none,weak,none,none,moderate,none,none,none,none,moderate,none,none,strong,"S15 said “It's horrible. I will never eat another one again.”, with *normal* **speech rate**, *lower* **pitch**, *normal* **loudness**, while **looking at the camera**, while *nodding*, and *weak* **tightened eyelids**, *moderate* **a smile**, *moderate* **tightened lips**, and *strong* **blinking**."
s15_di_2,15,disgust,2,Something is moving inside my plate.,normal,normal,normal,down,nodding,none,none,none,none,none,weak,weak,none,none,none,moderate,none,none,none,none,none,none,"S15 said “Something is moving inside my plate.”, with *normal* **speech rate**, *normal* **pitch**, *normal* **loudness**, while **looking at the camera**, while *nodding*, and *weak* **tightened eyelids**, *weak* **wrinkled nose**, and *moderate* **downturned mouth corners**."
s15_di_3,15,disgust,3,"Uh, I... Crockett.",slow,lower,quieter,down,none,none,none,strong,none,none,weak,weak,none,moderate,none,none,weak,none,none,none,none,none,"S15 said “Uh, I... Crockett.”, with *slow* **speech rate**, *lower* **pitch**, *quieter* **loudness**, while **looking at the camera**, and *strong* **lowered brows**, *weak* **tightened eyelids**, *weak* **wrinkled nose**, *moderate* **a smile**, and *weak* **raised chin**."
s15_di_4,15,disgust,4,This is disgusting.,slow,lower,normal,front,none,none,weak,none,none,none,weak,none,none,weak,none,strong,weak,moderate,none,none,none,strong,"S15 said “This is disgusting.”, with *slow* **speech rate**, *lower* **pitch**, *normal* **loudness**, while **looking at the camera**, and *weak* **raised outer eyebrows**, *weak* **tightened eyelids**, *weak* **a smile**, *strong* **downturned mouth corners**, *weak* **raised chin**, *moderate* **stretched lips**, and *strong* **blinking**."
s15_di_5,15,disgust,5,That's gross,slow,lower,quieter,front,none,none,moderate,moderate,none,none,none,weak,weak,none,none,none,none,none,none,none,none,weak,"S15 said “That's gross”, with *slow* **speech rate**, *lower* **pitch**, *quieter* **loudness**, while **looking at the camera**, and *moderate* **raised outer eyebrows**, *moderate* **lowered brows**, *weak* **wrinkled nose**, *weak* **raised upper lip**, and *weak* **blinking**."
s15_fe_1,15,fear,1,"Oh my god, there is someone in the house.",normal,normal,quieter,left,shaking,none,none,moderate,none,none,none,weak,none,none,none,none,none,weak,none,none,none,none,"S15 said “Oh my god, there is someone in the house.”, with *normal* **speech rate**, *normal* **pitch**, *quieter* **loudness**, while **looking at the camera**, while *shaking* their **head**, and *moderate* **lowered brows**, *weak* **wrinkled nose**, and *weak* **stretched lips**."
s15_fe_2,15,fear,2,"Listen, Sony is climbing up the stairs.",slow,normal,quieter,front,none,none,none,moderate,none,none,none,none,none,none,none,none,none,none,none,none,none,none,"S15 said “Listen,”, with *slow* **speech rate**, *lower* **pitch**, *quieter* **loudness**, and while **looking at the camera**. After a *long* **pause**, S15 continued “Sony is climbing up the stairs.”, with *slow* **speech rate**, *normal* **pitch**, *normal* **loudness**, while **looking at the camera**, and *strong* **lowered brows**."
s15_fe_3,15,fear,3,"Please, don't kill me.",slow,normal,quieter,front,none,none,none,weak,none,none,none,none,none,none,none,none,none,none,none,none,none,none,"S15 said “Please, don't kill me.”, with *slow* **speech rate**, *normal* **pitch**, *quieter* **loudness**, while **looking at the camera**, and *weak* **lowered brows**."
s15_fe_4,15,fear,4,I'm not alone. Go away.,normal,higher,louder,up,nodding,weak,none,none,none,none,none,none,none,none,none,none,none,none,none,none,none,none,"S15 said “I'm not alone. Go away.”, with *normal* **speech rate**, *higher* **pitch**, *louder* **loudness**, while **looking at the camera**, while *nodding*, and *weak* **raised inner eyebrows**."
s15_fe_5,15,fear,5,I have nothing to review. Please leave me.,normal,higher,normal,up,nodding,none,weak,moderate,weak,none,none,none,none,none,none,none,none,none,none,none,none,weak,"S15 said “I have nothing to review. Please leave me.”, with *normal* **speech rate**, *higher* **pitch**, *normal* **loudness**, while **looking at the camera**, while *nodding*, and *weak* **raised outer eyebrows**, *moderate* **lowered brows**, *weak* **raised upper eyelids**, and *weak* **blinking**."
s15_ha_1,15,happiness,1,"Hey, that's great. I'm rich now",normal,normal,louder,front,nodding,none,moderate,none,none,moderate,weak,none,moderate,none,none,none,none,none,weak,none,none,moderate,"S15 said “Hey, that's great. I'm rich now”, with *normal* **speech rate**, *normal* **pitch**, *louder* **loudness**, while **looking at the camera**, while *nodding*, and *moderate* **raised outer eyebrows**, *moderate* **raised cheeks**, *weak* **tightened eyelids**, *moderate* **raised upper lip**, *weak* **tightened lips**, and *moderate* **blinking**."
s15_ha_2,15,happiness,2,"I won, this is great, I'm happy.",normal,normal,louder,front,nodding,none,weak,none,none,weak,weak,none,none,strong,none,none,moderate,none,weak,weak,none,strong,"S15 said “I won, this is great, I'm happy.”, with *normal* **speech rate**, *normal* **pitch**, *louder* **loudness**, while **looking at the camera**, while *nodding*, and *weak* **raised outer eyebrows**, *weak* **raised cheeks**, *weak* **tightened eyelids**, *strong* **a smile**, *moderate* **raised chin**, *weak* **tightened lips**, *weak* **parted lips**, and *strong* **blinking**."
s15_ha_3,15,happiness,3,Wow! This is so great!,slow,higher,louder,front,nodding,none,none,strong,none,none,moderate,none,none,moderate,none,none,moderate,none,weak,none,moderate,strong,"S15 said “Wow! This is so great!”, with *slow* **speech rate**, *higher* **pitch**, *louder* **loudness**, while **looking at the camera**, while *nodding*, and *strong* **lowered brows**, *moderate* **tightened eyelids**, *moderate* **a smile**, *moderate* **raised chin**, *weak* **tightened lips**, *moderate* **a dropped jaw**, and *strong* **blinking**."
s15_ha_4,15,happiness,4,I'm so lucky.,normal,normal,louder,front,none,none,none,weak,none,none,none,none,none,strong,none,none,none,none,weak,none,none,moderate,"S15 said “I'm so lucky.”, with *normal* **speech rate**, *normal* **pitch**, *louder* **loudness**, while **looking at the camera**, and *weak* **lowered brows**, *strong* **a smile**, *weak* **tightened lips**, and *moderate* **blinking**."
s15_ha_5,15,happiness,5,I'm so excited.,normal,normal,louder,front,none,weak,moderate,none,none,moderate,none,none,weak,none,none,weak,moderate,moderate,moderate,none,none,strong,"S15 said “I'm so excited.”, with *normal* **speech rate**, *normal* **pitch**, *louder* **loudness**, while **looking at the camera**, and *weak* **raised inner eyebrows**, *moderate* **raised outer eyebrows**, *moderate* **raised cheeks**, *weak* **raised upper lip**, *weak* **downturned mouth corners**, *moderate* **raised chin**, *moderate* **stretched lips**, *moderate* **tightened lips**, and *strong* **blinking**."
s15_sa_1,15,sadness,1,"Life, life will be the same now.",fast,lower,quieter,front,none,weak,none,none,none,none,none,none,none,none,none,none,none,none,none,none,none,moderate,"S15 said “Life, life will be the same now.”, with *fast* **speech rate**, *lower* **pitch**, *quieter* **loudness**, while **looking at the camera**, and *weak* **raised inner eyebrows** and *moderate* **blinking**."
s15_sa_2,15,sadness,2,"No, no, no. Tell me this is not true. Please.",normal,normal,quieter,front,shaking,none,none,strong,none,none,weak,none,none,none,none,none,none,none,none,none,none,strong,"S15 said “No, no, no. Tell me this is not true. Please.”, with *normal* **speech rate**, *normal* **pitch**, *quieter* **loudness**, while **looking at the camera**, while *shaking* their **head**, and *strong* **lowered brows**, *weak* **tightened eyelids**, and *strong* **blinking**."
s15_sa_3,15,sadness,3,Everything was just so perfect. I don't understand.,slow,higher,quieter,front,none,none,none,strong,none,none,none,none,none,none,none,none,none,none,none,none,none,moderate,"S15 said “Everything was just so perfect. I don't understand.”, with *slow* **speech rate**, *higher* **pitch**, *quieter* **loudness**, while **looking at the camera**, and *strong* **lowered brows** and *moderate* **blinking**."
s15_sa_4,15,sadness,4,I still love you.,normal,normal,quieter,front,none,weak,moderate,moderate,none,none,none,none,none,none,none,none,none,none,none,none,none,none,"S15 said “I still love you.”, with *normal* **speech rate**, *normal* **pitch**, *quieter* **loudness**, while **looking at the camera**, and *weak* **raised inner eyebrows**, *moderate* **raised outer eyebrows**, and *moderate* **lowered brows**."
s15_sa_5,15,sadness,5,She's my life.,slow,lower,quieter,front,nodding,none,none,none,weak,none,none,none,none,none,none,none,none,none,none,none,none,strong,"S15 said “She's my life.”, with *slow* **speech rate**, *lower* **pitch**, *quieter* **loudness**, while **looking at the camera**, while *nodding*, and *weak* **raised upper eyelids** and *strong* **blinking**."
s15_su_1,15,surprise,1,"Ah, you have never told me that.",slow,normal,quieter,front,none,none,none,none,none,none,none,none,none,none,none,none,none,none,none,none,none,moderate,"S15 said “Ah, you have never told me that.”, with *slow* **speech rate**, *normal* **pitch**, *quieter* **loudness**, while **looking at the camera**, and *moderate* **blinking**."
s15_su_2,15,surprise,2,"No, I just didn't expect that.",slow,lower,normal,front,nodding,none,none,none,none,none,none,none,none,none,none,none,none,none,none,none,none,weak,"S15 said “No, I just didn't expect that.”, with *slow* **speech rate**, *lower* **pitch**, *normal* **loudness**, while **looking at the camera**, while *nodding*, and *weak* **blinking**."
s15_su_3,15,surprise,3,Wow. I have never believed this.,slow,normal,quieter,front,none,none,none,weak,none,none,none,none,none,none,none,none,none,none,none,none,none,weak,"S15 said “Wow. I have never believed this.”, with *slow* **speech rate**, *normal* **pitch**, *quieter* **loudness**, while **looking at the camera**, and *weak* **lowered brows** and *weak* **blinking**."
s15_su_4,15,surprise,4,"I never, I never saw that going.",normal,normal,normal,front,none,moderate,weak,weak,none,none,none,none,none,none,none,none,none,none,none,none,none,none,"S15 said “I never, I never saw that going.”, with *normal* **speech rate**, *normal* **pitch**, *normal* **loudness**, while **looking at the camera**, and *moderate* **raised inner eyebrows**, *weak* **raised outer eyebrows**, and *weak* **lowered brows**."
s15_su_5,15,surprise,5,"Oh my god, this is so weird.",normal,lower,normal,front,none,none,none,moderate,none,none,none,none,none,none,none,none,none,none,none,none,none,none,"S15 said “Oh my god, this is so weird.”, with *normal* **speech rate**, *lower* **pitch**, *normal* **loudness**, while **looking at the camera**, and *moderate* **lowered brows**."
s16_an_1,16,anger,1,"What? No, no, no, listen. I need this money.",normal,higher,normal,front,none,none,none,moderate,weak,none,weak,moderate,none,none,none,weak,strong,weak,none,none,none,none,"S16 said “What? No, no, no, listen. I need this money.”, with *normal* **speech rate**, *higher* **pitch**, *normal* **loudness**, while **looking at the camera**, and *moderate* **lowered brows**, *weak* **raised upper eyelids**, *weak* **tightened eyelids**, *moderate* **wrinkled nose**, *weak* **downturned mouth corners**, *strong* **raised chin**, and *weak* **stretched lips**."
s16_an_2,16,anger,2,And then camera and coffee please serve me!,fast,lower,louder,front,nodding,none,none,moderate,none,none,strong,strong,none,none,none,weak,strong,none,none,none,none,none,"S16 said “And then camera and coffee please serve me!”, with *fast* **speech rate**, *lower* **pitch**, *louder* **loudness**, while **looking at the camera**, while *nodding*, and *moderate* **lowered brows**, *strong* **tightened eyelids**, *strong* **wrinkled nose**, *weak* **downturned mouth corners**, and *strong* **raised chin**."
s16_an_3,16,anger,3,I can have you fired now!,normal,normal,normal,front,none,none,none,none,none,none,moderate,moderate,moderate,weak,none,moderate,none,none,none,strong,none,strong,"S16 said “I can have you fired now!”, with *normal* **speech rate**, *normal* **pitch**, *normal* **loudness**, while **looking at the camera**, and *moderate* **tightened eyelids**, *moderate* **wrinkled nose**, *moderate* **raised upper lip**, *weak* **a smile**, *moderate* **downturned mouth corners**, *strong* **parted lips**, and *strong* **blinking**."
s16_an_4,16,anger,4,Is your coffee more important than my money?,normal,lower,louder,front,nodding,weak,weak,moderate,moderate,none,strong,none,none,none,none,moderate,strong,none,none,none,none,strong,"S16 said “Is your coffee more important than my money?”, with *normal* **speech rate**, *lower* **pitch**, *louder* **loudness**, while **looking at the camera**, while *nodding*, and *weak* **raised inner eyebrows**, *weak* **raised outer eyebrows**, *moderate* **lowered brows**, *moderate* **raised upper eyelids**, *strong* **tightened eyelids**, *moderate* **downturned mouth corners**, *strong* **raised chin**, and *strong* **blinking**."
s16_an_5,16,anger,5,"You are getting paid to work, not drink coffee.",normal,lower,normal,front,none,weak,weak,none,none,none,weak,moderate,none,none,none,none,none,moderate,none,none,none,moderate,"S16 said “You are getting paid to work, not drink coffee.”, with *normal* **speech rate**, *lower* **pitch**, *normal* **loudness**, while **looking at the camera**, and *weak* **raised inner eyebrows**, *weak* **raised outer eyebrows**, *weak* **tightened eyelids**, *moderate* **wrinkled nose**, *moderate* **stretched lips**, and *moderate* **blinking**."
s16_di_1,16,disgust,1,That's horrible! I'll never ignore this again!,normal,normal,louder,front,nodding,none,none,none,none,none,strong,moderate,moderate,moderate,none,none,moderate,none,none,weak,none,strong,"S16 said “That's horrible! I'll never ignore this again!”, with *normal* **speech rate**, *normal* **pitch**, *louder* **loudness**, while **looking at the camera**, while *nodding*, and *strong* **tightened eyelids**, *moderate* **wrinkled nose**, *moderate* **raised upper lip**, *moderate* **a smile**, *moderate* **raised chin**, *weak* **parted lips**, and *strong* **blinking**."
s16_di_2,16,disgust,2,Something is moving down my plate!,normal,higher,normal,front,nodding,none,none,strong,none,none,strong,weak,moderate,none,none,strong,strong,weak,none,none,none,none,"S16 said “Something is moving down my plate!”, with *normal* **speech rate**, *higher* **pitch**, *normal* **loudness**, while **looking at the camera**, while *nodding*, and *strong* **lowered brows**, *strong* **tightened eyelids**, *weak* **wrinkled nose**, *moderate* **raised upper lip**, *strong* **downturned mouth corners**, *strong* **raised chin**, and *weak* **stretched lips**."
s16_di_3,16,disgust,3,"Ah, the cockroach!",normal,higher,louder,front,nodding,none,none,none,none,weak,strong,weak,moderate,strong,none,weak,moderate,weak,none,weak,none,moderate,"S16 said “Ah, the cockroach!”, with *normal* **speech rate**, *higher* **pitch**, *louder* **loudness**, while **looking at the camera**, while *nodding*, and *weak* **raised cheeks**, *strong* **tightened eyelids**, *weak* **wrinkled nose**, *moderate* **raised upper lip**, *strong* **a smile**, *weak* **downturned mouth corners**, *moderate* **raised chin**, *weak* **stretched lips**, *weak* **parted lips**, and *moderate* **blinking**."
s16_di_4,16,disgust,4,"Eric, this is disgusting!",normal,lower,quieter,down,none,none,none,moderate,none,strong,none,none,none,none,strong,none,none,none,none,none,none,none,"S16 said “Eric, this is disgusting!”, with *normal* **speech rate**, *lower* **pitch**, *quieter* **loudness**, while **looking at the camera**, and *moderate* **lowered brows**, *strong* **raised cheeks**, and *strong* **a tight smile**."
s16_di_5,16,disgust,5,That's gross!,slow,lower,quieter,front,nodding,none,none,moderate,none,weak,none,moderate,strong,weak,none,weak,weak,none,none,none,none,strong,"S16 said “That's gross!”, with *slow* **speech rate**, *lower* **pitch**, *quieter* **loudness**, while **looking at the camera**, while *nodding*, and *moderate* **lowered brows**, *weak* **raised cheeks**, *moderate* **wrinkled nose**, *strong* **raised upper lip**, *weak* **a smile**, *weak* **downturned mouth corners**, *weak* **raised chin**, and *strong* **blinking**."
s16_fe_1,16,fear,1,Oh my God there's someone in the house,normal,higher,louder,front,nodding,none,none,none,none,none,none,none,none,weak,none,none,none,none,none,none,none,weak,"S16 said “Oh my God there's someone in the house”, with *normal* **speech rate**, *higher* **pitch**, *louder* **loudness**, while **looking at the camera**, while *nodding*, and *weak* **a smile** and *weak* **blinking**."
s16_fe_2,16,fear,2,someone is climbing up the stairs,normal,higher,louder,front,none,none,none,none,none,none,moderate,none,none,weak,none,none,none,weak,none,none,none,none,"S16 said “someone is climbing up the stairs”, with *normal* **speech rate**, *higher* **pitch**, *louder* **loudness**, while **looking at the camera**, and *moderate* **tightened eyelids**, *weak* **a smile**, and *weak* **stretched lips**."
s16_fe_3,16,fear,3,Please don't kill me!,normal,higher,quieter,front,nodding,none,none,none,none,none,none,none,none,moderate,none,none,weak,none,none,none,none,strong,"S16 said “Please don't kill me!”, with *normal* **speech rate**, *higher* **pitch**, *quieter* **loudness**, while **looking at the camera**, while *nodding*, and *moderate* **a smile**, *weak* **raised chin**, and *strong* **blinking**."
s16_fe_4,16,fear,4,I'm not alone go away,normal,higher,normal,front,nodding,none,none,none,none,none,strong,none,none,none,none,moderate,moderate,none,moderate,none,none,strong,"S16 said “I'm not alone go away”, with *normal* **speech rate**, *higher* **pitch**, *normal* **loudness**, while **looking at the camera**, while *nodding*, and *strong* **tightened eyelids**, *moderate* **downturned mouth corners**, *moderate* **raised chin**, *moderate* **tightened lips**, and *strong* **blinking**."
s16_fe_5,16,fear,5,I have nothing to give you! Please don't help me!,fast,higher,normal,front,nodding,none,none,none,none,none,moderate,none,none,weak,none,none,weak,none,none,none,none,weak,"S16 said “I have nothing to give you! Please don't help me!”, with *fast* **speech rate**, *higher* **pitch**, *normal* **loudness**, while **looking at the camera**, while *nodding*, and *moderate* **tightened eyelids**, *weak* **a smile**, *weak* **raised chin**, and *weak* **blinking**."
s16_ha_1,16,happiness,1,"That's great, I'm rich now!",normal,normal,normal,front,nodding,weak,moderate,none,none,weak,strong,none,strong,none,none,none,none,none,none,none,none,moderate,"S16 said “That's great, I'm rich now!”, with *normal* **speech rate**, *normal* **pitch**, *normal* **loudness**, while **looking at the camera**, while *nodding*, and *weak* **raised inner eyebrows**, *moderate* **raised outer eyebrows**, *weak* **raised cheeks**, *strong* **tightened eyelids**, *strong* **raised upper lip**, and *moderate* **blinking**."
s16_ha_2,16,happiness,2,"I won, this is great! I'm so happy!",fast,normal,louder,front,nodding,none,none,none,none,weak,strong,none,strong,strong,none,moderate,moderate,none,none,weak,none,weak,"S16 said “I won, this is great! I'm so happy!”, with *fast* **speech rate**, *normal* **pitch**, *louder* **loudness**, while **looking at the camera**, while *nodding*, and *weak* **raised cheeks**, *strong* **tightened eyelids**, *strong* **raised upper lip**, *strong* **a smile**, *moderate* **downturned mouth corners**, *moderate* **raised chin**, *weak* **parted lips**, and *weak* **blinking**."
s16_ha_3,16,happiness,3,Wow! This is so great!,normal,lower,louder,front,nodding,moderate,none,none,moderate,none,strong,none,moderate,strong,none,moderate,weak,none,none,none,none,strong,"S16 said “Wow! This is so great!”, with *normal* **speech rate**, *lower* **pitch**, *louder* **loudness**, while **looking at the camera**, while *nodding*, and *moderate* **raised inner eyebrows**, *moderate* **raised upper eyelids**, *strong* **tightened eyelids**, *moderate* **raised upper lip**, *strong* **a smile**, *moderate* **downturned mouth corners**, *weak* **raised chin**, and *strong* **blinking**."
s16_ha_4,16,happiness,4,I'm so lucky!,slow,normal,quieter,front,none,none,none,none,weak,none,strong,none,moderate,strong,none,none,moderate,none,none,none,none,strong,"S16 said “I'm so lucky!”, with *slow* **speech rate**, *normal* **pitch**, *quieter* **loudness**, while **looking at the camera**, and *weak* **raised upper eyelids**, *strong* **tightened eyelids**, *moderate* **raised upper lip**, *strong* **a smile**, *moderate* **raised chin**, and *strong* **blinking**."
s16_ha_5,16,happiness,5,I'm so excited!,normal,normal,louder,front,none,weak,none,none,weak,moderate,strong,weak,none,none,weak,moderate,none,none,none,none,none,none,"S16 said “I'm so excited!”, with *normal* **speech rate**, *normal* **pitch**, *louder* **loudness**, while **looking at the camera**, and *weak* **raised inner eyebrows**, *weak* **raised upper eyelids**, *moderate* **raised cheeks**, *strong* **tightened eyelids**, *weak* **wrinkled nose**, *weak* **a tight smile**, and *moderate* **downturned mouth corners**."
s16_sa_1,16,sadness,1,Life won't be the same now.,normal,lower,quieter,front,none,none,none,none,none,none,moderate,none,none,none,none,none,none,none,none,weak,none,weak,"S16 said “Life won't be the same now.”, with *normal* **speech rate**, *lower* **pitch**, *quieter* **loudness**, while **looking at the camera**, and *moderate* **tightened eyelids**, *weak* **parted lips**, and *weak* **blinking**."
s16_sa_2,16,sadness,2,"Oh no, please tell me this is not true, please.",normal,normal,normal,front,none,none,none,weak,none,none,strong,none,none,none,none,none,none,none,none,none,none,moderate,"S16 said “Oh no, please tell me this is not true, please.”, with *normal* **speech rate**, *normal* **pitch**, *normal* **loudness**, while **looking at the camera**, and *weak* **lowered brows**, *strong* **tightened eyelids**, and *moderate* **blinking**."
s16_sa_3,16,sadness,3,"Everything was so perfect, I just don't understand.",normal,lower,quieter,front,none,none,none,weak,none,none,strong,none,none,none,none,none,moderate,none,none,weak,none,weak,"S16 said “Everything was so perfect, I just don't understand.”, with *normal* **speech rate**, *lower* **pitch**, *quieter* **loudness**, while **looking at the camera**, and *weak* **lowered brows**, *strong* **tightened eyelids**, *moderate* **raised chin**, *weak* **parted lips**, and *weak* **blinking**."
s16_sa_4,16,sadness,4,I still love you,normal,normal,normal,front,none,none,none,none,none,none,strong,none,none,none,none,none,none,none,weak,none,none,strong,"S16 said “I still love you”, with *normal* **speech rate**, *normal* **pitch**, *normal* **loudness**, while **looking at the camera**, and *strong* **tightened eyelids**, *weak* **tightened lips**, and *strong* **blinking**."
s16_sa_5,16,sadness,5,She was my wife!,normal,normal,normal,front,none,none,none,none,none,none,moderate,none,none,none,none,moderate,none,none,none,none,none,strong,"S16 said “She was my wife!”, with *normal* **speech rate**, *normal* **pitch**, *normal* **loudness**, while **looking at the camera**, and *moderate* **tightened eyelids**, *moderate* **downturned mouth corners**, and *strong* **blinking**."
s16_su_1,16,surprise,1,Give me the virtue of my death!,fast,higher,normal,front,none,none,none,none,none,none,weak,none,none,none,none,strong,moderate,none,none,none,weak,none,"S16 said “Give me the virtue of my death!”, with *fast* **speech rate**, *higher* **pitch**, *normal* **loudness**, while **looking at the camera**, and *weak* **tightened eyelids**, *strong* **downturned mouth corners**, *moderate* **raised chin**, and *weak* **a dropped jaw**."
s16_su_2,16,surprise,2,I didn't expect that!,normal,normal,quieter,front,nodding,strong,weak,none,none,none,strong,none,weak,strong,none,strong,none,moderate,none,none,none,strong,"S16 said “I didn't expect that!”, with *normal* **speech rate**, *normal* **pitch**, *quieter* **loudness**, while **looking at the camera**, while *nodding*, and *strong* **raised inner eyebrows**, *weak* **raised outer eyebrows**, *strong* **tightened eyelids**, *weak* **raised upper lip**, *strong* **a smile**, *strong* **downturned mouth corners**, *moderate* **stretched lips**, and *strong* **blinking**."
s16_su_3avi,16,surprise,3,Wow! I would never have believed this!,normal,lower,louder,front,nodding,none,none,none,none,none,weak,none,none,none,none,weak,moderate,weak,weak,none,none,weak,"S16 said “Wow! I would never have believed this!”, with *normal* **speech rate**, *lower* **pitch**, *louder* **loudness**, while **looking at the camera**, while *nodding*, and *weak* **tightened eyelids**, *weak* **downturned mouth corners**, *moderate* **raised chin**, *weak* **stretched lips**, *weak* **tightened lips**, and *weak* **blinking**."
s16_su_4,16,surprise,4,I never saw that coming!,normal,normal,quieter,front,nodding,none,none,none,none,none,strong,none,moderate,strong,none,none,strong,none,none,none,none,none,"S16 said “I never saw that coming!”, with *normal* **speech rate**, *normal* **pitch**, *quieter* **loudness**, while **looking at the camera**, while *nodding*, and *strong* **tightened eyelids**, *moderate* **raised upper lip**, *strong* **a smile**, and *strong* **raised chin**."
s16_su_5,16,surprise,5,"Oh my god, that's so weird",normal,lower,louder,front,nodding,none,none,none,none,none,weak,none,none,weak,none,none,strong,none,none,moderate,none,strong,"S16 said “Oh my god, that's so weird”, with *normal* **speech rate**, *lower* **pitch**, *louder* **loudness**, while **looking at the camera**, while *nodding*, and *weak* **tightened eyelids**, *weak* **a smile**, *strong* **raised chin**, *moderate* **parted lips**, and *strong* **blinking**."
s17_an_1,17,anger,1,"Well, no, no, I need that money.",normal,higher,louder,up,nodding,none,none,none,none,weak,moderate,none,strong,none,none,weak,none,none,none,none,none,none,"S17 said “Well, no, no, I need that money.”, with *normal* **speech rate**, *higher* **pitch**, *louder* **loudness**, while **looking at the camera**, while *nodding*, and *weak* **raised cheeks**, *moderate* **tightened eyelids**, *strong* **raised upper lip**, and *weak* **downturned mouth corners**."
s17_an_2,17,anger,2,I don't care about this coffee. Please serve me.,slow,lower,normal,up,none,none,none,none,none,weak,weak,none,moderate,none,none,none,none,none,none,none,none,none,"S17 said “I don't care about this coffee. Please serve me.”, with *slow* **speech rate**, *lower* **pitch**, *normal* **loudness**, while **looking at the camera**, and *weak* **raised cheeks**, *weak* **tightened eyelids**, and *moderate* **raised upper lip**."
s17_an_3,17,anger,3,I can have you fight by now.,normal,normal,louder,up,nodding,none,none,none,none,moderate,strong,none,strong,none,none,none,none,none,none,weak,none,none,"S17 said “I can have you fight by now.”, with *normal* **speech rate**, *normal* **pitch**, *louder* **loudness**, while **looking at the camera**, while *nodding*, and *moderate* **raised cheeks**, *strong* **tightened eyelids**, *strong* **raised upper lip**, and *weak* **parted lips**."
s17_an_4,17,anger,4,Is your coffee more important than my money?,normal,normal,louder,up,none,none,none,none,none,weak,weak,none,weak,none,none,none,weak,none,none,none,none,weak,"S17 said “Is your coffee more important than my money?”, with *normal* **speech rate**, *normal* **pitch**, *louder* **loudness**, while **looking at the camera**, and *weak* **raised cheeks**, *weak* **tightened eyelids**, *weak* **raised upper lip**, *weak* **raised chin**, and *weak* **blinking**."
s17_an_5,17,anger,5,You're getting paid to work not to drink coffee.,normal,lower,louder,up,none,none,none,none,none,weak,none,none,moderate,none,none,none,none,none,none,none,none,weak,"S17 said “You're getting paid to work not to drink coffee.”, with *normal* **speech rate**, *lower* **pitch**, *louder* **loudness**, while **looking at the camera**, and *weak* **raised cheeks**, *moderate* **raised upper lip**, and *weak* **blinking**."
s17_di_1,17,disgust,1,That's horrible! I will never eat noodles again!,normal,normal,louder,front,nodding,none,none,none,none,strong,moderate,weak,strong,none,weak,none,none,weak,none,moderate,none,none,"S17 said “That's horrible! I will never eat noodles again!”, with *normal* **speech rate**, *normal* **pitch**, *louder* **loudness**, while **looking at the camera**, while *nodding*, and *strong* **raised cheeks**, *moderate* **tightened eyelids**, *weak* **wrinkled nose**, *strong* **raised upper lip**, *weak* **a tight smile**, *weak* **stretched lips**, and *moderate* **parted lips**."
s17_di_2,17,disgust,2,Something is moving into my plate.,slow,normal,louder,front,nodding,none,weak,none,none,moderate,moderate,none,moderate,strong,weak,none,moderate,none,none,none,none,none,"S17 said “Something is moving into my plate.”, with *slow* **speech rate**, *normal* **pitch**, *louder* **loudness**, while **looking at the camera**, while *nodding*, and *weak* **raised outer eyebrows**, *moderate* **raised cheeks**, *moderate* **tightened eyelids**, *moderate* **raised upper lip**, *strong* **a smile**, *weak* **a tight smile**, and *moderate* **raised chin**."
s17_di_3,17,disgust,3,"Ah, a cockroach!",slow,higher,normal,front,nodding,none,none,none,none,strong,moderate,none,moderate,none,moderate,none,none,none,none,weak,none,none,"S17 said “Ah, a cockroach!”, with *slow* **speech rate**, *higher* **pitch**, *normal* **loudness**, while **looking at the camera**, while *nodding*, and *strong* **raised cheeks**, *moderate* **tightened eyelids**, *moderate* **raised upper lip**, *moderate* **a tight smile**, and *weak* **parted lips**."
s17_di_4,17,disgust,4,"Yeah, this is disgusting.",slow,lower,quieter,front,nodding,none,none,moderate,none,strong,moderate,none,strong,none,strong,none,none,none,weak,moderate,none,none,"S17 said “Yeah, this is disgusting.”, with *slow* **speech rate**, *lower* **pitch**, *quieter* **loudness**, while **looking at the camera**, while *nodding*, and *moderate* **lowered brows**, *strong* **raised cheeks**, *moderate* **tightened eyelids**, *strong* **raised upper lip**, *strong* **a tight smile**, *weak* **tightened lips**, and *moderate* **parted lips**."
s17_di_5,17,disgust,5,That's gross!,slow,higher,quieter,front,nodding,none,none,moderate,none,moderate,weak,none,weak,strong,strong,none,moderate,none,none,none,none,strong,"S17 said “That's gross!”, with *slow* **speech rate**, *higher* **pitch**, *quieter* **loudness**, while **looking at the camera**, while *nodding*, and *moderate* **lowered brows**, *moderate* **raised cheeks**, *weak* **tightened eyelids**, *weak* **raised upper lip**, *strong* **a smile**, *strong* **a tight smile**, *moderate* **raised chin**, and *strong* **blinking**."
s17_fe_1,17,fear,1,There's someone in the stairs.,slow,lower,quieter,right,none,none,none,none,none,strong,strong,none,weak,none,none,none,none,none,none,none,none,none,"S17 said “There's someone in the stairs.”, with *slow* **speech rate**, *lower* **pitch**, *quieter* **loudness**, while **looking at the camera**, and *strong* **raised cheeks**, *strong* **tightened eyelids**, and *weak* **raised upper lip**."
s17_fe_2,17,fear,2,Someone is climbing up the stairs.,normal,lower,quieter,front,none,none,none,none,none,moderate,strong,none,moderate,moderate,strong,weak,weak,none,none,none,none,none,"S17 said “Someone is climbing up the stairs.”, with *normal* **speech rate**, *lower* **pitch**, *quieter* **loudness**, while **looking at the camera**, and *moderate* **raised cheeks**, *strong* **tightened eyelids**, *moderate* **raised upper lip**, *moderate* **a smile**, *strong* **a tight smile**, *weak* **downturned mouth corners**, and *weak* **raised chin**."
s17_fe_3,17,fear,3,Please don't kill me.,slow,higher,normal,right,none,none,none,none,none,none,none,none,weak,moderate,none,none,none,none,none,strong,none,none,"S17 said “Please don't kill me.”, with *slow* **speech rate**, *higher* **pitch**, *normal* **loudness**, while **looking at the camera**, and *weak* **raised upper lip**, *moderate* **a smile**, and *strong* **parted lips**."
s17_fe_4,17,fear,4,I'm not alone. Go away.,slow,higher,normal,front,nodding,none,none,moderate,none,weak,strong,none,moderate,none,none,moderate,moderate,none,weak,none,strong,none,"S17 said “I'm not alone. Go away.”, with *slow* **speech rate**, *higher* **pitch**, *normal* **loudness**, while **looking at the camera**, while *nodding*, and *moderate* **lowered brows**, *weak* **raised cheeks**, *strong* **tightened eyelids**, *moderate* **raised upper lip**, *moderate* **downturned mouth corners**, *moderate* **raised chin**, *weak* **tightened lips**, and *strong* **a dropped jaw**."
s17_fe_5,17,fear,5,I have nothing to give you. Please don't hurt me.,normal,higher,normal,front,none,none,weak,none,weak,none,none,none,moderate,moderate,none,moderate,moderate,none,none,weak,none,none,"S17 said “I have nothing to give you. Please don't hurt me.”, with *normal* **speech rate**, *higher* **pitch**, *normal* **loudness**, while **looking at the camera**, and *weak* **raised outer eyebrows**, *weak* **raised upper eyelids**, *moderate* **raised upper lip**, *moderate* **a smile**, *moderate* **downturned mouth corners**, *moderate* **raised chin**, and *weak* **parted lips**."
s17_ha_1,17,happiness,1,That's great! I'm rich now!,slow,lower,normal,front,shaking,none,weak,none,none,weak,moderate,weak,weak,weak,none,weak,none,weak,none,moderate,moderate,none,"S17 said “That's great! I'm rich now!”, with *slow* **speech rate**, *lower* **pitch**, *normal* **loudness**, while **looking at the camera**, while *shaking* their **head**, and *weak* **raised outer eyebrows**, *weak* **raised cheeks**, *moderate* **tightened eyelids**, *weak* **wrinkled nose**, *weak* **raised upper lip**, *weak* **a smile**, *weak* **downturned mouth corners**, *weak* **stretched lips**, *moderate* **parted lips**, and *moderate* **a dropped jaw**."
s17_ha_2,17,happiness,2,I won! This is great! I'm so happy!,slow,normal,louder,front,shaking,none,none,none,none,moderate,strong,none,none,strong,none,none,none,none,none,moderate,weak,none,"S17 said “I won! This is great! I'm so happy!”, with *slow* **speech rate**, *normal* **pitch**, *louder* **loudness**, while **looking at the camera**, while *shaking* their **head**, and *moderate* **raised cheeks**, *strong* **tightened eyelids**, *strong* **a smile**, *moderate* **parted lips**, and *weak* **a dropped jaw**."
s17_ha_3,17,happiness,3,Wow! This is so great!,slow,higher,normal,front,nodding,none,none,none,none,weak,moderate,none,none,strong,none,none,none,none,weak,none,moderate,none,"S17 said “Wow! This is so great!”, with *slow* **speech rate**, *higher* **pitch**, *normal* **loudness**, while **looking at the camera**, while *nodding*, and *weak* **raised cheeks**, *moderate* **tightened eyelids**, *strong* **a smile**, *weak* **tightened lips**, and *moderate* **a dropped jaw**."
s17_ha_4,17,happiness,4,I'm so lucky.,slow,higher,normal,front,none,none,none,none,none,weak,strong,none,weak,moderate,none,none,none,none,none,weak,moderate,weak,"S17 said “I'm so lucky.”, with *slow* **speech rate**, *higher* **pitch**, *normal* **loudness**, while **looking at the camera**, and *weak* **raised cheeks**, *strong* **tightened eyelids**, *weak* **raised upper lip**, *moderate* **a smile**, *weak* **parted lips**, *moderate* **a dropped jaw**, and *weak* **blinking**."
s17_ha_5,17,happiness,5,I'm so excited.,slow,normal,quieter,front,none,none,none,none,none,moderate,weak,none,none,strong,weak,none,none,none,none,none,none,weak,"S17 said “I'm so excited.”, with *slow* **speech rate**, *normal* **pitch**, *quieter* **loudness**, while **looking at the camera**, and *moderate* **raised cheeks**, *weak* **tightened eyelids**, *strong* **a smile**, *weak* **a tight smile**, and *weak* **blinking**."
s17_sa_1,17,sadness,1,Life won't be the same again.,normal,lower,normal,front,nodding,none,none,none,none,weak,strong,none,none,none,none,none,none,moderate,none,none,none,none,"S17 said “Life won't be the same again.”, with *normal* **speech rate**, *lower* **pitch**, *normal* **loudness**, while **looking at the camera**, while *nodding*, and *weak* **raised cheeks**, *strong* **tightened eyelids**, and *moderate* **stretched lips**."
s17_sa_2,17,sadness,2,"Oh no, tell me, this is not true, please.",slow,lower,normal,front,nodding,none,none,none,weak,weak,weak,none,moderate,weak,none,none,none,weak,none,none,none,none,"S17 said “Oh no, tell me, this is not true, please.”, with *slow* **speech rate**, *lower* **pitch**, *normal* **loudness**, while **looking at the camera**, while *nodding*, and *weak* **raised upper eyelids**, *weak* **raised cheeks**, *weak* **tightened eyelids**, *moderate* **raised upper lip**, *weak* **a smile**, and *weak* **stretched lips**."
s17_sa_3,17,sadness,3,Everything was so perfect. I just don't understand.,slow,normal,quieter,front,nodding,none,none,none,none,weak,strong,none,moderate,moderate,none,none,none,none,none,none,none,weak,"S17 said “Everything was so perfect. I just don't understand.”, with *slow* **speech rate**, *normal* **pitch**, *quieter* **loudness**, while **looking at the camera**, while *nodding*, and *weak* **raised cheeks**, *strong* **tightened eyelids**, *moderate* **raised upper lip**, *moderate* **a smile**, and *weak* **blinking**."
s17_sa_4,17,sadness,4,I still love her.,normal,lower,normal,front,none,none,moderate,none,none,weak,moderate,weak,strong,moderate,none,none,none,none,none,strong,moderate,none,"S17 said “I still love her.”, with *normal* **speech rate**, *lower* **pitch**, *normal* **loudness**, while **looking at the camera**, and *moderate* **raised outer eyebrows**, *weak* **raised cheeks**, *moderate* **tightened eyelids**, *weak* **wrinkled nose**, *strong* **raised upper lip**, *moderate* **a smile**, *strong* **parted lips**, and *moderate* **a dropped jaw**."
s17_sa_5,17,sadness,5,She was all my life,slow,normal,quieter,front,none,none,none,none,none,weak,moderate,none,moderate,moderate,none,none,none,none,none,none,weak,none,"S17 said “She was all my life”, with *slow* **speech rate**, *normal* **pitch**, *quieter* **loudness**, while **looking at the camera**, and *weak* **raised cheeks**, *moderate* **tightened eyelids**, *moderate* **raised upper lip**, *moderate* **a smile**, and *weak* **a dropped jaw**."
s17_su_1,17,surprise,1,"Yeah, that's it. To all of me.",fast,lower,normal,front,nodding,none,none,none,none,none,none,none,none,none,none,none,none,none,none,weak,none,none,"S17 said “Yeah, that's it. To all of me.”, with *fast* **speech rate**, *lower* **pitch**, *normal* **loudness**, while **looking at the camera**, while *nodding*, and *weak* **parted lips**."
s17_su_2,17,surprise,2,I didn't expect that.,slow,normal,quieter,left,none,none,none,none,weak,none,none,none,none,none,none,weak,none,none,moderate,none,none,none,"S17 said “I didn't expect that.”, with *slow* **speech rate**, *normal* **pitch**, *quieter* **loudness**, while **looking at the camera**, and *weak* **raised upper eyelids**, *weak* **downturned mouth corners**, and *moderate* **tightened lips**."
s17_su_3,17,surprise,3,"Wow, I would never have believed that.",slow,lower,louder,left,nodding,moderate,none,none,none,none,none,none,none,none,none,weak,moderate,none,none,none,moderate,none,"S17 said “Wow, I would never have believed that.”, with *slow* **speech rate**, *lower* **pitch**, *louder* **loudness**, while **looking at the camera**, while *nodding*, and *moderate* **raised inner eyebrows**, *weak* **downturned mouth corners**, *moderate* **raised chin**, and *moderate* **a dropped jaw**."
s17_su_4,17,surprise,4,I never saw that coming.,slow,normal,normal,left,none,none,none,none,weak,none,none,none,none,none,none,none,none,none,none,none,none,none,"S17 said “I never saw that coming.”, with *slow* **speech rate**, *normal* **pitch**, *normal* **loudness**, while **looking at the camera**, and *weak* **raised upper eyelids**."
s17_su_5,17,surprise,5,"Oh my God, that's so weird!",normal,higher,normal,left,none,none,none,strong,none,weak,moderate,none,moderate,none,none,none,weak,none,none,none,moderate,none,"S17 said “Oh my God, that's so weird!”, with *normal* **speech rate**, *higher* **pitch**, *normal* **loudness**, while **looking at the camera**, and *strong* **lowered brows**, *weak* **raised cheeks**, *moderate* **tightened eyelids**, *moderate* **raised upper lip**, *weak* **raised chin**, and *moderate* **a dropped jaw**."
s18_an_1,18,anger,1,"Wow, no no listen, I need this money",normal,normal,louder,front,none,moderate,moderate,weak,moderate,none,none,none,strong,none,moderate,none,none,none,none,none,none,none,"S18 said “Wow, no no listen, I need this money”, with *normal* **speech rate**, *normal* **pitch**, *louder* **loudness**, while **looking at the camera**, and *moderate* **raised inner eyebrows**, *moderate* **raised outer eyebrows**, *weak* **lowered brows**, *moderate* **raised upper eyelids**, *strong* **raised upper lip**, and *moderate* **a tight smile**."
s18_an_2,18,anger,2,"I don't care about geography, but serve me!",normal,normal,louder,front,none,none,moderate,moderate,weak,none,none,moderate,none,none,none,none,none,none,none,none,none,none,"S18 said “I don't care about geography, but serve me!”, with *normal* **speech rate**, *normal* **pitch**, *louder* **loudness**, while **looking at the camera**, and *moderate* **raised outer eyebrows**, *moderate* **lowered brows**, *weak* **raised upper eyelids**, and *moderate* **wrinkled nose**."
s18_an_3,18,anger,3,"I can have your fire, you know?",normal,higher,louder,front,none,weak,weak,none,none,none,none,none,strong,none,strong,strong,none,none,none,none,none,none,"S18 said “I can have your fire, you know?”, with *normal* **speech rate**, *higher* **pitch**, *louder* **loudness**, while **looking at the camera**, and *weak* **raised inner eyebrows**, *weak* **raised outer eyebrows**, *strong* **raised upper lip**, *strong* **a tight smile**, and *strong* **downturned mouth corners**."
s18_an_4,18,anger,4,Is your coffee more important than my money?,normal,higher,louder,front,none,none,none,none,none,none,weak,none,strong,none,moderate,strong,none,none,weak,none,none,none,"S18 said “Is your coffee more important than my money?”, with *normal* **speech rate**, *higher* **pitch**, *louder* **loudness**, while **looking at the camera**, and *weak* **tightened eyelids**, *strong* **raised upper lip**, *moderate* **a tight smile**, *strong* **downturned mouth corners**, and *weak* **tightened lips**."
s18_an_5,18,anger,5,"You're getting paid to work, not to drink coffee.",normal,normal,louder,front,none,weak,weak,none,moderate,none,none,moderate,moderate,none,moderate,moderate,none,none,none,none,none,weak,"S18 said “You're getting paid to work, not to drink coffee.”, with *normal* **speech rate**, *normal* **pitch**, *louder* **loudness**, while **looking at the camera**, and *weak* **raised inner eyebrows**, *weak* **raised outer eyebrows**, *moderate* **raised upper eyelids**, *moderate* **wrinkled nose**, *moderate* **raised upper lip**, *moderate* **a tight smile**, *moderate* **downturned mouth corners**, and *weak* **blinking**."
s18_di_1,18,disgust,1,This is terrible. I will never be a Noodle's king.,normal,normal,normal,down,none,none,moderate,strong,weak,moderate,none,moderate,none,none,strong,none,none,none,none,none,none,none,"S18 said “This is terrible.”, with *normal* **speech rate**, *normal* **pitch**, *normal* **loudness**, while **looking at the camera**, and *strong* **raised outer eyebrows**, *moderate* **raised cheeks**, *moderate* **wrinkled nose**, *weak* **a smile**, *strong* **a tight smile**, *weak* **tightened lips**, and *weak* **parted lips**. After a *long* **pause**, S18 continued “I will never be a Noodle's king.”, with *fast* **speech rate**, *normal* **pitch**, *normal* **loudness**, while **looking at the camera**, and *strong* **lowered brows**, *moderate* **raised upper eyelids**, *moderate* **raised cheeks**, *strong* **tightened eyelids**, *moderate* **wrinkled nose**, and *strong* **a tight smile**."
s18_di_2,18,disgust,2,Something's moving inside my blade.,slow,lower,quieter,front,nodding,weak,moderate,none,moderate,none,weak,none,none,none,strong,none,none,weak,none,none,none,none,"S18 said “Something's moving inside my blade.”, with *slow* **speech rate**, *lower* **pitch**, *quieter* **loudness**, while **looking at the camera**, while *nodding*, and *weak* **raised inner eyebrows**, *moderate* **raised outer eyebrows**, *moderate* **raised upper eyelids**, *weak* **tightened eyelids**, *strong* **a tight smile**, and *weak* **stretched lips**."
s18_di_3,18,disgust,3,"Ah, a cookwork!",slow,normal,normal,down,nodding,none,strong,strong,weak,weak,strong,none,none,none,strong,none,none,none,none,none,none,none,"S18 said “Ah, a cookwork!”, with *slow* **speech rate**, *normal* **pitch**, *normal* **loudness**, while **looking at the camera**, while *nodding*, and *strong* **raised outer eyebrows**, *strong* **lowered brows**, *weak* **raised upper eyelids**, *weak* **raised cheeks**, *strong* **tightened eyelids**, and *strong* **a tight smile**."
s18_di_4,18,disgust,4,"Hey, this is disgusting!",slow,higher,normal,down,nodding,moderate,weak,strong,none,strong,none,none,none,moderate,none,weak,none,weak,none,none,none,moderate,"S18 said “Hey, this is disgusting!”, with *slow* **speech rate**, *higher* **pitch**, *normal* **loudness**, while **looking at the camera**, while *nodding*, and *moderate* **raised inner eyebrows**, *weak* **raised outer eyebrows**, *strong* **lowered brows**, *strong* **raised cheeks**, *moderate* **a smile**, *weak* **downturned mouth corners**, *weak* **stretched lips**, and *moderate* **blinking**."
s18_di_5,18,disgust,5,That's gross!,slow,normal,quieter,down,nodding,weak,weak,strong,moderate,none,moderate,moderate,strong,none,strong,none,none,none,none,weak,none,weak,"S18 said “That's gross!”, with *slow* **speech rate**, *normal* **pitch**, *quieter* **loudness**, while **looking at the camera**, while *nodding*, and *weak* **raised inner eyebrows**, *weak* **raised outer eyebrows**, *strong* **lowered brows**, *moderate* **raised upper eyelids**, *moderate* **tightened eyelids**, *moderate* **wrinkled nose**, *strong* **raised upper lip**, *strong* **a tight smile**, *weak* **parted lips**, and *weak* **blinking**."
s18_fe_1,18,fear,1,"Oh my God, there's someone in the house.",normal,lower,quieter,front,nodding,weak,none,weak,none,none,none,none,strong,none,strong,none,none,none,none,none,none,strong,"S18 said “Oh my God, there's someone in the house.”, with *normal* **speech rate**, *lower* **pitch**, *quieter* **loudness**, while **looking at the camera**, while *nodding*, and *weak* **raised inner eyebrows**, *weak* **lowered brows**, *strong* **raised upper lip**, *strong* **a tight smile**, and *strong* **blinking**."
s18_fe_2,18,fear,2,Someone's climbing the stairs.,slow,normal,normal,front,nodding,none,none,none,none,none,none,none,moderate,none,none,none,none,none,none,none,none,none,"S18 said “Someone's climbing the stairs.”, with *slow* **speech rate**, *normal* **pitch**, *normal* **loudness**, while **looking at the camera**, while *nodding*, and *moderate* **raised upper lip**."
s18_fe_3,18,fear,3,Please don't kill me!,slow,higher,normal,front,none,none,none,weak,none,none,none,none,moderate,none,none,none,none,none,none,none,none,none,"S18 said “Please don't kill me!”, with *slow* **speech rate**, *higher* **pitch**, *normal* **loudness**, while **looking at the camera**, and *weak* **lowered brows** and *moderate* **raised upper lip**."
s18_fe_4,18,fear,4,"I'm not allowed to go, go, go away!",normal,normal,normal,front,nodding,none,moderate,none,none,none,none,none,strong,none,none,none,none,none,none,none,none,none,"S18 said “I'm not allowed to go, go, go away!”, with *normal* **speech rate**, *normal* **pitch**, *normal* **loudness**, while **looking at the camera**, while *nodding*, and *moderate* **raised outer eyebrows** and *strong* **raised upper lip**."
s18_fe_5,18,fear,5,"I have nothing to give you. Please, please don't help me.",normal,normal,normal,front,nodding,none,none,moderate,none,none,none,none,strong,none,none,none,none,none,none,none,none,moderate,"S18 said “I have nothing to give you. Please, please don't help me.”, with *normal* **speech rate**, *normal* **pitch**, *normal* **loudness**, while **looking at the camera**, while *nodding*, and *moderate* **lowered brows**, *strong* **raised upper lip**, and *moderate* **blinking**."
s18_ha_1,18,happiness,1,That's great! I'm rich now!,slow,normal,louder,front,none,none,none,moderate,none,strong,strong,none,none,strong,strong,moderate,none,moderate,none,none,none,none,"S18 said “That's great! I'm rich now!”, with *slow* **speech rate**, *normal* **pitch**, *louder* **loudness**, while **looking at the camera**, and *moderate* **lowered brows**, *strong* **raised cheeks**, *strong* **tightened eyelids**, *strong* **a smile**, *strong* **a tight smile**, *moderate* **downturned mouth corners**, and *moderate* **stretched lips**."
s18_ha_2,18,happiness,2,I won! This is great! I'm so happy!,normal,normal,louder,front,nodding,none,strong,moderate,moderate,weak,moderate,weak,strong,moderate,none,none,moderate,none,moderate,none,strong,strong,"S18 said “I won! This is great! I'm so happy!”, with *normal* **speech rate**, *normal* **pitch**, *louder* **loudness**, while **looking at the camera**, while *nodding*, and *strong* **raised outer eyebrows**, *moderate* **lowered brows**, *moderate* **raised upper eyelids**, *weak* **raised cheeks**, *moderate* **tightened eyelids**, *weak* **wrinkled nose**, *strong* **raised upper lip**, *moderate* **a smile**, *moderate* **raised chin**, *moderate* **tightened lips**, *strong* **a dropped jaw**, and *strong* **blinking**."
s18_ha_3,18,happiness,3,Wow! This is so great!,slow,lower,quieter,front,none,moderate,moderate,strong,none,moderate,strong,none,moderate,none,weak,none,moderate,strong,none,none,strong,strong,"S18 said “Wow! This is so great!”, with *slow* **speech rate**, *lower* **pitch**, *quieter* **loudness**, while **looking at the camera**, and *moderate* **raised inner eyebrows**, *moderate* **raised outer eyebrows**, *strong* **lowered brows**, *moderate* **raised cheeks**, *strong* **tightened eyelids**, *moderate* **raised upper lip**, *weak* **a tight smile**, *moderate* **raised chin**, *strong* **stretched lips**, *strong* **a dropped jaw**, and *strong* **blinking**."
s18_ha_4,18,happiness,4,I'm so lucky,slow,normal,louder,front,shaking,moderate,weak,moderate,moderate,strong,strong,none,none,strong,moderate,strong,strong,strong,none,none,moderate,none,"S18 said “I'm so lucky”, with *slow* **speech rate**, *normal* **pitch**, *louder* **loudness**, while **looking at the camera**, while *shaking* their **head**, and *moderate* **raised inner eyebrows**, *weak* **raised outer eyebrows**, *moderate* **lowered brows**, *moderate* **raised upper eyelids**, *strong* **raised cheeks**, *strong* **tightened eyelids**, *strong* **a smile**, *moderate* **a tight smile**, *strong* **downturned mouth corners**, *strong* **raised chin**, *strong* **stretched lips**, and *moderate* **a dropped jaw**."
s18_ha_5,18,happiness,5,I'm so excited!,slow,higher,louder,front,nodding,none,none,weak,weak,strong,moderate,none,none,none,none,none,weak,none,none,none,none,none,"S18 said “I'm so excited!”, with *slow* **speech rate**, *higher* **pitch**, *louder* **loudness**, while **looking at the camera**, while *nodding*, and *weak* **lowered brows**, *weak* **raised upper eyelids**, *strong* **raised cheeks**, *moderate* **tightened eyelids**, and *weak* **raised chin**."
s18_sa_1,18,sadness,1,Life won't be the same now.,normal,lower,quieter,front,none,none,none,moderate,none,none,none,none,weak,none,none,none,none,none,none,none,none,none,"S18 said “Life won't be the same now.”, with *normal* **speech rate**, *lower* **pitch**, *quieter* **loudness**, while **looking at the camera**, and *moderate* **lowered brows** and *weak* **raised upper lip**."
s18_sa_2,18,sadness,2,I don't know. Tell me that is not true. Please.,slow,lower,quieter,front,none,none,weak,strong,none,none,none,none,strong,none,none,none,none,none,weak,none,none,strong,"S18 said “I don't know. Tell me that is not true. Please.”, with *slow* **speech rate**, *lower* **pitch**, *quieter* **loudness**, while **looking at the camera**, and *weak* **raised outer eyebrows**, *strong* **lowered brows**, *strong* **raised upper lip**, *weak* **tightened lips**, and *strong* **blinking**."
s18_sa_3,18,sadness,3,Everything was so perfect. I just don't understand.,slow,normal,normal,front,nodding,none,none,moderate,none,weak,moderate,none,strong,moderate,none,none,none,none,none,none,none,none,"S18 said “Everything was so perfect. I just don't understand.”, with *slow* **speech rate**, *normal* **pitch**, *normal* **loudness**, while **looking at the camera**, while *nodding*, and *moderate* **lowered brows**, *weak* **raised cheeks**, *moderate* **tightened eyelids**, *strong* **raised upper lip**, and *moderate* **a smile**."
s18_sa_4,18,sadness,4,I still love him.,slow,lower,quieter,up,none,none,none,none,none,none,none,none,moderate,none,none,none,none,none,none,none,none,none,"S18 said “I still love him.”, with *slow* **speech rate**, *lower* **pitch**, *quieter* **loudness**, while **looking at the camera**, and *moderate* **raised upper lip**."
s18_sa_5,18,sadness,5,Sure is my life.,normal,lower,quieter,front,none,none,none,strong,none,none,none,none,moderate,none,none,none,none,none,weak,none,none,none,"S18 said “Sure is my life.”, with *normal* **speech rate**, *lower* **pitch**, *quieter* **loudness**, while **looking at the camera**, and *strong* **lowered brows**, *moderate* **raised upper lip**, and *weak* **tightened lips**."
s18_su_1,18,surprise,1,Wow! You had never told me that!,normal,higher,louder,front,nodding,weak,moderate,none,moderate,none,none,none,strong,none,none,none,none,none,none,none,none,none,"S18 said “Wow!”, with *slow* **speech rate**, *higher* **pitch**, *normal* **loudness**, while **looking at the camera**, and *strong* **raised inner eyebrows**, *strong* **raised outer eyebrows**, *weak* **raised upper lip**, *strong* **a tight smile**, *weak* **stretched lips**, and *moderate* **blinking**. After a *long* **pause**, S18 continued “You had never told me that!”, with *normal* **speech rate**, *higher* **pitch**, *louder* **loudness**, while **looking at the camera**, while *nodding*, and *weak* **raised outer eyebrows**, *weak* **lowered brows**, *strong* **raised upper lip**, and *weak* **parted lips**."
s18_su_2,18,surprise,2,And you don't expect that!,normal,normal,louder,front,nodding,moderate,weak,none,weak,none,none,none,strong,none,none,none,none,none,weak,none,none,none,"S18 said “And you don't expect that!”, with *normal* **speech rate**, *normal* **pitch**, *louder* **loudness**, while **looking at the camera**, while *nodding*, and *moderate* **raised inner eyebrows**, *weak* **raised outer eyebrows**, *weak* **raised upper eyelids**, *strong* **raised upper lip**, and *weak* **tightened lips**."
s18_su_3,18,surprise,3,Whoa! I would have never believed it!,slow,normal,normal,front,none,none,weak,moderate,weak,none,none,none,weak,none,strong,none,none,none,none,none,none,none,"S18 said “Whoa! I would have never believed it!”, with *slow* **speech rate**, *normal* **pitch**, *normal* **loudness**, while **looking at the camera**, and *weak* **raised outer eyebrows**, *moderate* **lowered brows**, *weak* **raised upper eyelids**, *weak* **raised upper lip**, and *strong* **a tight smile**."
s18_su_4,18,surprise,4,Huh? I never saw that coming!,slow,normal,quieter,front,nodding,none,weak,none,none,none,none,none,weak,none,strong,none,none,none,none,none,none,none,"S18 said “Huh? I never saw that coming!”, with *slow* **speech rate**, *normal* **pitch**, *quieter* **loudness**, while **looking at the camera**, while *nodding*, and *weak* **raised outer eyebrows**, *weak* **raised upper lip**, and *strong* **a tight smile**."
s18_su_5,18,surprise,5,Oh my god! This is so well!,slow,normal,normal,front,nodding,weak,weak,none,none,none,none,weak,strong,none,strong,none,none,none,none,none,none,none,"S18 said “Oh my god! This is so well!”, with *slow* **speech rate**, *normal* **pitch**, *normal* **loudness**, while **looking at the camera**, while *nodding*, and *weak* **raised inner eyebrows**, *weak* **raised outer eyebrows**, *weak* **wrinkled nose**, *strong* **raised upper lip**, and *strong* **a tight smile**."
s19_an_1,19,anger,1,"What? No, no, no. Listen. I need my money.",normal,higher,louder,up,none,none,none,strong,none,none,none,none,none,weak,none,none,none,none,none,none,none,none,"S19 said “What? No, no, no. Listen. I need my money.”, with *normal* **speech rate**, *higher* **pitch**, *louder* **loudness**, while **looking at the camera**, and *strong* **lowered brows** and *weak* **a smile**."
s19_an_2,19,anger,2,I don't care about your coffee. I need my money.,normal,higher,louder,up,nodding,none,none,none,none,none,weak,none,none,none,none,none,moderate,none,none,moderate,none,weak,"S19 said “I don't care about your coffee. I need my money.”, with *normal* **speech rate**, *higher* **pitch**, *louder* **loudness**, while **looking at the camera**, while *nodding*, and *weak* **tightened eyelids**, *moderate* **raised chin**, *moderate* **parted lips**, and *weak* **blinking**."
s19_an_3,19,anger,3,"I can help you fire too, you know?",normal,normal,normal,up,none,none,none,strong,none,none,weak,none,none,none,none,none,moderate,none,weak,moderate,none,moderate,"S19 said “I can help you fire too, you know?”, with *normal* **speech rate**, *normal* **pitch**, *normal* **loudness**, while **looking at the camera**, and *strong* **lowered brows**, *weak* **tightened eyelids**, *moderate* **raised chin**, *weak* **tightened lips**, *moderate* **parted lips**, and *moderate* **blinking**."
s19_an_4,19,anger,4,Is your coffee more important than my money?,normal,higher,louder,up,nodding,none,none,strong,none,none,none,none,none,none,none,none,none,none,weak,none,none,none,"S19 said “Is your coffee more important than my money?”, with *normal* **speech rate**, *higher* **pitch**, *louder* **loudness**, while **looking at the camera**, while *nodding*, and *strong* **lowered brows** and *weak* **tightened lips**."
s19_an_5,19,anger,5,"You are getting paid to work, not to have coffee.",normal,normal,louder,up,nodding,none,none,strong,none,none,none,none,none,none,none,none,none,weak,none,none,none,none,"S19 said “You are getting paid to work, not to have coffee.”, with *normal* **speech rate**, *normal* **pitch**, *louder* **loudness**, while **looking at the camera**, while *nodding*, and *strong* **lowered brows** and *weak* **stretched lips**."
s19_di_1,19,disgust,1,No. That's horrible. I'll never eat noodles again.,slow,normal,normal,front,nodding,none,none,none,none,moderate,moderate,none,moderate,weak,none,none,none,none,none,none,none,none,"S19 said “No. That's horrible. I'll never eat noodles again.”, with *slow* **speech rate**, *normal* **pitch**, *normal* **loudness**, while **looking at the camera**, while *nodding*, and *moderate* **raised cheeks**, *moderate* **tightened eyelids**, *moderate* **raised upper lip**, and *weak* **a smile**."
s19_di_2,19,disgust,2,Something is moving to my plate.,normal,higher,normal,front,none,none,none,none,moderate,moderate,strong,none,moderate,none,none,none,none,none,none,none,none,none,"S19 said “Something is moving to my plate.”, with *normal* **speech rate**, *higher* **pitch**, *normal* **loudness**, while **looking at the camera**, and *moderate* **raised upper eyelids**, *moderate* **raised cheeks**, *strong* **tightened eyelids**, and *moderate* **raised upper lip**."
s19_di_3,19,disgust,3,"Aha, a cockroach!",slow,normal,normal,front,none,none,none,strong,none,moderate,strong,weak,moderate,none,none,none,none,moderate,weak,moderate,moderate,none,"S19 said “Aha, a cockroach!”, with *slow* **speech rate**, *normal* **pitch**, *normal* **loudness**, while **looking at the camera**, and *strong* **lowered brows**, *moderate* **raised cheeks**, *strong* **tightened eyelids**, *weak* **wrinkled nose**, *moderate* **raised upper lip**, *moderate* **stretched lips**, *weak* **tightened lips**, *moderate* **parted lips**, and *moderate* **a dropped jaw**."
s19_di_4,19,disgust,4,This is disgusting,normal,higher,normal,front,none,none,none,none,moderate,strong,strong,none,strong,weak,none,none,none,weak,none,none,none,none,"S19 said “This is disgusting”, with *normal* **speech rate**, *higher* **pitch**, *normal* **loudness**, while **looking at the camera**, and *moderate* **raised upper eyelids**, *strong* **raised cheeks**, *strong* **tightened eyelids**, *strong* **raised upper lip**, *weak* **a smile**, and *weak* **stretched lips**."
s19_di_5,19,disgust,5,That's gross,slow,lower,quieter,front,none,none,none,strong,none,weak,moderate,none,moderate,none,weak,none,none,none,none,none,none,none,"S19 said “That's gross”, with *slow* **speech rate**, *lower* **pitch**, *quieter* **loudness**, while **looking at the camera**, and *strong* **lowered brows**, *weak* **raised cheeks**, *moderate* **tightened eyelids**, *moderate* **raised upper lip**, and *weak* **a tight smile**."
s19_fe_1,19,fear,1,"Oh my God, there is someone in the house.",normal,normal,normal,front,none,moderate,none,moderate,none,none,none,none,none,none,none,none,none,none,none,none,weak,none,"S19 said “Oh my God, there is someone in the house.”, with *normal* **speech rate**, *normal* **pitch**, *normal* **loudness**, while **looking at the camera**, and *moderate* **raised inner eyebrows**, *moderate* **lowered brows**, and *weak* **a dropped jaw**."
s19_fe_2,19,fear,2,someone is climbing up the stairs,normal,normal,normal,front,none,none,none,weak,none,none,none,none,none,none,none,none,none,none,none,none,none,none,"S19 said “someone is climbing up the stairs”, with *normal* **speech rate**, *normal* **pitch**, *normal* **loudness**, while **looking at the camera**, and *weak* **lowered brows**."
s19_fe_3,19,fear,3,Please don't kill me.,normal,higher,normal,front,nodding,none,none,weak,weak,none,none,none,none,none,none,none,none,none,none,moderate,none,none,"S19 said “Please don't kill me.”, with *normal* **speech rate**, *higher* **pitch**, *normal* **loudness**, while **looking at the camera**, while *nodding*, and *weak* **lowered brows**, *weak* **raised upper eyelids**, and *moderate* **parted lips**."
s19_fe_4,19,fear,4,I'm not alone. Go away.,slow,normal,normal,front,nodding,none,none,weak,none,none,none,none,none,none,none,none,moderate,weak,none,none,none,none,"S19 said “I'm not alone. Go away.”, with *slow* **speech rate**, *normal* **pitch**, *normal* **loudness**, while **looking at the camera**, while *nodding*, and *weak* **lowered brows**, *moderate* **raised chin**, and *weak* **stretched lips**."
s19_fe_5,19,fear,5,I have nothing to give you. Please don't hurt me.,normal,lower,quieter,front,nodding,none,none,none,none,none,none,none,none,none,none,none,none,none,none,none,none,none,"S19 said “I have nothing to give you. Please don't hurt me.”, with *normal* **speech rate**, *lower* **pitch**, *quieter* **loudness**, while **looking at the camera**, and while *nodding*."
s19_ha_1,19,happiness,1,That's great! I'm rich now!,slow,higher,normal,front,none,none,none,weak,none,none,none,weak,none,weak,none,none,none,none,none,none,none,none,"S19 said “That's great! I'm rich now!”, with *slow* **speech rate**, *higher* **pitch**, *normal* **loudness**, while **looking at the camera**, and *weak* **lowered brows**, *weak* **wrinkled nose**, and *weak* **a smile**."
s19_ha_2,19,happiness,2,"I'm going, this is great. I'm so happy.",normal,higher,normal,front,nodding,weak,weak,weak,none,none,none,none,none,none,none,none,moderate,none,none,none,none,moderate,"S19 said “I'm going, this is great. I'm so happy.”, with *normal* **speech rate**, *higher* **pitch**, *normal* **loudness**, while **looking at the camera**, while *nodding*, and *weak* **raised inner eyebrows**, *weak* **raised outer eyebrows**, *weak* **lowered brows**, *moderate* **raised chin**, and *moderate* **blinking**."
s19_ha_3,19,happiness,3,"Wow, this is great!",normal,normal,louder,front,none,none,none,moderate,none,none,none,none,none,none,none,none,none,none,moderate,weak,moderate,none,"S19 said “Wow, this is great!”, with *normal* **speech rate**, *normal* **pitch**, *louder* **loudness**, while **looking at the camera**, and *moderate* **lowered brows**, *moderate* **tightened lips**, *weak* **parted lips**, and *moderate* **a dropped jaw**."
s19_ha_4,19,happiness,4,I'm so happy!,normal,higher,louder,front,nodding,none,none,weak,none,none,none,none,none,none,none,none,weak,none,weak,weak,weak,none,"S19 said “I'm so happy!”, with *normal* **speech rate**, *higher* **pitch**, *louder* **loudness**, while **looking at the camera**, while *nodding*, and *weak* **lowered brows**, *weak* **raised chin**, *weak* **tightened lips**, *weak* **parted lips**, and *weak* **a dropped jaw**."
s19_ha_5,19,happiness,5,I'm so excited!,normal,normal,normal,front,nodding,none,none,weak,none,none,none,none,none,weak,none,none,weak,none,none,weak,none,none,"S19 said “I'm so excited!”, with *normal* **speech rate**, *normal* **pitch**, *normal* **loudness**, while **looking at the camera**, while *nodding*, and *weak* **lowered brows**, *weak* **a smile**, *weak* **raised chin**, and *weak* **parted lips**."
s19_sa_1,19,sadness,1,Life won't be the same now.,normal,lower,quieter,front,none,none,none,none,none,none,weak,none,none,none,none,none,none,none,weak,weak,none,weak,"S19 said “Life won't be the same now.”, with *normal* **speech rate**, *lower* **pitch**, *quieter* **loudness**, while **looking at the camera**, and *weak* **tightened eyelids**, *weak* **tightened lips**, *weak* **parted lips**, and *weak* **blinking**."
s19_sa_2,19,sadness,2,"Or tell me, this is not true, please.",normal,lower,quieter,front,none,none,none,none,none,none,weak,none,none,none,none,none,none,none,moderate,weak,none,strong,"S19 said “Or tell me, this is not true, please.”, with *normal* **speech rate**, *lower* **pitch**, *quieter* **loudness**, while **looking at the camera**, and *weak* **tightened eyelids**, *moderate* **tightened lips**, *weak* **parted lips**, and *strong* **blinking**."
s19_sa_3,19,sadness,3,everything was so perfect I don't understand,slow,normal,quieter,front,none,weak,weak,strong,none,none,none,weak,none,none,none,none,none,none,weak,none,none,moderate,"S19 said “everything was so perfect I don't understand”, with *slow* **speech rate**, *normal* **pitch**, *quieter* **loudness**, while **looking at the camera**, and *weak* **raised inner eyebrows**, *weak* **raised outer eyebrows**, *strong* **lowered brows**, *weak* **wrinkled nose**, *weak* **tightened lips**, and *moderate* **blinking**."
s19_sa_4,19,sadness,4,I still love you,normal,lower,quieter,front,none,none,none,moderate,none,none,none,none,none,none,none,none,none,none,none,weak,none,none,"S19 said “I still love you”, with *normal* **speech rate**, *lower* **pitch**, *quieter* **loudness**, while **looking at the camera**, and *moderate* **lowered brows** and *weak* **parted lips**."
s19_sa_5,19,sadness,5,She was my life.,slow,lower,quieter,front,none,none,none,none,none,none,none,none,none,none,none,none,none,none,none,none,none,none,"S19 said “She was my life.”, with *slow* **speech rate**, *lower* **pitch**, *quieter* **loudness**, and while **looking at the camera**."
s19_su_1,19,surprise,1,You are never told me that.,normal,higher,louder,front,none,none,none,strong,none,none,none,none,none,none,none,none,weak,none,weak,none,none,none,"S19 said “You are never told me that.”, with *normal* **speech rate**, *higher* **pitch**, *louder* **loudness**, while **looking at the camera**, and *strong* **lowered brows**, *weak* **raised chin**, and *weak* **tightened lips**."
s19_su_2,19,surprise,2,I didn't expect that,normal,normal,louder,front,none,none,none,weak,none,none,none,none,none,moderate,none,none,weak,none,none,none,none,weak,"S19 said “I didn't expect that”, with *normal* **speech rate**, *normal* **pitch**, *louder* **loudness**, while **looking at the camera**, and *weak* **lowered brows**, *moderate* **a smile**, *weak* **raised chin**, and *weak* **blinking**."
s19_su_3,19,surprise,3,"Wow, I would never have believed this.",normal,normal,normal,front,nodding,none,none,moderate,none,none,none,none,none,none,none,none,none,none,moderate,none,none,moderate,"S19 said “Wow, I would never have believed this.”, with *normal* **speech rate**, *normal* **pitch**, *normal* **loudness**, while **looking at the camera**, while *nodding*, and *moderate* **lowered brows**, *moderate* **tightened lips**, and *moderate* **blinking**."
s19_su_4,19,surprise,4,I never saw that coming.,normal,normal,normal,front,nodding,none,none,moderate,none,none,none,none,none,none,none,none,weak,none,none,none,none,weak,"S19 said “I never saw that coming.”, with *normal* **speech rate**, *normal* **pitch**, *normal* **loudness**, while **looking at the camera**, while *nodding*, and *moderate* **lowered brows**, *weak* **raised chin**, and *weak* **blinking**."
s19_su_5,19,surprise,5,"Oh my god, this is so weird",normal,lower,normal,front,none,none,none,moderate,none,none,none,none,none,none,none,none,none,none,weak,none,none,none,"S19 said “Oh my god, this is so weird”, with *normal* **speech rate**, *lower* **pitch**, *normal* **loudness**, while **looking at the camera**, and *moderate* **lowered brows** and *weak* **tightened lips**."
s1_an_1,1,anger,1,"What? No, no, no, listen, I need this money!",normal,normal,louder,front,none,none,none,none,none,none,none,none,none,none,none,none,none,none,none,none,none,none,"S01 said “What? No, no, no, listen, I need this money!”, with *normal* **speech rate**, *normal* **pitch**, *louder* **loudness**, and while **looking at the camera**."
s1_an_2,1,anger,2,"I don't care about your coffee, please serve me!",normal,normal,louder,front,nodding,weak,none,none,none,none,none,none,none,none,none,none,none,none,weak,none,none,none,"S01 said “I don't care about your coffee, please serve me!”, with *normal* **speech rate**, *normal* **pitch**, *louder* **loudness**, while **looking at the camera**, while *nodding*, and *weak* **raised inner eyebrows** and *weak* **tightened lips**."
s1_an_3,1,anger,3,I can have you fired now!,normal,lower,normal,front,nodding,none,none,none,none,none,none,none,none,none,none,none,none,none,weak,none,none,none,"S01 said “I can have you fired now!”, with *normal* **speech rate**, *lower* **pitch**, *normal* **loudness**, while **looking at the camera**, while *nodding*, and *weak* **tightened lips**."
s1_an_4,1,anger,4,Is your coffee more important than my money?,fast,higher,louder,front,nodding,none,none,none,none,none,none,none,none,none,none,none,moderate,none,weak,none,none,none,"S01 said “Is your coffee more important than my money?”, with *fast* **speech rate**, *higher* **pitch**, *louder* **loudness**, while **looking at the camera**, while *nodding*, and *moderate* **raised chin** and *weak* **tightened lips**."
s1_an_5,1,anger,5,"You're getting paid to work, not to drink coffee!",normal,normal,louder,front,nodding,none,none,none,none,none,none,none,none,none,none,none,none,none,none,none,none,none,"S01 said “You're getting paid to work, not to drink coffee!”, with *normal* **speech rate**, *normal* **pitch**, *louder* **loudness**, while **looking at the camera**, and while *nodding*."
s1_di_1,1,disgust,1,"Oh, that's horrible. I never eat noodles again.",slow,normal,normal,down,nodding,weak,weak,strong,none,none,none,weak,moderate,none,none,none,none,none,none,none,none,moderate,"S01 said “Oh, that's horrible. I never eat noodles again.”, with *slow* **speech rate**, *normal* **pitch**, *normal* **loudness**, while **looking at the camera**, while *nodding*, and *weak* **raised inner eyebrows**, *weak* **raised outer eyebrows**, *strong* **lowered brows**, *weak* **wrinkled nose**, *moderate* **raised upper lip**, and *moderate* **blinking**."
s1_di_2,1,disgust,2,"Oh, something is moving inside my plate.",normal,normal,normal,down,none,none,none,none,none,weak,strong,none,none,none,none,weak,weak,weak,none,none,none,weak,"S01 said “Oh, something is moving inside my plate.”, with *normal* **speech rate**, *normal* **pitch**, *normal* **loudness**, while **looking at the camera**, and *weak* **raised cheeks**, *strong* **tightened eyelids**, *weak* **downturned mouth corners**, *weak* **raised chin**, *weak* **stretched lips**, and *weak* **blinking**."
s1_di_3,1,disgust,3,"Ah, a cockroach!",slow,normal,normal,front,nodding,none,none,none,weak,weak,strong,weak,none,none,none,none,none,none,weak,none,none,none,"S01 said “Ah, a cockroach!”, with *slow* **speech rate**, *normal* **pitch**, *normal* **loudness**, while **looking at the camera**, while *nodding*, and *weak* **raised upper eyelids**, *weak* **raised cheeks**, *strong* **tightened eyelids**, *weak* **wrinkled nose**, and *weak* **tightened lips**."
s1_di_4,1,disgust,4,This is disgusting.,slow,normal,normal,down,nodding,none,none,none,none,strong,none,none,none,weak,weak,none,none,weak,none,none,none,none,"S01 said “This is disgusting.”, with *slow* **speech rate**, *normal* **pitch**, *normal* **loudness**, while **looking at the camera**, while *nodding*, and *strong* **raised cheeks**, *weak* **a smile**, *weak* **a tight smile**, and *weak* **stretched lips**."
s1_di_5,1,disgust,5,That's gross!,slow,lower,quieter,front,none,none,none,strong,none,weak,moderate,none,none,none,none,none,none,moderate,none,none,none,moderate,"S01 said “That's gross!”, with *slow* **speech rate**, *lower* **pitch**, *quieter* **loudness**, while **looking at the camera**, and *strong* **lowered brows**, *weak* **raised cheeks**, *moderate* **tightened eyelids**, *moderate* **stretched lips**, and *moderate* **blinking**."
s1_fe_1,1,fear,1,"Oh my god, there's someone in the house.",fast,normal,normal,front,nodding,none,none,strong,none,none,none,none,none,none,none,none,none,none,none,none,none,moderate,"S01 said “Oh my god, there's someone in the house.”, with *fast* **speech rate**, *normal* **pitch**, *normal* **loudness**, while **looking at the camera**, while *nodding*, and *strong* **lowered brows** and *moderate* **blinking**."
s1_fe_2,1,fear,2,Someone is climbing up the stairs.,normal,normal,quieter,front,none,none,none,strong,none,none,weak,weak,strong,none,none,none,none,none,none,none,none,weak,"S01 said “Someone is climbing up the stairs.”, with *normal* **speech rate**, *normal* **pitch**, *quieter* **loudness**, while **looking at the camera**, and *strong* **lowered brows**, *weak* **tightened eyelids**, *weak* **wrinkled nose**, *strong* **raised upper lip**, and *weak* **blinking**."
s1_fe_3,1,fear,3,please don't kill me,normal,normal,quieter,front,none,none,none,none,none,none,moderate,moderate,moderate,none,none,none,moderate,none,moderate,none,none,moderate,"S01 said “please don't kill me”, with *normal* **speech rate**, *normal* **pitch**, *quieter* **loudness**, while **looking at the camera**, and *moderate* **tightened eyelids**, *moderate* **wrinkled nose**, *moderate* **raised upper lip**, *moderate* **raised chin**, *moderate* **tightened lips**, and *moderate* **blinking**."
s1_fe_4,1,fear,4,"I'm not alone, go away!",normal,higher,louder,front,none,none,none,none,none,weak,moderate,weak,strong,none,none,none,none,none,none,none,none,moderate,"S01 said “I'm not alone, go away!”, with *normal* **speech rate**, *higher* **pitch**, *louder* **loudness**, while **looking at the camera**, and *weak* **raised cheeks**, *moderate* **tightened eyelids**, *weak* **wrinkled nose**, *strong* **raised upper lip**, and *moderate* **blinking**."
s1_fe_5,1,fear,5,I have nothing to give you. Please don't hurt me.,normal,higher,normal,front,nodding,weak,none,strong,none,none,weak,moderate,moderate,none,none,none,moderate,none,none,none,none,strong,"S01 said “I have nothing to give you. Please don't hurt me.”, with *normal* **speech rate**, *higher* **pitch**, *normal* **loudness**, while **looking at the camera**, while *nodding*, and *weak* **raised inner eyebrows**, *strong* **lowered brows**, *weak* **tightened eyelids**, *moderate* **wrinkled nose**, *moderate* **raised upper lip**, *moderate* **raised chin**, and *strong* **blinking**."
s1_ha_1,1,happiness,1,That's great! I'm rich now!,normal,higher,normal,front,none,weak,none,none,none,none,none,none,strong,moderate,none,none,none,none,weak,none,none,moderate,"S01 said “That's great! I'm rich now!”, with *normal* **speech rate**, *higher* **pitch**, *normal* **loudness**, while **looking at the camera**, and *weak* **raised inner eyebrows**, *strong* **raised upper lip**, *moderate* **a smile**, *weak* **tightened lips**, and *moderate* **blinking**."
s1_ha_2,1,happiness,2,I won! This is great! I'm so happy!,normal,higher,louder,front,none,weak,none,none,none,none,none,none,strong,weak,none,none,none,none,none,none,none,none,"S01 said “I won! This is great! I'm so happy!”, with *normal* **speech rate**, *higher* **pitch**, *louder* **loudness**, while **looking at the camera**, and *weak* **raised inner eyebrows**, *strong* **raised upper lip**, and *weak* **a smile**."
s1_ha_3,1,happiness,3,Wow! This is so great!,normal,higher,louder,front,nodding,none,none,none,none,none,none,none,moderate,none,none,none,weak,none,none,none,none,none,"S01 said “Wow! This is so great!”, with *normal* **speech rate**, *higher* **pitch**, *louder* **loudness**, while **looking at the camera**, while *nodding*, and *moderate* **raised upper lip** and *weak* **raised chin**."
s1_ha_4,1,happiness,4,I'm so lucky!,normal,higher,louder,front,nodding,weak,none,none,none,none,none,none,strong,moderate,weak,none,none,none,moderate,none,none,none,"S01 said “I'm so lucky!”, with *normal* **speech rate**, *higher* **pitch**, *louder* **loudness**, while **looking at the camera**, while *nodding*, and *weak* **raised inner eyebrows**, *strong* **raised upper lip**, *moderate* **a smile**, *weak* **a tight smile**, and *moderate* **tightened lips**."
s1_ha_5,1,happiness,5,I'm so excited!,normal,higher,normal,front,none,none,none,none,none,none,none,none,strong,moderate,none,none,none,weak,moderate,none,none,none,"S01 said “I'm so excited!”, with *normal* **speech rate**, *higher* **pitch**, *normal* **loudness**, while **looking at the camera**, and *strong* **raised upper lip**, *moderate* **a smile**, *weak* **stretched lips**, and *moderate* **tightened lips**."
s1_sa_1,1,sadness,1,life can be the same now,fast,lower,quieter,front,none,none,none,strong,none,none,weak,weak,moderate,none,none,none,moderate,none,none,none,none,none,"S01 said “life can be the same now”, with *fast* **speech rate**, *lower* **pitch**, *quieter* **loudness**, while **looking at the camera**, and *strong* **lowered brows**, *weak* **tightened eyelids**, *weak* **wrinkled nose**, *moderate* **raised upper lip**, and *moderate* **raised chin**."
s1_sa_2,1,sadness,2,"Oh no, please tell me this is not true, please.",normal,lower,quieter,front,shaking,none,none,strong,none,none,none,none,weak,none,none,none,weak,none,none,none,none,weak,"S01 said “Oh no, please tell me this is not true, please.”, with *normal* **speech rate**, *lower* **pitch**, *quieter* **loudness**, while **looking at the camera**, while *shaking* their **head**, and *strong* **lowered brows**, *weak* **raised upper lip**, *weak* **raised chin**, and *weak* **blinking**."
s1_sa_3,1,sadness,3,Everything was so perfect. I don't understand.,slow,lower,quieter,front,shaking,none,none,strong,none,none,none,none,none,none,none,none,moderate,none,none,none,none,weak,"S01 said “Everything was so perfect. I don't understand.”, with *slow* **speech rate**, *lower* **pitch**, *quieter* **loudness**, while **looking at the camera**, while *shaking* their **head**, and *strong* **lowered brows**, *moderate* **raised chin**, and *weak* **blinking**."
s1_sa_4,1,sadness,4,I still love there.,slow,lower,quieter,front,none,none,none,strong,none,none,none,none,weak,none,none,none,none,none,none,none,none,none,"S01 said “I still love there.”, with *slow* **speech rate**, *lower* **pitch**, *quieter* **loudness**, while **looking at the camera**, and *strong* **lowered brows** and *weak* **raised upper lip**."
s1_sa_5,1,sadness,5,She was my life,normal,lower,quieter,front,none,none,none,none,moderate,none,none,weak,strong,none,none,none,none,none,none,strong,none,moderate,"S01 said “She was my life”, with *normal* **speech rate**, *lower* **pitch**, *quieter* **loudness**, while **looking at the camera**, and *moderate* **raised upper eyelids**, *weak* **wrinkled nose**, *strong* **raised upper lip**, *strong* **parted lips**, and *moderate* **blinking**."
s1_su_1,1,surprise,1,Wow you have never told me that,normal,normal,normal,front,none,none,none,none,none,none,none,none,none,none,none,none,moderate,none,weak,none,none,moderate,"S01 said “Wow you have never told me that”, with *normal* **speech rate**, *normal* **pitch**, *normal* **loudness**, while **looking at the camera**, and *moderate* **raised chin**, *weak* **tightened lips**, and *moderate* **blinking**."
s1_su_2,1,surprise,2,I didn't respect that.,normal,normal,normal,front,none,none,weak,none,none,none,none,none,none,none,none,none,weak,none,none,none,none,moderate,"S01 said “I didn't respect that.”, with *normal* **speech rate**, *normal* **pitch**, *normal* **loudness**, while **looking at the camera**, and *weak* **raised outer eyebrows**, *weak* **raised chin**, and *moderate* **blinking**."
s1_su_3,1,surprise,3,"Wow, I would never believe that!",normal,higher,normal,front,nodding,none,none,none,none,none,none,none,none,none,none,none,moderate,none,none,none,none,none,"S01 said “Wow, I would never believe that!”, with *normal* **speech rate**, *higher* **pitch**, *normal* **loudness**, while **looking at the camera**, while *nodding*, and *moderate* **raised chin**."
s1_su_4,1,surprise,4,I never saw that coming.,normal,normal,normal,front,none,none,none,none,none,none,none,none,weak,none,none,none,none,moderate,none,none,none,weak,"S01 said “I never saw that coming.”, with *normal* **speech rate**, *normal* **pitch**, *normal* **loudness**, while **looking at the camera**, and *weak* **raised upper lip**, *moderate* **stretched lips**, and *weak* **blinking**."
s1_su_5,1,surprise,5,"Oh my god, that's so weird!",normal,normal,normal,front,nodding,moderate,moderate,none,none,none,none,none,moderate,none,none,none,none,none,none,none,none,weak,"S01 said “Oh my god, that's so weird!”, with *normal* **speech rate**, *normal* **pitch**, *normal* **loudness**, while **looking at the camera**, while *nodding*, and *moderate* **raised inner eyebrows**, *moderate* **raised outer eyebrows**, *moderate* **raised upper lip**, and *weak* **blinking**."
s20_an_1,20,anger,1,"What? No, no, no, listen, I need some money.",fast,lower,louder,down,none,none,moderate,strong,none,weak,strong,none,none,none,none,none,none,none,none,none,none,none,"S20 said “What? No, no, no, listen, I need some money.”, with *fast* **speech rate**, *lower* **pitch**, *louder* **loudness**, while **looking at the camera**, and *moderate* **raised outer eyebrows**, *strong* **lowered brows**, *weak* **raised cheeks**, and *strong* **tightened eyelids**."
s20_an_2,20,anger,2,"I don't care about your coffee, I need some money.",fast,normal,louder,down,none,none,none,strong,none,none,none,none,none,none,none,none,none,none,none,none,none,none,"S20 said “I don't care about your coffee, I need some money.”, with *fast* **speech rate**, *normal* **pitch**, *louder* **loudness**, while **looking at the camera**, and *strong* **lowered brows**."
s20_an_3,20,anger,3,"I can have you fired, you know.",fast,lower,louder,front,nodding,none,none,strong,none,none,moderate,none,none,none,none,none,none,none,none,none,none,none,"S20 said “I can have you fired, you know.”, with *fast* **speech rate**, *lower* **pitch**, *louder* **loudness**, while **looking at the camera**, while *nodding*, and *strong* **lowered brows** and *moderate* **tightened eyelids**."
s20_an_4,20,anger,4,Is your coffee more important than my money?,normal,higher,normal,front,nodding,none,none,none,none,none,none,none,none,none,none,none,none,none,none,none,none,moderate,"S20 said “Is your coffee more important than my money?”, with *normal* **speech rate**, *higher* **pitch**, *normal* **loudness**, while **looking at the camera**, while *nodding*, and *moderate* **blinking**."
s20_an_5,20,anger,5,"You get paid to work, not for drinking coffee.",normal,normal,normal,front,nodding,none,none,strong,none,none,strong,none,none,none,none,none,none,none,none,none,none,none,"S20 said “You get paid to work, not for drinking coffee.”, with *normal* **speech rate**, *normal* **pitch**, *normal* **loudness**, while **looking at the camera**, while *nodding*, and *strong* **lowered brows** and *strong* **tightened eyelids**."
s20_di_1,20,disgust,1,That's horrible. I will never eat again.,normal,lower,normal,down,nodding,none,none,none,none,none,none,none,none,none,none,none,none,none,none,none,none,weak,"S20 said “That's horrible. I will never eat again.”, with *normal* **speech rate**, *lower* **pitch**, *normal* **loudness**, while **looking at the camera**, while *nodding*, and *weak* **blinking**."
s20_di_2,20,disgust,2,There's something that's moving in my plate.,normal,lower,normal,front,nodding,none,none,none,none,none,strong,none,none,none,none,none,none,none,none,none,none,weak,"S20 said “There's something that's moving in my plate.”, with *normal* **speech rate**, *lower* **pitch**, *normal* **loudness**, while **looking at the camera**, while *nodding*, and *strong* **tightened eyelids** and *weak* **blinking**."
s20_di_3,20,disgust,3,"Ah, a cockroach.",slow,normal,louder,down,none,none,none,none,none,none,strong,none,none,none,none,none,none,none,none,none,strong,none,"S20 said “Ah, a cockroach.”, with *slow* **speech rate**, *normal* **pitch**, *louder* **loudness**, while **looking at the camera**, and *strong* **tightened eyelids** and *strong* **a dropped jaw**."
s20_di_4,20,disgust,4,Beam! It's disgusting!,slow,normal,normal,down,none,none,none,none,none,none,strong,none,none,none,none,none,none,none,none,none,weak,none,"S20 said “Beam! It's disgusting!”, with *slow* **speech rate**, *normal* **pitch**, *normal* **loudness**, while **looking at the camera**, and *strong* **tightened eyelids** and *weak* **a dropped jaw**."
s20_di_5,20,disgust,5,That's gross!,slow,normal,quieter,down,none,none,none,strong,none,none,strong,none,none,none,none,none,none,none,none,none,none,none,"S20 said “That's gross!”, with *slow* **speech rate**, *normal* **pitch**, *quieter* **loudness**, while **looking at the camera**, and *strong* **lowered brows** and *strong* **tightened eyelids**."
s20_fe_1,20,fear,1,"Oh my god, that's how many the house",fast,higher,louder,front,nodding,none,none,strong,none,none,strong,none,none,none,none,none,none,none,none,none,none,none,"S20 said “Oh my god, that's how many the house”, with *fast* **speech rate**, *higher* **pitch**, *louder* **loudness**, while **looking at the camera**, while *nodding*, and *strong* **lowered brows** and *strong* **tightened eyelids**."
s20_fe_2,20,fear,2,Some of us climbing up the stairs.,normal,lower,normal,front,nodding,none,none,strong,none,none,moderate,none,none,none,none,none,none,none,none,none,none,none,"S20 said “Some of us climbing up the stairs.”, with *normal* **speech rate**, *lower* **pitch**, *normal* **loudness**, while **looking at the camera**, while *nodding*, and *strong* **lowered brows** and *moderate* **tightened eyelids**."
s20_fe_3,20,fear,3,Please don't kill me!,normal,normal,normal,front,nodding,none,none,strong,none,none,strong,none,none,none,none,none,none,none,none,none,none,none,"S20 said “Please don't kill me!”, with *normal* **speech rate**, *normal* **pitch**, *normal* **loudness**, while **looking at the camera**, while *nodding*, and *strong* **lowered brows** and *strong* **tightened eyelids**."
s20_fe_4,20,fear,4,I'm not a known go away,normal,higher,louder,up,nodding,none,none,strong,none,none,strong,none,none,none,none,none,none,none,none,none,none,none,"S20 said “I'm not a known go away”, with *normal* **speech rate**, *higher* **pitch**, *louder* **loudness**, while **looking at the camera**, while *nodding*, and *strong* **lowered brows** and *strong* **tightened eyelids**."
s20_fe_5,20,fear,5,I've nothing to give you,fast,lower,quieter,up,none,none,none,moderate,none,none,moderate,none,none,none,none,none,none,none,none,none,none,none,"S20 said “I've nothing to give you”, with *fast* **speech rate**, *lower* **pitch**, *quieter* **loudness**, while **looking at the camera**, and *moderate* **lowered brows** and *moderate* **tightened eyelids**."
s20_ha_1,20,happiness,1,That's great! I'm rich now!,normal,higher,louder,front,nodding,none,none,strong,none,none,strong,none,none,none,none,none,none,none,none,none,none,none,"S20 said “That's great! I'm rich now!”, with *normal* **speech rate**, *higher* **pitch**, *louder* **loudness**, while **looking at the camera**, while *nodding*, and *strong* **lowered brows** and *strong* **tightened eyelids**."
s20_ha_2,20,happiness,2,I won! This is great! I'm so happy!,normal,higher,normal,front,none,none,none,none,none,none,moderate,none,none,none,none,none,none,none,none,none,none,moderate,"S20 said “I won! This is great! I'm so happy!”, with *normal* **speech rate**, *higher* **pitch**, *normal* **loudness**, while **looking at the camera**, and *moderate* **tightened eyelids** and *moderate* **blinking**."
s20_ha_3,20,happiness,3,This is great!,normal,higher,quieter,front,nodding,none,none,strong,none,weak,strong,none,none,none,none,none,none,none,none,none,moderate,moderate,"S20 said “This is great!”, with *normal* **speech rate**, *higher* **pitch**, *quieter* **loudness**, while **looking at the camera**, while *nodding*, and *strong* **lowered brows**, *weak* **raised cheeks**, *strong* **tightened eyelids**, *moderate* **a dropped jaw**, and *moderate* **blinking**."
s20_ha_4,20,happiness,4,And I'm so lucky.,normal,higher,quieter,front,nodding,none,none,moderate,none,weak,strong,none,none,none,none,weak,moderate,none,none,none,moderate,none,"S20 said “And I'm so lucky.”, with *normal* **speech rate**, *higher* **pitch**, *quieter* **loudness**, while **looking at the camera**, while *nodding*, and *moderate* **lowered brows**, *weak* **raised cheeks**, *strong* **tightened eyelids**, *weak* **downturned mouth corners**, *moderate* **raised chin**, and *moderate* **a dropped jaw**."
s20_ha_5,20,happiness,5,I'm so excited!,normal,lower,quieter,front,none,none,none,strong,none,none,strong,none,none,none,none,none,none,none,none,none,none,none,"S20 said “I'm so excited!”, with *normal* **speech rate**, *lower* **pitch**, *quieter* **loudness**, while **looking at the camera**, and *strong* **lowered brows** and *strong* **tightened eyelids**."
s20_sa_1,20,sadness,1,It's just the same.,normal,lower,quieter,front,nodding,moderate,strong,strong,none,none,strong,none,none,none,none,none,none,none,none,none,none,none,"S20 said “It's just the same.”, with *normal* **speech rate**, *lower* **pitch**, *quieter* **loudness**, while **looking at the camera**, while *nodding*, and *moderate* **raised inner eyebrows**, *strong* **raised outer eyebrows**, *strong* **lowered brows**, and *strong* **tightened eyelids**."
s20_sa_2,20,sadness,2,"Oh no, tennis is not true, please.",normal,normal,normal,front,nodding,none,none,strong,weak,none,moderate,none,none,none,none,none,none,none,none,none,none,weak,"S20 said “Oh no, tennis is not true, please.”, with *normal* **speech rate**, *normal* **pitch**, *normal* **loudness**, while **looking at the camera**, while *nodding*, and *strong* **lowered brows**, *weak* **raised upper eyelids**, *moderate* **tightened eyelids**, and *weak* **blinking**."
s20_sa_3,20,sadness,3,"Everything was so perfect, I cannot understand it.",normal,lower,normal,up,nodding,none,none,moderate,none,none,weak,none,none,none,none,none,none,none,none,none,none,weak,"S20 said “Everything was so perfect, I cannot understand it.”, with *normal* **speech rate**, *lower* **pitch**, *normal* **loudness**, while **looking at the camera**, while *nodding*, and *moderate* **lowered brows**, *weak* **tightened eyelids**, and *weak* **blinking**."
s20_sa_4,20,sadness,4,I still love her,normal,lower,quieter,up,nodding,none,none,strong,none,none,none,none,none,none,none,none,none,none,none,none,none,none,"S20 said “I still love her”, with *normal* **speech rate**, *lower* **pitch**, *quieter* **loudness**, while **looking at the camera**, while *nodding*, and *strong* **lowered brows**."
s20_sa_5,20,sadness,5,She was my life.,normal,lower,louder,front,nodding,none,none,strong,none,weak,strong,none,none,none,none,none,none,none,none,none,none,none,"S20 said “She was my life.”, with *normal* **speech rate**, *lower* **pitch**, *louder* **loudness**, while **looking at the camera**, while *nodding*, and *strong* **lowered brows**, *weak* **raised cheeks**, and *strong* **tightened eyelids**."
s20_su_1,20,surprise,1,You have never told me.,fast,lower,louder,front,nodding,none,weak,none,none,none,weak,none,none,none,none,none,none,none,none,none,none,moderate,"S20 said “You have never told me.”, with *fast* **speech rate**, *lower* **pitch**, *louder* **loudness**, while **looking at the camera**, while *nodding*, and *weak* **raised outer eyebrows**, *weak* **tightened eyelids**, and *moderate* **blinking**."
s20_su_2,20,surprise,2,Are you sure?,normal,normal,quieter,up,nodding,none,none,weak,weak,none,weak,none,none,none,none,none,none,none,none,none,none,none,"S20 said “Are you sure?”, with *normal* **speech rate**, *normal* **pitch**, *quieter* **loudness**, while **looking at the camera**, while *nodding*, and *weak* **lowered brows**, *weak* **raised upper eyelids**, and *weak* **tightened eyelids**."
s20_su_3,20,surprise,3,"Oh, I wouldn't have ever mentioned it.",slow,higher,normal,up,nodding,none,weak,strong,none,none,weak,none,none,none,none,none,none,none,none,none,none,none,"S20 said “Oh, I wouldn't have ever mentioned it.”, with *slow* **speech rate**, *higher* **pitch**, *normal* **loudness**, while **looking at the camera**, while *nodding*, and *weak* **raised outer eyebrows**, *strong* **lowered brows**, and *weak* **tightened eyelids**."
s20_su_4,20,surprise,4,"Oh, I never saw it coming.",normal,normal,normal,front,nodding,none,none,strong,none,none,moderate,none,none,none,none,none,none,none,none,none,none,none,"S20 said “Oh, I never saw it coming.”, with *normal* **speech rate**, *normal* **pitch**, *normal* **loudness**, while **looking at the camera**, while *nodding*, and *strong* **lowered brows** and *moderate* **tightened eyelids**."
s20_su_5,20,surprise,5,"Oh my god, that's so weird",normal,normal,louder,front,nodding,none,none,strong,none,none,strong,none,none,none,none,none,none,none,none,none,none,none,"S20 said “Oh my god, that's so weird”, with *normal* **speech rate**, *normal* **pitch**, *louder* **loudness**, while **looking at the camera**, while *nodding*, and *strong* **lowered brows** and *strong* **tightened eyelids**."
s21_an_1,21,anger,1,What? No no no listen. I need this morning.,normal,normal,louder,front,nodding,none,none,weak,none,none,none,none,none,none,none,none,moderate,none,none,weak,none,none,"S21 said “What? No no no listen. I need this morning.”, with *normal* **speech rate**, *normal* **pitch**, *louder* **loudness**, while **looking at the camera**, while *nodding*, and *weak* **lowered brows**, *moderate* **raised chin**, and *weak* **parted lips**."
s21_an_2,21,anger,2,"I don't care about your coffee. Please, serve me.",normal,lower,louder,front,none,none,none,moderate,none,none,none,none,none,weak,none,none,moderate,weak,moderate,none,none,none,"S21 said “I don't care about your coffee.”, with *normal* **speech rate**, *lower* **pitch**, *louder* **loudness**, while **looking at the camera**, and *moderate* **lowered brows**, *moderate* **raised chin**, and *weak* **stretched lips**. After a *long* **pause**, S21 continued “Please, serve me.”, with *slow* **speech rate**, *normal* **pitch**, *louder* **loudness**, while **looking at the camera**, while *nodding*, and *moderate* **raised inner eyebrows**, *weak* **raised outer eyebrows**, *weak* **lowered brows**, *weak* **raised upper eyelids**, *weak* **raised cheeks**, *moderate* **a smile**, *moderate* **downturned mouth corners**, *moderate* **raised chin**, and *strong* **tightened lips**."
s21_an_3,21,anger,3,I can't have your fire Joe now,normal,normal,louder,up,nodding,none,none,weak,none,none,none,none,none,weak,none,none,moderate,weak,none,strong,none,none,"S21 said “I can't have your fire Joe now”, with *normal* **speech rate**, *normal* **pitch**, *louder* **loudness**, while **looking at the camera**, while *nodding*, and *weak* **lowered brows**, *weak* **a smile**, *moderate* **raised chin**, *weak* **stretched lips**, and *strong* **parted lips**."
s21_an_4,21,anger,4,Is your coffee more important than my morning?,normal,higher,louder,front,nodding,none,none,strong,weak,none,none,none,none,none,none,weak,moderate,none,weak,none,none,none,"S21 said “Is your coffee more important than my morning?”, with *normal* **speech rate**, *higher* **pitch**, *louder* **loudness**, while **looking at the camera**, while *nodding*, and *strong* **lowered brows**, *weak* **raised upper eyelids**, *weak* **downturned mouth corners**, *moderate* **raised chin**, and *weak* **tightened lips**."
s21_an_5,21,anger,5,"If you are getting paid to work, don't drink coffee.",fast,normal,louder,front,none,none,none,strong,none,none,none,none,none,none,none,none,weak,none,none,none,none,none,"S21 said “If you are getting paid to work, don't drink coffee.”, with *fast* **speech rate**, *normal* **pitch**, *louder* **loudness**, while **looking at the camera**, and *strong* **lowered brows** and *weak* **raised chin**."
s21_di_1,21,disgust,1,That's all for you all. I never ignore those again.,normal,normal,normal,front,none,none,none,strong,none,weak,weak,none,none,none,none,none,none,none,none,weak,none,none,"S21 said “That's all for you all. I never ignore those again.”, with *normal* **speech rate**, *normal* **pitch**, *normal* **loudness**, while **looking at the camera**, and *strong* **lowered brows**, *weak* **raised cheeks**, *weak* **tightened eyelids**, and *weak* **parted lips**."
s21_di_2,21,disgust,2,So it's going to smoke inside my plate.,normal,normal,normal,front,none,none,none,strong,none,none,weak,none,none,none,none,none,moderate,none,none,none,none,none,"S21 said “So it's going to smoke inside my plate.”, with *normal* **speech rate**, *normal* **pitch**, *normal* **loudness**, while **looking at the camera**, and *strong* **lowered brows**, *weak* **tightened eyelids**, and *moderate* **raised chin**."
s21_di_3,21,disgust,3,Holy crow crush.,slow,normal,quieter,front,none,none,none,strong,none,none,strong,none,none,none,none,none,none,moderate,none,none,none,none,"S21 said “Holy crow crush.”, with *slow* **speech rate**, *normal* **pitch**, *quieter* **loudness**, while **looking at the camera**, and *strong* **lowered brows**, *strong* **tightened eyelids**, and *moderate* **stretched lips**."
s21_di_4,21,disgust,4,"Oh, this is disgusting.",normal,higher,quieter,front,none,none,weak,strong,none,weak,strong,none,none,none,none,none,strong,none,moderate,none,moderate,moderate,"S21 said “Oh, this is disgusting.”, with *normal* **speech rate**, *higher* **pitch**, *quieter* **loudness**, while **looking at the camera**, and *weak* **raised outer eyebrows**, *strong* **lowered brows**, *weak* **raised cheeks**, *strong* **tightened eyelids**, *strong* **raised chin**, *moderate* **tightened lips**, *moderate* **a dropped jaw**, and *moderate* **blinking**."
s21_di_5,21,disgust,5,That's good.,normal,lower,quieter,front,none,none,none,strong,none,moderate,strong,none,none,none,none,none,none,weak,weak,none,none,strong,"S21 said “That's good.”, with *normal* **speech rate**, *lower* **pitch**, *quieter* **loudness**, while **looking at the camera**, and *strong* **lowered brows**, *moderate* **raised cheeks**, *strong* **tightened eyelids**, *weak* **stretched lips**, *weak* **tightened lips**, and *strong* **blinking**."
s21_fe_1,21,fear,1,oh my god they are so in this house,fast,lower,normal,front,none,none,none,weak,none,none,none,none,none,none,none,none,none,none,none,none,none,none,"S21 said “oh my god they are so in this house”, with *fast* **speech rate**, *lower* **pitch**, *normal* **loudness**, while **looking at the camera**, and *weak* **lowered brows**."
s21_fe_2,21,fear,2,So when he's cleaning down the stair,normal,higher,quieter,front,none,none,none,moderate,none,none,none,none,none,none,none,none,weak,none,moderate,none,none,weak,"S21 said “So when he's cleaning down the stair”, with *normal* **speech rate**, *higher* **pitch**, *quieter* **loudness**, while **looking at the camera**, and *moderate* **lowered brows**, *weak* **raised chin**, *moderate* **tightened lips**, and *weak* **blinking**."
s21_fe_3,21,fear,3,Please don't kill me.,normal,normal,quieter,front,none,none,none,moderate,none,none,none,none,none,none,none,none,none,none,none,none,none,none,"S21 said “Please don't kill me.”, with *normal* **speech rate**, *normal* **pitch**, *quieter* **loudness**, while **looking at the camera**, and *moderate* **lowered brows**."
s21_fe_4,21,fear,4,"I'm not alone, go away!",normal,higher,normal,front,none,none,none,moderate,none,none,none,none,none,none,none,none,weak,weak,weak,none,none,none,"S21 said “I'm not alone, go away!”, with *normal* **speech rate**, *higher* **pitch**, *normal* **loudness**, while **looking at the camera**, and *moderate* **lowered brows**, *weak* **raised chin**, *weak* **stretched lips**, and *weak* **tightened lips**."
s21_fe_5,21,fear,5,"I have nothing to give you. Please don't give, don't help me.",normal,normal,normal,front,none,none,none,moderate,none,none,none,none,none,none,none,none,weak,none,none,none,none,none,"S21 said “I have nothing to give you. Please don't give, don't help me.”, with *normal* **speech rate**, *normal* **pitch**, *normal* **loudness**, while **looking at the camera**, and *moderate* **lowered brows** and *weak* **raised chin**."
s21_ha_1,21,happiness,1,"That's great, young Grishbaugh.",slow,normal,louder,front,none,weak,weak,moderate,none,weak,none,none,none,moderate,none,moderate,moderate,none,none,none,weak,none,"S21 said “That's great, young Grishbaugh.”, with *slow* **speech rate**, *normal* **pitch**, *louder* **loudness**, while **looking at the camera**, and *weak* **raised inner eyebrows**, *weak* **raised outer eyebrows**, *moderate* **lowered brows**, *weak* **raised cheeks**, *moderate* **a smile**, *moderate* **downturned mouth corners**, *moderate* **raised chin**, and *weak* **a dropped jaw**."
s21_ha_2,21,happiness,2,I want this is gray I'm so happy,normal,normal,louder,front,nodding,moderate,moderate,moderate,weak,none,none,none,none,none,none,none,weak,none,none,none,moderate,strong,"S21 said “I want this is gray I'm so happy”, with *normal* **speech rate**, *normal* **pitch**, *louder* **loudness**, while **looking at the camera**, while *nodding*, and *moderate* **raised inner eyebrows**, *moderate* **raised outer eyebrows**, *moderate* **lowered brows**, *weak* **raised upper eyelids**, *weak* **raised chin**, *moderate* **a dropped jaw**, and *strong* **blinking**."
s21_ha_3,21,happiness,3,"Wow, this is so great!",normal,normal,normal,front,nodding,none,none,moderate,none,weak,none,none,none,strong,none,weak,moderate,none,moderate,none,weak,moderate,"S21 said “Wow, this is so great!”, with *normal* **speech rate**, *normal* **pitch**, *normal* **loudness**, while **looking at the camera**, while *nodding*, and *moderate* **lowered brows**, *weak* **raised cheeks**, *strong* **a smile**, *weak* **downturned mouth corners**, *moderate* **raised chin**, *moderate* **tightened lips**, *weak* **a dropped jaw**, and *moderate* **blinking**."
s21_ha_4,21,happiness,4,I am so looking.,normal,normal,normal,front,none,weak,none,moderate,weak,none,none,none,none,moderate,none,none,strong,none,weak,weak,none,none,"S21 said “I am so looking.”, with *normal* **speech rate**, *normal* **pitch**, *normal* **loudness**, while **looking at the camera**, and *weak* **raised inner eyebrows**, *moderate* **lowered brows**, *weak* **raised upper eyelids**, *moderate* **a smile**, *strong* **raised chin**, *weak* **tightened lips**, and *weak* **parted lips**."
s21_ha_5,21,happiness,5,I'm so excited!,slow,normal,normal,front,none,none,none,weak,none,none,none,none,none,weak,none,weak,moderate,none,none,none,weak,none,"S21 said “I'm so excited!”, with *slow* **speech rate**, *normal* **pitch**, *normal* **loudness**, while **looking at the camera**, and *weak* **lowered brows**, *weak* **a smile**, *weak* **downturned mouth corners**, *moderate* **raised chin**, and *weak* **a dropped jaw**."
s21_sa_1,21,sadness,1,Life won't save the same now.,normal,higher,quieter,front,nodding,weak,none,moderate,none,none,none,none,none,none,none,none,none,none,none,weak,none,strong,"S21 said “Life won't save the same now.”, with *normal* **speech rate**, *higher* **pitch**, *quieter* **loudness**, while **looking at the camera**, while *nodding*, and *weak* **raised inner eyebrows**, *moderate* **lowered brows**, *weak* **parted lips**, and *strong* **blinking**."
s21_sa_2,21,sadness,2,"Oh no, tell me this is not true, please.",fast,normal,normal,front,none,none,none,strong,none,none,none,none,none,none,none,none,none,none,none,none,none,weak,"S21 said “Oh no, tell me this is not true, please.”, with *fast* **speech rate**, *normal* **pitch**, *normal* **loudness**, while **looking at the camera**, and *strong* **lowered brows** and *weak* **blinking**."
s21_sa_3,21,sadness,3,Everything was so perfect. I don't understand.,slow,lower,quieter,front,none,none,none,strong,none,none,none,none,none,none,none,none,none,none,none,none,none,none,"S21 said “Everything was so perfect. I don't understand.”, with *slow* **speech rate**, *lower* **pitch**, *quieter* **loudness**, while **looking at the camera**, and *strong* **lowered brows**."
s21_sa_4,21,sadness,4,I still love her.,normal,higher,quieter,front,none,none,none,strong,none,none,weak,none,none,none,none,none,none,none,none,none,none,strong,"S21 said “I still love her.”, with *normal* **speech rate**, *higher* **pitch**, *quieter* **loudness**, while **looking at the camera**, and *strong* **lowered brows**, *weak* **tightened eyelids**, and *strong* **blinking**."
s21_sa_5,21,sadness,5,She was my life.,normal,normal,quieter,front,none,none,none,strong,none,none,none,none,none,none,none,none,none,none,none,moderate,none,strong,"S21 said “She was my life.”, with *normal* **speech rate**, *normal* **pitch**, *quieter* **loudness**, while **looking at the camera**, and *strong* **lowered brows**, *moderate* **parted lips**, and *strong* **blinking**."
s21_su_1,21,surprise,1,You are never telling me that.,fast,lower,normal,up,nodding,none,none,none,none,none,none,none,none,none,none,none,none,none,none,none,none,none,"S21 said “You are never telling me that.”, with *fast* **speech rate**, *lower* **pitch**, *normal* **loudness**, while **looking at the camera**, and while *nodding*."
s21_su_2,21,surprise,2,I didn't expect that.,normal,higher,quieter,up,nodding,none,none,none,none,none,none,none,none,none,none,none,none,none,none,none,none,none,"S21 said “I didn't expect that.”, with *normal* **speech rate**, *higher* **pitch**, *quieter* **loudness**, while **looking at the camera**, and while *nodding*."
s21_su_3,21,surprise,3,Wow I would never believe this,normal,lower,normal,front,nodding,none,none,none,none,none,none,none,none,none,none,none,moderate,none,none,none,weak,none,"S21 said “Wow I would never believe this”, with *normal* **speech rate**, *lower* **pitch**, *normal* **loudness**, while **looking at the camera**, while *nodding*, and *moderate* **raised chin** and *weak* **a dropped jaw**."
s21_su_4,21,surprise,4,I never saw that coming.,normal,higher,normal,front,tilting,none,none,none,none,none,none,none,none,none,none,none,weak,none,weak,none,none,none,"S21 said “I never saw that coming.”, with *normal* **speech rate**, *higher* **pitch**, *normal* **loudness**, while **looking at the camera**, while *tilting* their **head**, and *weak* **raised chin** and *weak* **tightened lips**."
s21_su_5,21,surprise,5,"Oh my goodness. So, so, so weird.",normal,lower,quieter,front,none,none,none,none,none,none,none,none,none,none,none,none,none,none,none,none,none,none,"S21 said “Oh my goodness. So, so, so weird.”, with *normal* **speech rate**, *lower* **pitch**, *quieter* **loudness**, and while **looking at the camera**."
s22_an_1,22,anger,1,"What? No, no, no, listen. I need this money.",normal,higher,louder,front,none,none,none,none,none,none,none,none,none,weak,none,none,none,none,none,none,none,none,"S22 said “What? No, no, no, listen. I need this money.”, with *normal* **speech rate**, *higher* **pitch**, *louder* **loudness**, while **looking at the camera**, and *weak* **a smile**."
s22_an_2,22,anger,2,"I don't care about your coffee, please serve me.",fast,higher,louder,front,none,none,none,none,none,none,none,none,weak,weak,moderate,none,none,none,none,none,none,none,"S22 said “I don't care about your coffee, please serve me.”, with *fast* **speech rate**, *higher* **pitch**, *louder* **loudness**, while **looking at the camera**, and *weak* **raised upper lip**, *weak* **a smile**, and *moderate* **a tight smile**."
s22_an_3,22,anger,3,"I can have you fired, you know?",fast,normal,louder,front,none,none,none,strong,none,none,none,none,weak,strong,moderate,none,none,none,none,none,none,none,"S22 said “I can have you fired, you know?”, with *fast* **speech rate**, *normal* **pitch**, *louder* **loudness**, while **looking at the camera**, and *strong* **lowered brows**, *weak* **raised upper lip**, *strong* **a smile**, and *moderate* **a tight smile**."
s22_an_4,22,anger,4,Is your coffee more important than my money?,normal,higher,louder,front,none,none,none,strong,none,none,none,none,weak,moderate,none,none,none,none,none,none,none,none,"S22 said “Is your coffee more important than my money?”, with *normal* **speech rate**, *higher* **pitch**, *louder* **loudness**, while **looking at the camera**, and *strong* **lowered brows**, *weak* **raised upper lip**, and *moderate* **a smile**."
s22_an_5,22,anger,5,"You're getting paid to work, not to drink coffee.",normal,higher,louder,front,none,none,none,strong,none,none,none,none,none,moderate,weak,weak,none,none,none,none,none,none,"S22 said “You're getting paid to work, not to drink coffee.”, with *normal* **speech rate**, *higher* **pitch**, *louder* **loudness**, while **looking at the camera**, and *strong* **lowered brows**, *moderate* **a smile**, *weak* **a tight smile**, and *weak* **downturned mouth corners**."
s22_di_1,22,disgust,1,"That's horrible, I never eat noodles again.",normal,lower,normal,front,none,none,none,none,none,strong,moderate,none,none,none,none,weak,none,none,none,none,none,moderate,"S22 said “That's horrible, I never eat noodles again.”, with *normal* **speech rate**, *lower* **pitch**, *normal* **loudness**, while **looking at the camera**, and *strong* **raised cheeks**, *moderate* **tightened eyelids**, *weak* **downturned mouth corners**, and *moderate* **blinking**."
s22_di_2,22,disgust,2,Something is moving inside my plate,normal,normal,quieter,front,none,weak,none,none,none,moderate,moderate,none,strong,strong,none,weak,weak,none,none,none,none,none,"S22 said “Something is moving inside my plate”, with *normal* **speech rate**, *normal* **pitch**, *quieter* **loudness**, while **looking at the camera**, and *weak* **raised inner eyebrows**, *moderate* **raised cheeks**, *moderate* **tightened eyelids**, *strong* **raised upper lip**, *strong* **a smile**, *weak* **downturned mouth corners**, and *weak* **raised chin**."
s22_di_3,22,disgust,3,"Ahh, a cockroach!",slow,higher,louder,front,none,weak,none,strong,none,none,none,none,weak,strong,weak,none,none,none,weak,none,none,none,"S22 said “Ahh, a cockroach!”, with *slow* **speech rate**, *higher* **pitch**, *louder* **loudness**, while **looking at the camera**, and *weak* **raised inner eyebrows**, *strong* **lowered brows**, *weak* **raised upper lip**, *strong* **a smile**, *weak* **a tight smile**, and *weak* **tightened lips**."
s22_di_4,22,disgust,4,"Eek, this is disgusting",normal,normal,normal,front,none,moderate,weak,strong,none,weak,none,none,strong,none,moderate,none,none,moderate,none,none,none,none,"S22 said “Eek, this is disgusting”, with *normal* **speech rate**, *normal* **pitch**, *normal* **loudness**, while **looking at the camera**, and *moderate* **raised inner eyebrows**, *weak* **raised outer eyebrows**, *strong* **lowered brows**, *weak* **raised cheeks**, *strong* **raised upper lip**, *moderate* **a tight smile**, and *moderate* **stretched lips**."
s22_di_5,22,disgust,5,That's gross.,slow,lower,normal,front,none,moderate,none,strong,none,weak,none,moderate,strong,strong,moderate,none,none,none,none,moderate,none,strong,"S22 said “That's gross.”, with *slow* **speech rate**, *lower* **pitch**, *normal* **loudness**, while **looking at the camera**, and *moderate* **raised inner eyebrows**, *strong* **lowered brows**, *weak* **raised cheeks**, *moderate* **wrinkled nose**, *strong* **raised upper lip**, *strong* **a smile**, *moderate* **a tight smile**, *moderate* **parted lips**, and *strong* **blinking**."
s22_fe_1,22,fear,1,"Oh my god, there's somebody climbing in the house.",normal,lower,quieter,front,none,none,none,none,none,none,none,none,none,strong,strong,none,none,none,none,none,none,none,"S22 said “Oh my god, there's somebody climbing in the house.”, with *normal* **speech rate**, *lower* **pitch**, *quieter* **loudness**, while **looking at the camera**, and *strong* **a smile** and *strong* **a tight smile**."
s22_fe_2,22,fear,2,Someone is climbing up the stairs.,fast,lower,quieter,front,none,none,weak,strong,none,none,none,none,none,weak,none,none,none,none,none,none,none,none,"S22 said “Someone is climbing up the stairs.”, with *fast* **speech rate**, *lower* **pitch**, *quieter* **loudness**, while **looking at the camera**, and *weak* **raised outer eyebrows**, *strong* **lowered brows**, and *weak* **a smile**."
s22_fe_3,22,fear,3,Please don't kill me.,normal,higher,normal,front,none,none,none,strong,none,none,none,none,none,weak,none,none,none,none,none,moderate,none,none,"S22 said “Please don't kill me.”, with *normal* **speech rate**, *higher* **pitch**, *normal* **loudness**, while **looking at the camera**, and *strong* **lowered brows**, *weak* **a smile**, and *moderate* **parted lips**."
s22_fe_4,22,fear,4,"I'm not alone, go away!",normal,higher,normal,front,none,none,none,strong,none,none,none,none,none,moderate,none,none,none,none,none,none,none,moderate,"S22 said “I'm not alone, go away!”, with *normal* **speech rate**, *higher* **pitch**, *normal* **loudness**, while **looking at the camera**, and *strong* **lowered brows**, *moderate* **a smile**, and *moderate* **blinking**."
s22_fe_5,22,fear,5,I have nothing to give you please don't hurt me,fast,higher,normal,up,nodding,none,none,strong,none,none,none,none,none,weak,weak,none,none,none,none,none,none,none,"S22 said “I have nothing to give you please don't hurt me”, with *fast* **speech rate**, *higher* **pitch**, *normal* **loudness**, while **looking at the camera**, while *nodding*, and *strong* **lowered brows**, *weak* **a smile**, and *weak* **a tight smile**."
s22_ha_1,22,happiness,1,That's great! I'm rich now!,normal,normal,normal,up,nodding,none,none,moderate,none,none,none,none,weak,none,strong,none,none,none,none,none,none,none,"S22 said “That's great! I'm rich now!”, with *normal* **speech rate**, *normal* **pitch**, *normal* **loudness**, while **looking at the camera**, while *nodding*, and *moderate* **lowered brows**, *weak* **raised upper lip**, and *strong* **a tight smile**."
s22_ha_2,22,happiness,2,"I won, this is great, I'm so happy.",normal,normal,louder,up,none,none,none,strong,none,none,none,none,none,strong,moderate,none,none,none,none,none,none,none,"S22 said “I won, this is great, I'm so happy.”, with *normal* **speech rate**, *normal* **pitch**, *louder* **loudness**, while **looking at the camera**, and *strong* **lowered brows**, *strong* **a smile**, and *moderate* **a tight smile**."
s22_ha_3,22,happiness,3,Wow! This is so great!,normal,normal,louder,up,none,none,none,strong,none,none,none,none,none,strong,moderate,none,none,none,none,none,none,none,"S22 said “Wow! This is so great!”, with *normal* **speech rate**, *normal* **pitch**, *louder* **loudness**, while **looking at the camera**, and *strong* **lowered brows**, *strong* **a smile**, and *moderate* **a tight smile**."
s22_ha_4,22,happiness,4,I'm so lucky,slow,normal,normal,up,none,none,none,moderate,none,none,none,none,none,moderate,weak,none,none,none,none,none,none,none,"S22 said “I'm so lucky”, with *slow* **speech rate**, *normal* **pitch**, *normal* **loudness**, while **looking at the camera**, and *moderate* **lowered brows**, *moderate* **a smile**, and *weak* **a tight smile**."
s22_ha_5,22,happiness,5,I'm so excited,slow,lower,quieter,front,none,none,none,strong,none,none,none,none,none,strong,weak,none,none,none,none,none,none,none,"S22 said “I'm so excited”, with *slow* **speech rate**, *lower* **pitch**, *quieter* **loudness**, while **looking at the camera**, and *strong* **lowered brows**, *strong* **a smile**, and *weak* **a tight smile**."
s22_sa_1,22,sadness,1,left one with the same,normal,lower,quieter,front,nodding,none,none,none,none,none,none,none,none,moderate,none,none,none,none,none,none,none,none,"S22 said “left one with the same”, with *normal* **speech rate**, *lower* **pitch**, *quieter* **loudness**, while **looking at the camera**, while *nodding*, and *moderate* **a smile**."
s22_sa_2,22,sadness,2,"Oh no, tell me this is not true, please.",fast,lower,normal,front,none,none,none,none,none,none,none,none,none,none,none,none,none,none,none,none,none,none,"S22 said “Oh no, tell me this is not true, please.”, with *fast* **speech rate**, *lower* **pitch**, *normal* **loudness**, and while **looking at the camera**."
s22_sa_3,22,sadness,3,"Everything was so perfect, I don't understand.",normal,lower,quieter,front,none,none,none,none,none,none,none,none,none,none,none,none,none,none,none,none,none,none,"S22 said “Everything was so perfect, I don't understand.”, with *normal* **speech rate**, *lower* **pitch**, *quieter* **loudness**, and while **looking at the camera**."
s22_sa_4,22,sadness,4,I still love her,fast,lower,normal,front,none,none,none,none,none,none,none,none,none,none,none,none,none,none,none,none,none,none,"S22 said “I still love her”, with *fast* **speech rate**, *lower* **pitch**, *normal* **loudness**, and while **looking at the camera**."
s22_sa_5,22,sadness,5,She was my life.,normal,lower,quieter,front,nodding,none,none,none,none,none,none,none,none,none,none,none,none,none,none,none,none,moderate,"S22 said “She was my life.”, with *normal* **speech rate**, *lower* **pitch**, *quieter* **loudness**, while **looking at the camera**, while *nodding*, and *moderate* **blinking**."
s22_su_1,22,surprise,1,You have never told me that.,fast,higher,normal,front,none,none,moderate,strong,none,none,none,none,none,moderate,none,moderate,none,none,none,none,none,none,"S22 said “You have never told me that.”, with *fast* **speech rate**, *higher* **pitch**, *normal* **loudness**, while **looking at the camera**, and *moderate* **raised outer eyebrows**, *strong* **lowered brows**, *moderate* **a smile**, and *moderate* **downturned mouth corners**."
s22_su_2,22,surprise,2,I didn't expect that.,normal,normal,normal,front,none,weak,none,strong,none,none,none,none,none,moderate,none,none,none,none,none,none,none,weak,"S22 said “I didn't expect that.”, with *normal* **speech rate**, *normal* **pitch**, *normal* **loudness**, while **looking at the camera**, and *weak* **raised inner eyebrows**, *strong* **lowered brows**, *moderate* **a smile**, and *weak* **blinking**."
s22_su_3,22,surprise,3,"Whoa, I never have believed this.",normal,normal,normal,front,none,none,none,strong,none,none,none,none,none,weak,none,none,none,none,none,none,none,weak,"S22 said “Whoa, I never have believed this.”, with *normal* **speech rate**, *normal* **pitch**, *normal* **loudness**, while **looking at the camera**, and *strong* **lowered brows**, *weak* **a smile**, and *weak* **blinking**."
s22_su_4,22,surprise,4,I never saw that coming.,normal,higher,quieter,front,none,none,none,strong,none,none,none,none,none,weak,none,none,none,none,none,none,none,none,"S22 said “I never saw that coming.”, with *normal* **speech rate**, *higher* **pitch**, *quieter* **loudness**, while **looking at the camera**, and *strong* **lowered brows** and *weak* **a smile**."
s22_su_5,22,surprise,5,Oh my god that's so weird,normal,normal,louder,front,nodding,none,weak,strong,none,none,none,none,none,moderate,none,none,none,weak,none,none,none,none,"S22 said “Oh my god that's so weird”, with *normal* **speech rate**, *normal* **pitch**, *louder* **loudness**, while **looking at the camera**, while *nodding*, and *weak* **raised outer eyebrows**, *strong* **lowered brows**, *moderate* **a smile**, and *weak* **stretched lips**."
s23_an_1,23,anger,1,"What? No, no. Listen, I need this money.",slow,normal,quieter,front,tilting,none,weak,none,none,weak,strong,none,none,weak,strong,none,none,none,none,none,none,none,"S23 said “What? No, no. Listen, I need this money.”, with *slow* **speech rate**, *normal* **pitch**, *quieter* **loudness**, while **looking at the camera**, while *tilting* their **head**, and *weak* **raised outer eyebrows**, *weak* **raised cheeks**, *strong* **tightened eyelids**, *weak* **a smile**, and *strong* **a tight smile**."
s23_an_2,23,anger,2,"I don't care about your coffee, please serve me.",normal,higher,normal,front,none,none,none,none,none,weak,moderate,weak,none,none,weak,none,none,none,none,none,none,none,"S23 said “I don't care about your coffee, please serve me.”, with *normal* **speech rate**, *higher* **pitch**, *normal* **loudness**, while **looking at the camera**, and *weak* **raised cheeks**, *moderate* **tightened eyelids**, *weak* **wrinkled nose**, and *weak* **a tight smile**."
s23_an_3,23,anger,3,I can have you fire now.,fast,normal,louder,front,none,none,none,none,none,none,weak,none,none,none,weak,none,none,none,none,moderate,none,none,"S23 said “I can have you fire now.”, with *fast* **speech rate**, *normal* **pitch**, *louder* **loudness**, while **looking at the camera**, and *weak* **tightened eyelids**, *weak* **a tight smile**, and *moderate* **parted lips**."
s23_an_4,23,anger,4,It's your coffee more important than my money.,normal,normal,louder,front,nodding,none,none,strong,none,weak,moderate,none,none,none,strong,none,none,none,none,none,none,none,"S23 said “It's your coffee more important than my money.”, with *normal* **speech rate**, *normal* **pitch**, *louder* **loudness**, while **looking at the camera**, while *nodding*, and *strong* **lowered brows**, *weak* **raised cheeks**, *moderate* **tightened eyelids**, and *strong* **a tight smile**."
s23_an_5,23,anger,5,"You're getting paid to work, not drink coffee.",normal,higher,louder,front,none,none,none,strong,none,none,weak,none,none,none,moderate,none,none,none,none,none,none,none,"S23 said “You're getting paid to work, not drink coffee.”, with *normal* **speech rate**, *higher* **pitch**, *louder* **loudness**, while **looking at the camera**, and *strong* **lowered brows**, *weak* **tightened eyelids**, and *moderate* **a tight smile**."
s23_di_1,23,disgust,1,"That's horrible, I'll never hit Nodos again.",normal,normal,normal,front,nodding,none,none,none,none,none,moderate,none,none,none,moderate,none,none,none,none,none,none,none,"S23 said “That's horrible, I'll never hit Nodos again.”, with *normal* **speech rate**, *normal* **pitch**, *normal* **loudness**, while **looking at the camera**, while *nodding*, and *moderate* **tightened eyelids** and *moderate* **a tight smile**."
s23_di_2,23,disgust,2,Something is moving inside my plate,normal,normal,quieter,front,none,none,none,strong,none,weak,moderate,none,none,none,strong,none,none,none,none,none,none,none,"S23 said “Something is moving inside my plate”, with *normal* **speech rate**, *normal* **pitch**, *quieter* **loudness**, while **looking at the camera**, and *strong* **lowered brows**, *weak* **raised cheeks**, *moderate* **tightened eyelids**, and *strong* **a tight smile**."
s23_di_3,23,disgust,3,"Ah, a cockroach.",slow,normal,normal,front,nodding,none,none,none,none,moderate,none,none,strong,none,strong,none,none,none,none,none,none,none,"S23 said “Ah, a cockroach.”, with *slow* **speech rate**, *normal* **pitch**, *normal* **loudness**, while **looking at the camera**, while *nodding*, and *moderate* **raised cheeks**, *strong* **raised upper lip**, and *strong* **a tight smile**."
s23_di_4,23,disgust,4,"Ehh, this is disgusting.",normal,higher,louder,front,nodding,none,none,none,none,strong,none,none,strong,strong,none,none,none,none,none,none,none,none,"S23 said “Ehh, this is disgusting.”, with *normal* **speech rate**, *higher* **pitch**, *louder* **loudness**, while **looking at the camera**, while *nodding*, and *strong* **raised cheeks**, *strong* **raised upper lip**, and *strong* **a smile**."
s23_di_5,23,disgust,5,That's gross.,slow,lower,quieter,front,none,none,none,none,none,weak,strong,none,none,none,moderate,none,none,none,none,none,none,strong,"S23 said “That's gross.”, with *slow* **speech rate**, *lower* **pitch**, *quieter* **loudness**, while **looking at the camera**, and *weak* **raised cheeks**, *strong* **tightened eyelids**, *moderate* **a tight smile**, and *strong* **blinking**."
s23_fe_1,23,fear,1,"Oh my God, there is someone in the house.",normal,lower,quieter,front,none,none,none,none,none,none,none,none,none,none,moderate,none,none,none,none,none,none,none,"S23 said “Oh my God, there is someone in the house.”, with *normal* **speech rate**, *lower* **pitch**, *quieter* **loudness**, while **looking at the camera**, and *moderate* **a tight smile**."
s23_fe_2,23,fear,2,someone is climbing in the stairs,normal,lower,normal,front,nodding,none,none,none,none,none,none,none,none,none,moderate,none,none,none,none,none,none,none,"S23 said “someone is climbing in the stairs”, with *normal* **speech rate**, *lower* **pitch**, *normal* **loudness**, while **looking at the camera**, while *nodding*, and *moderate* **a tight smile**."
s23_fe_3,23,fear,3,"Please, don't kill me.",normal,higher,normal,front,none,none,none,none,none,none,weak,none,none,weak,moderate,none,none,weak,none,none,none,none,"S23 said “Please, don't kill me.”, with *normal* **speech rate**, *higher* **pitch**, *normal* **loudness**, while **looking at the camera**, and *weak* **tightened eyelids**, *weak* **a smile**, *moderate* **a tight smile**, and *weak* **stretched lips**."
s23_fe_4,23,fear,4,I'm not alone. Go away.,slow,normal,normal,front,none,none,none,strong,none,weak,moderate,none,none,weak,strong,none,none,none,none,none,none,none,"S23 said “I'm not alone. Go away.”, with *slow* **speech rate**, *normal* **pitch**, *normal* **loudness**, while **looking at the camera**, and *strong* **lowered brows**, *weak* **raised cheeks**, *moderate* **tightened eyelids**, *weak* **a smile**, and *strong* **a tight smile**."
s23_fe_5,23,fear,5,I have nothing to give. Please don't hurt me.,normal,normal,quieter,front,nodding,none,none,moderate,none,none,none,none,none,none,moderate,none,none,none,none,none,none,none,"S23 said “I have nothing to give. Please don't hurt me.”, with *normal* **speech rate**, *normal* **pitch**, *quieter* **loudness**, while **looking at the camera**, while *nodding*, and *moderate* **lowered brows** and *moderate* **a tight smile**."
s23_ha_4,23,happiness,4,I'm so lucky.,normal,higher,louder,left,none,none,none,none,none,strong,strong,weak,moderate,none,strong,none,none,none,none,none,none,none,"S23 said “I'm so lucky.”, with *normal* **speech rate**, *higher* **pitch**, *louder* **loudness**, while **looking at the camera**, and *strong* **raised cheeks**, *strong* **tightened eyelids**, *weak* **wrinkled nose**, *moderate* **raised upper lip**, and *strong* **a tight smile**."
s23_ha_5,23,happiness,5,I'm so excited.,normal,higher,louder,front,none,none,none,none,none,moderate,moderate,none,moderate,strong,strong,none,weak,none,moderate,none,weak,none,"S23 said “I'm so excited.”, with *normal* **speech rate**, *higher* **pitch**, *louder* **loudness**, while **looking at the camera**, and *moderate* **raised cheeks**, *moderate* **tightened eyelids**, *moderate* **raised upper lip**, *strong* **a smile**, *strong* **a tight smile**, *weak* **raised chin**, *moderate* **tightened lips**, and *weak* **a dropped jaw**."
s23_sa_1,23,sadness,1,Life will be the same now.,fast,lower,quieter,front,none,none,none,none,none,none,none,none,none,none,none,none,none,none,none,none,none,none,"S23 said “Life will be the same now.”, with *fast* **speech rate**, *lower* **pitch**, *quieter* **loudness**, and while **looking at the camera**."
s23_sa_2,23,sadness,2,"Oh no, tell me this is not true, please.",normal,lower,quieter,front,none,none,none,none,none,none,none,none,none,none,weak,none,none,none,none,none,none,none,"S23 said “Oh no, tell me this is not true, please.”, with *normal* **speech rate**, *lower* **pitch**, *quieter* **loudness**, while **looking at the camera**, and *weak* **a tight smile**."
s23_sa_3,23,sadness,3,Everything was so perfect. I just don't understand.,normal,lower,quieter,front,none,none,none,none,none,none,none,none,none,none,weak,none,none,none,none,none,none,none,"S23 said “Everything was so perfect. I just don't understand.”, with *normal* **speech rate**, *lower* **pitch**, *quieter* **loudness**, while **looking at the camera**, and *weak* **a tight smile**."
s23_sa_4,23,sadness,4,I still loved her,normal,lower,quieter,front,nodding,none,none,none,none,none,none,none,none,none,weak,none,none,none,none,none,none,none,"S23 said “I still loved her”, with *normal* **speech rate**, *lower* **pitch**, *quieter* **loudness**, while **looking at the camera**, while *nodding*, and *weak* **a tight smile**."
s23_sa_5,23,sadness,5,She was my life.,fast,lower,quieter,front,none,none,none,none,none,none,none,none,none,none,none,none,none,none,none,weak,none,none,"S23 said “She was my life.”, with *fast* **speech rate**, *lower* **pitch**, *quieter* **loudness**, while **looking at the camera**, and *weak* **parted lips**."
s23_su_1,23,surprise,1,You never told me that.,normal,higher,louder,front,nodding,none,none,none,none,none,none,none,none,weak,weak,none,none,none,weak,none,none,weak,"S23 said “You never told me that.”, with *normal* **speech rate**, *higher* **pitch**, *louder* **loudness**, while **looking at the camera**, while *nodding*, and *weak* **a smile**, *weak* **a tight smile**, *weak* **tightened lips**, and *weak* **blinking**."
s23_su_2,23,surprise,2,I didn't expect that,normal,higher,louder,front,none,none,none,none,none,none,none,none,none,none,moderate,none,none,none,none,none,none,none,"S23 said “I didn't expect that”, with *normal* **speech rate**, *higher* **pitch**, *louder* **loudness**, while **looking at the camera**, and *moderate* **a tight smile**."
s23_su_3,23,surprise,3,"Wow, I will never have believed this.",normal,normal,louder,front,none,none,none,none,none,none,none,none,none,none,moderate,none,none,none,none,none,none,none,"S23 said “Wow, I will never have believed this.”, with *normal* **speech rate**, *normal* **pitch**, *louder* **loudness**, while **looking at the camera**, and *moderate* **a tight smile**."
s23_su_4,23,surprise,4,I never saw that coming.,normal,higher,normal,front,none,none,none,none,none,none,none,none,none,none,weak,none,none,weak,none,none,none,none,"S23 said “I never saw that coming.”, with *normal* **speech rate**, *higher* **pitch**, *normal* **loudness**, while **looking at the camera**, and *weak* **a tight smile** and *weak* **stretched lips**."
s23_su_5,23,surprise,5,"Oh my god, that's so weird.",fast,normal,louder,front,none,none,none,none,none,none,none,none,none,none,weak,none,none,none,none,none,weak,none,"S23 said “Oh my god, that's so weird.”, with *fast* **speech rate**, *normal* **pitch**, *louder* **loudness**, while **looking at the camera**, and *weak* **a tight smile** and *weak* **a dropped jaw**."
s24_an_1,24,anger,1,"What? Listen, listen, I need this money.",slow,normal,normal,front,nodding,none,none,none,none,none,none,none,none,none,none,none,none,none,none,none,none,none,"S24 said “What? Listen, listen, I need this money.”, with *slow* **speech rate**, *normal* **pitch**, *normal* **loudness**, while **looking at the camera**, and while *nodding*."
s24_an_2,24,anger,2,"I don't care about your coffee, please serve me now.",normal,normal,louder,front,none,none,none,none,none,none,none,none,none,none,none,none,none,none,none,none,none,weak,"S24 said “I don't care about your coffee, please serve me now.”, with *normal* **speech rate**, *normal* **pitch**, *louder* **loudness**, while **looking at the camera**, and *weak* **blinking**."
s24_an_3,24,anger,3,I can... I've fired you now!,normal,higher,normal,front,none,none,none,none,none,none,none,none,none,none,none,moderate,weak,none,none,none,none,none,"S24 said “I can... I've fired you now!”, with *normal* **speech rate**, *higher* **pitch**, *normal* **loudness**, while **looking at the camera**, and *moderate* **downturned mouth corners** and *weak* **raised chin**."
s24_an_4,24,anger,4,Is your coffee more important than my money?,normal,normal,louder,front,none,none,none,none,none,none,none,none,none,none,none,none,none,none,none,none,none,none,"S24 said “Is your coffee more important than my money?”, with *normal* **speech rate**, *normal* **pitch**, *louder* **loudness**, and while **looking at the camera**."
s24_an_5,24,anger,5,"You're getting paid to work, not drinking coffee.",slow,normal,louder,front,shaking,none,none,none,none,none,none,none,none,none,none,none,none,none,none,none,none,none,"S24 said “You're getting paid to work, not drinking coffee.”, with *slow* **speech rate**, *normal* **pitch**, *louder* **loudness**, while **looking at the camera**, and while *shaking* their **head**."
s24_di_1,24,disgust,1,"That's horrible, I never eat noodles again.",slow,lower,normal,front,none,none,none,weak,none,none,none,none,none,none,none,none,none,none,none,none,none,none,"S24 said “That's horrible, I never eat noodles again.”, with *slow* **speech rate**, *lower* **pitch**, *normal* **loudness**, while **looking at the camera**, and *weak* **lowered brows**."
s24_di_2,24,disgust,2,Something is moving inside my plate.,normal,normal,louder,front,none,none,none,weak,none,none,none,none,none,none,none,none,none,none,none,none,none,moderate,"S24 said “Something is moving inside my plate.”, with *normal* **speech rate**, *normal* **pitch**, *louder* **loudness**, while **looking at the camera**, and *weak* **lowered brows** and *moderate* **blinking**."
s24_di_3,24,disgust,3,"Uh, co -croach.",slow,higher,normal,front,none,none,none,moderate,none,weak,strong,none,none,moderate,none,none,none,none,none,weak,none,moderate,"S24 said “Uh, co -croach.”, with *slow* **speech rate**, *higher* **pitch**, *normal* **loudness**, while **looking at the camera**, and *moderate* **lowered brows**, *weak* **raised cheeks**, *strong* **tightened eyelids**, *moderate* **a smile**, *weak* **parted lips**, and *moderate* **blinking**."
s24_di_4,24,disgust,4,"Yeah, this is disgusting.",slow,higher,normal,down,none,none,none,none,weak,weak,moderate,none,none,strong,none,none,none,none,none,none,none,none,"S24 said “Yeah, this is disgusting.”, with *slow* **speech rate**, *higher* **pitch**, *normal* **loudness**, while **looking at the camera**, and *weak* **raised upper eyelids**, *weak* **raised cheeks**, *moderate* **tightened eyelids**, and *strong* **a smile**."
s24_di_5,24,disgust,5,That's gross!,slow,lower,quieter,front,none,none,none,none,none,none,moderate,weak,none,none,none,none,none,none,none,moderate,none,strong,"S24 said “That's gross!”, with *slow* **speech rate**, *lower* **pitch**, *quieter* **loudness**, while **looking at the camera**, and *moderate* **tightened eyelids**, *weak* **wrinkled nose**, *moderate* **parted lips**, and *strong* **blinking**."
s24_fe_1,24,fear,1,"Oh my god, there's someone in the house.",normal,lower,quieter,front,none,none,none,none,none,none,none,none,none,none,none,none,none,none,none,none,none,moderate,"S24 said “Oh my god, there's someone in the house.”, with *normal* **speech rate**, *lower* **pitch**, *quieter* **loudness**, while **looking at the camera**, and *moderate* **blinking**."
s24_fe_2,24,fear,2,Someone is climbing up the stairs.,slow,higher,quieter,front,none,none,none,none,weak,none,none,none,none,none,none,none,none,none,none,none,none,weak,"S24 said “Someone is climbing up the stairs.”, with *slow* **speech rate**, *higher* **pitch**, *quieter* **loudness**, while **looking at the camera**, and *weak* **raised upper eyelids** and *weak* **blinking**."
s24_fe_3,24,fear,3,"Please, don't kill me.",slow,normal,quieter,front,nodding,none,none,none,none,none,none,none,none,none,none,none,none,none,none,none,none,none,"S24 said “Please, don't kill me.”, with *slow* **speech rate**, *normal* **pitch**, *quieter* **loudness**, while **looking at the camera**, and while *nodding*."
s24_fe_4,24,fear,4,I'm not alone! Go away!,slow,higher,louder,front,none,none,none,none,none,none,none,none,none,none,none,none,none,none,none,none,none,none,"S24 said “I'm not alone! Go away!”, with *slow* **speech rate**, *higher* **pitch**, *louder* **loudness**, and while **looking at the camera**."
s24_fe_5,24,fear,5,"I have nothing to give you, please don't hurt me.",normal,higher,louder,front,none,none,none,none,none,none,none,none,none,none,none,none,none,none,none,none,none,moderate,"S24 said “I have nothing to give you, please don't hurt me.”, with *normal* **speech rate**, *higher* **pitch**, *louder* **loudness**, while **looking at the camera**, and *moderate* **blinking**."
s24_ha_1,24,happiness,1,That's great! I'm rich now!,normal,lower,louder,front,none,none,none,none,none,none,none,none,none,none,none,none,none,none,none,none,none,weak,"S24 said “That's great! I'm rich now!”, with *normal* **speech rate**, *lower* **pitch**, *louder* **loudness**, while **looking at the camera**, and *weak* **blinking**."
s24_ha_2,24,happiness,2,I won! This is great! I'm so happy!,normal,higher,louder,front,none,none,none,none,none,none,none,none,none,moderate,none,none,none,none,none,none,none,moderate,"S24 said “I won! This is great! I'm so happy!”, with *normal* **speech rate**, *higher* **pitch**, *louder* **loudness**, while **looking at the camera**, and *moderate* **a smile** and *moderate* **blinking**."
s24_ha_3,24,happiness,3,"Wow, this is so great!",slow,higher,louder,front,nodding,none,weak,none,none,none,weak,none,none,none,none,none,none,none,none,none,none,weak,"S24 said “Wow, this is so great!”, with *slow* **speech rate**, *higher* **pitch**, *louder* **loudness**, while **looking at the camera**, while *nodding*, and *weak* **raised outer eyebrows**, *weak* **tightened eyelids**, and *weak* **blinking**."
s24_ha_4,24,happiness,4,I am so lucky!,slow,normal,normal,front,none,weak,weak,none,weak,none,none,none,none,none,none,moderate,none,none,none,none,none,weak,"S24 said “I am so lucky!”, with *slow* **speech rate**, *normal* **pitch**, *normal* **loudness**, while **looking at the camera**, and *weak* **raised inner eyebrows**, *weak* **raised outer eyebrows**, *weak* **raised upper eyelids**, *moderate* **downturned mouth corners**, and *weak* **blinking**."
s24_ha_5,24,happiness,5,I'm so excited!,slow,normal,normal,front,none,none,none,none,none,none,none,none,none,none,none,none,moderate,weak,none,none,none,moderate,"S24 said “I'm so excited!”, with *slow* **speech rate**, *normal* **pitch**, *normal* **loudness**, while **looking at the camera**, and *moderate* **raised chin**, *weak* **stretched lips**, and *moderate* **blinking**."
s24_sa_1,24,sadness,1,Life won't be the same now.,normal,lower,quieter,front,nodding,none,none,none,none,none,none,weak,none,none,none,none,none,none,none,none,none,none,"S24 said “Life won't be the same now.”, with *normal* **speech rate**, *lower* **pitch**, *quieter* **loudness**, while **looking at the camera**, while *nodding*, and *weak* **wrinkled nose**."
s24_sa_2,24,sadness,2,"No, that means it's not true, please.",normal,normal,quieter,front,shaking,none,none,none,none,none,none,none,none,none,none,none,none,none,none,none,none,none,"S24 said “No, that means it's not true, please.”, with *normal* **speech rate**, *normal* **pitch**, *quieter* **loudness**, while **looking at the camera**, and while *shaking* their **head**."
s24_sa_3,24,sadness,3,Everything was so perfect that I just don't understand.,normal,normal,quieter,front,nodding,none,none,none,none,none,none,none,none,none,none,none,none,none,none,none,none,none,"S24 said “Everything was so perfect that I just don't understand.”, with *normal* **speech rate**, *normal* **pitch**, *quieter* **loudness**, while **looking at the camera**, and while *nodding*."
s24_sa_4,24,sadness,4,I still love her,normal,lower,normal,front,nodding,none,none,none,none,none,none,weak,none,none,none,none,none,none,none,none,none,moderate,"S24 said “I still love her”, with *normal* **speech rate**, *lower* **pitch**, *normal* **loudness**, while **looking at the camera**, while *nodding*, and *weak* **wrinkled nose** and *moderate* **blinking**."
s24_sa_5,24,sadness,5,She was my life.,normal,normal,normal,front,none,none,none,none,none,none,none,none,none,none,none,none,none,none,none,none,none,none,"S24 said “She was my life.”, with *normal* **speech rate**, *normal* **pitch**, *normal* **loudness**, and while **looking at the camera**."
s24_su_1,24,surprise,1,You have never told me that.,normal,lower,normal,front,none,none,none,none,none,none,none,none,none,none,none,none,none,none,none,none,none,none,"S24 said “You have never told me that.”, with *normal* **speech rate**, *lower* **pitch**, *normal* **loudness**, and while **looking at the camera**."
s24_su_2,24,surprise,2,I didn't expect that.,slow,higher,normal,front,nodding,none,none,none,weak,none,none,none,none,none,none,none,none,none,none,none,none,moderate,"S24 said “I didn't expect that.”, with *slow* **speech rate**, *higher* **pitch**, *normal* **loudness**, while **looking at the camera**, while *nodding*, and *weak* **raised upper eyelids** and *moderate* **blinking**."
s24_su_3,24,surprise,3,"Wow, I would never have believed this.",normal,normal,normal,front,nodding,none,none,none,none,none,none,none,none,none,none,none,none,none,none,none,none,none,"S24 said “Wow, I would never have believed this.”, with *normal* **speech rate**, *normal* **pitch**, *normal* **loudness**, while **looking at the camera**, and while *nodding*."
s24_su_4,24,surprise,4,I never saw that coming.,normal,normal,normal,front,none,none,none,none,none,none,none,weak,none,none,none,none,none,none,none,none,none,none,"S24 said “I never saw that coming.”, with *normal* **speech rate**, *normal* **pitch**, *normal* **loudness**, while **looking at the camera**, and *weak* **wrinkled nose**."
s24_su_5,24,surprise,5,"Oh my god, that's so weird.",normal,lower,quieter,front,none,none,none,moderate,none,none,none,none,none,none,none,none,none,none,none,none,none,none,"S24 said “Oh my god, that's so weird.”, with *normal* **speech rate**, *lower* **pitch**, *quieter* **loudness**, while **looking at the camera**, and *moderate* **lowered brows**."
s25_an_1,25,anger,1,"What? No, no, no. Listen, I need this money.",fast,higher,louder,front,none,none,none,moderate,none,weak,weak,none,strong,moderate,none,none,none,none,none,none,none,weak,"S25 said “What? No, no, no. Listen, I need this money.”, with *fast* **speech rate**, *higher* **pitch**, *louder* **loudness**, while **looking at the camera**, and *moderate* **lowered brows**, *weak* **raised cheeks**, *weak* **tightened eyelids**, *strong* **raised upper lip**, *moderate* **a smile**, and *weak* **blinking**."
s25_an_2,25,anger,2,"I don't care about your coffee, please serve me.",normal,normal,louder,front,none,none,none,moderate,none,weak,strong,none,strong,moderate,none,none,none,none,none,none,none,moderate,"S25 said “I don't care about your coffee, please serve me.”, with *normal* **speech rate**, *normal* **pitch**, *louder* **loudness**, while **looking at the camera**, and *moderate* **lowered brows**, *weak* **raised cheeks**, *strong* **tightened eyelids**, *strong* **raised upper lip**, *moderate* **a smile**, and *moderate* **blinking**."
s25_an_3,25,anger,3,I can have you fired now.,fast,normal,louder,front,none,none,none,none,none,weak,moderate,none,strong,weak,none,none,none,none,none,none,none,weak,"S25 said “I can have you fired now.”, with *fast* **speech rate**, *normal* **pitch**, *louder* **loudness**, while **looking at the camera**, and *weak* **raised cheeks**, *moderate* **tightened eyelids**, *strong* **raised upper lip**, *weak* **a smile**, and *weak* **blinking**."
s25_an_4,25,anger,4,It's a coffee more important than my money!,fast,higher,louder,front,none,none,none,strong,none,none,moderate,none,strong,none,none,none,none,none,weak,none,none,none,"S25 said “It's a coffee more important than my money!”, with *fast* **speech rate**, *higher* **pitch**, *louder* **loudness**, while **looking at the camera**, and *strong* **lowered brows**, *moderate* **tightened eyelids**, *strong* **raised upper lip**, and *weak* **tightened lips**."
s25_an_5,25,anger,5,"You are getting paid to work, not to drink coffee.",fast,normal,louder,front,nodding,none,none,strong,none,weak,moderate,none,strong,none,none,none,none,weak,none,none,none,none,"S25 said “You are getting paid to work, not to drink coffee.”, with *fast* **speech rate**, *normal* **pitch**, *louder* **loudness**, while **looking at the camera**, while *nodding*, and *strong* **lowered brows**, *weak* **raised cheeks**, *moderate* **tightened eyelids**, *strong* **raised upper lip**, and *weak* **stretched lips**."
s25_di_1,25,disgust,1,"That's horrible, I'll never eat noodles again.",normal,lower,normal,front,none,none,none,none,none,moderate,strong,none,strong,weak,none,none,none,none,none,none,none,moderate,"S25 said “That's horrible, I'll never eat noodles again.”, with *normal* **speech rate**, *lower* **pitch**, *normal* **loudness**, while **looking at the camera**, and *moderate* **raised cheeks**, *strong* **tightened eyelids**, *strong* **raised upper lip**, *weak* **a smile**, and *moderate* **blinking**."
s25_di_2,25,disgust,2,Something is moving inside my plate.,normal,higher,louder,front,none,none,none,strong,none,none,weak,weak,strong,moderate,none,none,none,none,weak,none,none,none,"S25 said “Something is moving inside my plate.”, with *normal* **speech rate**, *higher* **pitch**, *louder* **loudness**, while **looking at the camera**, and *strong* **lowered brows**, *weak* **tightened eyelids**, *weak* **wrinkled nose**, *strong* **raised upper lip**, *moderate* **a smile**, and *weak* **tightened lips**."
s25_di_3,25,disgust,3,"Ah, a cockroach!",normal,higher,normal,front,none,none,none,none,none,weak,moderate,none,strong,none,none,none,none,none,none,none,none,none,"S25 said “Ah, a cockroach!”, with *normal* **speech rate**, *higher* **pitch**, *normal* **loudness**, while **looking at the camera**, and *weak* **raised cheeks**, *moderate* **tightened eyelids**, and *strong* **raised upper lip**."
s25_di_4,25,disgust,4,This is disgusting.,slow,normal,normal,front,none,none,none,weak,weak,weak,none,none,strong,moderate,moderate,none,none,none,none,none,none,none,"S25 said “This is disgusting.”, with *slow* **speech rate**, *normal* **pitch**, *normal* **loudness**, while **looking at the camera**, and *weak* **lowered brows**, *weak* **raised upper eyelids**, *weak* **raised cheeks**, *strong* **raised upper lip**, *moderate* **a smile**, and *moderate* **a tight smile**."
s25_di_5,25,disgust,5,That's gross.,normal,higher,quieter,down,none,none,none,moderate,none,weak,moderate,none,strong,moderate,none,none,none,none,none,none,none,none,"S25 said “That's gross.”, with *normal* **speech rate**, *higher* **pitch**, *quieter* **loudness**, while **looking at the camera**, and *moderate* **lowered brows**, *weak* **raised cheeks**, *moderate* **tightened eyelids**, *strong* **raised upper lip**, and *moderate* **a smile**."
s25_fe_1,25,fear,1,"Oh my God, so he's somehow in the house.",fast,normal,normal,front,none,none,none,moderate,none,none,weak,none,moderate,weak,none,none,none,none,none,none,none,strong,"S25 said “Oh my God, so he's somehow in the house.”, with *fast* **speech rate**, *normal* **pitch**, *normal* **loudness**, while **looking at the camera**, and *moderate* **lowered brows**, *weak* **tightened eyelids**, *moderate* **raised upper lip**, *weak* **a smile**, and *strong* **blinking**."
s25_fe_2,25,fear,2,Someone's climbing up the stairs,normal,lower,quieter,front,none,none,none,weak,none,none,weak,none,moderate,none,none,none,none,none,none,none,none,none,"S25 said “Someone's climbing up the stairs”, with *normal* **speech rate**, *lower* **pitch**, *quieter* **loudness**, while **looking at the camera**, and *weak* **lowered brows**, *weak* **tightened eyelids**, and *moderate* **raised upper lip**."
s25_fe_3,25,fear,3,please don't kill me,fast,higher,normal,front,none,none,none,weak,none,none,none,weak,strong,weak,none,none,none,none,weak,none,none,none,"S25 said “please don't kill me”, with *fast* **speech rate**, *higher* **pitch**, *normal* **loudness**, while **looking at the camera**, and *weak* **lowered brows**, *weak* **wrinkled nose**, *strong* **raised upper lip**, *weak* **a smile**, and *weak* **tightened lips**."
s25_fe_4,25,fear,4,I'm not alone. Go away.,normal,normal,louder,front,none,none,none,strong,none,none,moderate,none,moderate,none,none,none,weak,none,none,none,none,moderate,"S25 said “I'm not alone. Go away.”, with *normal* **speech rate**, *normal* **pitch**, *louder* **loudness**, while **looking at the camera**, and *strong* **lowered brows**, *moderate* **tightened eyelids**, *moderate* **raised upper lip**, *weak* **raised chin**, and *moderate* **blinking**."
s25_fe_5,25,fear,5,"I have nothing to give you, please don't hurt me.",fast,normal,normal,front,none,none,none,strong,none,none,moderate,none,strong,moderate,none,none,none,none,none,none,none,moderate,"S25 said “I have nothing to give you, please don't hurt me.”, with *fast* **speech rate**, *normal* **pitch**, *normal* **loudness**, while **looking at the camera**, and *strong* **lowered brows**, *moderate* **tightened eyelids**, *strong* **raised upper lip**, *moderate* **a smile**, and *moderate* **blinking**."
s25_ha_1,25,happiness,1,"That's great, I'm rich now.",normal,lower,normal,front,nodding,none,none,moderate,none,none,none,none,none,none,strong,none,none,weak,none,none,none,moderate,"S25 said “That's great, I'm rich now.”, with *normal* **speech rate**, *lower* **pitch**, *normal* **loudness**, while **looking at the camera**, while *nodding*, and *moderate* **lowered brows**, *strong* **a tight smile**, *weak* **stretched lips**, and *moderate* **blinking**."
s25_ha_2,25,happiness,2,"I won this grid, I'm so happy!",normal,normal,louder,front,nodding,none,none,moderate,none,strong,strong,none,strong,none,strong,none,none,none,none,none,none,none,"S25 said “I won this grid, I'm so happy!”, with *normal* **speech rate**, *normal* **pitch**, *louder* **loudness**, while **looking at the camera**, while *nodding*, and *moderate* **lowered brows**, *strong* **raised cheeks**, *strong* **tightened eyelids**, *strong* **raised upper lip**, and *strong* **a tight smile**."
s25_ha_3,25,happiness,3,"Wow, that's so great.",normal,normal,quieter,front,nodding,none,none,weak,weak,strong,strong,none,strong,none,strong,none,none,none,none,none,none,none,"S25 said “Wow, that's so great.”, with *normal* **speech rate**, *normal* **pitch**, *quieter* **loudness**, while **looking at the camera**, while *nodding*, and *weak* **lowered brows**, *weak* **raised upper eyelids**, *strong* **raised cheeks**, *strong* **tightened eyelids**, *strong* **raised upper lip**, and *strong* **a tight smile**."
s25_ha_4,25,happiness,4,I'm so lucky.,normal,normal,louder,front,none,none,none,moderate,none,moderate,strong,none,strong,strong,weak,none,none,none,none,none,none,none,"S25 said “I'm so lucky.”, with *normal* **speech rate**, *normal* **pitch**, *louder* **loudness**, while **looking at the camera**, and *moderate* **lowered brows**, *moderate* **raised cheeks**, *strong* **tightened eyelids**, *strong* **raised upper lip**, *strong* **a smile**, and *weak* **a tight smile**."
s25_ha_5,25,happiness,5,I'm so excited.,normal,normal,normal,front,none,none,none,moderate,moderate,weak,moderate,none,strong,strong,none,none,none,none,none,none,none,none,"S25 said “I'm so excited.”, with *normal* **speech rate**, *normal* **pitch**, *normal* **loudness**, while **looking at the camera**, and *moderate* **lowered brows**, *moderate* **raised upper eyelids**, *weak* **raised cheeks**, *moderate* **tightened eyelids**, *strong* **raised upper lip**, and *strong* **a smile**."
s25_sa_1,25,sadness,1,life won't be the same now,normal,lower,quieter,front,none,none,none,moderate,none,none,weak,none,strong,none,none,none,none,none,none,none,none,none,"S25 said “life won't be the same now”, with *normal* **speech rate**, *lower* **pitch**, *quieter* **loudness**, while **looking at the camera**, and *moderate* **lowered brows**, *weak* **tightened eyelids**, and *strong* **raised upper lip**."
s25_sa_2,25,sadness,2,Oh no tell me this is not true please,fast,lower,quieter,front,none,none,none,strong,none,none,weak,none,strong,weak,none,none,none,none,none,none,none,moderate,"S25 said “Oh no tell me this is not true please”, with *fast* **speech rate**, *lower* **pitch**, *quieter* **loudness**, while **looking at the camera**, and *strong* **lowered brows**, *weak* **tightened eyelids**, *strong* **raised upper lip**, *weak* **a smile**, and *moderate* **blinking**."
s25_sa_3,25,sadness,3,Everything was so perfect I just don't understand,normal,normal,quieter,front,nodding,none,none,moderate,none,none,moderate,none,strong,weak,none,none,none,none,none,none,none,moderate,"S25 said “Everything was so perfect I just don't understand”, with *normal* **speech rate**, *normal* **pitch**, *quieter* **loudness**, while **looking at the camera**, while *nodding*, and *moderate* **lowered brows**, *moderate* **tightened eyelids**, *strong* **raised upper lip**, *weak* **a smile**, and *moderate* **blinking**."
s25_sa_4,25,sadness,4,This thing love her,normal,higher,quieter,front,nodding,none,none,moderate,none,none,moderate,none,strong,moderate,none,none,weak,none,weak,none,none,strong,"S25 said “This thing love her”, with *normal* **speech rate**, *higher* **pitch**, *quieter* **loudness**, while **looking at the camera**, while *nodding*, and *moderate* **lowered brows**, *moderate* **tightened eyelids**, *strong* **raised upper lip**, *moderate* **a smile**, *weak* **raised chin**, *weak* **tightened lips**, and *strong* **blinking**."
s25_sa_5,25,sadness,5,She was my life.,fast,lower,quieter,front,nodding,none,none,strong,none,none,moderate,none,strong,none,none,none,none,none,none,none,none,none,"S25 said “She was my life.”, with *fast* **speech rate**, *lower* **pitch**, *quieter* **loudness**, while **looking at the camera**, while *nodding*, and *strong* **lowered brows**, *moderate* **tightened eyelids**, and *strong* **raised upper lip**."
s25_su_1,25,surprise,1,You never told me that,fast,higher,normal,front,none,none,none,moderate,none,none,strong,none,moderate,weak,none,none,none,none,none,none,none,none,"S25 said “You never told me that”, with *fast* **speech rate**, *higher* **pitch**, *normal* **loudness**, while **looking at the camera**, and *moderate* **lowered brows**, *strong* **tightened eyelids**, *moderate* **raised upper lip**, and *weak* **a smile**."
s25_su_2,25,surprise,2,I didn't expect that.,normal,normal,quieter,front,none,none,none,moderate,none,weak,moderate,none,moderate,strong,weak,none,none,none,none,none,none,none,"S25 said “I didn't expect that.”, with *normal* **speech rate**, *normal* **pitch**, *quieter* **loudness**, while **looking at the camera**, and *moderate* **lowered brows**, *weak* **raised cheeks**, *moderate* **tightened eyelids**, *moderate* **raised upper lip**, *strong* **a smile**, and *weak* **a tight smile**."
s25_su_3,25,surprise,3,"Wow, I would never have believed that.",fast,lower,normal,front,none,none,none,strong,none,weak,strong,none,strong,weak,none,none,none,none,none,none,none,moderate,"S25 said “Wow, I would never have believed that.”, with *fast* **speech rate**, *lower* **pitch**, *normal* **loudness**, while **looking at the camera**, and *strong* **lowered brows**, *weak* **raised cheeks**, *strong* **tightened eyelids**, *strong* **raised upper lip**, *weak* **a smile**, and *moderate* **blinking**."
s25_su_4,25,surprise,4,I never saw that coming,normal,lower,quieter,front,none,none,none,weak,none,weak,moderate,none,strong,moderate,none,none,none,none,none,none,none,none,"S25 said “I never saw that coming”, with *normal* **speech rate**, *lower* **pitch**, *quieter* **loudness**, while **looking at the camera**, and *weak* **lowered brows**, *weak* **raised cheeks**, *moderate* **tightened eyelids**, *strong* **raised upper lip**, and *moderate* **a smile**."
s25_su_5,25,surprise,5,"Oh my god, that's so weird.",fast,lower,quieter,front,none,none,none,moderate,none,weak,moderate,none,strong,none,none,none,none,none,none,none,none,weak,"S25 said “Oh my god, that's so weird.”, with *fast* **speech rate**, *lower* **pitch**, *quieter* **loudness**, while **looking at the camera**, and *moderate* **lowered brows**, *weak* **raised cheeks**, *moderate* **tightened eyelids**, *strong* **raised upper lip**, and *weak* **blinking**."
s26_an_1,26,anger,1,what no no listen I need this money,slow,higher,normal,front,none,none,none,moderate,none,none,none,none,none,weak,none,none,none,none,none,none,none,none,"S26 said “what no no listen I need this money”, with *slow* **speech rate**, *higher* **pitch**, *normal* **loudness**, while **looking at the camera**, and *moderate* **lowered brows** and *weak* **a smile**."
s26_an_2,26,anger,2,"I don't care about your coffee, please serve me.",normal,normal,normal,front,nodding,none,none,strong,weak,none,none,none,none,none,none,none,none,none,weak,none,none,weak,"S26 said “I don't care about your coffee, please serve me.”, with *normal* **speech rate**, *normal* **pitch**, *normal* **loudness**, while **looking at the camera**, while *nodding*, and *strong* **lowered brows**, *weak* **raised upper eyelids**, *weak* **tightened lips**, and *weak* **blinking**."
s26_an_3,26,anger,3,"I can have you fired, you know?",normal,normal,louder,front,nodding,none,none,strong,none,weak,none,none,none,weak,none,none,none,none,none,none,none,strong,"S26 said “I can have you fired, you know?”, with *normal* **speech rate**, *normal* **pitch**, *louder* **loudness**, while **looking at the camera**, while *nodding*, and *strong* **lowered brows**, *weak* **raised cheeks**, *weak* **a smile**, and *strong* **blinking**."
s26_an_4,26,anger,4,Is your coffee more important than my money?,normal,higher,louder,front,none,none,none,strong,none,none,none,none,none,none,none,none,weak,none,none,none,none,moderate,"S26 said “Is your coffee more important than my money?”, with *normal* **speech rate**, *higher* **pitch**, *louder* **loudness**, while **looking at the camera**, and *strong* **lowered brows**, *weak* **raised chin**, and *moderate* **blinking**."
s26_an_5,26,anger,5,"You are getting paid to work, not for coffee.",normal,normal,louder,front,nodding,none,none,moderate,none,none,none,none,none,none,none,none,none,none,none,none,none,none,"S26 said “You are getting paid to work, not for coffee.”, with *normal* **speech rate**, *normal* **pitch**, *louder* **loudness**, while **looking at the camera**, while *nodding*, and *moderate* **lowered brows**."
s26_di_1,26,disgust,1,"It's horrible, I won't eat noodles again.",slow,lower,normal,front,none,none,none,strong,none,moderate,moderate,none,moderate,moderate,none,none,none,none,weak,none,none,none,"S26 said “It's horrible, I won't eat noodles again.”, with *slow* **speech rate**, *lower* **pitch**, *normal* **loudness**, while **looking at the camera**, and *strong* **lowered brows**, *moderate* **raised cheeks**, *moderate* **tightened eyelids**, *moderate* **raised upper lip**, *moderate* **a smile**, and *weak* **tightened lips**."
s26_di_2,26,disgust,2,Something is moving inside my plate.,normal,normal,louder,front,none,none,none,strong,none,strong,strong,weak,moderate,strong,none,weak,strong,none,moderate,moderate,none,none,"S26 said “Something is moving inside my plate.”, with *normal* **speech rate**, *normal* **pitch**, *louder* **loudness**, while **looking at the camera**, and *strong* **lowered brows**, *strong* **raised cheeks**, *strong* **tightened eyelids**, *weak* **wrinkled nose**, *moderate* **raised upper lip**, *strong* **a smile**, *weak* **downturned mouth corners**, *strong* **raised chin**, *moderate* **tightened lips**, and *moderate* **parted lips**."
s26_di_3,26,disgust,3,"Oh, a cockroach!",slow,higher,louder,front,shaking,none,none,strong,weak,strong,strong,none,strong,strong,weak,moderate,none,moderate,strong,none,weak,none,"S26 said “Oh, a cockroach!”, with *slow* **speech rate**, *higher* **pitch**, *louder* **loudness**, while **looking at the camera**, while *shaking* their **head**, and *strong* **lowered brows**, *weak* **raised upper eyelids**, *strong* **raised cheeks**, *strong* **tightened eyelids**, *strong* **raised upper lip**, *strong* **a smile**, *weak* **a tight smile**, *moderate* **downturned mouth corners**, *moderate* **stretched lips**, *strong* **tightened lips**, and *weak* **a dropped jaw**."
s26_di_4,26,disgust,4,This is disgusting,slow,lower,quieter,front,none,weak,none,moderate,weak,moderate,none,none,moderate,strong,strong,none,none,weak,weak,none,none,none,"S26 said “This is disgusting”, with *slow* **speech rate**, *lower* **pitch**, *quieter* **loudness**, while **looking at the camera**, and *weak* **raised inner eyebrows**, *moderate* **lowered brows**, *weak* **raised upper eyelids**, *moderate* **raised cheeks**, *moderate* **raised upper lip**, *strong* **a smile**, *strong* **a tight smile**, *weak* **stretched lips**, and *weak* **tightened lips**."
s26_di_5,26,disgust,5,That's gross.,slow,normal,normal,front,none,none,none,moderate,none,strong,strong,strong,weak,strong,none,none,weak,weak,none,moderate,none,none,"S26 said “That's gross.”, with *slow* **speech rate**, *normal* **pitch**, *normal* **loudness**, while **looking at the camera**, and *moderate* **lowered brows**, *strong* **raised cheeks**, *strong* **tightened eyelids**, *strong* **wrinkled nose**, *weak* **raised upper lip**, *strong* **a smile**, *weak* **raised chin**, *weak* **stretched lips**, and *moderate* **parted lips**."
s26_fe_1,26,fear,1,"Oh my god, there's someone in the house.",normal,normal,quieter,front,nodding,none,none,strong,none,none,none,none,none,none,none,none,none,none,none,none,weak,moderate,"S26 said “Oh my god, there's someone in the house.”, with *normal* **speech rate**, *normal* **pitch**, *quieter* **loudness**, while **looking at the camera**, while *nodding*, and *strong* **lowered brows**, *weak* **a dropped jaw**, and *moderate* **blinking**."
s26_fe_2,26,fear,2,Someone is climbing up the stairs.,normal,normal,normal,front,nodding,none,none,strong,moderate,none,none,none,none,none,none,none,none,none,none,none,none,moderate,"S26 said “Someone is climbing up the stairs.”, with *normal* **speech rate**, *normal* **pitch**, *normal* **loudness**, while **looking at the camera**, while *nodding*, and *strong* **lowered brows**, *moderate* **raised upper eyelids**, and *moderate* **blinking**."
s26_fe_3,26,fear,3,Please don't kill me!,slow,higher,quieter,front,shaking,none,none,strong,none,weak,moderate,none,none,weak,none,none,weak,none,strong,none,none,none,"S26 said “Please don't kill me!”, with *slow* **speech rate**, *higher* **pitch**, *quieter* **loudness**, while **looking at the camera**, while *shaking* their **head**, and *strong* **lowered brows**, *weak* **raised cheeks**, *moderate* **tightened eyelids**, *weak* **a smile**, *weak* **raised chin**, and *strong* **tightened lips**."
s26_fe_4,26,fear,4,I'm not alone go away,slow,higher,louder,front,none,weak,none,strong,none,weak,weak,none,none,none,none,none,none,none,none,none,none,none,"S26 said “I'm not alone go away”, with *slow* **speech rate**, *higher* **pitch**, *louder* **loudness**, while **looking at the camera**, and *weak* **raised inner eyebrows**, *strong* **lowered brows**, *weak* **raised cheeks**, and *weak* **tightened eyelids**."
s26_fe_5,26,fear,5,"I have nothing to give you, please don't hurt me.",normal,higher,louder,front,shaking,none,none,moderate,none,none,weak,none,none,none,none,none,strong,none,moderate,none,none,none,"S26 said “I have nothing to give you, please don't hurt me.”, with *normal* **speech rate**, *higher* **pitch**, *louder* **loudness**, while **looking at the camera**, while *shaking* their **head**, and *moderate* **lowered brows**, *weak* **tightened eyelids**, *strong* **raised chin**, and *moderate* **tightened lips**."
s26_ha_1,26,happiness,1,"That's great, I'm rich now!",normal,lower,normal,front,nodding,none,none,moderate,none,moderate,moderate,none,none,moderate,none,none,none,none,weak,weak,none,none,"S26 said “That's great, I'm rich now!”, with *normal* **speech rate**, *lower* **pitch**, *normal* **loudness**, while **looking at the camera**, while *nodding*, and *moderate* **lowered brows**, *moderate* **raised cheeks**, *moderate* **tightened eyelids**, *moderate* **a smile**, *weak* **tightened lips**, and *weak* **parted lips**."
s26_ha_2,26,happiness,2,I won! This is great! I'm so happy!,normal,higher,louder,front,nodding,none,none,moderate,none,moderate,moderate,weak,none,strong,none,weak,moderate,none,weak,none,none,strong,"S26 said “I won! This is great! I'm so happy!”, with *normal* **speech rate**, *higher* **pitch**, *louder* **loudness**, while **looking at the camera**, while *nodding*, and *moderate* **lowered brows**, *moderate* **raised cheeks**, *moderate* **tightened eyelids**, *weak* **wrinkled nose**, *strong* **a smile**, *weak* **downturned mouth corners**, *moderate* **raised chin**, *weak* **tightened lips**, and *strong* **blinking**."
s26_ha_3,26,happiness,3,"Wow, this is so great!",slow,lower,normal,front,shaking,none,none,weak,none,weak,weak,none,none,weak,none,weak,none,none,none,none,moderate,none,"S26 said “Wow, this is so great!”, with *slow* **speech rate**, *lower* **pitch**, *normal* **loudness**, while **looking at the camera**, while *shaking* their **head**, and *weak* **lowered brows**, *weak* **raised cheeks**, *weak* **tightened eyelids**, *weak* **a smile**, *weak* **downturned mouth corners**, and *moderate* **a dropped jaw**."
s26_ha_4,26,happiness,4,I'm so lucky,slow,normal,normal,front,none,none,none,weak,none,weak,moderate,none,none,weak,none,none,strong,moderate,moderate,weak,none,none,"S26 said “I'm so lucky”, with *slow* **speech rate**, *normal* **pitch**, *normal* **loudness**, while **looking at the camera**, and *weak* **lowered brows**, *weak* **raised cheeks**, *moderate* **tightened eyelids**, *weak* **a smile**, *strong* **raised chin**, *moderate* **stretched lips**, *moderate* **tightened lips**, and *weak* **parted lips**."
s26_ha_5,26,happiness,5,I'm so excited!,slow,higher,normal,front,none,none,none,moderate,none,moderate,moderate,none,none,strong,none,none,weak,none,none,none,none,none,"S26 said “I'm so excited!”, with *slow* **speech rate**, *higher* **pitch**, *normal* **loudness**, while **looking at the camera**, and *moderate* **lowered brows**, *moderate* **raised cheeks**, *moderate* **tightened eyelids**, *strong* **a smile**, and *weak* **raised chin**."
s26_sa_1,26,sadness,1,life won't be the same now,slow,normal,quieter,up,shaking,none,none,moderate,none,none,none,none,none,none,none,none,none,none,weak,moderate,none,none,"S26 said “life won't be the same now”, with *slow* **speech rate**, *normal* **pitch**, *quieter* **loudness**, while **looking at the camera**, while *shaking* their **head**, and *moderate* **lowered brows**, *weak* **tightened lips**, and *moderate* **parted lips**."
s26_sa_2,26,sadness,2,"Oh no, tell me this is not true, please.",normal,normal,normal,front,nodding,none,none,weak,none,none,none,none,none,none,none,none,none,none,weak,none,none,none,"S26 said “Oh no, tell me this is not true, please.”, with *normal* **speech rate**, *normal* **pitch**, *normal* **loudness**, while **looking at the camera**, while *nodding*, and *weak* **lowered brows** and *weak* **tightened lips**."
s26_sa_3,26,sadness,3,"Everything was so perfect, I don't understand why.",slow,normal,quieter,front,shaking,none,none,moderate,none,none,weak,none,none,none,none,none,none,none,none,none,none,none,"S26 said “Everything was so perfect, I don't understand why.”, with *slow* **speech rate**, *normal* **pitch**, *quieter* **loudness**, while **looking at the camera**, while *shaking* their **head**, and *moderate* **lowered brows** and *weak* **tightened eyelids**."
s26_sa_4,26,sadness,4,I still loved him.,slow,normal,quieter,front,nodding,none,none,none,none,weak,weak,none,none,none,none,none,weak,none,none,weak,moderate,weak,"S26 said “I still loved him.”, with *slow* **speech rate**, *normal* **pitch**, *quieter* **loudness**, while **looking at the camera**, while *nodding*, and *weak* **raised cheeks**, *weak* **tightened eyelids**, *weak* **raised chin**, *weak* **parted lips**, *moderate* **a dropped jaw**, and *weak* **blinking**."
s26_sa_5,26,sadness,5,He was my life.,normal,normal,normal,front,none,none,none,moderate,none,weak,weak,none,none,none,none,none,weak,none,none,none,none,none,"S26 said “He was my life.”, with *normal* **speech rate**, *normal* **pitch**, *normal* **loudness**, while **looking at the camera**, and *moderate* **lowered brows**, *weak* **raised cheeks**, *weak* **tightened eyelids**, and *weak* **raised chin**."
s26_su_1,26,surprise,1,You have never told me that.,normal,normal,louder,up,nodding,none,none,strong,none,none,weak,none,none,none,none,none,weak,none,none,none,none,strong,"S26 said “You have never told me that.”, with *normal* **speech rate**, *normal* **pitch**, *louder* **loudness**, while **looking at the camera**, while *nodding*, and *strong* **lowered brows**, *weak* **tightened eyelids**, *weak* **raised chin**, and *strong* **blinking**."
s26_su_2,26,surprise,2,I didn't expect that,slow,normal,normal,front,none,none,none,moderate,none,none,none,none,none,none,none,none,weak,none,none,none,none,moderate,"S26 said “I didn't expect that”, with *slow* **speech rate**, *normal* **pitch**, *normal* **loudness**, while **looking at the camera**, and *moderate* **lowered brows**, *weak* **raised chin**, and *moderate* **blinking**."
s26_su_3,26,surprise,3,"Wow, I would never have believed this.",slow,lower,normal,front,shaking,none,none,moderate,none,none,none,none,none,none,none,none,none,weak,none,none,moderate,moderate,"S26 said “Wow, I would never have believed this.”, with *slow* **speech rate**, *lower* **pitch**, *normal* **loudness**, while **looking at the camera**, while *shaking* their **head**, and *moderate* **lowered brows**, *weak* **stretched lips**, *moderate* **a dropped jaw**, and *moderate* **blinking**."
s26_su_4,26,surprise,4,I never saw that coming.,slow,lower,quieter,front,none,none,none,moderate,none,none,none,none,none,weak,none,none,moderate,weak,moderate,none,none,none,"S26 said “I never saw that coming.”, with *slow* **speech rate**, *lower* **pitch**, *quieter* **loudness**, while **looking at the camera**, and *moderate* **lowered brows**, *weak* **a smile**, *moderate* **raised chin**, *weak* **stretched lips**, and *moderate* **tightened lips**."
s26_su_5,26,surprise,5,"Oh my god, this is so weird",normal,lower,normal,front,nodding,none,none,strong,none,none,weak,none,none,none,none,none,none,none,none,none,strong,moderate,"S26 said “Oh my god, this is so weird”, with *normal* **speech rate**, *lower* **pitch**, *normal* **loudness**, while **looking at the camera**, while *nodding*, and *strong* **lowered brows**, *weak* **tightened eyelids**, *strong* **a dropped jaw**, and *moderate* **blinking**."
s27_an_1,27,anger,1,"What? No, no, no, listen. I need the money.",normal,higher,louder,front,none,none,none,none,none,none,weak,none,none,none,none,none,none,none,none,none,none,none,"S27 said “What? No, no, no, listen. I need the money.”, with *normal* **speech rate**, *higher* **pitch**, *louder* **loudness**, while **looking at the camera**, and *weak* **tightened eyelids**."
s27_an_2,27,anger,2,"I don't care about your coffee, please serve me.",slow,higher,louder,front,none,none,none,strong,none,none,weak,none,none,none,none,none,none,none,none,none,none,none,"S27 said “I don't care about your coffee, please serve me.”, with *slow* **speech rate**, *higher* **pitch**, *louder* **loudness**, while **looking at the camera**, and *strong* **lowered brows** and *weak* **tightened eyelids**."
s27_an_3,27,anger,3,"I can have you fired, you know.",normal,normal,louder,front,none,none,none,strong,none,none,weak,none,none,none,none,none,none,none,none,none,none,none,"S27 said “I can have you fired, you know.”, with *normal* **speech rate**, *normal* **pitch**, *louder* **loudness**, while **looking at the camera**, and *strong* **lowered brows** and *weak* **tightened eyelids**."
s27_an_4,27,anger,4,Is your coffee more important than my money?,normal,higher,louder,front,tilting,none,none,strong,none,none,weak,none,none,none,none,weak,none,none,moderate,none,none,none,"S27 said “Is your coffee more important than my money?”, with *normal* **speech rate**, *higher* **pitch**, *louder* **loudness**, while **looking at the camera**, while *tilting* their **head**, and *strong* **lowered brows**, *weak* **tightened eyelids**, *weak* **downturned mouth corners**, and *moderate* **tightened lips**."
s27_an_5,27,anger,5,"You are getting paid to work, not drink coffee.",normal,higher,louder,front,none,none,none,strong,none,none,weak,none,none,none,none,none,none,none,none,none,none,none,"S27 said “You are getting paid to work, not drink coffee.”, with *normal* **speech rate**, *higher* **pitch**, *louder* **loudness**, while **looking at the camera**, and *strong* **lowered brows** and *weak* **tightened eyelids**."
s27_di_1,27,disgust,1,"Ah, that's horrible. I will never eat noodles again.",slow,normal,normal,down,none,none,none,none,moderate,none,moderate,none,none,none,none,none,none,none,none,none,none,none,"S27 said “Ah, that's horrible. I will never eat noodles again.”, with *slow* **speech rate**, *normal* **pitch**, *normal* **loudness**, while **looking at the camera**, and *moderate* **raised upper eyelids** and *moderate* **tightened eyelids**."
s27_di_2,27,disgust,2,Something is moving inside of my plate.,slow,higher,normal,front,nodding,none,none,none,none,none,weak,none,weak,strong,none,none,none,none,none,none,none,moderate,"S27 said “Something is moving inside of my plate.”, with *slow* **speech rate**, *higher* **pitch**, *normal* **loudness**, while **looking at the camera**, while *nodding*, and *weak* **tightened eyelids**, *weak* **raised upper lip**, *strong* **a smile**, and *moderate* **blinking**."
s27_di_3,27,disgust,3,"Oh, cockroach!",slow,higher,louder,front,nodding,none,none,none,none,none,moderate,none,none,weak,none,none,none,none,none,none,none,weak,"S27 said “Oh, cockroach!”, with *slow* **speech rate**, *higher* **pitch**, *louder* **loudness**, while **looking at the camera**, while *nodding*, and *moderate* **tightened eyelids**, *weak* **a smile**, and *weak* **blinking**."
s27_di_4,27,disgust,4,And this is disgusting.,slow,lower,normal,front,shaking,none,none,none,none,none,moderate,none,none,weak,none,none,none,none,none,none,none,none,"S27 said “And this is disgusting.”, with *slow* **speech rate**, *lower* **pitch**, *normal* **loudness**, while **looking at the camera**, while *shaking* their **head**, and *moderate* **tightened eyelids** and *weak* **a smile**."
s27_di_5,27,disgust,5,That's gross.,slow,higher,normal,front,none,none,none,strong,none,none,moderate,none,none,none,none,none,none,none,none,none,none,moderate,"S27 said “That's gross.”, with *slow* **speech rate**, *higher* **pitch**, *normal* **loudness**, while **looking at the camera**, and *strong* **lowered brows**, *moderate* **tightened eyelids**, and *moderate* **blinking**."
s27_fe_1,27,fear,1,"Oh my god, there is someone in my house.",normal,normal,quieter,front,none,none,none,strong,none,none,weak,none,none,none,none,none,none,none,none,none,none,none,"S27 said “Oh my god, there is someone in my house.”, with *normal* **speech rate**, *normal* **pitch**, *quieter* **loudness**, while **looking at the camera**, and *strong* **lowered brows** and *weak* **tightened eyelids**."
s27_fe_2,27,fear,2,Someone is climbing up the upstairs.,normal,lower,normal,front,none,none,none,strong,none,none,none,none,none,none,none,none,none,none,weak,none,none,none,"S27 said “Someone is climbing up the upstairs.”, with *normal* **speech rate**, *lower* **pitch**, *normal* **loudness**, while **looking at the camera**, and *strong* **lowered brows** and *weak* **tightened lips**."
s27_fe_3,27,fear,3,Please don't kill me.,slow,lower,quieter,front,none,none,none,moderate,none,none,weak,none,none,none,none,none,none,none,none,none,none,none,"S27 said “Please don't kill me.”, with *slow* **speech rate**, *lower* **pitch**, *quieter* **loudness**, while **looking at the camera**, and *moderate* **lowered brows** and *weak* **tightened eyelids**."
s27_fe_4,27,fear,4,I'm not alone. Go away.,slow,normal,normal,front,none,none,none,strong,none,none,none,none,none,none,none,none,none,none,none,none,none,none,"S27 said “I'm not alone. Go away.”, with *slow* **speech rate**, *normal* **pitch**, *normal* **loudness**, while **looking at the camera**, and *strong* **lowered brows**."
s27_fe_5,27,fear,5,I have nothing to give you. Please don't hurt me.,normal,normal,quieter,front,none,none,none,strong,none,none,none,none,none,none,none,none,none,none,none,none,none,none,"S27 said “I have nothing to give you. Please don't hurt me.”, with *normal* **speech rate**, *normal* **pitch**, *quieter* **loudness**, while **looking at the camera**, and *strong* **lowered brows**."
s27_ha_1,27,happiness,1,"That's great, I am rich now.",normal,higher,louder,front,none,none,none,strong,none,none,weak,none,none,strong,none,weak,none,none,none,none,none,none,"S27 said “That's great, I am rich now.”, with *normal* **speech rate**, *higher* **pitch**, *louder* **loudness**, while **looking at the camera**, and *strong* **lowered brows**, *weak* **tightened eyelids**, *strong* **a smile**, and *weak* **downturned mouth corners**."
s27_ha_2,27,happiness,2,I won! This is great! I'm so happy!,slow,higher,normal,front,none,none,none,strong,weak,none,weak,none,none,weak,none,weak,none,none,none,none,none,weak,"S27 said “I won! This is great!”, with *normal* **speech rate**, *higher* **pitch**, *louder* **loudness**, while **looking at the camera**, while *nodding*, and *strong* **lowered brows** and *weak* **tightened eyelids**. After a *medium* **pause**, S27 continued “I'm so happy!”, with *slow* **speech rate**, *normal* **pitch**, *normal* **loudness**, while **looking at the camera**, and *strong* **lowered brows**, *moderate* **raised upper eyelids**, *moderate* **tightened eyelids**, *moderate* **a smile**, *moderate* **downturned mouth corners**, and *moderate* **blinking**."
s27_ha_3,27,happiness,3,"Wow, this is so great!",normal,normal,louder,front,shaking,none,none,moderate,none,none,moderate,none,none,weak,none,none,none,none,weak,none,none,none,"S27 said “Wow, this is so great!”, with *normal* **speech rate**, *normal* **pitch**, *louder* **loudness**, while **looking at the camera**, while *shaking* their **head**, and *moderate* **lowered brows**, *moderate* **tightened eyelids**, *weak* **a smile**, and *weak* **tightened lips**."
s27_ha_4,27,happiness,4,I am so lucky,normal,normal,normal,front,none,none,none,moderate,none,none,moderate,none,none,moderate,none,none,none,none,none,none,none,none,"S27 said “I am so lucky”, with *normal* **speech rate**, *normal* **pitch**, *normal* **loudness**, while **looking at the camera**, and *moderate* **lowered brows**, *moderate* **tightened eyelids**, and *moderate* **a smile**."
s27_ha_5,27,happiness,5,I am so excited.,normal,lower,normal,front,nodding,none,none,strong,none,none,moderate,none,none,weak,none,none,none,none,none,none,none,none,"S27 said “I am so excited.”, with *normal* **speech rate**, *lower* **pitch**, *normal* **loudness**, while **looking at the camera**, while *nodding*, and *strong* **lowered brows**, *moderate* **tightened eyelids**, and *weak* **a smile**."
s27_sa_1,27,sadness,1,Life won't be the same now.,normal,lower,normal,front,none,none,none,strong,none,none,none,none,none,none,none,none,none,none,none,none,none,none,"S27 said “Life won't be the same now.”, with *normal* **speech rate**, *lower* **pitch**, *normal* **loudness**, while **looking at the camera**, and *strong* **lowered brows**."
s27_sa_2,27,sadness,2,"Oh no, please tell me that it's not true, please.",normal,normal,quieter,front,nodding,none,none,strong,none,none,none,none,none,none,none,none,none,none,none,none,none,weak,"S27 said “Oh no,”, with *slow* **speech rate**, *normal* **pitch**, *quieter* **loudness**, while **looking at the camera**, and *moderate* **lowered brows**. After a *long* **pause**, S27 continued “please tell me that it's not true, please.”, with *normal* **speech rate**, *lower* **pitch**, *quieter* **loudness**, while **looking at the camera**, while *nodding*, and *strong* **lowered brows**, *weak* **parted lips**, and *weak* **blinking**."
s27_sa_3,27,sadness,3,Everything was so perfect. I just don't understand.,slow,lower,quieter,front,nodding,none,none,strong,none,none,none,none,none,none,none,none,none,none,none,none,none,moderate,"S27 said “Everything was so perfect. I just don't understand.”, with *slow* **speech rate**, *lower* **pitch**, *quieter* **loudness**, while **looking at the camera**, while *nodding*, and *strong* **lowered brows** and *moderate* **blinking**."
s27_sa_4,27,sadness,4,I still loved her,normal,lower,quieter,front,tilting,none,none,strong,none,none,none,none,none,none,none,none,none,none,none,none,none,none,"S27 said “I still loved her”, with *normal* **speech rate**, *lower* **pitch**, *quieter* **loudness**, while **looking at the camera**, while *tilting* their **head**, and *strong* **lowered brows**."
s27_sa_5,27,sadness,5,She was my life.,normal,lower,quieter,front,none,none,none,strong,none,none,none,none,none,none,none,none,none,none,none,none,none,none,"S27 said “She was my life.”, with *normal* **speech rate**, *lower* **pitch**, *quieter* **loudness**, while **looking at the camera**, and *strong* **lowered brows**."
s27_su_1,27,surprise,1,You have never told me that.,normal,higher,normal,front,none,none,none,strong,none,none,none,none,none,none,none,none,none,none,none,none,none,weak,"S27 said “You have never told me that.”, with *normal* **speech rate**, *higher* **pitch**, *normal* **loudness**, while **looking at the camera**, and *strong* **lowered brows** and *weak* **blinking**."
s27_su_2,27,surprise,2,I did not expect that.,normal,higher,normal,up,nodding,none,none,strong,none,none,none,none,none,none,none,none,none,none,none,none,none,none,"S27 said “I did not expect that.”, with *normal* **speech rate**, *higher* **pitch**, *normal* **loudness**, while **looking at the camera**, while *nodding*, and *strong* **lowered brows**."
s27_su_3,27,surprise,3,"Wow, I would never have believed it.",slow,normal,quieter,front,nodding,none,none,strong,none,none,none,none,none,none,none,none,none,none,none,none,none,none,"S27 said “Wow, I would never have believed it.”, with *slow* **speech rate**, *normal* **pitch**, *quieter* **loudness**, while **looking at the camera**, while *nodding*, and *strong* **lowered brows**."
s27_su_4,27,surprise,4,I never saw this coming.,slow,normal,normal,front,none,none,none,moderate,none,none,none,none,none,none,none,none,none,none,none,none,none,none,"S27 said “I never saw this coming.”, with *slow* **speech rate**, *normal* **pitch**, *normal* **loudness**, while **looking at the camera**, and *moderate* **lowered brows**."
s27_su_5,27,surprise,5,"Oh my God, that's so weird.",slow,lower,quieter,front,none,none,none,strong,none,none,none,none,none,none,none,none,none,none,none,none,none,none,"S27 said “Oh my God, that's so weird.”, with *slow* **speech rate**, *lower* **pitch**, *quieter* **loudness**, while **looking at the camera**, and *strong* **lowered brows**."
s28_an_1,28,anger,1,"What? No, no, no, listen, I need this money.",normal,normal,normal,front,shaking,none,none,none,none,none,none,none,none,none,none,none,none,none,none,none,none,weak,"S28 said “What? No, no, no, listen, I need this money.”, with *normal* **speech rate**, *normal* **pitch**, *normal* **loudness**, while **looking at the camera**, while *shaking* their **head**, and *weak* **blinking**."
s28_an_2,28,anger,2,"I don't care about your coffee, please serve it.",normal,normal,louder,front,shaking,none,none,none,none,none,moderate,weak,none,none,none,none,none,none,none,none,none,none,"S28 said “I don't care about your coffee, please serve it.”, with *normal* **speech rate**, *normal* **pitch**, *louder* **loudness**, while **looking at the camera**, while *shaking* their **head**, and *moderate* **tightened eyelids** and *weak* **wrinkled nose**."
s28_an_3,28,anger,3,"I can have you fired, you know?",fast,higher,louder,front,none,none,none,none,none,none,none,none,none,none,none,none,none,none,none,weak,none,none,"S28 said “I can have you fired, you know?”, with *fast* **speech rate**, *higher* **pitch**, *louder* **loudness**, while **looking at the camera**, and *weak* **parted lips**."
s28_an_4,28,anger,4,Is your coffee more important than my money?,normal,higher,normal,front,none,none,none,none,none,none,none,none,none,none,none,none,none,none,none,none,none,none,"S28 said “Is your coffee more important than my money?”, with *normal* **speech rate**, *higher* **pitch**, *normal* **loudness**, and while **looking at the camera**."
s28_an_5,28,anger,5,"You're getting paid to work, not drink that coffee.",normal,higher,normal,front,nodding,none,none,none,none,none,none,none,none,none,none,none,none,none,none,none,none,none,"S28 said “You're getting paid to work, not drink that coffee.”, with *normal* **speech rate**, *higher* **pitch**, *normal* **loudness**, while **looking at the camera**, and while *nodding*."
s28_di_1,28,disgust,1,"That's horrible, I'll never eat the snoodles again.",slow,lower,normal,front,none,none,none,weak,none,none,strong,moderate,none,none,none,none,none,none,none,none,weak,weak,"S28 said “That's horrible, I'll never eat the snoodles again.”, with *slow* **speech rate**, *lower* **pitch**, *normal* **loudness**, while **looking at the camera**, and *weak* **lowered brows**, *strong* **tightened eyelids**, *moderate* **wrinkled nose**, *weak* **a dropped jaw**, and *weak* **blinking**."
s28_di_2,28,disgust,2,Something is moving inside my plate.,normal,normal,normal,front,nodding,none,none,none,none,none,moderate,moderate,none,none,none,none,none,none,moderate,none,none,none,"S28 said “Something is moving inside my plate.”, with *normal* **speech rate**, *normal* **pitch**, *normal* **loudness**, while **looking at the camera**, while *nodding*, and *moderate* **tightened eyelids**, *moderate* **wrinkled nose**, and *moderate* **tightened lips**."
s28_di_3,28,disgust,3,"Ah, cockroach.",slow,lower,quieter,down,none,none,none,none,none,weak,strong,weak,none,moderate,none,none,none,none,none,none,moderate,none,"S28 said “Ah, cockroach.”, with *slow* **speech rate**, *lower* **pitch**, *quieter* **loudness**, while **looking at the camera**, and *weak* **raised cheeks**, *strong* **tightened eyelids**, *weak* **wrinkled nose**, *moderate* **a smile**, and *moderate* **a dropped jaw**."
s28_di_4,28,disgust,4,"Eee, this disgusting!",slow,lower,quieter,down,nodding,none,none,none,none,strong,strong,strong,moderate,strong,none,none,none,weak,none,none,none,none,"S28 said “Eee, this disgusting!”, with *slow* **speech rate**, *lower* **pitch**, *quieter* **loudness**, while **looking at the camera**, while *nodding*, and *strong* **raised cheeks**, *strong* **tightened eyelids**, *strong* **wrinkled nose**, *moderate* **raised upper lip**, *strong* **a smile**, and *weak* **stretched lips**."
s28_di_5,28,disgust,5,That's gross.,normal,lower,quieter,front,none,none,none,none,weak,none,moderate,strong,none,none,none,none,none,none,none,weak,none,none,"S28 said “That's gross.”, with *normal* **speech rate**, *lower* **pitch**, *quieter* **loudness**, while **looking at the camera**, and *weak* **raised upper eyelids**, *moderate* **tightened eyelids**, *strong* **wrinkled nose**, and *weak* **parted lips**."
s28_fe_1,28,fear,1,"Oh my god, there's someone in the house!",normal,higher,louder,front,none,none,none,none,none,none,weak,none,none,none,none,none,none,none,weak,none,moderate,none,"S28 said “Oh my god, there's someone in the house!”, with *normal* **speech rate**, *higher* **pitch**, *louder* **loudness**, while **looking at the camera**, and *weak* **tightened eyelids**, *weak* **tightened lips**, and *moderate* **a dropped jaw**."
s28_fe_2,28,fear,2,Someone is climbing up the stairs,normal,normal,quieter,front,nodding,none,none,none,none,none,none,weak,none,none,none,none,none,none,moderate,none,none,moderate,"S28 said “Someone is climbing up the stairs”, with *normal* **speech rate**, *normal* **pitch**, *quieter* **loudness**, while **looking at the camera**, while *nodding*, and *weak* **wrinkled nose**, *moderate* **tightened lips**, and *moderate* **blinking**."
s28_fe_3,28,fear,3,Please don't kill me,normal,higher,louder,down,none,none,none,none,none,weak,strong,none,none,weak,none,none,none,none,none,none,none,weak,"S28 said “Please don't kill me”, with *normal* **speech rate**, *higher* **pitch**, *louder* **loudness**, while **looking at the camera**, and *weak* **raised cheeks**, *strong* **tightened eyelids**, *weak* **a smile**, and *weak* **blinking**."
s28_fe_4,28,fear,4,Another loan go away,normal,higher,louder,front,none,none,none,none,none,none,none,none,none,none,none,weak,none,none,moderate,none,none,moderate,"S28 said “Another loan go away”, with *normal* **speech rate**, *higher* **pitch**, *louder* **loudness**, while **looking at the camera**, and *weak* **downturned mouth corners**, *moderate* **tightened lips**, and *moderate* **blinking**."
s28_fe_5,28,fear,5,I'm nothing to give you. Please don't hurt me.,normal,normal,normal,front,none,none,none,none,none,none,none,none,none,none,none,none,none,none,none,none,none,weak,"S28 said “I'm nothing to give you. Please don't hurt me.”, with *normal* **speech rate**, *normal* **pitch**, *normal* **loudness**, while **looking at the camera**, and *weak* **blinking**."
s28_ha_1,28,happiness,1,That's great! I'm rich now!,normal,higher,louder,front,shaking,none,none,none,weak,strong,moderate,none,none,strong,none,weak,none,none,weak,none,none,none,"S28 said “That's great! I'm rich now!”, with *normal* **speech rate**, *higher* **pitch**, *louder* **loudness**, while **looking at the camera**, while *shaking* their **head**, and *weak* **raised upper eyelids**, *strong* **raised cheeks**, *moderate* **tightened eyelids**, *strong* **a smile**, *weak* **downturned mouth corners**, and *weak* **tightened lips**."
s28_ha_2,28,happiness,2,I won! This is great! I'm so happy!,normal,higher,louder,front,none,none,none,none,none,none,none,none,none,none,none,none,weak,none,weak,none,none,weak,"S28 said “I won! This is great! I'm so happy!”, with *normal* **speech rate**, *higher* **pitch**, *louder* **loudness**, while **looking at the camera**, and *weak* **raised chin**, *weak* **tightened lips**, and *weak* **blinking**."
s28_ha_3,28,happiness,3,"Wow, this is so great!",normal,normal,louder,front,nodding,none,none,none,none,none,weak,none,none,none,none,none,none,none,none,none,moderate,weak,"S28 said “Wow, this is so great!”, with *normal* **speech rate**, *normal* **pitch**, *louder* **loudness**, while **looking at the camera**, while *nodding*, and *weak* **tightened eyelids**, *moderate* **a dropped jaw**, and *weak* **blinking**."
s28_ha_4,28,happiness,4,I'm so lucky,slow,lower,normal,front,none,none,none,none,none,none,none,none,none,none,none,none,weak,none,moderate,none,none,none,"S28 said “I'm so lucky”, with *slow* **speech rate**, *lower* **pitch**, *normal* **loudness**, while **looking at the camera**, and *weak* **raised chin** and *moderate* **tightened lips**."
s28_ha_5,28,happiness,5,I'm so excited,slow,normal,normal,front,none,none,weak,none,none,none,weak,none,none,moderate,none,none,none,none,none,none,weak,none,"S28 said “I'm so excited”, with *slow* **speech rate**, *normal* **pitch**, *normal* **loudness**, while **looking at the camera**, and *weak* **raised outer eyebrows**, *weak* **tightened eyelids**, *moderate* **a smile**, and *weak* **a dropped jaw**."
s28_sa_1,28,sadness,1,Life won't be the same now,normal,lower,quieter,front,none,none,none,none,none,none,none,none,none,none,none,none,none,none,none,none,none,moderate,"S28 said “Life won't be the same now”, with *normal* **speech rate**, *lower* **pitch**, *quieter* **loudness**, while **looking at the camera**, and *moderate* **blinking**."
s28_sa_2,28,sadness,2,"Oh no, tell me this is not true, please.",normal,normal,quieter,front,nodding,none,none,none,none,none,none,none,none,none,none,none,none,none,none,none,none,moderate,"S28 said “Oh no, tell me this is not true, please.”, with *normal* **speech rate**, *normal* **pitch**, *quieter* **loudness**, while **looking at the camera**, while *nodding*, and *moderate* **blinking**."
s28_sa_3,28,sadness,3,Everything was just so perfect. I just don't understand,normal,normal,normal,front,nodding,weak,none,none,none,none,none,none,none,none,none,none,none,none,none,none,none,moderate,"S28 said “Everything was just so perfect. I just don't understand”, with *normal* **speech rate**, *normal* **pitch**, *normal* **loudness**, while **looking at the camera**, while *nodding*, and *weak* **raised inner eyebrows** and *moderate* **blinking**."
s28_sa_4,28,sadness,4,I still love him,normal,normal,quieter,front,none,none,none,none,none,none,none,weak,none,none,none,none,none,none,none,none,none,moderate,"S28 said “I still love him”, with *normal* **speech rate**, *normal* **pitch**, *quieter* **loudness**, while **looking at the camera**, and *weak* **wrinkled nose** and *moderate* **blinking**."
s28_sa_5,28,sadness,5,He was my life,normal,lower,quieter,front,none,none,none,none,none,none,none,none,none,none,none,none,none,none,none,none,none,moderate,"S28 said “He was my life”, with *normal* **speech rate**, *lower* **pitch**, *quieter* **loudness**, while **looking at the camera**, and *moderate* **blinking**."
s28_su_1,28,surprise,1,You have never told me that,normal,higher,louder,front,nodding,none,none,none,none,none,weak,none,none,none,none,none,weak,none,none,none,none,moderate,"S28 said “You have never told me that”, with *normal* **speech rate**, *higher* **pitch**, *louder* **loudness**, while **looking at the camera**, while *nodding*, and *weak* **tightened eyelids**, *weak* **raised chin**, and *moderate* **blinking**."
s28_su_2,28,surprise,2,I didn't expect that.,slow,normal,normal,front,none,none,none,none,none,none,none,none,none,none,none,none,none,none,none,none,none,moderate,"S28 said “I didn't expect that.”, with *slow* **speech rate**, *normal* **pitch**, *normal* **loudness**, while **looking at the camera**, and *moderate* **blinking**."
s28_su_3,28,surprise,3,"Well, I would have never believed this.",fast,normal,louder,front,none,none,none,none,none,none,none,none,none,none,none,none,none,none,none,none,none,moderate,"S28 said “Well, I would have never believed this.”, with *fast* **speech rate**, *normal* **pitch**, *louder* **loudness**, while **looking at the camera**, and *moderate* **blinking**."
s28_su_4,28,surprise,4,I never saw that coming.,normal,higher,louder,front,none,none,none,none,none,none,none,none,none,none,none,none,none,none,none,none,none,weak,"S28 said “I never saw that coming.”, with *normal* **speech rate**, *higher* **pitch**, *louder* **loudness**, while **looking at the camera**, and *weak* **blinking**."
s28_su_5,28,surprise,5,"Oh my god, that's so weird.",normal,lower,normal,front,nodding,none,none,none,none,none,none,none,none,none,none,none,none,none,none,none,moderate,weak,"S28 said “Oh my god, that's so weird.”, with *normal* **speech rate**, *lower* **pitch**, *normal* **loudness**, while **looking at the camera**, while *nodding*, and *moderate* **a dropped jaw** and *weak* **blinking**."
s29_an_1,29,anger,1,"What? No, no, no, listen, I need the money.",normal,normal,normal,front,nodding,weak,none,none,none,weak,none,none,none,weak,none,none,none,none,none,none,none,moderate,"S29 said “What? No, no, no, listen, I need the money.”, with *normal* **speech rate**, *normal* **pitch**, *normal* **loudness**, while **looking at the camera**, while *nodding*, and *weak* **raised inner eyebrows**, *weak* **raised cheeks**, *weak* **a smile**, and *moderate* **blinking**."
s29_an_2,29,anger,2,"I don't care about your coffee, please serve me.",normal,lower,quieter,front,nodding,none,none,none,none,moderate,moderate,none,none,strong,none,none,none,none,none,none,none,weak,"S29 said “I don't care about your coffee, please serve me.”, with *normal* **speech rate**, *lower* **pitch**, *quieter* **loudness**, while **looking at the camera**, while *nodding*, and *moderate* **raised cheeks**, *moderate* **tightened eyelids**, *strong* **a smile**, and *weak* **blinking**."
s29_an_3,29,anger,3,"I can have you fired, you know.",fast,lower,quieter,front,nodding,none,none,none,none,moderate,moderate,none,none,strong,none,none,none,weak,none,none,moderate,none,"S29 said “I can have you fired, you know.”, with *fast* **speech rate**, *lower* **pitch**, *quieter* **loudness**, while **looking at the camera**, while *nodding*, and *moderate* **raised cheeks**, *moderate* **tightened eyelids**, *strong* **a smile**, *weak* **stretched lips**, and *moderate* **a dropped jaw**."
s29_an_4,29,anger,4,Is your coffee more important than my money?,normal,lower,normal,up,none,none,none,none,none,weak,moderate,none,none,weak,none,none,none,none,weak,none,none,weak,"S29 said “Is your coffee more important than my money?”, with *normal* **speech rate**, *lower* **pitch**, *normal* **loudness**, while **looking at the camera**, and *weak* **raised cheeks**, *moderate* **tightened eyelids**, *weak* **a smile**, *weak* **tightened lips**, and *weak* **blinking**."
s29_an_5,29,anger,5,"You're getting paid to work, not to drink coffee.",normal,lower,normal,up,none,weak,none,none,none,weak,weak,none,none,moderate,none,none,none,none,none,none,none,none,"S29 said “You're getting paid to work, not to drink coffee.”, with *normal* **speech rate**, *lower* **pitch**, *normal* **loudness**, while **looking at the camera**, and *weak* **raised inner eyebrows**, *weak* **raised cheeks**, *weak* **tightened eyelids**, and *moderate* **a smile**."
s29_di_1,29,disgust,1,"That's horrible, I'll never eat noodles again.",normal,normal,louder,front,nodding,none,none,moderate,none,moderate,strong,none,weak,strong,none,none,none,none,none,none,none,weak,"S29 said “That's horrible, I'll never eat noodles again.”, with *normal* **speech rate**, *normal* **pitch**, *louder* **loudness**, while **looking at the camera**, while *nodding*, and *moderate* **lowered brows**, *moderate* **raised cheeks**, *strong* **tightened eyelids**, *weak* **raised upper lip**, *strong* **a smile**, and *weak* **blinking**."
s29_di_2,29,disgust,2,Ah something is moving inside my plate,normal,higher,louder,front,none,weak,none,none,none,strong,strong,none,moderate,none,none,none,none,none,none,weak,none,none,"S29 said “Ah something is moving inside my plate”, with *normal* **speech rate**, *higher* **pitch**, *louder* **loudness**, while **looking at the camera**, and *weak* **raised inner eyebrows**, *strong* **raised cheeks**, *strong* **tightened eyelids**, *moderate* **raised upper lip**, and *weak* **parted lips**."
s29_di_3,29,disgust,3,"Ah, cock a roach!",normal,normal,louder,front,none,none,none,none,none,moderate,moderate,none,none,strong,none,none,none,none,none,weak,weak,none,"S29 said “Ah, cock a roach!”, with *normal* **speech rate**, *normal* **pitch**, *louder* **loudness**, while **looking at the camera**, and *moderate* **raised cheeks**, *moderate* **tightened eyelids**, *strong* **a smile**, *weak* **parted lips**, and *weak* **a dropped jaw**."
s29_di_4,29,disgust,4,"Ugh, this is disgusting!",normal,normal,normal,front,nodding,none,none,none,none,strong,strong,weak,strong,none,moderate,none,none,weak,none,none,none,none,"S29 said “Ugh, this is disgusting!”, with *normal* **speech rate**, *normal* **pitch**, *normal* **loudness**, while **looking at the camera**, while *nodding*, and *strong* **raised cheeks**, *strong* **tightened eyelids**, *weak* **wrinkled nose**, *strong* **raised upper lip**, *moderate* **a tight smile**, and *weak* **stretched lips**."
s29_di_5,29,disgust,5,That's gross!,slow,higher,normal,front,none,none,none,none,none,strong,strong,none,none,strong,none,none,weak,none,moderate,none,none,none,"S29 said “That's gross!”, with *slow* **speech rate**, *higher* **pitch**, *normal* **loudness**, while **looking at the camera**, and *strong* **raised cheeks**, *strong* **tightened eyelids**, *strong* **a smile**, *weak* **raised chin**, and *moderate* **tightened lips**."
s29_fe_1,29,fear,1,"Oh my god, there's somebody in the house.",fast,normal,normal,front,nodding,none,none,none,none,moderate,moderate,none,none,moderate,none,none,none,none,none,none,none,none,"S29 said “Oh my god, there's somebody in the house.”, with *fast* **speech rate**, *normal* **pitch**, *normal* **loudness**, while **looking at the camera**, while *nodding*, and *moderate* **raised cheeks**, *moderate* **tightened eyelids**, and *moderate* **a smile**."
s29_fe_2,29,fear,2,Somebody's climbing the stairs.,normal,lower,quieter,front,nodding,none,none,none,none,weak,moderate,none,none,strong,none,none,none,none,none,none,none,none,"S29 said “Somebody's climbing the stairs.”, with *normal* **speech rate**, *lower* **pitch**, *quieter* **loudness**, while **looking at the camera**, while *nodding*, and *weak* **raised cheeks**, *moderate* **tightened eyelids**, and *strong* **a smile**."
s29_fe_3,29,fear,3,Please don't kill me.,normal,normal,normal,front,nodding,weak,none,none,none,strong,strong,none,weak,strong,none,none,none,none,none,none,none,strong,"S29 said “Please don't kill me.”, with *normal* **speech rate**, *normal* **pitch**, *normal* **loudness**, while **looking at the camera**, while *nodding*, and *weak* **raised inner eyebrows**, *strong* **raised cheeks**, *strong* **tightened eyelids**, *weak* **raised upper lip**, *strong* **a smile**, and *strong* **blinking**."
s29_fe_4,29,fear,4,I'm not alone go away,normal,higher,normal,front,tilting,weak,weak,weak,none,weak,moderate,none,none,moderate,none,none,weak,none,weak,none,none,weak,"S29 said “I'm not alone go away”, with *normal* **speech rate**, *higher* **pitch**, *normal* **loudness**, while **looking at the camera**, while *tilting* their **head**, and *weak* **raised inner eyebrows**, *weak* **raised outer eyebrows**, *weak* **lowered brows**, *weak* **raised cheeks**, *moderate* **tightened eyelids**, *moderate* **a smile**, *weak* **raised chin**, *weak* **tightened lips**, and *weak* **blinking**."
s29_fe_5,29,fear,5,"I have nothing to give you, please don't hurt me.",fast,normal,normal,front,none,none,none,none,none,moderate,moderate,weak,none,moderate,none,none,none,none,none,none,none,moderate,"S29 said “I have nothing to give you, please don't hurt me.”, with *fast* **speech rate**, *normal* **pitch**, *normal* **loudness**, while **looking at the camera**, and *moderate* **raised cheeks**, *moderate* **tightened eyelids**, *weak* **wrinkled nose**, *moderate* **a smile**, and *moderate* **blinking**."
s29_ha_1,29,happiness,1,That's great. I'm rich now.,normal,higher,louder,front,nodding,moderate,weak,none,none,none,strong,weak,strong,none,moderate,none,weak,none,none,none,none,moderate,"S29 said “That's great. I'm rich now.”, with *normal* **speech rate**, *higher* **pitch**, *louder* **loudness**, while **looking at the camera**, while *nodding*, and *moderate* **raised inner eyebrows**, *weak* **raised outer eyebrows**, *strong* **tightened eyelids**, *weak* **wrinkled nose**, *strong* **raised upper lip**, *moderate* **a tight smile**, *weak* **raised chin**, and *moderate* **blinking**."
s29_ha_2,29,happiness,2,I won! This is great and I'm so happy!,normal,normal,louder,front,nodding,moderate,weak,none,none,strong,strong,none,moderate,none,none,none,none,none,weak,none,moderate,weak,"S29 said “I won! This is great and I'm so happy!”, with *normal* **speech rate**, *normal* **pitch**, *louder* **loudness**, while **looking at the camera**, while *nodding*, and *moderate* **raised inner eyebrows**, *weak* **raised outer eyebrows**, *strong* **raised cheeks**, *strong* **tightened eyelids**, *moderate* **raised upper lip**, *weak* **tightened lips**, *moderate* **a dropped jaw**, and *weak* **blinking**."
s29_ha_3,29,happiness,3,"Wow, that is so great!",normal,higher,louder,front,nodding,none,none,none,none,strong,strong,none,strong,none,none,none,none,none,none,none,none,none,"S29 said “Wow, that is so great!”, with *normal* **speech rate**, *higher* **pitch**, *louder* **loudness**, while **looking at the camera**, while *nodding*, and *strong* **raised cheeks**, *strong* **tightened eyelids**, and *strong* **raised upper lip**."
s29_ha_4,29,happiness,4,I'm so lucky,slow,normal,normal,front,none,none,weak,none,weak,strong,strong,none,moderate,none,weak,none,none,none,none,none,none,none,"S29 said “I'm so lucky”, with *slow* **speech rate**, *normal* **pitch**, *normal* **loudness**, while **looking at the camera**, and *weak* **raised outer eyebrows**, *weak* **raised upper eyelids**, *strong* **raised cheeks**, *strong* **tightened eyelids**, *moderate* **raised upper lip**, and *weak* **a tight smile**."
s29_ha_5,29,happiness,5,I'm so excited!,normal,higher,normal,front,none,none,none,none,none,none,none,weak,strong,none,moderate,none,none,none,none,none,none,weak,"S29 said “I'm so excited!”, with *normal* **speech rate**, *higher* **pitch**, *normal* **loudness**, while **looking at the camera**, and *weak* **wrinkled nose**, *strong* **raised upper lip**, *moderate* **a tight smile**, and *weak* **blinking**."
s29_sa_1,29,sadness,1,Life won't be the same now.,normal,normal,quieter,front,none,weak,none,none,none,weak,moderate,none,none,moderate,none,none,none,none,none,weak,moderate,none,"S29 said “Life won't be the same now.”, with *normal* **speech rate**, *normal* **pitch**, *quieter* **loudness**, while **looking at the camera**, and *weak* **raised inner eyebrows**, *weak* **raised cheeks**, *moderate* **tightened eyelids**, *moderate* **a smile**, *weak* **parted lips**, and *moderate* **a dropped jaw**."
s29_sa_2,29,sadness,2,"Oh, no, tell me this is not true, please?",normal,normal,normal,front,nodding,none,none,none,none,weak,moderate,none,none,weak,none,none,none,none,none,none,none,none,"S29 said “Oh, no, tell me this is not true, please?”, with *normal* **speech rate**, *normal* **pitch**, *normal* **loudness**, while **looking at the camera**, while *nodding*, and *weak* **raised cheeks**, *moderate* **tightened eyelids**, and *weak* **a smile**."
s29_sa_3,29,sadness,3,But everything was so perfect that I don't understand.,normal,normal,normal,front,none,none,none,none,none,moderate,moderate,none,none,weak,none,none,none,none,none,none,none,moderate,"S29 said “But everything was so perfect that I don't understand.”, with *normal* **speech rate**, *normal* **pitch**, *normal* **loudness**, while **looking at the camera**, and *moderate* **raised cheeks**, *moderate* **tightened eyelids**, *weak* **a smile**, and *moderate* **blinking**."
s29_sa_4,29,sadness,4,I still loved him.,slow,normal,quieter,front,none,none,none,none,none,weak,moderate,none,none,weak,none,none,none,none,none,weak,weak,moderate,"S29 said “I still loved him.”, with *slow* **speech rate**, *normal* **pitch**, *quieter* **loudness**, while **looking at the camera**, and *weak* **raised cheeks**, *moderate* **tightened eyelids**, *weak* **a smile**, *weak* **parted lips**, *weak* **a dropped jaw**, and *moderate* **blinking**."
s29_sa_5,29,sadness,5,He was my life,normal,lower,quieter,front,tilting,none,none,none,none,weak,strong,none,none,strong,weak,none,none,none,none,none,none,strong,"S29 said “He was my life”, with *normal* **speech rate**, *lower* **pitch**, *quieter* **loudness**, while **looking at the camera**, while *tilting* their **head**, and *weak* **raised cheeks**, *strong* **tightened eyelids**, *strong* **a smile**, *weak* **a tight smile**, and *strong* **blinking**."
s29_su_1,29,surprise,1,You never told me that!,normal,higher,louder,front,none,moderate,none,none,none,weak,moderate,none,none,moderate,none,none,none,none,none,none,none,none,"S29 said “You never told me that!”, with *normal* **speech rate**, *higher* **pitch**, *louder* **loudness**, while **looking at the camera**, and *moderate* **raised inner eyebrows**, *weak* **raised cheeks**, *moderate* **tightened eyelids**, and *moderate* **a smile**."
s29_su_2,29,surprise,2,I didn't expect that.,slow,normal,normal,front,nodding,none,none,none,none,strong,strong,none,weak,none,none,none,none,none,none,none,moderate,none,"S29 said “I didn't expect that.”, with *slow* **speech rate**, *normal* **pitch**, *normal* **loudness**, while **looking at the camera**, while *nodding*, and *strong* **raised cheeks**, *strong* **tightened eyelids**, *weak* **raised upper lip**, and *moderate* **a dropped jaw**."
s29_su_3,29,surprise,3,"Wow, I would have never believed this.",normal,lower,quieter,front,shaking,none,weak,none,none,weak,weak,none,none,moderate,none,none,none,weak,none,none,moderate,none,"S29 said “Wow, I would have never believed this.”, with *normal* **speech rate**, *lower* **pitch**, *quieter* **loudness**, while **looking at the camera**, while *shaking* their **head**, and *weak* **raised outer eyebrows**, *weak* **raised cheeks**, *weak* **tightened eyelids**, *moderate* **a smile**, *weak* **stretched lips**, and *moderate* **a dropped jaw**."
s29_su_4,29,surprise,4,I never saw that coming.,normal,lower,quieter,front,none,none,none,none,none,strong,strong,none,none,strong,none,none,none,none,none,none,none,none,"S29 said “I never saw that coming.”, with *normal* **speech rate**, *lower* **pitch**, *quieter* **loudness**, while **looking at the camera**, and *strong* **raised cheeks**, *strong* **tightened eyelids**, and *strong* **a smile**."
s29_su_5,29,surprise,5,"Oh my god, that is so weird.",normal,lower,quieter,front,shaking,none,none,none,none,weak,moderate,none,none,weak,none,none,weak,weak,none,none,none,weak,"S29 said “Oh my god, that is so weird.”, with *normal* **speech rate**, *lower* **pitch**, *quieter* **loudness**, while **looking at the camera**, while *shaking* their **head**, and *weak* **raised cheeks**, *moderate* **tightened eyelids**, *weak* **a smile**, *weak* **raised chin**, *weak* **stretched lips**, and *weak* **blinking**."
s2_an_1,2,anger,1,"And don't care about your coffee, please serve me now.",normal,lower,louder,front,nodding,moderate,moderate,moderate,none,none,none,none,none,none,none,none,none,none,none,none,none,weak,"S02 said “And don't care about your coffee, please serve me now.”, with *normal* **speech rate**, *lower* **pitch**, *louder* **loudness**, while **looking at the camera**, while *nodding*, and *moderate* **raised inner eyebrows**, *moderate* **raised outer eyebrows**, *moderate* **lowered brows**, and *weak* **blinking**."
s2_an_2,2,anger,2,"What? No, no, no, listen, I need this money.",normal,lower,louder,front,none,none,none,none,none,none,none,none,none,none,none,none,none,none,none,moderate,none,none,"S02 said “What? No, no, no, listen, I need this money.”, with *normal* **speech rate**, *lower* **pitch**, *louder* **loudness**, while **looking at the camera**, and *moderate* **parted lips**."
s2_an_3,2,anger,3,"I can't have you fired, you know?",normal,normal,louder,front,nodding,weak,weak,none,none,none,none,none,none,none,none,none,weak,none,none,none,none,moderate,"S02 said “I can't have you fired, you know?”, with *normal* **speech rate**, *normal* **pitch**, *louder* **loudness**, while **looking at the camera**, while *nodding*, and *weak* **raised inner eyebrows**, *weak* **raised outer eyebrows**, *weak* **raised chin**, and *moderate* **blinking**."
s2_an_4,2,anger,4,Is your coffee more important than my money?,normal,normal,normal,front,nodding,none,weak,moderate,none,none,none,none,none,none,none,none,none,none,none,none,none,none,"S02 said “Is your coffee more important than my money?”, with *normal* **speech rate**, *normal* **pitch**, *normal* **loudness**, while **looking at the camera**, while *nodding*, and *weak* **raised outer eyebrows** and *moderate* **lowered brows**."
s2_an_5,2,anger,5,"You're getting paid to work, not to drink your coffee.",normal,normal,louder,front,nodding,strong,none,strong,none,none,none,none,none,none,none,none,none,none,none,none,none,moderate,"S02 said “You're getting paid to work, not to drink your coffee.”, with *normal* **speech rate**, *normal* **pitch**, *louder* **loudness**, while **looking at the camera**, while *nodding*, and *strong* **raised inner eyebrows**, *strong* **lowered brows**, and *moderate* **blinking**."
s2_di_1,2,disgust,1,"Ah, that's horrible. I never eat noodles again.",slow,normal,normal,front,none,none,none,none,none,weak,moderate,none,strong,none,none,none,none,none,none,moderate,none,none,"S02 said “Ah, that's horrible. I never eat noodles again.”, with *slow* **speech rate**, *normal* **pitch**, *normal* **loudness**, while **looking at the camera**, and *weak* **raised cheeks**, *moderate* **tightened eyelids**, *strong* **raised upper lip**, and *moderate* **parted lips**."
s2_di_2,2,disgust,2,Something is moving inside my plate.,slow,normal,normal,down,none,none,none,none,none,none,none,none,moderate,none,none,none,none,none,none,none,none,none,"S02 said “Something is moving inside my plate.”, with *slow* **speech rate**, *normal* **pitch**, *normal* **loudness**, while **looking at the camera**, and *moderate* **raised upper lip**."
s2_di_3,2,disgust,3,Ah. Go Grinch.,slow,lower,quieter,down,none,none,none,none,weak,none,none,none,weak,none,none,none,none,none,weak,none,none,none,"S02 said “Ah.”, with *slow* **speech rate**, *lower* **pitch**, *quieter* **loudness**, while **looking at the camera**, and *weak* **raised outer eyebrows**, *moderate* **raised upper eyelids**, *weak* **raised upper lip**, *moderate* **tightened lips**, and *weak* **a dropped jaw**. After a *long* **pause**, S02 continued “Go Grinch.”, with *slow* **speech rate**, *normal* **pitch**, *normal* **loudness**, while **looking at the camera**, and *moderate* **raised upper lip**."
s2_di_4,2,disgust,4,It's disgusting!,slow,normal,quieter,down,none,none,none,strong,moderate,moderate,weak,moderate,none,weak,none,none,none,none,none,none,none,none,"S02 said “It's disgusting!”, with *slow* **speech rate**, *normal* **pitch**, *quieter* **loudness**, while **looking at the camera**, and *strong* **lowered brows**, *moderate* **raised upper eyelids**, *moderate* **raised cheeks**, *weak* **tightened eyelids**, *moderate* **wrinkled nose**, and *weak* **a smile**."
s2_di_5,2,disgust,5,That's gross.,slow,normal,quieter,front,none,none,none,none,none,none,none,none,weak,none,none,none,none,none,weak,moderate,none,none,"S02 said “That's gross.”, with *slow* **speech rate**, *normal* **pitch**, *quieter* **loudness**, while **looking at the camera**, and *weak* **raised upper lip**, *weak* **tightened lips**, and *moderate* **parted lips**."
s2_fe_1,2,fear,1,"Oh my God, there is someone in the house.",fast,lower,quieter,front,none,none,none,none,none,none,none,none,none,none,none,none,none,none,none,none,none,none,"S02 said “Oh my God, there is someone in the house.”, with *fast* **speech rate**, *lower* **pitch**, *quieter* **loudness**, and while **looking at the camera**."
s2_fe_2,2,fear,2,Someone is climbing up the stairs.,normal,lower,normal,front,none,weak,moderate,weak,weak,none,none,none,none,none,none,none,none,none,none,none,none,strong,"S02 said “Someone is climbing up the stairs.”, with *normal* **speech rate**, *lower* **pitch**, *normal* **loudness**, while **looking at the camera**, and *weak* **raised inner eyebrows**, *moderate* **raised outer eyebrows**, *weak* **lowered brows**, *weak* **raised upper eyelids**, and *strong* **blinking**."
s2_fe_3,2,fear,3,"Please, don't kill me.",slow,normal,normal,front,none,weak,none,none,none,none,none,none,none,none,none,none,none,none,weak,none,none,none,"S02 said “Please, don't kill me.”, with *slow* **speech rate**, *normal* **pitch**, *normal* **loudness**, while **looking at the camera**, and *weak* **raised inner eyebrows** and *weak* **tightened lips**."
s2_fe_4,2,fear,4,I'm not alone go away,slow,higher,louder,front,nodding,weak,none,none,none,none,none,none,none,none,none,none,none,none,none,none,none,moderate,"S02 said “I'm not alone go away”, with *slow* **speech rate**, *higher* **pitch**, *louder* **loudness**, while **looking at the camera**, while *nodding*, and *weak* **raised inner eyebrows** and *moderate* **blinking**."
s2_fe_5,2,fear,5,"I have nothing to give you, please don't hurt me.",normal,normal,normal,front,nodding,none,weak,weak,none,none,none,none,none,none,none,none,none,none,weak,none,none,weak,"S02 said “I have nothing to give you, please don't hurt me.”, with *normal* **speech rate**, *normal* **pitch**, *normal* **loudness**, while **looking at the camera**, while *nodding*, and *weak* **raised outer eyebrows**, *weak* **lowered brows**, *weak* **tightened lips**, and *weak* **blinking**."
s2_ha_1,2,happiness,1,That's great! I'm rich now!,slow,higher,louder,front,shaking,moderate,weak,none,none,moderate,none,none,moderate,strong,weak,none,none,none,none,weak,none,weak,"S02 said “That's great! I'm rich now!”, with *slow* **speech rate**, *higher* **pitch**, *louder* **loudness**, while **looking at the camera**, while *shaking* their **head**, and *moderate* **raised inner eyebrows**, *weak* **raised outer eyebrows**, *moderate* **raised cheeks**, *moderate* **raised upper lip**, *strong* **a smile**, *weak* **a tight smile**, *weak* **parted lips**, and *weak* **blinking**."
s2_ha_2,2,happiness,2,"I want, this is a great, I'm so happy!",normal,normal,louder,front,shaking,moderate,moderate,none,none,none,none,none,weak,weak,none,none,none,weak,weak,moderate,none,none,"S02 said “I want, this is a great, I'm so happy!”, with *normal* **speech rate**, *normal* **pitch**, *louder* **loudness**, while **looking at the camera**, while *shaking* their **head**, and *moderate* **raised inner eyebrows**, *moderate* **raised outer eyebrows**, *weak* **raised upper lip**, *weak* **a smile**, *weak* **stretched lips**, *weak* **tightened lips**, and *moderate* **parted lips**."
s2_ha_3,2,happiness,3,Woo! This is so great!,slow,higher,louder,front,nodding,weak,weak,none,weak,weak,none,none,weak,moderate,none,none,weak,moderate,none,none,weak,none,"S02 said “Woo! This is so great!”, with *slow* **speech rate**, *higher* **pitch**, *louder* **loudness**, while **looking at the camera**, while *nodding*, and *weak* **raised inner eyebrows**, *weak* **raised outer eyebrows**, *weak* **raised upper eyelids**, *weak* **raised cheeks**, *weak* **raised upper lip**, *moderate* **a smile**, *weak* **raised chin**, *moderate* **stretched lips**, and *weak* **a dropped jaw**."
s2_ha_4,2,happiness,4,I'm so lucky!,slow,higher,louder,front,nodding,none,weak,none,none,none,none,none,none,none,none,none,none,weak,none,weak,none,none,"S02 said “I'm so lucky!”, with *slow* **speech rate**, *higher* **pitch**, *louder* **loudness**, while **looking at the camera**, while *nodding*, and *weak* **raised outer eyebrows**, *weak* **stretched lips**, and *weak* **parted lips**."
s2_ha_5,2,happiness,5,I'm so excited!,slow,higher,normal,front,none,strong,strong,none,none,none,none,none,none,none,none,none,none,none,none,none,none,none,"S02 said “I'm so excited!”, with *slow* **speech rate**, *higher* **pitch**, *normal* **loudness**, while **looking at the camera**, and *strong* **raised inner eyebrows** and *strong* **raised outer eyebrows**."
s2_sa_1,2,sadness,1,Life only the same now.,slow,normal,quieter,front,none,moderate,moderate,none,none,none,none,none,none,none,none,none,none,none,none,none,none,none,"S02 said “Life only the same now.”, with *slow* **speech rate**, *normal* **pitch**, *quieter* **loudness**, while **looking at the camera**, and *moderate* **raised inner eyebrows** and *moderate* **raised outer eyebrows**."
s2_sa_2,2,sadness,2,"Oh no, tell me, it's not true, please!",normal,normal,normal,front,nodding,weak,weak,none,none,none,none,none,none,none,none,none,none,none,none,weak,none,none,"S02 said “Oh no, tell me, it's not true, please!”, with *normal* **speech rate**, *normal* **pitch**, *normal* **loudness**, while **looking at the camera**, while *nodding*, and *weak* **raised inner eyebrows**, *weak* **raised outer eyebrows**, and *weak* **parted lips**."
s2_sa_3,2,sadness,3,"Everything was so perfect, I just don't understand.",slow,higher,normal,front,none,none,weak,none,none,none,none,none,none,none,none,none,none,none,weak,none,none,none,"S02 said “Everything was so perfect, I just don't understand.”, with *slow* **speech rate**, *higher* **pitch**, *normal* **loudness**, while **looking at the camera**, and *weak* **raised outer eyebrows** and *weak* **tightened lips**."
s2_sa_4,2,sadness,4,I still love her.,slow,normal,quieter,front,none,none,moderate,none,moderate,none,none,none,none,none,none,none,none,none,weak,weak,none,none,"S02 said “I still love her.”, with *slow* **speech rate**, *normal* **pitch**, *quieter* **loudness**, while **looking at the camera**, and *moderate* **raised outer eyebrows**, *moderate* **raised upper eyelids**, *weak* **tightened lips**, and *weak* **parted lips**."
s2_sa_5,2,sadness,5,She was my life.,slow,lower,quieter,front,none,none,none,none,none,none,none,none,none,none,none,none,none,none,none,moderate,none,none,"S02 said “She was my life.”, with *slow* **speech rate**, *lower* **pitch**, *quieter* **loudness**, while **looking at the camera**, and *moderate* **parted lips**."
s2_su_1,2,surprise,1,You have never told me that.,normal,normal,louder,front,none,strong,moderate,moderate,none,none,none,none,none,none,none,none,none,none,none,none,none,none,"S02 said “You have never told me that.”, with *normal* **speech rate**, *normal* **pitch**, *louder* **loudness**, while **looking at the camera**, and *strong* **raised inner eyebrows**, *moderate* **raised outer eyebrows**, and *moderate* **lowered brows**."
s2_su_2,2,surprise,2,"Oh no, I didn't expect that!",normal,normal,normal,front,shaking,strong,weak,none,none,none,none,none,none,none,none,none,strong,none,none,none,none,none,"S02 said “Oh no, I didn't expect that!”, with *normal* **speech rate**, *normal* **pitch**, *normal* **loudness**, while **looking at the camera**, while *shaking* their **head**, and *strong* **raised inner eyebrows**, *weak* **raised outer eyebrows**, and *strong* **raised chin**."
s2_su_3,2,surprise,3,"Wow, I would never have believed this.",slow,normal,normal,front,none,strong,none,weak,none,none,none,none,none,none,none,none,none,none,none,none,none,weak,"S02 said “Wow, I would never have believed this.”, with *slow* **speech rate**, *normal* **pitch**, *normal* **loudness**, while **looking at the camera**, and *strong* **raised inner eyebrows**, *weak* **lowered brows**, and *weak* **blinking**."
s2_su_4,2,surprise,4,And then the soda coming.,normal,normal,normal,front,shaking,weak,strong,strong,weak,none,weak,none,none,none,none,none,none,none,none,weak,none,moderate,"S02 said “And then the soda coming.”, with *normal* **speech rate**, *normal* **pitch**, *normal* **loudness**, while **looking at the camera**, while *shaking* their **head**, and *weak* **raised inner eyebrows**, *strong* **raised outer eyebrows**, *strong* **lowered brows**, *weak* **raised upper eyelids**, *weak* **tightened eyelids**, *weak* **parted lips**, and *moderate* **blinking**."
s2_su_5,2,surprise,5,Oh my God! That's so weird!,slow,normal,normal,front,nodding,strong,moderate,weak,none,none,none,none,none,none,none,none,none,none,none,none,none,moderate,"S02 said “Oh my God! That's so weird!”, with *slow* **speech rate**, *normal* **pitch**, *normal* **loudness**, while **looking at the camera**, while *nodding*, and *strong* **raised inner eyebrows**, *moderate* **raised outer eyebrows**, *weak* **lowered brows**, and *moderate* **blinking**."
s30_an_1,30,anger,1,"What? No, no, no, listen, I need this money.",normal,lower,quieter,front,none,none,none,strong,none,none,weak,none,none,none,none,none,none,none,none,none,none,none,"S30 said “What? No, no, no, listen, I need this money.”, with *normal* **speech rate**, *lower* **pitch**, *quieter* **loudness**, while **looking at the camera**, and *strong* **lowered brows** and *weak* **tightened eyelids**."
s30_an_2,30,anger,2,"I don't care about your coffee, please serve me.",normal,lower,quieter,front,none,none,none,strong,none,none,none,none,none,none,none,none,none,none,none,none,none,none,"S30 said “I don't care about your coffee, please serve me.”, with *normal* **speech rate**, *lower* **pitch**, *quieter* **loudness**, while **looking at the camera**, and *strong* **lowered brows**."
s30_an_3,30,anger,3,"I can have you fired, you know",fast,lower,louder,front,none,none,none,strong,none,none,none,none,none,none,none,none,none,none,none,none,weak,none,"S30 said “I can have you fired, you know”, with *fast* **speech rate**, *lower* **pitch**, *louder* **loudness**, while **looking at the camera**, and *strong* **lowered brows** and *weak* **a dropped jaw**."
s30_an_4,30,anger,4,Is your coffee more important than my money?,normal,normal,louder,front,none,none,none,strong,none,none,moderate,none,none,none,none,none,none,none,none,weak,none,none,"S30 said “Is your coffee more important than my money?”, with *normal* **speech rate**, *normal* **pitch**, *louder* **loudness**, while **looking at the camera**, and *strong* **lowered brows**, *moderate* **tightened eyelids**, and *weak* **parted lips**."
s30_an_5,30,anger,5,"You are getting paid to work, not for caffeine.",normal,lower,quieter,front,none,none,none,none,none,none,none,none,none,none,none,none,none,none,none,none,none,none,"S30 said “You are getting paid to work, not for caffeine.”, with *normal* **speech rate**, *lower* **pitch**, *quieter* **loudness**, and while **looking at the camera**."
s30_di_1,30,disgust,1,That's horrible. I will never eat that these notas again,normal,lower,normal,front,nodding,none,none,strong,none,none,moderate,none,none,none,none,none,none,none,none,none,none,weak,"S30 said “That's horrible. I will never eat that these notas again”, with *normal* **speech rate**, *lower* **pitch**, *normal* **loudness**, while **looking at the camera**, while *nodding*, and *strong* **lowered brows**, *moderate* **tightened eyelids**, and *weak* **blinking**."
s30_di_2,30,disgust,2,Something is moving inside my plate.,normal,normal,louder,front,none,none,none,strong,none,none,moderate,none,none,none,none,none,none,none,none,weak,none,none,"S30 said “Something is moving inside my plate.”, with *normal* **speech rate**, *normal* **pitch**, *louder* **loudness**, while **looking at the camera**, and *strong* **lowered brows**, *moderate* **tightened eyelids**, and *weak* **parted lips**."
s30_di_3,30,disgust,3,Ah! Cookroach!,slow,higher,quieter,front,none,none,none,strong,none,none,strong,none,none,none,none,none,none,none,none,none,none,weak,"S30 said “Ah! Cookroach!”, with *slow* **speech rate**, *higher* **pitch**, *quieter* **loudness**, while **looking at the camera**, and *strong* **lowered brows**, *strong* **tightened eyelids**, and *weak* **blinking**."
s30_di_4,30,disgust,4,It is disgusting,slow,higher,normal,down,none,none,none,moderate,none,moderate,strong,none,none,none,none,none,none,none,none,none,none,none,"S30 said “It is disgusting”, with *slow* **speech rate**, *higher* **pitch**, *normal* **loudness**, while **looking at the camera**, and *moderate* **lowered brows**, *moderate* **raised cheeks**, and *strong* **tightened eyelids**."
s30_di_5,30,disgust,5,That's gross!,slow,lower,quieter,front,none,none,none,strong,none,none,moderate,none,none,none,none,none,none,none,none,none,none,weak,"S30 said “That's gross!”, with *slow* **speech rate**, *lower* **pitch**, *quieter* **loudness**, while **looking at the camera**, and *strong* **lowered brows**, *moderate* **tightened eyelids**, and *weak* **blinking**."
s30_fe_1,30,fear,1,"Oh my god, there is someone in my house.",normal,normal,louder,right,nodding,none,none,strong,none,none,moderate,none,none,none,none,none,none,none,none,none,none,none,"S30 said “Oh my god, there is someone in my house.”, with *normal* **speech rate**, *normal* **pitch**, *louder* **loudness**, while **looking at the camera**, while *nodding*, and *strong* **lowered brows** and *moderate* **tightened eyelids**."
s30_fe_2,30,fear,2,Someone is climbing up the stairs.,normal,normal,normal,down,nodding,none,weak,strong,none,none,weak,none,none,none,none,none,none,none,none,none,none,none,"S30 said “Someone is climbing up the stairs.”, with *normal* **speech rate**, *normal* **pitch**, *normal* **loudness**, while **looking at the camera**, while *nodding*, and *weak* **raised outer eyebrows**, *strong* **lowered brows**, and *weak* **tightened eyelids**."
s30_fe_3,30,fear,3,"Oh, please, don't kill me.",normal,higher,louder,front,shaking,none,none,strong,none,none,weak,none,none,none,none,weak,none,none,none,weak,none,none,"S30 said “Oh, please, don't kill me.”, with *normal* **speech rate**, *higher* **pitch**, *louder* **loudness**, while **looking at the camera**, while *shaking* their **head**, and *strong* **lowered brows**, *weak* **tightened eyelids**, *weak* **downturned mouth corners**, and *weak* **parted lips**."
s30_fe_4,30,fear,4,"I'm not alone, please don't kill me.",normal,higher,louder,front,nodding,none,none,moderate,none,none,strong,none,none,weak,none,none,none,none,none,moderate,none,moderate,"S30 said “I'm not alone, please don't kill me.”, with *normal* **speech rate**, *higher* **pitch**, *louder* **loudness**, while **looking at the camera**, while *nodding*, and *moderate* **lowered brows**, *strong* **tightened eyelids**, *weak* **a smile**, *moderate* **parted lips**, and *moderate* **blinking**."
s30_fe_5,30,fear,5,"I have nothing to give you, please don't hurt me.",normal,higher,normal,front,nodding,none,none,moderate,none,none,strong,none,none,none,none,none,none,none,none,weak,none,strong,"S30 said “I have nothing to give you, please don't hurt me.”, with *normal* **speech rate**, *higher* **pitch**, *normal* **loudness**, while **looking at the camera**, while *nodding*, and *moderate* **lowered brows**, *strong* **tightened eyelids**, *weak* **parted lips**, and *strong* **blinking**."
s30_ha_1,30,happiness,1,That's great! I am rich now!,normal,normal,louder,front,nodding,none,none,none,none,none,moderate,none,none,none,none,weak,none,strong,weak,moderate,none,none,"S30 said “That's great! I am rich now!”, with *normal* **speech rate**, *normal* **pitch**, *louder* **loudness**, while **looking at the camera**, while *nodding*, and *moderate* **tightened eyelids**, *weak* **downturned mouth corners**, *strong* **stretched lips**, *weak* **tightened lips**, and *moderate* **parted lips**."
s30_ha_2,30,happiness,2,I won! That's great! I am so happy!,normal,lower,louder,front,none,none,none,moderate,none,none,strong,none,none,none,none,none,none,none,none,none,none,none,"S30 said “I won! That's great! I am so happy!”, with *normal* **speech rate**, *lower* **pitch**, *louder* **loudness**, while **looking at the camera**, and *moderate* **lowered brows** and *strong* **tightened eyelids**."
s30_ha_3,30,happiness,3,"Whoa, that's so great!",normal,higher,louder,right,none,none,none,moderate,moderate,none,strong,none,none,none,none,none,none,none,none,none,weak,none,"S30 said “Whoa, that's so great!”, with *normal* **speech rate**, *higher* **pitch**, *louder* **loudness**, while **looking at the camera**, and *moderate* **lowered brows**, *moderate* **raised upper eyelids**, *strong* **tightened eyelids**, and *weak* **a dropped jaw**."
s30_ha_4,30,happiness,4,I am so lucky!,normal,normal,normal,down,shaking,none,none,strong,none,weak,none,none,none,moderate,none,none,moderate,none,none,weak,none,none,"S30 said “I am so lucky!”, with *normal* **speech rate**, *normal* **pitch**, *normal* **loudness**, while **looking at the camera**, while *shaking* their **head**, and *strong* **lowered brows**, *weak* **raised cheeks**, *moderate* **a smile**, *moderate* **raised chin**, and *weak* **parted lips**."
s30_ha_5,30,happiness,5,I am so excited,normal,normal,quieter,front,none,none,none,weak,none,none,strong,none,none,none,none,none,none,none,none,none,none,moderate,"S30 said “I am so excited”, with *normal* **speech rate**, *normal* **pitch**, *quieter* **loudness**, while **looking at the camera**, and *weak* **lowered brows**, *strong* **tightened eyelids**, and *moderate* **blinking**."
s30_sa_1,30,sadness,1,Life won't be the same now.,normal,lower,quieter,front,nodding,none,none,strong,none,none,moderate,none,none,none,none,none,moderate,none,none,weak,none,weak,"S30 said “Life won't be the same now.”, with *normal* **speech rate**, *lower* **pitch**, *quieter* **loudness**, while **looking at the camera**, while *nodding*, and *strong* **lowered brows**, *moderate* **tightened eyelids**, *moderate* **raised chin**, *weak* **parted lips**, and *weak* **blinking**."
s30_sa_2,30,sadness,2,"Oh no, tell me, this is not true, please.",fast,normal,normal,front,nodding,none,none,weak,none,none,strong,none,none,none,none,weak,strong,none,none,none,none,none,"S30 said “Oh no, tell me, this is not true, please.”, with *fast* **speech rate**, *normal* **pitch**, *normal* **loudness**, while **looking at the camera**, while *nodding*, and *weak* **lowered brows**, *strong* **tightened eyelids**, *weak* **downturned mouth corners**, and *strong* **raised chin**."
s30_sa_3,30,sadness,3,"Everything was perfect, I do not understand.",normal,normal,quieter,front,none,none,none,strong,none,none,moderate,none,none,none,none,none,weak,none,weak,none,none,none,"S30 said “Everything was perfect, I do not understand.”, with *normal* **speech rate**, *normal* **pitch**, *quieter* **loudness**, while **looking at the camera**, and *strong* **lowered brows**, *moderate* **tightened eyelids**, *weak* **raised chin**, and *weak* **tightened lips**."
s30_sa_4,30,sadness,4,I still love you,normal,lower,quieter,front,none,none,none,strong,none,none,weak,none,none,none,none,none,none,none,none,none,none,weak,"S30 said “I still love you”, with *normal* **speech rate**, *lower* **pitch**, *quieter* **loudness**, while **looking at the camera**, and *strong* **lowered brows**, *weak* **tightened eyelids**, and *weak* **blinking**."
s30_sa_5,30,sadness,5,You are my life.,fast,lower,normal,front,none,none,none,none,none,none,weak,none,none,none,none,none,none,none,none,none,none,none,"S30 said “You are my life.”, with *fast* **speech rate**, *lower* **pitch**, *normal* **loudness**, while **looking at the camera**, and *weak* **tightened eyelids**."
s30_su_1,30,surprise,1,You have never told me that,normal,higher,louder,front,none,none,none,weak,none,none,weak,none,none,none,none,none,none,none,none,none,none,none,"S30 said “You have never told me that”, with *normal* **speech rate**, *higher* **pitch**, *louder* **loudness**, while **looking at the camera**, and *weak* **lowered brows** and *weak* **tightened eyelids**."
s30_su_2,30,surprise,2,I didn't expect that.,normal,higher,louder,front,none,none,none,none,none,none,weak,none,none,none,none,none,none,none,none,none,none,none,"S30 said “I didn't expect that.”, with *normal* **speech rate**, *higher* **pitch**, *louder* **loudness**, while **looking at the camera**, and *weak* **tightened eyelids**."
s30_su_3,30,surprise,3,"Wow, I would never believe this.",normal,higher,louder,front,none,none,none,none,none,none,moderate,none,none,none,none,none,none,none,none,none,none,none,"S30 said “Wow, I would never believe this.”, with *normal* **speech rate**, *higher* **pitch**, *louder* **loudness**, while **looking at the camera**, and *moderate* **tightened eyelids**."
s30_su_4,30,surprise,4,I never saw that coming,normal,higher,normal,front,nodding,none,none,moderate,none,none,none,none,none,none,none,none,none,none,none,none,none,weak,"S30 said “I never saw that coming”, with *normal* **speech rate**, *higher* **pitch**, *normal* **loudness**, while **looking at the camera**, while *nodding*, and *moderate* **lowered brows** and *weak* **blinking**."
s30_su_5,30,surprise,5,"Oh my god, it's so weird!",normal,normal,louder,front,none,none,none,moderate,none,none,strong,none,none,none,none,none,weak,none,none,none,none,none,"S30 said “Oh my god, it's so weird!”, with *normal* **speech rate**, *normal* **pitch**, *louder* **loudness**, while **looking at the camera**, and *moderate* **lowered brows**, *strong* **tightened eyelids**, and *weak* **raised chin**."
s31_an_1,31,anger,1,"What? No, no, no, listen, I need this money.",slow,normal,normal,front,nodding,none,none,none,none,none,none,none,none,moderate,none,none,none,none,none,none,none,moderate,"S31 said “What? No, no, no, listen, I need this money.”, with *slow* **speech rate**, *normal* **pitch**, *normal* **loudness**, while **looking at the camera**, while *nodding*, and *moderate* **a smile** and *moderate* **blinking**."
s31_an_2,31,anger,2,"I don't care about about your coffee, please serve me.",normal,higher,louder,front,nodding,none,none,moderate,none,none,none,none,none,none,none,none,moderate,none,weak,none,none,none,"S31 said “I don't care about about your coffee, please serve me.”, with *normal* **speech rate**, *higher* **pitch**, *louder* **loudness**, while **looking at the camera**, while *nodding*, and *moderate* **lowered brows**, *moderate* **raised chin**, and *weak* **tightened lips**."
s31_an_3,31,anger,3,I can't have you fired you now!,normal,normal,louder,front,nodding,moderate,moderate,none,none,none,none,none,none,strong,none,none,none,none,moderate,none,none,none,"S31 said “I can't have you fired you now!”, with *normal* **speech rate**, *normal* **pitch**, *louder* **loudness**, while **looking at the camera**, while *nodding*, and *moderate* **raised inner eyebrows**, *moderate* **raised outer eyebrows**, *strong* **a smile**, and *moderate* **tightened lips**."
s31_an_4,31,anger,4,Is your coffee more important than my money?,normal,higher,louder,front,nodding,none,none,none,none,none,none,none,none,none,none,none,weak,none,none,none,none,none,"S31 said “Is your coffee more important than my money?”, with *normal* **speech rate**, *higher* **pitch**, *louder* **loudness**, while **looking at the camera**, while *nodding*, and *weak* **raised chin**."
s31_an_5,31,anger,5,"You're getting paid to work, not to drink coffee.",normal,normal,louder,front,nodding,none,none,none,none,none,none,none,none,none,none,none,none,none,none,none,none,none,"S31 said “You're getting paid to work, not to drink coffee.”, with *normal* **speech rate**, *normal* **pitch**, *louder* **loudness**, while **looking at the camera**, and while *nodding*."
s31_di_1,31,disgust,1,That's a reward. I never eat another game.,slow,normal,louder,front,nodding,none,none,weak,none,moderate,moderate,none,moderate,moderate,none,none,none,none,none,none,none,none,"S31 said “That's a reward. I never eat another game.”, with *slow* **speech rate**, *normal* **pitch**, *louder* **loudness**, while **looking at the camera**, while *nodding*, and *weak* **lowered brows**, *moderate* **raised cheeks**, *moderate* **tightened eyelids**, *moderate* **raised upper lip**, and *moderate* **a smile**."
s31_di_2,31,disgust,2,Something is moving inside my plate.,slow,normal,normal,front,none,none,none,strong,none,moderate,strong,none,weak,strong,none,none,moderate,none,weak,none,none,none,"S31 said “Something is moving inside my plate.”, with *slow* **speech rate**, *normal* **pitch**, *normal* **loudness**, while **looking at the camera**, and *strong* **lowered brows**, *moderate* **raised cheeks**, *strong* **tightened eyelids**, *weak* **raised upper lip**, *strong* **a smile**, *moderate* **raised chin**, and *weak* **tightened lips**."
s31_di_3,31,disgust,3,"Ah, of course!",slow,normal,louder,front,none,none,none,none,none,moderate,moderate,none,none,strong,none,none,moderate,moderate,none,none,none,none,"S31 said “Ah, of course!”, with *slow* **speech rate**, *normal* **pitch**, *louder* **loudness**, while **looking at the camera**, and *moderate* **raised cheeks**, *moderate* **tightened eyelids**, *strong* **a smile**, *moderate* **raised chin**, and *moderate* **stretched lips**."
s31_di_4,31,disgust,4,This is... This is... This is Kastin.,normal,lower,louder,front,none,none,none,none,none,weak,weak,weak,none,strong,none,none,none,none,none,none,none,none,"S31 said “This is... This is... This is Kastin.”, with *normal* **speech rate**, *lower* **pitch**, *louder* **loudness**, while **looking at the camera**, and *weak* **raised cheeks**, *weak* **tightened eyelids**, *weak* **wrinkled nose**, and *strong* **a smile**."
s31_di_5,31,disgust,5,That's gross,slow,lower,quieter,front,none,none,none,none,none,weak,moderate,none,none,strong,none,none,none,none,none,none,none,none,"S31 said “That's gross”, with *slow* **speech rate**, *lower* **pitch**, *quieter* **loudness**, while **looking at the camera**, and *weak* **raised cheeks**, *moderate* **tightened eyelids**, and *strong* **a smile**."
s31_fe_1,31,fear,1,"Oh my god, there's someone in the house.",normal,normal,normal,front,none,none,none,none,none,none,none,none,none,strong,none,none,none,none,none,none,none,none,"S31 said “Oh my god, there's someone in the house.”, with *normal* **speech rate**, *normal* **pitch**, *normal* **loudness**, while **looking at the camera**, and *strong* **a smile**."
s31_fe_2,31,fear,2,Someone is climbing up stairs,slow,lower,quieter,front,shaking,none,none,none,none,none,none,none,none,moderate,none,none,none,none,none,none,none,none,"S31 said “Someone is climbing up stairs”, with *slow* **speech rate**, *lower* **pitch**, *quieter* **loudness**, while **looking at the camera**, while *shaking* their **head**, and *moderate* **a smile**."
s31_fe_3,31,fear,3,Please don't kill me.,slow,normal,quieter,front,shaking,none,none,none,none,none,none,none,none,none,none,none,none,none,none,none,none,none,"S31 said “Please don't kill me.”, with *slow* **speech rate**, *normal* **pitch**, *quieter* **loudness**, while **looking at the camera**, and while *shaking* their **head**."
s31_fe_4,31,fear,4,I'm not alone! Go away!,slow,higher,louder,front,none,none,none,weak,none,none,none,none,none,none,none,none,none,none,none,none,none,none,"S31 said “I'm not alone! Go away!”, with *slow* **speech rate**, *higher* **pitch**, *louder* **loudness**, while **looking at the camera**, and *weak* **lowered brows**."
s31_fe_5,31,fear,5,"I have nothing to give you, please don't hurt me.",normal,higher,normal,front,none,none,none,none,none,none,none,none,none,none,none,none,none,none,none,none,none,moderate,"S31 said “I have nothing to give you, please don't hurt me.”, with *normal* **speech rate**, *higher* **pitch**, *normal* **loudness**, while **looking at the camera**, and *moderate* **blinking**."
s31_ha_1,31,happiness,1,That's great. I'm rich now.,slow,lower,normal,front,shaking,none,none,none,none,weak,none,none,weak,strong,none,none,none,none,none,none,none,none,"S31 said “That's great. I'm rich now.”, with *slow* **speech rate**, *lower* **pitch**, *normal* **loudness**, while **looking at the camera**, while *shaking* their **head**, and *weak* **raised cheeks**, *weak* **raised upper lip**, and *strong* **a smile**."
s31_ha_2,31,happiness,2,I won! This is great! I'm so happy!,slow,lower,normal,front,nodding,none,none,none,none,none,none,none,none,strong,none,none,weak,none,none,none,none,weak,"S31 said “I won! This is great! I'm so happy!”, with *slow* **speech rate**, *lower* **pitch**, *normal* **loudness**, while **looking at the camera**, while *nodding*, and *strong* **a smile**, *weak* **raised chin**, and *weak* **blinking**."
s31_ha_3,31,happiness,3,"Wow, this is so great!",slow,lower,quieter,front,none,none,none,none,weak,none,none,none,none,strong,none,none,none,none,none,none,weak,none,"S31 said “Wow, this is so great!”, with *slow* **speech rate**, *lower* **pitch**, *quieter* **loudness**, while **looking at the camera**, and *weak* **raised upper eyelids**, *strong* **a smile**, and *weak* **a dropped jaw**."
s31_ha_4,31,happiness,4,I'm so lucky.,slow,normal,louder,front,none,none,none,none,none,none,weak,weak,none,strong,none,none,moderate,none,none,none,none,none,"S31 said “I'm so lucky.”, with *slow* **speech rate**, *normal* **pitch**, *louder* **loudness**, while **looking at the camera**, and *weak* **tightened eyelids**, *weak* **wrinkled nose**, *strong* **a smile**, and *moderate* **raised chin**."
s31_ha_5,31,happiness,5,And I'm so excited!,slow,lower,louder,front,none,weak,none,none,weak,moderate,weak,none,weak,none,none,none,weak,none,moderate,none,none,weak,"S31 said “And I'm so excited!”, with *slow* **speech rate**, *lower* **pitch**, *louder* **loudness**, while **looking at the camera**, and *weak* **raised inner eyebrows**, *weak* **raised upper eyelids**, *moderate* **raised cheeks**, *weak* **tightened eyelids**, *weak* **raised upper lip**, *weak* **raised chin**, *moderate* **tightened lips**, and *weak* **blinking**."
s31_sa_1,31,sadness,1,Life won't be the same now.,normal,lower,normal,down,none,none,none,none,none,none,none,none,none,none,none,none,weak,none,none,none,none,none,"S31 said “Life won't be the same now.”, with *normal* **speech rate**, *lower* **pitch**, *normal* **loudness**, while **looking at the camera**, and *weak* **raised chin**."
s31_sa_2,31,sadness,2,"Oh, no. Tell me this is not true. Please.",normal,normal,quieter,front,none,none,none,none,none,none,none,none,none,none,none,none,none,none,none,none,none,none,"S31 said “Oh, no. Tell me this is not true. Please.”, with *normal* **speech rate**, *normal* **pitch**, *quieter* **loudness**, and while **looking at the camera**."
s31_sa_3,31,sadness,3,Everything was so perfect. I just don't understand.,slow,normal,quieter,front,nodding,none,none,weak,none,none,none,none,none,none,none,none,none,none,none,none,none,weak,"S31 said “Everything was so perfect. I just don't understand.”, with *slow* **speech rate**, *normal* **pitch**, *quieter* **loudness**, while **looking at the camera**, while *nodding*, and *weak* **lowered brows** and *weak* **blinking**."
s31_sa_4,31,sadness,4,I still loved him.,slow,lower,quieter,front,none,none,none,none,none,none,none,none,none,none,none,none,none,none,none,none,weak,none,"S31 said “I still loved him.”, with *slow* **speech rate**, *lower* **pitch**, *quieter* **loudness**, while **looking at the camera**, and *weak* **a dropped jaw**."
s31_sa_5,31,sadness,5,It was my life.,slow,normal,quieter,front,none,none,none,none,none,none,none,none,none,none,none,none,none,none,none,none,none,none,"S31 said “It was my life.”, with *slow* **speech rate**, *normal* **pitch**, *quieter* **loudness**, and while **looking at the camera**."
s31_su_1,31,surprise,1,You have never told me that.,normal,normal,quieter,front,none,none,none,weak,none,none,none,weak,none,moderate,none,none,none,none,none,none,none,strong,"S31 said “You have never told me that.”, with *normal* **speech rate**, *normal* **pitch**, *quieter* **loudness**, while **looking at the camera**, and *weak* **lowered brows**, *weak* **wrinkled nose**, *moderate* **a smile**, and *strong* **blinking**."
s31_su_2,31,surprise,2,I didn't expect that!,slow,normal,quieter,front,none,weak,weak,none,none,none,none,none,none,moderate,none,none,moderate,none,moderate,none,none,none,"S31 said “I didn't expect that!”, with *slow* **speech rate**, *normal* **pitch**, *quieter* **loudness**, while **looking at the camera**, and *weak* **raised inner eyebrows**, *weak* **raised outer eyebrows**, *moderate* **a smile**, *moderate* **raised chin**, and *moderate* **tightened lips**."
s31_su_3,31,surprise,3,"Wow, I would have never believed this.",slow,normal,normal,front,none,none,none,none,none,none,none,none,none,moderate,none,none,none,none,none,none,none,weak,"S31 said “Wow, I would have never believed this.”, with *slow* **speech rate**, *normal* **pitch**, *normal* **loudness**, while **looking at the camera**, and *moderate* **a smile** and *weak* **blinking**."
s31_su_4,31,surprise,4,I never saw that coming.,normal,higher,normal,front,none,none,none,none,none,none,none,none,none,moderate,none,none,none,none,none,none,none,none,"S31 said “I never saw that coming.”, with *normal* **speech rate**, *higher* **pitch**, *normal* **loudness**, while **looking at the camera**, and *moderate* **a smile**."
s31_su_5,31,surprise,5,"Oh my God, that's so weird.",slow,normal,louder,front,none,none,none,none,none,none,none,none,none,weak,none,none,none,none,none,none,weak,moderate,"S31 said “Oh my God, that's so weird.”, with *slow* **speech rate**, *normal* **pitch**, *louder* **loudness**, while **looking at the camera**, and *weak* **a smile**, *weak* **a dropped jaw**, and *moderate* **blinking**."
s32_an_1,32,anger,1,"What? No, no, no, listen. I need this money.",normal,higher,louder,up,nodding,none,none,strong,none,none,moderate,none,none,none,none,none,none,none,none,none,none,none,"S32 said “What? No, no, no, listen. I need this money.”, with *normal* **speech rate**, *higher* **pitch**, *louder* **loudness**, while **looking at the camera**, while *nodding*, and *strong* **lowered brows** and *moderate* **tightened eyelids**."
s32_an_2,32,anger,2,"I don't care about your coffee, please serve me.",normal,normal,louder,front,nodding,none,none,strong,none,none,strong,none,none,none,none,none,none,weak,none,none,none,none,"S32 said “I don't care about your coffee, please serve me.”, with *normal* **speech rate**, *normal* **pitch**, *louder* **loudness**, while **looking at the camera**, while *nodding*, and *strong* **lowered brows**, *strong* **tightened eyelids**, and *weak* **stretched lips**."
s32_an_3,32,anger,3,"I can have you fired, you know?",normal,lower,normal,front,nodding,none,none,strong,none,none,strong,none,none,none,none,none,none,none,none,weak,none,weak,"S32 said “I can have you fired, you know?”, with *normal* **speech rate**, *lower* **pitch**, *normal* **loudness**, while **looking at the camera**, while *nodding*, and *strong* **lowered brows**, *strong* **tightened eyelids**, *weak* **parted lips**, and *weak* **blinking**."
s32_an_4,32,anger,4,Is your coffee more important than my money?,normal,normal,louder,front,none,none,none,strong,none,none,strong,none,none,none,none,none,none,none,none,none,none,none,"S32 said “Is your coffee more important than my money?”, with *normal* **speech rate**, *normal* **pitch**, *louder* **loudness**, while **looking at the camera**, and *strong* **lowered brows** and *strong* **tightened eyelids**."
s32_an_5,32,anger,5,"You are getting paid to work, not to take a coffee.",normal,higher,normal,front,nodding,none,none,strong,none,none,strong,none,none,none,none,none,none,none,none,none,none,none,"S32 said “You are getting paid to work, not to take a coffee.”, with *normal* **speech rate**, *higher* **pitch**, *normal* **loudness**, while **looking at the camera**, while *nodding*, and *strong* **lowered brows** and *strong* **tightened eyelids**."
s32_di_1,32,disgust,1,That's horrible. I'll never eat noodles again.,slow,lower,normal,front,nodding,none,none,none,none,moderate,none,none,none,none,none,none,none,none,none,none,none,none,"S32 said “That's horrible. I'll never eat noodles again.”, with *slow* **speech rate**, *lower* **pitch**, *normal* **loudness**, while **looking at the camera**, while *nodding*, and *moderate* **raised cheeks**."
s32_di_2,32,disgust,2,Something is moving inside my plate.,normal,normal,normal,front,none,none,none,none,none,weak,none,none,none,none,none,none,none,none,none,none,none,none,"S32 said “Something is moving inside my plate.”, with *normal* **speech rate**, *normal* **pitch**, *normal* **loudness**, while **looking at the camera**, and *weak* **raised cheeks**."
s32_di_3,32,disgust,3,"Ah, a cockroach!",slow,higher,louder,front,none,none,none,none,none,strong,none,none,weak,strong,none,none,none,none,none,none,none,none,"S32 said “Ah, a cockroach!”, with *slow* **speech rate**, *higher* **pitch**, *louder* **loudness**, while **looking at the camera**, and *strong* **raised cheeks**, *weak* **raised upper lip**, and *strong* **a smile**."
s32_di_4,32,disgust,4,Eek! This is disgusting!,slow,higher,quieter,front,nodding,none,none,none,none,none,none,none,moderate,strong,none,none,none,none,none,none,none,none,"S32 said “Eek! This is disgusting!”, with *slow* **speech rate**, *higher* **pitch**, *quieter* **loudness**, while **looking at the camera**, while *nodding*, and *moderate* **raised upper lip** and *strong* **a smile**."
s32_di_5,32,disgust,5,That's a gross!,normal,higher,normal,front,none,none,none,none,none,weak,none,none,none,weak,none,none,none,none,none,none,none,none,"S32 said “That's a gross!”, with *normal* **speech rate**, *higher* **pitch**, *normal* **loudness**, while **looking at the camera**, and *weak* **raised cheeks** and *weak* **a smile**."
s32_fe_1,32,fear,1,"Oh my god, there's someone in my house.",normal,lower,quieter,front,none,none,none,moderate,none,none,moderate,none,none,none,none,none,none,none,none,none,none,weak,"S32 said “Oh my god, there's someone in my house.”, with *normal* **speech rate**, *lower* **pitch**, *quieter* **loudness**, while **looking at the camera**, and *moderate* **lowered brows**, *moderate* **tightened eyelids**, and *weak* **blinking**."
s32_fe_2,32,fear,2,Someone is climbing up the stairs.,normal,lower,normal,front,none,none,none,none,none,none,strong,none,none,none,none,none,none,none,none,none,none,none,"S32 said “Someone is climbing up the stairs.”, with *normal* **speech rate**, *lower* **pitch**, *normal* **loudness**, while **looking at the camera**, and *strong* **tightened eyelids**."
s32_fe_3,32,fear,3,"Please, don't kill me.",slow,normal,quieter,front,none,none,none,none,none,none,strong,none,none,none,none,none,none,none,none,none,none,none,"S32 said “Please, don't kill me.”, with *slow* **speech rate**, *normal* **pitch**, *quieter* **loudness**, while **looking at the camera**, and *strong* **tightened eyelids**."
s32_fe_4,32,fear,4,I'm not alone get away,normal,higher,normal,front,none,none,none,weak,none,none,strong,none,none,none,none,none,none,none,none,none,none,weak,"S32 said “I'm not alone get away”, with *normal* **speech rate**, *higher* **pitch**, *normal* **loudness**, while **looking at the camera**, and *weak* **lowered brows**, *strong* **tightened eyelids**, and *weak* **blinking**."
s32_fe_5,32,fear,5,"I have nothing to give you. Please, get away!",normal,normal,quieter,front,none,none,none,none,none,none,strong,none,none,none,none,none,none,none,none,none,none,none,"S32 said “I have nothing to give you. Please, get away!”, with *normal* **speech rate**, *normal* **pitch**, *quieter* **loudness**, while **looking at the camera**, and *strong* **tightened eyelids**."
s32_ha_1,32,happiness,1,"That's great, I'm rich now.",slow,higher,louder,down,nodding,none,none,none,none,moderate,none,none,none,strong,none,none,none,none,none,none,none,none,"S32 said “That's great, I'm rich now.”, with *slow* **speech rate**, *higher* **pitch**, *louder* **loudness**, while **looking at the camera**, while *nodding*, and *moderate* **raised cheeks** and *strong* **a smile**."
s32_ha_2,32,happiness,2,I won! This is great! I'm happy!,slow,higher,louder,front,nodding,none,none,moderate,none,moderate,none,none,none,strong,none,none,none,none,none,none,weak,none,"S32 said “I won! This is great! I'm happy!”, with *slow* **speech rate**, *higher* **pitch**, *louder* **loudness**, while **looking at the camera**, while *nodding*, and *moderate* **lowered brows**, *moderate* **raised cheeks**, *strong* **a smile**, and *weak* **a dropped jaw**."
s32_ha_3,32,happiness,3,"Wow, this is so great!",normal,higher,louder,front,none,none,moderate,moderate,weak,weak,none,none,none,strong,none,none,none,none,none,none,strong,none,"S32 said “Wow, this is so great!”, with *normal* **speech rate**, *higher* **pitch**, *louder* **loudness**, while **looking at the camera**, and *moderate* **raised outer eyebrows**, *moderate* **lowered brows**, *weak* **raised upper eyelids**, *weak* **raised cheeks**, *strong* **a smile**, and *strong* **a dropped jaw**."
s32_ha_4,32,happiness,4,I'm so lucky,slow,higher,louder,front,nodding,none,none,moderate,none,moderate,none,none,none,strong,none,none,none,none,none,none,weak,none,"S32 said “I'm so lucky”, with *slow* **speech rate**, *higher* **pitch**, *louder* **loudness**, while **looking at the camera**, while *nodding*, and *moderate* **lowered brows**, *moderate* **raised cheeks**, *strong* **a smile**, and *weak* **a dropped jaw**."
s32_ha_5,32,happiness,5,I'm so excited!,slow,higher,normal,front,none,none,none,weak,none,moderate,none,none,none,none,none,none,none,none,none,none,weak,none,"S32 said “I'm so excited!”, with *slow* **speech rate**, *higher* **pitch**, *normal* **loudness**, while **looking at the camera**, and *weak* **lowered brows**, *moderate* **raised cheeks**, and *weak* **a dropped jaw**."
s32_sa_1,32,sadness,1,Life won't be the same now.,normal,lower,quieter,front,nodding,none,none,strong,none,none,strong,none,none,none,none,none,none,none,none,none,none,weak,"S32 said “Life won't be the same now.”, with *normal* **speech rate**, *lower* **pitch**, *quieter* **loudness**, while **looking at the camera**, while *nodding*, and *strong* **lowered brows**, *strong* **tightened eyelids**, and *weak* **blinking**."
s32_sa_2,32,sadness,2,"Oh no, tell me, this is not true. Please.",normal,lower,quieter,up,nodding,none,none,moderate,none,none,strong,none,none,none,none,none,none,none,none,none,none,none,"S32 said “Oh no, tell me, this is not true. Please.”, with *normal* **speech rate**, *lower* **pitch**, *quieter* **loudness**, while **looking at the camera**, while *nodding*, and *moderate* **lowered brows** and *strong* **tightened eyelids**."
s32_sa_3,32,sadness,3,Everything was just so perfect. I don't understand.,normal,lower,normal,up,none,none,none,moderate,none,none,strong,none,none,none,none,none,none,none,none,none,none,none,"S32 said “Everything was just so perfect. I don't understand.”, with *normal* **speech rate**, *lower* **pitch**, *normal* **loudness**, while **looking at the camera**, and *moderate* **lowered brows** and *strong* **tightened eyelids**."
s32_sa_4,32,sadness,4,I still loved her,normal,lower,quieter,up,nodding,none,none,moderate,none,none,strong,none,none,none,none,none,none,none,none,none,none,moderate,"S32 said “I still loved her”, with *normal* **speech rate**, *lower* **pitch**, *quieter* **loudness**, while **looking at the camera**, while *nodding*, and *moderate* **lowered brows**, *strong* **tightened eyelids**, and *moderate* **blinking**."
s32_sa_5,32,sadness,5,She was my life.,normal,higher,quieter,up,none,none,none,moderate,none,none,strong,none,none,none,none,none,none,none,none,none,none,none,"S32 said “She was my life.”, with *normal* **speech rate**, *higher* **pitch**, *quieter* **loudness**, while **looking at the camera**, and *moderate* **lowered brows** and *strong* **tightened eyelids**."
s32_su_1,32,surprise,1,You never told me that,normal,normal,normal,front,none,none,none,none,none,none,strong,none,none,none,none,none,none,none,none,none,none,none,"S32 said “You never told me that”, with *normal* **speech rate**, *normal* **pitch**, *normal* **loudness**, while **looking at the camera**, and *strong* **tightened eyelids**."
s32_su_2,32,surprise,2,I didn't expect that,normal,normal,normal,front,nodding,none,none,none,none,none,strong,none,none,none,none,none,none,none,none,none,none,none,"S32 said “I didn't expect that”, with *normal* **speech rate**, *normal* **pitch**, *normal* **loudness**, while **looking at the camera**, while *nodding*, and *strong* **tightened eyelids**."
s32_su_3,32,surprise,3,"Whoa, I will never believe this.",normal,lower,normal,front,none,none,none,weak,none,none,strong,none,none,none,none,none,none,none,none,none,none,none,"S32 said “Whoa, I will never believe this.”, with *normal* **speech rate**, *lower* **pitch**, *normal* **loudness**, while **looking at the camera**, and *weak* **lowered brows** and *strong* **tightened eyelids**."
s32_su_4,32,surprise,4,I never saw that coming.,normal,lower,quieter,front,nodding,none,none,moderate,none,none,strong,none,none,none,none,none,none,none,none,none,none,none,"S32 said “I never saw that coming.”, with *normal* **speech rate**, *lower* **pitch**, *quieter* **loudness**, while **looking at the camera**, while *nodding*, and *moderate* **lowered brows** and *strong* **tightened eyelids**."
s32_su_5,32,surprise,5,"Oh my god, this is so weird.",normal,lower,normal,front,none,none,none,weak,none,none,strong,none,none,none,none,none,none,none,none,none,none,none,"S32 said “Oh my god, this is so weird.”, with *normal* **speech rate**, *lower* **pitch**, *normal* **loudness**, while **looking at the camera**, and *weak* **lowered brows** and *strong* **tightened eyelids**."
s33_an_1,33,anger,1,"What? No, no, I needed this money.",slow,higher,louder,front,nodding,none,none,none,none,none,none,none,none,none,none,none,none,none,none,none,none,none,"S33 said “What? No, no, I needed this money.”, with *slow* **speech rate**, *higher* **pitch**, *louder* **loudness**, while **looking at the camera**, and while *nodding*."
s33_an_2,33,anger,2,"I don't care about your coffee, please serve me.",slow,lower,normal,front,nodding,none,none,weak,none,none,none,none,none,none,none,none,none,none,none,none,none,none,"S33 said “I don't care about your coffee, please serve me.”, with *slow* **speech rate**, *lower* **pitch**, *normal* **loudness**, while **looking at the camera**, while *nodding*, and *weak* **lowered brows**."
s33_an_3,33,anger,3,"I can have you fired, you know?",normal,lower,normal,front,nodding,none,none,none,none,none,weak,none,none,none,none,none,none,weak,none,none,none,none,"S33 said “I can have you fired, you know?”, with *normal* **speech rate**, *lower* **pitch**, *normal* **loudness**, while **looking at the camera**, while *nodding*, and *weak* **tightened eyelids** and *weak* **stretched lips**."
s33_an_4,33,anger,4,Is your coffee more important than my money?,normal,normal,louder,front,nodding,none,none,moderate,none,none,none,none,none,none,none,none,none,none,none,none,none,weak,"S33 said “Is your coffee more important than my money?”, with *normal* **speech rate**, *normal* **pitch**, *louder* **loudness**, while **looking at the camera**, while *nodding*, and *moderate* **lowered brows** and *weak* **blinking**."
s33_an_5,33,anger,5,You will get paid to work and not to drink coffee.,normal,lower,normal,front,nodding,none,none,none,none,none,none,none,none,none,none,none,none,none,none,none,none,none,"S33 said “You will get paid to work and not to drink coffee.”, with *normal* **speech rate**, *lower* **pitch**, *normal* **loudness**, while **looking at the camera**, and while *nodding*."
s33_di_1,33,disgust,1,"Hey, that's horrible. I never eat noodles again.",slow,normal,louder,front,nodding,none,weak,weak,none,none,none,moderate,none,none,none,none,none,none,none,none,none,none,"S33 said “Hey, that's horrible. I never eat noodles again.”, with *slow* **speech rate**, *normal* **pitch**, *louder* **loudness**, while **looking at the camera**, while *nodding*, and *weak* **raised outer eyebrows**, *weak* **lowered brows**, and *moderate* **wrinkled nose**."
s33_di_2,33,disgust,2,Something is moving inside my plate.,slow,higher,louder,front,nodding,none,none,weak,none,none,none,moderate,none,none,none,none,none,none,none,none,none,moderate,"S33 said “Something is moving inside my plate.”, with *slow* **speech rate**, *higher* **pitch**, *louder* **loudness**, while **looking at the camera**, while *nodding*, and *weak* **lowered brows**, *moderate* **wrinkled nose**, and *moderate* **blinking**."
s33_di_3,33,disgust,3,"Eh, a cockroach!",slow,higher,normal,front,none,none,none,moderate,none,none,none,moderate,weak,none,none,none,none,moderate,none,weak,none,none,"S33 said “Eh, a cockroach!”, with *slow* **speech rate**, *higher* **pitch**, *normal* **loudness**, while **looking at the camera**, and *moderate* **lowered brows**, *moderate* **wrinkled nose**, *weak* **raised upper lip**, *moderate* **stretched lips**, and *weak* **parted lips**."
s33_di_4,33,disgust,4,"Eek, this is disgusting.",slow,higher,quieter,front,nodding,none,none,moderate,none,none,none,none,none,none,none,none,none,none,none,none,none,none,"S33 said “Eek, this is disgusting.”, with *slow* **speech rate**, *higher* **pitch**, *quieter* **loudness**, while **looking at the camera**, while *nodding*, and *moderate* **lowered brows**."
s33_di_5,33,disgust,5,That's gross,slow,lower,quieter,front,nodding,none,weak,moderate,none,none,moderate,none,none,none,none,none,weak,strong,none,moderate,weak,none,"S33 said “That's gross”, with *slow* **speech rate**, *lower* **pitch**, *quieter* **loudness**, while **looking at the camera**, while *nodding*, and *weak* **raised outer eyebrows**, *moderate* **lowered brows**, *moderate* **tightened eyelids**, *weak* **raised chin**, *strong* **stretched lips**, *moderate* **parted lips**, and *weak* **a dropped jaw**."
s33_fe_1,33,fear,1,"Oh, there is somebody in my house.",slow,normal,louder,front,nodding,none,none,weak,none,none,none,none,none,none,none,none,none,none,none,none,weak,none,"S33 said “Oh, there is somebody in my house.”, with *slow* **speech rate**, *normal* **pitch**, *louder* **loudness**, while **looking at the camera**, while *nodding*, and *weak* **lowered brows** and *weak* **a dropped jaw**."
s33_fe_2,33,fear,2,Someone is climbing up the stairs.,normal,normal,normal,front,nodding,none,none,none,none,none,none,none,none,none,none,none,none,none,none,none,none,none,"S33 said “Someone is climbing up the stairs.”, with *normal* **speech rate**, *normal* **pitch**, *normal* **loudness**, while **looking at the camera**, and while *nodding*."
s33_fe_3,33,fear,3,Please don't kill me,slow,higher,louder,front,none,none,none,none,none,none,none,none,none,none,none,none,none,none,none,none,none,none,"S33 said “Please don't kill me”, with *slow* **speech rate**, *higher* **pitch**, *louder* **loudness**, and while **looking at the camera**."
s33_fe_4,33,fear,4,I'm not alone. Go away.,normal,normal,louder,front,nodding,none,none,none,none,none,none,none,none,none,none,none,none,none,none,none,weak,none,"S33 said “I'm not alone. Go away.”, with *normal* **speech rate**, *normal* **pitch**, *louder* **loudness**, while **looking at the camera**, while *nodding*, and *weak* **a dropped jaw**."
s33_fe_5,33,fear,5,"I have nothing to give you, please go out.",normal,normal,normal,front,nodding,none,none,none,none,none,none,none,none,none,none,none,none,none,none,none,none,none,"S33 said “I have nothing to give you, please go out.”, with *normal* **speech rate**, *normal* **pitch**, *normal* **loudness**, while **looking at the camera**, and while *nodding*."
s33_ha_1,33,happiness,1,That's great! I'm in hit reach now!,normal,higher,louder,down,nodding,none,none,none,weak,strong,weak,none,none,strong,none,none,none,none,none,none,none,none,"S33 said “That's great! I'm in hit reach now!”, with *normal* **speech rate**, *higher* **pitch**, *louder* **loudness**, while **looking at the camera**, while *nodding*, and *weak* **raised upper eyelids**, *strong* **raised cheeks**, *weak* **tightened eyelids**, and *strong* **a smile**."
s33_ha_2,33,happiness,2,I want this is great,normal,normal,normal,down,nodding,none,none,none,none,none,none,none,none,none,none,none,none,none,none,none,weak,none,"S33 said “I want this is great”, with *normal* **speech rate**, *normal* **pitch**, *normal* **loudness**, while **looking at the camera**, while *nodding*, and *weak* **a dropped jaw**."
s33_ha_3,33,happiness,3,Wow! This is great!,slow,normal,quieter,front,nodding,none,none,none,none,none,none,none,none,none,none,none,none,none,none,none,none,weak,"S33 said “Wow! This is great!”, with *slow* **speech rate**, *normal* **pitch**, *quieter* **loudness**, while **looking at the camera**, while *nodding*, and *weak* **blinking**."
s33_ha_4,33,happiness,4,I'm so leg,slow,normal,quieter,front,nodding,none,none,none,none,none,none,none,none,none,none,none,none,none,none,none,none,none,"S33 said “I'm so leg”, with *slow* **speech rate**, *normal* **pitch**, *quieter* **loudness**, while **looking at the camera**, and while *nodding*."
s33_ha_5,33,happiness,5,I'm so excited,slow,normal,quieter,front,nodding,weak,weak,none,none,moderate,weak,none,none,moderate,none,none,none,none,none,none,none,strong,"S33 said “I'm so excited”, with *slow* **speech rate**, *normal* **pitch**, *quieter* **loudness**, while **looking at the camera**, while *nodding*, and *weak* **raised inner eyebrows**, *weak* **raised outer eyebrows**, *moderate* **raised cheeks**, *weak* **tightened eyelids**, *moderate* **a smile**, and *strong* **blinking**."
s33_sa_1,33,sadness,1,Life and want to be the same now.,normal,lower,quieter,front,nodding,none,none,none,none,none,none,none,none,none,none,none,none,none,none,none,none,none,"S33 said “Life and want to be the same now.”, with *normal* **speech rate**, *lower* **pitch**, *quieter* **loudness**, while **looking at the camera**, and while *nodding*."
s33_sa_2,33,sadness,2,"Oh, no, tell me, this is not true.",normal,normal,normal,front,nodding,none,none,weak,none,none,none,none,none,none,none,none,none,none,none,none,none,none,"S33 said “Oh, no, tell me, this is not true.”, with *normal* **speech rate**, *normal* **pitch**, *normal* **loudness**, while **looking at the camera**, while *nodding*, and *weak* **lowered brows**."
s33_sa_3,33,sadness,3,"Everything was so perfect, I cannot understand.",slow,lower,quieter,up,nodding,none,none,weak,none,none,none,none,none,none,none,none,none,none,none,none,none,none,"S33 said “Everything was so perfect, I cannot understand.”, with *slow* **speech rate**, *lower* **pitch**, *quieter* **loudness**, while **looking at the camera**, while *nodding*, and *weak* **lowered brows**."
s33_sa_4,33,sadness,4,I still love to hang.,normal,lower,quieter,up,nodding,none,none,none,none,none,none,none,none,none,none,none,none,none,none,none,none,none,"S33 said “I still love to hang.”, with *normal* **speech rate**, *lower* **pitch**, *quieter* **loudness**, while **looking at the camera**, and while *nodding*."
s33_sa_5,33,sadness,5,He was my life,normal,lower,quieter,up,nodding,none,none,none,none,none,none,none,none,none,none,none,none,none,none,none,none,none,"S33 said “He was my life”, with *normal* **speech rate**, *lower* **pitch**, *quieter* **loudness**, while **looking at the camera**, and while *nodding*."
s33_su_1,33,surprise,1,"Oh, you have never told me that.",normal,higher,louder,front,nodding,none,none,weak,none,none,none,weak,none,none,none,none,none,none,none,none,none,none,"S33 said “Oh, you have never told me that.”, with *normal* **speech rate**, *higher* **pitch**, *louder* **loudness**, while **looking at the camera**, while *nodding*, and *weak* **lowered brows** and *weak* **wrinkled nose**."
s33_su_2,33,surprise,2,I didn't expect that...,slow,normal,normal,front,nodding,none,none,weak,none,none,none,none,none,none,none,none,none,none,weak,none,none,none,"S33 said “I didn't expect that...”, with *slow* **speech rate**, *normal* **pitch**, *normal* **loudness**, while **looking at the camera**, while *nodding*, and *weak* **lowered brows** and *weak* **tightened lips**."
s33_su_3,33,surprise,3,"Wow, I have never believed this.",slow,normal,normal,front,nodding,none,none,none,none,none,none,moderate,none,none,none,none,none,weak,none,none,none,none,"S33 said “Wow, I have never believed this.”, with *slow* **speech rate**, *normal* **pitch**, *normal* **loudness**, while **looking at the camera**, while *nodding*, and *moderate* **wrinkled nose** and *weak* **stretched lips**."
s33_su_4,33,surprise,4,I never saw that coming.,slow,normal,normal,front,nodding,none,none,moderate,none,none,none,moderate,none,none,none,none,none,none,none,none,none,none,"S33 said “I never saw that coming.”, with *slow* **speech rate**, *normal* **pitch**, *normal* **loudness**, while **looking at the camera**, while *nodding*, and *moderate* **lowered brows** and *moderate* **wrinkled nose**."
s33_su_5,33,surprise,5,oh my god this is so weird,slow,normal,normal,front,nodding,none,none,strong,none,none,none,none,none,none,none,none,none,none,none,none,none,moderate,"S33 said “oh my god this is so weird”, with *slow* **speech rate**, *normal* **pitch**, *normal* **loudness**, while **looking at the camera**, while *nodding*, and *strong* **lowered brows** and *moderate* **blinking**."
s34_an_1,34,anger,1,What? No! I need this money now!,normal,higher,louder,front,none,none,none,none,none,none,none,weak,none,none,none,none,weak,weak,none,none,none,none,"S34 said “What? No! I need this money now!”, with *normal* **speech rate**, *higher* **pitch**, *louder* **loudness**, while **looking at the camera**, and *weak* **wrinkled nose**, *weak* **raised chin**, and *weak* **stretched lips**."
s34_an_2,34,anger,2,"I don't care about your coffee. Please, serve me.",normal,normal,normal,front,shaking,none,none,none,none,none,none,none,none,none,none,none,strong,none,none,none,none,moderate,"S34 said “I don't care about your coffee. Please, serve me.”, with *normal* **speech rate**, *normal* **pitch**, *normal* **loudness**, while **looking at the camera**, while *shaking* their **head**, and *strong* **raised chin** and *moderate* **blinking**."
s34_an_3,34,anger,3,"I can't have you fired, you know?",fast,normal,louder,front,none,none,none,none,none,none,none,weak,none,weak,none,none,moderate,none,none,moderate,none,none,"S34 said “I can't have you fired, you know?”, with *fast* **speech rate**, *normal* **pitch**, *louder* **loudness**, while **looking at the camera**, and *weak* **wrinkled nose**, *weak* **a smile**, *moderate* **raised chin**, and *moderate* **parted lips**."
s34_an_4,34,anger,4,Is your coffee more important than my money?,normal,normal,louder,front,shaking,none,weak,none,none,none,none,none,none,none,none,none,none,none,none,none,none,weak,"S34 said “Is your coffee more important than my money?”, with *normal* **speech rate**, *normal* **pitch**, *louder* **loudness**, while **looking at the camera**, while *shaking* their **head**, and *weak* **raised outer eyebrows** and *weak* **blinking**."
s34_an_5,34,anger,5,"and you are going to pay to work, so serve me.",normal,normal,normal,front,shaking,none,none,none,none,none,none,none,none,none,none,none,none,none,none,none,none,none,"S34 said “and you are going to pay to work, so serve me.”, with *normal* **speech rate**, *normal* **pitch**, *normal* **loudness**, while **looking at the camera**, and while *shaking* their **head**."
s34_di_1,34,disgust,1,"Ah, that's horrible. I will never eat that again.",normal,lower,normal,front,shaking,none,none,none,none,moderate,moderate,none,strong,strong,none,none,none,none,none,none,none,moderate,"S34 said “Ah, that's horrible. I will never eat that again.”, with *normal* **speech rate**, *lower* **pitch**, *normal* **loudness**, while **looking at the camera**, while *shaking* their **head**, and *moderate* **raised cheeks**, *moderate* **tightened eyelids**, *strong* **raised upper lip**, *strong* **a smile**, and *moderate* **blinking**."
s34_di_2,34,disgust,2,Something is moving inside my plate,normal,normal,normal,front,none,none,none,none,none,weak,none,none,none,strong,none,none,moderate,none,none,weak,none,none,"S34 said “Something is moving inside my plate”, with *normal* **speech rate**, *normal* **pitch**, *normal* **loudness**, while **looking at the camera**, and *weak* **raised cheeks**, *strong* **a smile**, *moderate* **raised chin**, and *weak* **parted lips**."
s34_di_3,34,disgust,3,"Ah, the cockroach",slow,normal,louder,down,none,none,none,none,none,moderate,moderate,weak,strong,strong,none,none,none,strong,moderate,moderate,none,none,"S34 said “Ah, the cockroach”, with *slow* **speech rate**, *normal* **pitch**, *louder* **loudness**, while **looking at the camera**, and *moderate* **raised cheeks**, *moderate* **tightened eyelids**, *weak* **wrinkled nose**, *strong* **raised upper lip**, *strong* **a smile**, *strong* **stretched lips**, *moderate* **tightened lips**, and *moderate* **parted lips**."
s34_di_4,34,disgust,4,This is disgusting,slow,higher,normal,left,shaking,none,none,none,none,moderate,none,weak,moderate,strong,none,none,none,none,none,none,none,none,"S34 said “This is disgusting”, with *slow* **speech rate**, *higher* **pitch**, *normal* **loudness**, while **looking at the camera**, while *shaking* their **head**, and *moderate* **raised cheeks**, *weak* **wrinkled nose**, *moderate* **raised upper lip**, and *strong* **a smile**."
s34_di_5,34,disgust,5,That's gross.,slow,lower,quieter,front,none,none,none,none,none,none,none,none,none,weak,none,none,none,none,moderate,none,none,none,"S34 said “That's gross.”, with *slow* **speech rate**, *lower* **pitch**, *quieter* **loudness**, while **looking at the camera**, and *weak* **a smile** and *moderate* **tightened lips**."
s34_fe_1,34,fear,1,"Oh my god, there is somebody in the house.",normal,lower,normal,front,none,none,none,none,none,none,none,none,none,none,none,none,none,none,none,none,none,moderate,"S34 said “Oh my god, there is somebody in the house.”, with *normal* **speech rate**, *lower* **pitch**, *normal* **loudness**, while **looking at the camera**, and *moderate* **blinking**."
s34_fe_2,34,fear,2,Someone's cleaning upstairs.,slow,lower,quieter,down,tilting,none,none,none,none,none,none,none,none,none,none,none,weak,none,none,none,none,none,"S34 said “Someone's cleaning upstairs.”, with *slow* **speech rate**, *lower* **pitch**, *quieter* **loudness**, while **looking at the camera**, while *tilting* their **head**, and *weak* **raised chin**."
s34_fe_3,34,fear,3,Please don't kill me.,normal,higher,normal,down,none,none,none,none,none,none,none,none,none,weak,none,none,none,none,none,none,none,none,"S34 said “Please don't kill me.”, with *normal* **speech rate**, *higher* **pitch**, *normal* **loudness**, while **looking at the camera**, and *weak* **a smile**."
s34_fe_4,34,fear,4,another one go away please,slow,higher,louder,front,none,none,none,none,none,none,none,none,none,none,none,none,none,none,none,none,none,weak,"S34 said “another one go away please”, with *slow* **speech rate**, *higher* **pitch**, *louder* **loudness**, while **looking at the camera**, and *weak* **blinking**."
s34_fe_5,34,fear,5,"I have nothing to give you, please let me...",normal,higher,normal,front,none,none,none,none,none,none,none,none,none,none,none,none,none,none,none,none,none,none,"S34 said “I have nothing to give you, please let me...”, with *normal* **speech rate**, *higher* **pitch**, *normal* **loudness**, and while **looking at the camera**."
s34_ha_1,34,happiness,1,That's great. I'm rich now.,slow,normal,normal,front,none,none,none,none,none,moderate,weak,none,weak,none,none,none,moderate,weak,weak,none,none,none,"S34 said “That's great. I'm rich now.”, with *slow* **speech rate**, *normal* **pitch**, *normal* **loudness**, while **looking at the camera**, and *moderate* **raised cheeks**, *weak* **tightened eyelids**, *weak* **raised upper lip**, *moderate* **raised chin**, *weak* **stretched lips**, and *weak* **tightened lips**."
s34_ha_2,34,happiness,2,I want this is great,normal,lower,louder,left,none,none,none,none,none,weak,moderate,weak,none,strong,none,none,weak,none,none,moderate,none,none,"S34 said “I want this is great”, with *normal* **speech rate**, *lower* **pitch**, *louder* **loudness**, while **looking at the camera**, and *weak* **raised cheeks**, *moderate* **tightened eyelids**, *weak* **wrinkled nose**, *strong* **a smile**, *weak* **raised chin**, and *moderate* **parted lips**."
s34_ha_3,34,happiness,3,wow this is so great,normal,lower,normal,front,none,none,none,none,none,none,weak,none,none,moderate,none,none,none,none,none,none,none,none,"S34 said “wow this is so great”, with *normal* **speech rate**, *lower* **pitch**, *normal* **loudness**, while **looking at the camera**, and *weak* **tightened eyelids** and *moderate* **a smile**."
s34_ha_4,34,happiness,4,I'm so lucky.,normal,normal,normal,front,none,none,none,none,none,none,none,weak,none,moderate,none,none,moderate,moderate,moderate,none,none,weak,"S34 said “I'm so lucky.”, with *normal* **speech rate**, *normal* **pitch**, *normal* **loudness**, while **looking at the camera**, and *weak* **wrinkled nose**, *moderate* **a smile**, *moderate* **raised chin**, *moderate* **stretched lips**, *moderate* **tightened lips**, and *weak* **blinking**."
s34_ha_5,34,happiness,5,I'm so excited.,normal,normal,louder,front,nodding,none,none,none,none,moderate,strong,none,weak,strong,none,none,none,none,none,none,none,none,"S34 said “I'm so excited.”, with *normal* **speech rate**, *normal* **pitch**, *louder* **loudness**, while **looking at the camera**, while *nodding*, and *moderate* **raised cheeks**, *strong* **tightened eyelids**, *weak* **raised upper lip**, and *strong* **a smile**."
s34_sa_1,34,sadness,1,Life won't be the same now.,normal,normal,quieter,right,none,none,none,none,weak,none,none,none,none,weak,none,none,none,none,none,none,none,none,"S34 said “Life won't be the same now.”, with *normal* **speech rate**, *normal* **pitch**, *quieter* **loudness**, while **looking at the camera**, and *weak* **raised upper eyelids** and *weak* **a smile**."
s34_sa_2,34,sadness,2,"No, tell me it's not true. Please.",slow,higher,quieter,front,none,none,none,none,none,none,none,none,none,none,none,none,none,none,none,none,none,moderate,"S34 said “No, tell me it's not true. Please.”, with *slow* **speech rate**, *higher* **pitch**, *quieter* **loudness**, while **looking at the camera**, and *moderate* **blinking**."
s34_sa_3,34,sadness,3,"When everything was so perfect, I can't understand",slow,higher,normal,front,none,none,none,none,none,none,none,none,none,none,none,none,none,none,none,none,none,weak,"S34 said “When everything was so perfect, I can't understand”, with *slow* **speech rate**, *higher* **pitch**, *normal* **loudness**, while **looking at the camera**, and *weak* **blinking**."
s34_sa_4,34,sadness,4,I still love her,slow,normal,quieter,front,none,none,none,none,none,none,none,none,none,none,none,none,none,none,none,none,none,moderate,"S34 said “I still love her”, with *slow* **speech rate**, *normal* **pitch**, *quieter* **loudness**, while **looking at the camera**, and *moderate* **blinking**."
s34_sa_5,34,sadness,5,"but she was my life, you know",normal,normal,quieter,front,none,none,weak,none,none,none,none,none,none,none,none,none,none,none,none,none,none,strong,"S34 said “but she was my life, you know”, with *normal* **speech rate**, *normal* **pitch**, *quieter* **loudness**, while **looking at the camera**, and *weak* **raised outer eyebrows** and *strong* **blinking**."
s34_su_1,34,surprise,1,"Hey, you never told me that",normal,higher,quieter,front,none,none,none,none,none,none,none,weak,none,none,none,none,none,none,none,none,none,strong,"S34 said “Hey, you never told me that”, with *normal* **speech rate**, *higher* **pitch**, *quieter* **loudness**, while **looking at the camera**, and *weak* **wrinkled nose** and *strong* **blinking**."
s34_su_2,34,surprise,2,I did not expect.,fast,normal,quieter,front,none,none,weak,none,none,none,none,none,none,none,none,none,none,moderate,none,weak,none,strong,"S34 said “I did not expect.”, with *fast* **speech rate**, *normal* **pitch**, *quieter* **loudness**, while **looking at the camera**, and *weak* **raised outer eyebrows**, *moderate* **stretched lips**, *weak* **parted lips**, and *strong* **blinking**."
s34_su_3,34,surprise,3,"Wow, I would never have believed it.",normal,lower,normal,front,none,none,none,none,none,none,none,none,none,none,none,none,none,none,none,none,none,strong,"S34 said “Wow, I would never have believed it.”, with *normal* **speech rate**, *lower* **pitch**, *normal* **loudness**, while **looking at the camera**, and *strong* **blinking**."
s34_su_4,34,surprise,4,I never saw that coming.,normal,normal,louder,front,tilting,none,none,none,none,none,none,none,none,none,none,none,weak,none,none,none,none,weak,"S34 said “I never saw that coming.”, with *normal* **speech rate**, *normal* **pitch**, *louder* **loudness**, while **looking at the camera**, while *tilting* their **head**, and *weak* **raised chin** and *weak* **blinking**."
s34_su_5,34,surprise,5,"My god, this is so wide",normal,lower,louder,front,shaking,none,none,none,none,none,none,none,none,none,none,none,none,none,none,none,none,moderate,"S34 said “My god, this is so wide”, with *normal* **speech rate**, *lower* **pitch**, *louder* **loudness**, while **looking at the camera**, while *shaking* their **head**, and *moderate* **blinking**."
s35_an_1,35,anger,1,"What? No, no, listen, I need this money.",normal,lower,normal,front,none,none,none,strong,none,none,none,none,none,none,none,none,none,none,none,none,none,none,"S35 said “What? No, no, listen, I need this money.”, with *normal* **speech rate**, *lower* **pitch**, *normal* **loudness**, while **looking at the camera**, and *strong* **lowered brows**."
s35_an_2,35,anger,2,"I don't care about your coffee, please serve me!",normal,normal,normal,front,nodding,none,none,strong,none,weak,weak,none,none,none,none,none,none,none,none,none,none,none,"S35 said “I don't care about your coffee, please serve me!”, with *normal* **speech rate**, *normal* **pitch**, *normal* **loudness**, while **looking at the camera**, while *nodding*, and *strong* **lowered brows**, *weak* **raised cheeks**, and *weak* **tightened eyelids**."
s35_an_3,35,anger,3,"I can't have you fired, you know?",normal,lower,normal,front,none,none,none,strong,none,none,none,none,none,none,none,none,none,none,none,none,none,weak,"S35 said “I can't have you fired, you know?”, with *normal* **speech rate**, *lower* **pitch**, *normal* **loudness**, while **looking at the camera**, and *strong* **lowered brows** and *weak* **blinking**."
s35_an_4,35,anger,4,Is your coffee more important than my money?,normal,normal,louder,front,none,none,none,moderate,none,none,none,none,none,none,none,none,none,none,none,none,none,moderate,"S35 said “Is your coffee more important than my money?”, with *normal* **speech rate**, *normal* **pitch**, *louder* **loudness**, while **looking at the camera**, and *moderate* **lowered brows** and *moderate* **blinking**."
s35_an_5,35,anger,5,"You're getting paid to work, not drink coffee.",normal,normal,normal,front,shaking,none,none,strong,none,none,none,none,none,none,none,none,none,none,none,none,none,none,"S35 said “You're getting paid to work, not drink coffee.”, with *normal* **speech rate**, *normal* **pitch**, *normal* **loudness**, while **looking at the camera**, while *shaking* their **head**, and *strong* **lowered brows**."
s35_di_1,35,disgust,1,"That's horrible, I never hit neuters again.",normal,lower,louder,front,none,none,none,strong,none,none,none,none,none,none,none,none,none,none,none,none,none,none,"S35 said “That's horrible, I never hit neuters again.”, with *normal* **speech rate**, *lower* **pitch**, *louder* **loudness**, while **looking at the camera**, and *strong* **lowered brows**."
s35_di_2,35,disgust,2,Something is moving inside my plate.,normal,normal,normal,front,none,none,none,none,none,weak,weak,none,none,none,none,weak,none,none,none,none,none,none,"S35 said “Something is moving inside my plate.”, with *normal* **speech rate**, *normal* **pitch**, *normal* **loudness**, while **looking at the camera**, and *weak* **raised cheeks**, *weak* **tightened eyelids**, and *weak* **downturned mouth corners**."
s35_di_3,35,disgust,3,"Ah, a cookroach!",slow,lower,louder,front,nodding,none,none,strong,none,strong,strong,none,moderate,strong,strong,none,none,none,none,none,none,none,"S35 said “Ah, a cookroach!”, with *slow* **speech rate**, *lower* **pitch**, *louder* **loudness**, while **looking at the camera**, while *nodding*, and *strong* **lowered brows**, *strong* **raised cheeks**, *strong* **tightened eyelids**, *moderate* **raised upper lip**, *strong* **a smile**, and *strong* **a tight smile**."
s35_di_4,35,disgust,4,"Ah, that's disgusting.",slow,lower,normal,front,none,none,none,none,weak,strong,strong,none,strong,strong,moderate,none,none,none,strong,none,none,strong,"S35 said “Ah, that's disgusting.”, with *slow* **speech rate**, *lower* **pitch**, *normal* **loudness**, while **looking at the camera**, and *weak* **raised upper eyelids**, *strong* **raised cheeks**, *strong* **tightened eyelids**, *strong* **raised upper lip**, *strong* **a smile**, *moderate* **a tight smile**, *strong* **tightened lips**, and *strong* **blinking**."
s35_di_5,35,disgust,5,That's gross,slow,normal,normal,front,none,none,none,strong,none,none,weak,none,none,none,none,none,none,none,none,none,none,none,"S35 said “That's gross”, with *slow* **speech rate**, *normal* **pitch**, *normal* **loudness**, while **looking at the camera**, and *strong* **lowered brows** and *weak* **tightened eyelids**."
s35_fe_1,35,fear,1,"Oh my god, there's someone in the house!",normal,higher,louder,front,none,none,none,strong,none,none,none,none,none,none,none,none,none,none,weak,none,none,weak,"S35 said “Oh my god, there's someone in the house!”, with *normal* **speech rate**, *higher* **pitch**, *louder* **loudness**, while **looking at the camera**, and *strong* **lowered brows**, *weak* **tightened lips**, and *weak* **blinking**."
s35_fe_2,35,fear,2,Someone is climbing upstairs.,slow,normal,normal,front,shaking,none,none,moderate,none,none,none,none,none,none,none,none,none,none,none,none,none,none,"S35 said “Someone is climbing upstairs.”, with *slow* **speech rate**, *normal* **pitch**, *normal* **loudness**, while **looking at the camera**, while *shaking* their **head**, and *moderate* **lowered brows**."
s35_fe_3,35,fear,3,"Please, don't kill me.",normal,higher,normal,front,nodding,none,none,moderate,none,none,none,none,none,none,none,none,none,none,none,none,none,none,"S35 said “Please, don't kill me.”, with *normal* **speech rate**, *higher* **pitch**, *normal* **loudness**, while **looking at the camera**, while *nodding*, and *moderate* **lowered brows**."
s35_fe_4,35,fear,4,"I'm not alone, go away!",normal,higher,louder,front,none,none,none,strong,none,weak,none,none,none,none,none,none,none,none,weak,none,none,none,"S35 said “I'm not alone, go away!”, with *normal* **speech rate**, *higher* **pitch**, *louder* **loudness**, while **looking at the camera**, and *strong* **lowered brows**, *weak* **raised cheeks**, and *weak* **tightened lips**."
s35_fe_5,35,fear,5,"Have nothing to give you, please don't hurt me.",fast,normal,louder,front,nodding,none,none,moderate,none,none,none,none,none,none,none,none,none,none,none,none,none,moderate,"S35 said “Have nothing to give you, please don't hurt me.”, with *fast* **speech rate**, *normal* **pitch**, *louder* **loudness**, while **looking at the camera**, while *nodding*, and *moderate* **lowered brows** and *moderate* **blinking**."
s35_ha_1,35,happiness,1,That's great! I'm rich now!,normal,higher,louder,front,nodding,weak,none,weak,none,none,moderate,none,none,none,none,none,none,none,none,none,none,none,"S35 said “That's great! I'm rich now!”, with *normal* **speech rate**, *higher* **pitch**, *louder* **loudness**, while **looking at the camera**, while *nodding*, and *weak* **raised inner eyebrows**, *weak* **lowered brows**, and *moderate* **tightened eyelids**."
s35_ha_2,35,happiness,2,I won! This is great! I'm so happy!,normal,higher,normal,front,none,none,none,strong,none,moderate,weak,none,none,weak,none,none,weak,none,none,none,none,strong,"S35 said “I won! This is great! I'm so happy!”, with *normal* **speech rate**, *higher* **pitch**, *normal* **loudness**, while **looking at the camera**, and *strong* **lowered brows**, *moderate* **raised cheeks**, *weak* **tightened eyelids**, *weak* **a smile**, *weak* **raised chin**, and *strong* **blinking**."
s35_ha_3,35,happiness,3,"Wow, that's so great!",slow,lower,louder,down,shaking,moderate,weak,weak,weak,strong,weak,none,moderate,strong,none,none,none,none,none,none,none,none,"S35 said “Wow, that's so great!”, with *slow* **speech rate**, *lower* **pitch**, *louder* **loudness**, while **looking at the camera**, while *shaking* their **head**, and *moderate* **raised inner eyebrows**, *weak* **raised outer eyebrows**, *weak* **lowered brows**, *weak* **raised upper eyelids**, *strong* **raised cheeks**, *weak* **tightened eyelids**, *moderate* **raised upper lip**, and *strong* **a smile**."
s35_ha_4,35,happiness,4,I'm so lucky!,normal,higher,normal,front,none,none,weak,none,weak,moderate,weak,none,moderate,moderate,none,none,none,none,none,none,none,none,"S35 said “I'm so lucky!”, with *normal* **speech rate**, *higher* **pitch**, *normal* **loudness**, while **looking at the camera**, and *weak* **raised outer eyebrows**, *weak* **raised upper eyelids**, *moderate* **raised cheeks**, *weak* **tightened eyelids**, *moderate* **raised upper lip**, and *moderate* **a smile**."
s35_ha_5,35,happiness,5,I'm so excited,slow,normal,quieter,front,nodding,none,none,moderate,none,strong,weak,none,moderate,strong,moderate,none,none,none,none,none,none,none,"S35 said “I'm so excited”, with *slow* **speech rate**, *normal* **pitch**, *quieter* **loudness**, while **looking at the camera**, while *nodding*, and *moderate* **lowered brows**, *strong* **raised cheeks**, *weak* **tightened eyelids**, *moderate* **raised upper lip**, *strong* **a smile**, and *moderate* **a tight smile**."
s35_sa_1,35,sadness,1,Life won't be the same now.,normal,lower,quieter,front,none,none,none,strong,none,none,none,none,none,none,none,none,none,none,none,none,none,weak,"S35 said “Life won't be the same now.”, with *normal* **speech rate**, *lower* **pitch**, *quieter* **loudness**, while **looking at the camera**, and *strong* **lowered brows** and *weak* **blinking**."
s35_sa_2,35,sadness,2,"Oh no, tell me, that is not true.",normal,lower,quieter,front,nodding,none,none,strong,weak,none,none,none,none,none,none,none,none,none,none,none,none,none,"S35 said “Oh no, tell me, that is not true.”, with *normal* **speech rate**, *lower* **pitch**, *quieter* **loudness**, while **looking at the camera**, while *nodding*, and *strong* **lowered brows** and *weak* **raised upper eyelids**."
s35_sa_3,35,sadness,3,Everything was so perfect. I just don't understand.,slow,lower,quieter,front,none,none,none,strong,none,none,weak,none,none,none,none,none,none,none,none,none,none,none,"S35 said “Everything was so perfect. I just don't understand.”, with *slow* **speech rate**, *lower* **pitch**, *quieter* **loudness**, while **looking at the camera**, and *strong* **lowered brows** and *weak* **tightened eyelids**."
s35_sa_4,35,sadness,4,I still love her,normal,lower,quieter,front,none,none,none,strong,none,none,none,none,none,none,none,none,none,none,none,none,none,none,"S35 said “I still love her”, with *normal* **speech rate**, *lower* **pitch**, *quieter* **loudness**, while **looking at the camera**, and *strong* **lowered brows**."
s35_sa_5,35,sadness,5,She was my life.,slow,normal,quieter,front,nodding,none,none,weak,none,none,none,none,none,none,none,none,none,none,none,none,none,none,"S35 said “She was my life.”, with *slow* **speech rate**, *normal* **pitch**, *quieter* **loudness**, while **looking at the camera**, while *nodding*, and *weak* **lowered brows**."
s35_su_1,35,surprise,1,You have never told me that!,normal,higher,normal,front,none,none,none,strong,none,none,none,none,none,none,none,none,none,none,none,none,none,none,"S35 said “You have never told me that!”, with *normal* **speech rate**, *higher* **pitch**, *normal* **loudness**, while **looking at the camera**, and *strong* **lowered brows**."
s35_su_2,35,surprise,2,I didn't expect that.,slow,normal,quieter,front,none,none,none,moderate,none,none,none,none,none,none,none,none,none,none,weak,none,none,none,"S35 said “I didn't expect that.”, with *slow* **speech rate**, *normal* **pitch**, *quieter* **loudness**, while **looking at the camera**, and *moderate* **lowered brows** and *weak* **tightened lips**."
s35_su_3,35,surprise,3,"Wow, I will never have believed this!",normal,normal,louder,front,none,none,none,strong,moderate,none,weak,none,none,none,none,none,none,none,none,none,none,none,"S35 said “Wow, I will never have believed this!”, with *normal* **speech rate**, *normal* **pitch**, *louder* **loudness**, while **looking at the camera**, and *strong* **lowered brows**, *moderate* **raised upper eyelids**, and *weak* **tightened eyelids**."
s35_su_4,35,surprise,4,I never saw that coming.,normal,higher,normal,front,none,none,none,moderate,moderate,weak,none,weak,none,none,none,none,none,none,none,none,none,none,"S35 said “I never saw that coming.”, with *normal* **speech rate**, *higher* **pitch**, *normal* **loudness**, while **looking at the camera**, and *moderate* **lowered brows**, *moderate* **raised upper eyelids**, *weak* **raised cheeks**, and *weak* **wrinkled nose**."
s35_su_5,35,surprise,5,"Oh my god, that's so weird",normal,higher,normal,front,nodding,none,none,strong,none,weak,none,none,none,none,none,none,none,none,none,none,none,moderate,"S35 said “Oh my god, that's so weird”, with *normal* **speech rate**, *higher* **pitch**, *normal* **loudness**, while **looking at the camera**, while *nodding*, and *strong* **lowered brows**, *weak* **raised cheeks**, and *moderate* **blinking**."
s36_an_1,36,anger,1,"What? No, no, no. Listen, I need this money.",normal,higher,louder,front,shaking,weak,weak,none,moderate,none,none,none,none,none,none,none,none,none,none,none,none,none,"S36 said “What? No, no, no. Listen, I need this money.”, with *normal* **speech rate**, *higher* **pitch**, *louder* **loudness**, while **looking at the camera**, while *shaking* their **head**, and *weak* **raised inner eyebrows**, *weak* **raised outer eyebrows**, and *moderate* **raised upper eyelids**."
s36_an_2,36,anger,2,"I don't care about your coffee, please serve me.",normal,normal,normal,front,nodding,none,none,none,none,none,none,none,none,none,none,none,none,none,none,none,none,none,"S36 said “I don't care about your coffee, please serve me.”, with *normal* **speech rate**, *normal* **pitch**, *normal* **loudness**, while **looking at the camera**, and while *nodding*."
s36_an_3,36,anger,3,"I can have you fired, you know?",fast,normal,louder,front,none,none,none,none,none,none,none,none,none,none,none,none,none,none,none,none,none,none,"S36 said “I can have you fired, you know?”, with *fast* **speech rate**, *normal* **pitch**, *louder* **loudness**, and while **looking at the camera**."
s36_an_4,36,anger,4,Is your coffee more important than my money?,fast,higher,louder,front,none,none,none,none,none,none,none,none,none,none,none,none,none,none,none,none,none,none,"S36 said “Is your coffee more important than my money?”, with *fast* **speech rate**, *higher* **pitch**, *louder* **loudness**, and while **looking at the camera**."
s36_an_5,36,anger,5,"You are getting paid to work, not drink coffee.",normal,normal,normal,front,none,none,none,none,none,none,none,none,none,none,none,none,none,none,none,none,none,none,"S36 said “You are getting paid to work, not drink coffee.”, with *normal* **speech rate**, *normal* **pitch**, *normal* **loudness**, and while **looking at the camera**."
s36_di_1,36,disgust,1,"That's horrible, I'll never eat noodles again.",normal,lower,louder,front,nodding,none,weak,strong,none,none,weak,none,none,none,none,none,none,none,none,none,none,none,"S36 said “That's horrible, I'll never eat noodles again.”, with *normal* **speech rate**, *lower* **pitch**, *louder* **loudness**, while **looking at the camera**, while *nodding*, and *weak* **raised outer eyebrows**, *strong* **lowered brows**, and *weak* **tightened eyelids**."
s36_di_2,36,disgust,2,Something is moving inside my plate.,normal,normal,louder,front,nodding,weak,none,none,none,none,none,none,none,none,none,weak,none,none,none,none,none,none,"S36 said “Something is moving inside my plate.”, with *normal* **speech rate**, *normal* **pitch**, *louder* **loudness**, while **looking at the camera**, while *nodding*, and *weak* **raised inner eyebrows** and *weak* **downturned mouth corners**."
s36_di_3,36,disgust,3,"Ah, at Calcrunch?",slow,normal,quieter,front,nodding,none,none,none,none,none,moderate,weak,none,none,none,none,none,none,none,none,none,none,"S36 said “Ah, at Calcrunch?”, with *slow* **speech rate**, *normal* **pitch**, *quieter* **loudness**, while **looking at the camera**, while *nodding*, and *moderate* **tightened eyelids** and *weak* **wrinkled nose**."
s36_di_4,36,disgust,4,And this is disgusting,slow,higher,quieter,down,nodding,none,none,strong,none,moderate,strong,none,strong,none,none,none,weak,none,weak,weak,none,none,"S36 said “And this is disgusting”, with *slow* **speech rate**, *higher* **pitch**, *quieter* **loudness**, while **looking at the camera**, while *nodding*, and *strong* **lowered brows**, *moderate* **raised cheeks**, *strong* **tightened eyelids**, *strong* **raised upper lip**, *weak* **raised chin**, *weak* **tightened lips**, and *weak* **parted lips**."
s36_di_5,36,disgust,5,That's gross!,slow,normal,normal,front,none,weak,none,none,none,none,none,none,none,none,none,none,none,none,none,weak,none,none,"S36 said “That's gross!”, with *slow* **speech rate**, *normal* **pitch**, *normal* **loudness**, while **looking at the camera**, and *weak* **raised inner eyebrows** and *weak* **parted lips**."
s36_fe_1,36,fear,1,"Oh my God, there's someone in the house.",normal,lower,quieter,front,none,none,none,none,none,none,none,none,none,none,none,none,none,none,none,none,none,none,"S36 said “Oh my God, there's someone in the house.”, with *normal* **speech rate**, *lower* **pitch**, *quieter* **loudness**, and while **looking at the camera**."
s36_fe_2,36,fear,2,someone is climbing up the stairs,normal,lower,quieter,front,nodding,none,none,none,none,none,none,none,none,none,none,none,none,none,none,none,none,moderate,"S36 said “someone is climbing up the stairs”, with *normal* **speech rate**, *lower* **pitch**, *quieter* **loudness**, while **looking at the camera**, while *nodding*, and *moderate* **blinking**."
s36_fe_3,36,fear,3,Please don't kill me.,normal,lower,normal,front,none,none,none,none,none,none,none,none,none,none,none,none,none,none,none,none,none,none,"S36 said “Please don't kill me.”, with *normal* **speech rate**, *lower* **pitch**, *normal* **loudness**, and while **looking at the camera**."
s36_fe_4,36,fear,4,I'm not alone. Go away.,normal,normal,louder,front,none,none,none,none,none,none,none,none,none,none,none,none,none,none,none,none,none,none,"S36 said “I'm not alone. Go away.”, with *normal* **speech rate**, *normal* **pitch**, *louder* **loudness**, and while **looking at the camera**."
s36_fe_5,36,fear,5,"I have nothing to give you, please don't hurt me.",fast,lower,normal,front,nodding,none,none,none,none,none,none,none,none,none,none,none,none,none,none,none,none,weak,"S36 said “I have nothing to give you, please don't hurt me.”, with *fast* **speech rate**, *lower* **pitch**, *normal* **loudness**, while **looking at the camera**, while *nodding*, and *weak* **blinking**."
s36_ha_1,36,happiness,1,That's great. I'm rich now,normal,normal,normal,front,none,weak,none,none,none,none,none,none,none,none,none,none,none,none,none,none,none,none,"S36 said “That's great. I'm rich now”, with *normal* **speech rate**, *normal* **pitch**, *normal* **loudness**, while **looking at the camera**, and *weak* **raised inner eyebrows**."
s36_ha_2,36,happiness,2,I won this is great. I'm so happy,normal,normal,normal,front,none,none,none,none,none,none,none,none,none,none,none,none,none,none,none,none,none,none,"S36 said “I won this is great. I'm so happy”, with *normal* **speech rate**, *normal* **pitch**, *normal* **loudness**, and while **looking at the camera**."
s36_ha_3,36,happiness,3,"Wow, this is so great!",normal,higher,louder,front,nodding,weak,none,none,weak,none,none,none,none,none,none,weak,none,none,none,none,none,none,"S36 said “Wow, this is so great!”, with *normal* **speech rate**, *higher* **pitch**, *louder* **loudness**, while **looking at the camera**, while *nodding*, and *weak* **raised inner eyebrows**, *weak* **raised upper eyelids**, and *weak* **downturned mouth corners**."
s36_ha_4,36,happiness,4,I'm so lucky,slow,higher,normal,front,none,moderate,none,none,none,none,none,none,none,none,none,none,strong,none,none,none,none,none,"S36 said “I'm so lucky”, with *slow* **speech rate**, *higher* **pitch**, *normal* **loudness**, while **looking at the camera**, and *moderate* **raised inner eyebrows** and *strong* **raised chin**."
s36_ha_5,36,happiness,5,I'm so excited!,normal,normal,louder,front,none,weak,none,none,none,none,none,none,none,none,none,none,none,none,none,none,none,none,"S36 said “I'm so excited!”, with *normal* **speech rate**, *normal* **pitch**, *louder* **loudness**, while **looking at the camera**, and *weak* **raised inner eyebrows**."
s36_sa_1,36,sadness,1,Life won't be the same now.,normal,normal,normal,front,none,none,none,none,none,none,none,none,none,none,none,none,none,none,none,none,none,none,"S36 said “Life won't be the same now.”, with *normal* **speech rate**, *normal* **pitch**, *normal* **loudness**, and while **looking at the camera**."
s36_sa_2,36,sadness,2,"Oh no, tell me this is not true, please.",normal,lower,normal,front,none,none,none,none,none,none,none,none,none,none,none,none,none,none,none,none,none,none,"S36 said “Oh no, tell me this is not true, please.”, with *normal* **speech rate**, *lower* **pitch**, *normal* **loudness**, and while **looking at the camera**."
s36_sa_3,36,sadness,3,"Everything was so perfect, I just don't understand.",normal,normal,quieter,front,nodding,none,none,none,none,none,none,none,none,none,none,none,none,none,none,none,none,none,"S36 said “Everything was so perfect, I just don't understand.”, with *normal* **speech rate**, *normal* **pitch**, *quieter* **loudness**, while **looking at the camera**, and while *nodding*."
s36_sa_4,36,sadness,4,I still loved her,normal,lower,quieter,front,none,none,none,none,none,none,none,none,none,none,none,none,none,none,none,none,none,none,"S36 said “I still loved her”, with *normal* **speech rate**, *lower* **pitch**, *quieter* **loudness**, and while **looking at the camera**."
s36_sa_5,36,sadness,5,She was my life,normal,lower,quieter,front,none,none,weak,none,none,none,none,none,none,none,none,none,none,none,none,none,none,none,"S36 said “She was my life”, with *normal* **speech rate**, *lower* **pitch**, *quieter* **loudness**, while **looking at the camera**, and *weak* **raised outer eyebrows**."
s36_su_1,36,surprise,1,You have never told me that.,normal,higher,louder,front,nodding,moderate,none,none,none,none,none,none,none,none,none,none,none,none,none,none,none,none,"S36 said “You have never told me that.”, with *normal* **speech rate**, *higher* **pitch**, *louder* **loudness**, while **looking at the camera**, while *nodding*, and *moderate* **raised inner eyebrows**."
s36_su_2,36,surprise,2,I didn't expect that,normal,higher,quieter,front,nodding,none,none,none,none,none,none,weak,none,none,none,none,none,none,none,none,none,none,"S36 said “I didn't expect that”, with *normal* **speech rate**, *higher* **pitch**, *quieter* **loudness**, while **looking at the camera**, while *nodding*, and *weak* **wrinkled nose**."
s36_su_3,36,surprise,3,"Wow, I would never have believed this.",normal,higher,louder,front,none,weak,weak,none,none,none,none,none,none,none,none,none,none,none,none,none,none,none,"S36 said “Wow, I would never have believed this.”, with *normal* **speech rate**, *higher* **pitch**, *louder* **loudness**, while **looking at the camera**, and *weak* **raised inner eyebrows** and *weak* **raised outer eyebrows**."
s36_su_4,36,surprise,4,I never saw that coming.,normal,normal,normal,front,none,none,none,none,none,none,none,none,none,none,none,none,none,none,none,none,none,none,"S36 said “I never saw that coming.”, with *normal* **speech rate**, *normal* **pitch**, *normal* **loudness**, and while **looking at the camera**."
s36_su_5,36,surprise,5,"Oh my god, that's so weird",slow,higher,normal,front,none,none,none,none,none,none,none,none,none,none,none,none,none,none,none,none,none,none,"S36 said “Oh my god, that's so weird”, with *slow* **speech rate**, *higher* **pitch**, *normal* **loudness**, and while **looking at the camera**."
s37_an_1,37,anger,1,"What? No, no, no. Listen, I knew this money.",normal,lower,normal,front,none,weak,weak,none,none,none,none,none,none,none,none,none,none,none,none,none,none,weak,"S37 said “What? No, no, no. Listen, I knew this money.”, with *normal* **speech rate**, *lower* **pitch**, *normal* **loudness**, while **looking at the camera**, and *weak* **raised inner eyebrows**, *weak* **raised outer eyebrows**, and *weak* **blinking**."
s37_an_2,37,anger,2,I don't care about your coffee. Please serve me.,normal,lower,normal,front,none,none,none,strong,none,none,weak,none,none,none,none,none,none,none,none,none,none,none,"S37 said “I don't care about your coffee. Please serve me.”, with *normal* **speech rate**, *lower* **pitch**, *normal* **loudness**, while **looking at the camera**, and *strong* **lowered brows** and *weak* **tightened eyelids**."
s37_an_3,37,anger,3,"I can have you fired, you know?",normal,normal,louder,front,none,none,none,strong,none,none,moderate,strong,none,none,weak,none,none,weak,none,weak,none,none,"S37 said “I can have you fired, you know?”, with *normal* **speech rate**, *normal* **pitch**, *louder* **loudness**, while **looking at the camera**, and *strong* **lowered brows**, *moderate* **tightened eyelids**, *strong* **wrinkled nose**, *weak* **a tight smile**, *weak* **stretched lips**, and *weak* **parted lips**."
s37_an_4,37,anger,4,Is your coffee more important than my money?,fast,normal,louder,front,none,none,none,strong,none,none,moderate,none,none,none,none,none,none,none,none,none,none,none,"S37 said “Is your coffee more important than my money?”, with *fast* **speech rate**, *normal* **pitch**, *louder* **loudness**, while **looking at the camera**, and *strong* **lowered brows** and *moderate* **tightened eyelids**."
s37_an_5,37,anger,5,"You're getting paid to walk, not to drink coffee.",normal,normal,louder,front,none,none,none,weak,none,none,weak,none,none,none,none,none,none,none,none,none,none,none,"S37 said “You're getting paid to walk, not to drink coffee.”, with *normal* **speech rate**, *normal* **pitch**, *louder* **loudness**, while **looking at the camera**, and *weak* **lowered brows** and *weak* **tightened eyelids**."
s37_di_1,37,disgust,1,"Oh, that's horrible. I never eat noodles again.",slow,normal,normal,front,none,none,none,none,none,weak,none,none,none,none,moderate,none,none,none,none,none,none,none,"S37 said “Oh, that's horrible. I never eat noodles again.”, with *slow* **speech rate**, *normal* **pitch**, *normal* **loudness**, while **looking at the camera**, and *weak* **raised cheeks** and *moderate* **a tight smile**."
s37_di_2,37,disgust,2,"Oh, something is moving inside my plate.",normal,normal,louder,front,nodding,none,none,none,none,weak,none,none,weak,none,none,none,none,none,none,none,none,none,"S37 said “Oh, something is moving inside my plate.”, with *normal* **speech rate**, *normal* **pitch**, *louder* **loudness**, while **looking at the camera**, while *nodding*, and *weak* **raised cheeks** and *weak* **raised upper lip**."
s37_di_3,37,disgust,3,"Ow, a cockroach!",slow,normal,louder,front,none,none,none,none,none,weak,none,none,weak,none,none,none,none,none,none,none,none,weak,"S37 said “Ow, a cockroach!”, with *slow* **speech rate**, *normal* **pitch**, *louder* **loudness**, while **looking at the camera**, and *weak* **raised cheeks**, *weak* **raised upper lip**, and *weak* **blinking**."
s37_di_4,37,disgust,4,Hey! This is disgusting!,slow,normal,quieter,front,none,none,weak,none,none,strong,none,none,moderate,strong,moderate,none,none,none,none,none,none,none,"S37 said “Hey! This is disgusting!”, with *slow* **speech rate**, *normal* **pitch**, *quieter* **loudness**, while **looking at the camera**, and *weak* **raised outer eyebrows**, *strong* **raised cheeks**, *moderate* **raised upper lip**, *strong* **a smile**, and *moderate* **a tight smile**."
s37_di_5,37,disgust,5,That's gross!,slow,lower,quieter,front,none,none,none,none,none,moderate,strong,none,weak,none,weak,none,weak,moderate,none,none,none,none,"S37 said “That's gross!”, with *slow* **speech rate**, *lower* **pitch**, *quieter* **loudness**, while **looking at the camera**, and *moderate* **raised cheeks**, *strong* **tightened eyelids**, *weak* **raised upper lip**, *weak* **a tight smile**, *weak* **raised chin**, and *moderate* **stretched lips**."
s37_fe_1,37,fear,1,"Oh my god, there is someone in the house.",normal,lower,quieter,front,none,none,none,none,none,none,none,none,none,none,none,none,none,none,none,none,none,moderate,"S37 said “Oh my god, there is someone in the house.”, with *normal* **speech rate**, *lower* **pitch**, *quieter* **loudness**, while **looking at the camera**, and *moderate* **blinking**."
s37_fe_2,37,fear,2,Someone is clipping up the stairs,normal,lower,quieter,front,none,weak,none,none,none,none,none,none,none,none,none,none,none,none,none,none,none,none,"S37 said “Someone is clipping up the stairs”, with *normal* **speech rate**, *lower* **pitch**, *quieter* **loudness**, while **looking at the camera**, and *weak* **raised inner eyebrows**."
s37_fe_3,37,fear,3,"Please, don't kill me!",normal,normal,quieter,front,none,none,none,weak,none,none,none,none,none,none,none,none,none,none,none,none,none,moderate,"S37 said “Please, don't kill me!”, with *normal* **speech rate**, *normal* **pitch**, *quieter* **loudness**, while **looking at the camera**, and *weak* **lowered brows** and *moderate* **blinking**."
s37_fe_4,37,fear,4,"I'm not alone, go away!",normal,higher,quieter,front,nodding,none,weak,moderate,weak,none,weak,none,none,none,none,none,none,none,none,none,none,none,"S37 said “I'm not alone, go away!”, with *normal* **speech rate**, *higher* **pitch**, *quieter* **loudness**, while **looking at the camera**, while *nodding*, and *weak* **raised outer eyebrows**, *moderate* **lowered brows**, *weak* **raised upper eyelids**, and *weak* **tightened eyelids**."
s37_fe_5,37,fear,5,"I have nothing to give you, please don't hurt me!",normal,higher,normal,front,tilting,none,weak,moderate,none,none,moderate,none,none,none,none,none,none,none,none,none,none,moderate,"S37 said “I have nothing to give you, please don't hurt me!”, with *normal* **speech rate**, *higher* **pitch**, *normal* **loudness**, while **looking at the camera**, while *tilting* their **head**, and *weak* **raised outer eyebrows**, *moderate* **lowered brows**, *moderate* **tightened eyelids**, and *moderate* **blinking**."
s37_ha_1,37,happiness,1,That's great! I'm rich now!,normal,normal,louder,front,none,moderate,moderate,none,none,weak,strong,none,weak,none,strong,weak,moderate,none,none,none,none,strong,"S37 said “That's great! I'm rich now!”, with *normal* **speech rate**, *normal* **pitch**, *louder* **loudness**, while **looking at the camera**, and *moderate* **raised inner eyebrows**, *moderate* **raised outer eyebrows**, *weak* **raised cheeks**, *strong* **tightened eyelids**, *weak* **raised upper lip**, *strong* **a tight smile**, *weak* **downturned mouth corners**, *moderate* **raised chin**, and *strong* **blinking**."
s37_ha_2,37,happiness,2,I won! This is great! I'm so happy!,normal,normal,louder,front,shaking,moderate,moderate,none,none,weak,moderate,none,none,strong,moderate,none,none,none,none,none,weak,moderate,"S37 said “I won! This is great! I'm so happy!”, with *normal* **speech rate**, *normal* **pitch**, *louder* **loudness**, while **looking at the camera**, while *shaking* their **head**, and *moderate* **raised inner eyebrows**, *moderate* **raised outer eyebrows**, *weak* **raised cheeks**, *moderate* **tightened eyelids**, *strong* **a smile**, *moderate* **a tight smile**, *weak* **a dropped jaw**, and *moderate* **blinking**."
s37_ha_3,37,happiness,3,"Wow, this is so great!",slow,normal,normal,front,nodding,weak,none,moderate,none,weak,none,none,moderate,strong,moderate,weak,moderate,weak,weak,none,none,none,"S37 said “Wow, this is so great!”, with *slow* **speech rate**, *normal* **pitch**, *normal* **loudness**, while **looking at the camera**, while *nodding*, and *weak* **raised inner eyebrows**, *moderate* **lowered brows**, *weak* **raised cheeks**, *moderate* **raised upper lip**, *strong* **a smile**, *moderate* **a tight smile**, *weak* **downturned mouth corners**, *moderate* **raised chin**, *weak* **stretched lips**, and *weak* **tightened lips**."
s37_ha_4,37,happiness,4,I'm so lucky!,slow,higher,louder,front,nodding,none,none,moderate,weak,moderate,strong,none,strong,none,moderate,moderate,moderate,none,moderate,none,weak,none,"S37 said “I'm so lucky!”, with *slow* **speech rate**, *higher* **pitch**, *louder* **loudness**, while **looking at the camera**, while *nodding*, and *moderate* **lowered brows**, *weak* **raised upper eyelids**, *moderate* **raised cheeks**, *strong* **tightened eyelids**, *strong* **raised upper lip**, *moderate* **a tight smile**, *moderate* **downturned mouth corners**, *moderate* **raised chin**, *moderate* **tightened lips**, and *weak* **a dropped jaw**."
s37_ha_5,37,happiness,5,I'm so excited!,slow,higher,louder,front,nodding,none,none,none,none,moderate,strong,none,strong,none,moderate,none,weak,none,none,none,none,none,"S37 said “I'm so excited!”, with *slow* **speech rate**, *higher* **pitch**, *louder* **loudness**, while **looking at the camera**, while *nodding*, and *moderate* **raised cheeks**, *strong* **tightened eyelids**, *strong* **raised upper lip**, *moderate* **a tight smile**, and *weak* **raised chin**."
s37_sa_1,37,sadness,1,Live on with the same now.,normal,lower,quieter,front,none,strong,weak,none,none,none,none,none,none,none,none,none,none,none,none,none,none,strong,"S37 said “Live on with the same now.”, with *normal* **speech rate**, *lower* **pitch**, *quieter* **loudness**, while **looking at the camera**, and *strong* **raised inner eyebrows**, *weak* **raised outer eyebrows**, and *strong* **blinking**."
s37_sa_2,37,sadness,2,"Oh no, tell me it's not true, please!",normal,lower,normal,front,none,weak,none,none,none,none,none,none,none,none,none,none,moderate,none,none,none,none,moderate,"S37 said “Oh no, tell me it's not true, please!”, with *normal* **speech rate**, *lower* **pitch**, *normal* **loudness**, while **looking at the camera**, and *weak* **raised inner eyebrows**, *moderate* **raised chin**, and *moderate* **blinking**."
s37_sa_3,37,sadness,3,Everything was so perfect. I don't understand.,slow,lower,quieter,front,nodding,none,none,none,none,none,none,none,none,weak,weak,none,none,none,none,none,none,moderate,"S37 said “Everything was so perfect. I don't understand.”, with *slow* **speech rate**, *lower* **pitch**, *quieter* **loudness**, while **looking at the camera**, while *nodding*, and *weak* **a smile**, *weak* **a tight smile**, and *moderate* **blinking**."
s37_sa_4,37,sadness,4,I still just love you.,slow,higher,normal,front,none,none,none,none,none,none,none,none,none,moderate,none,none,none,none,none,none,none,moderate,"S37 said “I still just love you.”, with *slow* **speech rate**, *higher* **pitch**, *normal* **loudness**, while **looking at the camera**, and *moderate* **a smile** and *moderate* **blinking**."
s37_sa_5,37,sadness,5,She was my all life,normal,lower,normal,front,tilting,none,none,none,none,none,none,weak,none,strong,weak,none,none,none,none,none,none,none,"S37 said “She was my all life”, with *normal* **speech rate**, *lower* **pitch**, *normal* **loudness**, while **looking at the camera**, while *tilting* their **head**, and *weak* **wrinkled nose**, *strong* **a smile**, and *weak* **a tight smile**."
s37_su_1,37,surprise,1,What? You never told me that!,slow,higher,quieter,front,none,none,weak,none,none,none,none,none,none,none,none,none,none,none,none,none,none,none,"S37 said “What? You never told me that!”, with *slow* **speech rate**, *higher* **pitch**, *quieter* **loudness**, while **looking at the camera**, and *weak* **raised outer eyebrows**."
s37_su_2,37,surprise,2,I didn't expect that,slow,higher,normal,front,none,weak,none,none,moderate,none,none,none,none,strong,moderate,none,none,none,none,none,none,none,"S37 said “I didn't expect that”, with *slow* **speech rate**, *higher* **pitch**, *normal* **loudness**, while **looking at the camera**, and *weak* **raised inner eyebrows**, *moderate* **raised upper eyelids**, *strong* **a smile**, and *moderate* **a tight smile**."
s37_su_3,37,surprise,3,Wow! I would never have believed this!,slow,normal,louder,front,shaking,none,none,strong,none,none,strong,none,none,none,moderate,none,weak,none,none,none,none,none,"S37 said “Wow! I would never have believed this!”, with *slow* **speech rate**, *normal* **pitch**, *louder* **loudness**, while **looking at the camera**, while *shaking* their **head**, and *strong* **lowered brows**, *strong* **tightened eyelids**, *moderate* **a tight smile**, and *weak* **raised chin**."
s37_su_4,37,surprise,4,I never saw that coming.,normal,normal,normal,front,nodding,none,none,none,none,none,none,none,none,strong,strong,none,none,none,none,none,none,none,"S37 said “I never saw that coming.”, with *normal* **speech rate**, *normal* **pitch**, *normal* **loudness**, while **looking at the camera**, while *nodding*, and *strong* **a smile** and *strong* **a tight smile**."
s37_su_5,37,surprise,5,"Oh my god, that's so weird!",normal,normal,louder,front,nodding,weak,none,none,weak,weak,none,none,none,moderate,weak,weak,none,weak,none,none,weak,moderate,"S37 said “Oh my god, that's so weird!”, with *normal* **speech rate**, *normal* **pitch**, *louder* **loudness**, while **looking at the camera**, while *nodding*, and *weak* **raised inner eyebrows**, *weak* **raised upper eyelids**, *weak* **raised cheeks**, *moderate* **a smile**, *weak* **a tight smile**, *weak* **downturned mouth corners**, *weak* **stretched lips**, *weak* **a dropped jaw**, and *moderate* **blinking**."
s38_an_1,38,anger,1,"What? No, no, listen. I need this money.",slow,lower,normal,front,none,none,none,moderate,none,none,weak,none,none,none,none,none,none,none,none,none,none,none,"S38 said “What? No, no, listen. I need this money.”, with *slow* **speech rate**, *lower* **pitch**, *normal* **loudness**, while **looking at the camera**, and *moderate* **lowered brows** and *weak* **tightened eyelids**."
s38_an_2,38,anger,2,"I don't care about your coffee, serve me!",fast,normal,louder,front,nodding,none,none,moderate,none,none,weak,weak,none,none,none,none,none,none,none,moderate,none,none,"S38 said “I don't care about your coffee, serve me!”, with *fast* **speech rate**, *normal* **pitch**, *louder* **loudness**, while **looking at the camera**, while *nodding*, and *moderate* **lowered brows**, *weak* **tightened eyelids**, *weak* **wrinkled nose**, and *moderate* **parted lips**."
s38_an_3,38,anger,3,"I can have you fired, no!",normal,higher,louder,front,none,none,none,none,none,none,none,weak,none,none,none,none,none,none,none,none,none,none,"S38 said “I can have you fired, no!”, with *normal* **speech rate**, *higher* **pitch**, *louder* **loudness**, while **looking at the camera**, and *weak* **wrinkled nose**."
s38_an_4,38,anger,4,Is your coffee more important than my money?,fast,higher,louder,front,none,none,none,strong,none,none,weak,none,none,none,none,none,weak,weak,weak,none,none,none,"S38 said “Is your coffee more important than my money?”, with *fast* **speech rate**, *higher* **pitch**, *louder* **loudness**, while **looking at the camera**, and *strong* **lowered brows**, *weak* **tightened eyelids**, *weak* **raised chin**, *weak* **stretched lips**, and *weak* **tightened lips**."
s38_an_5,38,anger,5,"You are getting paid to rock, not to drink coffee!",fast,higher,louder,front,nodding,none,none,strong,none,none,weak,weak,none,none,none,none,none,none,none,none,none,none,"S38 said “You are getting paid to rock, not to drink coffee!”, with *fast* **speech rate**, *higher* **pitch**, *louder* **loudness**, while **looking at the camera**, while *nodding*, and *strong* **lowered brows**, *weak* **tightened eyelids**, and *weak* **wrinkled nose**."
s38_di_1,38,disgust,1,That's horrible. I will never eat noodles again.,slow,lower,normal,front,none,none,none,weak,none,none,none,none,none,none,none,none,none,none,none,none,none,none,"S38 said “That's horrible.”, with *slow* **speech rate**, *lower* **pitch**, *quieter* **loudness**, while **looking at the camera**, and *weak* **lowered brows** and *weak* **tightened eyelids**. After a *long* **pause**, S38 continued “I will never eat noodles again.”, with *normal* **speech rate**, *lower* **pitch**, *normal* **loudness**, while **looking at the camera**, and *weak* **lowered brows**."
s38_di_2,38,disgust,2,Something is moving inside my plate.,normal,lower,quieter,front,none,none,none,moderate,none,none,weak,none,none,none,none,none,none,none,none,none,none,none,"S38 said “Something is moving inside my plate.”, with *normal* **speech rate**, *lower* **pitch**, *quieter* **loudness**, while **looking at the camera**, and *moderate* **lowered brows** and *weak* **tightened eyelids**."
s38_di_3,38,disgust,3,"Ah, a cockroach!",slow,higher,louder,down,none,none,none,strong,none,none,weak,none,none,none,none,none,none,none,none,none,none,none,"S38 said “Ah, a cockroach!”, with *slow* **speech rate**, *higher* **pitch**, *louder* **loudness**, while **looking at the camera**, and *strong* **lowered brows** and *weak* **tightened eyelids**."
s38_di_4,38,disgust,4,"Hey, this is disgusting!",normal,higher,normal,front,none,none,none,moderate,none,none,moderate,none,none,none,none,none,none,none,none,none,none,none,"S38 said “Hey, this is disgusting!”, with *normal* **speech rate**, *higher* **pitch**, *normal* **loudness**, while **looking at the camera**, and *moderate* **lowered brows** and *moderate* **tightened eyelids**."
s38_di_5,38,disgust,5,That's gross!,slow,higher,normal,front,none,none,none,moderate,none,none,weak,none,none,none,none,none,none,none,none,none,none,none,"S38 said “That's gross!”, with *slow* **speech rate**, *higher* **pitch**, *normal* **loudness**, while **looking at the camera**, and *moderate* **lowered brows** and *weak* **tightened eyelids**."
s38_fe_1,38,fear,1,My good there is someone in the house,normal,lower,quieter,front,nodding,none,none,moderate,none,none,none,none,none,none,none,none,none,none,none,none,none,none,"S38 said “My good there is someone in the house”, with *normal* **speech rate**, *lower* **pitch**, *quieter* **loudness**, while **looking at the camera**, while *nodding*, and *moderate* **lowered brows**."
s38_fe_2,38,fear,2,Someone is climbing up the stairs.,normal,lower,normal,front,none,none,none,moderate,none,none,none,none,none,none,none,none,none,none,none,none,none,none,"S38 said “Someone is climbing up the stairs.”, with *normal* **speech rate**, *lower* **pitch**, *normal* **loudness**, while **looking at the camera**, and *moderate* **lowered brows**."
s38_fe_3,38,fear,3,"Please, don't kill me.",normal,higher,normal,front,none,none,none,weak,none,none,weak,none,none,none,none,none,none,none,none,none,none,none,"S38 said “Please, don't kill me.”, with *normal* **speech rate**, *higher* **pitch**, *normal* **loudness**, while **looking at the camera**, and *weak* **lowered brows** and *weak* **tightened eyelids**."
s38_fe_4,38,fear,4,I'm not alone. Go away.,slow,normal,normal,front,none,none,none,moderate,none,none,none,none,none,none,none,none,none,none,none,none,none,none,"S38 said “I'm not alone. Go away.”, with *slow* **speech rate**, *normal* **pitch**, *normal* **loudness**, while **looking at the camera**, and *moderate* **lowered brows**."
s38_fe_5,38,fear,5,I have nothing to give to you. Please don't hurt me.,fast,normal,normal,front,none,none,none,none,none,none,none,none,none,none,none,none,none,none,none,none,none,none,"S38 said “I have nothing to give to you. Please don't hurt me.”, with *fast* **speech rate**, *normal* **pitch**, *normal* **loudness**, and while **looking at the camera**."
s38_ha_1,38,happiness,1,That's great. I am rich now.,slow,normal,normal,front,nodding,none,none,weak,none,none,moderate,none,none,moderate,none,none,none,none,none,none,none,none,"S38 said “That's great. I am rich now.”, with *slow* **speech rate**, *normal* **pitch**, *normal* **loudness**, while **looking at the camera**, while *nodding*, and *weak* **lowered brows**, *moderate* **tightened eyelids**, and *moderate* **a smile**."
s38_ha_2,38,happiness,2,I won! This is great! I am so happy!,normal,normal,louder,front,nodding,none,none,weak,none,none,strong,none,none,moderate,none,none,weak,none,none,none,none,none,"S38 said “I won! This is great! I am so happy!”, with *normal* **speech rate**, *normal* **pitch**, *louder* **loudness**, while **looking at the camera**, while *nodding*, and *weak* **lowered brows**, *strong* **tightened eyelids**, *moderate* **a smile**, and *weak* **raised chin**."
s38_ha_3,38,happiness,3,"Wow, this is so great!",normal,lower,normal,front,none,none,none,moderate,none,none,strong,none,none,none,none,none,none,none,weak,none,weak,none,"S38 said “Wow, this is so great!”, with *normal* **speech rate**, *lower* **pitch**, *normal* **loudness**, while **looking at the camera**, and *moderate* **lowered brows**, *strong* **tightened eyelids**, *weak* **tightened lips**, and *weak* **a dropped jaw**."
s38_ha_4,38,happiness,4,I'm so lucky.,slow,lower,normal,front,none,none,none,moderate,none,none,moderate,none,none,none,none,none,none,none,moderate,none,none,none,"S38 said “I'm so lucky.”, with *slow* **speech rate**, *lower* **pitch**, *normal* **loudness**, while **looking at the camera**, and *moderate* **lowered brows**, *moderate* **tightened eyelids**, and *moderate* **tightened lips**."
s38_ha_5,38,happiness,5,I am so excited!,normal,normal,normal,front,none,none,none,moderate,none,none,strong,none,none,none,none,none,none,none,none,none,moderate,none,"S38 said “I am so excited!”, with *normal* **speech rate**, *normal* **pitch**, *normal* **loudness**, while **looking at the camera**, and *moderate* **lowered brows**, *strong* **tightened eyelids**, and *moderate* **a dropped jaw**."
s38_sa_1,38,sadness,1,The iPhone will be the same though.,normal,lower,quieter,front,none,none,none,strong,none,none,weak,none,none,none,none,none,none,none,none,moderate,none,none,"S38 said “The iPhone will be the same though.”, with *normal* **speech rate**, *lower* **pitch**, *quieter* **loudness**, while **looking at the camera**, and *strong* **lowered brows**, *weak* **tightened eyelids**, and *moderate* **parted lips**."
s38_sa_2,38,sadness,2,"Oh, no. Tell me this is not true, please.",fast,normal,normal,front,nodding,none,none,moderate,none,none,weak,none,none,none,none,none,none,none,none,weak,none,weak,"S38 said “Oh, no.”, with *normal* **speech rate**, *lower* **pitch**, *quieter* **loudness**, while **looking at the camera**, and *strong* **lowered brows**, *moderate* **tightened eyelids**, *weak* **stretched lips**, and *moderate* **a dropped jaw**. After a *medium* **pause**, S38 continued “Tell me this is not true, please.”, with *fast* **speech rate**, *normal* **pitch**, *normal* **loudness**, while **looking at the camera**, while *nodding*, and *moderate* **lowered brows** and *moderate* **parted lips**."
s38_sa_3,38,sadness,3,Everything was so perfect I just don't understand,normal,normal,quieter,front,nodding,none,none,moderate,none,none,weak,none,none,none,none,none,none,none,none,none,none,none,"S38 said “Everything was so perfect I just don't understand”, with *normal* **speech rate**, *normal* **pitch**, *quieter* **loudness**, while **looking at the camera**, while *nodding*, and *moderate* **lowered brows** and *weak* **tightened eyelids**."
s38_sa_4,38,sadness,4,I still loved her.,slow,normal,quieter,front,none,none,none,strong,none,none,weak,none,none,none,none,none,none,none,none,none,none,none,"S38 said “I still loved her.”, with *slow* **speech rate**, *normal* **pitch**, *quieter* **loudness**, while **looking at the camera**, and *strong* **lowered brows** and *weak* **tightened eyelids**."
s38_sa_5,38,sadness,5,She was my life.,normal,lower,quieter,front,none,none,none,moderate,none,none,weak,none,none,none,none,none,none,none,none,weak,none,none,"S38 said “She was my life.”, with *normal* **speech rate**, *lower* **pitch**, *quieter* **loudness**, while **looking at the camera**, and *moderate* **lowered brows**, *weak* **tightened eyelids**, and *weak* **parted lips**."
s38_su_1,38,surprise,1,You have never taught me that.,fast,higher,louder,front,none,none,weak,none,none,none,moderate,none,none,moderate,none,none,none,none,none,none,none,none,"S38 said “You have never taught me that.”, with *fast* **speech rate**, *higher* **pitch**, *louder* **loudness**, while **looking at the camera**, and *weak* **raised outer eyebrows**, *moderate* **tightened eyelids**, and *moderate* **a smile**."
s38_su_2,38,surprise,2,I did not expected that,normal,normal,normal,front,nodding,none,weak,none,none,none,moderate,none,none,moderate,none,weak,none,none,none,none,none,none,"S38 said “I did not expected that”, with *normal* **speech rate**, *normal* **pitch**, *normal* **loudness**, while **looking at the camera**, while *nodding*, and *weak* **raised outer eyebrows**, *moderate* **tightened eyelids**, *moderate* **a smile**, and *weak* **downturned mouth corners**."
s38_su_3,38,surprise,3,"Wow, I would never have believed this.",slow,lower,normal,front,shaking,none,none,none,none,none,none,none,none,none,none,none,none,none,none,none,none,none,"S38 said “Wow, I would never have believed this.”, with *slow* **speech rate**, *lower* **pitch**, *normal* **loudness**, while **looking at the camera**, and while *shaking* their **head**."
s38_su_4,38,surprise,4,I never saw that coming.,normal,higher,normal,front,none,none,none,none,none,none,none,none,none,none,none,none,none,none,none,none,none,none,"S38 said “I never saw that coming.”, with *normal* **speech rate**, *higher* **pitch**, *normal* **loudness**, and while **looking at the camera**."
s38_su_5,38,surprise,5,"Oh my god, that's so weird!",slow,higher,normal,front,shaking,none,none,weak,none,none,moderate,none,none,none,none,none,none,none,none,none,none,weak,"S38 said “Oh my god, that's so weird!”, with *slow* **speech rate**, *higher* **pitch**, *normal* **loudness**, while **looking at the camera**, while *shaking* their **head**, and *weak* **lowered brows**, *moderate* **tightened eyelids**, and *weak* **blinking**."
s39_an_1,39,anger,1,"What? No, no! Listen, I need this money!",slow,higher,louder,front,nodding,none,none,none,none,none,weak,none,none,none,none,none,none,none,none,none,none,none,"S39 said “What? No, no! Listen, I need this money!”, with *slow* **speech rate**, *higher* **pitch**, *louder* **loudness**, while **looking at the camera**, while *nodding*, and *weak* **tightened eyelids**."
s39_an_2,39,anger,2,"I don't care about your coffee, please, serve me!",normal,normal,louder,front,none,none,none,none,moderate,none,weak,none,none,none,none,none,none,none,none,none,none,none,"S39 said “I don't care about your coffee, please, serve me!”, with *normal* **speech rate**, *normal* **pitch**, *louder* **loudness**, while **looking at the camera**, and *moderate* **raised upper eyelids** and *weak* **tightened eyelids**."
s39_an_3,39,anger,3,I can have you fired you now!,fast,higher,louder,front,none,none,none,none,none,none,weak,none,none,none,none,none,none,none,none,strong,none,none,"S39 said “I can have you fired you now!”, with *fast* **speech rate**, *higher* **pitch**, *louder* **loudness**, while **looking at the camera**, and *weak* **tightened eyelids** and *strong* **parted lips**."
s39_an_4,39,anger,4,Is your coffee more important than my money?,normal,normal,louder,front,nodding,none,none,none,none,none,none,none,none,none,none,none,none,none,none,none,none,none,"S39 said “Is your coffee more important than my money?”, with *normal* **speech rate**, *normal* **pitch**, *louder* **loudness**, while **looking at the camera**, and while *nodding*."
s39_an_5,39,anger,5,"You're getting paid to work, not to drink coffee!",normal,higher,louder,front,nodding,weak,weak,none,weak,none,none,none,none,none,none,none,none,none,none,none,none,none,"S39 said “You're getting paid to work, not to drink coffee!”, with *normal* **speech rate**, *higher* **pitch**, *louder* **loudness**, while **looking at the camera**, while *nodding*, and *weak* **raised inner eyebrows**, *weak* **raised outer eyebrows**, and *weak* **raised upper eyelids**."
s39_di_1,39,disgust,1,That's horrible. I'll never eat noodles again,normal,normal,louder,front,nodding,none,none,moderate,none,none,moderate,weak,weak,none,none,none,none,none,none,none,none,none,"S39 said “That's horrible. I'll never eat noodles again”, with *normal* **speech rate**, *normal* **pitch**, *louder* **loudness**, while **looking at the camera**, while *nodding*, and *moderate* **lowered brows**, *moderate* **tightened eyelids**, *weak* **wrinkled nose**, and *weak* **raised upper lip**."
s39_di_2,39,disgust,2,Something is moving inside my plate.,normal,normal,louder,front,none,none,weak,strong,moderate,none,strong,moderate,weak,none,none,none,none,none,none,strong,none,none,"S39 said “Something is moving inside my plate.”, with *normal* **speech rate**, *normal* **pitch**, *louder* **loudness**, while **looking at the camera**, and *weak* **raised outer eyebrows**, *strong* **lowered brows**, *moderate* **raised upper eyelids**, *strong* **tightened eyelids**, *moderate* **wrinkled nose**, *weak* **raised upper lip**, and *strong* **parted lips**."
s39_di_3,39,disgust,3,"Ah, a cockroach!",slow,normal,normal,front,none,none,none,strong,none,weak,strong,weak,moderate,none,none,none,moderate,none,none,moderate,none,none,"S39 said “Ah, a cockroach!”, with *slow* **speech rate**, *normal* **pitch**, *normal* **loudness**, while **looking at the camera**, and *strong* **lowered brows**, *weak* **raised cheeks**, *strong* **tightened eyelids**, *weak* **wrinkled nose**, *moderate* **raised upper lip**, *moderate* **raised chin**, and *moderate* **parted lips**."
s39_di_4,39,disgust,4,Eek! This is disgusting!,slow,higher,normal,front,none,none,none,moderate,none,none,moderate,weak,strong,none,none,none,none,none,none,none,none,none,"S39 said “Eek! This is disgusting!”, with *slow* **speech rate**, *higher* **pitch**, *normal* **loudness**, while **looking at the camera**, and *moderate* **lowered brows**, *moderate* **tightened eyelids**, *weak* **wrinkled nose**, and *strong* **raised upper lip**."
s39_di_5,39,disgust,5,That's gross.,slow,lower,quieter,front,none,none,none,weak,none,none,weak,moderate,weak,none,none,none,none,none,none,none,none,none,"S39 said “That's gross.”, with *slow* **speech rate**, *lower* **pitch**, *quieter* **loudness**, while **looking at the camera**, and *weak* **lowered brows**, *weak* **tightened eyelids**, *moderate* **wrinkled nose**, and *weak* **raised upper lip**."
s39_fe_1,39,fear,1,Oh my god! There's someone in the house!,normal,normal,louder,front,nodding,none,none,none,none,none,none,none,none,none,none,none,none,none,none,none,none,none,"S39 said “Oh my god! There's someone in the house!”, with *normal* **speech rate**, *normal* **pitch**, *louder* **loudness**, while **looking at the camera**, and while *nodding*."
s39_fe_2,39,fear,2,Someone's climbing up the stairs.,normal,normal,quieter,front,nodding,none,none,none,none,none,none,none,none,none,none,none,none,none,none,none,none,weak,"S39 said “Someone's climbing up the stairs.”, with *normal* **speech rate**, *normal* **pitch**, *quieter* **loudness**, while **looking at the camera**, while *nodding*, and *weak* **blinking**."
s39_fe_3,39,fear,3,"Please, don't kill me.",normal,normal,normal,front,nodding,none,none,none,none,none,none,none,none,none,none,none,none,none,none,strong,none,none,"S39 said “Please, don't kill me.”, with *normal* **speech rate**, *normal* **pitch**, *normal* **loudness**, while **looking at the camera**, while *nodding*, and *strong* **parted lips**."
s39_fe_4,39,fear,4,"Another loan, go away!",slow,normal,normal,front,nodding,none,none,none,none,none,none,none,none,none,none,none,weak,none,weak,none,none,none,"S39 said “Another loan, go away!”, with *slow* **speech rate**, *normal* **pitch**, *normal* **loudness**, while **looking at the camera**, while *nodding*, and *weak* **raised chin** and *weak* **tightened lips**."
s39_fe_5,39,fear,5,"I have nothing to give you. Please, don't hurt me.",normal,normal,louder,front,nodding,none,none,none,weak,none,none,none,none,none,none,none,none,none,none,none,none,none,"S39 said “I have nothing to give you. Please, don't hurt me.”, with *normal* **speech rate**, *normal* **pitch**, *louder* **loudness**, while **looking at the camera**, while *nodding*, and *weak* **raised upper eyelids**."
s39_ha_1,39,happiness,1,That's great. I'm rich now,normal,higher,louder,front,nodding,none,none,none,none,none,none,none,none,none,none,none,none,none,none,weak,none,none,"S39 said “That's great. I'm rich now”, with *normal* **speech rate**, *higher* **pitch**, *louder* **loudness**, while **looking at the camera**, while *nodding*, and *weak* **parted lips**."
s39_ha_2,39,happiness,2,I won! This is great! I'm so happy!,normal,higher,louder,front,none,none,none,none,none,none,weak,none,none,none,none,none,none,none,none,strong,moderate,none,"S39 said “I won! This is great! I'm so happy!”, with *normal* **speech rate**, *higher* **pitch**, *louder* **loudness**, while **looking at the camera**, and *weak* **tightened eyelids**, *strong* **parted lips**, and *moderate* **a dropped jaw**."
s39_ha_3,39,happiness,3,"Wow, this is so great!",slow,normal,normal,front,nodding,none,none,none,none,none,weak,none,none,none,none,none,moderate,none,weak,none,none,none,"S39 said “Wow, this is so great!”, with *slow* **speech rate**, *normal* **pitch**, *normal* **loudness**, while **looking at the camera**, while *nodding*, and *weak* **tightened eyelids**, *moderate* **raised chin**, and *weak* **tightened lips**."
s39_ha_4,39,happiness,4,I'm so lucky!,slow,normal,quieter,front,nodding,none,none,none,none,none,weak,none,none,none,none,none,none,none,none,none,none,none,"S39 said “I'm so lucky!”, with *slow* **speech rate**, *normal* **pitch**, *quieter* **loudness**, while **looking at the camera**, while *nodding*, and *weak* **tightened eyelids**."
s39_ha_5,39,happiness,5,I'm so excited,slow,higher,normal,front,none,none,none,none,none,none,strong,weak,none,none,none,none,none,none,none,none,none,none,"S39 said “I'm so excited”, with *slow* **speech rate**, *higher* **pitch**, *normal* **loudness**, while **looking at the camera**, and *strong* **tightened eyelids** and *weak* **wrinkled nose**."
s39_sa_1,39,sadness,1,life won't be the same now,normal,lower,quieter,front,nodding,none,none,none,none,none,weak,none,none,none,none,none,none,none,none,weak,none,moderate,"S39 said “life won't be the same now”, with *normal* **speech rate**, *lower* **pitch**, *quieter* **loudness**, while **looking at the camera**, while *nodding*, and *weak* **tightened eyelids**, *weak* **parted lips**, and *moderate* **blinking**."
s39_sa_2,39,sadness,2,I know. Tell me this is not true. Please.,normal,lower,quieter,front,none,none,none,none,none,none,none,none,none,none,none,none,none,none,none,weak,none,none,"S39 said “I know. Tell me this is not true. Please.”, with *normal* **speech rate**, *lower* **pitch**, *quieter* **loudness**, while **looking at the camera**, and *weak* **parted lips**."
s39_sa_3,39,sadness,3,Everything was so perfect. I just don't understand.,normal,lower,quieter,front,none,none,none,none,none,none,weak,none,none,none,none,none,none,none,none,none,none,weak,"S39 said “Everything was so perfect. I just don't understand.”, with *normal* **speech rate**, *lower* **pitch**, *quieter* **loudness**, while **looking at the camera**, and *weak* **tightened eyelids** and *weak* **blinking**."
s39_sa_4,39,sadness,4,I still loved her.,normal,lower,quieter,front,none,none,none,none,none,none,none,none,none,none,none,none,none,none,none,weak,none,none,"S39 said “I still loved her.”, with *normal* **speech rate**, *lower* **pitch**, *quieter* **loudness**, while **looking at the camera**, and *weak* **parted lips**."
s39_sa_5,39,sadness,5,She was my life.,normal,lower,quieter,front,nodding,none,none,none,none,none,weak,none,none,none,none,none,none,none,none,moderate,none,weak,"S39 said “She was my life.”, with *normal* **speech rate**, *lower* **pitch**, *quieter* **loudness**, while **looking at the camera**, while *nodding*, and *weak* **tightened eyelids**, *moderate* **parted lips**, and *weak* **blinking**."
s39_su_1,39,surprise,1,You've never told me that.,normal,normal,normal,front,nodding,none,none,none,none,none,weak,none,none,none,none,none,none,none,none,none,none,none,"S39 said “You've never told me that.”, with *normal* **speech rate**, *normal* **pitch**, *normal* **loudness**, while **looking at the camera**, while *nodding*, and *weak* **tightened eyelids**."
s39_su_2,39,surprise,2,I didn't expect that.,normal,normal,normal,front,none,weak,moderate,none,weak,none,weak,none,none,none,none,none,none,none,none,none,none,none,"S39 said “I didn't expect that.”, with *normal* **speech rate**, *normal* **pitch**, *normal* **loudness**, while **looking at the camera**, and *weak* **raised inner eyebrows**, *moderate* **raised outer eyebrows**, *weak* **raised upper eyelids**, and *weak* **tightened eyelids**."
s39_su_3,39,surprise,3,"Well, I'll never have to believe this.",normal,lower,quieter,front,none,weak,none,weak,none,none,moderate,none,none,none,none,none,none,none,none,none,none,none,"S39 said “Well, I'll never have to believe this.”, with *normal* **speech rate**, *lower* **pitch**, *quieter* **loudness**, while **looking at the camera**, and *weak* **raised inner eyebrows**, *weak* **lowered brows**, and *moderate* **tightened eyelids**."
s39_su_4,39,surprise,4,I never saw that coming.,normal,normal,quieter,front,nodding,none,none,moderate,none,none,moderate,none,weak,none,none,none,none,none,none,none,none,strong,"S39 said “I never saw that coming.”, with *normal* **speech rate**, *normal* **pitch**, *quieter* **loudness**, while **looking at the camera**, while *nodding*, and *moderate* **lowered brows**, *moderate* **tightened eyelids**, *weak* **raised upper lip**, and *strong* **blinking**."
s39_su_5,39,surprise,5,"Oh my god, that's so weird.",normal,lower,quieter,front,nodding,none,none,moderate,none,none,moderate,none,weak,none,none,none,none,none,none,strong,none,none,"S39 said “Oh my god, that's so weird.”, with *normal* **speech rate**, *lower* **pitch**, *quieter* **loudness**, while **looking at the camera**, while *nodding*, and *moderate* **lowered brows**, *moderate* **tightened eyelids**, *weak* **raised upper lip**, and *strong* **parted lips**."
s3_an_1,3,anger,1,What? No! No! Listen! I need this money!,slow,normal,normal,front,nodding,none,none,none,none,none,none,none,none,none,none,weak,weak,none,weak,weak,none,moderate,"S03 said “What? No! No! Listen! I need this money!”, with *slow* **speech rate**, *normal* **pitch**, *normal* **loudness**, while **looking at the camera**, while *nodding*, and *weak* **downturned mouth corners**, *weak* **raised chin**, *weak* **tightened lips**, *weak* **parted lips**, and *moderate* **blinking**."
s3_an_2,3,anger,2,"I don't care your coffee, please turn me.",normal,normal,normal,front,none,none,none,none,none,none,weak,none,none,none,weak,weak,none,none,moderate,none,none,none,"S03 said “I don't care your coffee, please turn me.”, with *normal* **speech rate**, *normal* **pitch**, *normal* **loudness**, while **looking at the camera**, and *weak* **tightened eyelids**, *weak* **a tight smile**, *weak* **downturned mouth corners**, and *moderate* **tightened lips**."
s3_an_3,3,anger,3,"I can't even fight now, you know?",normal,normal,louder,front,none,none,none,none,none,none,none,none,none,none,none,none,weak,none,none,moderate,none,none,"S03 said “I can't even fight now, you know?”, with *normal* **speech rate**, *normal* **pitch**, *louder* **loudness**, while **looking at the camera**, and *weak* **raised chin** and *moderate* **parted lips**."
s3_an_4,3,anger,4,Is your coffee more important than my money?,normal,normal,louder,front,nodding,none,none,none,none,none,none,weak,none,none,weak,none,none,none,moderate,none,none,none,"S03 said “Is your coffee more important than my money?”, with *normal* **speech rate**, *normal* **pitch**, *louder* **loudness**, while **looking at the camera**, while *nodding*, and *weak* **wrinkled nose**, *weak* **a tight smile**, and *moderate* **tightened lips**."
s3_an_5,3,anger,5,"You are getting paid to work, not drink coffee.",normal,lower,quieter,front,nodding,none,none,none,none,none,none,none,none,none,weak,none,none,none,moderate,none,none,moderate,"S03 said “You are getting paid to work, not drink coffee.”, with *normal* **speech rate**, *lower* **pitch**, *quieter* **loudness**, while **looking at the camera**, while *nodding*, and *weak* **a tight smile**, *moderate* **tightened lips**, and *moderate* **blinking**."
s3_di_1,3,disgust,1,That's horrible. I will never eat noodles again.,normal,lower,quieter,down,nodding,weak,none,none,none,weak,moderate,none,weak,weak,strong,none,none,none,none,none,none,none,"S03 said “That's horrible. I will never eat noodles again.”, with *normal* **speech rate**, *lower* **pitch**, *quieter* **loudness**, while **looking at the camera**, while *nodding*, and *weak* **raised inner eyebrows**, *weak* **raised cheeks**, *moderate* **tightened eyelids**, *weak* **raised upper lip**, *weak* **a smile**, and *strong* **a tight smile**."
s3_di_2,3,disgust,2,Something is moving inside my plate.,slow,normal,normal,front,none,none,none,none,none,none,weak,none,none,none,moderate,moderate,weak,none,weak,none,none,weak,"S03 said “Something is moving inside my plate.”, with *slow* **speech rate**, *normal* **pitch**, *normal* **loudness**, while **looking at the camera**, and *weak* **tightened eyelids**, *moderate* **a tight smile**, *moderate* **downturned mouth corners**, *weak* **raised chin**, *weak* **tightened lips**, and *weak* **blinking**."
s3_di_3,3,disgust,3,"Yeah, come approach.",slow,lower,normal,down,none,none,none,none,none,moderate,strong,weak,strong,weak,strong,none,none,none,weak,none,weak,none,"S03 said “Yeah, come approach.”, with *slow* **speech rate**, *lower* **pitch**, *normal* **loudness**, while **looking at the camera**, and *moderate* **raised cheeks**, *strong* **tightened eyelids**, *weak* **wrinkled nose**, *strong* **raised upper lip**, *weak* **a smile**, *strong* **a tight smile**, *weak* **tightened lips**, and *weak* **a dropped jaw**."
s3_di_4,3,disgust,4,"Yeah, this is disgusting.",slow,lower,quieter,down,none,none,none,none,none,strong,weak,none,moderate,strong,none,none,none,none,none,moderate,none,none,"S03 said “Yeah, this is disgusting.”, with *slow* **speech rate**, *lower* **pitch**, *quieter* **loudness**, while **looking at the camera**, and *strong* **raised cheeks**, *weak* **tightened eyelids**, *moderate* **raised upper lip**, *strong* **a smile**, and *moderate* **parted lips**."
s3_di_5,3,disgust,5,That's gross!,slow,lower,quieter,front,none,none,none,strong,none,none,none,weak,none,none,strong,none,none,none,none,none,none,strong,"S03 said “That's gross!”, with *slow* **speech rate**, *lower* **pitch**, *quieter* **loudness**, while **looking at the camera**, and *strong* **lowered brows**, *weak* **wrinkled nose**, *strong* **a tight smile**, and *strong* **blinking**."
s3_fe_1,3,fear,1,"Oh my god, there's someone in the house.",fast,normal,louder,front,nodding,weak,none,strong,weak,none,none,weak,none,weak,none,none,none,none,none,none,none,strong,"S03 said “Oh my god, there's someone in the house.”, with *fast* **speech rate**, *normal* **pitch**, *louder* **loudness**, while **looking at the camera**, while *nodding*, and *weak* **raised inner eyebrows**, *strong* **lowered brows**, *weak* **raised upper eyelids**, *weak* **wrinkled nose**, *weak* **a smile**, and *strong* **blinking**."
s3_fe_2,3,fear,2,Someone is coming up to see us.,fast,normal,louder,front,nodding,moderate,moderate,moderate,weak,none,none,none,none,none,weak,none,none,none,moderate,none,none,none,"S03 said “Someone is coming up to see us.”, with *fast* **speech rate**, *normal* **pitch**, *louder* **loudness**, while **looking at the camera**, while *nodding*, and *moderate* **raised inner eyebrows**, *moderate* **raised outer eyebrows**, *moderate* **lowered brows**, *weak* **raised upper eyelids**, *weak* **a tight smile**, and *moderate* **tightened lips**."
s3_fe_3,3,fear,3,"Please, don't kill me!",normal,higher,normal,front,none,none,none,strong,none,none,none,weak,none,none,none,weak,none,none,moderate,none,none,none,"S03 said “Please, don't kill me!”, with *normal* **speech rate**, *higher* **pitch**, *normal* **loudness**, while **looking at the camera**, and *strong* **lowered brows**, *weak* **wrinkled nose**, *weak* **downturned mouth corners**, and *moderate* **tightened lips**."
s3_fe_4,3,fear,4,I'm not gonna go away!,normal,normal,louder,front,none,none,none,none,none,none,moderate,none,none,none,moderate,moderate,moderate,none,weak,moderate,none,none,"S03 said “I'm not gonna go away!”, with *normal* **speech rate**, *normal* **pitch**, *louder* **loudness**, while **looking at the camera**, and *moderate* **tightened eyelids**, *moderate* **a tight smile**, *moderate* **downturned mouth corners**, *moderate* **raised chin**, *weak* **tightened lips**, and *moderate* **parted lips**."
s40_an_1,40,anger,1,"What? No! Listen, I need this money!",slow,normal,normal,front,none,none,none,none,none,none,weak,weak,none,none,none,strong,none,weak,none,weak,none,strong,"S40 said “What? No! Listen, I need this money!”, with *slow* **speech rate**, *normal* **pitch**, *normal* **loudness**, while **looking at the camera**, and *weak* **tightened eyelids**, *weak* **wrinkled nose**, *strong* **downturned mouth corners**, *weak* **stretched lips**, *weak* **parted lips**, and *strong* **blinking**."
s40_an_2,40,anger,2,"I don't care about your coffee. Please, save me.",normal,higher,louder,front,nodding,none,none,none,none,none,moderate,none,none,none,none,none,none,none,none,none,none,moderate,"S40 said “I don't care about your coffee. Please, save me.”, with *normal* **speech rate**, *higher* **pitch**, *louder* **loudness**, while **looking at the camera**, while *nodding*, and *moderate* **tightened eyelids** and *moderate* **blinking**."
s40_an_3,40,anger,3,I can't have fixes you now.,normal,higher,louder,front,nodding,none,none,none,none,none,weak,moderate,none,none,none,weak,none,none,weak,moderate,none,weak,"S40 said “I can't have fixes you now.”, with *normal* **speech rate**, *higher* **pitch**, *louder* **loudness**, while **looking at the camera**, while *nodding*, and *weak* **tightened eyelids**, *moderate* **wrinkled nose**, *weak* **downturned mouth corners**, *weak* **tightened lips**, *moderate* **parted lips**, and *weak* **blinking**."
s40_an_4,40,anger,4,Is your coffee most important than my money?,slow,higher,louder,front,nodding,none,none,none,none,none,weak,none,none,none,none,moderate,none,weak,none,none,none,moderate,"S40 said “Is your coffee most important than my money?”, with *slow* **speech rate**, *higher* **pitch**, *louder* **loudness**, while **looking at the camera**, while *nodding*, and *weak* **tightened eyelids**, *moderate* **downturned mouth corners**, *weak* **stretched lips**, and *moderate* **blinking**."
s40_an_5,40,anger,5,"You're getting paid to walk, not to drink coffee.",normal,higher,louder,front,nodding,none,none,none,none,none,weak,none,none,none,none,weak,none,weak,none,none,none,strong,"S40 said “You're getting paid to walk, not to drink coffee.”, with *normal* **speech rate**, *higher* **pitch**, *louder* **loudness**, while **looking at the camera**, while *nodding*, and *weak* **tightened eyelids**, *weak* **downturned mouth corners**, *weak* **stretched lips**, and *strong* **blinking**."
s40_di_1,40,disgust,1,"Oh, that's horrible. I never hit them.",slow,lower,normal,front,nodding,none,none,none,none,moderate,none,none,moderate,none,none,none,none,none,none,none,none,weak,"S40 said “Oh, that's horrible. I never hit them.”, with *slow* **speech rate**, *lower* **pitch**, *normal* **loudness**, while **looking at the camera**, while *nodding*, and *moderate* **raised cheeks**, *moderate* **raised upper lip**, and *weak* **blinking**."
s40_di_2,40,disgust,2,Something is moving in my plate,normal,normal,normal,front,none,none,none,moderate,none,weak,strong,none,none,none,none,none,none,none,weak,none,none,none,"S40 said “Something is moving in my plate”, with *normal* **speech rate**, *normal* **pitch**, *normal* **loudness**, while **looking at the camera**, and *moderate* **lowered brows**, *weak* **raised cheeks**, *strong* **tightened eyelids**, and *weak* **tightened lips**."
s40_di_3,40,disgust,3,Ah! Cockroach!,slow,lower,louder,front,none,none,none,none,none,moderate,none,none,moderate,none,none,none,none,weak,none,none,none,weak,"S40 said “Ah! Cockroach!”, with *slow* **speech rate**, *lower* **pitch**, *louder* **loudness**, while **looking at the camera**, and *moderate* **raised cheeks**, *moderate* **raised upper lip**, *weak* **stretched lips**, and *weak* **blinking**."
s40_di_4,40,disgust,4,"Oh, this is disgusting!",slow,normal,normal,front,none,none,none,strong,none,strong,none,none,strong,moderate,none,none,none,none,none,none,none,none,"S40 said “Oh, this is disgusting!”, with *slow* **speech rate**, *normal* **pitch**, *normal* **loudness**, while **looking at the camera**, and *strong* **lowered brows**, *strong* **raised cheeks**, *strong* **raised upper lip**, and *moderate* **a smile**."
s40_di_5,40,disgust,5,That's grouse!,normal,normal,louder,front,none,none,none,none,none,moderate,none,strong,weak,none,none,none,none,none,none,none,none,strong,"S40 said “That's grouse!”, with *normal* **speech rate**, *normal* **pitch**, *louder* **loudness**, while **looking at the camera**, and *moderate* **raised cheeks**, *strong* **wrinkled nose**, *weak* **raised upper lip**, and *strong* **blinking**."
s40_fe_1,40,fear,1,"Oh my god, there is something in in the house",normal,lower,quieter,front,none,none,none,none,none,none,none,none,none,none,none,none,none,none,none,none,none,weak,"S40 said “Oh my god, there is something in in the house”, with *normal* **speech rate**, *lower* **pitch**, *quieter* **loudness**, while **looking at the camera**, and *weak* **blinking**."
s40_fe_2,40,fear,2,Someone is climbing up the stairs.,normal,normal,normal,front,none,none,none,none,none,none,none,none,none,none,none,weak,none,none,none,none,none,none,"S40 said “Someone is climbing up the stairs.”, with *normal* **speech rate**, *normal* **pitch**, *normal* **loudness**, while **looking at the camera**, and *weak* **downturned mouth corners**."
s40_fe_3,40,fear,3,"Please, don't kill me.",slow,normal,quieter,front,none,none,none,none,none,none,none,none,none,none,none,none,none,none,none,none,none,strong,"S40 said “Please, don't kill me.”, with *slow* **speech rate**, *normal* **pitch**, *quieter* **loudness**, while **looking at the camera**, and *strong* **blinking**."
s40_fe_4,40,fear,4,I'm not alone. Go away.,slow,normal,louder,front,nodding,none,none,none,none,none,none,none,none,none,none,none,none,none,none,none,none,strong,"S40 said “I'm not alone. Go away.”, with *slow* **speech rate**, *normal* **pitch**, *louder* **loudness**, while **looking at the camera**, while *nodding*, and *strong* **blinking**."
s40_fe_5,40,fear,5,"I have something to give you. Please, don't hurt me.",slow,normal,quieter,front,nodding,none,none,none,none,none,none,none,none,none,none,weak,none,none,none,none,none,none,"S40 said “I have something to give you. Please, don't hurt me.”, with *slow* **speech rate**, *normal* **pitch**, *quieter* **loudness**, while **looking at the camera**, while *nodding*, and *weak* **downturned mouth corners**."
s40_ha_1,40,happiness,1,That's great! I'm rich now!,slow,normal,normal,front,none,none,weak,none,none,strong,strong,none,strong,strong,none,moderate,none,none,none,none,none,weak,"S40 said “That's great! I'm rich now!”, with *slow* **speech rate**, *normal* **pitch**, *normal* **loudness**, while **looking at the camera**, and *weak* **raised outer eyebrows**, *strong* **raised cheeks**, *strong* **tightened eyelids**, *strong* **raised upper lip**, *strong* **a smile**, *moderate* **downturned mouth corners**, and *weak* **blinking**."
s40_ha_2,40,happiness,2,I won! This is great! I'm so happy!,normal,higher,louder,front,nodding,moderate,moderate,none,none,moderate,strong,none,weak,strong,none,weak,none,weak,moderate,weak,none,none,"S40 said “I won! This is great! I'm so happy!”, with *normal* **speech rate**, *higher* **pitch**, *louder* **loudness**, while **looking at the camera**, while *nodding*, and *moderate* **raised inner eyebrows**, *moderate* **raised outer eyebrows**, *moderate* **raised cheeks**, *strong* **tightened eyelids**, *weak* **raised upper lip**, *strong* **a smile**, *weak* **downturned mouth corners**, *weak* **stretched lips**, *moderate* **tightened lips**, and *weak* **parted lips**."
s40_ha_3,40,happiness,3,"Wow, that is so great!",slow,higher,louder,front,none,none,none,none,none,moderate,none,none,none,moderate,none,strong,none,strong,weak,none,weak,none,"S40 said “Wow, that is so great!”, with *slow* **speech rate**, *higher* **pitch**, *louder* **loudness**, while **looking at the camera**, and *moderate* **raised cheeks**, *moderate* **a smile**, *strong* **downturned mouth corners**, *strong* **stretched lips**, *weak* **tightened lips**, and *weak* **a dropped jaw**."
s40_ha_4,40,happiness,4,I'm so lucky.,slow,normal,louder,front,nodding,none,none,none,none,strong,strong,none,none,strong,none,none,none,weak,weak,none,none,none,"S40 said “I'm so lucky.”, with *slow* **speech rate**, *normal* **pitch**, *louder* **loudness**, while **looking at the camera**, while *nodding*, and *strong* **raised cheeks**, *strong* **tightened eyelids**, *strong* **a smile**, *weak* **stretched lips**, and *weak* **tightened lips**."
s40_ha_5,40,happiness,5,I'm so excited!,slow,higher,normal,front,none,moderate,weak,none,none,moderate,strong,none,moderate,strong,none,moderate,none,moderate,moderate,none,none,none,"S40 said “I'm so excited!”, with *slow* **speech rate**, *higher* **pitch**, *normal* **loudness**, while **looking at the camera**, and *moderate* **raised inner eyebrows**, *weak* **raised outer eyebrows**, *moderate* **raised cheeks**, *strong* **tightened eyelids**, *moderate* **raised upper lip**, *strong* **a smile**, *moderate* **downturned mouth corners**, *moderate* **stretched lips**, and *moderate* **tightened lips**."
s40_sa_1,40,sadness,1,Life won't be the same now.,normal,lower,normal,front,none,none,none,none,none,none,weak,none,none,none,none,none,none,none,none,strong,none,weak,"S40 said “Life won't be the same now.”, with *normal* **speech rate**, *lower* **pitch**, *normal* **loudness**, while **looking at the camera**, and *weak* **tightened eyelids**, *strong* **parted lips**, and *weak* **blinking**."
s40_sa_2,40,sadness,2,"Oh no, tell me this is not true",normal,lower,quieter,front,nodding,none,none,none,none,none,weak,none,none,none,none,none,none,none,none,strong,none,moderate,"S40 said “Oh no,”, with *slow* **speech rate**, *lower* **pitch**, *quieter* **loudness**, while **looking at the camera**, while *nodding*, and *weak* **raised chin**, *moderate* **parted lips**, and *moderate* **blinking**. After a *long* **pause**, S40 continued “tell me this is not true”, with *normal* **speech rate**, *lower* **pitch**, *quieter* **loudness**, while **looking at the camera**, while *nodding*, and *weak* **tightened eyelids**, *strong* **parted lips**, and *moderate* **blinking**."
s40_sa_3,40,sadness,3,everything is so perfect I don't understand,slow,lower,quieter,front,none,moderate,weak,none,none,none,none,none,none,none,none,none,none,none,none,none,none,moderate,"S40 said “everything is so perfect I don't understand”, with *slow* **speech rate**, *lower* **pitch**, *quieter* **loudness**, while **looking at the camera**, and *moderate* **raised inner eyebrows**, *weak* **raised outer eyebrows**, and *moderate* **blinking**."
s40_sa_4,40,sadness,4,I still love her,slow,lower,quieter,front,nodding,none,none,none,none,none,none,none,none,none,none,none,none,none,none,weak,none,weak,"S40 said “I still love her”, with *slow* **speech rate**, *lower* **pitch**, *quieter* **loudness**, while **looking at the camera**, while *nodding*, and *weak* **parted lips** and *weak* **blinking**."
s40_sa_5,40,sadness,5,She was my life.,normal,lower,quieter,front,none,weak,none,none,none,none,none,none,none,none,none,none,none,none,none,moderate,none,strong,"S40 said “She was my life.”, with *normal* **speech rate**, *lower* **pitch**, *quieter* **loudness**, while **looking at the camera**, and *weak* **raised inner eyebrows**, *moderate* **parted lips**, and *strong* **blinking**."
s40_su_1,40,surprise,1,You have never told me.,normal,normal,louder,front,none,weak,weak,none,none,none,none,none,none,weak,none,none,none,none,none,none,none,moderate,"S40 said “You have never told me.”, with *normal* **speech rate**, *normal* **pitch**, *louder* **loudness**, while **looking at the camera**, and *weak* **raised inner eyebrows**, *weak* **raised outer eyebrows**, *weak* **a smile**, and *moderate* **blinking**."
s40_su_2,40,surprise,2,I didn't expect that.,normal,normal,normal,front,none,none,none,none,none,none,none,weak,none,weak,none,none,none,weak,none,none,none,strong,"S40 said “I didn't expect that.”, with *normal* **speech rate**, *normal* **pitch**, *normal* **loudness**, while **looking at the camera**, and *weak* **wrinkled nose**, *weak* **a smile**, *weak* **stretched lips**, and *strong* **blinking**."
s40_su_3,40,surprise,3,"Wow, I would never have believed him.",slow,lower,normal,front,nodding,none,none,none,weak,none,none,none,none,none,none,moderate,none,none,none,weak,none,moderate,"S40 said “Wow, I would never have believed him.”, with *slow* **speech rate**, *lower* **pitch**, *normal* **loudness**, while **looking at the camera**, while *nodding*, and *weak* **raised upper eyelids**, *moderate* **downturned mouth corners**, *weak* **parted lips**, and *moderate* **blinking**."
s40_su_4,40,surprise,4,I never saw that come in,normal,normal,normal,front,nodding,none,none,none,none,none,none,none,none,none,none,none,none,none,none,none,none,none,"S40 said “I never saw that come in”, with *normal* **speech rate**, *normal* **pitch**, *normal* **loudness**, while **looking at the camera**, and while *nodding*."
s40_su_5,40,surprise,5,"Oh my god, this is so weird",normal,normal,quieter,front,nodding,none,none,none,none,none,moderate,weak,none,none,none,none,none,weak,none,none,none,strong,"S40 said “Oh my god, this is so weird”, with *normal* **speech rate**, *normal* **pitch**, *quieter* **loudness**, while **looking at the camera**, while *nodding*, and *moderate* **tightened eyelids**, *weak* **wrinkled nose**, *weak* **stretched lips**, and *strong* **blinking**."
s41_an_1,41,anger,1,"What? No, no, listen, I need money.",slow,normal,louder,front,nodding,weak,none,moderate,weak,none,strong,moderate,none,none,none,none,none,none,none,weak,none,none,"S41 said “What? No, no, listen, I need money.”, with *slow* **speech rate**, *normal* **pitch**, *louder* **loudness**, while **looking at the camera**, while *nodding*, and *weak* **raised inner eyebrows**, *moderate* **lowered brows**, *weak* **raised upper eyelids**, *strong* **tightened eyelids**, *moderate* **wrinkled nose**, and *weak* **parted lips**."
s41_an_2,41,anger,2,I don't care about your coffee. Please serve me.,normal,lower,louder,front,none,none,none,none,none,none,moderate,moderate,none,weak,none,none,none,none,none,weak,none,none,"S41 said “I don't care about your coffee. Please serve me.”, with *normal* **speech rate**, *lower* **pitch**, *louder* **loudness**, while **looking at the camera**, and *moderate* **tightened eyelids**, *moderate* **wrinkled nose**, *weak* **a smile**, and *weak* **parted lips**."
s41_an_3,41,anger,3,I can have you fired now.,normal,lower,louder,front,none,weak,none,none,none,none,none,none,none,none,none,none,none,none,none,none,none,none,"S41 said “I can have you fired now.”, with *normal* **speech rate**, *lower* **pitch**, *louder* **loudness**, while **looking at the camera**, and *weak* **raised inner eyebrows**."
s41_an_4,41,anger,4,If your coffee is more important than my money...,normal,normal,louder,front,none,none,weak,none,none,none,moderate,moderate,none,none,none,none,weak,none,none,none,none,none,"S41 said “If your coffee is more important than my money...”, with *normal* **speech rate**, *normal* **pitch**, *louder* **loudness**, while **looking at the camera**, and *weak* **raised outer eyebrows**, *moderate* **tightened eyelids**, *moderate* **wrinkled nose**, and *weak* **raised chin**."
s41_an_5,41,anger,5,"You're getting paid to work, not to drink coffee.",slow,lower,normal,front,none,none,none,none,none,none,weak,none,none,none,none,none,none,none,none,none,none,none,"S41 said “You're getting paid to work, not to drink coffee.”, with *slow* **speech rate**, *lower* **pitch**, *normal* **loudness**, while **looking at the camera**, and *weak* **tightened eyelids**."
s41_di_1,41,disgust,1,Eek! That's horrible! I'll never eat noodle again!,slow,normal,louder,front,none,none,none,weak,none,strong,none,strong,moderate,strong,none,none,none,none,none,none,none,none,"S41 said “Eek! That's horrible! I'll never eat noodle again!”, with *slow* **speech rate**, *normal* **pitch**, *louder* **loudness**, while **looking at the camera**, and *weak* **lowered brows**, *strong* **raised cheeks**, *strong* **wrinkled nose**, *moderate* **raised upper lip**, and *strong* **a smile**."
s41_di_2,41,disgust,2,Something is moving inside my plate.,slow,normal,louder,front,none,none,none,weak,none,moderate,strong,weak,weak,none,none,none,none,none,none,none,none,none,"S41 said “Something is moving inside my plate.”, with *slow* **speech rate**, *normal* **pitch**, *louder* **loudness**, while **looking at the camera**, and *weak* **lowered brows**, *moderate* **raised cheeks**, *strong* **tightened eyelids**, *weak* **wrinkled nose**, and *weak* **raised upper lip**."
s41_di_3,41,disgust,3,"Ah, cockroach!",slow,higher,louder,front,nodding,none,none,none,none,weak,strong,weak,none,moderate,none,weak,none,none,none,none,weak,none,"S41 said “Ah, cockroach!”, with *slow* **speech rate**, *higher* **pitch**, *louder* **loudness**, while **looking at the camera**, while *nodding*, and *weak* **raised cheeks**, *strong* **tightened eyelids**, *weak* **wrinkled nose**, *moderate* **a smile**, *weak* **downturned mouth corners**, and *weak* **a dropped jaw**."
s41_di_4,41,disgust,4,Eek! This is disgusting!,slow,normal,normal,front,nodding,none,none,none,none,strong,none,none,moderate,none,none,none,none,weak,weak,none,none,none,"S41 said “Eek! This is disgusting!”, with *slow* **speech rate**, *normal* **pitch**, *normal* **loudness**, while **looking at the camera**, while *nodding*, and *strong* **raised cheeks**, *moderate* **raised upper lip**, *weak* **stretched lips**, and *weak* **tightened lips**."
s41_di_5,41,disgust,5,That's gross!,slow,higher,quieter,front,none,none,none,strong,none,moderate,none,weak,moderate,none,none,none,none,weak,none,none,none,none,"S41 said “That's gross!”, with *slow* **speech rate**, *higher* **pitch**, *quieter* **loudness**, while **looking at the camera**, and *strong* **lowered brows**, *moderate* **raised cheeks**, *weak* **wrinkled nose**, *moderate* **raised upper lip**, and *weak* **stretched lips**."
s41_fe_1,41,fear,1,"Oh my gosh, there is someone in the house.",normal,normal,normal,front,none,none,none,none,none,none,none,none,none,none,none,none,none,none,none,none,none,none,"S41 said “Oh my gosh, there is someone in the house.”, with *normal* **speech rate**, *normal* **pitch**, *normal* **loudness**, and while **looking at the camera**."
s41_fe_2,41,fear,2,Someone is climbing up the stairs,normal,normal,louder,front,none,none,none,none,none,none,none,none,none,none,none,none,none,none,none,none,none,none,"S41 said “Someone is climbing up the stairs”, with *normal* **speech rate**, *normal* **pitch**, *louder* **loudness**, and while **looking at the camera**."
s41_fe_3,41,fear,3,Please don't kill me.,normal,higher,louder,front,none,none,none,none,none,none,none,none,none,none,none,none,none,none,none,weak,none,none,"S41 said “Please don't kill me.”, with *normal* **speech rate**, *higher* **pitch**, *louder* **loudness**, while **looking at the camera**, and *weak* **parted lips**."
s41_fe_4,41,fear,4,I'm not alone. Go away.,slow,normal,louder,front,nodding,none,none,none,none,none,none,none,none,none,none,none,none,weak,moderate,none,none,none,"S41 said “I'm not alone. Go away.”, with *slow* **speech rate**, *normal* **pitch**, *louder* **loudness**, while **looking at the camera**, while *nodding*, and *weak* **stretched lips** and *moderate* **tightened lips**."
s41_fe_5,41,fear,5,"I have nothing to give you, please don't hurt me.",normal,normal,normal,front,none,none,none,none,none,none,none,none,none,none,none,none,none,none,none,none,none,none,"S41 said “I have nothing to give you, please don't hurt me.”, with *normal* **speech rate**, *normal* **pitch**, *normal* **loudness**, and while **looking at the camera**."
s41_ha_1,41,happiness,1,That's great! I'm rich now!,slow,normal,normal,front,none,none,none,none,none,none,weak,none,none,strong,none,none,weak,none,weak,none,none,none,"S41 said “That's great! I'm rich now!”, with *slow* **speech rate**, *normal* **pitch**, *normal* **loudness**, while **looking at the camera**, and *weak* **tightened eyelids**, *strong* **a smile**, *weak* **raised chin**, and *weak* **tightened lips**."
s41_ha_2,41,happiness,2,I want. This is great. I'm so happy.,slow,normal,normal,front,nodding,none,none,none,none,weak,weak,none,none,strong,none,none,none,none,none,none,none,none,"S41 said “I want. This is great. I'm so happy.”, with *slow* **speech rate**, *normal* **pitch**, *normal* **loudness**, while **looking at the camera**, while *nodding*, and *weak* **raised cheeks**, *weak* **tightened eyelids**, and *strong* **a smile**."
s41_ha_3,41,happiness,3,Wow! That's so great!,slow,higher,louder,front,none,none,none,none,none,moderate,moderate,none,none,strong,none,none,moderate,weak,none,none,moderate,none,"S41 said “Wow! That's so great!”, with *slow* **speech rate**, *higher* **pitch**, *louder* **loudness**, while **looking at the camera**, and *moderate* **raised cheeks**, *moderate* **tightened eyelids**, *strong* **a smile**, *moderate* **raised chin**, *weak* **stretched lips**, and *moderate* **a dropped jaw**."
s41_ha_4,41,happiness,4,I'm so lucky!,slow,higher,quieter,front,nodding,none,none,none,none,none,none,none,none,moderate,none,weak,strong,moderate,moderate,none,none,none,"S41 said “I'm so lucky!”, with *slow* **speech rate**, *higher* **pitch**, *quieter* **loudness**, while **looking at the camera**, while *nodding*, and *moderate* **a smile**, *weak* **downturned mouth corners**, *strong* **raised chin**, *moderate* **stretched lips**, and *moderate* **tightened lips**."
s41_ha_5,41,happiness,5,I'm so excited!,slow,higher,quieter,front,none,none,none,none,none,none,weak,moderate,none,moderate,none,none,strong,none,weak,none,weak,moderate,"S41 said “I'm so excited!”, with *slow* **speech rate**, *higher* **pitch**, *quieter* **loudness**, while **looking at the camera**, and *weak* **tightened eyelids**, *moderate* **wrinkled nose**, *moderate* **a smile**, *strong* **raised chin**, *weak* **tightened lips**, *weak* **a dropped jaw**, and *moderate* **blinking**."
s41_sa_1,41,sadness,1,life won't be the same now,slow,lower,normal,front,none,none,none,none,none,none,none,none,none,none,none,none,none,none,none,none,none,none,"S41 said “life won't be the same now”, with *slow* **speech rate**, *lower* **pitch**, *normal* **loudness**, and while **looking at the camera**."
s41_sa_2,41,sadness,2,"Oh no, tell me if this is not true, please.",normal,lower,quieter,front,none,none,none,none,none,none,none,none,none,none,none,none,none,none,none,none,none,none,"S41 said “Oh no, tell me if this is not true, please.”, with *normal* **speech rate**, *lower* **pitch**, *quieter* **loudness**, and while **looking at the camera**."
s41_sa_3,41,sadness,3,"Everything was perfect, I don't understand.",slow,normal,quieter,front,none,none,none,weak,none,none,none,none,none,none,none,none,none,none,none,none,none,none,"S41 said “Everything was perfect, I don't understand.”, with *slow* **speech rate**, *normal* **pitch**, *quieter* **loudness**, while **looking at the camera**, and *weak* **lowered brows**."
s41_sa_4,41,sadness,4,I still loved her,slow,normal,quieter,front,none,none,none,weak,none,none,none,none,none,none,none,none,none,none,none,none,none,strong,"S41 said “I still loved her”, with *slow* **speech rate**, *normal* **pitch**, *quieter* **loudness**, while **looking at the camera**, and *weak* **lowered brows** and *strong* **blinking**."
s41_sa_5,41,sadness,5,She was my life.,normal,normal,normal,front,none,none,none,weak,none,none,none,none,none,none,none,none,none,none,none,none,none,none,"S41 said “She was my life.”, with *normal* **speech rate**, *normal* **pitch**, *normal* **loudness**, while **looking at the camera**, and *weak* **lowered brows**."
s41_su_1,41,surprise,1,You never told me that.,normal,normal,normal,front,none,none,none,none,none,none,none,none,none,none,none,none,none,none,none,none,none,none,"S41 said “You never told me that.”, with *normal* **speech rate**, *normal* **pitch**, *normal* **loudness**, and while **looking at the camera**."
s41_su_2,41,surprise,2,I didn't expect that.,slow,lower,quieter,up,none,none,none,none,weak,none,none,none,none,none,none,none,none,none,none,none,none,none,"S41 said “I didn't expect that.”, with *slow* **speech rate**, *lower* **pitch**, *quieter* **loudness**, while **looking at the camera**, and *weak* **raised upper eyelids**."
s41_su_3,41,surprise,3,"Wow, I would never have believed that.",slow,lower,quieter,up,none,none,none,none,none,none,none,none,none,none,none,none,none,none,none,none,none,none,"S41 said “Wow, I would never have believed that.”, with *slow* **speech rate**, *lower* **pitch**, *quieter* **loudness**, and while **looking at the camera**."
s41_su_4,41,surprise,4,I never saw that coming.,slow,lower,quieter,up,none,weak,none,none,none,none,none,none,none,none,none,none,none,none,none,none,none,none,"S41 said “I never saw that coming.”, with *slow* **speech rate**, *lower* **pitch**, *quieter* **loudness**, while **looking at the camera**, and *weak* **raised inner eyebrows**."
s41_su_5,41,surprise,5,Oh my god. This is so weird.,slow,lower,quieter,front,none,none,none,none,none,none,weak,none,none,none,none,none,none,none,none,none,none,none,"S41 said “Oh my god. This is so weird.”, with *slow* **speech rate**, *lower* **pitch**, *quieter* **loudness**, while **looking at the camera**, and *weak* **tightened eyelids**."
s42_an_1,42,anger,1,"What? No, no, listen, I need this money!",normal,normal,louder,front,none,none,none,moderate,none,none,moderate,none,none,none,none,weak,none,none,none,none,none,none,"S42 said “What? No, no, listen, I need this money!”, with *normal* **speech rate**, *normal* **pitch**, *louder* **loudness**, while **looking at the camera**, and *moderate* **lowered brows**, *moderate* **tightened eyelids**, and *weak* **downturned mouth corners**."
s42_an_2,42,anger,2,"I don't care about your coffee, please serve me!",normal,normal,normal,front,nodding,none,none,moderate,none,none,moderate,none,none,none,none,none,none,none,none,none,none,weak,"S42 said “I don't care about your coffee, please serve me!”, with *normal* **speech rate**, *normal* **pitch**, *normal* **loudness**, while **looking at the camera**, while *nodding*, and *moderate* **lowered brows**, *moderate* **tightened eyelids**, and *weak* **blinking**."
s42_an_3,42,anger,3,"I can have you fired, you know?",normal,normal,louder,front,none,none,none,weak,none,none,strong,none,none,none,none,none,moderate,none,moderate,none,none,none,"S42 said “I can have you fired, you know?”, with *normal* **speech rate**, *normal* **pitch**, *louder* **loudness**, while **looking at the camera**, and *weak* **lowered brows**, *strong* **tightened eyelids**, *moderate* **raised chin**, and *moderate* **tightened lips**."
s42_an_4,42,anger,4,Is your coffee more important than my money?,normal,normal,louder,front,none,none,none,moderate,none,none,strong,none,none,none,none,none,weak,none,none,none,none,none,"S42 said “Is your coffee more important than my money?”, with *normal* **speech rate**, *normal* **pitch**, *louder* **loudness**, while **looking at the camera**, and *moderate* **lowered brows**, *strong* **tightened eyelids**, and *weak* **raised chin**."
s42_an_5,42,anger,5,"You're getting paid to work, not drink coffee.",normal,normal,louder,front,nodding,none,none,moderate,none,none,strong,none,none,none,none,none,none,none,none,none,none,none,"S42 said “You're getting paid to work, not drink coffee.”, with *normal* **speech rate**, *normal* **pitch**, *louder* **loudness**, while **looking at the camera**, while *nodding*, and *moderate* **lowered brows** and *strong* **tightened eyelids**."
s42_di_1,42,disgust,1,That's horrible. I love you noodles again,slow,normal,louder,down,nodding,none,none,strong,weak,strong,none,none,strong,none,none,weak,none,none,none,none,none,none,"S42 said “That's horrible. I love you noodles again”, with *slow* **speech rate**, *normal* **pitch**, *louder* **loudness**, while **looking at the camera**, while *nodding*, and *strong* **lowered brows**, *weak* **raised upper eyelids**, *strong* **raised cheeks**, *strong* **raised upper lip**, and *weak* **downturned mouth corners**."
s42_di_2,42,disgust,2,Something is moving inside my plate!,slow,normal,louder,down,nodding,none,none,moderate,none,strong,none,none,strong,moderate,none,none,moderate,none,none,none,none,none,"S42 said “Something is moving inside my plate!”, with *slow* **speech rate**, *normal* **pitch**, *louder* **loudness**, while **looking at the camera**, while *nodding*, and *moderate* **lowered brows**, *strong* **raised cheeks**, *strong* **raised upper lip**, *moderate* **a smile**, and *moderate* **raised chin**."
s42_di_3,42,disgust,3,Ah! Cockroach!,slow,higher,louder,down,nodding,none,none,moderate,weak,strong,strong,none,strong,weak,none,none,none,none,none,moderate,moderate,none,"S42 said “Ah! Cockroach!”, with *slow* **speech rate**, *higher* **pitch**, *louder* **loudness**, while **looking at the camera**, while *nodding*, and *moderate* **lowered brows**, *weak* **raised upper eyelids**, *strong* **raised cheeks**, *strong* **tightened eyelids**, *strong* **raised upper lip**, *weak* **a smile**, *moderate* **parted lips**, and *moderate* **a dropped jaw**."
s42_di_4,42,disgust,4,Eek! That's disgusting!,slow,normal,normal,front,nodding,none,none,moderate,none,strong,strong,none,strong,weak,none,none,none,none,moderate,none,none,none,"S42 said “Eek! That's disgusting!”, with *slow* **speech rate**, *normal* **pitch**, *normal* **loudness**, while **looking at the camera**, while *nodding*, and *moderate* **lowered brows**, *strong* **raised cheeks**, *strong* **tightened eyelids**, *strong* **raised upper lip**, *weak* **a smile**, and *moderate* **tightened lips**."
s42_di_5,42,disgust,5,That's gross,slow,normal,normal,down,none,none,none,strong,none,strong,none,none,strong,none,none,none,none,none,none,weak,none,none,"S42 said “That's gross”, with *slow* **speech rate**, *normal* **pitch**, *normal* **loudness**, while **looking at the camera**, and *strong* **lowered brows**, *strong* **raised cheeks**, *strong* **raised upper lip**, and *weak* **parted lips**."
s42_fe_1,42,fear,1,"Oh my God, there's someone in the house.",normal,lower,quieter,front,none,none,none,none,weak,none,moderate,none,none,none,none,none,none,none,none,none,none,none,"S42 said “Oh my God, there's someone in the house.”, with *normal* **speech rate**, *lower* **pitch**, *quieter* **loudness**, while **looking at the camera**, and *weak* **raised upper eyelids** and *moderate* **tightened eyelids**."
s42_fe_2,42,fear,2,Someone is climbing the stairs.,normal,lower,quieter,front,none,none,none,moderate,none,none,moderate,none,none,none,none,none,none,none,none,none,none,none,"S42 said “Someone is climbing the stairs.”, with *normal* **speech rate**, *lower* **pitch**, *quieter* **loudness**, while **looking at the camera**, and *moderate* **lowered brows** and *moderate* **tightened eyelids**."
s42_fe_3,42,fear,3,"Please, don't kill me.",normal,normal,normal,front,none,none,none,weak,none,none,moderate,strong,none,none,none,none,none,none,none,none,none,none,"S42 said “Please, don't kill me.”, with *normal* **speech rate**, *normal* **pitch**, *normal* **loudness**, while **looking at the camera**, and *weak* **lowered brows**, *moderate* **tightened eyelids**, and *strong* **wrinkled nose**."
s42_fe_4,42,fear,4,I'm not alone. Go away.,normal,normal,normal,down,none,none,weak,moderate,none,none,weak,moderate,none,none,none,none,none,none,strong,none,none,none,"S42 said “I'm not alone. Go away.”, with *normal* **speech rate**, *normal* **pitch**, *normal* **loudness**, while **looking at the camera**, and *weak* **raised outer eyebrows**, *moderate* **lowered brows**, *weak* **tightened eyelids**, *moderate* **wrinkled nose**, and *strong* **tightened lips**."
s42_fe_5,42,fear,5,"I have nothing to give you. Please, please don't hurt me.",fast,lower,normal,front,nodding,none,none,weak,none,none,strong,weak,none,none,none,none,none,none,weak,none,none,none,"S42 said “I have nothing to give you. Please, please don't hurt me.”, with *fast* **speech rate**, *lower* **pitch**, *normal* **loudness**, while **looking at the camera**, while *nodding*, and *weak* **lowered brows**, *strong* **tightened eyelids**, *weak* **wrinkled nose**, and *weak* **tightened lips**."
s42_ha_1,42,happiness,1,That's great! I'm rich now!,normal,higher,louder,front,nodding,none,none,weak,none,weak,strong,none,none,none,none,none,weak,weak,none,none,none,none,"S42 said “That's great! I'm rich now!”, with *normal* **speech rate**, *higher* **pitch**, *louder* **loudness**, while **looking at the camera**, while *nodding*, and *weak* **lowered brows**, *weak* **raised cheeks**, *strong* **tightened eyelids**, *weak* **raised chin**, and *weak* **stretched lips**."
s42_ha_2,42,happiness,2,I won! This is great! I'm so happy!,normal,higher,louder,front,nodding,none,weak,moderate,none,moderate,none,none,weak,strong,none,weak,none,none,none,none,weak,none,"S42 said “I won! This is great! I'm so happy!”, with *normal* **speech rate**, *higher* **pitch**, *louder* **loudness**, while **looking at the camera**, while *nodding*, and *weak* **raised outer eyebrows**, *moderate* **lowered brows**, *moderate* **raised cheeks**, *weak* **raised upper lip**, *strong* **a smile**, *weak* **downturned mouth corners**, and *weak* **a dropped jaw**."
s42_ha_3,42,happiness,3,Wow! This is great!,slow,higher,louder,front,nodding,none,none,moderate,none,moderate,none,none,weak,none,none,none,none,none,none,none,none,none,"S42 said “Wow! This is great!”, with *slow* **speech rate**, *higher* **pitch**, *louder* **loudness**, while **looking at the camera**, while *nodding*, and *moderate* **lowered brows**, *moderate* **raised cheeks**, and *weak* **raised upper lip**."
s42_ha_4,42,happiness,4,I'm so lucky!,slow,normal,louder,up,nodding,none,none,none,none,none,strong,none,none,none,none,weak,weak,none,moderate,none,none,none,"S42 said “I'm so lucky!”, with *slow* **speech rate**, *normal* **pitch**, *louder* **loudness**, while **looking at the camera**, while *nodding*, and *strong* **tightened eyelids**, *weak* **downturned mouth corners**, *weak* **raised chin**, and *moderate* **tightened lips**."
s42_ha_5,42,happiness,5,I'm so excited,slow,normal,normal,front,nodding,strong,moderate,weak,moderate,moderate,strong,weak,weak,moderate,none,none,none,none,none,none,none,none,"S42 said “I'm so excited”, with *slow* **speech rate**, *normal* **pitch**, *normal* **loudness**, while **looking at the camera**, while *nodding*, and *strong* **raised inner eyebrows**, *moderate* **raised outer eyebrows**, *weak* **lowered brows**, *moderate* **raised upper eyelids**, *moderate* **raised cheeks**, *strong* **tightened eyelids**, *weak* **wrinkled nose**, *weak* **raised upper lip**, and *moderate* **a smile**."
s42_sa_1,42,sadness,1,Life won't be the same now.,normal,lower,quieter,front,none,none,none,strong,none,none,strong,none,none,none,none,none,none,none,none,none,none,none,"S42 said “Life won't be the same now.”, with *normal* **speech rate**, *lower* **pitch**, *quieter* **loudness**, while **looking at the camera**, and *strong* **lowered brows** and *strong* **tightened eyelids**."
s42_sa_2,42,sadness,2,"Oh no, tell me this isn't true, please.",normal,lower,quieter,front,none,none,none,strong,none,none,moderate,none,none,none,none,none,none,none,none,none,none,none,"S42 said “Oh no, tell me this isn't true, please.”, with *normal* **speech rate**, *lower* **pitch**, *quieter* **loudness**, while **looking at the camera**, and *strong* **lowered brows** and *moderate* **tightened eyelids**."
s42_sa_3,42,sadness,3,"Everything's so perfect, I don't understand.",slow,normal,quieter,front,nodding,none,none,strong,none,weak,strong,none,none,none,none,none,none,none,none,none,none,none,"S42 said “Everything's so perfect, I don't understand.”, with *slow* **speech rate**, *normal* **pitch**, *quieter* **loudness**, while **looking at the camera**, while *nodding*, and *strong* **lowered brows**, *weak* **raised cheeks**, and *strong* **tightened eyelids**."
s42_sa_4,42,sadness,4,I still loved her,normal,normal,quieter,front,none,none,none,strong,none,weak,strong,none,none,none,none,none,none,none,none,none,none,none,"S42 said “I still loved her”, with *normal* **speech rate**, *normal* **pitch**, *quieter* **loudness**, while **looking at the camera**, and *strong* **lowered brows**, *weak* **raised cheeks**, and *strong* **tightened eyelids**."
s42_sa_5,42,sadness,5,She was my life.,normal,normal,quieter,front,none,none,none,strong,none,weak,strong,none,none,none,none,none,none,none,none,none,none,none,"S42 said “She was my life.”, with *normal* **speech rate**, *normal* **pitch**, *quieter* **loudness**, while **looking at the camera**, and *strong* **lowered brows**, *weak* **raised cheeks**, and *strong* **tightened eyelids**."
s42_su_1,42,surprise,1,You never told me that!,fast,normal,quieter,front,none,weak,weak,strong,none,none,none,none,none,none,none,none,none,none,none,none,none,none,"S42 said “You never told me that!”, with *fast* **speech rate**, *normal* **pitch**, *quieter* **loudness**, while **looking at the camera**, and *weak* **raised inner eyebrows**, *weak* **raised outer eyebrows**, and *strong* **lowered brows**."
s42_su_2,42,surprise,2,I didn't expect that.,normal,higher,normal,front,none,none,none,moderate,none,none,strong,moderate,none,none,none,none,none,none,none,none,none,none,"S42 said “I didn't expect that.”, with *normal* **speech rate**, *higher* **pitch**, *normal* **loudness**, while **looking at the camera**, and *moderate* **lowered brows**, *strong* **tightened eyelids**, and *moderate* **wrinkled nose**."
s42_su_3,42,surprise,3,"Wow, I never would have believed this.",normal,normal,louder,front,nodding,none,none,moderate,none,none,strong,none,none,none,none,none,none,none,none,none,none,none,"S42 said “Wow, I never would have believed this.”, with *normal* **speech rate**, *normal* **pitch**, *louder* **loudness**, while **looking at the camera**, while *nodding*, and *moderate* **lowered brows** and *strong* **tightened eyelids**."
s42_su_4,42,surprise,4,I never saw that coming,normal,lower,quieter,up,none,none,none,weak,none,none,strong,moderate,none,none,none,none,none,none,none,none,none,none,"S42 said “I never saw that coming”, with *normal* **speech rate**, *lower* **pitch**, *quieter* **loudness**, while **looking at the camera**, and *weak* **lowered brows**, *strong* **tightened eyelids**, and *moderate* **wrinkled nose**."
s42_su_5,42,surprise,5,"Oh my god, that's so weird!",slow,normal,louder,front,nodding,none,none,strong,none,moderate,none,none,weak,none,none,weak,none,none,none,none,none,none,"S42 said “Oh my god, that's so weird!”, with *slow* **speech rate**, *normal* **pitch**, *louder* **loudness**, while **looking at the camera**, while *nodding*, and *strong* **lowered brows**, *moderate* **raised cheeks**, *weak* **raised upper lip**, and *weak* **downturned mouth corners**."
s43_an_1,43,anger,1,"What? No, no, no, listen, I need this money.",normal,normal,louder,front,nodding,strong,weak,none,moderate,none,weak,moderate,none,weak,none,none,none,moderate,moderate,strong,none,none,"S43 said “What? No, no, no, listen, I need this money.”, with *normal* **speech rate**, *normal* **pitch**, *louder* **loudness**, while **looking at the camera**, while *nodding*, and *strong* **raised inner eyebrows**, *weak* **raised outer eyebrows**, *moderate* **raised upper eyelids**, *weak* **tightened eyelids**, *moderate* **wrinkled nose**, *weak* **a smile**, *moderate* **stretched lips**, *moderate* **tightened lips**, and *strong* **parted lips**."
s43_an_2,43,anger,2,I don't care about your coffee. Please serve me.,normal,normal,louder,front,nodding,none,none,strong,none,none,moderate,moderate,none,none,none,none,none,none,moderate,none,none,none,"S43 said “I don't care about your coffee. Please serve me.”, with *normal* **speech rate**, *normal* **pitch**, *louder* **loudness**, while **looking at the camera**, while *nodding*, and *strong* **lowered brows**, *moderate* **tightened eyelids**, *moderate* **wrinkled nose**, and *moderate* **tightened lips**."
s43_an_3,43,anger,3,"I can have you fired right now, you know?",fast,normal,louder,front,nodding,none,none,weak,none,weak,weak,weak,none,none,none,none,weak,none,none,moderate,none,none,"S43 said “I can have you fired right now, you know?”, with *fast* **speech rate**, *normal* **pitch**, *louder* **loudness**, while **looking at the camera**, while *nodding*, and *weak* **lowered brows**, *weak* **raised cheeks**, *weak* **tightened eyelids**, *weak* **wrinkled nose**, *weak* **raised chin**, and *moderate* **parted lips**."
s43_an_4,43,anger,4,Is your coffee more important than my tea?,fast,higher,louder,front,nodding,none,none,none,none,weak,strong,none,weak,none,none,none,strong,none,moderate,weak,none,none,"S43 said “Is your coffee more important than my tea?”, with *fast* **speech rate**, *higher* **pitch**, *louder* **loudness**, while **looking at the camera**, while *nodding*, and *weak* **raised cheeks**, *strong* **tightened eyelids**, *weak* **raised upper lip**, *strong* **raised chin**, *moderate* **tightened lips**, and *weak* **parted lips**."
s43_an_5,43,anger,5,You're getting paid to work not to drink coffee,normal,higher,louder,front,none,moderate,none,none,weak,none,none,weak,none,none,none,none,none,none,weak,none,none,none,"S43 said “You're getting paid to work not to drink coffee”, with *normal* **speech rate**, *higher* **pitch**, *louder* **loudness**, while **looking at the camera**, and *moderate* **raised inner eyebrows**, *weak* **raised upper eyelids**, *weak* **wrinkled nose**, and *weak* **tightened lips**."
s43_di_1,43,disgust,1,"Ah, that's sorry, Bill. I will never eat noodles again.",normal,normal,normal,front,nodding,none,none,none,none,moderate,strong,none,moderate,none,none,none,weak,none,none,none,none,none,"S43 said “Ah, that's sorry, Bill. I will never eat noodles again.”, with *normal* **speech rate**, *normal* **pitch**, *normal* **loudness**, while **looking at the camera**, while *nodding*, and *moderate* **raised cheeks**, *strong* **tightened eyelids**, *moderate* **raised upper lip**, and *weak* **raised chin**."
s43_di_2,43,disgust,2,Something is moving inside my plate,normal,higher,louder,front,none,none,none,moderate,none,weak,moderate,none,none,none,none,strong,strong,none,moderate,none,none,none,"S43 said “Something is moving inside my plate”, with *normal* **speech rate**, *higher* **pitch**, *louder* **loudness**, while **looking at the camera**, and *moderate* **lowered brows**, *weak* **raised cheeks**, *moderate* **tightened eyelids**, *strong* **downturned mouth corners**, *strong* **raised chin**, and *moderate* **tightened lips**."
s43_di_3,43,disgust,3,"Ah, cockroach!",slow,normal,quieter,front,none,none,none,strong,none,moderate,moderate,none,weak,none,none,none,weak,none,none,none,none,none,"S43 said “Ah, cockroach!”, with *slow* **speech rate**, *normal* **pitch**, *quieter* **loudness**, while **looking at the camera**, and *strong* **lowered brows**, *moderate* **raised cheeks**, *moderate* **tightened eyelids**, *weak* **raised upper lip**, and *weak* **raised chin**."
s43_di_4,43,disgust,4,"Ah, this is disgusting.",slow,normal,normal,front,none,none,none,moderate,none,strong,moderate,none,weak,weak,none,none,none,none,none,strong,none,none,"S43 said “Ah, this is disgusting.”, with *slow* **speech rate**, *normal* **pitch**, *normal* **loudness**, while **looking at the camera**, and *moderate* **lowered brows**, *strong* **raised cheeks**, *moderate* **tightened eyelids**, *weak* **raised upper lip**, *weak* **a smile**, and *strong* **parted lips**."
s43_di_5,43,disgust,5,That's gross.,slow,normal,quieter,front,none,none,none,moderate,none,weak,moderate,none,none,none,none,none,moderate,none,none,none,none,none,"S43 said “That's gross.”, with *slow* **speech rate**, *normal* **pitch**, *quieter* **loudness**, while **looking at the camera**, and *moderate* **lowered brows**, *weak* **raised cheeks**, *moderate* **tightened eyelids**, and *moderate* **raised chin**."
s43_fe_1,43,fear,1,"Oh my God, there's someone inside the house.",slow,lower,quieter,front,none,none,none,none,none,none,none,none,none,none,none,none,none,none,none,none,none,none,"S43 said “Oh my God, there's someone inside the house.”, with *slow* **speech rate**, *lower* **pitch**, *quieter* **loudness**, and while **looking at the camera**."
s43_fe_2,43,fear,2,Someone is climbing up the stairs,normal,lower,quieter,front,none,none,none,none,none,none,none,none,none,none,none,none,none,none,none,none,none,none,"S43 said “Someone is climbing up the stairs”, with *normal* **speech rate**, *lower* **pitch**, *quieter* **loudness**, and while **looking at the camera**."
s43_fe_3,43,fear,3,"Please, don't kill me.",slow,lower,quieter,front,none,none,none,none,none,none,none,none,none,none,none,none,none,none,weak,none,none,none,"S43 said “Please, don't kill me.”, with *slow* **speech rate**, *lower* **pitch**, *quieter* **loudness**, while **looking at the camera**, and *weak* **tightened lips**."
s43_fe_4,43,fear,4,I'm not alone. Go away.,slow,normal,quieter,front,none,none,none,weak,none,none,none,none,none,none,none,weak,none,none,none,none,none,none,"S43 said “I'm not alone. Go away.”, with *slow* **speech rate**, *normal* **pitch**, *quieter* **loudness**, while **looking at the camera**, and *weak* **lowered brows** and *weak* **downturned mouth corners**."
s43_fe_5,43,fear,5,I have nothing to give you. Please don't hurt me.,normal,normal,quieter,front,nodding,none,none,weak,none,none,none,weak,none,none,none,none,none,none,none,none,none,none,"S43 said “I have nothing to give you. Please don't hurt me.”, with *normal* **speech rate**, *normal* **pitch**, *quieter* **loudness**, while **looking at the camera**, while *nodding*, and *weak* **lowered brows** and *weak* **wrinkled nose**."
s43_ha_1,43,happiness,1,That's great! I'm rich now!,slow,normal,louder,front,tilting,none,none,none,none,strong,strong,none,none,strong,none,strong,moderate,none,none,none,none,none,"S43 said “That's great! I'm rich now!”, with *slow* **speech rate**, *normal* **pitch**, *louder* **loudness**, while **looking at the camera**, while *tilting* their **head**, and *strong* **raised cheeks**, *strong* **tightened eyelids**, *strong* **a smile**, *strong* **downturned mouth corners**, and *moderate* **raised chin**."
s43_ha_2,43,happiness,2,I won! This is great! I'm so happy!,normal,normal,louder,front,nodding,moderate,none,none,none,strong,strong,none,none,none,none,none,weak,none,weak,none,none,none,"S43 said “I won! This is great! I'm so happy!”, with *normal* **speech rate**, *normal* **pitch**, *louder* **loudness**, while **looking at the camera**, while *nodding*, and *moderate* **raised inner eyebrows**, *strong* **raised cheeks**, *strong* **tightened eyelids**, *weak* **raised chin**, and *weak* **tightened lips**."
s43_ha_3,43,happiness,3,Wow this is so great,normal,higher,louder,front,none,none,none,none,none,strong,strong,weak,none,none,none,none,none,none,moderate,none,none,none,"S43 said “Wow this is so great”, with *normal* **speech rate**, *higher* **pitch**, *louder* **loudness**, while **looking at the camera**, and *strong* **raised cheeks**, *strong* **tightened eyelids**, *weak* **wrinkled nose**, and *moderate* **tightened lips**."
s43_ha_4,43,happiness,4,I'm so lucky,slow,normal,normal,front,none,none,none,none,none,strong,strong,none,none,none,weak,none,none,none,weak,none,none,none,"S43 said “I'm so lucky”, with *slow* **speech rate**, *normal* **pitch**, *normal* **loudness**, while **looking at the camera**, and *strong* **raised cheeks**, *strong* **tightened eyelids**, *weak* **a tight smile**, and *weak* **tightened lips**."
s43_ha_5,43,happiness,5,I'm so excited!,normal,normal,louder,front,none,none,none,none,none,none,strong,weak,weak,none,weak,none,none,none,none,none,none,none,"S43 said “I'm so excited!”, with *normal* **speech rate**, *normal* **pitch**, *louder* **loudness**, while **looking at the camera**, and *strong* **tightened eyelids**, *weak* **wrinkled nose**, *weak* **raised upper lip**, and *weak* **a tight smile**."
s43_sa_1,43,sadness,1,The iPhone will be the same now.,normal,lower,normal,up,none,none,none,none,none,none,none,none,none,none,none,none,none,none,none,moderate,none,none,"S43 said “The iPhone will be the same now.”, with *normal* **speech rate**, *lower* **pitch**, *normal* **loudness**, while **looking at the camera**, and *moderate* **parted lips**."
s43_sa_2,43,sadness,2,"Oh no, tell me this is not true.",normal,lower,quieter,front,none,none,none,none,none,none,none,none,none,none,none,none,none,none,none,none,none,weak,"S43 said “Oh no, tell me this is not true.”, with *normal* **speech rate**, *lower* **pitch**, *quieter* **loudness**, while **looking at the camera**, and *weak* **blinking**."
s43_sa_3,43,sadness,3,"Everything was so perfect, I just didn't understand.",slow,lower,quieter,up,nodding,none,none,none,none,none,none,none,none,none,none,none,none,none,none,none,none,moderate,"S43 said “Everything was so perfect, I just didn't understand.”, with *slow* **speech rate**, *lower* **pitch**, *quieter* **loudness**, while **looking at the camera**, while *nodding*, and *moderate* **blinking**."
s43_sa_4,43,sadness,4,I still love her.,normal,lower,quieter,front,none,none,none,none,none,none,none,none,none,none,none,none,none,none,none,none,none,strong,"S43 said “I still love her.”, with *normal* **speech rate**, *lower* **pitch**, *quieter* **loudness**, while **looking at the camera**, and *strong* **blinking**."
s43_sa_5,43,sadness,5,She was my life.,normal,higher,quieter,up,none,weak,moderate,none,weak,none,none,none,none,none,none,none,none,none,none,weak,none,none,"S43 said “She was my life.”, with *normal* **speech rate**, *higher* **pitch**, *quieter* **loudness**, while **looking at the camera**, and *weak* **raised inner eyebrows**, *moderate* **raised outer eyebrows**, *weak* **raised upper eyelids**, and *weak* **parted lips**."
s43_su_1,43,surprise,1,I have never told me that,normal,higher,normal,front,none,none,none,none,none,none,none,weak,none,none,none,none,weak,none,none,none,none,none,"S43 said “I have never told me that”, with *normal* **speech rate**, *higher* **pitch**, *normal* **loudness**, while **looking at the camera**, and *weak* **wrinkled nose** and *weak* **raised chin**."
s43_su_2,43,surprise,2,I didn't expect that!,slow,higher,normal,front,none,none,none,none,none,moderate,weak,none,none,none,none,none,weak,none,none,none,none,none,"S43 said “I didn't expect that!”, with *slow* **speech rate**, *higher* **pitch**, *normal* **loudness**, while **looking at the camera**, and *moderate* **raised cheeks**, *weak* **tightened eyelids**, and *weak* **raised chin**."
s43_su_3,43,surprise,3,"Wow, I would never have believed it.",normal,normal,louder,front,none,moderate,none,none,moderate,none,none,none,none,moderate,none,none,none,none,none,weak,none,none,"S43 said “Wow, I would never have believed it.”, with *normal* **speech rate**, *normal* **pitch**, *louder* **loudness**, while **looking at the camera**, and *moderate* **raised inner eyebrows**, *moderate* **raised upper eyelids**, *moderate* **a smile**, and *weak* **parted lips**."
s43_su_4,43,surprise,4,I never saw that coming!,normal,higher,normal,front,none,none,none,none,none,weak,none,moderate,none,strong,none,none,none,none,none,none,none,none,"S43 said “I never saw that coming!”, with *normal* **speech rate**, *higher* **pitch**, *normal* **loudness**, while **looking at the camera**, and *weak* **raised cheeks**, *moderate* **wrinkled nose**, and *strong* **a smile**."
s43_su_5,43,surprise,5,"Oh my god, that's so weird",normal,lower,normal,front,none,strong,moderate,none,weak,weak,weak,none,none,moderate,none,strong,strong,none,none,none,weak,none,"S43 said “Oh my god, that's so weird”, with *normal* **speech rate**, *lower* **pitch**, *normal* **loudness**, while **looking at the camera**, and *strong* **raised inner eyebrows**, *moderate* **raised outer eyebrows**, *weak* **raised upper eyelids**, *weak* **raised cheeks**, *weak* **tightened eyelids**, *moderate* **a smile**, *strong* **downturned mouth corners**, *strong* **raised chin**, and *weak* **a dropped jaw**."
s44_an_1,44,anger,1,"What? No, no, listen, I need this money.",slow,lower,normal,front,none,none,none,strong,none,none,strong,none,weak,none,none,none,none,none,none,none,none,strong,"S44 said “What? No, no, listen, I need this money.”, with *slow* **speech rate**, *lower* **pitch**, *normal* **loudness**, while **looking at the camera**, and *strong* **lowered brows**, *strong* **tightened eyelids**, *weak* **raised upper lip**, and *strong* **blinking**."
s44_an_2,44,anger,2,"I don't care about your coffee, please serve me.",normal,lower,louder,front,none,none,none,weak,none,none,strong,moderate,none,none,none,none,none,weak,moderate,moderate,strong,none,"S44 said “I don't care about your coffee, please serve me.”, with *normal* **speech rate**, *lower* **pitch**, *louder* **loudness**, while **looking at the camera**, and *weak* **lowered brows**, *strong* **tightened eyelids**, *moderate* **wrinkled nose**, *weak* **stretched lips**, *moderate* **tightened lips**, *moderate* **parted lips**, and *strong* **a dropped jaw**."
s44_an_3,44,anger,3,"I can have you fired, you know.",fast,normal,louder,front,none,none,none,none,none,none,none,weak,weak,none,none,none,none,none,none,moderate,none,none,"S44 said “I can have you fired, you know.”, with *fast* **speech rate**, *normal* **pitch**, *louder* **loudness**, while **looking at the camera**, and *weak* **wrinkled nose**, *weak* **raised upper lip**, and *moderate* **parted lips**."
s44_an_4,44,anger,4,Is your coffee more important than money?,normal,normal,louder,front,shaking,none,none,strong,none,none,strong,none,none,none,none,none,none,none,none,none,none,none,"S44 said “Is your coffee more important than money?”, with *normal* **speech rate**, *normal* **pitch**, *louder* **loudness**, while **looking at the camera**, while *shaking* their **head**, and *strong* **lowered brows** and *strong* **tightened eyelids**."
s44_an_5,44,anger,5,"You're getting paid to work, not to drink coffee.",normal,normal,normal,front,none,none,none,none,none,none,weak,none,none,none,none,none,none,none,none,none,none,none,"S44 said “You're getting paid to work, not to drink coffee.”, with *normal* **speech rate**, *normal* **pitch**, *normal* **loudness**, while **looking at the camera**, and *weak* **tightened eyelids**."
s44_di_1,44,disgust,1,That's horrible. I'll never eat noodles again,slow,lower,normal,front,shaking,none,none,strong,none,moderate,none,none,strong,none,none,none,none,none,none,none,none,weak,"S44 said “That's horrible. I'll never eat noodles again”, with *slow* **speech rate**, *lower* **pitch**, *normal* **loudness**, while **looking at the camera**, while *shaking* their **head**, and *strong* **lowered brows**, *moderate* **raised cheeks**, *strong* **raised upper lip**, and *weak* **blinking**."
s44_di_2,44,disgust,2,Something is moving inside my plate!,normal,higher,normal,front,shaking,none,moderate,none,none,weak,none,moderate,strong,none,weak,none,none,none,none,none,none,moderate,"S44 said “Something is moving inside my plate!”, with *normal* **speech rate**, *higher* **pitch**, *normal* **loudness**, while **looking at the camera**, while *shaking* their **head**, and *moderate* **raised outer eyebrows**, *weak* **raised cheeks**, *moderate* **wrinkled nose**, *strong* **raised upper lip**, *weak* **a tight smile**, and *moderate* **blinking**."
s44_di_3,44,disgust,3,"Eugh, cockroach!",slow,normal,louder,front,shaking,none,none,none,none,moderate,none,weak,strong,none,weak,none,none,weak,none,weak,none,moderate,"S44 said “Eugh, cockroach!”, with *slow* **speech rate**, *normal* **pitch**, *louder* **loudness**, while **looking at the camera**, while *shaking* their **head**, and *moderate* **raised cheeks**, *weak* **wrinkled nose**, *strong* **raised upper lip**, *weak* **a tight smile**, *weak* **stretched lips**, *weak* **parted lips**, and *moderate* **blinking**."
s44_di_4,44,disgust,4,Yuck! That's disgusting!,slow,normal,quieter,front,shaking,none,none,strong,none,moderate,none,strong,strong,none,weak,none,none,moderate,none,none,none,strong,"S44 said “Yuck! That's disgusting!”, with *slow* **speech rate**, *normal* **pitch**, *quieter* **loudness**, while **looking at the camera**, while *shaking* their **head**, and *strong* **lowered brows**, *moderate* **raised cheeks**, *strong* **wrinkled nose**, *strong* **raised upper lip**, *weak* **a tight smile**, *moderate* **stretched lips**, and *strong* **blinking**."
s44_di_5,44,disgust,5,That's gross!,slow,higher,quieter,front,none,none,none,none,none,moderate,none,none,strong,none,weak,none,none,none,none,none,none,moderate,"S44 said “That's gross!”, with *slow* **speech rate**, *higher* **pitch**, *quieter* **loudness**, while **looking at the camera**, and *moderate* **raised cheeks**, *strong* **raised upper lip**, *weak* **a tight smile**, and *moderate* **blinking**."
s44_fe_1,44,fear,1,"Oh my God, there's so many in the house!",normal,higher,quieter,front,shaking,none,none,none,none,none,none,none,moderate,none,none,none,none,none,none,none,none,none,"S44 said “Oh my God, there's so many in the house!”, with *normal* **speech rate**, *higher* **pitch**, *quieter* **loudness**, while **looking at the camera**, while *shaking* their **head**, and *moderate* **raised upper lip**."
s44_fe_2,44,fear,2,Someone is climbing up the stairs.,normal,higher,normal,front,none,none,none,strong,none,none,weak,none,moderate,none,none,none,none,none,none,none,none,none,"S44 said “Someone is climbing up the stairs.”, with *normal* **speech rate**, *higher* **pitch**, *normal* **loudness**, while **looking at the camera**, and *strong* **lowered brows**, *weak* **tightened eyelids**, and *moderate* **raised upper lip**."
s44_fe_3,44,fear,3,Please don't kill me,normal,lower,quieter,front,none,none,none,none,none,none,none,none,weak,none,none,none,none,none,none,moderate,none,none,"S44 said “Please don't kill me”, with *normal* **speech rate**, *lower* **pitch**, *quieter* **loudness**, while **looking at the camera**, and *weak* **raised upper lip** and *moderate* **parted lips**."
s44_fe_4,44,fear,4,"I'm not alone, go away!",normal,lower,normal,front,none,none,none,weak,none,none,none,none,none,none,none,none,none,none,none,none,none,none,"S44 said “I'm not alone, go away!”, with *normal* **speech rate**, *lower* **pitch**, *normal* **loudness**, while **looking at the camera**, and *weak* **lowered brows**."
s44_fe_5,44,fear,5,I have nothing to give you. Please don't help me.,normal,higher,quieter,front,shaking,none,none,none,none,none,none,none,none,none,none,none,none,none,none,none,none,none,"S44 said “I have nothing to give you. Please don't help me.”, with *normal* **speech rate**, *higher* **pitch**, *quieter* **loudness**, while **looking at the camera**, and while *shaking* their **head**."
s44_ha_1,44,happiness,1,That's great! I'm rich now!,normal,lower,normal,front,tilting,none,none,none,none,none,moderate,none,strong,strong,moderate,none,none,none,none,weak,none,strong,"S44 said “That's great! I'm rich now!”, with *normal* **speech rate**, *lower* **pitch**, *normal* **loudness**, while **looking at the camera**, while *tilting* their **head**, and *moderate* **tightened eyelids**, *strong* **raised upper lip**, *strong* **a smile**, *moderate* **a tight smile**, *weak* **parted lips**, and *strong* **blinking**."
s44_ha_2,44,happiness,2,I won! This is great! I'm so happy!,normal,normal,louder,front,shaking,weak,moderate,none,strong,none,none,none,strong,moderate,weak,none,none,none,none,none,none,none,"S44 said “I won! This is great! I'm so happy!”, with *normal* **speech rate**, *normal* **pitch**, *louder* **loudness**, while **looking at the camera**, while *shaking* their **head**, and *weak* **raised inner eyebrows**, *moderate* **raised outer eyebrows**, *strong* **raised upper eyelids**, *strong* **raised upper lip**, *moderate* **a smile**, and *weak* **a tight smile**."
s44_ha_3,44,happiness,3,Wow! This is so great!,normal,normal,louder,front,shaking,none,weak,none,none,none,none,none,moderate,moderate,weak,none,none,weak,none,none,none,none,"S44 said “Wow! This is so great!”, with *normal* **speech rate**, *normal* **pitch**, *louder* **loudness**, while **looking at the camera**, while *shaking* their **head**, and *weak* **raised outer eyebrows**, *moderate* **raised upper lip**, *moderate* **a smile**, *weak* **a tight smile**, and *weak* **stretched lips**."
s44_ha_4,44,happiness,4,I'm so lucky!,slow,normal,louder,front,none,weak,weak,none,moderate,none,weak,none,strong,strong,weak,none,none,none,none,none,none,none,"S44 said “I'm so lucky!”, with *slow* **speech rate**, *normal* **pitch**, *louder* **loudness**, while **looking at the camera**, and *weak* **raised inner eyebrows**, *weak* **raised outer eyebrows**, *moderate* **raised upper eyelids**, *weak* **tightened eyelids**, *strong* **raised upper lip**, *strong* **a smile**, and *weak* **a tight smile**."
s44_ha_5,44,happiness,5,I'm so excited!,slow,normal,quieter,front,nodding,none,weak,none,weak,none,none,none,strong,moderate,weak,none,none,none,weak,none,none,moderate,"S44 said “I'm so excited!”, with *slow* **speech rate**, *normal* **pitch**, *quieter* **loudness**, while **looking at the camera**, while *nodding*, and *weak* **raised outer eyebrows**, *weak* **raised upper eyelids**, *strong* **raised upper lip**, *moderate* **a smile**, *weak* **a tight smile**, *weak* **tightened lips**, and *moderate* **blinking**."
s44_sa_1,44,sadness,1,Life won't be the same now.,slow,normal,quieter,up,shaking,none,none,none,none,none,none,none,none,none,none,none,none,none,none,strong,none,none,"S44 said “Life won't be the same now.”, with *slow* **speech rate**, *normal* **pitch**, *quieter* **loudness**, while **looking at the camera**, while *shaking* their **head**, and *strong* **parted lips**."
s44_sa_2,44,sadness,2,"Oh no, tell me this is not true, please?",normal,normal,quieter,front,shaking,none,none,moderate,none,none,none,none,none,none,none,none,none,none,none,none,none,none,"S44 said “Oh no, tell me this is not true, please?”, with *normal* **speech rate**, *normal* **pitch**, *quieter* **loudness**, while **looking at the camera**, while *shaking* their **head**, and *moderate* **lowered brows**."
s44_sa_3,44,sadness,3,"Everything was so perfect, I just don't understand.",slow,normal,quieter,front,none,none,none,weak,none,none,none,none,none,none,none,none,none,none,none,none,none,weak,"S44 said “Everything was so perfect, I just don't understand.”, with *slow* **speech rate**, *normal* **pitch**, *quieter* **loudness**, while **looking at the camera**, and *weak* **lowered brows** and *weak* **blinking**."
s44_sa_4,44,sadness,4,I still love him.,slow,normal,quieter,front,shaking,none,none,none,none,none,none,none,none,none,none,none,none,none,none,none,strong,strong,"S44 said “I still love him.”, with *slow* **speech rate**, *normal* **pitch**, *quieter* **loudness**, while **looking at the camera**, while *shaking* their **head**, and *strong* **a dropped jaw** and *strong* **blinking**."
s44_sa_5,44,sadness,5,He was my life.,normal,normal,quieter,front,tilting,none,none,none,none,none,none,none,none,none,none,none,none,none,moderate,strong,strong,weak,"S44 said “He was my life.”, with *normal* **speech rate**, *normal* **pitch**, *quieter* **loudness**, while **looking at the camera**, while *tilting* their **head**, and *moderate* **tightened lips**, *strong* **parted lips**, *strong* **a dropped jaw**, and *weak* **blinking**."
s44_su_1,44,surprise,1,You have never told me that.,normal,lower,louder,front,nodding,none,weak,none,none,none,none,none,none,none,none,none,none,none,weak,none,none,none,"S44 said “You have never told me that.”, with *normal* **speech rate**, *lower* **pitch**, *louder* **loudness**, while **looking at the camera**, while *nodding*, and *weak* **raised outer eyebrows** and *weak* **tightened lips**."
s44_su_2,44,surprise,2,I didn't expect that!,slow,normal,louder,front,none,none,none,none,none,none,none,none,none,none,none,none,none,none,none,none,none,none,"S44 said “I didn't expect that!”, with *slow* **speech rate**, *normal* **pitch**, *louder* **loudness**, and while **looking at the camera**."
s44_su_3,44,surprise,3,"Wow, I would have never have believed this.",normal,lower,louder,front,shaking,none,none,none,none,none,none,none,none,none,none,none,none,none,none,none,none,none,"S44 said “Wow, I would have never have believed this.”, with *normal* **speech rate**, *lower* **pitch**, *louder* **loudness**, while **looking at the camera**, and while *shaking* their **head**."
s44_su_4,44,surprise,4,I never saw that coming!,normal,higher,louder,front,none,none,none,none,none,none,none,none,none,none,none,none,none,none,none,none,none,moderate,"S44 said “I never saw that coming!”, with *normal* **speech rate**, *higher* **pitch**, *louder* **loudness**, while **looking at the camera**, and *moderate* **blinking**."
s44_su_5,44,surprise,5,"Oh my god, that's so weird",normal,normal,louder,front,none,none,none,none,none,none,none,weak,none,none,none,none,none,none,weak,none,moderate,none,"S44 said “Oh my god, that's so weird”, with *normal* **speech rate**, *normal* **pitch**, *louder* **loudness**, while **looking at the camera**, and *weak* **wrinkled nose**, *weak* **tightened lips**, and *moderate* **a dropped jaw**."
s4_an_1,4,anger,1,"What? No, no, no, listen, I need this money.",slow,higher,normal,front,nodding,none,none,strong,none,none,none,none,none,none,none,none,none,none,none,none,none,none,"S04 said “What? No, no, no, listen, I need this money.”, with *slow* **speech rate**, *higher* **pitch**, *normal* **loudness**, while **looking at the camera**, while *nodding*, and *strong* **lowered brows**."
s4_an_2,4,anger,2,"I don't care about your coffee, please serve me.",normal,normal,louder,front,nodding,none,none,moderate,none,none,none,none,none,none,none,none,none,none,moderate,none,none,none,"S04 said “I don't care about your coffee, please serve me.”, with *normal* **speech rate**, *normal* **pitch**, *louder* **loudness**, while **looking at the camera**, while *nodding*, and *moderate* **lowered brows** and *moderate* **tightened lips**."
s4_an_3,4,anger,3,"I can't have the fire, I don't know.",fast,normal,louder,front,none,none,none,strong,none,none,none,weak,none,none,none,none,none,none,none,weak,moderate,none,"S04 said “I can't have the fire, I don't know.”, with *fast* **speech rate**, *normal* **pitch**, *louder* **loudness**, while **looking at the camera**, and *strong* **lowered brows**, *weak* **wrinkled nose**, *weak* **parted lips**, and *moderate* **a dropped jaw**."
s4_an_4,4,anger,4,Is your coffee more important than my money?,normal,higher,louder,front,none,none,none,moderate,none,none,none,none,none,none,none,none,weak,none,moderate,none,moderate,none,"S04 said “Is your coffee more important than my money?”, with *normal* **speech rate**, *higher* **pitch**, *louder* **loudness**, while **looking at the camera**, and *moderate* **lowered brows**, *weak* **raised chin**, *moderate* **tightened lips**, and *moderate* **a dropped jaw**."
s4_an_5,4,anger,5,"You're getting back to work, no drink coffee.",normal,normal,louder,front,nodding,none,none,moderate,none,none,none,none,none,none,none,none,none,none,none,weak,weak,strong,"S04 said “You're getting back to work, no drink coffee.”, with *normal* **speech rate**, *normal* **pitch**, *louder* **loudness**, while **looking at the camera**, while *nodding*, and *moderate* **lowered brows**, *weak* **parted lips**, *weak* **a dropped jaw**, and *strong* **blinking**."
s4_di_1,4,disgust,1,That's horrible. I never eat notars again.,slow,lower,normal,front,none,none,none,moderate,none,moderate,none,none,moderate,weak,none,none,none,none,none,none,none,none,"S04 said “That's horrible. I never eat notars again.”, with *slow* **speech rate**, *lower* **pitch**, *normal* **loudness**, while **looking at the camera**, and *moderate* **lowered brows**, *moderate* **raised cheeks**, *moderate* **raised upper lip**, and *weak* **a smile**."
s4_di_2,4,disgust,2,Something is moving inside my blade.,slow,normal,quieter,front,none,none,none,weak,none,none,none,none,none,none,none,none,none,none,moderate,none,none,weak,"S04 said “Something is moving inside my blade.”, with *slow* **speech rate**, *normal* **pitch**, *quieter* **loudness**, while **looking at the camera**, and *weak* **lowered brows**, *moderate* **tightened lips**, and *weak* **blinking**."
s4_di_3,4,disgust,3,I'm a crocodile!,normal,lower,louder,front,none,none,none,strong,none,weak,weak,none,weak,moderate,none,none,none,none,none,strong,none,strong,"S04 said “I'm a crocodile!”, with *normal* **speech rate**, *lower* **pitch**, *louder* **loudness**, while **looking at the camera**, and *strong* **lowered brows**, *weak* **raised cheeks**, *weak* **tightened eyelids**, *weak* **raised upper lip**, *moderate* **a smile**, *strong* **parted lips**, and *strong* **blinking**."
s4_di_4,4,disgust,4,This is disgusting.,slow,lower,quieter,front,none,none,none,none,none,weak,none,none,weak,strong,weak,none,none,none,none,none,none,none,"S04 said “This is disgusting.”, with *slow* **speech rate**, *lower* **pitch**, *quieter* **loudness**, while **looking at the camera**, and *weak* **raised cheeks**, *weak* **raised upper lip**, *strong* **a smile**, and *weak* **a tight smile**."
s4_di_5,4,disgust,5,That grass.,slow,lower,quieter,front,none,none,none,moderate,none,weak,none,none,none,weak,none,none,none,strong,weak,none,none,none,"S04 said “That grass.”, with *slow* **speech rate**, *lower* **pitch**, *quieter* **loudness**, while **looking at the camera**, and *moderate* **lowered brows**, *weak* **raised cheeks**, *weak* **a smile**, *strong* **stretched lips**, and *weak* **tightened lips**."
s4_fe_1,4,fear,1,Oh my God! There is someone in the house!,normal,higher,quieter,front,nodding,none,none,none,none,none,none,none,none,none,none,none,none,none,none,weak,weak,none,"S04 said “Oh my God! There is someone in the house!”, with *normal* **speech rate**, *higher* **pitch**, *quieter* **loudness**, while **looking at the camera**, while *nodding*, and *weak* **parted lips** and *weak* **a dropped jaw**."
s4_fe_2,4,fear,2,Someone is cleaning up the stairs.,normal,normal,quieter,front,none,none,none,none,none,none,none,weak,none,none,none,none,none,none,none,none,none,strong,"S04 said “Someone is cleaning up the stairs.”, with *normal* **speech rate**, *normal* **pitch**, *quieter* **loudness**, while **looking at the camera**, and *weak* **wrinkled nose** and *strong* **blinking**."
s4_fe_3,4,fear,3,Please don't kill me.,slow,higher,quieter,front,none,none,none,none,none,none,none,none,none,none,none,none,none,none,none,none,none,strong,"S04 said “Please don't kill me.”, with *slow* **speech rate**, *higher* **pitch**, *quieter* **loudness**, while **looking at the camera**, and *strong* **blinking**."
s4_fe_4,4,fear,4,I'm not along all the way,normal,higher,quieter,front,none,none,none,none,none,none,none,none,none,none,none,moderate,none,none,none,none,strong,none,"S04 said “I'm not along all the way”, with *normal* **speech rate**, *higher* **pitch**, *quieter* **loudness**, while **looking at the camera**, and *moderate* **downturned mouth corners** and *strong* **a dropped jaw**."
s4_fe_5,4,fear,5,"I've got nothing to give you, please don't hurt me!",normal,higher,normal,front,none,none,none,weak,none,none,none,none,none,none,none,none,none,none,none,none,weak,strong,"S04 said “I've got nothing to give you, please don't hurt me!”, with *normal* **speech rate**, *higher* **pitch**, *normal* **loudness**, while **looking at the camera**, and *weak* **lowered brows**, *weak* **a dropped jaw**, and *strong* **blinking**."
s4_ha_1,4,happiness,1,That's great! I'm rich now!,slow,higher,normal,front,none,moderate,moderate,none,none,moderate,none,none,moderate,none,weak,none,none,none,none,none,none,moderate,"S04 said “That's great! I'm rich now!”, with *slow* **speech rate**, *higher* **pitch**, *normal* **loudness**, while **looking at the camera**, and *moderate* **raised inner eyebrows**, *moderate* **raised outer eyebrows**, *moderate* **raised cheeks**, *moderate* **raised upper lip**, *weak* **a tight smile**, and *moderate* **blinking**."
s4_ha_2,4,happiness,2,I won't! This is great! I'm so happy!,normal,higher,louder,front,nodding,moderate,moderate,weak,moderate,none,none,none,none,weak,none,none,moderate,none,weak,none,strong,none,"S04 said “I won't! This is great! I'm so happy!”, with *normal* **speech rate**, *higher* **pitch**, *louder* **loudness**, while **looking at the camera**, while *nodding*, and *moderate* **raised inner eyebrows**, *moderate* **raised outer eyebrows**, *weak* **lowered brows**, *moderate* **raised upper eyelids**, *weak* **a smile**, *moderate* **raised chin**, *weak* **tightened lips**, and *strong* **a dropped jaw**."
s4_ha_3,4,happiness,3,Wow! This is so great!,normal,normal,louder,front,nodding,strong,strong,weak,none,none,none,none,none,weak,none,moderate,strong,none,none,none,none,none,"S04 said “Wow! This is so great!”, with *normal* **speech rate**, *normal* **pitch**, *louder* **loudness**, while **looking at the camera**, while *nodding*, and *strong* **raised inner eyebrows**, *strong* **raised outer eyebrows**, *weak* **lowered brows**, *weak* **a smile**, *moderate* **downturned mouth corners**, and *strong* **raised chin**."
s4_ha_4,4,happiness,4,I'm so lucky!,slow,normal,louder,front,nodding,strong,moderate,weak,none,weak,none,none,none,moderate,none,none,strong,none,none,none,none,moderate,"S04 said “I'm so lucky!”, with *slow* **speech rate**, *normal* **pitch**, *louder* **loudness**, while **looking at the camera**, while *nodding*, and *strong* **raised inner eyebrows**, *moderate* **raised outer eyebrows**, *weak* **lowered brows**, *weak* **raised cheeks**, *moderate* **a smile**, *strong* **raised chin**, and *moderate* **blinking**."
s4_ha_5,4,happiness,5,I'm so excited!,slow,normal,quieter,front,nodding,none,none,weak,weak,moderate,none,none,weak,strong,none,none,weak,none,none,none,strong,weak,"S04 said “I'm so excited!”, with *slow* **speech rate**, *normal* **pitch**, *quieter* **loudness**, while **looking at the camera**, while *nodding*, and *weak* **lowered brows**, *weak* **raised upper eyelids**, *moderate* **raised cheeks**, *weak* **raised upper lip**, *strong* **a smile**, *weak* **raised chin**, *strong* **a dropped jaw**, and *weak* **blinking**."
s4_sa_1,4,sadness,1,They want me to say no.,normal,lower,quieter,front,none,none,none,moderate,none,none,none,none,none,none,none,none,none,none,none,moderate,none,strong,"S04 said “They want me to say no.”, with *normal* **speech rate**, *lower* **pitch**, *quieter* **loudness**, while **looking at the camera**, and *moderate* **lowered brows**, *moderate* **parted lips**, and *strong* **blinking**."
s4_sa_2,4,sadness,2,"Oh no, tell me this is not true, please.",normal,normal,normal,front,none,none,none,weak,none,none,none,none,none,none,none,none,none,none,none,none,none,moderate,"S04 said “Oh no, tell me this is not true, please.”, with *normal* **speech rate**, *normal* **pitch**, *normal* **loudness**, while **looking at the camera**, and *weak* **lowered brows** and *moderate* **blinking**."
s4_sa_3,4,sadness,3,"Everything was so perfect, I just know that I'm the star.",fast,normal,normal,front,none,none,none,weak,none,none,none,none,none,none,none,none,none,none,weak,none,none,none,"S04 said “Everything was so perfect, I just know that I'm the star.”, with *fast* **speech rate**, *normal* **pitch**, *normal* **loudness**, while **looking at the camera**, and *weak* **lowered brows** and *weak* **tightened lips**."
s4_sa_4,4,sadness,4,I see love with him.,normal,normal,quieter,front,none,none,none,moderate,none,none,none,none,none,none,none,none,none,none,none,strong,none,none,"S04 said “I see love with him.”, with *normal* **speech rate**, *normal* **pitch**, *quieter* **loudness**, while **looking at the camera**, and *moderate* **lowered brows** and *strong* **parted lips**."
s4_sa_5,4,sadness,5,He was my life.,slow,lower,quieter,front,nodding,none,none,weak,none,none,none,none,none,none,none,none,none,none,none,strong,weak,strong,"S04 said “He was my life.”, with *slow* **speech rate**, *lower* **pitch**, *quieter* **loudness**, while **looking at the camera**, while *nodding*, and *weak* **lowered brows**, *strong* **parted lips**, *weak* **a dropped jaw**, and *strong* **blinking**."
s4_su_1,4,surprise,1,You have never told me that!,normal,normal,louder,front,none,none,weak,none,none,none,none,none,none,none,none,none,none,none,none,none,none,moderate,"S04 said “You have never told me that!”, with *normal* **speech rate**, *normal* **pitch**, *louder* **loudness**, while **looking at the camera**, and *weak* **raised outer eyebrows** and *moderate* **blinking**."
s4_su_2,4,surprise,2,I didn't expect it that.,normal,higher,normal,front,none,weak,weak,none,weak,none,none,none,none,none,none,none,none,none,moderate,none,weak,none,"S04 said “I didn't expect it that.”, with *normal* **speech rate**, *higher* **pitch**, *normal* **loudness**, while **looking at the camera**, and *weak* **raised inner eyebrows**, *weak* **raised outer eyebrows**, *weak* **raised upper eyelids**, *moderate* **tightened lips**, and *weak* **a dropped jaw**."
s4_su_3,4,surprise,3,"Wow, I never had to believe it.",normal,normal,louder,front,none,none,none,none,moderate,none,none,none,none,none,none,none,moderate,none,none,none,none,none,"S04 said “Wow, I never had to believe it.”, with *normal* **speech rate**, *normal* **pitch**, *louder* **loudness**, while **looking at the camera**, and *moderate* **raised upper eyelids** and *moderate* **raised chin**."
s4_su_4,4,surprise,4,And you're so dot -coming!,slow,lower,normal,front,none,none,none,none,none,none,none,none,none,none,none,none,none,none,none,none,none,strong,"S04 said “And you're so dot -coming!”, with *slow* **speech rate**, *lower* **pitch**, *normal* **loudness**, while **looking at the camera**, and *strong* **blinking**."
s4_su_5,4,surprise,5,"Oh my god, that's so weird!",normal,normal,louder,front,none,none,none,none,none,none,none,none,none,none,none,none,none,none,none,none,strong,moderate,"S04 said “Oh my god, that's so weird!”, with *normal* **speech rate**, *normal* **pitch**, *louder* **loudness**, while **looking at the camera**, and *strong* **a dropped jaw** and *moderate* **blinking**."
s5_an_1,5,anger,1,"What? No, no, no. I need this money.",normal,normal,louder,front,none,none,none,moderate,weak,none,none,none,none,none,none,none,weak,weak,none,none,none,weak,"S05 said “What? No, no, no. I need this money.”, with *normal* **speech rate**, *normal* **pitch**, *louder* **loudness**, while **looking at the camera**, and *moderate* **lowered brows**, *weak* **raised upper eyelids**, *weak* **raised chin**, *weak* **stretched lips**, and *weak* **blinking**."
s5_an_2,5,anger,2,"I don't care about your coffee, sir, me, please.",normal,lower,normal,front,none,none,none,moderate,weak,none,none,none,none,none,none,none,weak,none,weak,none,none,weak,"S05 said “I don't care about your coffee, sir, me, please.”, with *normal* **speech rate**, *lower* **pitch**, *normal* **loudness**, while **looking at the camera**, and *moderate* **lowered brows**, *weak* **raised upper eyelids**, *weak* **raised chin**, *weak* **tightened lips**, and *weak* **blinking**."
s5_an_3,5,anger,3,I can't have you far now.,normal,normal,louder,front,shaking,weak,weak,weak,moderate,none,none,none,none,none,none,none,weak,none,weak,none,none,none,"S05 said “I can't have you far now.”, with *normal* **speech rate**, *normal* **pitch**, *louder* **loudness**, while **looking at the camera**, while *shaking* their **head**, and *weak* **raised inner eyebrows**, *weak* **raised outer eyebrows**, *weak* **lowered brows**, *moderate* **raised upper eyelids**, *weak* **raised chin**, and *weak* **tightened lips**."
s5_an_4,5,anger,4,Is your coffee more important than my money?,normal,normal,louder,front,shaking,none,none,strong,none,none,none,none,none,none,none,none,moderate,weak,weak,none,none,none,"S05 said “Is your coffee more important than my money?”, with *normal* **speech rate**, *normal* **pitch**, *louder* **loudness**, while **looking at the camera**, while *shaking* their **head**, and *strong* **lowered brows**, *moderate* **raised chin**, *weak* **stretched lips**, and *weak* **tightened lips**."
s5_an_5,5,anger,5,"You're getting paid for work, not for taking coffee, okay?",normal,normal,normal,front,shaking,none,none,weak,none,none,none,none,none,none,none,none,weak,moderate,none,none,none,moderate,"S05 said “You're getting paid for work, not for taking coffee, okay?”, with *normal* **speech rate**, *normal* **pitch**, *normal* **loudness**, while **looking at the camera**, while *shaking* their **head**, and *weak* **lowered brows**, *weak* **raised chin**, *moderate* **stretched lips**, and *moderate* **blinking**."
s5_di_1,5,disgust,1,"That's horrible, I'll never eat noodles again.",slow,lower,normal,down,shaking,none,none,none,weak,none,strong,moderate,none,none,none,weak,none,weak,none,none,none,none,"S05 said “That's horrible, I'll never eat noodles again.”, with *slow* **speech rate**, *lower* **pitch**, *normal* **loudness**, while **looking at the camera**, while *shaking* their **head**, and *weak* **raised upper eyelids**, *strong* **tightened eyelids**, *moderate* **wrinkled nose**, *weak* **downturned mouth corners**, and *weak* **stretched lips**."
s5_di_2,5,disgust,2,Something is moving inside my plate.,slow,lower,normal,down,nodding,none,none,none,none,none,moderate,none,none,none,none,strong,moderate,none,moderate,none,none,none,"S05 said “Something is moving inside my plate.”, with *slow* **speech rate**, *lower* **pitch**, *normal* **loudness**, while **looking at the camera**, while *nodding*, and *moderate* **tightened eyelids**, *strong* **downturned mouth corners**, *moderate* **raised chin**, and *moderate* **tightened lips**."
s5_di_3,5,disgust,3,"Ah, I'm getting bruised.",normal,normal,louder,front,none,none,none,none,none,none,strong,none,weak,none,none,weak,none,none,none,none,none,none,"S05 said “Ah, I'm getting bruised.”, with *normal* **speech rate**, *normal* **pitch**, *louder* **loudness**, while **looking at the camera**, and *strong* **tightened eyelids**, *weak* **raised upper lip**, and *weak* **downturned mouth corners**."
s5_di_4,5,disgust,4,"eee, that's disgusting",slow,normal,normal,front,nodding,none,none,moderate,none,none,moderate,none,weak,none,none,none,none,weak,none,none,none,none,"S05 said “eee, that's disgusting”, with *slow* **speech rate**, *normal* **pitch**, *normal* **loudness**, while **looking at the camera**, while *nodding*, and *moderate* **lowered brows**, *moderate* **tightened eyelids**, *weak* **raised upper lip**, and *weak* **stretched lips**."
s5_di_5,5,disgust,5,That's gross.,slow,lower,quieter,front,none,none,none,weak,none,none,none,none,none,none,none,none,none,none,none,none,none,none,"S05 said “That's gross.”, with *slow* **speech rate**, *lower* **pitch**, *quieter* **loudness**, while **looking at the camera**, and *weak* **lowered brows**."
s5_fe_1,5,fear,1,"Oh my god, there is someone in the house",normal,normal,normal,front,none,none,none,none,none,none,none,none,none,none,none,none,none,none,none,none,none,none,"S05 said “Oh my god, there is someone in the house”, with *normal* **speech rate**, *normal* **pitch**, *normal* **loudness**, and while **looking at the camera**."
s5_fe_2,5,fear,2,Someone is cleaning upstairs.,normal,normal,normal,front,none,none,none,none,none,none,none,none,none,none,none,none,none,none,none,none,none,none,"S05 said “Someone is cleaning upstairs.”, with *normal* **speech rate**, *normal* **pitch**, *normal* **loudness**, and while **looking at the camera**."
s5_fe_3,5,fear,3,Please don't kill me.,slow,higher,quieter,front,none,none,none,moderate,none,none,none,none,none,none,none,none,none,none,weak,none,none,none,"S05 said “Please don't kill me.”, with *slow* **speech rate**, *higher* **pitch**, *quieter* **loudness**, while **looking at the camera**, and *moderate* **lowered brows** and *weak* **tightened lips**."
s5_fe_4,5,fear,4,I'm not alone go away,normal,higher,normal,front,none,none,none,strong,none,none,none,none,none,none,none,none,none,weak,none,none,none,moderate,"S05 said “I'm not alone go away”, with *normal* **speech rate**, *higher* **pitch**, *normal* **loudness**, while **looking at the camera**, and *strong* **lowered brows**, *weak* **stretched lips**, and *moderate* **blinking**."
s5_fe_5,5,fear,5,I have nothing to give you. Please don't hurt me.,normal,higher,louder,front,nodding,none,none,strong,none,none,none,none,none,none,none,none,none,moderate,weak,none,none,none,"S05 said “I have nothing to give you. Please don't hurt me.”, with *normal* **speech rate**, *higher* **pitch**, *louder* **loudness**, while **looking at the camera**, while *nodding*, and *strong* **lowered brows**, *moderate* **stretched lips**, and *weak* **tightened lips**."
s5_ha_1,5,happiness,1,That's great! I'm rich now!,slow,higher,louder,front,nodding,none,none,weak,none,weak,weak,none,weak,strong,none,none,none,none,none,none,none,moderate,"S05 said “That's great! I'm rich now!”, with *slow* **speech rate**, *higher* **pitch**, *louder* **loudness**, while **looking at the camera**, while *nodding*, and *weak* **lowered brows**, *weak* **raised cheeks**, *weak* **tightened eyelids**, *weak* **raised upper lip**, *strong* **a smile**, and *moderate* **blinking**."
s5_ha_2,5,happiness,2,I won! This is great! I'm happy now!,normal,higher,louder,front,none,none,none,moderate,weak,none,weak,none,none,moderate,none,none,none,moderate,moderate,none,strong,none,"S05 said “I won! This is great! I'm happy now!”, with *normal* **speech rate**, *higher* **pitch**, *louder* **loudness**, while **looking at the camera**, and *moderate* **lowered brows**, *weak* **raised upper eyelids**, *weak* **tightened eyelids**, *moderate* **a smile**, *moderate* **stretched lips**, *moderate* **tightened lips**, and *strong* **a dropped jaw**."
s5_ha_3,5,happiness,3,"Wow, this is so great!",normal,higher,normal,front,shaking,none,none,strong,none,none,none,none,none,weak,none,none,none,none,none,none,strong,moderate,"S05 said “Wow, this is so great!”, with *normal* **speech rate**, *higher* **pitch**, *normal* **loudness**, while **looking at the camera**, while *shaking* their **head**, and *strong* **lowered brows**, *weak* **a smile**, *strong* **a dropped jaw**, and *moderate* **blinking**."
s5_ha_4,5,happiness,4,I'm so lucky.,slow,higher,normal,front,none,none,none,moderate,weak,none,weak,none,none,moderate,none,none,strong,none,weak,none,weak,moderate,"S05 said “I'm so lucky.”, with *slow* **speech rate**, *higher* **pitch**, *normal* **loudness**, while **looking at the camera**, and *moderate* **lowered brows**, *weak* **raised upper eyelids**, *weak* **tightened eyelids**, *moderate* **a smile**, *strong* **raised chin**, *weak* **tightened lips**, *weak* **a dropped jaw**, and *moderate* **blinking**."
s5_ha_5,5,happiness,5,I'm so excited!,normal,higher,louder,front,none,none,none,none,none,none,weak,none,none,strong,none,none,moderate,none,moderate,none,moderate,none,"S05 said “I'm so excited!”, with *normal* **speech rate**, *higher* **pitch**, *louder* **loudness**, while **looking at the camera**, and *weak* **tightened eyelids**, *strong* **a smile**, *moderate* **raised chin**, *moderate* **tightened lips**, and *moderate* **a dropped jaw**."
s5_sa_1,5,sadness,1,Life won't be the same now.,normal,lower,quieter,down,nodding,none,none,strong,none,none,none,none,none,none,none,none,weak,weak,none,weak,none,none,"S05 said “Life won't be the same now.”, with *normal* **speech rate**, *lower* **pitch**, *quieter* **loudness**, while **looking at the camera**, while *nodding*, and *strong* **lowered brows**, *weak* **raised chin**, *weak* **stretched lips**, and *weak* **parted lips**."
s5_sa_2,5,sadness,2,"Oh no, tell me it's not true, please.",normal,lower,quieter,front,none,none,none,strong,none,none,none,none,none,none,none,none,none,none,none,weak,none,none,"S05 said “Oh no, tell me it's not true, please.”, with *normal* **speech rate**, *lower* **pitch**, *quieter* **loudness**, while **looking at the camera**, and *strong* **lowered brows** and *weak* **parted lips**."
s5_sa_3,5,sadness,3,Everything was so perfect. I can understand.,slow,lower,quieter,front,none,none,none,strong,none,none,none,none,none,none,none,none,none,weak,none,none,none,none,"S05 said “Everything was so perfect. I can understand.”, with *slow* **speech rate**, *lower* **pitch**, *quieter* **loudness**, while **looking at the camera**, and *strong* **lowered brows** and *weak* **stretched lips**."
s5_sa_4,5,sadness,4,I still love him.,slow,lower,quieter,front,nodding,none,none,moderate,none,none,none,none,none,none,none,none,none,weak,weak,moderate,none,none,"S05 said “I still love him.”, with *slow* **speech rate**, *lower* **pitch**, *quieter* **loudness**, while **looking at the camera**, while *nodding*, and *moderate* **lowered brows**, *weak* **stretched lips**, *weak* **tightened lips**, and *moderate* **parted lips**."
s5_sa_5,5,sadness,5,He was my dad.,slow,lower,quieter,front,nodding,none,none,moderate,none,none,none,none,none,none,none,none,none,none,none,weak,none,none,"S05 said “He was my dad.”, with *slow* **speech rate**, *lower* **pitch**, *quieter* **loudness**, while **looking at the camera**, while *nodding*, and *moderate* **lowered brows** and *weak* **parted lips**."
s5_su_1,5,surprise,1,You have never told me that!,normal,normal,normal,front,none,none,weak,strong,moderate,none,none,none,none,none,none,none,none,none,none,none,none,moderate,"S05 said “You have never told me that!”, with *normal* **speech rate**, *normal* **pitch**, *normal* **loudness**, while **looking at the camera**, and *weak* **raised outer eyebrows**, *strong* **lowered brows**, *moderate* **raised upper eyelids**, and *moderate* **blinking**."
s5_su_2,5,surprise,2,I didn't expect that.,slow,normal,normal,front,shaking,none,none,weak,none,none,none,none,none,none,none,none,none,none,weak,none,none,none,"S05 said “I didn't expect that.”, with *slow* **speech rate**, *normal* **pitch**, *normal* **loudness**, while **looking at the camera**, while *shaking* their **head**, and *weak* **lowered brows** and *weak* **tightened lips**."
s5_su_3,5,surprise,3,"Wow, I would have never believed that.",slow,lower,normal,front,nodding,none,none,moderate,none,none,none,none,none,none,none,none,weak,none,weak,none,none,moderate,"S05 said “Wow, I would have never believed that.”, with *slow* **speech rate**, *lower* **pitch**, *normal* **loudness**, while **looking at the camera**, while *nodding*, and *moderate* **lowered brows**, *weak* **raised chin**, *weak* **tightened lips**, and *moderate* **blinking**."
s5_su_4,5,surprise,4,I never saw that coming.,slow,normal,quieter,front,none,none,none,weak,none,none,none,none,none,none,none,none,none,none,none,none,none,moderate,"S05 said “I never saw that coming.”, with *slow* **speech rate**, *normal* **pitch**, *quieter* **loudness**, while **looking at the camera**, and *weak* **lowered brows** and *moderate* **blinking**."
s5_su_5,5,surprise,5,"Oh my god, that's so weird.",slow,lower,normal,front,nodding,none,none,strong,moderate,none,none,none,none,none,none,none,strong,none,none,none,none,strong,"S05 said “Oh my god, that's so weird.”, with *slow* **speech rate**, *lower* **pitch**, *normal* **loudness**, while **looking at the camera**, while *nodding*, and *strong* **lowered brows**, *moderate* **raised upper eyelids**, *strong* **raised chin**, and *strong* **blinking**."
s6_an,6,anger,1,"I don't know how you feel. Mmm, what? No, no, no, listen. I need this money. I don't care about your coffee. Please serve me. You did extremely well. You're not giving me the camera. Yes, serve me. I need to... What? What? What? I'm trying to do a blouse. Okay. What? Okay, let's try to do it. You have to move too much. You have to move down here. I'm just completely outside of the camera. So I have to memorize. I need the camera all the time. When you speak. It's okay? What? I know. I know. No, no, listen to me. I want. I need this fucking money. What? Okay. Okay. And... I don't care about your coffee. No, please. Please, serve me. I can have a fire now. What? Is your coffee more important than my money? You're getting paid to work and not to drink coffee. Okay? Yeah.",slow,normal,normal,front,nodding,moderate,moderate,none,weak,none,none,weak,weak,none,none,weak,strong,weak,moderate,strong,weak,none,"SPEAKER said “I don't know how you feel.”, with *fast* **speech rate**, *normal* **pitch**, *normal* **loudness**, while **looking at the camera**, and *weak* **raised upper eyelids** and *moderate* **downturned mouth corners**. After a *long* **pause**, SPEAKER continued “Mmm, what?”, with *slow* **speech rate**, *normal* **pitch**, *normal* **loudness**, while **looking at the camera**, while *nodding*, and *weak* **raised inner eyebrows**, *strong* **lowered brows**, *moderate* **wrinkled nose**, *strong* **downturned mouth corners**, *strong* **a dropped jaw**, and *strong* **blinking**. After a *long* **pause**, SPEAKER continued “No, no, no, listen.”, with *normal* **speech rate**, *normal* **pitch**, *normal* **loudness**, while **looking at the camera**, while *nodding*, and *strong* **raised inner eyebrows**, *moderate* **raised outer eyebrows**, *strong* **raised upper lip**, *moderate* **a smile**, *weak* **raised chin**, and *weak* **blinking**. After a *long* **pause**, SPEAKER continued “I need this money.”, with *normal* **speech rate**, *normal* **pitch**, *normal* **loudness**, while **looking at the camera**, and *strong* **raised inner eyebrows**, *moderate* **raised outer eyebrows**, *weak* **raised upper eyelids**, *strong* **raised upper lip**, *weak* **a smile**, *moderate* **raised chin**, *strong* **parted lips**, and *weak* **a dropped jaw**. After a *long* **pause**, SPEAKER continued “I don't care about your coffee. Please serve me. You did extremely well. You're not giving me the camera. Yes, serve me. I need to...”, with *slow* **speech rate**, *normal* **pitch**, *normal* **loudness**, while **looking at the camera**, while *nodding*, and *moderate* **raised inner eyebrows**, *weak* **wrinkled nose**, *moderate* **raised upper lip**, *weak* **downturned mouth corners**, and *moderate* **parted lips**. After a *long* **pause**, SPEAKER continued “What?”, with *normal* **speech rate**, *normal* **pitch**, *normal* **loudness**, and while **looking at the camera**. SPEAKER then said “What? What?”, with *normal* **speech rate**, *normal* **pitch**, *normal* **loudness**, while **looking at the camera**, and *moderate* **raised inner eyebrows**, *strong* **raised outer eyebrows**, *moderate* **raised upper eyelids**, *strong* **raised chin**, and *weak* **parted lips**. SPEAKER then said “I'm trying to do a blouse. Okay. What?”, with *slow* **speech rate**, *normal* **pitch**, *normal* **loudness**, while **looking at the camera**, and *moderate* **lowered brows**, *moderate* **wrinkled nose**, *moderate* **raised upper lip**, *weak* **a tight smile**, *weak* **raised chin**, *weak* **stretched lips**, *strong* **tightened lips**, and *moderate* **a dropped jaw**. After a *long* **pause**, SPEAKER continued “Okay, let's try to do it. You have to move too much. You have to move down here. I'm just completely outside of the camera. So I have to memorize. I need the camera all the time. When you speak.”, with *normal* **speech rate**, *normal* **pitch**, *normal* **loudness**, while **looking at the camera**, while *shaking* their **head**, and *weak* **lowered brows**, *weak* **raised cheeks**, *weak* **wrinkled nose**, *weak* **raised upper lip**, *moderate* **a smile**, *strong* **a tight smile**, *strong* **raised chin**, *moderate* **stretched lips**, *strong* **tightened lips**, and *weak* **blinking**. After a *long* **pause**, SPEAKER continued “It's okay? What? I know.”, with *slow* **speech rate**, *normal* **pitch**, *normal* **loudness**, while **looking at the camera**, while *nodding*, and *moderate* **raised inner eyebrows**, *weak* **wrinkled nose**, *moderate* **downturned mouth corners**, and *weak* **stretched lips**. After a *long* **pause**, SPEAKER continued “I know.”, with *slow* **speech rate**, *normal* **pitch**, *normal* **loudness**, while **looking at the camera**, while *nodding*, and *strong* **wrinkled nose**, *strong* **stretched lips**, and *moderate* **parted lips**. SPEAKER then said “No, no, listen to me. I want. I need this fucking money.”, with *slow* **speech rate**, *normal* **pitch**, *normal* **loudness**, while **looking at the camera**, while *nodding*, and *strong* **raised inner eyebrows**, *moderate* **raised outer eyebrows**, *moderate* **raised upper eyelids**, *moderate* **raised upper lip**, *weak* **downturned mouth corners**, *moderate* **raised chin**, *strong* **stretched lips**, and *strong* **parted lips**. SPEAKER then said “What? Okay.”, with *slow* **speech rate**, *normal* **pitch**, *normal* **loudness**, **gaze** *averted* (downwards), while *nodding*, and *strong* **lowered brows**, *moderate* **wrinkled nose**, *strong* **raised chin**, *moderate* **stretched lips**, and *strong* **blinking**. After a *long* **pause**, SPEAKER continued “Okay.”, with *fast* **speech rate**, *normal* **pitch**, *normal* **loudness**, and *strong* **raised inner eyebrows**, *moderate* **lowered brows**, *strong* **downturned mouth corners**, *weak* **raised chin**, *strong* **parted lips**, and *moderate* **blinking**. SPEAKER then said “And...”, with *slow* **speech rate**, *normal* **pitch**, *normal* **loudness**, while **looking at the camera**, and *moderate* **lowered brows**, *weak* **raised cheeks**, *moderate* **wrinkled nose**, *weak* **raised upper lip**, *strong* **a tight smile**, *weak* **raised chin**, *weak* **parted lips**, and *strong* **blinking**. After a *long* **pause**, SPEAKER continued “I don't care about your coffee. No, please. Please, serve me.”, with *slow* **speech rate**, *normal* **pitch**, *normal* **loudness**, while **looking at the camera**, while *nodding*, and *strong* **raised inner eyebrows**, *strong* **raised outer eyebrows**, *strong* **raised upper eyelids**, *moderate* **raised upper lip**, *moderate* **a smile**, *moderate* **raised chin**, *weak* **stretched lips**, and *strong* **blinking**. SPEAKER then said “I can have a fire now.”, with *normal* **speech rate**, *normal* **pitch**, *normal* **loudness**, while **looking at the camera**, and *strong* **raised outer eyebrows**, *moderate* **raised upper eyelids**, *weak* **raised cheeks**, *moderate* **wrinkled nose**, *strong* **raised upper lip**, *moderate* **a smile**, *weak* **downturned mouth corners**, *strong* **raised chin**, and *strong* **a dropped jaw**. SPEAKER then said “What? Is your coffee more important than my money?”, with *slow* **speech rate**, *normal* **pitch**, *normal* **loudness**, while **looking at the camera**, while *nodding*, and *strong* **raised upper eyelids**, *moderate* **a smile**, *weak* **downturned mouth corners**, *strong* **raised chin**, and *weak* **a dropped jaw**. SPEAKER then said “You're getting paid to work and not to drink coffee.”, with *normal* **speech rate**, *normal* **pitch**, *normal* **loudness**, while **looking at the camera**, while *nodding*, and *weak* **raised inner eyebrows**, *moderate* **raised upper eyelids**, *strong* **wrinkled nose**, *strong* **raised upper lip**, *weak* **downturned mouth corners**, and *moderate* **raised chin**. SPEAKER then said “Okay? Yeah.”, with *slow* **speech rate**, *normal* **pitch**, *normal* **loudness**, while **looking at the camera**, and *strong* **downturned mouth corners**, *strong* **raised chin**, and *moderate* **parted lips**."
s6_di,6,disgust,1,"Oh, yeah, but I don't know. That's horrible! I will never get noodles again! Something's moving inside my plate! The cold crooch! Hmm, weak! This is disgusting! That's gross! That's horrible! I will never eat noodles again! It's not there! Something's moving in my plate! The cold crooch! It's disgusting! That's gross!",slow,normal,normal,front,nodding,weak,none,none,weak,weak,none,moderate,moderate,none,none,none,moderate,moderate,weak,none,moderate,strong,"SPEAKER said “Oh, yeah, but I don't know.”, with *fast* **speech rate**, *normal* **pitch**, *normal* **loudness**, while **looking at the camera**, and *weak* **a tight smile** and *weak* **stretched lips**. SPEAKER then said “That's horrible! I will never get noodles again!”, with *slow* **speech rate**, *normal* **pitch**, *normal* **loudness**, while **looking at the camera**, while *nodding*, and *weak* **raised inner eyebrows**, *weak* **raised outer eyebrows**, *weak* **lowered brows**, *weak* **raised upper eyelids**, *moderate* **raised cheeks**, *weak* **tightened eyelids**, *weak* **wrinkled nose**, *strong* **raised upper lip**, *moderate* **a smile**, *weak* **raised chin**, *moderate* **a dropped jaw**, and *strong* **blinking**. SPEAKER then said “Something's moving inside my plate!”, with *slow* **speech rate**, *normal* **pitch**, *normal* **loudness**, while **looking at the camera**, while *nodding*, and *strong* **raised inner eyebrows**, *weak* **raised outer eyebrows**, *strong* **raised upper eyelids**, *weak* **raised cheeks**, *strong* **raised upper lip**, *moderate* **a smile**, *moderate* **a tight smile**, *strong* **raised chin**, *strong* **stretched lips**, and *strong* **parted lips**. SPEAKER then said “The cold crooch! Hmm,”, with *slow* **speech rate**, *normal* **pitch**, *normal* **loudness**, while **looking at the camera**, while *nodding*, and *moderate* **tightened eyelids**, *moderate* **wrinkled nose**, *weak* **downturned mouth corners**, *strong* **tightened lips**, and *moderate* **blinking**. After a *long* **pause**, SPEAKER continued “weak! This is disgusting!”, with *slow* **speech rate**, *normal* **pitch**, *normal* **loudness**, while **looking at the camera**, while *nodding*, and *weak* **lowered brows**, *moderate* **raised upper eyelids**, *strong* **raised cheeks**, *strong* **tightened eyelids**, *strong* **wrinkled nose**, *strong* **a smile**, *moderate* **a tight smile**, *strong* **stretched lips**, and *strong* **a dropped jaw**. SPEAKER then said “That's gross!”, with *slow* **speech rate**, *normal* **pitch**, *normal* **loudness**, while **looking at the camera**, and *moderate* **lowered brows**, *moderate* **tightened eyelids**, *strong* **raised upper lip**, *weak* **a tight smile**, and *strong* **parted lips**. After a *long* **pause**, SPEAKER continued “That's horrible!”, with *slow* **speech rate**, *normal* **pitch**, *normal* **loudness**, while **looking at the camera**, while *nodding*, and *weak* **raised outer eyebrows**, *weak* **lowered brows**, *weak* **raised upper eyelids**, *weak* **raised cheeks**, *strong* **raised upper lip**, *moderate* **raised chin**, *strong* **a dropped jaw**, and *strong* **blinking**. After a *long* **pause**, SPEAKER continued “I will never eat noodles again! It's not there! Something's moving in my plate!”, with *slow* **speech rate**, *normal* **pitch**, *normal* **loudness**, while **looking at the camera**, while *nodding*, and *moderate* **raised inner eyebrows**, *moderate* **raised outer eyebrows**, *weak* **raised cheeks**, *strong* **wrinkled nose**, *strong* **raised upper lip**, *strong* **raised chin**, *moderate* **tightened lips**, *strong* **parted lips**, and *strong* **blinking**. SPEAKER then said “The cold crooch!”, with *slow* **speech rate**, *normal* **pitch**, *normal* **loudness**, while **looking at the camera**, while *nodding*, and *moderate* **lowered brows**, *weak* **raised upper eyelids**, *strong* **wrinkled nose**, *weak* **raised upper lip**, *moderate* **downturned mouth corners**, *weak* **parted lips**, *weak* **a dropped jaw**, and *strong* **blinking**. SPEAKER then said “It's disgusting!”, with *slow* **speech rate**, *normal* **pitch**, *normal* **loudness**, while **looking at the camera**, and *strong* **raised cheeks**, *weak* **tightened eyelids**, and *weak* **a smile**. SPEAKER then said “That's gross!”, with *slow* **speech rate**, *normal* **pitch**, *normal* **loudness**, while **looking at the camera**, while *nodding*, and *moderate* **raised cheeks**, *moderate* **raised chin**, *weak* **tightened lips**, *moderate* **a dropped jaw**, and *moderate* **blinking**."
s6_fe,6,fear,1,"Good! Anyway, it could be, it could be in the stomach. Fear. What? Oh my God! There's someone in the house! Someone is climbing the stairs! No! Please, don't kill me! What? I'm not alone! Get away! I have nothing to give you! Please forgive me! No, don't, don't hurt me! No! Okay!",slow,normal,normal,front,nodding,moderate,moderate,moderate,weak,weak,none,moderate,strong,weak,none,none,moderate,moderate,moderate,moderate,none,weak,"SPEAKER said “Good! Anyway, it could be, it could be in the stomach.”, with *normal* **speech rate**, *normal* **pitch**, *normal* **loudness**, while **looking at the camera**, and *moderate* **raised cheeks**, *moderate* **raised upper lip**, *strong* **a smile**, *strong* **a tight smile**, *weak* **stretched lips**, and *strong* **tightened lips**. After a *long* **pause**, SPEAKER continued “Fear.”, with *slow* **speech rate**, *normal* **pitch**, *normal* **loudness**, while **looking at the camera**, and *weak* **raised inner eyebrows**, *weak* **wrinkled nose**, *strong* **raised chin**, and *strong* **a dropped jaw**. After a *long* **pause**, SPEAKER continued “What?”, with *fast* **speech rate**, *normal* **pitch**, *normal* **loudness**, and **gaze** *averted* (to their right). SPEAKER then said “Oh my God!”, with *slow* **speech rate**, *normal* **pitch**, *normal* **loudness**, while **looking at the camera**, and *strong* **raised inner eyebrows**, *strong* **raised upper eyelids**, *weak* **raised chin**, and *strong* **parted lips**. After a *long* **pause**, SPEAKER continued “There's someone in the house!”, with *normal* **speech rate**, *normal* **pitch**, *normal* **loudness**, while **looking at the camera**, while *shaking* their **head**, and *strong* **raised inner eyebrows**, *strong* **raised outer eyebrows**, *moderate* **lowered brows**, *weak* **raised upper eyelids**, *strong* **downturned mouth corners**, *strong* **raised chin**, and *strong* **stretched lips**. SPEAKER then said “Someone is climbing the stairs!”, with *slow* **speech rate**, *normal* **pitch**, *normal* **loudness**, while **looking at the camera**, while *nodding*, and *strong* **raised inner eyebrows**, *strong* **raised outer eyebrows**, *strong* **raised upper eyelids**, *moderate* **raised upper lip**, *weak* **a smile**, *moderate* **raised chin**, and *strong* **parted lips**. SPEAKER then said “No!”, with *slow* **speech rate**, *normal* **pitch**, *normal* **loudness**, while **looking at the camera**, and *strong* **raised inner eyebrows**, *weak* **raised outer eyebrows**, *strong* **tightened lips**, *weak* **a dropped jaw**, and *strong* **blinking**. After a *long* **pause**, SPEAKER continued “Please, don't kill me! What?”, with *slow* **speech rate**, *normal* **pitch**, *normal* **loudness**, while **looking at the camera**, and *moderate* **raised inner eyebrows**, *weak* **raised outer eyebrows**, *moderate* **lowered brows**, *moderate* **wrinkled nose**, *strong* **raised upper lip**, *strong* **downturned mouth corners**, *strong* **stretched lips**, *weak* **tightened lips**, *moderate* **parted lips**, and *weak* **blinking**. SPEAKER then said “I'm not alone! Get away!”, with *slow* **speech rate**, *normal* **pitch**, *normal* **loudness**, while **looking at the camera**, while *nodding*, and *strong* **raised inner eyebrows**, *moderate* **raised outer eyebrows**, *weak* **raised upper eyelids**, *strong* **raised upper lip**, *moderate* **downturned mouth corners**, *strong* **raised chin**, *weak* **stretched lips**, *moderate* **parted lips**, and *moderate* **a dropped jaw**. SPEAKER then said “I have nothing to give you! Please forgive me! No, don't, don't hurt me!”, with *slow* **speech rate**, *normal* **pitch**, *normal* **loudness**, while **looking at the camera**, while *nodding*, and *weak* **raised inner eyebrows**, *weak* **raised outer eyebrows**, *strong* **lowered brows**, *weak* **raised upper eyelids**, *strong* **raised cheeks**, *weak* **tightened eyelids**, *weak* **a smile**, *weak* **a tight smile**, *moderate* **stretched lips**, *moderate* **parted lips**, and *moderate* **blinking**. SPEAKER then said “No!”, with *slow* **speech rate**, *normal* **pitch**, *normal* **loudness**, while **looking at the camera**, and *weak* **raised inner eyebrows**, *moderate* **raised cheeks**, *strong* **tightened eyelids**, *moderate* **wrinkled nose**, and *strong* **parted lips**. SPEAKER then said “Okay!”, with *slow* **speech rate**, *normal* **pitch**, *normal* **loudness**, while **looking at the camera**, and *weak* **raised cheeks**, *strong* **raised upper lip**, *weak* **a smile**, *moderate* **a tight smile**, *moderate* **raised chin**, *weak* **stretched lips**, and *strong* **tightened lips**."
s6_ha,6,happiness,1,"You just won the lottery and you're not surprised, you're just happy. Yeah. Woohoo! That's great! I'm rich now. You're able to win the race? I won! This is great! I'm so happy! This is very hard to be happy. Wow! That's great! I'm so lucky! And I'm so excited... I'm so excited about being rich. Wow! I'm so excited! You just can't hide it obviously. I'm so excited! Okay?",slow,normal,normal,front,none,weak,weak,none,weak,weak,none,moderate,moderate,strong,moderate,weak,moderate,none,weak,weak,none,moderate,"SPEAKER said “You just won the lottery and you're not surprised, you're just happy. Yeah.”, with *slow* **speech rate**, *normal* **pitch**, *normal* **loudness**, while **looking at the camera**, and *weak* **lowered brows**, *moderate* **wrinkled nose**, *moderate* **downturned mouth corners**, *strong* **raised chin**, *moderate* **stretched lips**, and *moderate* **blinking**. SPEAKER then said “Woohoo!”, with *slow* **speech rate**, *normal* **pitch**, *normal* **loudness**, while **looking at the camera**, and *strong* **raised outer eyebrows**, *moderate* **raised upper eyelids**, *strong* **a smile**, *weak* **a tight smile**, *moderate* **raised chin**, and *moderate* **a dropped jaw**. SPEAKER then said “That's great! I'm rich now.”, with *slow* **speech rate**, *normal* **pitch**, *normal* **loudness**, while **looking at the camera**, and *weak* **lowered brows**, *weak* **raised cheeks**, *weak* **wrinkled nose**, *strong* **raised upper lip**, *strong* **a smile**, *strong* **a tight smile**, *strong* **downturned mouth corners**, *moderate* **raised chin**, *moderate* **tightened lips**, and *strong* **parted lips**. SPEAKER then said “You're able to win the race?”, with *normal* **speech rate**, *normal* **pitch**, *normal* **loudness**, while **looking at the camera**, while *nodding*, and *strong* **lowered brows**, *weak* **wrinkled nose**, *strong* **a tight smile**, *moderate* **parted lips**, and *strong* **blinking**. SPEAKER then said “I won!”, with *slow* **speech rate**, *normal* **pitch**, *normal* **loudness**, while **looking at the camera**, and *strong* **raised outer eyebrows**, *moderate* **raised upper eyelids**, *moderate* **raised upper lip**, *moderate* **a smile**, *strong* **downturned mouth corners**, *moderate* **raised chin**, *strong* **parted lips**, *strong* **a dropped jaw**, and *moderate* **blinking**. After a *long* **pause**, SPEAKER continued “This is great! I'm so happy! This is very hard to be happy.”, with *slow* **speech rate**, *normal* **pitch**, *normal* **loudness**, while **looking at the camera**, while *nodding*, and *weak* **raised inner eyebrows**, *weak* **lowered brows**, *strong* **raised cheeks**, *weak* **tightened eyelids**, *strong* **wrinkled nose**, *strong* **raised upper lip**, *strong* **a tight smile**, *weak* **tightened lips**, *strong* **parted lips**, and *strong* **blinking**. After a *long* **pause**, SPEAKER continued “Wow! That's great!”, with *slow* **speech rate**, *normal* **pitch**, *normal* **loudness**, while **looking at the camera**, while *nodding*, and *strong* **raised inner eyebrows**, *strong* **raised outer eyebrows**, *strong* **raised upper eyelids**, *weak* **raised upper lip**, *strong* **a smile**, *moderate* **a tight smile**, *strong* **downturned mouth corners**, *strong* **raised chin**, *moderate* **a dropped jaw**, and *strong* **blinking**. After a *long* **pause**, SPEAKER continued “I'm so lucky!”, with *slow* **speech rate**, *normal* **pitch**, *normal* **loudness**, while **looking at the camera**, while *nodding*, and *moderate* **raised inner eyebrows**, *weak* **raised outer eyebrows**, *moderate* **raised upper eyelids**, *moderate* **raised cheeks**, *weak* **wrinkled nose**, *strong* **raised upper lip**, *strong* **a smile**, *moderate* **a tight smile**, *strong* **parted lips**, *weak* **a dropped jaw**, and *moderate* **blinking**. After a *long* **pause**, SPEAKER continued “And I'm so excited...”, with *slow* **speech rate**, *normal* **pitch**, *normal* **loudness**, while **looking at the camera**, and *moderate* **lowered brows**, *moderate* **raised upper eyelids**, *moderate* **raised cheeks**, *strong* **wrinkled nose**, *strong* **raised upper lip**, *moderate* **a smile**, *weak* **a tight smile**, and *moderate* **parted lips**. SPEAKER then said “I'm so excited about being rich.”, with *slow* **speech rate**, *normal* **pitch**, *normal* **loudness**, while **looking at the camera**, and *moderate* **lowered brows**, *moderate* **raised upper eyelids**, *weak* **raised cheeks**, *strong* **wrinkled nose**, *moderate* **raised upper lip**, *strong* **downturned mouth corners**, *moderate* **raised chin**, *strong* **tightened lips**, and *weak* **parted lips**. After a *long* **pause**, SPEAKER continued “Wow!”, with *slow* **speech rate**, *normal* **pitch**, *normal* **loudness**, while **looking at the camera**, and *strong* **lowered brows**, *moderate* **downturned mouth corners**, *strong* **raised chin**, and *strong* **stretched lips**. After a *long* **pause**, SPEAKER continued “I'm so excited! You just can't hide it obviously.”, with *slow* **speech rate**, *normal* **pitch**, *normal* **loudness**, while **looking at the camera**, and *weak* **raised inner eyebrows**, *moderate* **raised cheeks**, *moderate* **raised upper lip**, *moderate* **raised chin**, *moderate* **stretched lips**, *strong* **tightened lips**, and *strong* **blinking**. After a *long* **pause**, SPEAKER continued “I'm so excited!”, with *slow* **speech rate**, *normal* **pitch**, *normal* **loudness**, while **looking at the camera**, while *nodding*, and *strong* **raised inner eyebrows**, *strong* **raised outer eyebrows**, *moderate* **raised upper eyelids**, *moderate* **a smile**, *weak* **a tight smile**, *weak* **parted lips**, *weak* **a dropped jaw**, and *moderate* **blinking**. After a *long* **pause**, SPEAKER continued “Okay?”, with *slow* **speech rate**, *normal* **pitch**, *normal* **loudness**, while **looking at the camera**, and *strong* **lowered brows**, *moderate* **raised cheeks**, *moderate* **a tight smile**, *strong* **downturned mouth corners**, *strong* **raised chin**, *moderate* **stretched lips**, and *moderate* **tightened lips**."
s6_sa,6,sadness,1,"Just broke up? No, just broke up with your boyfriend. I think you would rather be the one getting the best. Life won't be the same now. Oh no, not the half. Oh no, tell me this is not true. Please. Oh, she's gone forever. Everything was so perfect. I just don't understand. Why? Why she's gone? Why? I was so cool and... I still loved him. I mean her, excuse me. He's not something about you. He's still about him. She was my life. And now he's got him alone. Oh my god, why? Come back. To be continued...",slow,normal,normal,front,nodding,weak,weak,strong,none,moderate,moderate,moderate,moderate,weak,none,none,weak,none,weak,strong,none,weak,"SPEAKER said “Just broke up? No, just broke up with your boyfriend.”, with *normal* **speech rate**, *normal* **pitch**, *normal* **loudness**, while **looking at the camera**, and *strong* **raised inner eyebrows**, *strong* **raised outer eyebrows**, *moderate* **raised upper eyelids**, *strong* **downturned mouth corners**, *moderate* **raised chin**, *moderate* **tightened lips**, and *strong* **blinking**. After a *long* **pause**, SPEAKER continued “I think you would rather be the one getting the best.”, with *fast* **speech rate**, *normal* **pitch**, *normal* **loudness**, while **looking at the camera**, and *weak* **downturned mouth corners**, *moderate* **stretched lips**, and *strong* **tightened lips**. SPEAKER then said “Life won't be the same now.”, with *normal* **speech rate**, *normal* **pitch**, *normal* **loudness**, while **looking at the camera**, and *weak* **raised inner eyebrows**, *strong* **raised cheeks**, *strong* **tightened eyelids**, *weak* **wrinkled nose**, *strong* **raised upper lip**, *moderate* **a smile**, *moderate* **downturned mouth corners**, and *weak* **a dropped jaw**. After a *long* **pause**, SPEAKER continued “Oh no, not the half.”, with *normal* **speech rate**, *normal* **pitch**, *normal* **loudness**, while **looking at the camera**, while *nodding*, and *moderate* **raised inner eyebrows**, *moderate* **raised outer eyebrows**, *strong* **lowered brows**, *moderate* **raised cheeks**, *strong* **raised upper lip**, *strong* **a smile**, *moderate* **a tight smile**, *moderate* **tightened lips**, and *strong* **parted lips**. After a *long* **pause**, SPEAKER continued “Oh no, tell me this is not true. Please. Oh, she's gone forever.”, with *slow* **speech rate**, *normal* **pitch**, *normal* **loudness**, while **looking at the camera**, while *nodding*, and *weak* **raised inner eyebrows**, *strong* **lowered brows**, *strong* **raised cheeks**, *moderate* **tightened eyelids**, *moderate* **wrinkled nose**, *strong* **raised upper lip**, *weak* **a smile**, *weak* **a tight smile**, *moderate* **downturned mouth corners**, *moderate* **raised chin**, *moderate* **stretched lips**, *strong* **parted lips**, and *weak* **blinking**. SPEAKER then said “Everything was so perfect.”, with *slow* **speech rate**, *normal* **pitch**, *normal* **loudness**, while **looking at the camera**, and *strong* **raised inner eyebrows**, *strong* **raised outer eyebrows**, *weak* **raised upper eyelids**, *weak* **raised upper lip**, *moderate* **a smile**, *weak* **raised chin**, and *moderate* **parted lips**. SPEAKER then said “I just don't understand. Why? Why she's gone? Why? I was so cool and...”, with *slow* **speech rate**, *normal* **pitch**, *normal* **loudness**, while **looking at the camera**, while *nodding*, and *weak* **raised inner eyebrows**, *weak* **raised outer eyebrows**, *strong* **raised cheeks**, *moderate* **tightened eyelids**, *moderate* **wrinkled nose**, *strong* **raised upper lip**, *moderate* **a smile**, *moderate* **a tight smile**, *strong* **parted lips**, and *strong* **blinking**. After a *long* **pause**, SPEAKER continued “I still loved him. I mean her, excuse me.”, with *normal* **speech rate**, *normal* **pitch**, *normal* **loudness**, while **looking at the camera**, and *moderate* **raised inner eyebrows**, *strong* **raised outer eyebrows**, *moderate* **raised upper eyelids**, *weak* **raised chin**, *moderate* **parted lips**, and *weak* **blinking**. SPEAKER then said “He's not something about you. He's still about him.”, with *normal* **speech rate**, *normal* **pitch**, *normal* **loudness**, while **looking at the camera**, while *nodding*, and *weak* **raised outer eyebrows**, *strong* **lowered brows**, *moderate* **raised cheeks**, *moderate* **raised upper lip**, *moderate* **a smile**, *strong* **parted lips**, and *moderate* **a dropped jaw**. SPEAKER then said “She was my life.”, with *slow* **speech rate**, *normal* **pitch**, *normal* **loudness**, while **looking at the camera**, and *moderate* **raised inner eyebrows**, *moderate* **raised outer eyebrows**, *strong* **lowered brows**, *weak* **raised cheeks**, *weak* **tightened eyelids**, *weak* **wrinkled nose**, *moderate* **raised upper lip**, *weak* **downturned mouth corners**, *weak* **raised chin**, *strong* **tightened lips**, and *strong* **parted lips**. After a *long* **pause**, SPEAKER continued “And now he's got him alone. Oh my god, why? Come back.”, with *slow* **speech rate**, *normal* **pitch**, *normal* **loudness**, while **looking at the camera**, while *tilting* their **head**, and *strong* **raised cheeks**, *weak* **a smile**, *weak* **downturned mouth corners**, and *weak* **a dropped jaw**. SPEAKER then said “To be continued...”, with *normal* **speech rate**, *normal* **pitch**, *normal* **loudness**, while **looking at the camera**, and *strong* **tightened eyelids**, *strong* **wrinkled nose**, *moderate* **raised upper lip**, *strong* **a tight smile**, and *strong* **parted lips**."
s6_su,6,surprise,1,"Oh my god, I'm gay, I'm not one of the best friends. Hey, what? What? Crosswise gay? Wow, this is a surprise. You have never told me that. Why? Hey, and how? How much and how long? I didn't expect that. Wow. I would never have believed that. Oh my goodness. Oh my god. Ah. I never saw that coming. But when, with who, and how, and when, and where? Oh my god, this is so weird. Tell me more. Is it finished? Not about now, you have to say the first one without the name. What? The first sentence without the name. Without the name? You have never told me that? Ah, okay, okay. Okay.",slow,normal,normal,front,nodding,weak,none,none,moderate,none,none,weak,none,none,none,weak,moderate,weak,weak,strong,none,weak,"SPEAKER said “Oh my god, I'm gay, I'm not one of the best friends.”, with *normal* **speech rate**, *normal* **pitch**, *normal* **loudness**, while **looking at the camera**, while *nodding*, and *moderate* **raised inner eyebrows**, *moderate* **raised outer eyebrows**, *moderate* **wrinkled nose**, *weak* **a smile**, *weak* **downturned mouth corners**, *weak* **raised chin**, *strong* **parted lips**, and *strong* **a dropped jaw**. After a *long* **pause**, SPEAKER continued “Hey, what?”, with *slow* **speech rate**, *normal* **pitch**, *normal* **loudness**, **gaze** *averted* (to their right), and *weak* **raised outer eyebrows**, *moderate* **lowered brows**, *weak* **parted lips**, *strong* **a dropped jaw**, and *moderate* **blinking**. After a *long* **pause**, SPEAKER continued “What? Crosswise gay?”, with *slow* **speech rate**, *normal* **pitch**, *normal* **loudness**, while **looking at the camera**, while *nodding*, and *moderate* **raised inner eyebrows**, *moderate* **raised outer eyebrows**, *moderate* **raised upper eyelids**, *weak* **raised upper lip**, *moderate* **a smile**, *strong* **raised chin**, *strong* **tightened lips**, and *weak* **parted lips**. After a *medium* **pause**, SPEAKER continued “Wow, this is a surprise.”, with *slow* **speech rate**, *normal* **pitch**, *normal* **loudness**, while **looking at the camera**, while *nodding*, and *weak* **lowered brows**, *moderate* **wrinkled nose**, *strong* **raised chin**, *moderate* **tightened lips**, *weak* **parted lips**, and *strong* **a dropped jaw**. SPEAKER then said “You have never told me that. Why? Hey, and how?”, with *slow* **speech rate**, *normal* **pitch**, *normal* **loudness**, while **looking at the camera**, while *nodding*, and *strong* **raised inner eyebrows**, *strong* **raised outer eyebrows**, *moderate* **raised upper eyelids**, *moderate* **downturned mouth corners**, *strong* **raised chin**, *weak* **stretched lips**, and *weak* **parted lips**. After a *long* **pause**, SPEAKER continued “How much and how long?”, with *normal* **speech rate**, *normal* **pitch**, *normal* **loudness**, while **looking at the camera**, while *nodding*, and *weak* **downturned mouth corners** and *weak* **a dropped jaw**. After a *medium* **pause**, SPEAKER continued “I didn't expect that.”, with *slow* **speech rate**, *normal* **pitch**, *normal* **loudness**, while **looking at the camera**, while *nodding*, and *moderate* **lowered brows**, *moderate* **raised cheeks**, *moderate* **raised upper lip**, *moderate* **a smile**, *strong* **a tight smile**, *weak* **raised chin**, *strong* **stretched lips**, *weak* **tightened lips**, *weak* **a dropped jaw**, and *weak* **blinking**. SPEAKER then said “Wow.”, with *slow* **speech rate**, *normal* **pitch**, *normal* **loudness**, while **looking at the camera**, and *weak* **raised inner eyebrows**, *moderate* **lowered brows**, *moderate* **tightened eyelids**, *strong* **parted lips**, *strong* **a dropped jaw**, and *strong* **blinking**. SPEAKER then said “I would never have believed that. Oh my goodness.”, with *slow* **speech rate**, *normal* **pitch**, *normal* **loudness**, while **looking at the camera**, while *nodding*, and *moderate* **raised inner eyebrows**, *weak* **raised outer eyebrows**, *moderate* **a smile**, *strong* **stretched lips**, *weak* **a dropped jaw**, and *weak* **blinking**. After a *long* **pause**, SPEAKER continued “Oh my god. Ah.”, with *slow* **speech rate**, *normal* **pitch**, *normal* **loudness**, while **looking at the camera**, and *moderate* **raised inner eyebrows**, *weak* **stretched lips**, and *moderate* **parted lips**. SPEAKER then said “I never saw that coming. But when, with who, and how, and when, and where?”, with *slow* **speech rate**, *normal* **pitch**, *normal* **loudness**, while **looking at the camera**, while *nodding*, and *weak* **raised inner eyebrows**, *weak* **wrinkled nose**, *weak* **raised upper lip**, *moderate* **a smile**, *weak* **raised chin**, and *weak* **a dropped jaw**. SPEAKER then said “Oh my god, this is so weird.”, with *slow* **speech rate**, *normal* **pitch**, *normal* **loudness**, while **looking at the camera**, while *nodding*, and *moderate* **raised inner eyebrows**, *moderate* **raised outer eyebrows**, *moderate* **raised upper eyelids**, *weak* **wrinkled nose**, *moderate* **raised chin**, *moderate* **parted lips**, and *moderate* **blinking**. After a *long* **pause**, SPEAKER continued “Tell me more.”, with *slow* **speech rate**, *normal* **pitch**, *normal* **loudness**, while **looking at the camera**, while *tilting* their **head**, and *moderate* **a tight smile**, *weak* **downturned mouth corners**, and *strong* **stretched lips**. SPEAKER then said “Is it finished? Not about now, you have to say the first one without the name. What? The first sentence without the name. Without the name?”, with *normal* **speech rate**, *normal* **pitch**, *normal* **loudness**, while **looking at the camera**, while *nodding*, and *strong* **wrinkled nose**, *strong* **parted lips**, and *moderate* **blinking**. After a *medium* **pause**, SPEAKER continued “You have never told me that? Ah, okay, okay.”, with *fast* **speech rate**, *normal* **pitch**, *normal* **loudness**, while **looking at the camera**, and *strong* **wrinkled nose** and *strong* **blinking**. After a *medium* **pause**, SPEAKER continued “Okay.”, with *slow* **speech rate**, *normal* **pitch**, *normal* **loudness**, while **looking at the camera**, and *strong* **wrinkled nose**, *strong* **downturned mouth corners**, and *strong* **stretched lips**."
s7_an_1,7,anger,1,"What? No, no, no. Listen, I need this money.",normal,normal,louder,front,none,none,none,none,none,none,none,none,none,none,none,none,none,none,none,none,weak,moderate,"S07 said “What? No, no, no. Listen, I need this money.”, with *normal* **speech rate**, *normal* **pitch**, *louder* **loudness**, while **looking at the camera**, and *weak* **a dropped jaw** and *moderate* **blinking**."
s7_an_2,7,anger,2,"I don't care about your coffee, please help me!",normal,lower,normal,down,nodding,none,none,weak,none,none,none,none,none,none,none,none,none,none,weak,none,none,weak,"S07 said “I don't care about your coffee, please help me!”, with *normal* **speech rate**, *lower* **pitch**, *normal* **loudness**, while **looking at the camera**, while *nodding*, and *weak* **lowered brows**, *weak* **tightened lips**, and *weak* **blinking**."
s7_an_3,7,anger,3,"I can't let you fight him, you know.",fast,normal,louder,front,nodding,moderate,moderate,none,weak,none,none,none,none,none,none,moderate,none,none,none,weak,strong,strong,"S07 said “I can't let you fight him, you know.”, with *fast* **speech rate**, *normal* **pitch**, *louder* **loudness**, while **looking at the camera**, while *nodding*, and *moderate* **raised inner eyebrows**, *moderate* **raised outer eyebrows**, *weak* **raised upper eyelids**, *moderate* **downturned mouth corners**, *weak* **parted lips**, *strong* **a dropped jaw**, and *strong* **blinking**."
s7_an_4,7,anger,4,Is your coffee more important than my morning?,slow,normal,normal,front,none,none,none,none,none,none,none,none,none,none,none,weak,weak,none,none,none,none,strong,"S07 said “Is your coffee more important than my morning?”, with *slow* **speech rate**, *normal* **pitch**, *normal* **loudness**, while **looking at the camera**, and *weak* **downturned mouth corners**, *weak* **raised chin**, and *strong* **blinking**."
s7_an_5,7,anger,5,"You are getting paid to walk, not getting coffee.",normal,lower,louder,front,nodding,none,none,none,none,none,none,none,none,none,none,none,none,none,weak,none,weak,weak,"S07 said “You are getting paid to walk, not getting coffee.”, with *normal* **speech rate**, *lower* **pitch**, *louder* **loudness**, while **looking at the camera**, while *nodding*, and *weak* **tightened lips**, *weak* **a dropped jaw**, and *weak* **blinking**."
s7_di_1,7,disgust,1,That's so horrible! I never eat tandoos again!,slow,higher,louder,down,shaking,none,none,none,none,strong,weak,none,moderate,none,moderate,none,none,none,none,none,moderate,none,"S07 said “That's so horrible! I never eat tandoos again!”, with *slow* **speech rate**, *higher* **pitch**, *louder* **loudness**, while **looking at the camera**, while *shaking* their **head**, and *strong* **raised cheeks**, *weak* **tightened eyelids**, *moderate* **raised upper lip**, *moderate* **a tight smile**, and *moderate* **a dropped jaw**."
s7_di_2,7,disgust,2,Something is moving inside my plate!,slow,normal,louder,front,none,none,none,none,none,none,none,none,none,none,none,none,none,none,none,none,none,none,"S07 said “Something is moving inside my plate!”, with *slow* **speech rate**, *normal* **pitch**, *louder* **loudness**, and while **looking at the camera**."
s7_di_3,7,disgust,3,"Ah, the crook!",slow,normal,louder,down,none,none,none,moderate,none,strong,strong,none,strong,moderate,none,none,none,none,none,none,none,weak,"S07 said “Ah, the crook!”, with *slow* **speech rate**, *normal* **pitch**, *louder* **loudness**, while **looking at the camera**, and *moderate* **lowered brows**, *strong* **raised cheeks**, *strong* **tightened eyelids**, *strong* **raised upper lip**, *moderate* **a smile**, and *weak* **blinking**."
s7_di_4,7,disgust,4,Eek! This is disgusting!,slow,normal,louder,down,none,none,weak,none,none,moderate,moderate,strong,moderate,moderate,weak,none,none,none,none,moderate,none,moderate,"S07 said “Eek! This is disgusting!”, with *slow* **speech rate**, *normal* **pitch**, *louder* **loudness**, while **looking at the camera**, and *weak* **raised outer eyebrows**, *moderate* **raised cheeks**, *moderate* **tightened eyelids**, *strong* **wrinkled nose**, *moderate* **raised upper lip**, *moderate* **a smile**, *weak* **a tight smile**, *moderate* **parted lips**, and *moderate* **blinking**."
s7_di_5,7,disgust,5,BEST GROWLS!,slow,normal,normal,down,none,none,none,none,none,weak,none,none,weak,weak,none,none,none,none,none,none,none,strong,"S07 said “BEST GROWLS!”, with *slow* **speech rate**, *normal* **pitch**, *normal* **loudness**, while **looking at the camera**, and *weak* **raised cheeks**, *weak* **raised upper lip**, *weak* **a smile**, and *strong* **blinking**."
s7_fe_1,7,fear,1,"Oh my god, there is something in my house.",normal,lower,quieter,front,none,none,none,none,moderate,none,none,none,none,none,none,none,none,none,none,none,weak,weak,"S07 said “Oh my god, there is something in my house.”, with *normal* **speech rate**, *lower* **pitch**, *quieter* **loudness**, while **looking at the camera**, and *moderate* **raised upper eyelids**, *weak* **a dropped jaw**, and *weak* **blinking**."
s7_fe_2,7,fear,2,Someone is coming up on the stairs.,normal,normal,quieter,front,none,none,none,none,moderate,none,none,none,none,none,none,none,none,none,none,none,weak,moderate,"S07 said “Someone is coming up on the stairs.”, with *normal* **speech rate**, *normal* **pitch**, *quieter* **loudness**, while **looking at the camera**, and *moderate* **raised upper eyelids**, *weak* **a dropped jaw**, and *moderate* **blinking**."
s7_fe_3,7,fear,3,Please don't kill me!,normal,normal,louder,down,none,none,weak,none,moderate,none,none,none,none,none,none,moderate,weak,none,moderate,none,none,none,"S07 said “Please don't kill me!”, with *normal* **speech rate**, *normal* **pitch**, *louder* **loudness**, while **looking at the camera**, and *weak* **raised outer eyebrows**, *moderate* **raised upper eyelids**, *moderate* **downturned mouth corners**, *weak* **raised chin**, and *moderate* **tightened lips**."
s7_fe_4,7,fear,4,"I'm not alone, go away!",slow,higher,normal,front,nodding,none,none,none,none,none,none,none,none,none,none,none,weak,none,none,none,moderate,strong,"S07 said “I'm not alone, go away!”, with *slow* **speech rate**, *higher* **pitch**, *normal* **loudness**, while **looking at the camera**, while *nodding*, and *weak* **raised chin**, *moderate* **a dropped jaw**, and *strong* **blinking**."
s7_fe_5,7,fear,5,"I have nothing to give you, please don't harm me.",slow,higher,louder,front,nodding,none,none,none,none,none,none,moderate,none,none,none,none,weak,weak,none,none,weak,weak,"S07 said “I have nothing to give you, please don't harm me.”, with *slow* **speech rate**, *higher* **pitch**, *louder* **loudness**, while **looking at the camera**, while *nodding*, and *moderate* **wrinkled nose**, *weak* **raised chin**, *weak* **stretched lips**, *weak* **a dropped jaw**, and *weak* **blinking**."
s7_ha_1,7,happiness,1,That's great! I wish now!,slow,higher,louder,front,shaking,none,none,none,none,strong,weak,none,strong,none,none,none,none,none,none,none,strong,none,"S07 said “That's great! I wish now!”, with *slow* **speech rate**, *higher* **pitch**, *louder* **loudness**, while **looking at the camera**, while *shaking* their **head**, and *strong* **raised cheeks**, *weak* **tightened eyelids**, *strong* **raised upper lip**, and *strong* **a dropped jaw**."
s7_ha_2,7,happiness,2,I won! This is great! I'm so happy!,normal,higher,louder,front,none,none,none,none,none,strong,none,none,strong,strong,strong,none,weak,none,weak,none,moderate,moderate,"S07 said “I won! This is great! I'm so happy!”, with *normal* **speech rate**, *higher* **pitch**, *louder* **loudness**, while **looking at the camera**, and *strong* **raised cheeks**, *strong* **raised upper lip**, *strong* **a smile**, *strong* **a tight smile**, *weak* **raised chin**, *weak* **tightened lips**, *moderate* **a dropped jaw**, and *moderate* **blinking**."
s7_ha_3,7,happiness,3,Woo! This is a brand!,normal,normal,louder,front,none,none,none,none,none,strong,none,none,moderate,strong,none,weak,none,weak,none,none,none,moderate,"S07 said “Woo! This is a brand!”, with *normal* **speech rate**, *normal* **pitch**, *louder* **loudness**, while **looking at the camera**, and *strong* **raised cheeks**, *moderate* **raised upper lip**, *strong* **a smile**, *weak* **downturned mouth corners**, *weak* **stretched lips**, and *moderate* **blinking**."
s7_ha_4,7,happiness,4,I'm so lucky!,slow,higher,normal,front,shaking,none,none,none,moderate,strong,weak,none,strong,strong,moderate,none,none,none,none,moderate,strong,strong,"S07 said “I'm so lucky!”, with *slow* **speech rate**, *higher* **pitch**, *normal* **loudness**, while **looking at the camera**, while *shaking* their **head**, and *moderate* **raised upper eyelids**, *strong* **raised cheeks**, *weak* **tightened eyelids**, *strong* **raised upper lip**, *strong* **a smile**, *moderate* **a tight smile**, *moderate* **parted lips**, *strong* **a dropped jaw**, and *strong* **blinking**."
s7_ha_5,7,happiness,5,I'm so excited!,slow,higher,quieter,front,none,none,none,none,none,moderate,none,none,strong,none,strong,none,none,none,weak,none,moderate,none,"S07 said “I'm so excited!”, with *slow* **speech rate**, *higher* **pitch**, *quieter* **loudness**, while **looking at the camera**, and *moderate* **raised cheeks**, *strong* **raised upper lip**, *strong* **a tight smile**, *weak* **tightened lips**, and *moderate* **a dropped jaw**."
s7_sa_1,7,sadness,1,Life won't be the same now,normal,lower,quieter,up,nodding,none,none,none,none,none,none,none,none,none,none,none,none,none,none,none,moderate,none,"S07 said “Life won't be the same now”, with *normal* **speech rate**, *lower* **pitch**, *quieter* **loudness**, while **looking at the camera**, while *nodding*, and *moderate* **a dropped jaw**."
s7_sa_2,7,sadness,2,"Oh no, 10 minutes is not true, please.",normal,lower,quieter,up,nodding,none,none,none,none,none,none,none,none,none,none,none,none,none,none,none,none,weak,"S07 said “Oh no, 10 minutes is not true, please.”, with *normal* **speech rate**, *lower* **pitch**, *quieter* **loudness**, while **looking at the camera**, while *nodding*, and *weak* **blinking**."
s7_sa_3,7,sadness,3,"Everything was so perfect, I just don't understand.",slow,higher,quieter,up,none,none,none,none,none,none,none,none,none,none,none,none,none,none,none,none,moderate,strong,"S07 said “Everything was so perfect, I just don't understand.”, with *slow* **speech rate**, *higher* **pitch**, *quieter* **loudness**, while **looking at the camera**, and *moderate* **a dropped jaw** and *strong* **blinking**."
s7_sa_4,7,sadness,4,I'm still loading.,slow,normal,quieter,front,none,weak,none,none,none,none,none,none,none,none,none,none,none,none,none,moderate,none,none,"S07 said “I'm still loading.”, with *slow* **speech rate**, *normal* **pitch**, *quieter* **loudness**, **gaze** *averted* (downwards), and *weak* **raised inner eyebrows** and *moderate* **parted lips**."
s7_sa_5,7,sadness,5,It was my life.,slow,lower,quieter,up,nodding,none,none,none,none,none,none,none,none,none,none,none,none,none,none,none,strong,none,"S07 said “It was my life.”, with *slow* **speech rate**, *lower* **pitch**, *quieter* **loudness**, while **looking at the camera**, while *nodding*, and *strong* **a dropped jaw**."
s7_su_1,7,surprise,1,You have never told me that.,normal,lower,normal,up,nodding,none,none,none,none,none,none,none,none,none,none,none,none,none,none,none,none,moderate,"S07 said “You have never told me that.”, with *normal* **speech rate**, *lower* **pitch**, *normal* **loudness**, while **looking at the camera**, while *nodding*, and *moderate* **blinking**."
s7_su_2,7,surprise,2,I didn't expect that!,slow,lower,quieter,front,none,none,none,none,strong,none,none,weak,none,none,none,none,none,none,none,none,weak,strong,"S07 said “I didn't expect that!”, with *slow* **speech rate**, *lower* **pitch**, *quieter* **loudness**, while **looking at the camera**, and *strong* **raised upper eyelids**, *weak* **wrinkled nose**, *weak* **a dropped jaw**, and *strong* **blinking**."
s7_su_3,7,surprise,3,"Wow, I will never believe in that!",slow,normal,normal,front,none,none,none,none,none,none,none,none,none,none,none,none,none,none,none,none,none,moderate,"S07 said “Wow, I will never believe in that!”, with *slow* **speech rate**, *normal* **pitch**, *normal* **loudness**, while **looking at the camera**, and *moderate* **blinking**."
s7_su_4,7,surprise,4,I never thought they're coming!,slow,normal,quieter,front,nodding,none,none,none,none,none,none,weak,none,none,none,none,none,none,none,none,none,strong,"S07 said “I never thought they're coming!”, with *slow* **speech rate**, *normal* **pitch**, *quieter* **loudness**, while **looking at the camera**, while *nodding*, and *weak* **wrinkled nose** and *strong* **blinking**."
s7_su_5,7,surprise,5,"Oh my God, that's a way!",normal,lower,normal,front,none,none,none,none,none,none,none,none,none,none,none,none,none,none,weak,none,moderate,moderate,"S07 said “Oh my God, that's a way!”, with *normal* **speech rate**, *lower* **pitch**, *normal* **loudness**, while **looking at the camera**, and *weak* **tightened lips**, *moderate* **a dropped jaw**, and *moderate* **blinking**."
s8_an_1,8,anger,1,"What? No, no, listen. I need this money.",normal,higher,louder,front,shaking,none,none,strong,none,none,none,weak,none,none,moderate,none,none,none,none,strong,none,none,"S08 said “What? No, no, listen. I need this money.”, with *normal* **speech rate**, *higher* **pitch**, *louder* **loudness**, while **looking at the camera**, while *shaking* their **head**, and *strong* **lowered brows**, *weak* **wrinkled nose**, *moderate* **a tight smile**, and *strong* **parted lips**."
s8_an_2,8,anger,2,"I do not care about your coffee, please, serve me!",normal,higher,louder,front,shaking,none,none,strong,none,none,none,weak,none,none,strong,weak,none,none,none,strong,none,none,"S08 said “I do not care about your coffee, please, serve me!”, with *normal* **speech rate**, *higher* **pitch**, *louder* **loudness**, while **looking at the camera**, while *shaking* their **head**, and *strong* **lowered brows**, *weak* **wrinkled nose**, *strong* **a tight smile**, *weak* **downturned mouth corners**, and *strong* **parted lips**."
s8_an_3,8,anger,3,I can have you fired now!,normal,higher,louder,front,shaking,none,none,moderate,weak,none,none,strong,none,none,strong,weak,none,none,none,none,weak,none,"S08 said “I can have you fired now!”, with *normal* **speech rate**, *higher* **pitch**, *louder* **loudness**, while **looking at the camera**, while *shaking* their **head**, and *moderate* **lowered brows**, *weak* **raised upper eyelids**, *strong* **wrinkled nose**, *strong* **a tight smile**, *weak* **downturned mouth corners**, and *weak* **a dropped jaw**."
s8_an_4,8,anger,4,Is your coffee more important than my money?,normal,higher,louder,front,shaking,none,none,strong,none,weak,moderate,none,none,none,none,none,none,none,moderate,none,none,none,"S08 said “Is your coffee more important than my money?”, with *normal* **speech rate**, *higher* **pitch**, *louder* **loudness**, while **looking at the camera**, while *shaking* their **head**, and *strong* **lowered brows**, *weak* **raised cheeks**, *moderate* **tightened eyelids**, and *moderate* **tightened lips**."
s8_an_5,8,anger,5,"You are getting paid to work, not to drink coffee.",fast,higher,louder,front,shaking,none,none,strong,none,weak,weak,moderate,none,none,strong,weak,weak,none,weak,weak,none,none,"S08 said “You are getting paid to work, not to drink coffee.”, with *fast* **speech rate**, *higher* **pitch**, *louder* **loudness**, while **looking at the camera**, while *shaking* their **head**, and *strong* **lowered brows**, *weak* **raised cheeks**, *weak* **tightened eyelids**, *moderate* **wrinkled nose**, *strong* **a tight smile**, *weak* **downturned mouth corners**, *weak* **raised chin**, *weak* **tightened lips**, and *weak* **parted lips**."
s8_di_1,8,disgust,1,"Oh, that's horrible! I never eat noodles again!",slow,lower,normal,front,none,none,none,strong,none,none,weak,none,none,none,none,none,none,none,none,none,none,weak,"S08 said “Oh, that's horrible! I never eat noodles again!”, with *slow* **speech rate**, *lower* **pitch**, *normal* **loudness**, while **looking at the camera**, and *strong* **lowered brows**, *weak* **tightened eyelids**, and *weak* **blinking**."
s8_di_2,8,disgust,2,"Ah, something is moving aside my blade.",slow,higher,louder,down,none,none,weak,strong,none,moderate,moderate,weak,none,weak,none,none,none,none,weak,strong,none,none,"S08 said “Ah, something is moving aside my blade.”, with *slow* **speech rate**, *higher* **pitch**, *louder* **loudness**, while **looking at the camera**, and *weak* **raised outer eyebrows**, *strong* **lowered brows**, *moderate* **raised cheeks**, *moderate* **tightened eyelids**, *weak* **wrinkled nose**, *weak* **a smile**, *weak* **tightened lips**, and *strong* **parted lips**."
s8_di_3,8,disgust,3,"Ah, cockroach!",slow,higher,normal,down,none,none,none,none,none,moderate,moderate,none,weak,strong,none,none,none,none,none,moderate,none,strong,"S08 said “Ah, cockroach!”, with *slow* **speech rate**, *higher* **pitch**, *normal* **loudness**, while **looking at the camera**, and *moderate* **raised cheeks**, *moderate* **tightened eyelids**, *weak* **raised upper lip**, *strong* **a smile**, *moderate* **parted lips**, and *strong* **blinking**."
s8_di_4,8,disgust,4,If this is disgusting,slow,lower,quieter,down,none,none,none,weak,none,strong,moderate,none,moderate,strong,none,none,none,none,none,moderate,none,none,"S08 said “If this is disgusting”, with *slow* **speech rate**, *lower* **pitch**, *quieter* **loudness**, while **looking at the camera**, and *weak* **lowered brows**, *strong* **raised cheeks**, *moderate* **tightened eyelids**, *moderate* **raised upper lip**, *strong* **a smile**, and *moderate* **parted lips**."
s8_di_5,8,disgust,5,That's cross.,slow,normal,quieter,down,none,none,none,none,none,moderate,moderate,none,none,strong,none,none,none,none,none,none,none,none,"S08 said “That's cross.”, with *slow* **speech rate**, *normal* **pitch**, *quieter* **loudness**, while **looking at the camera**, and *moderate* **raised cheeks**, *moderate* **tightened eyelids**, and *strong* **a smile**."
s8_fe_1,8,fear,1,"Oh my God, there is someone in the house.",fast,lower,quieter,front,shaking,none,none,none,none,none,none,none,none,none,strong,none,none,none,none,none,none,none,"S08 said “Oh my God, there is someone in the house.”, with *fast* **speech rate**, *lower* **pitch**, *quieter* **loudness**, while **looking at the camera**, while *shaking* their **head**, and *strong* **a tight smile**."
s8_fe_2,8,fear,2,Someone is climbing up the stairs.,normal,lower,quieter,front,none,none,none,none,none,none,none,none,none,none,strong,none,none,none,weak,none,none,none,"S08 said “Someone is climbing up the stairs.”, with *normal* **speech rate**, *lower* **pitch**, *quieter* **loudness**, while **looking at the camera**, and *strong* **a tight smile** and *weak* **tightened lips**."
s8_fe_3,8,fear,3,Please don't kill me.,slow,normal,quieter,front,none,none,weak,none,weak,none,none,none,none,none,strong,none,none,none,none,weak,none,moderate,"S08 said “Please don't kill me.”, with *slow* **speech rate**, *normal* **pitch**, *quieter* **loudness**, while **looking at the camera**, and *weak* **raised outer eyebrows**, *weak* **raised upper eyelids**, *strong* **a tight smile**, *weak* **parted lips**, and *moderate* **blinking**."
s8_fe_4,8,fear,4,"I'm not alone, go away.",normal,higher,normal,front,none,none,none,moderate,weak,none,none,none,none,none,strong,weak,none,none,moderate,none,weak,none,"S08 said “I'm not alone, go away.”, with *normal* **speech rate**, *higher* **pitch**, *normal* **loudness**, while **looking at the camera**, and *moderate* **lowered brows**, *weak* **raised upper eyelids**, *strong* **a tight smile**, *weak* **downturned mouth corners**, *moderate* **tightened lips**, and *weak* **a dropped jaw**."
s8_fe_5,8,fear,5,"I have nothing to give you. Please, do not hurt me.",normal,higher,normal,front,shaking,none,none,none,weak,none,none,none,none,none,strong,moderate,moderate,none,weak,none,none,none,"S08 said “I have nothing to give you. Please, do not hurt me.”, with *normal* **speech rate**, *higher* **pitch**, *normal* **loudness**, while **looking at the camera**, while *shaking* their **head**, and *weak* **raised upper eyelids**, *strong* **a tight smile**, *moderate* **downturned mouth corners**, *moderate* **raised chin**, and *weak* **tightened lips**."
s8_ha_1,8,happiness,1,That's great! I'm rich now!,slow,normal,normal,front,none,strong,none,none,moderate,weak,none,none,none,moderate,none,none,none,none,none,moderate,none,none,"S08 said “That's great! I'm rich now!”, with *slow* **speech rate**, *normal* **pitch**, *normal* **loudness**, while **looking at the camera**, and *strong* **raised inner eyebrows**, *moderate* **raised upper eyelids**, *weak* **raised cheeks**, *moderate* **a smile**, and *moderate* **parted lips**."
s8_ha_2,8,happiness,2,"I want, this is great, I'm really happy.",normal,normal,louder,front,shaking,weak,weak,none,moderate,weak,none,none,none,moderate,none,none,none,weak,none,weak,none,weak,"S08 said “I want, this is great, I'm really happy.”, with *normal* **speech rate**, *normal* **pitch**, *louder* **loudness**, while **looking at the camera**, while *shaking* their **head**, and *weak* **raised inner eyebrows**, *weak* **raised outer eyebrows**, *moderate* **raised upper eyelids**, *weak* **raised cheeks**, *moderate* **a smile**, *weak* **stretched lips**, *weak* **parted lips**, and *weak* **blinking**."
s8_ha_3,8,happiness,3,"Wow, this is so great!",normal,normal,louder,front,nodding,moderate,strong,none,moderate,none,none,weak,none,moderate,none,none,none,none,none,none,none,moderate,"S08 said “Wow, this is so great!”, with *normal* **speech rate**, *normal* **pitch**, *louder* **loudness**, while **looking at the camera**, while *nodding*, and *moderate* **raised inner eyebrows**, *strong* **raised outer eyebrows**, *moderate* **raised upper eyelids**, *weak* **wrinkled nose**, *moderate* **a smile**, and *moderate* **blinking**."
s8_ha_4,8,happiness,4,I'm so lucky.,slow,lower,normal,front,none,weak,weak,none,weak,weak,none,none,none,strong,none,none,none,none,none,moderate,none,strong,"S08 said “I'm so lucky.”, with *slow* **speech rate**, *lower* **pitch**, *normal* **loudness**, while **looking at the camera**, and *weak* **raised inner eyebrows**, *weak* **raised outer eyebrows**, *weak* **raised upper eyelids**, *weak* **raised cheeks**, *strong* **a smile**, *moderate* **parted lips**, and *strong* **blinking**."
s8_ha_5,8,happiness,5,I'm so excited!,slow,higher,normal,front,none,moderate,none,none,none,none,none,weak,none,moderate,strong,none,weak,none,none,weak,none,strong,"S08 said “I'm so excited!”, with *slow* **speech rate**, *higher* **pitch**, *normal* **loudness**, while **looking at the camera**, and *moderate* **raised inner eyebrows**, *weak* **wrinkled nose**, *moderate* **a smile**, *strong* **a tight smile**, *weak* **raised chin**, *weak* **parted lips**, and *strong* **blinking**."
s8_sa_1,8,sadness,1,The life I wouldn't be the same now.,fast,lower,quieter,front,none,none,none,none,none,none,none,none,none,none,strong,none,none,none,none,none,none,none,"S08 said “The life I wouldn't be the same now.”, with *fast* **speech rate**, *lower* **pitch**, *quieter* **loudness**, while **looking at the camera**, and *strong* **a tight smile**."
s8_sa_2,8,sadness,2,"Oh no, tell me, this is not true, please.",fast,lower,quieter,front,none,none,none,strong,none,moderate,weak,none,none,none,none,none,none,none,none,none,none,none,"S08 said “Oh no, tell me, this is not true, please.”, with *fast* **speech rate**, *lower* **pitch**, *quieter* **loudness**, while **looking at the camera**, and *strong* **lowered brows**, *moderate* **raised cheeks**, and *weak* **tightened eyelids**."
s8_sa_3,8,sadness,3,"Everything was so perfect, I just don't understand.",normal,lower,quieter,front,tilting,none,none,strong,none,weak,moderate,weak,none,none,none,none,none,none,none,none,none,none,"S08 said “Everything was so perfect, I just don't understand.”, with *normal* **speech rate**, *lower* **pitch**, *quieter* **loudness**, while **looking at the camera**, while *tilting* their **head**, and *strong* **lowered brows**, *weak* **raised cheeks**, *moderate* **tightened eyelids**, and *weak* **wrinkled nose**."
s8_sa_4,8,sadness,4,I still love them,normal,lower,quieter,front,none,none,none,moderate,none,none,none,none,none,none,none,none,none,none,none,none,none,none,"S08 said “I still love them”, with *normal* **speech rate**, *lower* **pitch**, *quieter* **loudness**, while **looking at the camera**, and *moderate* **lowered brows**."
s8_sa_5,8,sadness,5,She was my life.,normal,lower,quieter,front,none,none,none,moderate,none,none,none,none,none,none,strong,none,none,none,none,moderate,none,none,"S08 said “She was my life.”, with *normal* **speech rate**, *lower* **pitch**, *quieter* **loudness**, while **looking at the camera**, and *moderate* **lowered brows**, *strong* **a tight smile**, and *moderate* **parted lips**."
s8_su_1,8,surprise,1,You never told me that.,normal,normal,normal,front,none,none,none,none,none,none,none,none,none,none,moderate,none,none,none,none,none,none,none,"S08 said “You never told me that.”, with *normal* **speech rate**, *normal* **pitch**, *normal* **loudness**, while **looking at the camera**, and *moderate* **a tight smile**."
s8_su_2,8,surprise,2,I didn't expect that.,slow,normal,quieter,front,none,moderate,none,none,moderate,none,none,none,none,none,strong,none,none,none,none,strong,none,none,"S08 said “I didn't expect that.”, with *slow* **speech rate**, *normal* **pitch**, *quieter* **loudness**, while **looking at the camera**, and *moderate* **raised inner eyebrows**, *moderate* **raised upper eyelids**, *strong* **a tight smile**, and *strong* **parted lips**."
s8_su_3,8,surprise,3,"Wow, I would never have believed this.",normal,normal,louder,front,nodding,strong,weak,none,none,none,none,none,none,none,strong,none,none,none,none,none,weak,none,"S08 said “Wow, I would never have believed this.”, with *normal* **speech rate**, *normal* **pitch**, *louder* **loudness**, while **looking at the camera**, while *nodding*, and *strong* **raised inner eyebrows**, *weak* **raised outer eyebrows**, *strong* **a tight smile**, and *weak* **a dropped jaw**."
s8_su_4,8,surprise,4,I never saw that coming.,normal,normal,quieter,front,none,moderate,none,none,none,none,none,none,none,none,strong,none,none,none,none,none,none,none,"S08 said “I never saw that coming.”, with *normal* **speech rate**, *normal* **pitch**, *quieter* **loudness**, while **looking at the camera**, and *moderate* **raised inner eyebrows** and *strong* **a tight smile**."
s8_su_5,8,surprise,5,Oh my god that's so weird,normal,normal,normal,front,none,none,none,none,none,none,none,none,none,none,strong,none,none,none,weak,none,none,none,"S08 said “Oh my god that's so weird”, with *normal* **speech rate**, *normal* **pitch**, *normal* **loudness**, while **looking at the camera**, and *strong* **a tight smile** and *weak* **tightened lips**."
s9_an_1,9,anger,1,"What? No, no, no, no, no. Listen to me. I need the money.",normal,higher,louder,front,none,none,none,strong,moderate,none,none,none,none,none,none,none,none,none,none,weak,none,strong,"S09 said “What?”, with *slow* **speech rate**, *higher* **pitch**, *quieter* **loudness**, while **looking at the camera**, and *strong* **wrinkled nose**, *weak* **raised chin**, and *moderate* **a dropped jaw**. After a *long* **pause**, S09 continued “No, no, no, no, no. Listen to me.”, with *fast* **speech rate**, *normal* **pitch**, *louder* **loudness**, while **looking at the camera**, and *strong* **lowered brows** and *weak* **parted lips**. After a *long* **pause**, S09 continued “I need the money.”, with *normal* **speech rate**, *higher* **pitch**, *louder* **loudness**, while **looking at the camera**, and *strong* **raised inner eyebrows**, *strong* **raised outer eyebrows**, *strong* **lowered brows**, *strong* **raised upper eyelids**, *weak* **a smile**, *moderate* **stretched lips**, *strong* **parted lips**, *weak* **a dropped jaw**, and *weak* **blinking**."
s9_an_2,9,anger,2,I don't care about your coffee. Please serve me.,slow,normal,louder,front,nodding,moderate,none,strong,weak,none,none,none,none,weak,none,weak,moderate,none,none,none,none,moderate,"S09 said “I don't care about your coffee. Please serve me.”, with *slow* **speech rate**, *normal* **pitch**, *louder* **loudness**, while **looking at the camera**, while *nodding*, and *moderate* **raised inner eyebrows**, *strong* **lowered brows**, *weak* **raised upper eyelids**, *weak* **a smile**, *weak* **downturned mouth corners**, *moderate* **raised chin**, and *moderate* **blinking**."
s9_an_3,9,anger,3,"I can have you fired, you know.",fast,normal,louder,front,shaking,none,none,none,none,moderate,moderate,strong,moderate,moderate,none,moderate,weak,none,moderate,weak,none,weak,"S09 said “I can have you fired, you know.”, with *fast* **speech rate**, *normal* **pitch**, *louder* **loudness**, while **looking at the camera**, while *shaking* their **head**, and *moderate* **raised cheeks**, *moderate* **tightened eyelids**, *strong* **wrinkled nose**, *moderate* **raised upper lip**, *moderate* **a smile**, *moderate* **downturned mouth corners**, *weak* **raised chin**, *moderate* **tightened lips**, *weak* **parted lips**, and *weak* **blinking**."
s9_an_4,9,anger,4,Is your coffee more important than my money?,normal,normal,louder,front,shaking,weak,none,strong,none,none,none,none,none,none,none,weak,weak,none,moderate,none,none,moderate,"S09 said “Is your coffee more important than my money?”, with *normal* **speech rate**, *normal* **pitch**, *louder* **loudness**, while **looking at the camera**, while *shaking* their **head**, and *weak* **raised inner eyebrows**, *strong* **lowered brows**, *weak* **downturned mouth corners**, *weak* **raised chin**, *moderate* **tightened lips**, and *moderate* **blinking**."
s9_an_5,9,anger,5,"You're getting paid for the work, not to drink coffee.",normal,higher,louder,up,none,weak,weak,moderate,none,none,none,none,none,none,none,none,none,none,weak,none,none,strong,"S09 said “You're getting paid for the work, not to drink coffee.”, with *normal* **speech rate**, *higher* **pitch**, *louder* **loudness**, while **looking at the camera**, and *weak* **raised inner eyebrows**, *weak* **raised outer eyebrows**, *moderate* **lowered brows**, *weak* **tightened lips**, and *strong* **blinking**."
s9_di_1,9,disgust,1,"Ah, that's horrible. I never knew this again.",slow,higher,normal,front,none,none,none,none,none,moderate,strong,moderate,strong,none,none,weak,none,none,none,none,none,moderate,"S09 said “Ah, that's horrible. I never knew this again.”, with *slow* **speech rate**, *higher* **pitch**, *normal* **loudness**, while **looking at the camera**, and *moderate* **raised cheeks**, *strong* **tightened eyelids**, *moderate* **wrinkled nose**, *strong* **raised upper lip**, *weak* **downturned mouth corners**, and *moderate* **blinking**."
s9_di_2,9,disgust,2,Something's moving inside my plate!,normal,normal,louder,front,nodding,weak,none,none,weak,moderate,weak,none,moderate,none,none,strong,none,none,none,none,none,none,"S09 said “Something's moving inside my plate!”, with *normal* **speech rate**, *normal* **pitch**, *louder* **loudness**, while **looking at the camera**, while *nodding*, and *weak* **raised inner eyebrows**, *weak* **raised upper eyelids**, *moderate* **raised cheeks**, *weak* **tightened eyelids**, *moderate* **raised upper lip**, and *strong* **downturned mouth corners**."
s9_di_3,9,disgust,3,"Ah, cockroach!",slow,normal,normal,down,nodding,none,none,none,none,strong,strong,none,strong,moderate,moderate,strong,none,none,none,none,none,weak,"S09 said “Ah, cockroach!”, with *slow* **speech rate**, *normal* **pitch**, *normal* **loudness**, while **looking at the camera**, while *nodding*, and *strong* **raised cheeks**, *strong* **tightened eyelids**, *strong* **raised upper lip**, *moderate* **a smile**, *moderate* **a tight smile**, *strong* **downturned mouth corners**, and *weak* **blinking**."
s9_di_4,9,disgust,4,"Eeeh, it's disgusting!",slow,higher,normal,front,none,none,none,none,none,strong,moderate,moderate,moderate,strong,moderate,none,none,none,none,none,none,none,"S09 said “Eeeh, it's disgusting!”, with *slow* **speech rate**, *higher* **pitch**, *normal* **loudness**, while **looking at the camera**, and *strong* **raised cheeks**, *moderate* **tightened eyelids**, *moderate* **wrinkled nose**, *moderate* **raised upper lip**, *strong* **a smile**, and *moderate* **a tight smile**."
s9_di_5,9,disgust,5,That's gross,slow,normal,quieter,front,nodding,none,none,none,none,strong,strong,none,moderate,none,none,weak,none,none,none,moderate,none,none,"S09 said “That's gross”, with *slow* **speech rate**, *normal* **pitch**, *quieter* **loudness**, while **looking at the camera**, while *nodding*, and *strong* **raised cheeks**, *strong* **tightened eyelids**, *moderate* **raised upper lip**, *weak* **downturned mouth corners**, and *moderate* **parted lips**."
s9_fe_1,9,fear,1,"Oh my God, there's something... somebody coming up the stairs.",slow,lower,quieter,front,none,none,none,strong,none,none,none,none,none,none,none,none,none,none,none,none,none,moderate,"S09 said “Oh my God, there's something... somebody coming up the stairs.”, with *slow* **speech rate**, *lower* **pitch**, *quieter* **loudness**, while **looking at the camera**, and *strong* **lowered brows** and *moderate* **blinking**."
s9_fe_2,9,fear,2,someone is climbing up the stairs,normal,lower,normal,front,none,none,none,strong,none,none,none,none,none,none,none,none,none,none,none,none,none,none,"S09 said “someone is climbing up the stairs”, with *normal* **speech rate**, *lower* **pitch**, *normal* **loudness**, while **looking at the camera**, and *strong* **lowered brows**."
s9_fe_3,9,fear,3,Please don't kill me.,slow,normal,normal,front,nodding,none,none,none,none,none,none,none,none,none,none,none,none,none,none,none,none,weak,"S09 said “Please don't kill me.”, with *slow* **speech rate**, *normal* **pitch**, *normal* **loudness**, while **looking at the camera**, while *nodding*, and *weak* **blinking**."
s9_fe_4,9,fear,4,"Go away, I'm not alone.",slow,normal,louder,front,nodding,none,none,strong,none,none,none,none,none,none,none,weak,none,none,none,none,none,none,"S09 said “Go away, I'm not alone.”, with *slow* **speech rate**, *normal* **pitch**, *louder* **loudness**, while **looking at the camera**, while *nodding*, and *strong* **lowered brows** and *weak* **downturned mouth corners**."
s9_fe_5,9,fear,5,I have nothing to give you. Don't hurt me.,normal,normal,normal,front,none,none,none,strong,none,none,none,none,none,none,none,none,none,none,none,none,none,strong,"S09 said “I have nothing to give you. Don't hurt me.”, with *normal* **speech rate**, *normal* **pitch**, *normal* **loudness**, while **looking at the camera**, and *strong* **lowered brows** and *strong* **blinking**."
s9_ha_1,9,happiness,1,"That's great, I'm rich now.",normal,higher,normal,down,none,moderate,moderate,strong,strong,moderate,weak,none,moderate,strong,moderate,strong,none,none,weak,weak,none,none,"S09 said “That's great, I'm rich now.”, with *normal* **speech rate**, *higher* **pitch**, *normal* **loudness**, while **looking at the camera**, and *moderate* **raised inner eyebrows**, *moderate* **raised outer eyebrows**, *strong* **lowered brows**, *strong* **raised upper eyelids**, *moderate* **raised cheeks**, *weak* **tightened eyelids**, *moderate* **raised upper lip**, *strong* **a smile**, *moderate* **a tight smile**, *strong* **downturned mouth corners**, *weak* **tightened lips**, and *weak* **parted lips**."
s9_ha_2,9,happiness,2,I want this greater. I'm so happy.,slow,normal,quieter,front,none,moderate,weak,moderate,moderate,moderate,none,none,moderate,strong,weak,moderate,none,moderate,moderate,none,none,none,"S09 said “I want this greater. I'm so happy.”, with *slow* **speech rate**, *normal* **pitch**, *quieter* **loudness**, while **looking at the camera**, and *moderate* **raised inner eyebrows**, *weak* **raised outer eyebrows**, *moderate* **lowered brows**, *moderate* **raised upper eyelids**, *moderate* **raised cheeks**, *moderate* **raised upper lip**, *strong* **a smile**, *weak* **a tight smile**, *moderate* **downturned mouth corners**, *moderate* **stretched lips**, and *moderate* **tightened lips**."
s9_ha_3,9,happiness,3,"Wow, this is great.",normal,higher,normal,front,shaking,none,none,moderate,none,strong,strong,weak,moderate,strong,moderate,moderate,moderate,weak,moderate,none,none,none,"S09 said “Wow, this is great.”, with *normal* **speech rate**, *higher* **pitch**, *normal* **loudness**, while **looking at the camera**, while *shaking* their **head**, and *moderate* **lowered brows**, *strong* **raised cheeks**, *strong* **tightened eyelids**, *weak* **wrinkled nose**, *moderate* **raised upper lip**, *strong* **a smile**, *moderate* **a tight smile**, *moderate* **downturned mouth corners**, *moderate* **raised chin**, *weak* **stretched lips**, and *moderate* **tightened lips**."
s9_ha_4,9,happiness,4,I'm so lucky.,slow,normal,normal,front,none,weak,none,weak,weak,moderate,none,none,moderate,none,moderate,none,none,none,weak,none,weak,none,"S09 said “I'm so lucky.”, with *slow* **speech rate**, *normal* **pitch**, *normal* **loudness**, while **looking at the camera**, and *weak* **raised inner eyebrows**, *weak* **lowered brows**, *weak* **raised upper eyelids**, *moderate* **raised cheeks**, *moderate* **raised upper lip**, *moderate* **a tight smile**, *weak* **tightened lips**, and *weak* **a dropped jaw**."
s9_ha_5,9,happiness,5,I'm so excited!,normal,normal,normal,front,none,strong,moderate,moderate,weak,moderate,weak,none,moderate,strong,moderate,weak,none,none,none,none,none,moderate,"S09 said “I'm so excited!”, with *normal* **speech rate**, *normal* **pitch**, *normal* **loudness**, while **looking at the camera**, and *strong* **raised inner eyebrows**, *moderate* **raised outer eyebrows**, *moderate* **lowered brows**, *weak* **raised upper eyelids**, *moderate* **raised cheeks**, *weak* **tightened eyelids**, *moderate* **raised upper lip**, *strong* **a smile**, *moderate* **a tight smile**, *weak* **downturned mouth corners**, and *moderate* **blinking**."
s9_sa_1,9,sadness,1,Life won't be the same now.,fast,lower,quieter,front,shaking,none,none,strong,none,none,none,none,none,none,none,none,none,none,none,weak,none,none,"S09 said “Life won't be the same now.”, with *fast* **speech rate**, *lower* **pitch**, *quieter* **loudness**, while **looking at the camera**, while *shaking* their **head**, and *strong* **lowered brows** and *weak* **parted lips**."
s9_sa_2,9,sadness,2,"I don't know. Tell me, tell me this is not true.",fast,lower,normal,front,none,none,none,none,none,none,none,none,none,none,none,none,none,none,none,none,none,moderate,"S09 said “I don't know. Tell me, tell me this is not true.”, with *fast* **speech rate**, *lower* **pitch**, *normal* **loudness**, while **looking at the camera**, and *moderate* **blinking**."
s9_sa_3,9,sadness,3,"Everything was perfect, I still don't understand.",slow,lower,quieter,front,none,none,none,none,none,none,none,none,none,none,none,none,none,none,none,none,none,strong,"S09 said “Everything was perfect, I still don't understand.”, with *slow* **speech rate**, *lower* **pitch**, *quieter* **loudness**, while **looking at the camera**, and *strong* **blinking**."
s9_sa_4,9,sadness,4,I still loved her.,slow,lower,quieter,front,none,none,weak,none,none,none,none,none,none,none,none,none,none,none,none,none,none,moderate,"S09 said “I still loved her.”, with *slow* **speech rate**, *lower* **pitch**, *quieter* **loudness**, while **looking at the camera**, and *weak* **raised outer eyebrows** and *moderate* **blinking**."
s9_sa_5,9,sadness,5,She was my life.,normal,lower,quieter,front,none,none,none,strong,weak,none,none,weak,none,none,none,none,none,none,none,none,none,strong,"S09 said “She was my life.”, with *normal* **speech rate**, *lower* **pitch**, *quieter* **loudness**, while **looking at the camera**, and *strong* **lowered brows**, *weak* **raised upper eyelids**, *weak* **wrinkled nose**, and *strong* **blinking**."
s9_su_1,9,surprise,1,You never have told me.,normal,normal,louder,front,none,weak,none,moderate,none,none,none,none,none,none,none,moderate,none,none,none,none,none,none,"S09 said “You never have told me.”, with *normal* **speech rate**, *normal* **pitch**, *louder* **loudness**, while **looking at the camera**, and *weak* **raised inner eyebrows**, *moderate* **lowered brows**, and *moderate* **downturned mouth corners**."
s9_su_2,9,surprise,2,I didn't expect that.,slow,normal,normal,front,nodding,moderate,weak,strong,none,none,none,none,none,none,none,none,none,none,none,none,none,none,"S09 said “I didn't expect that.”, with *slow* **speech rate**, *normal* **pitch**, *normal* **loudness**, while **looking at the camera**, while *nodding*, and *moderate* **raised inner eyebrows**, *weak* **raised outer eyebrows**, and *strong* **lowered brows**."
s9_su_3,9,surprise,3,"Wow, I knew who to have believed is.",normal,normal,louder,front,shaking,weak,none,moderate,none,none,none,none,none,none,none,weak,none,none,none,none,none,none,"S09 said “Wow, I knew who to have believed is.”, with *normal* **speech rate**, *normal* **pitch**, *louder* **loudness**, while **looking at the camera**, while *shaking* their **head**, and *weak* **raised inner eyebrows**, *moderate* **lowered brows**, and *weak* **downturned mouth corners**."
s9_su_4,9,surprise,4,I never saw this coming.,slow,normal,normal,front,nodding,none,none,moderate,none,none,none,none,none,none,none,none,none,none,none,none,none,none,"S09 said “I never saw this coming.”, with *slow* **speech rate**, *normal* **pitch**, *normal* **loudness**, while **looking at the camera**, while *nodding*, and *moderate* **lowered brows**."
s9_su_5,9,surprise,5,"Oh my god, it's so weird.",slow,lower,quieter,front,none,weak,none,moderate,none,none,none,none,none,weak,none,none,none,none,none,none,none,none,"S09 said “Oh my god, it's so weird.”, with *slow* **speech rate**, *lower* **pitch**, *quieter* **loudness**, while **looking at the camera**, and *weak* **raised inner eyebrows**, *moderate* **lowered brows**, and *weak* **a smile**."
s_3_fe_5,3,fear,5,I have nothing to give you. Don't worry me.,normal,normal,normal,front,nodding,none,none,strong,none,none,none,none,none,none,none,none,none,none,none,none,none,weak,"SPEAKER said “I have nothing to give you. Don't worry me.”, with *normal* **speech rate**, *normal* **pitch**, *normal* **loudness**, while **looking at the camera**, while *nodding*, and *strong* **lowered brows** and *weak* **blinking**."
s_3_ha_1,3,happiness,1,That's great! I wish now!,normal,normal,normal,front,none,moderate,none,none,none,none,none,none,none,strong,moderate,none,none,none,weak,none,none,none,"SPEAKER said “That's great! I wish now!”, with *normal* **speech rate**, *normal* **pitch**, *normal* **loudness**, while **looking at the camera**, and *moderate* **raised inner eyebrows**, *strong* **a smile**, *moderate* **a tight smile**, and *weak* **tightened lips**."
s_3_ha_2,3,happiness,2,I won't. This is great. I'm happy,normal,normal,normal,front,none,none,none,moderate,none,none,none,weak,none,moderate,moderate,none,weak,none,moderate,none,none,moderate,"SPEAKER said “I won't. This is great. I'm happy”, with *normal* **speech rate**, *normal* **pitch**, *normal* **loudness**, while **looking at the camera**, and *moderate* **lowered brows**, *weak* **wrinkled nose**, *moderate* **a smile**, *moderate* **a tight smile**, *weak* **raised chin**, *moderate* **tightened lips**, and *moderate* **blinking**."
s_3_ha_3,3,happiness,3,Whoa! This is so great! I'm so lucky!,normal,higher,louder,front,none,none,none,none,none,weak,none,none,none,none,strong,none,none,moderate,moderate,none,none,none,"SPEAKER said “Whoa! This is so great!”, with *normal* **speech rate**, *higher* **pitch**, *normal* **loudness**, while **looking at the camera**, and *strong* **a tight smile**, *moderate* **stretched lips**, and *weak* **tightened lips**. After a *medium* **pause**, SPEAKER continued “I'm so lucky!”, with *normal* **speech rate**, *higher* **pitch**, *louder* **loudness**, while **looking at the camera**, and *weak* **raised cheeks**, *strong* **a tight smile**, *moderate* **stretched lips**, and *moderate* **tightened lips**."
s_3_ha_4,3,happiness,4,I'm so lucky,slow,higher,normal,front,none,none,none,weak,none,weak,none,none,none,none,strong,none,none,weak,moderate,none,none,none,"SPEAKER said “I'm so lucky”, with *slow* **speech rate**, *higher* **pitch**, *normal* **loudness**, while **looking at the camera**, and *weak* **lowered brows**, *weak* **raised cheeks**, *strong* **a tight smile**, *weak* **stretched lips**, and *moderate* **tightened lips**."
s_3_ha_5,3,happiness,5,I'm so excited!,normal,higher,normal,up,none,none,none,none,none,moderate,none,none,moderate,none,none,none,none,weak,weak,none,none,strong,"SPEAKER said “I'm so excited!”, with *normal* **speech rate**, *higher* **pitch**, *normal* **loudness**, while **looking at the camera**, and *moderate* **raised cheeks**, *moderate* **raised upper lip**, *weak* **stretched lips**, *weak* **tightened lips**, and *strong* **blinking**."
s_3_sa_1,3,sadness,1,Life won't be the same now.,slow,lower,quieter,front,none,none,none,none,none,none,none,none,none,none,none,none,none,none,none,weak,none,none,"SPEAKER said “Life won't be the same now.”, with *slow* **speech rate**, *lower* **pitch**, *quieter* **loudness**, while **looking at the camera**, and *weak* **parted lips**."
s_3_sa_2,3,sadness,2,"Oh no, Salmon, this is not true, please!",normal,normal,quieter,front,nodding,none,none,none,none,none,none,none,none,none,none,none,none,none,weak,none,none,none,"SPEAKER said “Oh no, Salmon, this is not true, please!”, with *normal* **speech rate**, *normal* **pitch**, *quieter* **loudness**, while **looking at the camera**, while *nodding*, and *weak* **tightened lips**."
s_3_sa_3,3,sadness,3,Everything was so perfect. I just do not understand.,slow,lower,quieter,front,nodding,none,none,none,none,none,none,none,none,none,none,none,none,none,weak,none,none,none,"SPEAKER said “Everything was so perfect. I just do not understand.”, with *slow* **speech rate**, *lower* **pitch**, *quieter* **loudness**, while **looking at the camera**, while *nodding*, and *weak* **tightened lips**."
s_3_sa_4,3,sadness,4,I still loved him,slow,lower,quieter,front,none,none,none,none,none,none,none,none,none,none,none,none,none,none,none,moderate,none,none,"SPEAKER said “I still loved him”, with *slow* **speech rate**, *lower* **pitch**, *quieter* **loudness**, while **looking at the camera**, and *moderate* **parted lips**."
s_3_sa_5,3,sadness,5,She was my life!,normal,normal,quieter,front,none,none,none,none,none,none,none,weak,none,none,weak,none,none,none,none,strong,moderate,strong,"SPEAKER said “She was my life!”, with *normal* **speech rate**, *normal* **pitch**, *quieter* **loudness**, while **looking at the camera**, and *weak* **wrinkled nose**, *weak* **a tight smile**, *strong* **parted lips**, *moderate* **a dropped jaw**, and *strong* **blinking**."
s_3_su_1,3,surprise,1,You have never told me that!,fast,higher,normal,front,none,none,strong,none,moderate,none,none,none,none,none,none,weak,weak,none,none,none,none,none,"SPEAKER said “You have never told me that!”, with *fast* **speech rate**, *higher* **pitch**, *normal* **loudness**, while **looking at the camera**, and *strong* **raised outer eyebrows**, *moderate* **raised upper eyelids**, *weak* **downturned mouth corners**, and *weak* **raised chin**."
s_3_su_2,3,surprise,2,I didn't expect that!,normal,lower,normal,front,none,strong,none,moderate,none,none,none,none,none,none,weak,none,none,none,weak,none,none,none,"SPEAKER said “I didn't expect that!”, with *normal* **speech rate**, *lower* **pitch**, *normal* **loudness**, while **looking at the camera**, and *strong* **raised inner eyebrows**, *moderate* **lowered brows**, *weak* **a tight smile**, and *weak* **tightened lips**."
s_3_su_3,3,surprise,3,"Wow, I would never have made this.",normal,higher,louder,front,nodding,moderate,strong,strong,moderate,none,none,none,none,none,none,moderate,weak,none,moderate,none,none,none,"SPEAKER said “Wow, I would never have made this.”, with *normal* **speech rate**, *higher* **pitch**, *louder* **loudness**, while **looking at the camera**, while *nodding*, and *moderate* **raised inner eyebrows**, *strong* **raised outer eyebrows**, *strong* **lowered brows**, *moderate* **raised upper eyelids**, *moderate* **downturned mouth corners**, *weak* **raised chin**, and *moderate* **tightened lips**."
s_3_su_4,3,surprise,4,I never saw this coming.,normal,higher,normal,front,none,moderate,moderate,strong,moderate,none,none,none,none,none,none,weak,none,none,weak,none,none,none,"SPEAKER said “I never saw this coming.”, with *normal* **speech rate**, *higher* **pitch**, *normal* **loudness**, while **looking at the camera**, and *moderate* **raised inner eyebrows**, *moderate* **raised outer eyebrows**, *strong* **lowered brows**, *moderate* **raised upper eyelids**, *weak* **downturned mouth corners**, and *weak* **tightened lips**."
s_3_su_5,3,surprise,5,Oh my God! This is so weird!,normal,higher,louder,up,none,weak,weak,strong,weak,none,none,none,none,none,none,moderate,moderate,none,moderate,none,none,none,"SPEAKER said “Oh my God! This is so weird!”, with *normal* **speech rate**, *higher* **pitch**, *louder* **loudness**, while **looking at the camera**, and *weak* **raised inner eyebrows**, *weak* **raised outer eyebrows**, *strong* **lowered brows**, *weak* **raised upper eyelids**, *moderate* **downturned mouth corners**, *moderate* **raised chin**, and *moderate* **tightened lips**."
