take_id,actor,emotion,sentence,intensity,take,text,speech_rate,pitch,loudness,gaze,head,AU01,AU02,AU04,AU05,AU06,AU07,AU09,AU10,AU12,AU14,AU15,AU17,AU20,AU23,AU25,AU26,AU45,transcript
S_01_00_01_0_1,01,neutral,1,0,1,The birch canoe slid on the smooth planks.,normal,normal,normal,front,none,none,none,none,none,none,none,none,none,none,none,none,none,none,none,none,none,none,"Actor 01 said “The birch canoe slid on the smooth planks.”, with *normal* **speech rate**, *normal* **pitch**, *normal* **loudness**, and while **looking at the camera**."
S_01_00_02_0_1,01,neutral,2,0,1,Glue the sheet to the dark blue background.,normal,normal,normal,front,none,none,none,none,none,none,none,none,none,none,none,none,none,none,none,none,none,none,"Actor 01 said “Glue the sheet to the dark blue background.”, with *normal* **speech rate**, *normal* **pitch**, *normal* **loudness**, and while **looking at the camera**."
S_01_00_03_0_1,01,neutral,3,0,1,It's easy to tell the depth of a well.,normal,normal,normal,front,none,none,none,none,none,none,none,none,none,none,none,none,none,none,none,none,none,none,"Actor 01 said “It's easy to tell the depth of a well.”, with *normal* **speech rate**, *normal* **pitch**, *normal* **loudness**, and while **looking at the camera**."
S_01_00_04_0_1,01,neutral,4,0,1,These days a chicken leg is a rare dish.,normal,normal,normal,front,none,none,none,none,none,none,none,none,none,none,none,none,none,none,none,none,none,none,"Actor 01 said “These days a chicken leg is a rare dish.”, with *normal* **speech rate**, *normal* **pitch**, *normal* **loudness**, and while **looking at the camera**."
S_01_00_05_0_1,01,neutral,5,0,1,Rice is often served in round bowls.,normal,normal,normal,front,none,none,none,none,none,none,none,none,none,none,none,none,none,none,none,none,none,none,"Actor 01 said “Rice is often served in round bowls.”, with *normal* **speech rate**, *normal* **pitch**, *normal* **loudness**, and while **looking at the camera**."
S_01_00_06_0_1,01,neutral,6,0,1,The juice of lemons makes fine punch.,normal,normal,normal,front,none,none,none,none,none,none,none,none,none,none,none,none,none,none,none,none,none,none,"Actor 01 said “The juice of lemons makes fine punch.”, with *normal* **speech rate**, *normal* **pitch**, *normal* **loudness**, and while **looking at the camera**."
S_01_00_07_0_1,01,neutral,7,0,1,The box was thrown beside the parked truck.,normal,normal,normal,front,none,none,none,none,none,none,none,none,none,none,none,none,none,none,none,none,none,none,"Actor 01 said “The box was thrown beside the parked truck.”, with *normal* **speech rate**, *normal* **pitch**, *normal* **loudness**, and while **looking at the camera**."
S_01_00_08_0_1,01,neutral,8,0,1,The hogs were fed chopped corn and garbage.,normal,normal,normal,front,none,none,none,none,none,none,none,none,none,none,none,none,none,none,none,none,none,none,"Actor 01 said “The hogs were fed chopped corn and garbage.”, with *normal* **speech rate**, *normal* **pitch**, *normal* **loudness**, and while **looking at the camera**."
S_01_00_09_0_1,01,neutral,9,0,1,Four hours of steady work faced us.,normal,normal,normal,front,none,none,none,none,none,none,none,none,none,none,none,none,none,none,none,none,none,none,"Actor 01 said “Four hours of steady work faced us.”, with *normal* **speech rate**, *normal* **pitch**, *normal* **loudness**, and while **looking at the camera**."
S_01_00_10_0_1,01,neutral,10,0,1,A large size in stockings is hard to sell.,normal,normal,normal,front,none,none,none,none,none,none,none,none,none,none,none,none,none,none,none,none,none,none,"Actor 01 said “A large size in stockings is hard to sell.”, with *normal* **speech rate**, *normal* **pitch**, *normal* **loudness**, and while **looking at the camera**."
S_01_01_01_1_1,01,fear,1,1,1,The birch canoe slid on the smooth planks.,slow,lower,quieter,left,none,weak,none,moderate,weak,none,none,none,none,none,none,weak,none,none,none,none,none,moderate,"Actor 01 said “The birch canoe slid on the smooth planks.”, with *slow* **speech rate**, *lower* **pitch**, *quieter* **loudness**, **gaze** *averted* (to their left), and *weak* **raised inner eyebrows**, *moderate* **lowered brows**, *weak* **raised upper eyelids**, *weak* **downturned mouth corners**, and *moderate* **blinking**."
S_01_01_01_2_1,01,fear,1,2,1,The birch canoe slid on the smooth planks.,fast,higher,louder,front,none,moderate,weak,strong,moderate,none,moderate,none,none,none,none,weak,none,weak,none,strong,weak,strong,"Actor 01 said “The birch canoe slid on the smooth planks.”, with *fast* **speech rate**, *higher* **pitch**, *louder* **loudness**, while **looking at the camera**, and *moderate* **raised inner eyebrows**, *weak* **raised outer eyebrows**, *strong* **lowered brows**, *moderate* **raised upper eyelids**, *moderate* **tightened eyelids**, *weak* **downturned mouth corners**, *weak* **stretched lips**, *strong* **parted lips**, *weak* **a dropped jaw**, and *strong* **blinking**."
S_01_01_02_1_1,01,fear,2,1,1,Glue the sheet to the dark blue background.,slow,lower,quieter,left,none,weak,none,moderate,weak,none,none,none,none,none,none,weak,none,none,none,none,none,none,"Actor 01 said “Glue the sheet to the dark blue background.”, with *slow* **speech rate**, *lower* **pitch**, *quieter* **loudness**, **gaze** *averted* (to their left), and *weak* **raised inner eyebrows**, *moderate* **lowered brows**, *weak* **raised upper eyelids**, and *weak* **downturned mouth corners**."
S_01_01_02_2_1,01,fear,2,2,1,Glue the sheet to the dark blue background.,slow,higher,louder,front,none,strong,none,strong,strong,none,moderate,none,none,none,none,moderate,moderate,none,none,weak,moderate,strong,"Actor 01 said “Glue the sheet to the dark blue background.”, with *slow* **speech rate**, *higher* **pitch**, *louder* **loudness**, while **looking at the camera**, and *strong* **raised inner eyebrows**, *strong* **lowered brows**, *strong* **raised upper eyelids**, *moderate* **tightened eyelids**, *moderate* **downturned mouth corners**, *moderate* **raised chin**, *weak* **parted lips**, *moderate* **a dropped jaw**, and *strong* **blinking**."
S_01_01_03_1_1,01,fear,3,1,1,It's easy to tell the depth of a well.,slow,lower,quieter,down,none,moderate,none,strong,weak,none,weak,none,none,none,none,none,none,none,none,none,none,none,"Actor 01 said “It's easy to tell the depth of a well.”, with *slow* **speech rate**, *lower* **pitch**, *quieter* **loudness**, **gaze** *averted* (downwards), and *moderate* **raised inner eyebrows**, *strong* **lowered brows**, *weak* **raised upper eyelids**, and *weak* **tightened eyelids**."
S_01_01_03_2_1,01,fear,3,2,1,It's easy to tell the depth of a well.,slow,higher,louder,front,shaking,weak,none,strong,moderate,none,moderate,none,none,none,none,strong,none,none,none,strong,moderate,strong,"Actor 01 said “It's easy to tell the depth of a well.”, with *slow* **speech rate**, *higher* **pitch**, *louder* **loudness**, while **looking at the camera**, while *shaking* their **head**, and *weak* **raised inner eyebrows**, *strong* **lowered brows**, *moderate* **raised upper eyelids**, *moderate* **tightened eyelids**, *strong* **downturned mouth corners**, *strong* **parted lips**, *moderate* **a dropped jaw**, and *strong* **blinking**."
S_01_01_04_1_1,01,fear,4,1,1,These days a chicken leg is a rare dish.,slow,lower,quieter,front,none,weak,none,moderate,weak,none,none,none,none,none,none,weak,none,none,none,none,none,none,"Actor 01 said “These days a chicken leg is a rare dish.”, with *slow* **speech rate**, *lower* **pitch**, *quieter* **loudness**, while **looking at the camera**, and *weak* **raised inner eyebrows**, *moderate* **lowered brows**, *weak* **raised upper eyelids**, and *weak* **downturned mouth corners**."
S_01_01_04_2_1,01,fear,4,2,1,These days a chicken leg is a rare dish.,slow,higher,louder,up,shaking,weak,none,strong,moderate,none,moderate,none,none,none,none,strong,none,none,none,strong,weak,strong,"Actor 01 said “These days a chicken leg is a rare dish.”, with *slow* **speech rate**, *higher* **pitch**, *louder* **loudness**, **gaze** *averted* (upwards), while *shaking* their **head**, and *weak* **raised inner eyebrows**, *strong* **lowered brows**, *moderate* **raised upper eyelids**, *moderate* **tightened eyelids**, *strong* **downturned mouth corners**, *strong* **parted lips**, *weak* **a dropped jaw**, and *strong* **blinking**."
S_01_01_05_1_1,01,fear,5,1,1,Rice is often served in round bowls.,slow,lower,quieter,down,none,weak,none,weak,weak,none,none,none,none,none,none,none,none,none,none,none,none,moderate,"Actor 01 said “Rice is often served in round bowls.”, with *slow* **speech rate**, *lower* **pitch**, *quieter* **loudness**, **gaze** *averted* (downwards), and *weak* **raised inner eyebrows**, *weak* **lowered brows**, *weak* **raised upper eyelids**, and *moderate* **blinking**."
S_01_01_05_2_1,01,fear,5,2,1,Rice is often served in round bowls.,slow,higher,louder,front,none,moderate,weak,strong,moderate,none,moderate,none,none,none,none,weak,none,none,none,none,weak,strong,"Actor 01 said “Rice is often served in round bowls.”, with *slow* **speech rate**, *higher* **pitch**, *louder* **loudness**, while **looking at the camera**, and *moderate* **raised inner eyebrows**, *weak* **raised outer eyebrows**, *strong* **lowered brows**, *moderate* **raised upper eyelids**, *moderate* **tightened eyelids**, *weak* **downturned mouth corners**, *weak* **a dropped jaw**, and *strong* **blinking**."
S_01_01_06_1_1,01,fear,6,1,1,The juice of lemons makes fine punch.,slow,lower,quieter,left,none,weak,none,moderate,weak,none,none,none,none,none,none,weak,none,none,none,none,none,none,"Actor 01 said “The juice of lemons makes fine punch.”, with *slow* **speech rate**, *lower* **pitch**, *quieter* **loudness**, **gaze** *averted* (to their left), and *weak* **raised inner eyebrows**, *moderate* **lowered brows**, *weak* **raised upper eyelids**, and *weak* **downturned mouth corners**."
S_01_01_06_2_1,01,fear,6,2,1,The juice of lemons makes fine punch.,slow,higher,louder,front,none,moderate,weak,strong,moderate,none,weak,none,none,none,none,weak,none,none,none,none,weak,strong,"Actor 01 said “The juice of lemons makes fine punch.”, with *slow* **speech rate**, *higher* **pitch**, *louder* **loudness**, while **looking at the camera**, and *moderate* **raised inner eyebrows**, *weak* **raised outer eyebrows**, *strong* **lowered brows**, *moderate* **raised upper eyelids**, *weak* **tightened eyelids**, *weak* **downturned mouth corners**, *weak* **a dropped jaw**, and *strong* **blinking**."
S_01_01_07_1_1,01,fear,7,1,1,The box was thrown beside the parked truck.,slow,lower,quieter,front,none,weak,none,moderate,weak,none,none,none,none,none,none,weak,none,none,none,none,none,none,"Actor 01 said “The box was thrown beside the parked truck.”, with *slow* **speech rate**, *lower* **pitch**, *quieter* **loudness**, while **looking at the camera**, and *weak* **raised inner eyebrows**, *moderate* **lowered brows**, *weak* **raised upper eyelids**, and *weak* **downturned mouth corners**."
S_01_01_07_2_1,01,fear,7,2,1,The box was thrown beside the parked truck.,fast,higher,louder,front,none,moderate,weak,strong,moderate,none,moderate,none,none,none,none,weak,none,weak,none,strong,weak,strong,"Actor 01 said “The box was thrown beside the parked truck.”, with *fast* **speech rate**, *higher* **pitch**, *louder* **loudness**, while **looking at the camera**, and *moderate* **raised inner eyebrows**, *weak* **raised outer eyebrows**, *strong* **lowered brows**, *moderate* **raised upper eyelids**, *moderate* **tightened eyelids**, *weak* **downturned mouth corners**, *weak* **stretched lips**, *strong* **parted lips**, *weak* **a dropped jaw**, and *strong* **blinking**."
S_01_01_08_1_1,01,fear,8,1,1,The hogs were fed chopped corn and garbage.,slow,lower,quieter,left,none,weak,none,moderate,weak,none,none,none,none,none,none,weak,none,none,none,none,none,none,"Actor 01 said “The hogs were fed chopped corn and garbage.”, with *slow* **speech rate**, *lower* **pitch**, *quieter* **loudness**, **gaze** *averted* (to their left), and *weak* **raised inner eyebrows**, *moderate* **lowered brows**, *weak* **raised upper eyelids**, and *weak* **downturned mouth corners**."
S_01_01_08_2_1,01,fear,8,2,1,The hogs were fed chopped corn and garbage.,fast,higher,louder,front,none,moderate,weak,strong,moderate,none,weak,none,none,none,none,weak,none,none,none,strong,weak,none,"Actor 01 said “The hogs were fed chopped corn and garbage.”, with *fast* **speech rate**, *higher* **pitch**, *louder* **loudness**, while **looking at the camera**, and *moderate* **raised inner eyebrows**, *weak* **raised outer eyebrows**, *strong* **lowered brows**, *moderate* **raised upper eyelids**, *weak* **tightened eyelids**, *weak* **downturned mouth corners**, *strong* **parted lips**, and *weak* **a dropped jaw**."
S_01_01_09_1_1,01,fear,9,1,1,Four hours of steady work faced us.,slow,lower,quieter,front,none,weak,none,moderate,weak,none,none,none,none,none,none,weak,none,none,none,none,none,none,"Actor 01 said “Four hours of steady work faced us.”, with *slow* **speech rate**, *lower* **pitch**, *quieter* **loudness**, while **looking at the camera**, and *weak* **raised inner eyebrows**, *moderate* **lowered brows**, *weak* **raised upper eyelids**, and *weak* **downturned mouth corners**."
S_01_01_09_2_1,01,fear,9,2,1,Four hours of steady work faced us.,slow,higher,louder,front,none,moderate,weak,strong,moderate,none,weak,none,none,none,none,none,weak,none,none,strong,weak,none,"Actor 01 said “Four hours of steady work faced us.”, with *slow* **speech rate**, *higher* **pitch**, *louder* **loudness**, while **looking at the camera**, and *moderate* **raised inner eyebrows**, *weak* **raised outer eyebrows**, *strong* **lowered brows**, *moderate* **raised upper eyelids**, *weak* **tightened eyelids**, *weak* **raised chin**, *strong* **parted lips**, and *weak* **a dropped jaw**."
S_01_01_10_1_1,01,fear,10,1,1,A large size in stockings is hard to sell.,slow,lower,quieter,down,none,weak,none,moderate,none,none,none,none,none,none,none,weak,none,none,none,none,none,none,"Actor 01 said “A large size in stockings is hard to sell.”, with *slow* **speech rate**, *lower* **pitch**, *quieter* **loudness**, **gaze** *averted* (downwards), and *weak* **raised inner eyebrows**, *moderate* **lowered brows**, and *weak* **downturned mouth corners**."
S_01_01_10_2_1,01,fear,10,2,1,A large size in stockings is hard to sell.,slow,higher,louder,down,none,moderate,weak,strong,moderate,none,none,none,none,none,none,none,none,none,none,moderate,moderate,weak,"Actor 01 said “A large size in stockings is hard to sell.”, with *slow* **speech rate**, *higher* **pitch**, *louder* **loudness**, **gaze** *averted* (downwards), and *moderate* **raised inner eyebrows**, *weak* **raised outer eyebrows**, *strong* **lowered brows**, *moderate* **raised upper eyelids**, *moderate* **parted lips**, *moderate* **a dropped jaw**, and *weak* **blinking**."
S_01_02_01_1_1,01,anger,1,1,1,The birch canoe slid on the smooth planks.,fast,higher,louder,front,none,none,none,moderate,none,none,none,none,none,none,none,none,weak,none,none,none,none,none,"Actor 01 said “The birch canoe slid on the smooth planks.”, with *fast* **speech rate**, *higher* **pitch**, *louder* **loudness**, while **looking at the camera**, and *moderate* **lowered brows** and *weak* **raised chin**."
S_01_02_01_2_1,01,anger,1,2,1,The birch canoe slid on the smooth planks.,fast,higher,louder,front,shaking,none,none,strong,strong,none,moderate,none,none,none,none,strong,none,none,none,strong,none,none,"Actor 01 said “The birch canoe slid on the smooth planks.”, with *fast* **speech rate**, *higher* **pitch**, *louder* **loudness**, while **looking at the camera**, while *shaking* their **head**, and *strong* **lowered brows**, *strong* **raised upper eyelids**, *moderate* **tightened eyelids**, *strong* **downturned mouth corners**, and *strong* **parted lips**."
S_01_02_02_1_1,01,anger,2,1,1,Glue the sheet to the dark blue background.,fast,higher,louder,front,none,none,none,weak,none,none,none,none,none,none,none,moderate,none,none,none,none,none,none,"Actor 01 said “Glue the sheet to the dark blue background.”, with *fast* **speech rate**, *higher* **pitch**, *louder* **loudness**, while **looking at the camera**, and *weak* **lowered brows** and *moderate* **downturned mouth corners**."
S_01_02_02_2_1,01,anger,2,2,1,Glue the sheet to the dark blue background.,fast,higher,louder,front,shaking,none,none,moderate,none,none,none,none,none,none,none,strong,none,none,none,none,none,none,"Actor 01 said “Glue the sheet to the dark blue background.”, with *fast* **speech rate**, *higher* **pitch**, *louder* **loudness**, while **looking at the camera**, while *shaking* their **head**, and *moderate* **lowered brows** and *strong* **downturned mouth corners**."
S_01_02_03_1_1,01,anger,3,1,1,It's easy to tell the depth of a well.,normal,higher,louder,front,none,weak,none,moderate,none,none,none,none,none,none,none,none,none,none,none,none,none,none,"Actor 01 said “It's easy to tell the depth of a well.”, with *normal* **speech rate**, *higher* **pitch**, *louder* **loudness**, while **looking at the camera**, and *weak* **raised inner eyebrows** and *moderate* **lowered brows**."
S_01_02_03_2_1,01,anger,3,2,1,It's easy to tell the depth of a well.,fast,higher,louder,front,shaking,moderate,none,strong,moderate,none,moderate,none,none,none,none,strong,none,none,none,strong,none,none,"Actor 01 said “It's easy to tell the depth of a well.”, with *fast* **speech rate**, *higher* **pitch**, *louder* **loudness**, while **looking at the camera**, while *shaking* their **head**, and *moderate* **raised inner eyebrows**, *strong* **lowered brows**, *moderate* **raised upper eyelids**, *moderate* **tightened eyelids**, *strong* **downturned mouth corners**, and *strong* **parted lips**."
S_01_02_04_1_1,01,anger,4,1,1,These days a chicken leg is a rare dish.,fast,higher,louder,front,none,none,none,moderate,none,none,none,none,none,none,none,none,weak,none,none,none,none,none,"Actor 01 said “These days a chicken leg is a rare dish.”, with *fast* **speech rate**, *higher* **pitch**, *louder* **loudness**, while **looking at the camera**, and *moderate* **lowered brows** and *weak* **raised chin**."
S_01_02_04_2_1,01,anger,4,2,1,These days a chicken leg is a rare dish.,fast,higher,louder,front,shaking,moderate,none,strong,strong,none,moderate,none,none,none,none,none,moderate,none,strong,moderate,moderate,weak,"Actor 01 said “These days a chicken leg is a rare dish.”, with *fast* **speech rate**, *higher* **pitch**, *louder* **loudness**, while **looking at the camera**, while *shaking* their **head**, and *moderate* **raised inner eyebrows**, *strong* **lowered brows**, *strong* **raised upper eyelids**, *moderate* **tightened eyelids**, *moderate* **raised chin**, *strong* **tightened lips**, *moderate* **parted lips**, *moderate* **a dropped jaw**, and *weak* **blinking**."
S_01_02_05_1_1,01,anger,5,1,1,Rice is often served in round bowls.,fast,higher,louder,front,none,none,none,moderate,none,none,none,none,none,none,none,none,weak,none,none,none,none,none,"Actor 01 said “Rice is often served in round bowls.”, with *fast* **speech rate**, *higher* **pitch**, *louder* **loudness**, while **looking at the camera**, and *moderate* **lowered brows** and *weak* **raised chin**."
S_01_02_05_2_1,01,anger,5,2,1,Rice is often served in round bowls.,fast,higher,louder,front,shaking,moderate,none,strong,strong,none,moderate,none,none,none,none,none,moderate,none,strong,moderate,moderate,none,"Actor 01 said “Rice is often served in round bowls.”, with *fast* **speech rate**, *higher* **pitch**, *louder* **loudness**, while **looking at the camera**, while *shaking* their **head**, and *moderate* **raised inner eyebrows**, *strong* **lowered brows**, *strong* **raised upper eyelids**, *moderate* **tightened eyelids**, *moderate* **raised chin**, *strong* **tightened lips**, *moderate* **parted lips**, and *moderate* **a dropped jaw**."
S_01_02_06_1_1,01,anger,6,1,1,The juice of lemons makes fine punch.,fast,higher,louder,front,none,none,none,moderate,none,none,none,none,none,none,none,weak,none,none,none,none,none,none,"Actor 01 said “The juice of lemons makes fine punch.”, with *fast* **speech rate**, *higher* **pitch**, *louder* **loudness**, while **looking at the camera**, and *moderate* **lowered brows** and *weak* **downturned mouth corners**."
S_01_02_06_2_1,01,anger,6,2,1,The juice of lemons makes fine punch.,fast,higher,louder,front,shaking,none,none,strong,strong,none,moderate,none,none,none,none,moderate,strong,none,strong,strong,none,none,"Actor 01 said “The juice of lemons makes fine punch.”, with *fast* **speech rate**, *higher* **pitch**, *louder* **loudness**, while **looking at the camera**, while *shaking* their **head**, and *strong* **lowered brows**, *strong* **raised upper eyelids**, *moderate* **tightened eyelids**, *moderate* **downturned mouth corners**, *strong* **raised chin**, *strong* **tightened lips**, and *strong* **parted lips**."
S_01_02_07_1_1,01,anger,7,1,1,The box was thrown beside the parked truck.,fast,higher,louder,front,none,none,none,weak,none,none,none,none,none,none,none,moderate,none,none,none,none,none,none,"Actor 01 said “The box was thrown beside the parked truck.”, with *fast* **speech rate**, *higher* **pitch**, *louder* **loudness**, while **looking at the camera**, and *weak* **lowered brows** and *moderate* **downturned mouth corners**."
S_01_02_07_2_1,01,anger,7,2,1,The box was thrown beside the parked truck.,fast,higher,louder,front,shaking,none,none,strong,strong,none,moderate,none,none,none,none,moderate,moderate,none,strong,moderate,moderate,none,"Actor 01 said “The box was thrown beside the parked truck.”, with *fast* **speech rate**, *higher* **pitch**, *louder* **loudness**, while **looking at the camera**, while *shaking* their **head**, and *strong* **lowered brows**, *strong* **raised upper eyelids**, *moderate* **tightened eyelids**, *moderate* **downturned mouth corners**, *moderate* **raised chin**, *strong* **tightened lips**, *moderate* **parted lips**, and *moderate* **a dropped jaw**."
S_01_02_08_1_1,01,anger,8,1,1,The hogs were fed chopped corn and garbage.,normal,higher,louder,front,none,none,none,moderate,none,none,none,none,none,none,none,none,none,none,none,none,none,none,"Actor 01 said “The hogs were fed chopped corn and garbage.”, with *normal* **speech rate**, *higher* **pitch**, *louder* **loudness**, while **looking at the camera**, and *moderate* **lowered brows**."
S_01_02_08_2_1,01,anger,8,2,1,The hogs were fed chopped corn and garbage.,fast,higher,louder,front,shaking,none,none,strong,strong,none,moderate,none,none,none,none,moderate,strong,none,none,strong,none,none,"Actor 01 said “The hogs were fed chopped corn and garbage.”, with *fast* **speech rate**, *higher* **pitch**, *louder* **loudness**, while **looking at the camera**, while *shaking* their **head**, and *strong* **lowered brows**, *strong* **raised upper eyelids**, *moderate* **tightened eyelids**, *moderate* **downturned mouth corners**, *strong* **raised chin**, and *strong* **parted lips**."
S_01_02_09_1_1,01,anger,9,1,1,Four hours of steady work faced us.,fast,higher,louder,front,none,weak,none,moderate,none,none,none,none,none,none,none,none,weak,none,none,none,none,none,"Actor 01 said “Four hours of steady work faced us.”, with *fast* **speech rate**, *higher* **pitch**, *louder* **loudness**, while **looking at the camera**, and *weak* **raised inner eyebrows**, *moderate* **lowered brows**, and *weak* **raised chin**."
S_01_02_09_2_1,01,anger,9,2,1,Four hours of steady work faced us.,fast,higher,louder,front,shaking,none,none,strong,strong,none,moderate,none,none,none,none,moderate,moderate,none,strong,moderate,moderate,weak,"Actor 01 said “Four hours of steady work faced us.”, with *fast* **speech rate**, *higher* **pitch**, *louder* **loudness**, while **looking at the camera**, while *shaking* their **head**, and *strong* **lowered brows**, *strong* **raised upper eyelids**, *moderate* **tightened eyelids**, *moderate* **downturned mouth corners**, *moderate* **raised chin**, *strong* **tightened lips**, *moderate* **parted lips**, *moderate* **a dropped jaw**, and *weak* **blinking**."
S_01_02_10_1_1,01,anger,10,1,1,A large size in stockings is hard to sell.,fast,higher,louder,front,none,none,none,moderate,none,none,none,none,none,none,none,none,weak,none,none,none,none,none,"Actor 01 said “A large size in stockings is hard to sell.”, with *fast* **speech rate**, *higher* **pitch**, *louder* **loudness**, while **looking at the camera**, and *moderate* **lowered brows** and *weak* **raised chin**."
S_01_02_10_2_1,01,anger,10,2,1,A large size in stockings is hard to sell.,fast,higher,louder,front,shaking,none,none,strong,strong,none,moderate,none,none,none,none,strong,none,none,none,none,none,none,"Actor 01 said “A large size in stockings is hard to sell.”, with *fast* **speech rate**, *higher* **pitch**, *louder* **loudness**, while **looking at the camera**, while *shaking* their **head**, and *strong* **lowered brows**, *strong* **raised upper eyelids**, *moderate* **tightened eyelids**, and *strong* **downturned mouth corners**."
S_01_03_01_1_1,01,happiness,1,1,1,The birch canoe slid on the smooth planks.,normal,higher,normal,front,none,none,none,none,none,weak,none,none,none,weak,none,none,none,none,none,none,none,none,"Actor 01 said “The birch canoe slid on the smooth planks.”, with *normal* **speech rate**, *higher* **pitch**, *normal* **loudness**, while **looking at the camera**, and *weak* **raised cheeks** and *weak* **a smile**."
S_01_03_01_2_1,01,happiness,1,2,1,The birch canoe slid on the smooth planks.,fast,higher,louder,front,nodding,moderate,weak,none,moderate,strong,none,none,none,strong,none,none,weak,none,none,none,none,none,"Actor 01 said “The birch canoe slid on the smooth planks.”, with *fast* **speech rate**, *higher* **pitch**, *louder* **loudness**, while **looking at the camera**, while *nodding*, and *moderate* **raised inner eyebrows**, *weak* **raised outer eyebrows**, *moderate* **raised upper eyelids**, *strong* **raised cheeks**, *strong* **a smile**, and *weak* **raised chin**."
S_01_03_02_1_1,01,happiness,2,1,1,Glue the sheet to the dark blue background.,normal,higher,normal,front,none,weak,none,none,none,weak,none,none,none,weak,none,none,none,none,none,none,none,none,"Actor 01 said “Glue the sheet to the dark blue background.”, with *normal* **speech rate**, *higher* **pitch**, *normal* **loudness**, while **looking at the camera**, and *weak* **raised inner eyebrows**, *weak* **raised cheeks**, and *weak* **a smile**."
S_01_03_02_2_1,01,happiness,2,2,1,Glue the sheet to the dark blue background.,fast,higher,louder,front,nodding,moderate,weak,none,moderate,strong,weak,none,none,strong,none,none,moderate,none,none,strong,none,none,"Actor 01 said “Glue the sheet to the dark blue background.”, with *fast* **speech rate**, *higher* **pitch**, *louder* **loudness**, while **looking at the camera**, while *nodding*, and *moderate* **raised inner eyebrows**, *weak* **raised outer eyebrows**, *moderate* **raised upper eyelids**, *strong* **raised cheeks**, *weak* **tightened eyelids**, *strong* **a smile**, *moderate* **raised chin**, and *strong* **parted lips**."
S_01_03_03_1_1,01,happiness,3,1,1,It's easy to tell the depth of a well.,normal,normal,normal,front,none,none,none,none,none,weak,none,none,none,weak,none,none,none,none,none,none,none,none,"Actor 01 said “It's easy to tell the depth of a well.”, with *normal* **speech rate**, *normal* **pitch**, *normal* **loudness**, while **looking at the camera**, and *weak* **raised cheeks** and *weak* **a smile**."
S_01_03_03_2_1,01,happiness,3,2,1,It's easy to tell the depth of a well.,fast,higher,louder,up,nodding,moderate,weak,none,moderate,strong,none,none,none,strong,none,none,none,none,none,moderate,moderate,none,"Actor 01 said “It's easy to tell the depth of a well.”, with *fast* **speech rate**, *higher* **pitch**, *louder* **loudness**, **gaze** *averted* (upwards), while *nodding*, and *moderate* **raised inner eyebrows**, *weak* **raised outer eyebrows**, *moderate* **raised upper eyelids**, *strong* **raised cheeks**, *strong* **a smile**, *moderate* **parted lips**, and *moderate* **a dropped jaw**."
S_01_03_04_1_1,01,happiness,4,1,1,These days a chicken leg is a rare dish.,normal,normal,normal,front,none,none,none,none,none,weak,none,none,none,weak,none,none,none,none,none,none,none,none,"Actor 01 said “These days a chicken leg is a rare dish.”, with *normal* **speech rate**, *normal* **pitch**, *normal* **loudness**, while **looking at the camera**, and *weak* **raised cheeks** and *weak* **a smile**."
S_01_03_04_2_1,01,happiness,4,2,1,These days a chicken leg is a rare dish.,fast,higher,louder,front,nodding,moderate,none,none,strong,strong,moderate,none,none,strong,none,none,moderate,none,none,strong,none,none,"Actor 01 said “These days a chicken leg is a rare dish.”, with *fast* **speech rate**, *higher* **pitch**, *louder* **loudness**, while **looking at the camera**, while *nodding*, and *moderate* **raised inner eyebrows**, *strong* **raised upper eyelids**, *strong* **raised cheeks**, *moderate* **tightened eyelids**, *strong* **a smile**, *moderate* **raised chin**, and *strong* **parted lips**."
S_01_03_05_1_1,01,happiness,5,1,1,Rice is often served in round bowls.,normal,higher,normal,front,none,weak,none,none,none,weak,none,none,none,weak,none,none,none,none,none,none,none,none,"Actor 01 said “Rice is often served in round bowls.”, with *normal* **speech rate**, *higher* **pitch**, *normal* **loudness**, while **looking at the camera**, and *weak* **raised inner eyebrows**, *weak* **raised cheeks**, and *weak* **a smile**."
S_01_03_05_2_1,01,happiness,5,2,1,Rice is often served in round bowls.,fast,higher,louder,front,nodding,moderate,weak,none,moderate,strong,none,none,none,strong,none,none,moderate,none,none,weak,none,none,"Actor 01 said “Rice is often served in round bowls.”, with *fast* **speech rate**, *higher* **pitch**, *louder* **loudness**, while **looking at the camera**, while *nodding*, and *moderate* **raised inner eyebrows**, *weak* **raised outer eyebrows**, *moderate* **raised upper eyelids**, *strong* **raised cheeks**, *strong* **a smile**, *moderate* **raised chin**, and *weak* **parted lips**."
S_01_03_06_1_1,01,happiness,6,1,1,The juice of lemons makes fine punch.,normal,normal,normal,front,none,none,none,none,none,weak,none,none,none,weak,none,none,none,none,none,none,none,none,"Actor 01 said “The juice of lemons makes fine punch.”, with *normal* **speech rate**, *normal* **pitch**, *normal* **loudness**, while **looking at the camera**, and *weak* **raised cheeks** and *weak* **a smile**."
S_01_03_06_2_1,01,happiness,6,2,1,The juice of lemons makes fine punch.,fast,higher,louder,front,nodding,moderate,weak,none,moderate,strong,weak,none,none,strong,none,none,weak,none,none,none,none,none,"Actor 01 said “The juice of lemons makes fine punch.”, with *fast* **speech rate**, *higher* **pitch**, *louder* **loudness**, while **looking at the camera**, while *nodding*, and *moderate* **raised inner eyebrows**, *weak* **raised outer eyebrows**, *moderate* **raised upper eyelids**, *strong* **raised cheeks**, *weak* **tightened eyelids**, *strong* **a smile**, and *weak* **raised chin**."
S_01_03_07_1_1,01,happiness,7,1,1,The box was thrown beside the parked truck.,normal,higher,normal,front,none,weak,none,none,none,weak,none,none,none,weak,none,none,none,none,none,none,none,none,"Actor 01 said “The box was thrown beside the parked truck.”, with *normal* **speech rate**, *higher* **pitch**, *normal* **loudness**, while **looking at the camera**, and *weak* **raised inner eyebrows**, *weak* **raised cheeks**, and *weak* **a smile**."
S_01_03_07_2_1,01,happiness,7,2,1,The box was thrown beside the parked truck.,fast,higher,louder,front,nodding,moderate,weak,none,moderate,strong,none,none,none,strong,none,none,moderate,none,none,strong,none,none,"Actor 01 said “The box was thrown beside the parked truck.”, with *fast* **speech rate**, *higher* **pitch**, *louder* **loudness**, while **looking at the camera**, while *nodding*, and *moderate* **raised inner eyebrows**, *weak* **raised outer eyebrows**, *moderate* **raised upper eyelids**, *strong* **raised cheeks**, *strong* **a smile**, *moderate* **raised chin**, and *strong* **parted lips**."
S_01_03_08_1_1,01,happiness,8,1,1,The hogs were fed chopped corn and garbage.,normal,normal,normal,front,none,none,none,none,none,weak,none,none,none,weak,none,none,none,none,none,none,none,none,"Actor 01 said “The hogs were fed chopped corn and garbage.”, with *normal* **speech rate**, *normal* **pitch**, *normal* **loudness**, while **looking at the camera**, and *weak* **raised cheeks** and *weak* **a smile**."
S_01_03_08_2_1,01,happiness,8,2,1,The hogs were fed chopped corn and garbage.,fast,higher,louder,front,nodding,moderate,weak,none,moderate,strong,weak,none,none,strong,none,none,moderate,none,none,strong,none,none,"Actor 01 said “The hogs were fed chopped corn and garbage.”, with *fast* **speech rate**, *higher* **pitch**, *louder* **loudness**, while **looking at the camera**, while *nodding*, and *moderate* **raised inner eyebrows**, *weak* **raised outer eyebrows**, *moderate* **raised upper eyelids**, *strong* **raised cheeks**, *weak* **tightened eyelids**, *strong* **a smile**, *moderate* **raised chin**, and *strong* **parted lips**."
S_01_03_09_1_1,01,happiness,9,1,1,Four hours of steady work faced us.,normal,normal,normal,front,none,none,none,none,none,none,none,none,none,weak,none,none,none,none,none,none,none,none,"Actor 01 said “Four hours of steady work faced us.”, with *normal* **speech rate**, *normal* **pitch**, *normal* **loudness**, while **looking at the camera**, and *weak* **a smile**."
S_01_03_09_2_1,01,happiness,9,2,1,Four hours of steady work faced us.,fast,higher,louder,front,nodding,moderate,weak,none,moderate,strong,none,none,none,strong,none,none,weak,none,none,none,none,none,"Actor 01 said “Four hours of steady work faced us.”, with *fast* **speech rate**, *higher* **pitch**, *louder* **loudness**, while **looking at the camera**, while *nodding*, and *moderate* **raised inner eyebrows**, *weak* **raised outer eyebrows**, *moderate* **raised upper eyelids**, *strong* **raised cheeks**, *strong* **a smile**, and *weak* **raised chin**."
S_01_03_10_1_1,01,happiness,10,1,1,A large size in stockings is hard to sell.,normal,normal,normal,front,none,none,none,none,none,weak,none,none,none,weak,none,none,none,none,none,none,none,none,"Actor 01 said “A large size in stockings is hard to sell.”, with *normal* **speech rate**, *normal* **pitch**, *normal* **loudness**, while **looking at the camera**, and *weak* **raised cheeks** and *weak* **a smile**."
S_01_03_10_2_1,01,happiness,10,2,1,A large size in stockings is hard to sell.,fast,higher,louder,front,nodding,moderate,weak,none,moderate,strong,weak,none,none,strong,none,none,weak,none,none,strong,weak,none,"Actor 01 said “A large size in stockings is hard to sell.”, with *fast* **speech rate**, *higher* **pitch**, *louder* **loudness**, while **looking at the camera**, while *nodding*, and *moderate* **raised inner eyebrows**, *weak* **raised outer eyebrows**, *moderate* **raised upper eyelids**, *strong* **raised cheeks**, *weak* **tightened eyelids**, *strong* **a smile**, *weak* **raised chin**, *strong* **parted lips**, and *weak* **a dropped jaw**."
S_01_04_01_1_1,01,sadness,1,1,1,The birch canoe slid on the smooth planks.,slow,lower,quieter,down,none,weak,none,weak,none,none,none,none,none,none,none,weak,none,none,none,none,none,none,"Actor 01 said “The birch canoe slid on the smooth planks.”, with *slow* **speech rate**, *lower* **pitch**, *quieter* **loudness**, **gaze** *averted* (downwards), and *weak* **raised inner eyebrows**, *weak* **lowered brows**, and *weak* **downturned mouth corners**."
S_01_04_01_2_1,01,sadness,1,2,1,The birch canoe slid on the smooth planks.,slow,lower,quieter,down,none,moderate,none,strong,none,none,none,none,none,none,none,weak,none,none,none,moderate,none,strong,"Actor 01 said “The birch canoe slid on the smooth planks.”, with *slow* **speech rate**, *lower* **pitch**, *quieter* **loudness**, **gaze** *averted* (downwards), and *moderate* **raised inner eyebrows**, *strong* **lowered brows**, *weak* **downturned mouth corners**, *moderate* **parted lips**, and *strong* **blinking**."
S_01_04_02_1_1,01,sadness,2,1,1,Glue the sheet to the dark blue background.,slow,lower,quieter,down,none,weak,none,weak,none,none,none,none,none,none,none,weak,none,none,none,none,none,none,"Actor 01 said “Glue the sheet to the dark blue background.”, with *slow* **speech rate**, *lower* **pitch**, *quieter* **loudness**, **gaze** *averted* (downwards), and *weak* **raised inner eyebrows**, *weak* **lowered brows**, and *weak* **downturned mouth corners**."
S_01_04_02_2_1,01,sadness,2,2,1,Glue the sheet to the dark blue background.,slow,lower,quieter,down,none,moderate,none,moderate,none,none,none,none,none,none,none,moderate,weak,none,none,weak,weak,strong,"Actor 01 said “Glue the sheet to the dark blue background.”, with *slow* **speech rate**, *lower* **pitch**, *quieter* **loudness**, **gaze** *averted* (downwards), and *moderate* **raised inner eyebrows**, *moderate* **lowered brows**, *moderate* **downturned mouth corners**, *weak* **raised chin**, *weak* **parted lips**, *weak* **a dropped jaw**, and *strong* **blinking**."
S_01_04_03_1_1,01,sadness,3,1,1,It's easy to tell the depth of a well.,slow,lower,quieter,down,none,weak,none,moderate,none,none,none,none,none,none,none,weak,none,none,none,none,none,weak,"Actor 01 said “It's easy to tell the depth of a well.”, with *slow* **speech rate**, *lower* **pitch**, *quieter* **loudness**, **gaze** *averted* (downwards), and *weak* **raised inner eyebrows**, *moderate* **lowered brows**, *weak* **downturned mouth corners**, and *weak* **blinking**."
S_01_04_03_2_1,01,sadness,3,2,1,It's easy to tell the depth of a well.,slow,lower,quieter,down,none,moderate,none,moderate,none,none,none,none,none,none,none,moderate,weak,none,none,weak,weak,strong,"Actor 01 said “It's easy to tell the depth of a well.”, with *slow* **speech rate**, *lower* **pitch**, *quieter* **loudness**, **gaze** *averted* (downwards), and *moderate* **raised inner eyebrows**, *moderate* **lowered brows**, *moderate* **downturned mouth corners**, *weak* **raised chin**, *weak* **parted lips**, *weak* **a dropped jaw**, and *strong* **blinking**."
S_01_04_04_1_1,01,sadness,4,1,1,These days a chicken leg is a rare dish.,slow,lower,quieter,down,none,weak,none,weak,none,none,none,none,none,none,none,weak,none,none,none,none,none,none,"Actor 01 said “These days a chicken leg is a rare dish.”, with *slow* **speech rate**, *lower* **pitch**, *quieter* **loudness**, **gaze** *averted* (downwards), and *weak* **raised inner eyebrows**, *weak* **lowered brows**, and *weak* **downturned mouth corners**."
S_01_04_04_2_1,01,sadness,4,2,1,These days a chicken leg is a rare dish.,slow,lower,quieter,down,none,weak,none,strong,none,none,none,none,none,none,none,weak,none,none,none,none,none,moderate,"Actor 01 said “These days a chicken leg is a rare dish.”, with *slow* **speech rate**, *lower* **pitch**, *quieter* **loudness**, **gaze** *averted* (downwards), and *weak* **raised inner eyebrows**, *strong* **lowered brows**, *weak* **downturned mouth corners**, and *moderate* **blinking**."
S_01_04_05_1_1,01,sadness,5,1,1,Rice is often served in round bowls.,slow,lower,quieter,down,none,weak,none,weak,none,none,none,none,none,none,none,weak,none,none,none,none,none,none,"Actor 01 said “Rice is often served in round bowls.”, with *slow* **speech rate**, *lower* **pitch**, *quieter* **loudness**, **gaze** *averted* (downwards), and *weak* **raised inner eyebrows**, *weak* **lowered brows**, and *weak* **downturned mouth corners**."
S_01_04_05_2_1,01,sadness,5,2,1,Rice is often served in round bowls.,slow,lower,quieter,down,none,moderate,none,strong,none,none,none,none,none,none,none,moderate,weak,none,none,weak,weak,strong,"Actor 01 said “Rice is often served in round bowls.”, with *slow* **speech rate**, *lower* **pitch**, *quieter* **loudness**, **gaze** *averted* (downwards), and *moderate* **raised inner eyebrows**, *strong* **lowered brows**, *moderate* **downturned mouth corners**, *weak* **raised chin**, *weak* **parted lips**, *weak* **a dropped jaw**, and *strong* **blinking**."
S_01_04_06_1_1,01,sadness,6,1,1,The juice of lemons makes fine punch.,slow,lower,quieter,down,none,weak,none,weak,none,none,none,none,none,none,none,weak,none,none,none,none,none,none,"Actor 01 said “The juice of lemons makes fine punch.”, with *slow* **speech rate**, *lower* **pitch**, *quieter* **loudness**, **gaze** *averted* (downwards), and *weak* **raised inner eyebrows**, *weak* **lowered brows**, and *weak* **downturned mouth corners**."
S_01_04_06_2_1,01,sadness,6,2,1,The juice of lemons makes fine punch.,slow,lower,quieter,down,none,moderate,none,strong,weak,none,moderate,none,none,none,none,moderate,weak,none,none,weak,weak,strong,"Actor 01 said “The juice of lemons makes fine punch.”, with *slow* **speech rate**, *lower* **pitch**, *quieter* **loudness**, **gaze** *averted* (downwards), and *moderate* **raised inner eyebrows**, *strong* **lowered brows**, *weak* **raised upper eyelids**, *moderate* **tightened eyelids**, *moderate* **downturned mouth corners**, *weak* **raised chin**, *weak* **parted lips**, *weak* **a dropped jaw**, and *strong* **blinking**."
S_01_04_07_1_1,01,sadness,7,1,1,The box was thrown beside the parked truck.,slow,lower,quieter,down,none,weak,none,weak,none,none,none,none,none,none,none,weak,none,none,none,none,none,none,"Actor 01 said “The box was thrown beside the parked truck.”, with *slow* **speech rate**, *lower* **pitch**, *quieter* **loudness**, **gaze** *averted* (downwards), and *weak* **raised inner eyebrows**, *weak* **lowered brows**, and *weak* **downturned mouth corners**."
S_01_04_07_2_1,01,sadness,7,2,1,The box was thrown beside the parked truck.,slow,lower,quieter,down,none,strong,none,strong,weak,none,moderate,none,none,none,none,moderate,weak,none,none,weak,weak,moderate,"Actor 01 said “The box was thrown beside the parked truck.”, with *slow* **speech rate**, *lower* **pitch**, *quieter* **loudness**, **gaze** *averted* (downwards), and *strong* **raised inner eyebrows**, *strong* **lowered brows**, *weak* **raised upper eyelids**, *moderate* **tightened eyelids**, *moderate* **downturned mouth corners**, *weak* **raised chin**, *weak* **parted lips**, *weak* **a dropped jaw**, and *moderate* **blinking**."
S_01_04_08_1_1,01,sadness,8,1,1,The hogs were fed chopped corn and garbage.,slow,lower,quieter,down,none,weak,none,weak,none,none,none,none,none,none,none,weak,none,none,none,none,none,none,"Actor 01 said “The hogs were fed chopped corn and garbage.”, with *slow* **speech rate**, *lower* **pitch**, *quieter* **loudness**, **gaze** *averted* (downwards), and *weak* **raised inner eyebrows**, *weak* **lowered brows**, and *weak* **downturned mouth corners**."
S_01_04_08_2_1,01,sadness,8,2,1,The hogs were fed chopped corn and garbage.,slow,lower,quieter,down,none,weak,none,strong,none,none,none,none,none,none,none,weak,none,none,none,none,none,moderate,"Actor 01 said “The hogs were fed chopped corn and garbage.”, with *slow* **speech rate**, *lower* **pitch**, *quieter* **loudness**, **gaze** *averted* (downwards), and *weak* **raised inner eyebrows**, *strong* **lowered brows**, *weak* **downturned mouth corners**, and *moderate* **blinking**."
S_01_04_09_1_1,01,sadness,9,1,1,Four hours of steady work faced us.,slow,lower,quieter,down,none,weak,none,weak,none,none,none,none,none,none,none,weak,none,none,none,none,none,none,"Actor 01 said “Four hours of steady work faced us.”, with *slow* **speech rate**, *lower* **pitch**, *quieter* **loudness**, **gaze** *averted* (downwards), and *weak* **raised inner eyebrows**, *weak* **lowered brows**, and *weak* **downturned mouth corners**."
S_01_04_09_2_1,01,sadness,9,2,1,Four hours of steady work faced us.,slow,lower,quieter,down,none,strong,none,strong,weak,none,none,none,none,none,none,moderate,none,none,none,none,none,moderate,"Actor 01 said “Four hours of steady work faced us.”, with *slow* **speech rate**, *lower* **pitch**, *quieter* **loudness**, **gaze** *averted* (downwards), and *strong* **raised inner eyebrows**, *strong* **lowered brows**, *weak* **raised upper eyelids**, *moderate* **downturned mouth corners**, and *moderate* **blinking**."
S_01_04_10_1_1,01,sadness,10,1,1,A large size in stockings is hard to sell.,slow,lower,quieter,down,none,weak,none,weak,none,none,none,none,none,none,none,weak,none,none,none,none,none,none,"Actor 01 said “A large size in stockings is hard to sell.”, with *slow* **speech rate**, *lower* **pitch**, *quieter* **loudness**, **gaze** *averted* (downwards), and *weak* **raised inner eyebrows**, *weak* **lowered brows**, and *weak* **downturned mouth corners**."
S_01_04_10_2_1,01,sadness,10,2,1,A large size in stockings is hard to sell.,slow,lower,quieter,down,none,moderate,none,strong,none,none,none,none,none,none,none,moderate,none,none,none,weak,weak,none,"Actor 01 said “A large size in stockings is hard to sell.”, with *slow* **speech rate**, *lower* **pitch**, *quieter* **loudness**, **gaze** *averted* (downwards), and *moderate* **raised inner eyebrows**, *strong* **lowered brows**, *moderate* **downturned mouth corners**, *weak* **parted lips**, and *weak* **a dropped jaw**."
S_01_05_01_1_1,01,disgust,1,1,1,The birch canoe slid on the smooth planks.,normal,normal,quieter,front,none,none,none,weak,none,none,weak,weak,none,none,none,none,none,none,weak,none,none,none,"Actor 01 said “The birch canoe slid on the smooth planks.”, with *normal* **speech rate**, *normal* **pitch**, *quieter* **loudness**, while **looking at the camera**, and *weak* **lowered brows**, *weak* **tightened eyelids**, *weak* **wrinkled nose**, and *weak* **tightened lips**."
S_01_05_02_1_1,01,disgust,2,1,1,Glue the sheet to the dark blue background.,normal,normal,normal,front,none,none,none,weak,none,none,none,weak,none,none,none,none,none,none,weak,none,none,none,"Actor 01 said “Glue the sheet to the dark blue background.”, with *normal* **speech rate**, *normal* **pitch**, *normal* **loudness**, while **looking at the camera**, and *weak* **lowered brows**, *weak* **wrinkled nose**, and *weak* **tightened lips**."
S_01_05_03_1_1,01,disgust,3,1,1,It's easy to tell the depth of a well.,normal,normal,normal,down,none,none,none,weak,none,none,none,weak,none,none,none,none,none,none,none,none,none,none,"Actor 01 said “It's easy to tell the depth of a well.”, with *normal* **speech rate**, *normal* **pitch**, *normal* **loudness**, **gaze** *averted* (downwards), and *weak* **lowered brows** and *weak* **wrinkled nose**."
S_01_05_04_1_1,01,disgust,4,1,1,These days a chicken leg is a rare dish.,slow,lower,quieter,front,none,weak,none,moderate,none,none,none,weak,none,none,none,none,weak,weak,none,weak,none,none,"Actor 01 said “These days a chicken leg is a rare dish.”, with *slow* **speech rate**, *lower* **pitch**, *quieter* **loudness**, while **looking at the camera**, and *weak* **raised inner eyebrows**, *moderate* **lowered brows**, *weak* **wrinkled nose**, *weak* **raised chin**, *weak* **stretched lips**, and *weak* **parted lips**."
S_01_05_04_2_1,01,disgust,4,2,1,These days a chicken leg is a rare dish.,slow,lower,louder,front,none,moderate,none,strong,none,none,none,strong,none,none,none,moderate,moderate,none,none,weak,none,strong,"Actor 01 said “These days a chicken leg is a rare dish.”, with *slow* **speech rate**, *lower* **pitch**, *louder* **loudness**, while **looking at the camera**, and *moderate* **raised inner eyebrows**, *strong* **lowered brows**, *strong* **wrinkled nose**, *moderate* **downturned mouth corners**, *moderate* **raised chin**, *weak* **parted lips**, and *strong* **blinking**."
S_01_05_05_1_1,01,disgust,5,1,1,Rice is often served in round bowls.,normal,normal,normal,front,none,none,none,none,none,none,none,weak,none,none,none,none,none,none,none,none,none,none,"Actor 01 said “Rice is often served in round bowls.”, with *normal* **speech rate**, *normal* **pitch**, *normal* **loudness**, while **looking at the camera**, and *weak* **wrinkled nose**."
S_01_05_05_2_1,01,disgust,5,2,1,Rice is often served in round bowls.,slow,lower,quieter,down,shaking,weak,none,strong,none,none,moderate,strong,none,none,none,strong,none,none,none,strong,weak,strong,"Actor 01 said “Rice is often served in round bowls.”, with *slow* **speech rate**, *lower* **pitch**, *quieter* **loudness**, **gaze** *averted* (downwards), while *shaking* their **head**, and *weak* **raised inner eyebrows**, *strong* **lowered brows**, *moderate* **tightened eyelids**, *strong* **wrinkled nose**, *strong* **downturned mouth corners**, *strong* **parted lips**, *weak* **a dropped jaw**, and *strong* **blinking**."
S_01_05_06_1_1,01,disgust,6,1,1,The juice of lemons makes fine punch.,normal,normal,normal,front,none,none,none,weak,none,none,none,weak,none,none,none,none,none,none,none,none,none,none,"Actor 01 said “The juice of lemons makes fine punch.”, with *normal* **speech rate**, *normal* **pitch**, *normal* **loudness**, while **looking at the camera**, and *weak* **lowered brows** and *weak* **wrinkled nose**."
S_01_05_07_1_1,01,disgust,7,1,1,The box was thrown beside the parked truck.,normal,normal,normal,front,none,none,none,none,none,none,none,weak,none,none,none,none,none,none,none,none,none,none,"Actor 01 said “The box was thrown beside the parked truck.”, with *normal* **speech rate**, *normal* **pitch**, *normal* **loudness**, while **looking at the camera**, and *weak* **wrinkled nose**."
S_01_05_08_1_1,01,disgust,8,1,1,The hogs were fed chopped corn and garbage.,normal,normal,normal,front,none,none,none,weak,none,none,none,weak,none,none,none,none,none,none,weak,none,none,none,"Actor 01 said “The hogs were fed chopped corn and garbage.”, with *normal* **speech rate**, *normal* **pitch**, *normal* **loudness**, while **looking at the camera**, and *weak* **lowered brows**, *weak* **wrinkled nose**, and *weak* **tightened lips**."
S_01_05_09_1_1,01,disgust,9,1,1,Four hours of steady work faced us.,normal,normal,normal,front,none,none,none,none,none,none,none,weak,none,none,none,none,none,none,none,none,none,none,"Actor 01 said “Four hours of steady work faced us.”, with *normal* **speech rate**, *normal* **pitch**, *normal* **loudness**, while **looking at the camera**, and *weak* **wrinkled nose**."
S_01_05_09_2_1,01,disgust,9,2,1,Four hours of steady work faced us.,slow,lower,louder,front,none,moderate,none,strong,none,none,none,moderate,none,none,none,none,none,none,none,none,none,weak,"Actor 01 said “Four hours of steady work faced us.”, with *slow* **speech rate**, *lower* **pitch**, *louder* **loudness**, while **looking at the camera**, and *moderate* **raised inner eyebrows**, *strong* **lowered brows**, *moderate* **wrinkled nose**, and *weak* **blinking**."
S_01_05_10_1_1,01,disgust,10,1,1,A large size in stockings is hard to sell.,slow,lower,quieter,front,none,none,none,weak,none,none,none,weak,none,none,none,weak,none,none,weak,none,none,weak,"Actor 01 said “A large size in stockings is hard to sell.”, with *slow* **speech rate**, *lower* **pitch**, *quieter* **loudness**, while **looking at the camera**, and *weak* **lowered brows**, *weak* **wrinkled nose**, *weak* **downturned mouth corners**, *weak* **tightened lips**, and *weak* **blinking**."
S_01_05_10_2_1,01,disgust,10,2,1,A large size in stockings is hard to sell.,slow,lower,louder,down,shaking,weak,none,strong,none,none,none,moderate,none,none,none,none,strong,none,none,strong,weak,strong,"Actor 01 said “A large size in stockings is hard to sell.”, with *slow* **speech rate**, *lower* **pitch**, *louder* **loudness**, **gaze** *averted* (downwards), while *shaking* their **head**, and *weak* **raised inner eyebrows**, *strong* **lowered brows**, *moderate* **wrinkled nose**, *strong* **raised chin**, *strong* **parted lips**, *weak* **a dropped jaw**, and *strong* **blinking**."
S_01_06_01_1_1,01,surprise,1,1,1,The birch canoe slid on the smooth planks.,fast,higher,normal,front,none,none,none,weak,weak,none,none,none,none,none,none,none,none,none,none,none,none,none,"Actor 01 said “The birch canoe slid on the smooth planks.”, with *fast* **speech rate**, *higher* **pitch**, *normal* **loudness**, while **looking at the camera**, and *weak* **lowered brows** and *weak* **raised upper eyelids**."
S_01_06_01_2_1,01,surprise,1,2,1,The birch canoe slid on the smooth planks.,fast,higher,louder,front,none,moderate,strong,strong,strong,weak,moderate,none,none,none,none,none,none,none,none,strong,moderate,none,"Actor 01 said “The birch canoe slid on the smooth planks.”, with *fast* **speech rate**, *higher* **pitch**, *louder* **loudness**, while **looking at the camera**, and *moderate* **raised inner eyebrows**, *strong* **raised outer eyebrows**, *strong* **lowered brows**, *strong* **raised upper eyelids**, *weak* **raised cheeks**, *moderate* **tightened eyelids**, *strong* **parted lips**, and *moderate* **a dropped jaw**."
S_01_06_02_1_1,01,surprise,2,1,1,Glue the sheet to the dark blue background.,fast,higher,louder,front,none,weak,none,none,weak,none,none,none,none,none,none,none,none,none,none,none,none,none,"Actor 01 said “Glue the sheet to the dark blue background.”, with *fast* **speech rate**, *higher* **pitch**, *louder* **loudness**, while **looking at the camera**, and *weak* **raised inner eyebrows** and *weak* **raised upper eyelids**."
S_01_06_02_2_1,01,surprise,2,2,1,Glue the sheet to the dark blue background.,fast,higher,louder,front,none,strong,strong,strong,strong,none,moderate,none,none,weak,none,none,none,none,none,strong,moderate,none,"Actor 01 said “Glue the sheet to the dark blue background.”, with *fast* **speech rate**, *higher* **pitch**, *louder* **loudness**, while **looking at the camera**, and *strong* **raised inner eyebrows**, *strong* **raised outer eyebrows**, *strong* **lowered brows**, *strong* **raised upper eyelids**, *moderate* **tightened eyelids**, *weak* **a smile**, *strong* **parted lips**, and *moderate* **a dropped jaw**."
S_01_06_03_1_1,01,surprise,3,1,1,It's easy to tell the depth of a well.,normal,higher,normal,front,none,none,weak,none,weak,none,none,none,none,none,none,none,none,none,none,none,none,none,"Actor 01 said “It's easy to tell the depth of a well.”, with *normal* **speech rate**, *higher* **pitch**, *normal* **loudness**, while **looking at the camera**, and *weak* **raised outer eyebrows** and *weak* **raised upper eyelids**."
S_01_06_03_2_1,01,surprise,3,2,1,It's easy to tell the depth of a well.,fast,higher,louder,front,none,moderate,strong,none,strong,weak,moderate,none,none,none,none,none,none,none,none,strong,moderate,none,"Actor 01 said “It's easy to tell the depth of a well.”, with *fast* **speech rate**, *higher* **pitch**, *louder* **loudness**, while **looking at the camera**, and *moderate* **raised inner eyebrows**, *strong* **raised outer eyebrows**, *strong* **raised upper eyelids**, *weak* **raised cheeks**, *moderate* **tightened eyelids**, *strong* **parted lips**, and *moderate* **a dropped jaw**."
S_01_06_04_1_1,01,surprise,4,1,1,These days a chicken leg is a rare dish.,fast,higher,normal,front,none,none,none,weak,weak,none,none,none,none,none,none,none,none,none,none,none,none,none,"Actor 01 said “These days a chicken leg is a rare dish.”, with *fast* **speech rate**, *higher* **pitch**, *normal* **loudness**, while **looking at the camera**, and *weak* **lowered brows** and *weak* **raised upper eyelids**."
S_01_06_04_2_1,01,surprise,4,2,1,These days a chicken leg is a rare dish.,fast,higher,louder,up,none,strong,strong,strong,strong,none,moderate,none,none,weak,none,none,none,none,none,strong,moderate,none,"Actor 01 said “These days a chicken leg is a rare dish.”, with *fast* **speech rate**, *higher* **pitch**, *louder* **loudness**, **gaze** *averted* (upwards), and *strong* **raised inner eyebrows**, *strong* **raised outer eyebrows**, *strong* **lowered brows**, *strong* **raised upper eyelids**, *moderate* **tightened eyelids**, *weak* **a smile**, *strong* **parted lips**, and *moderate* **a dropped jaw**."
S_01_06_05_1_1,01,surprise,5,1,1,Rice is often served in round bowls.,fast,higher,louder,up,none,weak,none,none,weak,none,none,none,none,none,none,none,none,none,none,none,none,none,"Actor 01 said “Rice is often served in round bowls.”, with *fast* **speech rate**, *higher* **pitch**, *louder* **loudness**, **gaze** *averted* (upwards), and *weak* **raised inner eyebrows** and *weak* **raised upper eyelids**."
S_01_06_05_2_1,01,surprise,5,2,1,Rice is often served in round bowls.,fast,higher,louder,front,none,moderate,strong,none,strong,none,moderate,none,none,none,none,none,none,none,none,strong,moderate,none,"Actor 01 said “Rice is often served in round bowls.”, with *fast* **speech rate**, *higher* **pitch**, *louder* **loudness**, while **looking at the camera**, and *moderate* **raised inner eyebrows**, *strong* **raised outer eyebrows**, *strong* **raised upper eyelids**, *moderate* **tightened eyelids**, *strong* **parted lips**, and *moderate* **a dropped jaw**."
S_01_06_06_1_1,01,surprise,6,1,1,The juice of lemons makes fine punch.,fast,higher,louder,up,none,none,none,none,weak,none,none,none,none,none,none,none,none,none,none,none,none,none,"Actor 01 said “The juice of lemons makes fine punch.”, with *fast* **speech rate**, *higher* **pitch**, *louder* **loudness**, **gaze** *averted* (upwards), and *weak* **raised upper eyelids**."
S_01_06_06_2_1,01,surprise,6,2,1,The juice of lemons makes fine punch.,fast,higher,louder,front,none,moderate,strong,none,strong,weak,moderate,none,none,none,none,none,none,none,none,strong,moderate,none,"Actor 01 said “The juice of lemons makes fine punch.”, with *fast* **speech rate**, *higher* **pitch**, *louder* **loudness**, while **looking at the camera**, and *moderate* **raised inner eyebrows**, *strong* **raised outer eyebrows**, *strong* **raised upper eyelids**, *weak* **raised cheeks**, *moderate* **tightened eyelids**, *strong* **parted lips**, and *moderate* **a dropped jaw**."
S_01_06_07_1_1,01,surprise,7,1,1,The box was thrown beside the parked truck.,fast,higher,louder,left,none,weak,none,none,weak,none,none,none,none,none,none,none,none,none,none,moderate,none,none,"Actor 01 said “The box was thrown beside the parked truck.”, with *fast* **speech rate**, *higher* **pitch**, *louder* **loudness**, **gaze** *averted* (to their left), and *weak* **raised inner eyebrows**, *weak* **raised upper eyelids**, and *moderate* **parted lips**."
S_01_06_07_2_1,01,surprise,7,2,1,The box was thrown beside the parked truck.,fast,higher,louder,front,none,moderate,strong,none,strong,none,moderate,none,none,none,none,none,none,none,none,strong,moderate,none,"Actor 01 said “The box was thrown beside the parked truck.”, with *fast* **speech rate**, *higher* **pitch**, *louder* **loudness**, while **looking at the camera**, and *moderate* **raised inner eyebrows**, *strong* **raised outer eyebrows**, *strong* **raised upper eyelids**, *moderate* **tightened eyelids**, *strong* **parted lips**, and *moderate* **a dropped jaw**."
S_01_06_08_1_1,01,surprise,8,1,1,The hogs were fed chopped corn and garbage.,fast,higher,louder,up,none,none,none,none,weak,none,none,none,none,none,none,none,none,none,none,none,none,none,"Actor 01 said “The hogs were fed chopped corn and garbage.”, with *fast* **speech rate**, *higher* **pitch**, *louder* **loudness**, **gaze** *averted* (upwards), and *weak* **raised upper eyelids**."
S_01_06_08_2_1,01,surprise,8,2,1,The hogs were fed chopped corn and garbage.,fast,higher,louder,front,none,moderate,strong,none,strong,none,moderate,none,none,none,none,none,none,none,none,strong,moderate,none,"Actor 01 said “The hogs were fed chopped corn and garbage.”, with *fast* **speech rate**, *higher* **pitch**, *louder* **loudness**, while **looking at the camera**, and *moderate* **raised inner eyebrows**, *strong* **raised outer eyebrows**, *strong* **raised upper eyelids**, *moderate* **tightened eyelids**, *strong* **parted lips**, and *moderate* **a dropped jaw**."
S_01_06_09_1_1,01,surprise,9,1,1,Four hours of steady work faced us.,fast,higher,louder,front,none,weak,none,none,weak,none,none,none,none,none,none,none,none,none,none,none,none,none,"Actor 01 said “Four hours of steady work faced us.”, with *fast* **speech rate**, *higher* **pitch**, *louder* **loudness**, while **looking at the camera**, and *weak* **raised inner eyebrows** and *weak* **raised upper eyelids**."
S_01_06_09_2_1,01,surprise,9,2,1,Four hours of steady work faced us.,fast,higher,louder,front,none,moderate,strong,none,strong,none,moderate,none,none,none,none,none,none,none,none,strong,moderate,none,"Actor 01 said “Four hours of steady work faced us.”, with *fast* **speech rate**, *higher* **pitch**, *louder* **loudness**, while **looking at the camera**, and *moderate* **raised inner eyebrows**, *strong* **raised outer eyebrows**, *strong* **raised upper eyelids**, *moderate* **tightened eyelids**, *strong* **parted lips**, and *moderate* **a dropped jaw**."
S_01_06_10_1_1,01,surprise,10,1,1,A large size in stockings is hard to sell.,fast,higher,louder,front,none,none,none,none,weak,none,none,none,none,none,none,none,none,none,none,none,none,none,"Actor 01 said “A large size in stockings is hard to sell.”, with *fast* **speech rate**, *higher* **pitch**, *louder* **loudness**, while **looking at the camera**, and *weak* **raised upper eyelids**."
S_01_06_10_2_1,01,surprise,10,2,1,A large size in stockings is hard to sell.,fast,higher,louder,front,none,moderate,strong,none,strong,none,moderate,none,none,none,none,none,none,none,none,strong,moderate,none,"Actor 01 said “A large size in stockings is hard to sell.”, with *fast* **speech rate**, *higher* **pitch**, *louder* **loudness**, while **looking at the camera**, and *moderate* **raised inner eyebrows**, *strong* **raised outer eyebrows**, *strong* **raised upper eyelids**, *moderate* **tightened eyelids**, *strong* **parted lips**, and *moderate* **a dropped jaw**."
S_01_07_01_1_1,01,confidence,1,1,1,The birch canoe slid on the smooth planks.,normal,normal,normal,front,none,none,none,none,none,none,none,none,none,weak,none,none,none,none,none,none,none,none,"Actor 01 said “The birch canoe slid on the smooth planks.”, with *normal* **speech rate**, *normal* **pitch**, *normal* **loudness**, while **looking at the camera**, and *weak* **a smile**."
S_01_07_01_2_1,01,confidence,1,2,1,The birch canoe slid on the smooth planks.,normal,higher,louder,front,none,none,none,none,none,none,none,none,none,moderate,none,none,none,none,none,none,none,none,"Actor 01 said “The birch canoe slid on the smooth planks.”, with *normal* **speech rate**, *higher* **pitch**, *louder* **loudness**, while **looking at the camera**, and *moderate* **a smile**."
S_01_07_02_1_1,01,confidence,2,1,1,Glue the sheet to the dark blue background.,normal,normal,normal,front,none,none,none,none,none,none,none,none,none,weak,none,none,none,none,none,none,none,none,"Actor 01 said “Glue the sheet to the dark blue background.”, with *normal* **speech rate**, *normal* **pitch**, *normal* **loudness**, while **looking at the camera**, and *weak* **a smile**."
S_01_07_02_2_1,01,confidence,2,2,1,Glue the sheet to the dark blue background.,normal,higher,louder,front,none,none,none,none,none,none,none,none,none,strong,none,none,none,none,none,none,none,none,"Actor 01 said “Glue the sheet to the dark blue background.”, with *normal* **speech rate**, *higher* **pitch**, *louder* **loudness**, while **looking at the camera**, and *strong* **a smile**."
S_01_07_03_1_1,01,confidence,3,1,1,It's easy to tell the depth of a well.,normal,normal,normal,front,none,none,none,none,none,none,none,none,none,weak,none,none,none,none,none,none,none,none,"Actor 01 said “It's easy to tell the depth of a well.”, with *normal* **speech rate**, *normal* **pitch**, *normal* **loudness**, while **looking at the camera**, and *weak* **a smile**."
S_01_07_03_2_1,01,confidence,3,2,1,It's easy to tell the depth of a well.,slow,higher,louder,front,none,none,none,none,weak,weak,none,none,none,moderate,none,none,moderate,none,none,none,none,none,"Actor 01 said “It's easy to tell the depth of a well.”, with *slow* **speech rate**, *higher* **pitch**, *louder* **loudness**, while **looking at the camera**, and *weak* **raised upper eyelids**, *weak* **raised cheeks**, *moderate* **a smile**, and *moderate* **raised chin**."
S_01_07_04_1_1,01,confidence,4,1,1,These days a chicken leg is a rare dish.,normal,normal,normal,front,none,none,none,none,none,none,none,none,none,weak,none,none,none,none,none,none,none,none,"Actor 01 said “These days a chicken leg is a rare dish.”, with *normal* **speech rate**, *normal* **pitch**, *normal* **loudness**, while **looking at the camera**, and *weak* **a smile**."
S_01_07_04_2_1,01,confidence,4,2,1,These days a chicken leg is a rare dish.,normal,higher,normal,front,none,none,none,weak,none,none,none,none,none,none,none,none,none,none,none,none,none,none,"Actor 01 said “These days a chicken leg is a rare dish.”, with *normal* **speech rate**, *higher* **pitch**, *normal* **loudness**, while **looking at the camera**, and *weak* **lowered brows**."
S_01_07_05_1_1,01,confidence,5,1,1,Rice is often served in round bowls.,normal,normal,normal,front,none,none,none,none,none,none,none,none,none,weak,none,none,none,none,none,none,none,none,"Actor 01 said “Rice is often served in round bowls.”, with *normal* **speech rate**, *normal* **pitch**, *normal* **loudness**, while **looking at the camera**, and *weak* **a smile**."
S_01_07_05_2_1,01,confidence,5,2,1,Rice is often served in round bowls.,normal,higher,normal,front,none,none,none,weak,none,none,none,none,none,moderate,none,none,none,none,none,none,none,none,"Actor 01 said “Rice is often served in round bowls.”, with *normal* **speech rate**, *higher* **pitch**, *normal* **loudness**, while **looking at the camera**, and *weak* **lowered brows** and *moderate* **a smile**."
S_01_07_06_1_1,01,confidence,6,1,1,The juice of lemons makes fine punch.,normal,normal,normal,front,none,none,none,none,none,none,none,none,none,weak,none,none,none,none,none,none,none,none,"Actor 01 said “The juice of lemons makes fine punch.”, with *normal* **speech rate**, *normal* **pitch**, *normal* **loudness**, while **looking at the camera**, and *weak* **a smile**."
S_01_07_06_2_1,01,confidence,6,2,1,The juice of lemons makes fine punch.,normal,higher,normal,front,none,none,none,none,none,none,none,none,none,moderate,none,none,none,none,none,none,none,none,"Actor 01 said “The juice of lemons makes fine punch.”, with *normal* **speech rate**, *higher* **pitch**, *normal* **loudness**, while **looking at the camera**, and *moderate* **a smile**."
S_01_07_07_1_1,01,confidence,7,1,1,The box was thrown beside the parked truck.,normal,normal,normal,front,none,none,none,none,none,none,none,none,none,weak,none,none,none,none,none,none,none,none,"Actor 01 said “The box was thrown beside the parked truck.”, with *normal* **speech rate**, *normal* **pitch**, *normal* **loudness**, while **looking at the camera**, and *weak* **a smile**."
S_01_07_07_2_1,01,confidence,7,2,1,The box was thrown beside the parked truck.,normal,higher,louder,front,none,none,none,none,none,none,none,none,none,moderate,none,none,none,none,none,none,none,none,"Actor 01 said “The box was thrown beside the parked truck.”, with *normal* **speech rate**, *higher* **pitch**, *louder* **loudness**, while **looking at the camera**, and *moderate* **a smile**."
S_01_07_08_1_1,01,confidence,8,1,1,The hogs were fed chopped corn and garbage.,normal,normal,normal,front,none,none,none,none,none,none,none,none,none,weak,none,none,none,none,none,none,none,none,"Actor 01 said “The hogs were fed chopped corn and garbage.”, with *normal* **speech rate**, *normal* **pitch**, *normal* **loudness**, while **looking at the camera**, and *weak* **a smile**."
S_01_07_08_2_1,01,confidence,8,2,1,The hogs were fed chopped corn and garbage.,normal,higher,louder,front,none,none,none,none,none,none,none,none,none,strong,none,none,none,none,none,none,none,none,"Actor 01 said “The hogs were fed chopped corn and garbage.”, with *normal* **speech rate**, *higher* **pitch**, *louder* **loudness**, while **looking at the camera**, and *strong* **a smile**."
S_01_07_09_1_1,01,confidence,9,1,1,Four hours of steady work faced us.,normal,normal,normal,front,none,none,none,none,none,none,none,none,none,weak,none,none,none,none,none,none,none,none,"Actor 01 said “Four hours of steady work faced us.”, with *normal* **speech rate**, *normal* **pitch**, *normal* **loudness**, while **looking at the camera**, and *weak* **a smile**."
S_01_07_09_2_1,01,confidence,9,2,1,Four hours of steady work faced us.,slow,higher,louder,front,none,weak,none,none,weak,weak,none,none,none,moderate,none,none,moderate,none,none,none,none,none,"Actor 01 said “Four hours of steady work faced us.”, with *slow* **speech rate**, *higher* **pitch**, *louder* **loudness**, while **looking at the camera**, and *weak* **raised inner eyebrows**, *weak* **raised upper eyelids**, *weak* **raised cheeks**, *moderate* **a smile**, and *moderate* **raised chin**."
S_01_07_10_1_1,01,confidence,10,1,1,A large size in stockings is hard to sell.,normal,normal,normal,front,none,none,none,none,none,none,none,none,none,weak,none,none,none,none,none,none,none,none,"Actor 01 said “A large size in stockings is hard to sell.”, with *normal* **speech rate**, *normal* **pitch**, *normal* **loudness**, while **looking at the camera**, and *weak* **a smile**."
S_01_07_10_2_1,01,confidence,10,2,1,A large size in stockings is hard to sell.,normal,higher,louder,front,none,none,none,none,none,none,none,none,none,moderate,none,none,none,none,none,none,none,none,"Actor 01 said “A large size in stockings is hard to sell.”, with *normal* **speech rate**, *higher* **pitch**, *louder* **loudness**, while **looking at the camera**, and *moderate* **a smile**."
S_01_08_01_1_1,01,confusion,1,1,1,The birch canoe slid on the smooth planks.,slow,normal,normal,front,none,weak,none,weak,none,none,none,none,none,none,none,none,none,none,none,none,none,none,"Actor 01 said “The birch canoe slid on the smooth planks.”, with *slow* **speech rate**, *normal* **pitch**, *normal* **loudness**, while **looking at the camera**, and *weak* **raised inner eyebrows** and *weak* **lowered brows**."
S_01_08_01_2_1,01,confusion,1,2,1,The birch canoe slid on the smooth planks.,slow,lower,quieter,up,tilting,moderate,none,strong,weak,none,none,none,none,none,none,none,none,none,none,moderate,moderate,strong,"Actor 01 said “The birch canoe slid on the smooth planks.”, with *slow* **speech rate**, *lower* **pitch**, *quieter* **loudness**, **gaze** *averted* (upwards), while *tilting* their **head**, and *moderate* **raised inner eyebrows**, *strong* **lowered brows**, *weak* **raised upper eyelids**, *moderate* **parted lips**, *moderate* **a dropped jaw**, and *strong* **blinking**."
S_01_08_02_1_1,01,confusion,2,1,1,Glue the sheet to the dark blue background.,slow,normal,normal,front,none,weak,none,weak,none,none,none,none,none,none,none,none,none,none,none,none,none,none,"Actor 01 said “Glue the sheet to the dark blue background.”, with *slow* **speech rate**, *normal* **pitch**, *normal* **loudness**, while **looking at the camera**, and *weak* **raised inner eyebrows** and *weak* **lowered brows**."
S_01_08_02_2_1,01,confusion,2,2,1,Glue the sheet to the dark blue background.,slow,higher,normal,left,tilting,weak,none,strong,none,none,none,none,none,none,none,none,none,none,none,strong,weak,none,"Actor 01 said “Glue the sheet to the dark blue background.”, with *slow* **speech rate**, *higher* **pitch**, *normal* **loudness**, **gaze** *averted* (to their left), while *tilting* their **head**, and *weak* **raised inner eyebrows**, *strong* **lowered brows**, *strong* **parted lips**, and *weak* **a dropped jaw**."
S_01_08_03_1_1,01,confusion,3,1,1,It's easy to tell the depth of a well.,slow,normal,normal,front,none,weak,none,moderate,none,none,none,none,none,none,none,none,none,none,none,weak,none,none,"Actor 01 said “It's easy to tell the depth of a well.”, with *slow* **speech rate**, *normal* **pitch**, *normal* **loudness**, while **looking at the camera**, and *weak* **raised inner eyebrows**, *moderate* **lowered brows**, and *weak* **parted lips**."
S_01_08_03_2_1,01,confusion,3,2,1,It's easy to tell the depth of a well.,slow,lower,quieter,up,tilting,weak,none,strong,none,none,none,none,none,none,none,none,none,none,none,moderate,weak,none,"Actor 01 said “It's easy to tell the depth of a well.”, with *slow* **speech rate**, *lower* **pitch**, *quieter* **loudness**, **gaze** *averted* (upwards), while *tilting* their **head**, and *weak* **raised inner eyebrows**, *strong* **lowered brows**, *moderate* **parted lips**, and *weak* **a dropped jaw**."
S_01_08_04_1_1,01,confusion,4,1,1,These days a chicken leg is a rare dish.,slow,normal,normal,front,none,weak,none,weak,none,none,none,none,none,none,none,none,none,none,none,none,none,none,"Actor 01 said “These days a chicken leg is a rare dish.”, with *slow* **speech rate**, *normal* **pitch**, *normal* **loudness**, while **looking at the camera**, and *weak* **raised inner eyebrows** and *weak* **lowered brows**."
S_01_08_04_2_1,01,confusion,4,2,1,These days a chicken leg is a rare dish.,slow,higher,quieter,up,tilting,weak,none,strong,weak,none,none,none,none,none,none,none,none,none,none,moderate,none,moderate,"Actor 01 said “These days a chicken leg is a rare dish.”, with *slow* **speech rate**, *higher* **pitch**, *quieter* **loudness**, **gaze** *averted* (upwards), while *tilting* their **head**, and *weak* **raised inner eyebrows**, *strong* **lowered brows**, *weak* **raised upper eyelids**, *moderate* **parted lips**, and *moderate* **blinking**."
S_01_08_05_1_1,01,confusion,5,1,1,Rice is often served in round bowls.,slow,normal,normal,front,none,weak,none,weak,none,none,none,none,none,none,none,none,none,none,none,none,none,none,"Actor 01 said “Rice is often served in round bowls.”, with *slow* **speech rate**, *normal* **pitch**, *normal* **loudness**, while **looking at the camera**, and *weak* **raised inner eyebrows** and *weak* **lowered brows**."
S_01_08_05_2_1,01,confusion,5,2,1,Rice is often served in round bowls.,slow,lower,quieter,up,tilting,moderate,none,strong,weak,none,none,none,none,none,none,none,none,none,none,moderate,none,moderate,"Actor 01 said “Rice is often served in round bowls.”, with *slow* **speech rate**, *lower* **pitch**, *quieter* **loudness**, **gaze** *averted* (upwards), while *tilting* their **head**, and *moderate* **raised inner eyebrows**, *strong* **lowered brows**, *weak* **raised upper eyelids**, *moderate* **parted lips**, and *moderate* **blinking**."
S_01_08_06_1_1,01,confusion,6,1,1,The juice of lemons makes fine punch.,slow,normal,normal,front,none,weak,none,weak,none,none,none,none,none,none,none,none,none,none,none,none,none,none,"Actor 01 said “The juice of lemons makes fine punch.”, with *slow* **speech rate**, *normal* **pitch**, *normal* **loudness**, while **looking at the camera**, and *weak* **raised inner eyebrows** and *weak* **lowered brows**."
S_01_08_06_2_1,01,confusion,6,2,1,The juice of lemons makes fine punch.,slow,lower,quieter,up,tilting,moderate,none,strong,none,none,none,none,none,none,none,none,none,none,none,strong,moderate,moderate,"Actor 01 said “The juice of lemons makes fine punch.”, with *slow* **speech rate**, *lower* **pitch**, *quieter* **loudness**, **gaze** *averted* (upwards), while *tilting* their **head**, and *moderate* **raised inner eyebrows**, *strong* **lowered brows**, *strong* **parted lips**, *moderate* **a dropped jaw**, and *moderate* **blinking**."
S_01_08_07_1_1,01,confusion,7,1,1,The box was thrown beside the parked truck.,slow,normal,normal,front,none,weak,none,weak,none,none,none,none,none,none,none,none,none,none,none,none,none,none,"Actor 01 said “The box was thrown beside the parked truck.”, with *slow* **speech rate**, *normal* **pitch**, *normal* **loudness**, while **looking at the camera**, and *weak* **raised inner eyebrows** and *weak* **lowered brows**."
S_01_08_07_2_1,01,confusion,7,2,1,The box was thrown beside the parked truck.,slow,higher,normal,up,tilting,moderate,none,strong,weak,none,none,none,none,none,none,none,none,none,none,strong,moderate,moderate,"Actor 01 said “The box was thrown beside the parked truck.”, with *slow* **speech rate**, *higher* **pitch**, *normal* **loudness**, **gaze** *averted* (upwards), while *tilting* their **head**, and *moderate* **raised inner eyebrows**, *strong* **lowered brows**, *weak* **raised upper eyelids**, *strong* **parted lips**, *moderate* **a dropped jaw**, and *moderate* **blinking**."
S_01_08_08_1_1,01,confusion,8,1,1,The hogs were fed chopped corn and garbage.,slow,normal,normal,front,none,weak,none,weak,none,none,none,none,none,none,none,none,none,none,none,none,none,none,"Actor 01 said “The hogs were fed chopped corn and garbage.”, with *slow* **speech rate**, *normal* **pitch**, *normal* **loudness**, while **looking at the camera**, and *weak* **raised inner eyebrows** and *weak* **lowered brows**."
S_01_08_08_2_1,01,confusion,8,2,1,The hogs were fed chopped corn and garbage.,slow,lower,quieter,up,tilting,weak,none,strong,none,none,none,none,none,none,none,none,none,none,none,strong,moderate,moderate,"Actor 01 said “The hogs were fed chopped corn and garbage.”, with *slow* **speech rate**, *lower* **pitch**, *quieter* **loudness**, **gaze** *averted* (upwards), while *tilting* their **head**, and *weak* **raised inner eyebrows**, *strong* **lowered brows**, *strong* **parted lips**, *moderate* **a dropped jaw**, and *moderate* **blinking**."
S_01_08_09_1_1,01,confusion,9,1,1,Four hours of steady work faced us.,slow,normal,normal,front,none,weak,none,weak,none,none,none,none,none,none,none,none,none,none,none,none,none,none,"Actor 01 said “Four hours of steady work faced us.”, with *slow* **speech rate**, *normal* **pitch**, *normal* **loudness**, while **looking at the camera**, and *weak* **raised inner eyebrows** and *weak* **lowered brows**."
S_01_08_09_2_1,01,confusion,9,2,1,Four hours of steady work faced us.,slow,lower,quieter,up,tilting,weak,none,strong,none,none,none,none,none,none,none,none,none,none,none,strong,none,moderate,"Actor 01 said “Four hours of steady work faced us.”, with *slow* **speech rate**, *lower* **pitch**, *quieter* **loudness**, **gaze** *averted* (upwards), while *tilting* their **head**, and *weak* **raised inner eyebrows**, *strong* **lowered brows**, *strong* **parted lips**, and *moderate* **blinking**."
S_01_08_10_1_1,01,confusion,10,1,1,A large size in stockings is hard to sell.,slow,normal,normal,front,none,weak,none,none,none,none,none,none,none,none,none,none,none,none,none,none,none,none,"Actor 01 said “A large size in stockings is hard to sell.”, with *slow* **speech rate**, *normal* **pitch**, *normal* **loudness**, while **looking at the camera**, and *weak* **raised inner eyebrows**."
S_01_08_10_2_1,01,confusion,10,2,1,A large size in stockings is hard to sell.,slow,higher,quieter,up,tilting,moderate,none,strong,weak,none,none,none,none,none,none,none,none,none,none,moderate,weak,none,"Actor 01 said “A large size in stockings is hard to sell.”, with *slow* **speech rate**, *higher* **pitch**, *quieter* **loudness**, **gaze** *averted* (upwards), while *tilting* their **head**, and *moderate* **raised inner eyebrows**, *strong* **lowered brows**, *weak* **raised upper eyelids**, *moderate* **parted lips**, and *weak* **a dropped jaw**."
S_01_09_01_1_1,01,contempt,1,1,1,The birch canoe slid on the smooth planks.,normal,normal,normal,front,none,none,none,moderate,none,none,none,none,none,none,none,weak,none,none,none,none,none,none,"Actor 01 said “The birch canoe slid on the smooth planks.”, with *normal* **speech rate**, *normal* **pitch**, *normal* **loudness**, while **looking at the camera**, and *moderate* **lowered brows** and *weak* **downturned mouth corners**."
S_01_09_01_2_1,01,contempt,1,2,1,The birch canoe slid on the smooth planks.,slow,lower,quieter,front,none,weak,none,strong,none,none,none,moderate,none,none,none,none,moderate,none,none,none,none,none,"Actor 01 said “The birch canoe slid on the smooth planks.”, with *slow* **speech rate**, *lower* **pitch**, *quieter* **loudness**, while **looking at the camera**, and *weak* **raised inner eyebrows**, *strong* **lowered brows**, *moderate* **wrinkled nose**, and *moderate* **raised chin**."
S_01_09_02_1_1,01,contempt,2,1,1,Glue the sheet to the dark blue background.,normal,normal,normal,front,none,none,none,weak,none,none,none,none,none,none,none,none,none,none,none,none,none,none,"Actor 01 said “Glue the sheet to the dark blue background.”, with *normal* **speech rate**, *normal* **pitch**, *normal* **loudness**, while **looking at the camera**, and *weak* **lowered brows**."
S_01_09_03_1_1,01,contempt,3,1,1,It's easy to tell the depth of a well.,normal,normal,normal,front,none,none,none,weak,none,none,none,none,none,none,none,none,none,none,none,none,none,none,"Actor 01 said “It's easy to tell the depth of a well.”, with *normal* **speech rate**, *normal* **pitch**, *normal* **loudness**, while **looking at the camera**, and *weak* **lowered brows**."
S_01_09_04_1_1,01,contempt,4,1,1,These days a chicken leg is a rare dish.,slow,lower,quieter,front,none,none,none,weak,none,none,none,none,none,none,none,weak,none,none,weak,none,none,none,"Actor 01 said “These days a chicken leg is a rare dish.”, with *slow* **speech rate**, *lower* **pitch**, *quieter* **loudness**, while **looking at the camera**, and *weak* **lowered brows**, *weak* **downturned mouth corners**, and *weak* **tightened lips**."
S_01_09_04_2_1,01,contempt,4,2,1,These days a chicken leg is a rare dish.,slow,lower,louder,left,shaking,weak,none,strong,none,none,none,moderate,none,none,none,none,none,none,none,none,none,none,"Actor 01 said “These days a chicken leg is a rare dish.”, with *slow* **speech rate**, *lower* **pitch**, *louder* **loudness**, **gaze** *averted* (to their left), while *shaking* their **head**, and *weak* **raised inner eyebrows**, *strong* **lowered brows**, and *moderate* **wrinkled nose**."
S_01_09_05_1_1,01,contempt,5,1,1,Rice is often served in round bowls.,normal,normal,normal,front,none,none,none,weak,none,none,none,none,none,none,none,none,none,none,none,none,none,none,"Actor 01 said “Rice is often served in round bowls.”, with *normal* **speech rate**, *normal* **pitch**, *normal* **loudness**, while **looking at the camera**, and *weak* **lowered brows**."
S_01_09_05_2_1,01,contempt,5,2,1,Rice is often served in round bowls.,slow,lower,quieter,front,shaking,weak,none,strong,none,none,none,moderate,none,none,none,strong,none,none,none,none,none,none,"Actor 01 said “Rice is often served in round bowls.”, with *slow* **speech rate**, *lower* **pitch**, *quieter* **loudness**, while **looking at the camera**, while *shaking* their **head**, and *weak* **raised inner eyebrows**, *strong* **lowered brows**, *moderate* **wrinkled nose**, and *strong* **downturned mouth corners**."
S_01_09_06_1_1,01,contempt,6,1,1,The juice of lemons makes fine punch.,normal,normal,normal,front,none,none,none,weak,none,none,none,none,none,none,none,none,none,none,none,none,none,none,"Actor 01 said “The juice of lemons makes fine punch.”, with *normal* **speech rate**, *normal* **pitch**, *normal* **loudness**, while **looking at the camera**, and *weak* **lowered brows**."
S_01_09_06_2_1,01,contempt,6,2,1,The juice of lemons makes fine punch.,slow,lower,quieter,front,shaking,weak,none,strong,none,none,none,moderate,none,none,none,strong,none,none,none,none,none,none,"Actor 01 said “The juice of lemons makes fine punch.”, with *slow* **speech rate**, *lower* **pitch**, *quieter* **loudness**, while **looking at the camera**, while *shaking* their **head**, and *weak* **raised inner eyebrows**, *strong* **lowered brows**, *moderate* **wrinkled nose**, and *strong* **downturned mouth corners**."
S_01_09_07_1_1,01,contempt,7,1,1,The box was thrown beside the parked truck.,normal,normal,normal,front,none,none,none,weak,none,none,none,none,none,none,none,none,none,none,none,none,none,none,"Actor 01 said “The box was thrown beside the parked truck.”, with *normal* **speech rate**, *normal* **pitch**, *normal* **loudness**, while **looking at the camera**, and *weak* **lowered brows**."
S_01_09_07_2_1,01,contempt,7,2,1,The box was thrown beside the parked truck.,slow,lower,quieter,front,shaking,weak,none,strong,none,none,none,moderate,none,none,none,strong,none,none,none,none,none,none,"Actor 01 said “The box was thrown beside the parked truck.”, with *slow* **speech rate**, *lower* **pitch**, *quieter* **loudness**, while **looking at the camera**, while *shaking* their **head**, and *weak* **raised inner eyebrows**, *strong* **lowered brows**, *moderate* **wrinkled nose**, and *strong* **downturned mouth corners**."
S_01_09_08_1_1,01,contempt,8,1,1,The hogs were fed chopped corn and garbage.,normal,normal,normal,front,none,none,none,weak,none,none,none,none,none,none,none,none,none,none,none,none,none,none,"Actor 01 said “The hogs were fed chopped corn and garbage.”, with *normal* **speech rate**, *normal* **pitch**, *normal* **loudness**, while **looking at the camera**, and *weak* **lowered brows**."
S_01_09_09_1_1,01,contempt,9,1,1,Four hours of steady work faced us.,normal,normal,normal,front,none,none,none,weak,none,none,none,none,none,none,none,none,none,none,none,none,none,none,"Actor 01 said “Four hours of steady work faced us.”, with *normal* **speech rate**, *normal* **pitch**, *normal* **loudness**, while **looking at the camera**, and *weak* **lowered brows**."
S_01_09_10_1_1,01,contempt,10,1,1,A large size in stockings is hard to sell.,normal,normal,normal,front,none,none,none,moderate,none,none,none,none,none,none,none,weak,none,none,none,none,none,none,"Actor 01 said “A large size in stockings is hard to sell.”, with *normal* **speech rate**, *normal* **pitch**, *normal* **loudness**, while **looking at the camera**, and *moderate* **lowered brows** and *weak* **downturned mouth corners**."
S_01_10_01_1_1,01,empathy,1,1,1,The birch canoe slid on the smooth planks.,normal,normal,normal,front,none,weak,none,none,none,none,none,none,none,none,none,weak,none,none,none,none,none,none,"Actor 01 said “The birch canoe slid on the smooth planks.”, with *normal* **speech rate**, *normal* **pitch**, *normal* **loudness**, while **looking at the camera**, and *weak* **raised inner eyebrows** and *weak* **downturned mouth corners**."
S_01_10_01_2_1,01,empathy,1,2,1,The birch canoe slid on the smooth planks.,slow,lower,quieter,front,none,moderate,none,none,none,none,none,none,none,none,none,moderate,none,none,none,none,none,none,"Actor 01 said “The birch canoe slid on the smooth planks.”, with *slow* **speech rate**, *lower* **pitch**, *quieter* **loudness**, while **looking at the camera**, and *moderate* **raised inner eyebrows** and *moderate* **downturned mouth corners**."
S_01_10_02_1_1,01,empathy,2,1,1,Glue the sheet to the dark blue background.,normal,normal,normal,front,none,weak,none,none,none,none,none,none,none,none,none,weak,none,none,none,none,none,none,"Actor 01 said “Glue the sheet to the dark blue background.”, with *normal* **speech rate**, *normal* **pitch**, *normal* **loudness**, while **looking at the camera**, and *weak* **raised inner eyebrows** and *weak* **downturned mouth corners**."
S_01_10_02_2_1,01,empathy,2,2,1,Glue the sheet to the dark blue background.,slow,lower,quieter,front,none,weak,none,weak,none,none,none,none,none,none,none,moderate,none,none,none,none,none,none,"Actor 01 said “Glue the sheet to the dark blue background.”, with *slow* **speech rate**, *lower* **pitch**, *quieter* **loudness**, while **looking at the camera**, and *weak* **raised inner eyebrows**, *weak* **lowered brows**, and *moderate* **downturned mouth corners**."
S_01_10_03_1_1,01,empathy,3,1,1,It's easy to tell the depth of a well.,normal,normal,normal,front,none,none,none,weak,none,none,none,none,none,none,none,none,none,none,none,none,none,none,"Actor 01 said “It's easy to tell the depth of a well.”, with *normal* **speech rate**, *normal* **pitch**, *normal* **loudness**, while **looking at the camera**, and *weak* **lowered brows**."
S_01_10_03_2_1,01,empathy,3,2,1,It's easy to tell the depth of a well.,slow,lower,quieter,front,none,moderate,none,none,none,none,none,none,none,none,none,moderate,none,none,none,none,none,moderate,"Actor 01 said “It's easy to tell the depth of a well.”, with *slow* **speech rate**, *lower* **pitch**, *quieter* **loudness**, while **looking at the camera**, and *moderate* **raised inner eyebrows**, *moderate* **downturned mouth corners**, and *moderate* **blinking**."
S_01_10_04_1_1,01,empathy,4,1,1,These days a chicken leg is a rare dish.,slow,lower,quieter,front,none,weak,none,none,none,none,none,none,none,none,none,weak,none,none,none,none,none,weak,"Actor 01 said “These days a chicken leg is a rare dish.”, with *slow* **speech rate**, *lower* **pitch**, *quieter* **loudness**, while **looking at the camera**, and *weak* **raised inner eyebrows**, *weak* **downturned mouth corners**, and *weak* **blinking**."
S_01_10_04_2_1,01,empathy,4,2,1,These days a chicken leg is a rare dish.,slow,lower,quieter,front,none,moderate,none,weak,none,none,none,none,none,none,none,moderate,none,none,none,weak,none,none,"Actor 01 said “These days a chicken leg is a rare dish.”, with *slow* **speech rate**, *lower* **pitch**, *quieter* **loudness**, while **looking at the camera**, and *moderate* **raised inner eyebrows**, *weak* **lowered brows**, *moderate* **downturned mouth corners**, and *weak* **parted lips**."
S_01_10_05_1_1,01,empathy,5,1,1,Rice is often served in round bowls.,normal,normal,normal,front,none,none,none,none,none,none,none,none,none,none,none,none,none,none,none,none,none,none,"Actor 01 said “Rice is often served in round bowls.”, with *normal* **speech rate**, *normal* **pitch**, *normal* **loudness**, and while **looking at the camera**."
S_01_10_05_2_1,01,empathy,5,2,1,Rice is often served in round bowls.,slow,lower,quieter,front,none,weak,none,none,none,none,none,none,none,none,none,moderate,none,none,none,none,none,none,"Actor 01 said “Rice is often served in round bowls.”, with *slow* **speech rate**, *lower* **pitch**, *quieter* **loudness**, while **looking at the camera**, and *weak* **raised inner eyebrows** and *moderate* **downturned mouth corners**."
S_01_10_06_1_1,01,empathy,6,1,1,The juice of lemons makes fine punch.,normal,normal,normal,front,none,none,none,weak,none,none,none,none,none,none,none,weak,none,none,none,none,none,none,"Actor 01 said “The juice of lemons makes fine punch.”, with *normal* **speech rate**, *normal* **pitch**, *normal* **loudness**, while **looking at the camera**, and *weak* **lowered brows** and *weak* **downturned mouth corners**."
S_01_10_06_2_1,01,empathy,6,2,1,The juice of lemons makes fine punch.,slow,lower,quieter,front,none,weak,none,weak,none,none,none,none,none,none,none,moderate,none,none,none,none,none,none,"Actor 01 said “The juice of lemons makes fine punch.”, with *slow* **speech rate**, *lower* **pitch**, *quieter* **loudness**, while **looking at the camera**, and *weak* **raised inner eyebrows**, *weak* **lowered brows**, and *moderate* **downturned mouth corners**."
S_01_10_07_1_1,01,empathy,7,1,1,The box was thrown beside the parked truck.,normal,normal,normal,front,none,weak,none,none,none,none,none,none,none,none,none,weak,none,none,none,none,none,none,"Actor 01 said “The box was thrown beside the parked truck.”, with *normal* **speech rate**, *normal* **pitch**, *normal* **loudness**, while **looking at the camera**, and *weak* **raised inner eyebrows** and *weak* **downturned mouth corners**."
S_01_10_07_2_1,01,empathy,7,2,1,The box was thrown beside the parked truck.,slow,lower,quieter,front,none,moderate,none,weak,none,none,none,none,none,none,none,moderate,none,none,none,weak,none,none,"Actor 01 said “The box was thrown beside the parked truck.”, with *slow* **speech rate**, *lower* **pitch**, *quieter* **loudness**, while **looking at the camera**, and *moderate* **raised inner eyebrows**, *weak* **lowered brows**, *moderate* **downturned mouth corners**, and *weak* **parted lips**."
S_01_10_08_1_1,01,empathy,8,1,1,The hogs were fed chopped corn and garbage.,normal,normal,normal,front,none,none,none,none,none,none,none,none,none,none,none,weak,none,none,none,none,none,none,"Actor 01 said “The hogs were fed chopped corn and garbage.”, with *normal* **speech rate**, *normal* **pitch**, *normal* **loudness**, while **looking at the camera**, and *weak* **downturned mouth corners**."
S_01_10_08_2_1,01,empathy,8,2,1,The hogs were fed chopped corn and garbage.,slow,lower,quieter,down,none,moderate,none,none,none,none,none,none,none,none,none,weak,none,none,none,none,none,moderate,"Actor 01 said “The hogs were fed chopped corn and garbage.”, with *slow* **speech rate**, *lower* **pitch**, *quieter* **loudness**, **gaze** *averted* (downwards), and *moderate* **raised inner eyebrows**, *weak* **downturned mouth corners**, and *moderate* **blinking**."
S_01_10_09_1_1,01,empathy,9,1,1,Four hours of steady work faced us.,slow,lower,quieter,front,none,moderate,none,weak,none,none,none,none,none,none,none,weak,none,none,none,none,none,weak,"Actor 01 said “Four hours of steady work faced us.”, with *slow* **speech rate**, *lower* **pitch**, *quieter* **loudness**, while **looking at the camera**, and *moderate* **raised inner eyebrows**, *weak* **lowered brows**, *weak* **downturned mouth corners**, and *weak* **blinking**."
S_01_10_09_2_1,01,empathy,9,2,1,Four hours of steady work faced us.,slow,lower,quieter,front,none,moderate,none,moderate,none,none,none,none,none,none,none,weak,none,none,none,none,none,none,"Actor 01 said “Four hours of steady work faced us.”, with *slow* **speech rate**, *lower* **pitch**, *quieter* **loudness**, while **looking at the camera**, and *moderate* **raised inner eyebrows**, *moderate* **lowered brows**, and *weak* **downturned mouth corners**."
S_01_10_10_1_1,01,empathy,10,1,1,A large size in stockings is hard to sell.,normal,normal,normal,front,none,none,none,weak,none,none,none,none,none,none,none,none,none,none,none,none,none,none,"Actor 01 said “A large size in stockings is hard to sell.”, with *normal* **speech rate**, *normal* **pitch**, *normal* **loudness**, while **looking at the camera**, and *weak* **lowered brows**."
S_01_10_10_2_1,01,empathy,10,2,1,A large size in stockings is hard to sell.,slow,lower,quieter,front,none,moderate,none,weak,none,none,none,none,none,none,none,moderate,none,none,none,weak,none,none,"Actor 01 said “A large size in stockings is hard to sell.”, with *slow* **speech rate**, *lower* **pitch**, *quieter* **loudness**, while **looking at the camera**, and *moderate* **raised inner eyebrows**, *weak* **lowered brows**, *moderate* **downturned mouth corners**, and *weak* **parted lips**."
S_02_00_01_0_1,02,neutral,1,0,1,The birch canoe slid on the smooth planks.,normal,normal,normal,front,none,none,none,none,none,none,none,none,none,none,none,none,none,none,none,none,none,none,"Actor 02 said “The birch canoe slid on the smooth planks.”, with *normal* **speech rate**, *normal* **pitch**, *normal* **loudness**, and while **looking at the camera**."
S_02_00_02_0_1,02,neutral,2,0,1,Glue the sheet to the dark blue background.,normal,normal,normal,front,none,none,none,none,none,none,none,none,none,none,none,none,none,none,none,none,none,none,"Actor 02 said “Glue the sheet to the dark blue background.”, with *normal* **speech rate**, *normal* **pitch**, *normal* **loudness**, and while **looking at the camera**."
S_02_00_03_0_1,02,neutral,3,0,1,It's easy to tell the depth of a well.,normal,normal,normal,front,none,none,none,none,none,none,none,none,none,none,none,none,none,none,none,none,none,none,"Actor 02 said “It's easy to tell the depth of a well.”, with *normal* **speech rate**, *normal* **pitch**, *normal* **loudness**, and while **looking at the camera**."
S_02_00_04_0_1,02,neutral,4,0,1,These days a chicken leg is a rare dish.,normal,normal,normal,front,none,none,none,none,none,none,none,none,none,none,none,none,none,none,none,none,none,none,"Actor 02 said “These days a chicken leg is a rare dish.”, with *normal* **speech rate**, *normal* **pitch**, *normal* **loudness**, and while **looking at the camera**."
S_02_00_05_0_1,02,neutral,5,0,1,Rice is often served in round bowls.,normal,normal,normal,front,none,none,none,none,none,none,none,none,none,none,none,none,none,none,none,none,none,none,"Actor 02 said “Rice is often served in round bowls.”, with *normal* **speech rate**, *normal* **pitch**, *normal* **loudness**, and while **looking at the camera**."
S_02_00_06_0_1,02,neutral,6,0,1,The juice of lemons makes fine punch.,normal,normal,normal,front,none,none,none,none,none,none,none,none,none,none,none,none,none,none,none,none,none,none,"Actor 02 said “The juice of lemons makes fine punch.”, with *normal* **speech rate**, *normal* **pitch**, *normal* **loudness**, and while **looking at the camera**."
S_02_00_07_0_1,02,neutral,7,0,1,The box was thrown beside the parked truck.,normal,normal,normal,front,none,none,none,none,none,none,none,none,none,none,none,none,none,none,none,none,none,none,"Actor 02 said “The box was thrown beside the parked truck.”, with *normal* **speech rate**, *normal* **pitch**, *normal* **loudness**, and while **looking at the camera**."
S_02_00_08_0_1,02,neutral,8,0,1,The hogs were fed chopped corn and garbage.,normal,normal,normal,front,none,none,none,none,none,none,none,none,none,none,none,none,none,none,none,none,none,none,"Actor 02 said “The hogs were fed chopped corn and garbage.”, with *normal* **speech rate**, *normal* **pitch**, *normal* **loudness**, and while **looking at the camera**."
S_02_00_09_0_1,02,neutral,9,0,1,Four hours of steady work faced us.,normal,normal,normal,front,none,none,none,none,none,none,none,none,none,none,none,none,none,none,none,none,none,none,"Actor 02 said “Four hours of steady work faced us.”, with *normal* **speech rate**, *normal* **pitch**, *normal* **loudness**, and while **looking at the camera**."
S_02_00_10_0_1,02,neutral,10,0,1,A large size in stockings is hard to sell.,normal,normal,normal,front,none,none,none,none,none,none,none,none,none,none,none,none,none,none,none,none,none,none,"Actor 02 said “A large size in stockings is hard to sell.”, with *normal* **speech rate**, *normal* **pitch**, *normal* **loudness**, and while **looking at the camera**."
S_02_01_01_1_1,02,fear,1,1,1,The birch canoe slid on the smooth planks.,normal,normal,normal,front,none,weak,none,moderate,weak,none,none,none,none,none,none,none,none,none,none,none,none,none,"Actor 02 said “The birch canoe slid on the smooth planks.”, with *normal* **speech rate**, *normal* **pitch**, *normal* **loudness**, while **looking at the camera**, and *weak* **raised inner eyebrows**, *moderate* **lowered brows**, and *weak* **raised upper eyelids**."
S_02_01_01_2_1,02,fear,1,2,1,The birch canoe slid on the smooth planks.,slow,higher,louder,down,none,strong,weak,strong,strong,none,strong,none,none,none,none,weak,none,none,none,strong,strong,none,"Actor 02 said “The birch canoe slid on the smooth planks.”, with *slow* **speech rate**, *higher* **pitch**, *louder* **loudness**, **gaze** *averted* (downwards), and *strong* **raised inner eyebrows**, *weak* **raised outer eyebrows**, *strong* **lowered brows**, *strong* **raised upper eyelids**, *strong* **tightened eyelids**, *weak* **downturned mouth corners**, *strong* **parted lips**, and *strong* **a dropped jaw**."
S_02_01_02_1_1,02,fear,2,1,1,Glue the sheet to the dark blue background.,normal,normal,normal,front,none,weak,none,moderate,weak,none,none,none,none,none,none,none,none,none,none,none,none,none,"Actor 02 said “Glue the sheet to the dark blue background.”, with *normal* **speech rate**, *normal* **pitch**, *normal* **loudness**, while **looking at the camera**, and *weak* **raised inner eyebrows**, *moderate* **lowered brows**, and *weak* **raised upper eyelids**."
S_02_01_02_2_1,02,fear,2,2,1,Glue the sheet to the dark blue background.,fast,higher,louder,down,none,strong,weak,strong,strong,none,strong,none,none,none,none,weak,none,none,none,strong,strong,none,"Actor 02 said “Glue the sheet to the dark blue background.”, with *fast* **speech rate**, *higher* **pitch**, *louder* **loudness**, **gaze** *averted* (downwards), and *strong* **raised inner eyebrows**, *weak* **raised outer eyebrows**, *strong* **lowered brows**, *strong* **raised upper eyelids**, *strong* **tightened eyelids**, *weak* **downturned mouth corners**, *strong* **parted lips**, and *strong* **a dropped jaw**."
S_02_01_03_1_1,02,fear,3,1,1,It's easy to tell the depth of a well.,normal,normal,normal,front,none,weak,none,moderate,weak,none,none,none,none,none,none,none,none,none,none,none,none,none,"Actor 02 said “It's easy to tell the depth of a well.”, with *normal* **speech rate**, *normal* **pitch**, *normal* **loudness**, while **looking at the camera**, and *weak* **raised inner eyebrows**, *moderate* **lowered brows**, and *weak* **raised upper eyelids**."
S_02_01_03_2_1,02,fear,3,2,1,It's easy to tell the depth of a well.,fast,higher,louder,down,shaking,moderate,none,strong,moderate,none,strong,none,none,none,none,none,none,none,none,strong,none,moderate,"Actor 02 said “It's easy to tell the depth of a well.”, with *fast* **speech rate**, *higher* **pitch**, *louder* **loudness**, **gaze** *averted* (downwards), while *shaking* their **head**, and *moderate* **raised inner eyebrows**, *strong* **lowered brows**, *moderate* **raised upper eyelids**, *strong* **tightened eyelids**, *strong* **parted lips**, and *moderate* **blinking**."
S_02_01_04_1_1,02,fear,4,1,1,These days a chicken leg is a rare dish.,normal,normal,normal,up,none,weak,none,moderate,none,none,none,none,none,none,none,none,none,none,none,none,none,none,"Actor 02 said “These days a chicken leg is a rare dish.”, with *normal* **speech rate**, *normal* **pitch**, *normal* **loudness**, **gaze** *averted* (upwards), and *weak* **raised inner eyebrows** and *moderate* **lowered brows**."
S_02_01_04_2_1,02,fear,4,2,1,These days a chicken leg is a rare dish.,slow,higher,louder,down,none,strong,weak,strong,strong,none,strong,none,none,none,none,weak,none,none,none,strong,strong,none,"Actor 02 said “These days a chicken leg is a rare dish.”, with *slow* **speech rate**, *higher* **pitch**, *louder* **loudness**, **gaze** *averted* (downwards), and *strong* **raised inner eyebrows**, *weak* **raised outer eyebrows**, *strong* **lowered brows**, *strong* **raised upper eyelids**, *strong* **tightened eyelids**, *weak* **downturned mouth corners**, *strong* **parted lips**, and *strong* **a dropped jaw**."
S_02_01_05_1_1,02,fear,5,1,1,Rice is often served in round bowls.,normal,normal,normal,front,none,weak,none,moderate,weak,none,none,none,none,none,none,none,none,none,none,none,none,none,"Actor 02 said “Rice is often served in round bowls.”, with *normal* **speech rate**, *normal* **pitch**, *normal* **loudness**, while **looking at the camera**, and *weak* **raised inner eyebrows**, *moderate* **lowered brows**, and *weak* **raised upper eyelids**."
S_02_01_05_2_1,02,fear,5,2,1,Rice is often served in round bowls.,fast,higher,louder,down,none,strong,weak,strong,strong,none,strong,none,none,none,none,weak,none,none,none,strong,strong,none,"Actor 02 said “Rice is often served in round bowls.”, with *fast* **speech rate**, *higher* **pitch**, *louder* **loudness**, **gaze** *averted* (downwards), and *strong* **raised inner eyebrows**, *weak* **raised outer eyebrows**, *strong* **lowered brows**, *strong* **raised upper eyelids**, *strong* **tightened eyelids**, *weak* **downturned mouth corners**, *strong* **parted lips**, and *strong* **a dropped jaw**."
S_02_01_06_1_1,02,fear,6,1,1,The juice of lemons makes fine punch.,normal,normal,normal,front,none,weak,none,weak,none,none,none,none,none,none,none,none,none,none,none,none,none,none,"Actor 02 said “The juice of lemons makes fine punch.”, with *normal* **speech rate**, *normal* **pitch**, *normal* **loudness**, while **looking at the camera**, and *weak* **raised inner eyebrows** and *weak* **lowered brows**."
S_02_01_06_2_1,02,fear,6,2,1,The juice of lemons makes fine punch.,fast,higher,louder,down,shaking,moderate,none,strong,moderate,none,strong,none,none,none,none,none,none,none,none,strong,none,moderate,"Actor 02 said “The juice of lemons makes fine punch.”, with *fast* **speech rate**, *higher* **pitch**, *louder* **loudness**, **gaze** *averted* (downwards), while *shaking* their **head**, and *moderate* **raised inner eyebrows**, *strong* **lowered brows**, *moderate* **raised upper eyelids**, *strong* **tightened eyelids**, *strong* **parted lips**, and *moderate* **blinking**."
S_02_01_07_1_1,02,fear,7,1,1,The box was thrown beside the parked truck.,normal,normal,normal,front,none,weak,none,moderate,weak,none,none,none,none,none,none,none,none,none,none,none,none,none,"Actor 02 said “The box was thrown beside the parked truck.”, with *normal* **speech rate**, *normal* **pitch**, *normal* **loudness**, while **looking at the camera**, and *weak* **raised inner eyebrows**, *moderate* **lowered brows**, and *weak* **raised upper eyelids**."
S_02_01_07_2_1,02,fear,7,2,1,The box was thrown beside the parked truck.,slow,higher,louder,left,none,strong,weak,strong,strong,none,strong,none,none,none,none,weak,none,none,none,strong,strong,none,"Actor 02 said “The box was thrown beside the parked truck.”, with *slow* **speech rate**, *higher* **pitch**, *louder* **loudness**, **gaze** *averted* (to their left), and *strong* **raised inner eyebrows**, *weak* **raised outer eyebrows**, *strong* **lowered brows**, *strong* **raised upper eyelids**, *strong* **tightened eyelids**, *weak* **downturned mouth corners**, *strong* **parted lips**, and *strong* **a dropped jaw**."
S_02_01_08_1_1,02,fear,8,1,1,The hogs were fed chopped corn and garbage.,normal,normal,normal,front,none,weak,none,moderate,weak,none,none,none,none,none,none,none,none,none,none,none,none,none,"Actor 02 said “The hogs were fed chopped corn and garbage.”, with *normal* **speech rate**, *normal* **pitch**, *normal* **loudness**, while **looking at the camera**, and *weak* **raised inner eyebrows**, *moderate* **lowered brows**, and *weak* **raised upper eyelids**."
S_02_01_08_2_1,02,fear,8,2,1,The hogs were fed chopped corn and garbage.,fast,higher,louder,down,shaking,moderate,none,strong,moderate,none,strong,none,none,none,none,none,none,none,none,strong,none,moderate,"Actor 02 said “The hogs were fed chopped corn and garbage.”, with *fast* **speech rate**, *higher* **pitch**, *louder* **loudness**, **gaze** *averted* (downwards), while *shaking* their **head**, and *moderate* **raised inner eyebrows**, *strong* **lowered brows**, *moderate* **raised upper eyelids**, *strong* **tightened eyelids**, *strong* **parted lips**, and *moderate* **blinking**."
S_02_01_09_1_1,02,fear,9,1,1,Four hours of steady work faced us.,normal,normal,normal,front,none,weak,none,moderate,weak,none,none,none,none,none,none,none,none,none,none,none,none,none,"Actor 02 said “Four hours of steady work faced us.”, with *normal* **speech rate**, *normal* **pitch**, *normal* **loudness**, while **looking at the camera**, and *weak* **raised inner eyebrows**, *moderate* **lowered brows**, and *weak* **raised upper eyelids**."
S_02_01_09_2_1,02,fear,9,2,1,Four hours of steady work faced us.,normal,higher,louder,down,shaking,moderate,none,strong,moderate,none,weak,none,none,none,none,none,none,none,none,strong,none,moderate,"Actor 02 said “Four hours of steady work faced us.”, with *normal* **speech rate**, *higher* **pitch**, *louder* **loudness**, **gaze** *averted* (downwards), while *shaking* their **head**, and *moderate* **raised inner eyebrows**, *strong* **lowered brows**, *moderate* **raised upper eyelids**, *weak* **tightened eyelids**, *strong* **parted lips**, and *moderate* **blinking**."
S_02_01_10_1_1,02,fear,10,1,1,A large size in stockings is hard to sell.,normal,normal,normal,front,none,weak,none,weak,none,none,none,none,none,none,none,none,none,none,none,none,none,none,"Actor 02 said “A large size in stockings is hard to sell.”, with *normal* **speech rate**, *normal* **pitch**, *normal* **loudness**, while **looking at the camera**, and *weak* **raised inner eyebrows** and *weak* **lowered brows**."
S_02_01_10_2_1,02,fear,10,2,1,A large size in stockings is hard to sell.,slow,higher,louder,front,none,strong,weak,moderate,strong,none,strong,none,none,none,none,weak,none,none,none,strong,strong,none,"Actor 02 said “A large size in stockings is hard to sell.”, with *slow* **speech rate**, *higher* **pitch**, *louder* **loudness**, while **looking at the camera**, and *strong* **raised inner eyebrows**, *weak* **raised outer eyebrows**, *moderate* **lowered brows**, *strong* **raised upper eyelids**, *strong* **tightened eyelids**, *weak* **downturned mouth corners**, *strong* **parted lips**, and *strong* **a dropped jaw**."
S_02_02_01_1_1,02,anger,1,1,1,The birch canoe slid on the smooth planks.,normal,higher,normal,front,none,weak,none,moderate,none,none,none,none,none,none,none,none,none,none,none,none,none,none,"Actor 02 said “The birch canoe slid on the smooth planks.”, with *normal* **speech rate**, *higher* **pitch**, *normal* **loudness**, while **looking at the camera**, and *weak* **raised inner eyebrows** and *moderate* **lowered brows**."
S_02_02_01_2_1,02,anger,1,2,1,The birch canoe slid on the smooth planks.,normal,higher,louder,front,none,none,none,strong,weak,none,none,none,none,none,none,weak,none,none,none,strong,strong,none,"Actor 02 said “The birch canoe slid on the smooth planks.”, with *normal* **speech rate**, *higher* **pitch**, *louder* **loudness**, while **looking at the camera**, and *strong* **lowered brows**, *weak* **raised upper eyelids**, *weak* **downturned mouth corners**, *strong* **parted lips**, and *strong* **a dropped jaw**."
S_02_02_02_1_1,02,anger,2,1,1,Glue the sheet to the dark blue background.,normal,higher,louder,front,none,weak,none,moderate,none,none,none,none,none,none,none,none,none,none,none,none,none,none,"Actor 02 said “Glue the sheet to the dark blue background.”, with *normal* **speech rate**, *higher* **pitch**, *louder* **loudness**, while **looking at the camera**, and *weak* **raised inner eyebrows** and *moderate* **lowered brows**."
S_02_02_02_2_1,02,anger,2,2,1,Glue the sheet to the dark blue background.,normal,higher,louder,front,shaking,strong,weak,strong,strong,none,strong,none,none,none,none,weak,none,none,none,strong,strong,none,"Actor 02 said “Glue the sheet to the dark blue background.”, with *normal* **speech rate**, *higher* **pitch**, *louder* **loudness**, while **looking at the camera**, while *shaking* their **head**, and *strong* **raised inner eyebrows**, *weak* **raised outer eyebrows**, *strong* **lowered brows**, *strong* **raised upper eyelids**, *strong* **tightened eyelids**, *weak* **downturned mouth corners**, *strong* **parted lips**, and *strong* **a dropped jaw**."
S_02_02_03_1_1,02,anger,3,1,1,It's easy to tell the depth of a well.,normal,higher,louder,front,none,none,none,moderate,none,none,none,none,none,none,none,none,none,none,none,none,none,none,"Actor 02 said “It's easy to tell the depth of a well.”, with *normal* **speech rate**, *higher* **pitch**, *louder* **loudness**, while **looking at the camera**, and *moderate* **lowered brows**."
S_02_02_03_2_1,02,anger,3,2,1,It's easy to tell the depth of a well.,normal,higher,louder,front,shaking,moderate,none,strong,none,none,none,none,none,none,none,strong,none,none,strong,strong,none,none,"Actor 02 said “It's easy to tell the depth of a well.”, with *normal* **speech rate**, *higher* **pitch**, *louder* **loudness**, while **looking at the camera**, while *shaking* their **head**, and *moderate* **raised inner eyebrows**, *strong* **lowered brows**, *strong* **downturned mouth corners**, *strong* **tightened lips**, and *strong* **parted lips**."
S_02_02_04_1_1,02,anger,4,1,1,These days a chicken leg is a rare dish.,normal,higher,louder,front,none,none,none,moderate,none,none,none,none,none,none,none,none,none,none,none,none,none,none,"Actor 02 said “These days a chicken leg is a rare dish.”, with *normal* **speech rate**, *higher* **pitch**, *louder* **loudness**, while **looking at the camera**, and *moderate* **lowered brows**."
S_02_02_04_2_1,02,anger,4,2,1,These days a chicken leg is a rare dish.,normal,higher,louder,front,shaking,moderate,none,strong,none,none,none,none,none,none,none,strong,none,none,strong,strong,none,none,"Actor 02 said “These days a chicken leg is a rare dish.”, with *normal* **speech rate**, *higher* **pitch**, *louder* **loudness**, while **looking at the camera**, while *shaking* their **head**, and *moderate* **raised inner eyebrows**, *strong* **lowered brows**, *strong* **downturned mouth corners**, *strong* **tightened lips**, and *strong* **parted lips**."
S_02_02_05_1_1,02,anger,5,1,1,Rice is often served in round bowls.,normal,higher,louder,front,none,none,none,moderate,none,none,none,none,none,none,none,none,none,none,none,none,none,none,"Actor 02 said “Rice is often served in round bowls.”, with *normal* **speech rate**, *higher* **pitch**, *louder* **loudness**, while **looking at the camera**, and *moderate* **lowered brows**."
S_02_02_05_2_1,02,anger,5,2,1,Rice is often served in round bowls.,normal,higher,louder,front,none,strong,weak,strong,strong,none,none,none,none,none,none,weak,none,none,none,strong,strong,none,"Actor 02 said “Rice is often served in round bowls.”, with *normal* **speech rate**, *higher* **pitch**, *louder* **loudness**, while **looking at the camera**, and *strong* **raised inner eyebrows**, *weak* **raised outer eyebrows**, *strong* **lowered brows**, *strong* **raised upper eyelids**, *weak* **downturned mouth corners**, *strong* **parted lips**, and *strong* **a dropped jaw**."
S_02_02_06_1_1,02,anger,6,1,1,The juice of lemons makes fine punch.,normal,normal,louder,front,none,none,none,moderate,none,none,none,none,none,none,none,none,none,none,none,none,none,none,"Actor 02 said “The juice of lemons makes fine punch.”, with *normal* **speech rate**, *normal* **pitch**, *louder* **loudness**, while **looking at the camera**, and *moderate* **lowered brows**."
S_02_02_06_2_1,02,anger,6,2,1,The juice of lemons makes fine punch.,normal,higher,louder,front,none,weak,none,strong,strong,none,none,none,none,none,none,weak,none,none,none,strong,strong,none,"Actor 02 said “The juice of lemons makes fine punch.”, with *normal* **speech rate**, *higher* **pitch**, *louder* **loudness**, while **looking at the camera**, and *weak* **raised inner eyebrows**, *strong* **lowered brows**, *strong* **raised upper eyelids**, *weak* **downturned mouth corners**, *strong* **parted lips**, and *strong* **a dropped jaw**."
S_02_02_07_1_1,02,anger,7,1,1,The box was thrown beside the parked truck.,normal,higher,louder,front,none,none,none,moderate,none,none,none,none,none,none,none,none,none,none,none,none,none,none,"Actor 02 said “The box was thrown beside the parked truck.”, with *normal* **speech rate**, *higher* **pitch**, *louder* **loudness**, while **looking at the camera**, and *moderate* **lowered brows**."
S_02_02_07_2_1,02,anger,7,2,1,The box was thrown beside the parked truck.,normal,higher,louder,front,shaking,none,none,strong,weak,none,none,none,none,none,none,weak,none,none,none,strong,strong,none,"Actor 02 said “The box was thrown beside the parked truck.”, with *normal* **speech rate**, *higher* **pitch**, *louder* **loudness**, while **looking at the camera**, while *shaking* their **head**, and *strong* **lowered brows**, *weak* **raised upper eyelids**, *weak* **downturned mouth corners**, *strong* **parted lips**, and *strong* **a dropped jaw**."
S_02_02_08_1_1,02,anger,8,1,1,The hogs were fed chopped corn and garbage.,normal,higher,louder,front,none,none,none,moderate,none,none,none,none,none,none,none,none,none,none,none,none,none,none,"Actor 02 said “The hogs were fed chopped corn and garbage.”, with *normal* **speech rate**, *higher* **pitch**, *louder* **loudness**, while **looking at the camera**, and *moderate* **lowered brows**."
S_02_02_08_2_1,02,anger,8,2,1,The hogs were fed chopped corn and garbage.,normal,higher,louder,front,none,weak,none,moderate,weak,none,none,none,none,none,none,weak,none,none,none,strong,strong,none,"Actor 02 said “The hogs were fed chopped corn and garbage.”, with *normal* **speech rate**, *higher* **pitch**, *louder* **loudness**, while **looking at the camera**, and *weak* **raised inner eyebrows**, *moderate* **lowered brows**, *weak* **raised upper eyelids**, *weak* **downturned mouth corners**, *strong* **parted lips**, and *strong* **a dropped jaw**."
S_02_02_09_1_1,02,anger,9,1,1,Four hours of steady work faced us.,normal,higher,louder,front,none,weak,none,moderate,none,none,none,none,none,none,none,none,none,none,none,none,none,none,"Actor 02 said “Four hours of steady work faced us.”, with *normal* **speech rate**, *higher* **pitch**, *louder* **loudness**, while **looking at the camera**, and *weak* **raised inner eyebrows** and *moderate* **lowered brows**."
S_02_02_09_2_1,02,anger,9,2,1,Four hours of steady work faced us.,slow,higher,louder,front,shaking,strong,weak,strong,strong,none,strong,none,none,none,none,weak,none,none,none,strong,strong,none,"Actor 02 said “Four hours of steady work faced us.”, with *slow* **speech rate**, *higher* **pitch**, *louder* **loudness**, while **looking at the camera**, while *shaking* their **head**, and *strong* **raised inner eyebrows**, *weak* **raised outer eyebrows**, *strong* **lowered brows**, *strong* **raised upper eyelids**, *strong* **tightened eyelids**, *weak* **downturned mouth corners**, *strong* **parted lips**, and *strong* **a dropped jaw**."
S_02_02_10_1_1,02,anger,10,1,1,A large size in stockings is hard to sell.,normal,higher,normal,front,none,weak,none,moderate,none,none,none,none,none,none,none,none,none,none,none,none,none,none,"Actor 02 said “A large size in stockings is hard to sell.”, with *normal* **speech rate**, *higher* **pitch**, *normal* **loudness**, while **looking at the camera**, and *weak* **raised inner eyebrows** and *moderate* **lowered brows**."
S_02_02_10_2_1,02,anger,10,2,1,A large size in stockings is hard to sell.,normal,higher,louder,front,none,weak,none,moderate,weak,none,none,none,none,none,none,weak,none,none,none,strong,strong,none,"Actor 02 said “A large size in stockings is hard to sell.”, with *normal* **speech rate**, *higher* **pitch**, *louder* **loudness**, while **looking at the camera**, and *weak* **raised inner eyebrows**, *moderate* **lowered brows**, *weak* **raised upper eyelids**, *weak* **downturned mouth corners**, *strong* **parted lips**, and *strong* **a dropped jaw**."
S_02_03_01_1_1,02,happiness,1,1,1,The birch canoe slid on the smooth planks.,slow,higher,normal,front,none,none,none,none,none,weak,none,none,none,weak,none,none,none,none,none,none,none,none,"Actor 02 said “The birch canoe slid on the smooth planks.”, with *slow* **speech rate**, *higher* **pitch**, *normal* **loudness**, while **looking at the camera**, and *weak* **raised cheeks** and *weak* **a smile**."
S_02_03_01_2_1,02,happiness,1,2,1,The birch canoe slid on the smooth planks.,normal,higher,louder,front,none,none,weak,none,none,strong,none,none,none,strong,none,none,none,none,none,none,none,none,"Actor 02 said “The birch canoe slid on the smooth planks.”, with *normal* **speech rate**, *higher* **pitch**, *louder* **loudness**, while **looking at the camera**, and *weak* **raised outer eyebrows**, *strong* **raised cheeks**, and *strong* **a smile**."
S_02_03_02_1_1,02,happiness,2,1,1,Glue the sheet to the dark blue background.,slow,higher,normal,front,none,weak,none,none,none,weak,none,none,none,weak,none,none,none,none,none,none,none,none,"Actor 02 said “Glue the sheet to the dark blue background.”, with *slow* **speech rate**, *higher* **pitch**, *normal* **loudness**, while **looking at the camera**, and *weak* **raised inner eyebrows**, *weak* **raised cheeks**, and *weak* **a smile**."
S_02_03_02_2_1,02,happiness,2,2,1,Glue the sheet to the dark blue background.,normal,higher,louder,front,none,none,weak,none,strong,strong,none,none,none,strong,none,none,none,none,none,none,none,none,"Actor 02 said “Glue the sheet to the dark blue background.”, with *normal* **speech rate**, *higher* **pitch**, *louder* **loudness**, while **looking at the camera**, and *weak* **raised outer eyebrows**, *strong* **raised upper eyelids**, *strong* **raised cheeks**, and *strong* **a smile**."
S_02_03_03_1_1,02,happiness,3,1,1,It's easy to tell the depth of a well.,slow,normal,normal,front,none,weak,none,none,none,weak,none,none,none,weak,none,none,none,none,none,none,none,none,"Actor 02 said “It's easy to tell the depth of a well.”, with *slow* **speech rate**, *normal* **pitch**, *normal* **loudness**, while **looking at the camera**, and *weak* **raised inner eyebrows**, *weak* **raised cheeks**, and *weak* **a smile**."
S_02_03_03_2_1,02,happiness,3,2,1,It's easy to tell the depth of a well.,fast,higher,louder,front,nodding,weak,moderate,none,strong,strong,moderate,none,none,strong,weak,none,none,none,none,strong,none,none,"Actor 02 said “It's easy to tell the depth of a well.”, with *fast* **speech rate**, *higher* **pitch**, *louder* **loudness**, while **looking at the camera**, while *nodding*, and *weak* **raised inner eyebrows**, *moderate* **raised outer eyebrows**, *strong* **raised upper eyelids**, *strong* **raised cheeks**, *moderate* **tightened eyelids**, *strong* **a smile**, *weak* **a tight smile**, and *strong* **parted lips**."
S_02_03_04_1_1,02,happiness,4,1,1,These days a chicken leg is a rare dish.,slow,normal,normal,front,none,none,none,none,none,weak,none,none,none,weak,none,none,none,none,none,none,none,none,"Actor 02 said “These days a chicken leg is a rare dish.”, with *slow* **speech rate**, *normal* **pitch**, *normal* **loudness**, while **looking at the camera**, and *weak* **raised cheeks** and *weak* **a smile**."
S_02_03_04_2_1,02,happiness,4,2,1,These days a chicken leg is a rare dish.,normal,higher,louder,front,none,none,none,none,weak,strong,none,none,none,strong,weak,none,none,none,none,none,none,none,"Actor 02 said “These days a chicken leg is a rare dish.”, with *normal* **speech rate**, *higher* **pitch**, *louder* **loudness**, while **looking at the camera**, and *weak* **raised upper eyelids**, *strong* **raised cheeks**, *strong* **a smile**, and *weak* **a tight smile**."
S_02_03_05_1_1,02,happiness,5,1,1,Rice is often served in round bowls.,slow,normal,normal,front,none,weak,none,none,none,weak,none,none,none,weak,none,none,none,none,none,none,none,none,"Actor 02 said “Rice is often served in round bowls.”, with *slow* **speech rate**, *normal* **pitch**, *normal* **loudness**, while **looking at the camera**, and *weak* **raised inner eyebrows**, *weak* **raised cheeks**, and *weak* **a smile**."
S_02_03_05_2_1,02,happiness,5,2,1,Rice is often served in round bowls.,normal,higher,louder,front,none,none,weak,none,strong,strong,none,none,none,strong,none,none,none,none,none,none,none,none,"Actor 02 said “Rice is often served in round bowls.”, with *normal* **speech rate**, *higher* **pitch**, *louder* **loudness**, while **looking at the camera**, and *weak* **raised outer eyebrows**, *strong* **raised upper eyelids**, *strong* **raised cheeks**, and *strong* **a smile**."
S_02_03_06_1_1,02,happiness,6,1,1,The juice of lemons makes fine punch.,slow,normal,normal,front,none,weak,none,none,none,weak,none,none,none,weak,none,none,none,none,none,none,none,none,"Actor 02 said “The juice of lemons makes fine punch.”, with *slow* **speech rate**, *normal* **pitch**, *normal* **loudness**, while **looking at the camera**, and *weak* **raised inner eyebrows**, *weak* **raised cheeks**, and *weak* **a smile**."
S_02_03_06_2_1,02,happiness,6,2,1,The juice of lemons makes fine punch.,normal,higher,louder,front,none,weak,weak,none,strong,strong,none,none,none,strong,none,none,none,none,none,none,none,none,"Actor 02 said “The juice of lemons makes fine punch.”, with *normal* **speech rate**, *higher* **pitch**, *louder* **loudness**, while **looking at the camera**, and *weak* **raised inner eyebrows**, *weak* **raised outer eyebrows**, *strong* **raised upper eyelids**, *strong* **raised cheeks**, and *strong* **a smile**."
S_02_03_07_1_1,02,happiness,7,1,1,The box was thrown beside the parked truck.,slow,normal,normal,front,none,weak,none,none,none,weak,none,none,none,weak,none,none,none,none,none,none,none,none,"Actor 02 said “The box was thrown beside the parked truck.”, with *slow* **speech rate**, *normal* **pitch**, *normal* **loudness**, while **looking at the camera**, and *weak* **raised inner eyebrows**, *weak* **raised cheeks**, and *weak* **a smile**."
S_02_03_07_2_1,02,happiness,7,2,1,The box was thrown beside the parked truck.,normal,higher,louder,front,none,weak,weak,none,none,strong,none,none,none,strong,none,none,none,none,none,none,none,none,"Actor 02 said “The box was thrown beside the parked truck.”, with *normal* **speech rate**, *higher* **pitch**, *louder* **loudness**, while **looking at the camera**, and *weak* **raised inner eyebrows**, *weak* **raised outer eyebrows**, *strong* **raised cheeks**, and *strong* **a smile**."
S_02_03_08_1_1,02,happiness,8,1,1,The hogs were fed chopped corn and garbage.,slow,normal,normal,front,none,weak,none,none,none,weak,none,none,none,weak,none,none,none,none,none,none,none,none,"Actor 02 said “The hogs were fed chopped corn and garbage.”, with *slow* **speech rate**, *normal* **pitch**, *normal* **loudness**, while **looking at the camera**, and *weak* **raised inner eyebrows**, *weak* **raised cheeks**, and *weak* **a smile**."
S_02_03_08_2_1,02,happiness,8,2,1,The hogs were fed chopped corn and garbage.,normal,higher,louder,front,none,none,none,moderate,weak,strong,none,none,none,strong,none,none,none,none,none,strong,strong,none,"Actor 02 said “The hogs were fed chopped corn and garbage.”, with *normal* **speech rate**, *higher* **pitch**, *louder* **loudness**, while **looking at the camera**, and *moderate* **lowered brows**, *weak* **raised upper eyelids**, *strong* **raised cheeks**, *strong* **a smile**, *strong* **parted lips**, and *strong* **a dropped jaw**."
S_02_03_09_1_1,02,happiness,9,1,1,Four hours of steady work faced us.,slow,normal,normal,front,none,weak,none,none,none,none,none,none,none,weak,none,none,none,none,none,none,none,none,"Actor 02 said “Four hours of steady work faced us.”, with *slow* **speech rate**, *normal* **pitch**, *normal* **loudness**, while **looking at the camera**, and *weak* **raised inner eyebrows** and *weak* **a smile**."
S_02_03_09_2_1,02,happiness,9,2,1,Four hours of steady work faced us.,normal,higher,louder,front,none,none,weak,none,strong,strong,none,none,none,strong,none,none,none,none,none,none,none,none,"Actor 02 said “Four hours of steady work faced us.”, with *normal* **speech rate**, *higher* **pitch**, *louder* **loudness**, while **looking at the camera**, and *weak* **raised outer eyebrows**, *strong* **raised upper eyelids**, *strong* **raised cheeks**, and *strong* **a smile**."
S_02_03_10_1_1,02,happiness,10,1,1,A large size in stockings is hard to sell.,slow,normal,normal,front,none,weak,none,none,none,none,none,none,none,weak,none,none,none,none,none,none,none,none,"Actor 02 said “A large size in stockings is hard to sell.”, with *slow* **speech rate**, *normal* **pitch**, *normal* **loudness**, while **looking at the camera**, and *weak* **raised inner eyebrows** and *weak* **a smile**."
S_02_03_10_2_1,02,happiness,10,2,1,A large size in stockings is hard to sell.,normal,higher,louder,front,none,weak,weak,none,strong,strong,none,none,none,strong,none,none,none,none,none,strong,strong,none,"Actor 02 said “A large size in stockings is hard to sell.”, with *normal* **speech rate**, *higher* **pitch**, *louder* **loudness**, while **looking at the camera**, and *weak* **raised inner eyebrows**, *weak* **raised outer eyebrows**, *strong* **raised upper eyelids**, *strong* **raised cheeks**, *strong* **a smile**, *strong* **parted lips**, and *strong* **a dropped jaw**."
S_02_04_01_1_1,02,sadness,1,1,1,The birch canoe slid on the smooth planks.,normal,lower,normal,down,none,weak,none,moderate,none,none,none,none,none,none,none,weak,none,none,none,none,none,none,"Actor 02 said “The birch canoe slid on the smooth planks.”, with *normal* **speech rate**, *lower* **pitch**, *normal* **loudness**, **gaze** *averted* (downwards), and *weak* **raised inner eyebrows**, *moderate* **lowered brows**, and *weak* **downturned mouth corners**."
S_02_04_01_2_1,02,sadness,1,2,1,The birch canoe slid on the smooth planks.,slow,lower,quieter,down,none,weak,none,moderate,none,none,none,none,none,none,none,weak,none,none,none,moderate,weak,strong,"Actor 02 said “The birch canoe slid on the smooth planks.”, with *slow* **speech rate**, *lower* **pitch**, *quieter* **loudness**, **gaze** *averted* (downwards), and *weak* **raised inner eyebrows**, *moderate* **lowered brows**, *weak* **downturned mouth corners**, *moderate* **parted lips**, *weak* **a dropped jaw**, and *strong* **blinking**."
S_02_04_02_1_1,02,sadness,2,1,1,Glue the sheet to the dark blue background.,normal,lower,normal,down,none,weak,none,moderate,none,none,none,none,none,none,none,weak,none,none,none,none,none,none,"Actor 02 said “Glue the sheet to the dark blue background.”, with *normal* **speech rate**, *lower* **pitch**, *normal* **loudness**, **gaze** *averted* (downwards), and *weak* **raised inner eyebrows**, *moderate* **lowered brows**, and *weak* **downturned mouth corners**."
S_02_04_02_2_1,02,sadness,2,2,1,Glue the sheet to the dark blue background.,normal,lower,normal,down,none,moderate,none,moderate,none,none,none,none,none,none,none,weak,none,none,none,weak,none,moderate,"Actor 02 said “Glue the sheet to the dark blue background.”, with *normal* **speech rate**, *lower* **pitch**, *normal* **loudness**, **gaze** *averted* (downwards), and *moderate* **raised inner eyebrows**, *moderate* **lowered brows**, *weak* **downturned mouth corners**, *weak* **parted lips**, and *moderate* **blinking**."
S_02_04_03_1_1,02,sadness,3,1,1,It's easy to tell the depth of a well.,normal,lower,normal,down,none,weak,none,moderate,none,none,none,none,none,none,none,none,none,none,none,none,none,none,"Actor 02 said “It's easy to tell the depth of a well.”, with *normal* **speech rate**, *lower* **pitch**, *normal* **loudness**, **gaze** *averted* (downwards), and *weak* **raised inner eyebrows** and *moderate* **lowered brows**."
S_02_04_03_2_1,02,sadness,3,2,1,It's easy to tell the depth of a well.,normal,lower,normal,down,none,strong,none,moderate,weak,none,none,none,none,none,none,weak,none,none,none,weak,none,none,"Actor 02 said “It's easy to tell the depth of a well.”, with *normal* **speech rate**, *lower* **pitch**, *normal* **loudness**, **gaze** *averted* (downwards), and *strong* **raised inner eyebrows**, *moderate* **lowered brows**, *weak* **raised upper eyelids**, *weak* **downturned mouth corners**, and *weak* **parted lips**."
S_02_04_04_1_1,02,sadness,4,1,1,These days a chicken leg is a rare dish.,normal,normal,quieter,down,none,weak,none,moderate,none,none,none,none,none,none,none,weak,none,none,none,weak,none,none,"Actor 02 said “These days a chicken leg is a rare dish.”, with *normal* **speech rate**, *normal* **pitch**, *quieter* **loudness**, **gaze** *averted* (downwards), and *weak* **raised inner eyebrows**, *moderate* **lowered brows**, *weak* **downturned mouth corners**, and *weak* **parted lips**."
S_02_04_04_2_1,02,sadness,4,2,1,These days a chicken leg is a rare dish.,normal,lower,normal,down,none,moderate,none,moderate,none,none,weak,none,none,none,none,strong,none,none,none,weak,none,none,"Actor 02 said “These days a chicken leg is a rare dish.”, with *normal* **speech rate**, *lower* **pitch**, *normal* **loudness**, **gaze** *averted* (downwards), and *moderate* **raised inner eyebrows**, *moderate* **lowered brows**, *weak* **tightened eyelids**, *strong* **downturned mouth corners**, and *weak* **parted lips**."
S_02_04_05_1_1,02,sadness,5,1,1,Rice is often served in round bowls.,normal,lower,normal,down,none,weak,none,weak,none,none,none,none,none,none,none,weak,none,none,none,none,none,none,"Actor 02 said “Rice is often served in round bowls.”, with *normal* **speech rate**, *lower* **pitch**, *normal* **loudness**, **gaze** *averted* (downwards), and *weak* **raised inner eyebrows**, *weak* **lowered brows**, and *weak* **downturned mouth corners**."
S_02_04_05_2_1,02,sadness,5,2,1,Rice is often served in round bowls.,normal,lower,normal,down,none,strong,none,moderate,weak,none,none,none,none,none,none,weak,none,none,none,none,none,none,"Actor 02 said “Rice is often served in round bowls.”, with *normal* **speech rate**, *lower* **pitch**, *normal* **loudness**, **gaze** *averted* (downwards), and *strong* **raised inner eyebrows**, *moderate* **lowered brows**, *weak* **raised upper eyelids**, and *weak* **downturned mouth corners**."
S_02_04_06_1_1,02,sadness,6,1,1,The juice of lemons makes fine punch.,normal,lower,normal,down,none,weak,none,moderate,none,none,none,none,none,none,none,none,none,none,none,none,none,weak,"Actor 02 said “The juice of lemons makes fine punch.”, with *normal* **speech rate**, *lower* **pitch**, *normal* **loudness**, **gaze** *averted* (downwards), and *weak* **raised inner eyebrows**, *moderate* **lowered brows**, and *weak* **blinking**."
S_02_04_06_2_1,02,sadness,6,2,1,The juice of lemons makes fine punch.,slow,lower,quieter,down,nodding,weak,none,strong,none,none,none,none,none,none,none,strong,none,none,none,strong,none,none,"Actor 02 said “The juice of lemons makes fine punch.”, with *slow* **speech rate**, *lower* **pitch**, *quieter* **loudness**, **gaze** *averted* (downwards), while *nodding*, and *weak* **raised inner eyebrows**, *strong* **lowered brows**, *strong* **downturned mouth corners**, and *strong* **parted lips**."
S_02_04_07_1_1,02,sadness,7,1,1,The box was thrown beside the parked truck.,normal,lower,normal,down,none,weak,none,moderate,none,none,none,none,none,none,none,weak,none,none,none,none,none,none,"Actor 02 said “The box was thrown beside the parked truck.”, with *normal* **speech rate**, *lower* **pitch**, *normal* **loudness**, **gaze** *averted* (downwards), and *weak* **raised inner eyebrows**, *moderate* **lowered brows**, and *weak* **downturned mouth corners**."
S_02_04_07_2_1,02,sadness,7,2,1,The box was thrown beside the parked truck.,normal,lower,normal,down,none,strong,none,moderate,weak,none,none,none,none,none,none,weak,none,none,none,weak,none,none,"Actor 02 said “The box was thrown beside the parked truck.”, with *normal* **speech rate**, *lower* **pitch**, *normal* **loudness**, **gaze** *averted* (downwards), and *strong* **raised inner eyebrows**, *moderate* **lowered brows**, *weak* **raised upper eyelids**, *weak* **downturned mouth corners**, and *weak* **parted lips**."
S_02_04_08_1_1,02,sadness,8,1,1,The hogs were fed chopped corn and garbage.,normal,lower,normal,down,none,weak,none,moderate,none,none,none,none,none,none,none,weak,none,none,none,none,none,none,"Actor 02 said “The hogs were fed chopped corn and garbage.”, with *normal* **speech rate**, *lower* **pitch**, *normal* **loudness**, **gaze** *averted* (downwards), and *weak* **raised inner eyebrows**, *moderate* **lowered brows**, and *weak* **downturned mouth corners**."
S_02_04_08_2_1,02,sadness,8,2,1,The hogs were fed chopped corn and garbage.,normal,lower,normal,down,none,moderate,none,strong,none,none,none,none,none,none,none,weak,none,none,none,weak,none,none,"Actor 02 said “The hogs were fed chopped corn and garbage.”, with *normal* **speech rate**, *lower* **pitch**, *normal* **loudness**, **gaze** *averted* (downwards), and *moderate* **raised inner eyebrows**, *strong* **lowered brows**, *weak* **downturned mouth corners**, and *weak* **parted lips**."
S_02_04_09_1_1,02,sadness,9,1,1,Four hours of steady work faced us.,normal,lower,normal,down,none,weak,none,moderate,none,none,none,none,none,none,none,weak,none,none,none,none,none,none,"Actor 02 said “Four hours of steady work faced us.”, with *normal* **speech rate**, *lower* **pitch**, *normal* **loudness**, **gaze** *averted* (downwards), and *weak* **raised inner eyebrows**, *moderate* **lowered brows**, and *weak* **downturned mouth corners**."
S_02_04_09_2_1,02,sadness,9,2,1,Four hours of steady work faced us.,normal,lower,normal,down,none,weak,none,strong,none,none,none,none,none,none,none,strong,none,none,none,none,none,none,"Actor 02 said “Four hours of steady work faced us.”, with *normal* **speech rate**, *lower* **pitch**, *normal* **loudness**, **gaze** *averted* (downwards), and *weak* **raised inner eyebrows**, *strong* **lowered brows**, and *strong* **downturned mouth corners**."
S_02_04_10_1_1,02,sadness,10,1,1,A large size in stockings is hard to sell.,normal,lower,normal,down,none,weak,none,moderate,none,none,none,none,none,none,none,weak,none,none,none,none,none,none,"Actor 02 said “A large size in stockings is hard to sell.”, with *normal* **speech rate**, *lower* **pitch**, *normal* **loudness**, **gaze** *averted* (downwards), and *weak* **raised inner eyebrows**, *moderate* **lowered brows**, and *weak* **downturned mouth corners**."
S_02_04_10_2_1,02,sadness,10,2,1,A large size in stockings is hard to sell.,normal,lower,normal,down,none,strong,none,moderate,weak,none,none,none,none,none,none,weak,none,none,none,moderate,weak,none,"Actor 02 said “A large size in stockings is hard to sell.”, with *normal* **speech rate**, *lower* **pitch**, *normal* **loudness**, **gaze** *averted* (downwards), and *strong* **raised inner eyebrows**, *moderate* **lowered brows**, *weak* **raised upper eyelids**, *weak* **downturned mouth corners**, *moderate* **parted lips**, and *weak* **a dropped jaw**."
S_02_05_01_1_1,02,disgust,1,1,1,The birch canoe slid on the smooth planks.,slow,lower,normal,front,none,weak,none,moderate,none,none,none,weak,weak,none,none,weak,none,none,none,none,none,none,"Actor 02 said “The birch canoe slid on the smooth planks.”, with *slow* **speech rate**, *lower* **pitch**, *normal* **loudness**, while **looking at the camera**, and *weak* **raised inner eyebrows**, *moderate* **lowered brows**, *weak* **wrinkled nose**, *weak* **raised upper lip**, and *weak* **downturned mouth corners**."
S_02_05_01_2_1,02,disgust,1,2,1,The birch canoe slid on the smooth planks.,normal,higher,louder,down,shaking,strong,moderate,strong,moderate,none,strong,strong,none,none,none,strong,none,none,strong,strong,none,moderate,"Actor 02 said “The birch canoe slid on the smooth planks.”, with *normal* **speech rate**, *higher* **pitch**, *louder* **loudness**, **gaze** *averted* (downwards), while *shaking* their **head**, and *strong* **raised inner eyebrows**, *moderate* **raised outer eyebrows**, *strong* **lowered brows**, *moderate* **raised upper eyelids**, *strong* **tightened eyelids**, *strong* **wrinkled nose**, *strong* **downturned mouth corners**, *strong* **tightened lips**, *strong* **parted lips**, and *moderate* **blinking**."
S_02_05_02_1_1,02,disgust,2,1,1,Glue the sheet to the dark blue background.,normal,normal,normal,front,none,none,none,weak,none,none,none,none,none,none,none,none,none,none,none,none,none,none,"Actor 02 said “Glue the sheet to the dark blue background.”, with *normal* **speech rate**, *normal* **pitch**, *normal* **loudness**, while **looking at the camera**, and *weak* **lowered brows**."
S_02_05_02_2_1,02,disgust,2,2,1,Glue the sheet to the dark blue background.,normal,higher,louder,down,shaking,strong,moderate,strong,moderate,none,weak,strong,none,none,none,strong,none,none,none,strong,none,moderate,"Actor 02 said “Glue the sheet to the dark blue background.”, with *normal* **speech rate**, *higher* **pitch**, *louder* **loudness**, **gaze** *averted* (downwards), while *shaking* their **head**, and *strong* **raised inner eyebrows**, *moderate* **raised outer eyebrows**, *strong* **lowered brows**, *moderate* **raised upper eyelids**, *weak* **tightened eyelids**, *strong* **wrinkled nose**, *strong* **downturned mouth corners**, *strong* **parted lips**, and *moderate* **blinking**."
S_02_05_03_1_1,02,disgust,3,1,1,It's easy to tell the depth of a well.,slow,lower,normal,down,none,weak,none,moderate,none,none,none,weak,weak,none,none,weak,none,none,none,none,none,none,"Actor 02 said “It's easy to tell the depth of a well.”, with *slow* **speech rate**, *lower* **pitch**, *normal* **loudness**, **gaze** *averted* (downwards), and *weak* **raised inner eyebrows**, *moderate* **lowered brows**, *weak* **wrinkled nose**, *weak* **raised upper lip**, and *weak* **downturned mouth corners**."
S_02_05_03_2_1,02,disgust,3,2,1,It's easy to tell the depth of a well.,normal,lower,normal,down,none,strong,weak,strong,none,none,none,strong,moderate,none,none,none,none,none,none,none,none,moderate,"Actor 02 said “It's easy to tell the depth of a well.”, with *normal* **speech rate**, *lower* **pitch**, *normal* **loudness**, **gaze** *averted* (downwards), and *strong* **raised inner eyebrows**, *weak* **raised outer eyebrows**, *strong* **lowered brows**, *strong* **wrinkled nose**, *moderate* **raised upper lip**, and *moderate* **blinking**."
S_02_05_04_1_1,02,disgust,4,1,1,These days a chicken leg is a rare dish.,normal,normal,normal,front,none,none,none,weak,none,none,none,none,none,none,none,none,none,none,none,none,none,none,"Actor 02 said “These days a chicken leg is a rare dish.”, with *normal* **speech rate**, *normal* **pitch**, *normal* **loudness**, while **looking at the camera**, and *weak* **lowered brows**."
S_02_05_04_2_1,02,disgust,4,2,1,These days a chicken leg is a rare dish.,normal,higher,louder,down,shaking,strong,moderate,strong,moderate,weak,strong,moderate,strong,none,none,moderate,none,none,none,none,none,strong,"Actor 02 said “These days a chicken leg is a rare dish.”, with *normal* **speech rate**, *higher* **pitch**, *louder* **loudness**, **gaze** *averted* (downwards), while *shaking* their **head**, and *strong* **raised inner eyebrows**, *moderate* **raised outer eyebrows**, *strong* **lowered brows**, *moderate* **raised upper eyelids**, *weak* **raised cheeks**, *strong* **tightened eyelids**, *moderate* **wrinkled nose**, *strong* **raised upper lip**, *moderate* **downturned mouth corners**, and *strong* **blinking**."
S_02_05_05_1_1,02,disgust,5,1,1,Rice is often served in round bowls.,normal,normal,normal,front,none,weak,none,moderate,none,none,none,weak,weak,none,none,weak,none,none,none,none,none,none,"Actor 02 said “Rice is often served in round bowls.”, with *normal* **speech rate**, *normal* **pitch**, *normal* **loudness**, while **looking at the camera**, and *weak* **raised inner eyebrows**, *moderate* **lowered brows**, *weak* **wrinkled nose**, *weak* **raised upper lip**, and *weak* **downturned mouth corners**."
S_02_05_05_2_1,02,disgust,5,2,1,Rice is often served in round bowls.,normal,higher,louder,down,none,strong,moderate,strong,moderate,none,weak,strong,none,none,none,strong,none,none,none,strong,none,moderate,"Actor 02 said “Rice is often served in round bowls.”, with *normal* **speech rate**, *higher* **pitch**, *louder* **loudness**, **gaze** *averted* (downwards), and *strong* **raised inner eyebrows**, *moderate* **raised outer eyebrows**, *strong* **lowered brows**, *moderate* **raised upper eyelids**, *weak* **tightened eyelids**, *strong* **wrinkled nose**, *strong* **downturned mouth corners**, *strong* **parted lips**, and *moderate* **blinking**."
S_02_05_06_1_1,02,disgust,6,1,1,The juice of lemons makes fine punch.,normal,normal,normal,front,none,weak,none,moderate,none,none,none,weak,weak,none,none,weak,none,none,none,none,none,none,"Actor 02 said “The juice of lemons makes fine punch.”, with *normal* **speech rate**, *normal* **pitch**, *normal* **loudness**, while **looking at the camera**, and *weak* **raised inner eyebrows**, *moderate* **lowered brows**, *weak* **wrinkled nose**, *weak* **raised upper lip**, and *weak* **downturned mouth corners**."
S_02_05_06_2_1,02,disgust,6,2,1,The juice of lemons makes fine punch.,normal,lower,louder,down,none,strong,none,moderate,weak,none,none,strong,moderate,none,none,none,none,none,none,strong,none,none,"Actor 02 said “The juice of lemons makes fine punch.”, with *normal* **speech rate**, *lower* **pitch**, *louder* **loudness**, **gaze** *averted* (downwards), and *strong* **raised inner eyebrows**, *moderate* **lowered brows**, *weak* **raised upper eyelids**, *strong* **wrinkled nose**, *moderate* **raised upper lip**, and *strong* **parted lips**."
S_02_05_07_1_1,02,disgust,7,1,1,The box was thrown beside the parked truck.,normal,normal,normal,down,none,weak,none,moderate,none,none,none,weak,weak,none,none,weak,none,none,none,none,none,none,"Actor 02 said “The box was thrown beside the parked truck.”, with *normal* **speech rate**, *normal* **pitch**, *normal* **loudness**, **gaze** *averted* (downwards), and *weak* **raised inner eyebrows**, *moderate* **lowered brows**, *weak* **wrinkled nose**, *weak* **raised upper lip**, and *weak* **downturned mouth corners**."
S_02_05_07_2_1,02,disgust,7,2,1,The box was thrown beside the parked truck.,normal,lower,normal,down,none,weak,none,moderate,weak,none,none,strong,moderate,none,none,none,none,none,none,none,none,none,"Actor 02 said “The box was thrown beside the parked truck.”, with *normal* **speech rate**, *lower* **pitch**, *normal* **loudness**, **gaze** *averted* (downwards), and *weak* **raised inner eyebrows**, *moderate* **lowered brows**, *weak* **raised upper eyelids**, *strong* **wrinkled nose**, and *moderate* **raised upper lip**."
S_02_05_08_1_1,02,disgust,8,1,1,The hogs were fed chopped corn and garbage.,normal,normal,normal,front,none,none,none,weak,none,none,none,none,none,none,none,none,none,none,none,none,none,none,"Actor 02 said “The hogs were fed chopped corn and garbage.”, with *normal* **speech rate**, *normal* **pitch**, *normal* **loudness**, while **looking at the camera**, and *weak* **lowered brows**."
S_02_05_08_2_1,02,disgust,8,2,1,The hogs were fed chopped corn and garbage.,normal,higher,louder,down,none,weak,weak,strong,strong,none,none,strong,moderate,none,none,none,none,none,none,moderate,moderate,none,"Actor 02 said “The hogs were fed chopped corn and garbage.”, with *normal* **speech rate**, *higher* **pitch**, *louder* **loudness**, **gaze** *averted* (downwards), and *weak* **raised inner eyebrows**, *weak* **raised outer eyebrows**, *strong* **lowered brows**, *strong* **raised upper eyelids**, *strong* **wrinkled nose**, *moderate* **raised upper lip**, *moderate* **parted lips**, and *moderate* **a dropped jaw**."
S_02_05_09_1_1,02,disgust,9,1,1,Four hours of steady work faced us.,normal,normal,normal,front,none,none,none,weak,none,none,none,none,none,none,none,none,none,none,none,none,none,none,"Actor 02 said “Four hours of steady work faced us.”, with *normal* **speech rate**, *normal* **pitch**, *normal* **loudness**, while **looking at the camera**, and *weak* **lowered brows**."
S_02_05_09_2_1,02,disgust,9,2,1,Four hours of steady work faced us.,normal,lower,normal,down,none,weak,none,moderate,weak,none,none,strong,moderate,none,none,none,none,none,none,none,none,none,"Actor 02 said “Four hours of steady work faced us.”, with *normal* **speech rate**, *lower* **pitch**, *normal* **loudness**, **gaze** *averted* (downwards), and *weak* **raised inner eyebrows**, *moderate* **lowered brows**, *weak* **raised upper eyelids**, *strong* **wrinkled nose**, and *moderate* **raised upper lip**."
S_02_05_10_1_1,02,disgust,10,1,1,A large size in stockings is hard to sell.,normal,normal,normal,front,none,weak,none,moderate,none,none,none,weak,weak,none,none,weak,none,none,none,none,none,none,"Actor 02 said “A large size in stockings is hard to sell.”, with *normal* **speech rate**, *normal* **pitch**, *normal* **loudness**, while **looking at the camera**, and *weak* **raised inner eyebrows**, *moderate* **lowered brows**, *weak* **wrinkled nose**, *weak* **raised upper lip**, and *weak* **downturned mouth corners**."
S_02_05_10_2_1,02,disgust,10,2,1,A large size in stockings is hard to sell.,normal,higher,louder,down,none,strong,weak,strong,strong,none,none,strong,moderate,none,none,none,none,none,none,none,none,none,"Actor 02 said “A large size in stockings is hard to sell.”, with *normal* **speech rate**, *higher* **pitch**, *louder* **loudness**, **gaze** *averted* (downwards), and *strong* **raised inner eyebrows**, *weak* **raised outer eyebrows**, *strong* **lowered brows**, *strong* **raised upper eyelids**, *strong* **wrinkled nose**, and *moderate* **raised upper lip**."
S_02_06_01_1_1,02,surprise,1,1,1,The birch canoe slid on the smooth planks.,normal,higher,normal,front,none,weak,none,none,weak,none,none,none,none,weak,none,none,none,none,none,none,none,none,"Actor 02 said “The birch canoe slid on the smooth planks.”, with *normal* **speech rate**, *higher* **pitch**, *normal* **loudness**, while **looking at the camera**, and *weak* **raised inner eyebrows**, *weak* **raised upper eyelids**, and *weak* **a smile**."
S_02_06_01_2_1,02,surprise,1,2,1,The birch canoe slid on the smooth planks.,normal,higher,louder,up,none,strong,moderate,strong,strong,none,moderate,none,none,none,none,none,none,none,none,strong,none,none,"Actor 02 said “The birch canoe slid on the smooth planks.”, with *normal* **speech rate**, *higher* **pitch**, *louder* **loudness**, **gaze** *averted* (upwards), and *strong* **raised inner eyebrows**, *moderate* **raised outer eyebrows**, *strong* **lowered brows**, *strong* **raised upper eyelids**, *moderate* **tightened eyelids**, and *strong* **parted lips**."
S_02_06_02_1_1,02,surprise,2,1,1,Glue the sheet to the dark blue background.,fast,higher,normal,front,none,weak,weak,none,weak,none,none,none,none,none,none,none,none,none,none,none,none,none,"Actor 02 said “Glue the sheet to the dark blue background.”, with *fast* **speech rate**, *higher* **pitch**, *normal* **loudness**, while **looking at the camera**, and *weak* **raised inner eyebrows**, *weak* **raised outer eyebrows**, and *weak* **raised upper eyelids**."
S_02_06_02_2_1,02,surprise,2,2,1,Glue the sheet to the dark blue background.,slow,higher,louder,up,none,strong,moderate,strong,strong,none,moderate,none,none,none,none,none,none,none,none,strong,none,none,"Actor 02 said “Glue the sheet to the dark blue background.”, with *slow* **speech rate**, *higher* **pitch**, *louder* **loudness**, **gaze** *averted* (upwards), and *strong* **raised inner eyebrows**, *moderate* **raised outer eyebrows**, *strong* **lowered brows**, *strong* **raised upper eyelids**, *moderate* **tightened eyelids**, and *strong* **parted lips**."
S_02_06_03_1_1,02,surprise,3,1,1,It's easy to tell the depth of a well.,fast,higher,normal,front,none,weak,weak,weak,weak,none,none,none,none,none,none,none,none,none,none,none,none,none,"Actor 02 said “It's easy to tell the depth of a well.”, with *fast* **speech rate**, *higher* **pitch**, *normal* **loudness**, while **looking at the camera**, and *weak* **raised inner eyebrows**, *weak* **raised outer eyebrows**, *weak* **lowered brows**, and *weak* **raised upper eyelids**."
S_02_06_03_2_1,02,surprise,3,2,1,It's easy to tell the depth of a well.,normal,higher,louder,up,none,strong,moderate,strong,strong,weak,moderate,none,none,none,none,none,none,none,none,strong,none,none,"Actor 02 said “It's easy to tell the depth of a well.”, with *normal* **speech rate**, *higher* **pitch**, *louder* **loudness**, **gaze** *averted* (upwards), and *strong* **raised inner eyebrows**, *moderate* **raised outer eyebrows**, *strong* **lowered brows**, *strong* **raised upper eyelids**, *weak* **raised cheeks**, *moderate* **tightened eyelids**, and *strong* **parted lips**."
S_02_06_04_1_1,02,surprise,4,1,1,These days a chicken leg is a rare dish.,normal,higher,normal,front,none,weak,none,none,weak,none,none,none,none,weak,none,none,none,none,none,none,none,none,"Actor 02 said “These days a chicken leg is a rare dish.”, with *normal* **speech rate**, *higher* **pitch**, *normal* **loudness**, while **looking at the camera**, and *weak* **raised inner eyebrows**, *weak* **raised upper eyelids**, and *weak* **a smile**."
S_02_06_04_2_1,02,surprise,4,2,1,These days a chicken leg is a rare dish.,slow,higher,louder,up,none,strong,moderate,moderate,strong,none,none,none,none,none,none,none,none,none,none,strong,none,none,"Actor 02 said “These days a chicken leg is a rare dish.”, with *slow* **speech rate**, *higher* **pitch**, *louder* **loudness**, **gaze** *averted* (upwards), and *strong* **raised inner eyebrows**, *moderate* **raised outer eyebrows**, *moderate* **lowered brows**, *strong* **raised upper eyelids**, and *strong* **parted lips**."
S_02_06_05_1_1,02,surprise,5,1,1,Rice is often served in round bowls.,normal,higher,normal,front,none,weak,none,none,weak,none,none,none,none,none,none,none,none,none,none,none,none,none,"Actor 02 said “Rice is often served in round bowls.”, with *normal* **speech rate**, *higher* **pitch**, *normal* **loudness**, while **looking at the camera**, and *weak* **raised inner eyebrows** and *weak* **raised upper eyelids**."
S_02_06_05_2_1,02,surprise,5,2,1,Rice is often served in round bowls.,normal,higher,louder,up,none,strong,moderate,strong,strong,none,moderate,none,none,none,none,none,none,none,none,strong,none,none,"Actor 02 said “Rice is often served in round bowls.”, with *normal* **speech rate**, *higher* **pitch**, *louder* **loudness**, **gaze** *averted* (upwards), and *strong* **raised inner eyebrows**, *moderate* **raised outer eyebrows**, *strong* **lowered brows**, *strong* **raised upper eyelids**, *moderate* **tightened eyelids**, and *strong* **parted lips**."
S_02_06_06_1_1,02,surprise,6,1,1,The juice of lemons makes fine punch.,normal,higher,normal,front,none,weak,weak,weak,weak,none,none,none,none,weak,none,none,none,none,none,none,none,none,"Actor 02 said “The juice of lemons makes fine punch.”, with *normal* **speech rate**, *higher* **pitch**, *normal* **loudness**, while **looking at the camera**, and *weak* **raised inner eyebrows**, *weak* **raised outer eyebrows**, *weak* **lowered brows**, *weak* **raised upper eyelids**, and *weak* **a smile**."
S_02_06_06_2_1,02,surprise,6,2,1,The juice of lemons makes fine punch.,normal,higher,louder,up,none,strong,moderate,strong,strong,weak,moderate,none,none,none,none,none,none,none,none,strong,none,none,"Actor 02 said “The juice of lemons makes fine punch.”, with *normal* **speech rate**, *higher* **pitch**, *louder* **loudness**, **gaze** *averted* (upwards), and *strong* **raised inner eyebrows**, *moderate* **raised outer eyebrows**, *strong* **lowered brows**, *strong* **raised upper eyelids**, *weak* **raised cheeks**, *moderate* **tightened eyelids**, and *strong* **parted lips**."
S_02_06_07_1_1,02,surprise,7,1,1,The box was thrown beside the parked truck.,normal,higher,normal,front,none,weak,none,none,weak,none,none,none,none,none,none,none,none,none,none,none,none,none,"Actor 02 said “The box was thrown beside the parked truck.”, with *normal* **speech rate**, *higher* **pitch**, *normal* **loudness**, while **looking at the camera**, and *weak* **raised inner eyebrows** and *weak* **raised upper eyelids**."
S_02_06_07_2_1,02,surprise,7,2,1,The box was thrown beside the parked truck.,normal,higher,louder,up,none,strong,weak,moderate,moderate,none,none,none,none,weak,none,none,none,none,none,moderate,none,none,"Actor 02 said “The box was thrown beside the parked truck.”, with *normal* **speech rate**, *higher* **pitch**, *louder* **loudness**, **gaze** *averted* (upwards), and *strong* **raised inner eyebrows**, *weak* **raised outer eyebrows**, *moderate* **lowered brows**, *moderate* **raised upper eyelids**, *weak* **a smile**, and *moderate* **parted lips**."
S_02_06_08_1_1,02,surprise,8,1,1,The hogs were fed chopped corn and garbage.,normal,higher,normal,front,none,weak,none,none,weak,none,none,none,none,none,none,none,none,none,none,none,none,none,"Actor 02 said “The hogs were fed chopped corn and garbage.”, with *normal* **speech rate**, *higher* **pitch**, *normal* **loudness**, while **looking at the camera**, and *weak* **raised inner eyebrows** and *weak* **raised upper eyelids**."
S_02_06_08_2_1,02,surprise,8,2,1,The hogs were fed chopped corn and garbage.,slow,higher,louder,up,none,strong,moderate,moderate,strong,moderate,moderate,none,none,none,none,none,none,none,none,none,moderate,none,"Actor 02 said “The hogs were fed chopped corn and garbage.”, with *slow* **speech rate**, *higher* **pitch**, *louder* **loudness**, **gaze** *averted* (upwards), and *strong* **raised inner eyebrows**, *moderate* **raised outer eyebrows**, *moderate* **lowered brows**, *strong* **raised upper eyelids**, *moderate* **raised cheeks**, *moderate* **tightened eyelids**, and *moderate* **a dropped jaw**."
S_02_06_09_1_1,02,surprise,9,1,1,Four hours of steady work faced us.,normal,higher,normal,front,none,weak,none,none,weak,none,none,none,none,none,none,none,none,none,none,none,none,none,"Actor 02 said “Four hours of steady work faced us.”, with *normal* **speech rate**, *higher* **pitch**, *normal* **loudness**, while **looking at the camera**, and *weak* **raised inner eyebrows** and *weak* **raised upper eyelids**."
S_02_06_09_2_1,02,surprise,9,2,1,Four hours of steady work faced us.,slow,higher,louder,up,none,strong,moderate,strong,strong,none,moderate,none,none,none,none,none,none,none,none,strong,none,none,"Actor 02 said “Four hours of steady work faced us.”, with *slow* **speech rate**, *higher* **pitch**, *louder* **loudness**, **gaze** *averted* (upwards), and *strong* **raised inner eyebrows**, *moderate* **raised outer eyebrows**, *strong* **lowered brows**, *strong* **raised upper eyelids**, *moderate* **tightened eyelids**, and *strong* **parted lips**."
S_02_06_10_1_1,02,surprise,10,1,1,A large size in stockings is hard to sell.,normal,higher,normal,front,none,weak,none,none,weak,none,none,none,none,none,none,none,none,none,none,none,none,none,"Actor 02 said “A large size in stockings is hard to sell.”, with *normal* **speech rate**, *higher* **pitch**, *normal* **loudness**, while **looking at the camera**, and *weak* **raised inner eyebrows** and *weak* **raised upper eyelids**."
S_02_06_10_2_1,02,surprise,10,2,1,A large size in stockings is hard to sell.,normal,higher,louder,up,none,strong,moderate,moderate,moderate,weak,none,none,none,none,none,none,none,none,none,strong,none,none,"Actor 02 said “A large size in stockings is hard to sell.”, with *normal* **speech rate**, *higher* **pitch**, *louder* **loudness**, **gaze** *averted* (upwards), and *strong* **raised inner eyebrows**, *moderate* **raised outer eyebrows**, *moderate* **lowered brows**, *moderate* **raised upper eyelids**, *weak* **raised cheeks**, and *strong* **parted lips**."
S_02_07_01_1_1,02,confidence,1,1,1,The birch canoe slid on the smooth planks.,slow,normal,normal,front,none,none,none,none,none,none,none,none,none,weak,none,none,none,none,none,none,none,none,"Actor 02 said “The birch canoe slid on the smooth planks.”, with *slow* **speech rate**, *normal* **pitch**, *normal* **loudness**, while **looking at the camera**, and *weak* **a smile**."
S_02_07_01_2_1,02,confidence,1,2,1,The birch canoe slid on the smooth planks.,slow,normal,louder,front,none,none,none,none,none,none,none,none,none,weak,none,none,none,none,none,none,none,none,"Actor 02 said “The birch canoe slid on the smooth planks.”, with *slow* **speech rate**, *normal* **pitch**, *louder* **loudness**, while **looking at the camera**, and *weak* **a smile**."
S_02_07_02_1_1,02,confidence,2,1,1,Glue the sheet to the dark blue background.,slow,normal,normal,front,none,none,none,none,none,none,none,none,none,weak,none,none,none,none,none,none,none,none,"Actor 02 said “Glue the sheet to the dark blue background.”, with *slow* **speech rate**, *normal* **pitch**, *normal* **loudness**, while **looking at the camera**, and *weak* **a smile**."
S_02_07_02_2_1,02,confidence,2,2,1,Glue the sheet to the dark blue background.,normal,normal,normal,front,none,none,none,none,none,none,none,none,none,weak,none,none,none,none,none,none,none,none,"Actor 02 said “Glue the sheet to the dark blue background.”, with *normal* **speech rate**, *normal* **pitch**, *normal* **loudness**, while **looking at the camera**, and *weak* **a smile**."
S_02_07_03_1_1,02,confidence,3,1,1,It's easy to tell the depth of a well.,slow,normal,normal,front,none,none,none,none,none,none,none,none,none,weak,none,none,none,none,none,none,none,none,"Actor 02 said “It's easy to tell the depth of a well.”, with *slow* **speech rate**, *normal* **pitch**, *normal* **loudness**, while **looking at the camera**, and *weak* **a smile**."
S_02_07_03_2_1,02,confidence,3,2,1,It's easy to tell the depth of a well.,slow,normal,louder,front,none,none,none,none,none,none,none,none,none,weak,none,none,none,none,none,none,none,none,"Actor 02 said “It's easy to tell the depth of a well.”, with *slow* **speech rate**, *normal* **pitch**, *louder* **loudness**, while **looking at the camera**, and *weak* **a smile**."
S_02_07_04_1_1,02,confidence,4,1,1,These days a chicken leg is a rare dish.,slow,normal,normal,front,none,none,none,none,none,none,none,none,none,weak,none,none,none,none,none,none,none,none,"Actor 02 said “These days a chicken leg is a rare dish.”, with *slow* **speech rate**, *normal* **pitch**, *normal* **loudness**, while **looking at the camera**, and *weak* **a smile**."
S_02_07_04_2_1,02,confidence,4,2,1,These days a chicken leg is a rare dish.,slow,normal,louder,front,none,none,none,moderate,none,none,none,none,none,none,none,none,strong,none,none,none,none,none,"Actor 02 said “These days a chicken leg is a rare dish.”, with *slow* **speech rate**, *normal* **pitch**, *louder* **loudness**, while **looking at the camera**, and *moderate* **lowered brows** and *strong* **raised chin**."
S_02_07_05_1_1,02,confidence,5,1,1,Rice is often served in round bowls.,slow,normal,normal,front,none,none,none,none,none,none,none,none,none,weak,none,none,none,none,none,none,none,none,"Actor 02 said “Rice is often served in round bowls.”, with *slow* **speech rate**, *normal* **pitch**, *normal* **loudness**, while **looking at the camera**, and *weak* **a smile**."
S_02_07_05_2_1,02,confidence,5,2,1,Rice is often served in round bowls.,normal,higher,normal,front,none,none,none,none,none,none,none,none,none,weak,none,none,none,none,none,none,none,none,"Actor 02 said “Rice is often served in round bowls.”, with *normal* **speech rate**, *higher* **pitch**, *normal* **loudness**, while **looking at the camera**, and *weak* **a smile**."
S_02_07_06_1_1,02,confidence,6,1,1,The juice of lemons makes fine punch.,slow,normal,normal,front,none,none,none,none,none,none,none,none,none,weak,none,none,none,none,none,none,none,none,"Actor 02 said “The juice of lemons makes fine punch.”, with *slow* **speech rate**, *normal* **pitch**, *normal* **loudness**, while **looking at the camera**, and *weak* **a smile**."
S_02_07_06_2_1,02,confidence,6,2,1,The juice of lemons makes fine punch.,slow,normal,louder,front,none,none,none,none,none,none,none,none,none,weak,none,none,none,none,none,none,none,none,"Actor 02 said “The juice of lemons makes fine punch.”, with *slow* **speech rate**, *normal* **pitch**, *louder* **loudness**, while **looking at the camera**, and *weak* **a smile**."
S_02_07_07_1_1,02,confidence,7,1,1,The box was thrown beside the parked truck.,slow,normal,normal,front,none,none,none,none,none,none,none,none,none,weak,none,none,none,none,none,none,none,none,"Actor 02 said “The box was thrown beside the parked truck.”, with *slow* **speech rate**, *normal* **pitch**, *normal* **loudness**, while **looking at the camera**, and *weak* **a smile**."
S_02_07_07_2_1,02,confidence,7,2,1,The box was thrown beside the parked truck.,normal,higher,louder,front,none,none,none,none,none,none,none,none,none,none,none,none,none,none,none,none,none,none,"Actor 02 said “The box was thrown beside the parked truck.”, with *normal* **speech rate**, *higher* **pitch**, *louder* **loudness**, and while **looking at the camera**."
S_02_07_08_1_1,02,confidence,8,1,1,The hogs were fed chopped corn and garbage.,slow,normal,normal,front,none,none,none,none,none,none,none,none,none,weak,none,none,none,none,none,none,none,none,"Actor 02 said “The hogs were fed chopped corn and garbage.”, with *slow* **speech rate**, *normal* **pitch**, *normal* **loudness**, while **looking at the camera**, and *weak* **a smile**."
S_02_07_08_2_1,02,confidence,8,2,1,The hogs were fed chopped corn and garbage.,normal,higher,louder,front,none,none,none,none,none,none,none,none,none,none,none,none,none,none,none,none,none,none,"Actor 02 said “The hogs were fed chopped corn and garbage.”, with *normal* **speech rate**, *higher* **pitch**, *louder* **loudness**, and while **looking at the camera**."
S_02_07_09_1_1,02,confidence,9,1,1,Four hours of steady work faced us.,slow,normal,normal,front,none,none,none,none,none,none,none,none,none,none,none,none,none,none,none,none,none,none,"Actor 02 said “Four hours of steady work faced us.”, with *slow* **speech rate**, *normal* **pitch**, *normal* **loudness**, and while **looking at the camera**."
S_02_07_09_2_1,02,confidence,9,2,1,Four hours of steady work faced us.,slow,higher,louder,front,none,none,none,none,none,none,none,none,none,none,none,none,none,none,none,none,none,none,"Actor 02 said “Four hours of steady work faced us.”, with *slow* **speech rate**, *higher* **pitch**, *louder* **loudness**, and while **looking at the camera**."
S_02_07_10_1_1,02,confidence,10,1,1,A large size in stockings is hard to sell.,slow,normal,normal,front,none,none,none,none,none,none,none,none,none,weak,none,none,none,none,none,none,none,none,"Actor 02 said “A large size in stockings is hard to sell.”, with *slow* **speech rate**, *normal* **pitch**, *normal* **loudness**, while **looking at the camera**, and *weak* **a smile**."
S_02_07_10_2_1,02,confidence,10,2,1,A large size in stockings is hard to sell.,slow,normal,louder,front,none,none,none,moderate,none,none,none,none,none,none,none,none,strong,none,none,none,none,none,"Actor 02 said “A large size in stockings is hard to sell.”, with *slow* **speech rate**, *normal* **pitch**, *louder* **loudness**, while **looking at the camera**, and *moderate* **lowered brows** and *strong* **raised chin**."
S_02_08_01_1_1,02,confusion,1,1,1,The birch canoe slid on the smooth planks.,normal,normal,normal,up,tilting,weak,none,weak,none,none,none,none,none,none,none,weak,none,none,none,weak,none,none,"Actor 02 said “The birch canoe slid on the smooth planks.”, with *normal* **speech rate**, *normal* **pitch**, *normal* **loudness**, **gaze** *averted* (upwards), while *tilting* their **head**, and *weak* **raised inner eyebrows**, *weak* **lowered brows**, *weak* **downturned mouth corners**, and *weak* **parted lips**."
S_02_08_01_2_1,02,confusion,1,2,1,The birch canoe slid on the smooth planks.,normal,higher,normal,up,tilting,moderate,weak,moderate,weak,none,weak,none,none,none,none,none,none,none,none,moderate,none,moderate,"Actor 02 said “The birch canoe slid on the smooth planks.”, with *normal* **speech rate**, *higher* **pitch**, *normal* **loudness**, **gaze** *averted* (upwards), while *tilting* their **head**, and *moderate* **raised inner eyebrows**, *weak* **raised outer eyebrows**, *moderate* **lowered brows**, *weak* **raised upper eyelids**, *weak* **tightened eyelids**, *moderate* **parted lips**, and *moderate* **blinking**."
S_02_08_02_1_1,02,confusion,2,1,1,Glue the sheet to the dark blue background.,normal,normal,normal,up,tilting,weak,none,moderate,none,none,none,none,none,none,none,none,none,none,none,weak,none,none,"Actor 02 said “Glue the sheet to the dark blue background.”, with *normal* **speech rate**, *normal* **pitch**, *normal* **loudness**, **gaze** *averted* (upwards), while *tilting* their **head**, and *weak* **raised inner eyebrows**, *moderate* **lowered brows**, and *weak* **parted lips**."
S_02_08_02_2_1,02,confusion,2,2,1,Glue the sheet to the dark blue background.,normal,higher,normal,front,none,weak,none,moderate,weak,none,none,none,none,none,none,weak,none,none,none,strong,strong,none,"Actor 02 said “Glue the sheet to the dark blue background.”, with *normal* **speech rate**, *higher* **pitch**, *normal* **loudness**, while **looking at the camera**, and *weak* **raised inner eyebrows**, *moderate* **lowered brows**, *weak* **raised upper eyelids**, *weak* **downturned mouth corners**, *strong* **parted lips**, and *strong* **a dropped jaw**."
S_02_08_03_1_1,02,confusion,3,1,1,It's easy to tell the depth of a well.,normal,normal,normal,front,none,weak,none,moderate,none,none,none,none,none,none,none,none,none,none,none,none,none,none,"Actor 02 said “It's easy to tell the depth of a well.”, with *normal* **speech rate**, *normal* **pitch**, *normal* **loudness**, while **looking at the camera**, and *weak* **raised inner eyebrows** and *moderate* **lowered brows**."
S_02_08_03_2_1,02,confusion,3,2,1,It's easy to tell the depth of a well.,normal,higher,normal,up,tilting,moderate,none,strong,none,none,none,none,none,none,none,none,none,none,none,strong,strong,none,"Actor 02 said “It's easy to tell the depth of a well.”, with *normal* **speech rate**, *higher* **pitch**, *normal* **loudness**, **gaze** *averted* (upwards), while *tilting* their **head**, and *moderate* **raised inner eyebrows**, *strong* **lowered brows**, *strong* **parted lips**, and *strong* **a dropped jaw**."
S_02_08_04_1_1,02,confusion,4,1,1,These days a chicken leg is a rare dish.,normal,normal,normal,up,tilting,weak,none,moderate,none,none,none,none,none,none,none,none,none,none,none,weak,none,none,"Actor 02 said “These days a chicken leg is a rare dish.”, with *normal* **speech rate**, *normal* **pitch**, *normal* **loudness**, **gaze** *averted* (upwards), while *tilting* their **head**, and *weak* **raised inner eyebrows**, *moderate* **lowered brows**, and *weak* **parted lips**."
S_02_08_04_2_1,02,confusion,4,2,1,These days a chicken leg is a rare dish.,normal,normal,normal,up,tilting,weak,none,moderate,none,none,none,none,none,none,none,weak,none,none,none,strong,none,none,"Actor 02 said “These days a chicken leg is a rare dish.”, with *normal* **speech rate**, *normal* **pitch**, *normal* **loudness**, **gaze** *averted* (upwards), while *tilting* their **head**, and *weak* **raised inner eyebrows**, *moderate* **lowered brows**, *weak* **downturned mouth corners**, and *strong* **parted lips**."
S_02_08_05_1_1,02,confusion,5,1,1,Rice is often served in round bowls.,normal,normal,normal,front,none,weak,none,moderate,none,none,none,none,none,none,none,none,none,none,none,none,none,none,"Actor 02 said “Rice is often served in round bowls.”, with *normal* **speech rate**, *normal* **pitch**, *normal* **loudness**, while **looking at the camera**, and *weak* **raised inner eyebrows** and *moderate* **lowered brows**."
S_02_08_05_2_1,02,confusion,5,2,1,Rice is often served in round bowls.,normal,higher,normal,up,tilting,moderate,weak,strong,weak,none,none,none,none,none,none,weak,none,none,none,moderate,weak,none,"Actor 02 said “Rice is often served in round bowls.”, with *normal* **speech rate**, *higher* **pitch**, *normal* **loudness**, **gaze** *averted* (upwards), while *tilting* their **head**, and *moderate* **raised inner eyebrows**, *weak* **raised outer eyebrows**, *strong* **lowered brows**, *weak* **raised upper eyelids**, *weak* **downturned mouth corners**, *moderate* **parted lips**, and *weak* **a dropped jaw**."
S_02_08_06_1_1,02,confusion,6,1,1,The juice of lemons makes fine punch.,normal,normal,normal,up,tilting,weak,none,weak,none,none,none,none,none,none,none,none,none,none,none,none,none,none,"Actor 02 said “The juice of lemons makes fine punch.”, with *normal* **speech rate**, *normal* **pitch**, *normal* **loudness**, **gaze** *averted* (upwards), while *tilting* their **head**, and *weak* **raised inner eyebrows** and *weak* **lowered brows**."
S_02_08_06_2_1,02,confusion,6,2,1,The juice of lemons makes fine punch.,normal,higher,normal,up,tilting,moderate,none,moderate,none,none,none,none,none,none,none,none,none,none,none,weak,none,none,"Actor 02 said “The juice of lemons makes fine punch.”, with *normal* **speech rate**, *higher* **pitch**, *normal* **loudness**, **gaze** *averted* (upwards), while *tilting* their **head**, and *moderate* **raised inner eyebrows**, *moderate* **lowered brows**, and *weak* **parted lips**."
S_02_08_07_1_1,02,confusion,7,1,1,The box was thrown beside the parked truck.,normal,normal,normal,front,none,weak,none,moderate,none,none,none,none,none,none,none,none,none,none,none,weak,none,none,"Actor 02 said “The box was thrown beside the parked truck.”, with *normal* **speech rate**, *normal* **pitch**, *normal* **loudness**, while **looking at the camera**, and *weak* **raised inner eyebrows**, *moderate* **lowered brows**, and *weak* **parted lips**."
S_02_08_07_2_1,02,confusion,7,2,1,The box was thrown beside the parked truck.,normal,higher,normal,up,tilting,moderate,weak,moderate,none,none,none,none,none,none,none,none,none,none,none,weak,none,none,"Actor 02 said “The box was thrown beside the parked truck.”, with *normal* **speech rate**, *higher* **pitch**, *normal* **loudness**, **gaze** *averted* (upwards), while *tilting* their **head**, and *moderate* **raised inner eyebrows**, *weak* **raised outer eyebrows**, *moderate* **lowered brows**, and *weak* **parted lips**."
S_02_08_08_1_1,02,confusion,8,1,1,The hogs were fed chopped corn and garbage.,normal,normal,normal,front,none,weak,none,moderate,none,none,none,none,none,none,none,none,none,none,none,none,none,none,"Actor 02 said “The hogs were fed chopped corn and garbage.”, with *normal* **speech rate**, *normal* **pitch**, *normal* **loudness**, while **looking at the camera**, and *weak* **raised inner eyebrows** and *moderate* **lowered brows**."
S_02_08_08_2_1,02,confusion,8,2,1,The hogs were fed chopped corn and garbage.,normal,normal,normal,front,none,strong,weak,moderate,weak,none,none,none,none,none,none,weak,none,none,none,strong,strong,none,"Actor 02 said “The hogs were fed chopped corn and garbage.”, with *normal* **speech rate**, *normal* **pitch**, *normal* **loudness**, while **looking at the camera**, and *strong* **raised inner eyebrows**, *weak* **raised outer eyebrows**, *moderate* **lowered brows**, *weak* **raised upper eyelids**, *weak* **downturned mouth corners**, *strong* **parted lips**, and *strong* **a dropped jaw**."
S_02_08_09_1_1,02,confusion,9,1,1,Four hours of steady work faced us.,normal,normal,normal,up,tilting,weak,none,moderate,none,none,none,none,none,none,none,none,none,none,none,weak,none,none,"Actor 02 said “Four hours of steady work faced us.”, with *normal* **speech rate**, *normal* **pitch**, *normal* **loudness**, **gaze** *averted* (upwards), while *tilting* their **head**, and *weak* **raised inner eyebrows**, *moderate* **lowered brows**, and *weak* **parted lips**."
S_02_08_09_2_1,02,confusion,9,2,1,Four hours of steady work faced us.,normal,normal,normal,front,none,strong,none,moderate,weak,none,none,none,none,none,none,weak,none,none,none,strong,strong,none,"Actor 02 said “Four hours of steady work faced us.”, with *normal* **speech rate**, *normal* **pitch**, *normal* **loudness**, while **looking at the camera**, and *strong* **raised inner eyebrows**, *moderate* **lowered brows**, *weak* **raised upper eyelids**, *weak* **downturned mouth corners**, *strong* **parted lips**, and *strong* **a dropped jaw**."
S_02_08_10_1_1,02,confusion,10,1,1,A large size in stockings is hard to sell.,normal,normal,normal,up,none,weak,none,moderate,none,none,none,none,none,none,none,none,none,none,none,none,none,none,"Actor 02 said “A large size in stockings is hard to sell.”, with *normal* **speech rate**, *normal* **pitch**, *normal* **loudness**, **gaze** *averted* (upwards), and *weak* **raised inner eyebrows** and *moderate* **lowered brows**."
S_02_08_10_2_1,02,confusion,10,2,1,A large size in stockings is hard to sell.,normal,normal,normal,front,none,moderate,none,strong,none,none,none,none,none,none,none,weak,none,none,none,moderate,weak,none,"Actor 02 said “A large size in stockings is hard to sell.”, with *normal* **speech rate**, *normal* **pitch**, *normal* **loudness**, while **looking at the camera**, and *moderate* **raised inner eyebrows**, *strong* **lowered brows**, *weak* **downturned mouth corners**, *moderate* **parted lips**, and *weak* **a dropped jaw**."
S_02_09_01_1_1,02,contempt,1,1,1,The birch canoe slid on the smooth planks.,normal,normal,normal,front,none,none,none,weak,none,none,none,none,none,none,none,none,none,none,none,none,none,none,"Actor 02 said “The birch canoe slid on the smooth planks.”, with *normal* **speech rate**, *normal* **pitch**, *normal* **loudness**, while **looking at the camera**, and *weak* **lowered brows**."
S_02_09_01_2_1,02,contempt,1,2,1,The birch canoe slid on the smooth planks.,normal,lower,normal,front,shaking,none,none,strong,none,none,none,none,none,none,none,weak,none,none,none,none,none,none,"Actor 02 said “The birch canoe slid on the smooth planks.”, with *normal* **speech rate**, *lower* **pitch**, *normal* **loudness**, while **looking at the camera**, while *shaking* their **head**, and *strong* **lowered brows** and *weak* **downturned mouth corners**."
S_02_09_02_1_1,02,contempt,2,1,1,Glue the sheet to the dark blue background.,normal,normal,normal,front,none,none,none,weak,none,none,none,none,none,none,none,none,none,none,none,none,none,none,"Actor 02 said “Glue the sheet to the dark blue background.”, with *normal* **speech rate**, *normal* **pitch**, *normal* **loudness**, while **looking at the camera**, and *weak* **lowered brows**."
S_02_09_02_2_1,02,contempt,2,2,1,Glue the sheet to the dark blue background.,normal,higher,normal,front,none,weak,none,moderate,none,none,none,none,none,none,none,none,none,none,none,none,none,none,"Actor 02 said “Glue the sheet to the dark blue background.”, with *normal* **speech rate**, *higher* **pitch**, *normal* **loudness**, while **looking at the camera**, and *weak* **raised inner eyebrows** and *moderate* **lowered brows**."
S_02_09_03_1_1,02,contempt,3,1,1,It's easy to tell the depth of a well.,slow,lower,normal,front,none,weak,none,moderate,none,none,none,none,none,none,none,none,none,none,none,none,none,none,"Actor 02 said “It's easy to tell the depth of a well.”, with *slow* **speech rate**, *lower* **pitch**, *normal* **loudness**, while **looking at the camera**, and *weak* **raised inner eyebrows** and *moderate* **lowered brows**."
S_02_09_03_2_1,02,contempt,3,2,1,It's easy to tell the depth of a well.,normal,higher,normal,front,none,none,none,strong,none,none,none,none,none,none,none,weak,none,none,none,none,none,none,"Actor 02 said “It's easy to tell the depth of a well.”, with *normal* **speech rate**, *higher* **pitch**, *normal* **loudness**, while **looking at the camera**, and *strong* **lowered brows** and *weak* **downturned mouth corners**."
S_02_09_04_1_1,02,contempt,4,1,1,These days a chicken leg is a rare dish.,slow,lower,normal,left,none,weak,none,moderate,none,none,none,none,none,none,none,none,none,none,none,none,none,none,"Actor 02 said “These days a chicken leg is a rare dish.”, with *slow* **speech rate**, *lower* **pitch**, *normal* **loudness**, **gaze** *averted* (to their left), and *weak* **raised inner eyebrows** and *moderate* **lowered brows**."
S_02_09_04_2_1,02,contempt,4,2,1,These days a chicken leg is a rare dish.,normal,higher,normal,front,none,weak,none,moderate,none,none,none,none,none,none,none,none,none,none,none,none,none,none,"Actor 02 said “These days a chicken leg is a rare dish.”, with *normal* **speech rate**, *higher* **pitch**, *normal* **loudness**, while **looking at the camera**, and *weak* **raised inner eyebrows** and *moderate* **lowered brows**."
S_02_09_05_1_1,02,contempt,5,1,1,Rice is often served in round bowls.,slow,lower,normal,front,none,none,none,weak,none,none,none,none,none,none,weak,none,none,none,none,none,none,none,"Actor 02 said “Rice is often served in round bowls.”, with *slow* **speech rate**, *lower* **pitch**, *normal* **loudness**, while **looking at the camera**, and *weak* **lowered brows** and *weak* **a tight smile**."
S_02_09_05_2_1,02,contempt,5,2,1,Rice is often served in round bowls.,normal,higher,normal,front,none,none,none,moderate,none,none,none,none,none,none,none,none,none,none,none,none,none,none,"Actor 02 said “Rice is often served in round bowls.”, with *normal* **speech rate**, *higher* **pitch**, *normal* **loudness**, while **looking at the camera**, and *moderate* **lowered brows**."
S_02_09_06_1_1,02,contempt,6,1,1,The juice of lemons makes fine punch.,slow,lower,normal,front,none,weak,none,moderate,none,none,none,none,none,none,none,none,none,none,none,none,none,none,"Actor 02 said “The juice of lemons makes fine punch.”, with *slow* **speech rate**, *lower* **pitch**, *normal* **loudness**, while **looking at the camera**, and *weak* **raised inner eyebrows** and *moderate* **lowered brows**."
S_02_09_06_2_1,02,contempt,6,2,1,The juice of lemons makes fine punch.,normal,lower,normal,down,none,weak,none,moderate,none,none,none,none,none,none,none,none,none,none,none,none,none,none,"Actor 02 said “The juice of lemons makes fine punch.”, with *normal* **speech rate**, *lower* **pitch**, *normal* **loudness**, **gaze** *averted* (downwards), and *weak* **raised inner eyebrows** and *moderate* **lowered brows**."
S_02_09_07_1_1,02,contempt,7,1,1,The box was thrown beside the parked truck.,slow,lower,normal,front,none,weak,none,moderate,none,none,none,none,none,none,none,none,none,none,none,none,none,none,"Actor 02 said “The box was thrown beside the parked truck.”, with *slow* **speech rate**, *lower* **pitch**, *normal* **loudness**, while **looking at the camera**, and *weak* **raised inner eyebrows** and *moderate* **lowered brows**."
S_02_09_07_2_1,02,contempt,7,2,1,The box was thrown beside the parked truck.,normal,higher,normal,front,none,weak,none,moderate,none,none,none,none,none,none,none,none,none,none,none,none,none,none,"Actor 02 said “The box was thrown beside the parked truck.”, with *normal* **speech rate**, *higher* **pitch**, *normal* **loudness**, while **looking at the camera**, and *weak* **raised inner eyebrows** and *moderate* **lowered brows**."
S_02_09_08_1_1,02,contempt,8,1,1,The hogs were fed chopped corn and garbage.,slow,lower,normal,front,none,weak,none,moderate,none,none,none,none,none,none,none,none,none,none,none,none,none,none,"Actor 02 said “The hogs were fed chopped corn and garbage.”, with *slow* **speech rate**, *lower* **pitch**, *normal* **loudness**, while **looking at the camera**, and *weak* **raised inner eyebrows** and *moderate* **lowered brows**."
S_02_09_08_2_1,02,contempt,8,2,1,The hogs were fed chopped corn and garbage.,normal,higher,louder,down,shaking,none,none,strong,none,none,none,none,none,none,none,strong,none,none,none,none,none,none,"Actor 02 said “The hogs were fed chopped corn and garbage.”, with *normal* **speech rate**, *higher* **pitch**, *louder* **loudness**, **gaze** *averted* (downwards), while *shaking* their **head**, and *strong* **lowered brows** and *strong* **downturned mouth corners**."
S_02_09_09_1_1,02,contempt,9,1,1,Four hours of steady work faced us.,normal,normal,normal,front,none,none,none,weak,none,none,none,none,none,none,none,none,none,none,none,none,none,none,"Actor 02 said “Four hours of steady work faced us.”, with *normal* **speech rate**, *normal* **pitch**, *normal* **loudness**, while **looking at the camera**, and *weak* **lowered brows**."
S_02_09_09_2_1,02,contempt,9,2,1,Four hours of steady work faced us.,normal,higher,normal,front,none,weak,none,moderate,none,none,none,none,none,none,none,none,none,none,none,none,none,none,"Actor 02 said “Four hours of steady work faced us.”, with *normal* **speech rate**, *higher* **pitch**, *normal* **loudness**, while **looking at the camera**, and *weak* **raised inner eyebrows** and *moderate* **lowered brows**."
S_02_09_10_1_1,02,contempt,10,1,1,A large size in stockings is hard to sell.,slow,lower,normal,front,none,weak,none,moderate,none,none,none,none,none,none,none,none,none,none,none,none,none,none,"Actor 02 said “A large size in stockings is hard to sell.”, with *slow* **speech rate**, *lower* **pitch**, *normal* **loudness**, while **looking at the camera**, and *weak* **raised inner eyebrows** and *moderate* **lowered brows**."
S_02_09_10_2_1,02,contempt,10,2,1,A large size in stockings is hard to sell.,normal,higher,normal,front,none,weak,none,moderate,none,none,none,strong,none,none,none,weak,none,none,none,none,none,none,"Actor 02 said “A large size in stockings is hard to sell.”, with *normal* **speech rate**, *higher* **pitch**, *normal* **loudness**, while **looking at the camera**, and *weak* **raised inner eyebrows**, *moderate* **lowered brows**, *strong* **wrinkled nose**, and *weak* **downturned mouth corners**."
S_02_10_01_1_1,02,empathy,1,1,1,The birch canoe slid on the smooth planks.,slow,lower,normal,front,none,weak,none,none,none,none,none,none,none,none,none,none,none,none,none,none,none,none,"Actor 02 said “The birch canoe slid on the smooth planks.”, with *slow* **speech rate**, *lower* **pitch**, *normal* **loudness**, while **looking at the camera**, and *weak* **raised inner eyebrows**."
S_02_10_01_2_1,02,empathy,1,2,1,The birch canoe slid on the smooth planks.,normal,normal,normal,front,none,weak,none,none,none,none,none,none,none,none,none,none,none,none,none,none,none,none,"Actor 02 said “The birch canoe slid on the smooth planks.”, with *normal* **speech rate**, *normal* **pitch**, *normal* **loudness**, while **looking at the camera**, and *weak* **raised inner eyebrows**."
S_02_10_02_1_1,02,empathy,2,1,1,Glue the sheet to the dark blue background.,slow,lower,normal,front,none,weak,none,none,none,none,none,none,none,none,none,none,none,none,none,none,none,none,"Actor 02 said “Glue the sheet to the dark blue background.”, with *slow* **speech rate**, *lower* **pitch**, *normal* **loudness**, while **looking at the camera**, and *weak* **raised inner eyebrows**."
S_02_10_02_2_1,02,empathy,2,2,1,Glue the sheet to the dark blue background.,normal,lower,normal,front,none,weak,none,moderate,none,none,none,none,none,none,none,none,none,none,none,none,none,none,"Actor 02 said “Glue the sheet to the dark blue background.”, with *normal* **speech rate**, *lower* **pitch**, *normal* **loudness**, while **looking at the camera**, and *weak* **raised inner eyebrows** and *moderate* **lowered brows**."
S_02_10_03_1_1,02,empathy,3,1,1,It's easy to tell the depth of a well.,slow,lower,normal,front,none,weak,none,none,none,none,none,none,none,none,none,none,none,none,none,none,none,none,"Actor 02 said “It's easy to tell the depth of a well.”, with *slow* **speech rate**, *lower* **pitch**, *normal* **loudness**, while **looking at the camera**, and *weak* **raised inner eyebrows**."
S_02_10_03_2_1,02,empathy,3,2,1,It's easy to tell the depth of a well.,normal,lower,normal,front,none,weak,none,moderate,none,none,none,none,none,none,none,none,none,none,none,none,none,none,"Actor 02 said “It's easy to tell the depth of a well.”, with *normal* **speech rate**, *lower* **pitch**, *normal* **loudness**, while **looking at the camera**, and *weak* **raised inner eyebrows** and *moderate* **lowered brows**."
S_02_10_04_1_1,02,empathy,4,1,1,These days a chicken leg is a rare dish.,slow,lower,normal,front,none,weak,none,none,none,none,none,none,none,none,none,none,none,none,none,none,none,none,"Actor 02 said “These days a chicken leg is a rare dish.”, with *slow* **speech rate**, *lower* **pitch**, *normal* **loudness**, while **looking at the camera**, and *weak* **raised inner eyebrows**."
S_02_10_04_2_1,02,empathy,4,2,1,These days a chicken leg is a rare dish.,normal,lower,normal,front,none,weak,none,moderate,none,none,none,none,none,none,none,none,none,none,none,none,none,weak,"Actor 02 said “These days a chicken leg is a rare dish.”, with *normal* **speech rate**, *lower* **pitch**, *normal* **loudness**, while **looking at the camera**, and *weak* **raised inner eyebrows**, *moderate* **lowered brows**, and *weak* **blinking**."
S_02_10_05_1_1,02,empathy,5,1,1,Rice is often served in round bowls.,slow,normal,quieter,front,none,weak,none,none,none,none,none,none,none,none,none,none,none,none,none,none,none,none,"Actor 02 said “Rice is often served in round bowls.”, with *slow* **speech rate**, *normal* **pitch**, *quieter* **loudness**, while **looking at the camera**, and *weak* **raised inner eyebrows**."
S_02_10_05_2_1,02,empathy,5,2,1,Rice is often served in round bowls.,normal,normal,normal,front,none,moderate,none,none,none,none,none,none,none,none,none,none,none,none,none,none,none,weak,"Actor 02 said “Rice is often served in round bowls.”, with *normal* **speech rate**, *normal* **pitch**, *normal* **loudness**, while **looking at the camera**, and *moderate* **raised inner eyebrows** and *weak* **blinking**."
S_02_10_06_1_1,02,empathy,6,1,1,The juice of lemons makes fine punch.,slow,normal,quieter,front,none,none,none,weak,none,none,none,none,none,weak,weak,none,none,none,none,none,none,none,"Actor 02 said “The juice of lemons makes fine punch.”, with *slow* **speech rate**, *normal* **pitch**, *quieter* **loudness**, while **looking at the camera**, and *weak* **lowered brows**, *weak* **a smile**, and *weak* **a tight smile**."
S_02_10_06_2_1,02,empathy,6,2,1,The juice of lemons makes fine punch.,normal,lower,normal,front,none,weak,none,moderate,none,none,none,none,none,none,none,none,none,none,none,none,none,none,"Actor 02 said “The juice of lemons makes fine punch.”, with *normal* **speech rate**, *lower* **pitch**, *normal* **loudness**, while **looking at the camera**, and *weak* **raised inner eyebrows** and *moderate* **lowered brows**."
S_02_10_07_1_1,02,empathy,7,1,1,The box was thrown beside the parked truck.,slow,lower,normal,front,none,weak,none,none,none,none,none,none,none,none,none,none,none,none,none,none,none,none,"Actor 02 said “The box was thrown beside the parked truck.”, with *slow* **speech rate**, *lower* **pitch**, *normal* **loudness**, while **looking at the camera**, and *weak* **raised inner eyebrows**."
S_02_10_07_2_1,02,empathy,7,2,1,The box was thrown beside the parked truck.,normal,lower,normal,front,none,weak,none,moderate,none,none,none,none,none,none,none,none,none,none,none,none,none,none,"Actor 02 said “The box was thrown beside the parked truck.”, with *normal* **speech rate**, *lower* **pitch**, *normal* **loudness**, while **looking at the camera**, and *weak* **raised inner eyebrows** and *moderate* **lowered brows**."
S_02_10_08_1_1,02,empathy,8,1,1,The hogs were fed chopped corn and garbage.,slow,lower,normal,front,none,weak,none,none,none,none,none,none,none,none,none,none,none,none,none,none,none,none,"Actor 02 said “The hogs were fed chopped corn and garbage.”, with *slow* **speech rate**, *lower* **pitch**, *normal* **loudness**, while **looking at the camera**, and *weak* **raised inner eyebrows**."
S_02_10_08_2_1,02,empathy,8,2,1,The hogs were fed chopped corn and garbage.,normal,lower,normal,front,none,weak,none,moderate,none,none,none,none,none,none,none,none,none,none,none,none,none,weak,"Actor 02 said “The hogs were fed chopped corn and garbage.”, with *normal* **speech rate**, *lower* **pitch**, *normal* **loudness**, while **looking at the camera**, and *weak* **raised inner eyebrows**, *moderate* **lowered brows**, and *weak* **blinking**."
S_02_10_09_1_1,02,empathy,9,1,1,Four hours of steady work faced us.,slow,normal,quieter,front,none,weak,none,none,none,none,none,none,none,none,none,none,none,none,none,none,none,none,"Actor 02 said “Four hours of steady work faced us.”, with *slow* **speech rate**, *normal* **pitch**, *quieter* **loudness**, while **looking at the camera**, and *weak* **raised inner eyebrows**."
S_02_10_09_2_1,02,empathy,9,2,1,Four hours of steady work faced us.,normal,lower,normal,front,none,weak,none,none,none,none,none,none,none,none,none,none,none,none,none,none,none,none,"Actor 02 said “Four hours of steady work faced us.”, with *normal* **speech rate**, *lower* **pitch**, *normal* **loudness**, while **looking at the camera**, and *weak* **raised inner eyebrows**."
S_02_10_10_1_1,02,empathy,10,1,1,A large size in stockings is hard to sell.,slow,lower,normal,front,none,weak,none,none,none,none,none,none,none,none,none,none,none,none,none,none,none,none,"Actor 02 said “A large size in stockings is hard to sell.”, with *slow* **speech rate**, *lower* **pitch**, *normal* **loudness**, while **looking at the camera**, and *weak* **raised inner eyebrows**."
S_02_10_10_2_1,02,empathy,10,2,1,A large size in stockings is hard to sell.,normal,lower,normal,front,none,weak,none,none,none,none,none,none,none,none,none,none,none,none,none,none,none,none,"Actor 02 said “A large size in stockings is hard to sell.”, with *normal* **speech rate**, *lower* **pitch**, *normal* **loudness**, while **looking at the camera**, and *weak* **raised inner eyebrows**."
S_03_00_01_0_1,03,neutral,1,0,1,The birch canoe slid on the smooth planks.,normal,normal,normal,front,none,none,none,none,none,none,none,none,none,none,none,none,none,none,none,none,none,none,"Actor 03 said “The birch canoe slid on the smooth planks.”, with *normal* **speech rate**, *normal* **pitch**, *normal* **loudness**, and while **looking at the camera**."
S_03_00_02_0_1,03,neutral,2,0,1,Glue the sheet to the dark blue background.,normal,normal,normal,front,none,none,none,none,none,none,none,none,none,none,none,none,none,none,none,none,none,none,"Actor 03 said “Glue the sheet to the dark blue background.”, with *normal* **speech rate**, *normal* **pitch**, *normal* **loudness**, and while **looking at the camera**."
S_03_00_03_0_1,03,neutral,3,0,1,It's easy to tell the depth of a well.,normal,normal,normal,front,none,none,none,none,none,none,none,none,none,none,none,none,none,none,none,none,none,none,"Actor 03 said “It's easy to tell the depth of a well.”, with *normal* **speech rate**, *normal* **pitch**, *normal* **loudness**, and while **looking at the camera**."
S_03_00_04_0_1,03,neutral,4,0,1,These days a chicken leg is a rare dish.,normal,normal,normal,front,none,none,none,none,none,none,none,none,none,none,none,none,none,none,none,none,none,none,"Actor 03 said “These days a chicken leg is a rare dish.”, with *normal* **speech rate**, *normal* **pitch**, *normal* **loudness**, and while **looking at the camera**."
S_03_00_05_0_1,03,neutral,5,0,1,Rice is often served in round bowls.,normal,normal,normal,front,none,none,none,none,none,none,none,none,none,none,none,none,none,none,none,none,none,none,"Actor 03 said “Rice is often served in round bowls.”, with *normal* **speech rate**, *normal* **pitch**, *normal* **loudness**, and while **looking at the camera**."
S_03_00_06_0_1,03,neutral,6,0,1,The juice of lemons makes fine punch.,normal,normal,normal,front,none,none,none,none,none,none,none,none,none,none,none,none,none,none,none,none,none,none,"Actor 03 said “The juice of lemons makes fine punch.”, with *normal* **speech rate**, *normal* **pitch**, *normal* **loudness**, and while **looking at the camera**."
S_03_00_07_0_1,03,neutral,7,0,1,The box was thrown beside the parked truck.,normal,normal,normal,front,none,none,none,none,none,none,none,none,none,none,none,none,none,none,none,none,none,none,"Actor 03 said “The box was thrown beside the parked truck.”, with *normal* **speech rate**, *normal* **pitch**, *normal* **loudness**, and while **looking at the camera**."
S_03_00_08_0_1,03,neutral,8,0,1,The hogs were fed chopped corn and garbage.,normal,normal,normal,front,none,none,none,none,none,none,none,none,none,none,none,none,none,none,none,none,none,none,"Actor 03 said “The hogs were fed chopped corn and garbage.”, with *normal* **speech rate**, *normal* **pitch**, *normal* **loudness**, and while **looking at the camera**."
S_03_00_09_0_1,03,neutral,9,0,1,Four hours of steady work faced us.,normal,normal,normal,front,none,none,none,none,none,none,none,none,none,none,none,none,none,none,none,none,none,none,"Actor 03 said “Four hours of steady work faced us.”, with *normal* **speech rate**, *normal* **pitch**, *normal* **loudness**, and while **looking at the camera**."
S_03_00_10_0_1,03,neutral,10,0,1,A large size in stockings is hard to sell.,normal,normal,normal,front,none,none,none,none,none,none,none,none,none,none,none,none,none,none,none,none,none,none,"Actor 03 said “A large size in stockings is hard to sell.”, with *normal* **speech rate**, *normal* **pitch**, *normal* **loudness**, and while **looking at the camera**."
S_03_01_01_1_1,03,fear,1,1,1,The birch canoe slid on the smooth planks.,slow,lower,quieter,front,none,weak,none,moderate,weak,none,none,none,none,none,none,none,none,none,none,none,none,weak,"Actor 03 said “The birch canoe slid on the smooth planks.”, with *slow* **speech rate**, *lower* **pitch**, *quieter* **loudness**, while **looking at the camera**, and *weak* **raised inner eyebrows**, *moderate* **lowered brows**, *weak* **raised upper eyelids**, and *weak* **blinking**."
S_03_01_01_2_1,03,fear,1,2,1,The birch canoe slid on the smooth planks.,fast,higher,louder,up,none,strong,weak,strong,strong,none,moderate,none,none,none,none,none,none,none,none,none,none,none,"Actor 03 said “The birch canoe slid on the smooth planks.”, with *fast* **speech rate**, *higher* **pitch**, *louder* **loudness**, **gaze** *averted* (upwards), and *strong* **raised inner eyebrows**, *weak* **raised outer eyebrows**, *strong* **lowered brows**, *strong* **raised upper eyelids**, and *moderate* **tightened eyelids**."
S_03_01_02_1_1,03,fear,2,1,1,Glue the sheet to the dark blue background.,slow,lower,quieter,down,none,weak,none,moderate,moderate,none,weak,none,none,none,none,weak,none,none,none,none,none,weak,"Actor 03 said “Glue the sheet to the dark blue background.”, with *slow* **speech rate**, *lower* **pitch**, *quieter* **loudness**, **gaze** *averted* (downwards), and *weak* **raised inner eyebrows**, *moderate* **lowered brows**, *moderate* **raised upper eyelids**, *weak* **tightened eyelids**, *weak* **downturned mouth corners**, and *weak* **blinking**."
S_03_01_02_2_1,03,fear,2,2,1,Glue the sheet to the dark blue background.,slow,higher,louder,front,none,strong,weak,strong,strong,none,moderate,none,none,none,none,none,none,none,none,moderate,none,weak,"Actor 03 said “Glue the sheet to the dark blue background.”, with *slow* **speech rate**, *higher* **pitch**, *louder* **loudness**, while **looking at the camera**, and *strong* **raised inner eyebrows**, *weak* **raised outer eyebrows**, *strong* **lowered brows**, *strong* **raised upper eyelids**, *moderate* **tightened eyelids**, *moderate* **parted lips**, and *weak* **blinking**."
S_03_01_03_1_1,03,fear,3,1,1,It's easy to tell the depth of a well.,normal,normal,normal,front,none,weak,none,weak,none,none,weak,none,none,none,none,none,none,none,none,none,none,none,"Actor 03 said “It's easy to tell the depth of a well.”, with *normal* **speech rate**, *normal* **pitch**, *normal* **loudness**, while **looking at the camera**, and *weak* **raised inner eyebrows**, *weak* **lowered brows**, and *weak* **tightened eyelids**."
S_03_01_03_2_1,03,fear,3,2,1,It's easy to tell the depth of a well.,slow,higher,louder,front,none,strong,weak,strong,strong,none,moderate,none,none,none,none,none,none,none,none,none,none,none,"Actor 03 said “It's easy to tell the depth of a well.”, with *slow* **speech rate**, *higher* **pitch**, *louder* **loudness**, while **looking at the camera**, and *strong* **raised inner eyebrows**, *weak* **raised outer eyebrows**, *strong* **lowered brows**, *strong* **raised upper eyelids**, and *moderate* **tightened eyelids**."
S_03_01_04_1_1,03,fear,4,1,1,These days a chicken leg is a rare dish.,normal,normal,normal,front,none,weak,none,weak,none,none,weak,none,none,none,none,none,none,none,none,none,none,none,"Actor 03 said “These days a chicken leg is a rare dish.”, with *normal* **speech rate**, *normal* **pitch**, *normal* **loudness**, while **looking at the camera**, and *weak* **raised inner eyebrows**, *weak* **lowered brows**, and *weak* **tightened eyelids**."
S_03_01_04_2_1,03,fear,4,2,1,These days a chicken leg is a rare dish.,fast,higher,louder,up,none,strong,weak,strong,strong,none,moderate,none,none,none,none,none,none,none,none,none,none,none,"Actor 03 said “These days a chicken leg is a rare dish.”, with *fast* **speech rate**, *higher* **pitch**, *louder* **loudness**, **gaze** *averted* (upwards), and *strong* **raised inner eyebrows**, *weak* **raised outer eyebrows**, *strong* **lowered brows**, *strong* **raised upper eyelids**, and *moderate* **tightened eyelids**."
S_03_01_05_1_1,03,fear,5,1,1,Rice is often served in round bowls.,slow,lower,quieter,front,none,weak,none,moderate,moderate,none,weak,none,none,none,none,weak,none,none,none,none,none,weak,"Actor 03 said “Rice is often served in round bowls.”, with *slow* **speech rate**, *lower* **pitch**, *quieter* **loudness**, while **looking at the camera**, and *weak* **raised inner eyebrows**, *moderate* **lowered brows**, *moderate* **raised upper eyelids**, *weak* **tightened eyelids**, *weak* **downturned mouth corners**, and *weak* **blinking**."
S_03_01_05_2_1,03,fear,5,2,1,Rice is often served in round bowls.,slow,higher,louder,front,none,strong,weak,strong,moderate,none,moderate,none,none,none,none,none,none,none,none,none,none,none,"Actor 03 said “Rice is often served in round bowls.”, with *slow* **speech rate**, *higher* **pitch**, *louder* **loudness**, while **looking at the camera**, and *strong* **raised inner eyebrows**, *weak* **raised outer eyebrows**, *strong* **lowered brows**, *moderate* **raised upper eyelids**, and *moderate* **tightened eyelids**."
S_03_01_06_1_1,03,fear,6,1,1,The juice of lemons makes fine punch.,slow,lower,quieter,front,none,weak,none,moderate,weak,none,none,none,none,none,none,none,none,none,none,none,none,weak,"Actor 03 said “The juice of lemons makes fine punch.”, with *slow* **speech rate**, *lower* **pitch**, *quieter* **loudness**, while **looking at the camera**, and *weak* **raised inner eyebrows**, *moderate* **lowered brows**, *weak* **raised upper eyelids**, and *weak* **blinking**."
S_03_01_06_2_1,03,fear,6,2,1,The juice of lemons makes fine punch.,slow,higher,louder,front,none,strong,weak,strong,strong,none,moderate,none,none,none,none,none,none,none,none,none,none,none,"Actor 03 said “The juice of lemons makes fine punch.”, with *slow* **speech rate**, *higher* **pitch**, *louder* **loudness**, while **looking at the camera**, and *strong* **raised inner eyebrows**, *weak* **raised outer eyebrows**, *strong* **lowered brows**, *strong* **raised upper eyelids**, and *moderate* **tightened eyelids**."
S_03_01_07_1_1,03,fear,7,1,1,The box was thrown beside the parked truck.,slow,lower,quieter,front,none,weak,none,moderate,moderate,none,weak,none,none,none,none,weak,none,none,none,none,none,weak,"Actor 03 said “The box was thrown beside the parked truck.”, with *slow* **speech rate**, *lower* **pitch**, *quieter* **loudness**, while **looking at the camera**, and *weak* **raised inner eyebrows**, *moderate* **lowered brows**, *moderate* **raised upper eyelids**, *weak* **tightened eyelids**, *weak* **downturned mouth corners**, and *weak* **blinking**."
S_03_01_07_2_1,03,fear,7,2,1,The box was thrown beside the parked truck.,fast,higher,louder,up,none,strong,weak,strong,moderate,none,moderate,none,none,none,none,none,none,none,weak,strong,none,none,"Actor 03 said “The box was thrown beside the parked truck.”, with *fast* **speech rate**, *higher* **pitch**, *louder* **loudness**, **gaze** *averted* (upwards), and *strong* **raised inner eyebrows**, *weak* **raised outer eyebrows**, *strong* **lowered brows**, *moderate* **raised upper eyelids**, *moderate* **tightened eyelids**, *weak* **tightened lips**, and *strong* **parted lips**."
S_03_01_08_1_1,03,fear,8,1,1,The hogs were fed chopped corn and garbage.,normal,normal,normal,front,none,weak,none,weak,none,none,weak,none,none,none,none,none,none,none,none,none,none,none,"Actor 03 said “The hogs were fed chopped corn and garbage.”, with *normal* **speech rate**, *normal* **pitch**, *normal* **loudness**, while **looking at the camera**, and *weak* **raised inner eyebrows**, *weak* **lowered brows**, and *weak* **tightened eyelids**."
S_03_01_08_2_1,03,fear,8,2,1,The hogs were fed chopped corn and garbage.,slow,higher,louder,front,none,strong,weak,strong,strong,none,moderate,none,none,none,none,none,none,none,none,none,none,none,"Actor 03 said “The hogs were fed chopped corn and garbage.”, with *slow* **speech rate**, *higher* **pitch**, *louder* **loudness**, while **looking at the camera**, and *strong* **raised inner eyebrows**, *weak* **raised outer eyebrows**, *strong* **lowered brows**, *strong* **raised upper eyelids**, and *moderate* **tightened eyelids**."
S_03_01_09_2_1,03,fear,9,2,1,Four hours of steady work faced us.,slow,higher,louder,front,none,strong,weak,strong,moderate,none,moderate,none,none,none,none,none,none,none,none,moderate,moderate,none,"Actor 03 said “Four hours of steady work faced us.”, with *slow* **speech rate**, *higher* **pitch**, *louder* **loudness**, while **looking at the camera**, and *strong* **raised inner eyebrows**, *weak* **raised outer eyebrows**, *strong* **lowered brows**, *moderate* **raised upper eyelids**, *moderate* **tightened eyelids**, *moderate* **parted lips**, and *moderate* **a dropped jaw**."
S_03_01_10_1_1,03,fear,10,1,1,A large size in stockings is hard to sell.,slow,lower,quieter,front,none,weak,none,moderate,moderate,none,weak,none,none,none,none,weak,none,none,none,none,none,weak,"Actor 03 said “A large size in stockings is hard to sell.”, with *slow* **speech rate**, *lower* **pitch**, *quieter* **loudness**, while **looking at the camera**, and *weak* **raised inner eyebrows**, *moderate* **lowered brows**, *moderate* **raised upper eyelids**, *weak* **tightened eyelids**, *weak* **downturned mouth corners**, and *weak* **blinking**."
S_03_01_10_2_1,03,fear,10,2,1,A large size in stockings is hard to sell.,fast,higher,louder,up,none,strong,weak,strong,moderate,none,moderate,none,none,none,none,none,none,none,none,moderate,none,weak,"Actor 03 said “A large size in stockings is hard to sell.”, with *fast* **speech rate**, *higher* **pitch**, *louder* **loudness**, **gaze** *averted* (upwards), and *strong* **raised inner eyebrows**, *weak* **raised outer eyebrows**, *strong* **lowered brows**, *moderate* **raised upper eyelids**, *moderate* **tightened eyelids**, *moderate* **parted lips**, and *weak* **blinking**."
S_03_02_01_1_1,03,anger,1,1,1,The birch canoe slid on the smooth planks.,normal,higher,louder,front,none,none,none,moderate,none,none,none,none,none,none,none,weak,none,none,none,none,none,none,"Actor 03 said “The birch canoe slid on the smooth planks.”, with *normal* **speech rate**, *higher* **pitch**, *louder* **loudness**, while **looking at the camera**, and *moderate* **lowered brows** and *weak* **downturned mouth corners**."
S_03_02_01_2_1,03,anger,1,2,1,The birch canoe slid on the smooth planks.,fast,higher,louder,front,shaking,strong,none,strong,moderate,none,moderate,none,none,none,none,moderate,none,none,strong,strong,none,weak,"Actor 03 said “The birch canoe slid on the smooth planks.”, with *fast* **speech rate**, *higher* **pitch**, *louder* **loudness**, while **looking at the camera**, while *shaking* their **head**, and *strong* **raised inner eyebrows**, *strong* **lowered brows**, *moderate* **raised upper eyelids**, *moderate* **tightened eyelids**, *moderate* **downturned mouth corners**, *strong* **tightened lips**, *strong* **parted lips**, and *weak* **blinking**."
S_03_02_02_1_1,03,anger,2,1,1,Glue the sheet to the dark blue background.,normal,higher,louder,front,none,weak,none,moderate,none,none,none,none,none,none,none,weak,none,none,none,none,none,none,"Actor 03 said “Glue the sheet to the dark blue background.”, with *normal* **speech rate**, *higher* **pitch**, *louder* **loudness**, while **looking at the camera**, and *weak* **raised inner eyebrows**, *moderate* **lowered brows**, and *weak* **downturned mouth corners**."
S_03_02_02_2_1,03,anger,2,2,1,Glue the sheet to the dark blue background.,fast,higher,louder,front,shaking,moderate,weak,strong,moderate,none,strong,none,moderate,none,none,moderate,none,none,strong,strong,none,none,"Actor 03 said “Glue the sheet to the dark blue background.”, with *fast* **speech rate**, *higher* **pitch**, *louder* **loudness**, while **looking at the camera**, while *shaking* their **head**, and *moderate* **raised inner eyebrows**, *weak* **raised outer eyebrows**, *strong* **lowered brows**, *moderate* **raised upper eyelids**, *strong* **tightened eyelids**, *moderate* **raised upper lip**, *moderate* **downturned mouth corners**, *strong* **tightened lips**, and *strong* **parted lips**."
S_03_02_03_1_1,03,anger,3,1,1,It's easy to tell the depth of a well.,normal,higher,louder,front,none,none,none,moderate,none,none,none,none,none,none,none,weak,none,none,none,none,none,none,"Actor 03 said “It's easy to tell the depth of a well.”, with *normal* **speech rate**, *higher* **pitch**, *louder* **loudness**, while **looking at the camera**, and *moderate* **lowered brows** and *weak* **downturned mouth corners**."
S_03_02_03_2_1,03,anger,3,2,1,It's easy to tell the depth of a well.,fast,higher,louder,front,shaking,moderate,none,strong,moderate,none,moderate,none,none,none,none,moderate,none,none,strong,strong,none,none,"Actor 03 said “It's easy to tell the depth of a well.”, with *fast* **speech rate**, *higher* **pitch**, *louder* **loudness**, while **looking at the camera**, while *shaking* their **head**, and *moderate* **raised inner eyebrows**, *strong* **lowered brows**, *moderate* **raised upper eyelids**, *moderate* **tightened eyelids**, *moderate* **downturned mouth corners**, *strong* **tightened lips**, and *strong* **parted lips**."
S_03_02_04_1_1,03,anger,4,1,1,These days a chicken leg is a rare dish.,fast,higher,louder,front,none,none,none,moderate,weak,none,none,none,none,none,none,none,none,none,none,none,none,none,"Actor 03 said “These days a chicken leg is a rare dish.”, with *fast* **speech rate**, *higher* **pitch**, *louder* **loudness**, while **looking at the camera**, and *moderate* **lowered brows** and *weak* **raised upper eyelids**."
S_03_02_04_2_1,03,anger,4,2,1,These days a chicken leg is a rare dish.,fast,higher,louder,front,shaking,strong,weak,strong,moderate,none,moderate,none,none,none,none,none,none,none,none,moderate,moderate,none,"Actor 03 said “These days a chicken leg is a rare dish.”, with *fast* **speech rate**, *higher* **pitch**, *louder* **loudness**, while **looking at the camera**, while *shaking* their **head**, and *strong* **raised inner eyebrows**, *weak* **raised outer eyebrows**, *strong* **lowered brows**, *moderate* **raised upper eyelids**, *moderate* **tightened eyelids**, *moderate* **parted lips**, and *moderate* **a dropped jaw**."
S_03_02_05_1_1,03,anger,5,1,1,Rice is often served in round bowls.,fast,higher,louder,front,none,none,none,moderate,weak,none,none,none,none,none,none,none,none,none,none,none,none,none,"Actor 03 said “Rice is often served in round bowls.”, with *fast* **speech rate**, *higher* **pitch**, *louder* **loudness**, while **looking at the camera**, and *moderate* **lowered brows** and *weak* **raised upper eyelids**."
S_03_02_05_2_1,03,anger,5,2,1,Rice is often served in round bowls.,fast,higher,louder,front,shaking,strong,none,strong,moderate,none,moderate,none,none,none,none,none,none,none,strong,none,none,none,"Actor 03 said “Rice is often served in round bowls.”, with *fast* **speech rate**, *higher* **pitch**, *louder* **loudness**, while **looking at the camera**, while *shaking* their **head**, and *strong* **raised inner eyebrows**, *strong* **lowered brows**, *moderate* **raised upper eyelids**, *moderate* **tightened eyelids**, and *strong* **tightened lips**."
S_03_02_06_1_1,03,anger,6,1,1,The juice of lemons makes fine punch.,normal,higher,louder,front,none,weak,none,moderate,none,none,none,none,none,none,none,weak,none,none,none,none,none,none,"Actor 03 said “The juice of lemons makes fine punch.”, with *normal* **speech rate**, *higher* **pitch**, *louder* **loudness**, while **looking at the camera**, and *weak* **raised inner eyebrows**, *moderate* **lowered brows**, and *weak* **downturned mouth corners**."
S_03_02_06_2_1,03,anger,6,2,1,The juice of lemons makes fine punch.,fast,higher,louder,front,shaking,strong,weak,strong,moderate,none,moderate,none,none,none,none,none,none,none,none,moderate,moderate,none,"Actor 03 said “The juice of lemons makes fine punch.”, with *fast* **speech rate**, *higher* **pitch**, *louder* **loudness**, while **looking at the camera**, while *shaking* their **head**, and *strong* **raised inner eyebrows**, *weak* **raised outer eyebrows**, *strong* **lowered brows**, *moderate* **raised upper eyelids**, *moderate* **tightened eyelids**, *moderate* **parted lips**, and *moderate* **a dropped jaw**."
S_03_02_07_1_1,03,anger,7,1,1,The box was thrown beside the parked truck.,fast,higher,louder,front,none,none,none,moderate,none,none,none,none,none,none,none,none,none,none,none,none,none,none,"Actor 03 said “The box was thrown beside the parked truck.”, with *fast* **speech rate**, *higher* **pitch**, *louder* **loudness**, while **looking at the camera**, and *moderate* **lowered brows**."
S_03_02_07_2_1,03,anger,7,2,1,The box was thrown beside the parked truck.,fast,higher,louder,front,shaking,none,none,strong,moderate,none,strong,none,none,none,none,weak,none,none,none,strong,none,none,"Actor 03 said “The box was thrown beside the parked truck.”, with *fast* **speech rate**, *higher* **pitch**, *louder* **loudness**, while **looking at the camera**, while *shaking* their **head**, and *strong* **lowered brows**, *moderate* **raised upper eyelids**, *strong* **tightened eyelids**, *weak* **downturned mouth corners**, and *strong* **parted lips**."
S_03_02_08_1_1,03,anger,8,1,1,The hogs were fed chopped corn and garbage.,normal,higher,louder,front,none,none,none,moderate,none,none,none,none,none,none,none,weak,none,none,none,none,none,none,"Actor 03 said “The hogs were fed chopped corn and garbage.”, with *normal* **speech rate**, *higher* **pitch**, *louder* **loudness**, while **looking at the camera**, and *moderate* **lowered brows** and *weak* **downturned mouth corners**."
S_03_02_08_2_1,03,anger,8,2,1,The hogs were fed chopped corn and garbage.,fast,higher,louder,front,shaking,strong,none,strong,moderate,none,moderate,none,none,none,none,moderate,none,none,strong,strong,none,none,"Actor 03 said “The hogs were fed chopped corn and garbage.”, with *fast* **speech rate**, *higher* **pitch**, *louder* **loudness**, while **looking at the camera**, while *shaking* their **head**, and *strong* **raised inner eyebrows**, *strong* **lowered brows**, *moderate* **raised upper eyelids**, *moderate* **tightened eyelids**, *moderate* **downturned mouth corners**, *strong* **tightened lips**, and *strong* **parted lips**."
S_03_02_09_1_1,03,anger,9,1,1,Four hours of steady work faced us.,slow,higher,louder,front,none,weak,none,moderate,weak,none,none,none,none,none,none,none,none,none,none,none,none,none,"Actor 03 said “Four hours of steady work faced us.”, with *slow* **speech rate**, *higher* **pitch**, *louder* **loudness**, while **looking at the camera**, and *weak* **raised inner eyebrows**, *moderate* **lowered brows**, and *weak* **raised upper eyelids**."
S_03_02_09_2_1,03,anger,9,2,1,Four hours of steady work faced us.,fast,higher,louder,front,shaking,moderate,none,strong,moderate,none,moderate,none,none,none,none,moderate,none,none,strong,strong,none,none,"Actor 03 said “Four hours of steady work faced us.”, with *fast* **speech rate**, *higher* **pitch**, *louder* **loudness**, while **looking at the camera**, while *shaking* their **head**, and *moderate* **raised inner eyebrows**, *strong* **lowered brows**, *moderate* **raised upper eyelids**, *moderate* **tightened eyelids**, *moderate* **downturned mouth corners**, *strong* **tightened lips**, and *strong* **parted lips**."
S_03_02_10_1_1,03,anger,10,1,1,A large size in stockings is hard to sell.,fast,higher,louder,front,none,none,none,moderate,none,none,none,none,none,none,none,none,none,none,none,none,none,none,"Actor 03 said “A large size in stockings is hard to sell.”, with *fast* **speech rate**, *higher* **pitch**, *louder* **loudness**, while **looking at the camera**, and *moderate* **lowered brows**."
S_03_02_10_2_1,03,anger,10,2,1,A large size in stockings is hard to sell.,fast,higher,louder,front,shaking,none,none,strong,moderate,none,strong,none,none,none,none,weak,none,none,none,strong,none,none,"Actor 03 said “A large size in stockings is hard to sell.”, with *fast* **speech rate**, *higher* **pitch**, *louder* **loudness**, while **looking at the camera**, while *shaking* their **head**, and *strong* **lowered brows**, *moderate* **raised upper eyelids**, *strong* **tightened eyelids**, *weak* **downturned mouth corners**, and *strong* **parted lips**."
S_03_03_01_1_1,03,happiness,1,1,1,The birch canoe slid on the smooth planks.,normal,higher,normal,front,none,weak,none,none,none,weak,none,none,none,weak,none,none,none,none,none,none,none,none,"Actor 03 said “The birch canoe slid on the smooth planks.”, with *normal* **speech rate**, *higher* **pitch**, *normal* **loudness**, while **looking at the camera**, and *weak* **raised inner eyebrows**, *weak* **raised cheeks**, and *weak* **a smile**."
S_03_03_01_2_1,03,happiness,1,2,1,The birch canoe slid on the smooth planks.,fast,higher,louder,front,none,none,weak,none,moderate,strong,none,none,none,strong,none,none,none,none,none,moderate,moderate,none,"Actor 03 said “The birch canoe slid on the smooth planks.”, with *fast* **speech rate**, *higher* **pitch**, *louder* **loudness**, while **looking at the camera**, and *weak* **raised outer eyebrows**, *moderate* **raised upper eyelids**, *strong* **raised cheeks**, *strong* **a smile**, *moderate* **parted lips**, and *moderate* **a dropped jaw**."
S_03_03_02_1_1,03,happiness,2,1,1,Glue the sheet to the dark blue background.,normal,normal,normal,front,none,weak,none,none,none,weak,none,none,none,weak,none,none,none,none,none,none,none,none,"Actor 03 said “Glue the sheet to the dark blue background.”, with *normal* **speech rate**, *normal* **pitch**, *normal* **loudness**, while **looking at the camera**, and *weak* **raised inner eyebrows**, *weak* **raised cheeks**, and *weak* **a smile**."
S_03_03_02_2_1,03,happiness,2,2,1,Glue the sheet to the dark blue background.,fast,higher,louder,front,none,weak,weak,none,moderate,strong,none,none,none,strong,none,none,none,none,none,none,none,none,"Actor 03 said “Glue the sheet to the dark blue background.”, with *fast* **speech rate**, *higher* **pitch**, *louder* **loudness**, while **looking at the camera**, and *weak* **raised inner eyebrows**, *weak* **raised outer eyebrows**, *moderate* **raised upper eyelids**, *strong* **raised cheeks**, and *strong* **a smile**."
S_03_03_03_1_1,03,happiness,3,1,1,It's easy to tell the depth of a well.,normal,normal,normal,front,none,none,none,none,none,weak,none,none,none,weak,none,none,none,none,none,none,none,none,"Actor 03 said “It's easy to tell the depth of a well.”, with *normal* **speech rate**, *normal* **pitch**, *normal* **loudness**, while **looking at the camera**, and *weak* **raised cheeks** and *weak* **a smile**."
S_03_03_03_2_1,03,happiness,3,2,1,It's easy to tell the depth of a well.,fast,higher,louder,front,none,weak,weak,none,moderate,strong,none,none,none,strong,none,none,none,none,none,none,none,none,"Actor 03 said “It's easy to tell the depth of a well.”, with *fast* **speech rate**, *higher* **pitch**, *louder* **loudness**, while **looking at the camera**, and *weak* **raised inner eyebrows**, *weak* **raised outer eyebrows**, *moderate* **raised upper eyelids**, *strong* **raised cheeks**, and *strong* **a smile**."
S_03_03_04_1_1,03,happiness,4,1,1,These days a chicken leg is a rare dish.,normal,normal,normal,front,none,none,none,none,none,weak,none,none,none,weak,none,none,none,none,none,none,none,none,"Actor 03 said “These days a chicken leg is a rare dish.”, with *normal* **speech rate**, *normal* **pitch**, *normal* **loudness**, while **looking at the camera**, and *weak* **raised cheeks** and *weak* **a smile**."
S_03_03_04_2_1,03,happiness,4,2,1,These days a chicken leg is a rare dish.,fast,higher,louder,front,none,none,weak,none,moderate,strong,none,none,none,strong,none,none,none,none,none,none,none,none,"Actor 03 said “These days a chicken leg is a rare dish.”, with *fast* **speech rate**, *higher* **pitch**, *louder* **loudness**, while **looking at the camera**, and *weak* **raised outer eyebrows**, *moderate* **raised upper eyelids**, *strong* **raised cheeks**, and *strong* **a smile**."
S_03_03_05_1_1,03,happiness,5,1,1,Rice is often served in round bowls.,normal,normal,normal,front,none,none,none,none,none,weak,none,none,none,weak,none,none,none,none,none,none,none,none,"Actor 03 said “Rice is often served in round bowls.”, with *normal* **speech rate**, *normal* **pitch**, *normal* **loudness**, while **looking at the camera**, and *weak* **raised cheeks** and *weak* **a smile**."
S_03_03_05_2_1,03,happiness,5,2,1,Rice is often served in round bowls.,fast,higher,louder,front,none,none,weak,none,moderate,strong,none,none,none,strong,none,none,none,none,none,none,none,none,"Actor 03 said “Rice is often served in round bowls.”, with *fast* **speech rate**, *higher* **pitch**, *louder* **loudness**, while **looking at the camera**, and *weak* **raised outer eyebrows**, *moderate* **raised upper eyelids**, *strong* **raised cheeks**, and *strong* **a smile**."
S_03_03_06_1_1,03,happiness,6,1,1,The juice of lemons makes fine punch.,normal,normal,normal,front,none,none,none,none,none,weak,none,none,none,weak,none,none,none,none,none,none,none,none,"Actor 03 said “The juice of lemons makes fine punch.”, with *normal* **speech rate**, *normal* **pitch**, *normal* **loudness**, while **looking at the camera**, and *weak* **raised cheeks** and *weak* **a smile**."
S_03_03_06_2_1,03,happiness,6,2,1,The juice of lemons makes fine punch.,fast,higher,louder,front,nodding,weak,weak,none,moderate,strong,none,none,none,strong,none,none,none,none,none,none,none,none,"Actor 03 said “The juice of lemons makes fine punch.”, with *fast* **speech rate**, *higher* **pitch**, *louder* **loudness**, while **looking at the camera**, while *nodding*, and *weak* **raised inner eyebrows**, *weak* **raised outer eyebrows**, *moderate* **raised upper eyelids**, *strong* **raised cheeks**, and *strong* **a smile**."
S_03_03_07_1_1,03,happiness,7,1,1,The box was thrown beside the parked truck.,normal,normal,normal,front,none,weak,none,none,none,weak,none,none,none,weak,none,none,none,none,none,none,none,none,"Actor 03 said “The box was thrown beside the parked truck.”, with *normal* **speech rate**, *normal* **pitch**, *normal* **loudness**, while **looking at the camera**, and *weak* **raised inner eyebrows**, *weak* **raised cheeks**, and *weak* **a smile**."
S_03_03_07_2_1,03,happiness,7,2,1,The box was thrown beside the parked truck.,fast,higher,louder,front,none,none,weak,none,moderate,strong,none,none,none,strong,none,none,none,none,none,moderate,moderate,none,"Actor 03 said “The box was thrown beside the parked truck.”, with *fast* **speech rate**, *higher* **pitch**, *louder* **loudness**, while **looking at the camera**, and *weak* **raised outer eyebrows**, *moderate* **raised upper eyelids**, *strong* **raised cheeks**, *strong* **a smile**, *moderate* **parted lips**, and *moderate* **a dropped jaw**."
S_03_03_08_1_1,03,happiness,8,1,1,The hogs were fed chopped corn and garbage.,normal,normal,normal,front,none,none,none,none,none,weak,none,none,none,weak,none,none,none,none,none,none,none,none,"Actor 03 said “The hogs were fed chopped corn and garbage.”, with *normal* **speech rate**, *normal* **pitch**, *normal* **loudness**, while **looking at the camera**, and *weak* **raised cheeks** and *weak* **a smile**."
S_03_03_08_2_1,03,happiness,8,2,1,The hogs were fed chopped corn and garbage.,fast,higher,louder,front,none,none,none,weak,moderate,strong,none,none,none,strong,none,none,none,none,none,moderate,moderate,none,"Actor 03 said “The hogs were fed chopped corn and garbage.”, with *fast* **speech rate**, *higher* **pitch**, *louder* **loudness**, while **looking at the camera**, and *weak* **lowered brows**, *moderate* **raised upper eyelids**, *strong* **raised cheeks**, *strong* **a smile**, *moderate* **parted lips**, and *moderate* **a dropped jaw**."
S_03_03_09_1_1,03,happiness,9,1,1,Four hours of steady work faced us.,normal,normal,normal,front,none,weak,none,none,none,weak,none,none,none,weak,none,none,none,none,none,none,none,none,"Actor 03 said “Four hours of steady work faced us.”, with *normal* **speech rate**, *normal* **pitch**, *normal* **loudness**, while **looking at the camera**, and *weak* **raised inner eyebrows**, *weak* **raised cheeks**, and *weak* **a smile**."
S_03_03_09_2_1,03,happiness,9,2,1,Four hours of steady work faced us.,fast,higher,louder,front,none,weak,weak,none,moderate,strong,none,none,none,strong,none,none,none,none,none,none,none,none,"Actor 03 said “Four hours of steady work faced us.”, with *fast* **speech rate**, *higher* **pitch**, *louder* **loudness**, while **looking at the camera**, and *weak* **raised inner eyebrows**, *weak* **raised outer eyebrows**, *moderate* **raised upper eyelids**, *strong* **raised cheeks**, and *strong* **a smile**."
S_03_03_10_1_1,03,happiness,10,1,1,A large size in stockings is hard to sell.,normal,normal,normal,front,none,weak,none,none,none,weak,none,none,none,weak,none,none,none,none,none,none,none,none,"Actor 03 said “A large size in stockings is hard to sell.”, with *normal* **speech rate**, *normal* **pitch**, *normal* **loudness**, while **looking at the camera**, and *weak* **raised inner eyebrows**, *weak* **raised cheeks**, and *weak* **a smile**."
S_03_03_10_2_1,03,happiness,10,2,1,A large size in stockings is hard to sell.,fast,higher,louder,front,none,none,weak,none,moderate,strong,none,none,none,strong,none,none,none,none,none,moderate,moderate,none,"Actor 03 said “A large size in stockings is hard to sell.”, with *fast* **speech rate**, *higher* **pitch**, *louder* **loudness**, while **looking at the camera**, and *weak* **raised outer eyebrows**, *moderate* **raised upper eyelids**, *strong* **raised cheeks**, *strong* **a smile**, *moderate* **parted lips**, and *moderate* **a dropped jaw**."
S_03_04_01_1_1,03,sadness,1,1,1,The birch canoe slid on the smooth planks.,slow,lower,quieter,down,none,weak,none,weak,none,none,none,none,none,none,none,weak,none,none,none,none,none,none,"Actor 03 said “The birch canoe slid on the smooth planks.”, with *slow* **speech rate**, *lower* **pitch**, *quieter* **loudness**, **gaze** *averted* (downwards), and *weak* **raised inner eyebrows**, *weak* **lowered brows**, and *weak* **downturned mouth corners**."
S_03_04_01_2_1,03,sadness,1,2,1,The birch canoe slid on the smooth planks.,slow,lower,quieter,down,none,strong,none,strong,none,none,none,none,none,none,none,strong,weak,none,none,none,none,moderate,"Actor 03 said “The birch canoe slid on the smooth planks.”, with *slow* **speech rate**, *lower* **pitch**, *quieter* **loudness**, **gaze** *averted* (downwards), and *strong* **raised inner eyebrows**, *strong* **lowered brows**, *strong* **downturned mouth corners**, *weak* **raised chin**, and *moderate* **blinking**."
S_03_04_02_1_1,03,sadness,2,1,1,Glue the sheet to the dark blue background.,slow,lower,quieter,down,none,weak,none,moderate,none,none,none,none,none,none,none,none,none,none,none,none,none,none,"Actor 03 said “Glue the sheet to the dark blue background.”, with *slow* **speech rate**, *lower* **pitch**, *quieter* **loudness**, **gaze** *averted* (downwards), and *weak* **raised inner eyebrows** and *moderate* **lowered brows**."
S_03_04_02_2_1,03,sadness,2,2,1,Glue the sheet to the dark blue background.,slow,lower,quieter,down,none,strong,none,strong,none,none,weak,none,none,none,none,strong,none,none,none,none,none,none,"Actor 03 said “Glue the sheet to the dark blue background.”, with *slow* **speech rate**, *lower* **pitch**, *quieter* **loudness**, **gaze** *averted* (downwards), and *strong* **raised inner eyebrows**, *strong* **lowered brows**, *weak* **tightened eyelids**, and *strong* **downturned mouth corners**."
S_03_04_03_1_1,03,sadness,3,1,1,It's easy to tell the depth of a well.,slow,lower,quieter,down,none,weak,none,moderate,none,none,none,none,none,none,none,weak,none,none,none,weak,none,none,"Actor 03 said “It's easy to tell the depth of a well.”, with *slow* **speech rate**, *lower* **pitch**, *quieter* **loudness**, **gaze** *averted* (downwards), and *weak* **raised inner eyebrows**, *moderate* **lowered brows**, *weak* **downturned mouth corners**, and *weak* **parted lips**."
S_03_04_03_2_1,03,sadness,3,2,1,It's easy to tell the depth of a well.,slow,lower,quieter,down,none,strong,none,strong,weak,none,none,none,weak,none,none,strong,weak,none,none,none,none,moderate,"Actor 03 said “It's easy to tell the depth of a well.”, with *slow* **speech rate**, *lower* **pitch**, *quieter* **loudness**, **gaze** *averted* (downwards), and *strong* **raised inner eyebrows**, *strong* **lowered brows**, *weak* **raised upper eyelids**, *weak* **raised upper lip**, *strong* **downturned mouth corners**, *weak* **raised chin**, and *moderate* **blinking**."
S_03_04_04_1_1,03,sadness,4,1,1,These days a chicken leg is a rare dish.,slow,lower,quieter,down,none,weak,none,moderate,none,none,none,none,none,none,none,none,none,none,none,none,none,none,"Actor 03 said “These days a chicken leg is a rare dish.”, with *slow* **speech rate**, *lower* **pitch**, *quieter* **loudness**, **gaze** *averted* (downwards), and *weak* **raised inner eyebrows** and *moderate* **lowered brows**."
S_03_04_04_2_1,03,sadness,4,2,1,These days a chicken leg is a rare dish.,slow,lower,quieter,down,none,strong,none,strong,none,none,none,none,none,none,none,strong,weak,none,none,none,none,strong,"Actor 03 said “These days a chicken leg is a rare dish.”, with *slow* **speech rate**, *lower* **pitch**, *quieter* **loudness**, **gaze** *averted* (downwards), and *strong* **raised inner eyebrows**, *strong* **lowered brows**, *strong* **downturned mouth corners**, *weak* **raised chin**, and *strong* **blinking**."
S_03_04_05_1_1,03,sadness,5,1,1,Rice is often served in round bowls.,slow,lower,quieter,down,none,weak,none,weak,none,none,none,none,none,none,none,none,none,none,none,none,none,none,"Actor 03 said “Rice is often served in round bowls.”, with *slow* **speech rate**, *lower* **pitch**, *quieter* **loudness**, **gaze** *averted* (downwards), and *weak* **raised inner eyebrows** and *weak* **lowered brows**."
S_03_04_05_2_1,03,sadness,5,2,1,Rice is often served in round bowls.,slow,lower,quieter,down,none,strong,none,strong,weak,none,none,none,none,none,none,strong,weak,none,none,none,none,moderate,"Actor 03 said “Rice is often served in round bowls.”, with *slow* **speech rate**, *lower* **pitch**, *quieter* **loudness**, **gaze** *averted* (downwards), and *strong* **raised inner eyebrows**, *strong* **lowered brows**, *weak* **raised upper eyelids**, *strong* **downturned mouth corners**, *weak* **raised chin**, and *moderate* **blinking**."
S_03_04_06_1_1,03,sadness,6,1,1,The juice of lemons makes fine punch.,slow,lower,quieter,down,none,weak,none,moderate,none,none,none,none,none,none,none,none,none,none,none,none,none,none,"Actor 03 said “The juice of lemons makes fine punch.”, with *slow* **speech rate**, *lower* **pitch**, *quieter* **loudness**, **gaze** *averted* (downwards), and *weak* **raised inner eyebrows** and *moderate* **lowered brows**."
S_03_04_06_2_1,03,sadness,6,2,1,The juice of lemons makes fine punch.,slow,lower,quieter,down,none,moderate,none,strong,weak,weak,none,none,none,none,none,strong,none,none,none,moderate,moderate,none,"Actor 03 said “The juice of lemons makes fine punch.”, with *slow* **speech rate**, *lower* **pitch**, *quieter* **loudness**, **gaze** *averted* (downwards), and *moderate* **raised inner eyebrows**, *strong* **lowered brows**, *weak* **raised upper eyelids**, *weak* **raised cheeks**, *strong* **downturned mouth corners**, *moderate* **parted lips**, and *moderate* **a dropped jaw**."
S_03_04_07_1_1,03,sadness,7,1,1,The box was thrown beside the parked truck.,slow,lower,quieter,down,none,weak,none,weak,none,none,none,none,none,none,none,none,none,none,none,none,none,none,"Actor 03 said “The box was thrown beside the parked truck.”, with *slow* **speech rate**, *lower* **pitch**, *quieter* **loudness**, **gaze** *averted* (downwards), and *weak* **raised inner eyebrows** and *weak* **lowered brows**."
S_03_04_07_2_1,03,sadness,7,2,1,The box was thrown beside the parked truck.,slow,lower,quieter,down,none,strong,none,strong,none,none,none,none,none,none,none,strong,weak,none,none,none,none,moderate,"Actor 03 said “The box was thrown beside the parked truck.”, with *slow* **speech rate**, *lower* **pitch**, *quieter* **loudness**, **gaze** *averted* (downwards), and *strong* **raised inner eyebrows**, *strong* **lowered brows**, *strong* **downturned mouth corners**, *weak* **raised chin**, and *moderate* **blinking**."
S_03_04_08_1_1,03,sadness,8,1,1,The hogs were fed chopped corn and garbage.,slow,lower,quieter,down,none,weak,none,weak,none,none,none,none,none,none,none,none,none,none,none,none,none,none,"Actor 03 said “The hogs were fed chopped corn and garbage.”, with *slow* **speech rate**, *lower* **pitch**, *quieter* **loudness**, **gaze** *averted* (downwards), and *weak* **raised inner eyebrows** and *weak* **lowered brows**."
S_03_04_08_2_1,03,sadness,8,2,1,The hogs were fed chopped corn and garbage.,slow,lower,quieter,down,none,strong,weak,strong,moderate,none,moderate,none,none,none,none,strong,none,none,none,moderate,none,weak,"Actor 03 said “The hogs were fed chopped corn and garbage.”, with *slow* **speech rate**, *lower* **pitch**, *quieter* **loudness**, **gaze** *averted* (downwards), and *strong* **raised inner eyebrows**, *weak* **raised outer eyebrows**, *strong* **lowered brows**, *moderate* **raised upper eyelids**, *moderate* **tightened eyelids**, *strong* **downturned mouth corners**, *moderate* **parted lips**, and *weak* **blinking**."
S_03_04_09_1_1,03,sadness,9,1,1,Four hours of steady work faced us.,slow,lower,quieter,down,none,weak,none,moderate,none,none,none,none,none,none,none,none,none,none,none,none,none,none,"Actor 03 said “Four hours of steady work faced us.”, with *slow* **speech rate**, *lower* **pitch**, *quieter* **loudness**, **gaze** *averted* (downwards), and *weak* **raised inner eyebrows** and *moderate* **lowered brows**."
S_03_04_10_1_1,03,sadness,10,1,1,A large size in stockings is hard to sell.,slow,lower,quieter,down,none,weak,none,weak,none,none,none,none,none,none,none,none,none,none,none,none,none,none,"Actor 03 said “A large size in stockings is hard to sell.”, with *slow* **speech rate**, *lower* **pitch**, *quieter* **loudness**, **gaze** *averted* (downwards), and *weak* **raised inner eyebrows** and *weak* **lowered brows**."
S_03_04_10_2_1,03,sadness,10,2,1,A large size in stockings is hard to sell.,slow,lower,quieter,down,none,strong,none,strong,weak,none,none,none,weak,none,none,strong,weak,none,none,none,none,strong,"Actor 03 said “A large size in stockings is hard to sell.”, with *slow* **speech rate**, *lower* **pitch**, *quieter* **loudness**, **gaze** *averted* (downwards), and *strong* **raised inner eyebrows**, *strong* **lowered brows**, *weak* **raised upper eyelids**, *weak* **raised upper lip**, *strong* **downturned mouth corners**, *weak* **raised chin**, and *strong* **blinking**."
S_03_05_01_2_1,03,disgust,1,2,1,The birch canoe slid on the smooth planks.,slow,lower,louder,front,shaking,none,none,strong,none,none,none,strong,none,none,none,none,none,none,none,moderate,moderate,none,"Actor 03 said “The birch canoe slid on the smooth planks.”, with *slow* **speech rate**, *lower* **pitch**, *louder* **loudness**, while **looking at the camera**, while *shaking* their **head**, and *strong* **lowered brows**, *strong* **wrinkled nose**, *moderate* **parted lips**, and *moderate* **a dropped jaw**."
S_03_05_02_1_1,03,disgust,2,1,1,Glue the sheet to the dark blue background.,slow,lower,quieter,front,none,none,none,weak,none,none,none,weak,none,none,none,none,none,none,none,none,none,none,"Actor 03 said “Glue the sheet to the dark blue background.”, with *slow* **speech rate**, *lower* **pitch**, *quieter* **loudness**, while **looking at the camera**, and *weak* **lowered brows** and *weak* **wrinkled nose**."
S_03_05_02_2_1,03,disgust,2,2,1,Glue the sheet to the dark blue background.,slow,lower,louder,front,shaking,none,none,strong,none,weak,none,strong,none,none,none,none,none,none,none,moderate,moderate,none,"Actor 03 said “Glue the sheet to the dark blue background.”, with *slow* **speech rate**, *lower* **pitch**, *louder* **loudness**, while **looking at the camera**, while *shaking* their **head**, and *strong* **lowered brows**, *weak* **raised cheeks**, *strong* **wrinkled nose**, *moderate* **parted lips**, and *moderate* **a dropped jaw**."
S_03_05_03_1_1,03,disgust,3,1,1,It's easy to tell the depth of a well.,normal,normal,quieter,front,none,weak,none,moderate,none,none,none,weak,none,none,none,none,none,none,none,none,none,none,"Actor 03 said “It's easy to tell the depth of a well.”, with *normal* **speech rate**, *normal* **pitch**, *quieter* **loudness**, while **looking at the camera**, and *weak* **raised inner eyebrows**, *moderate* **lowered brows**, and *weak* **wrinkled nose**."
S_03_05_03_2_1,03,disgust,3,2,1,It's easy to tell the depth of a well.,slow,lower,louder,front,none,strong,none,strong,moderate,none,none,strong,strong,none,none,none,none,none,none,moderate,moderate,none,"Actor 03 said “It's easy to tell the depth of a well.”, with *slow* **speech rate**, *lower* **pitch**, *louder* **loudness**, while **looking at the camera**, and *strong* **raised inner eyebrows**, *strong* **lowered brows**, *moderate* **raised upper eyelids**, *strong* **wrinkled nose**, *strong* **raised upper lip**, *moderate* **parted lips**, and *moderate* **a dropped jaw**."
S_03_05_04_1_1,03,disgust,4,1,1,These days a chicken leg is a rare dish.,slow,lower,normal,down,none,none,none,weak,none,none,none,weak,none,none,none,none,none,none,none,none,none,none,"Actor 03 said “These days a chicken leg is a rare dish.”, with *slow* **speech rate**, *lower* **pitch**, *normal* **loudness**, **gaze** *averted* (downwards), and *weak* **lowered brows** and *weak* **wrinkled nose**."
S_03_05_04_2_1,03,disgust,4,2,1,These days a chicken leg is a rare dish.,slow,lower,quieter,front,none,none,none,strong,none,weak,none,strong,none,none,none,none,none,none,none,moderate,moderate,none,"Actor 03 said “These days a chicken leg is a rare dish.”, with *slow* **speech rate**, *lower* **pitch**, *quieter* **loudness**, while **looking at the camera**, and *strong* **lowered brows**, *weak* **raised cheeks**, *strong* **wrinkled nose**, *moderate* **parted lips**, and *moderate* **a dropped jaw**."
S_03_05_05_1_1,03,disgust,5,1,1,Rice is often served in round bowls.,slow,lower,quieter,front,none,none,none,weak,none,none,none,weak,weak,none,none,none,none,none,none,none,none,none,"Actor 03 said “Rice is often served in round bowls.”, with *slow* **speech rate**, *lower* **pitch**, *quieter* **loudness**, while **looking at the camera**, and *weak* **lowered brows**, *weak* **wrinkled nose**, and *weak* **raised upper lip**."
S_03_05_05_2_1,03,disgust,5,2,1,Rice is often served in round bowls.,slow,lower,louder,front,none,strong,none,strong,moderate,none,none,strong,strong,none,none,none,none,none,none,moderate,moderate,none,"Actor 03 said “Rice is often served in round bowls.”, with *slow* **speech rate**, *lower* **pitch**, *louder* **loudness**, while **looking at the camera**, and *strong* **raised inner eyebrows**, *strong* **lowered brows**, *moderate* **raised upper eyelids**, *strong* **wrinkled nose**, *strong* **raised upper lip**, *moderate* **parted lips**, and *moderate* **a dropped jaw**."
S_03_05_06_1_1,03,disgust,6,1,1,The juice of lemons makes fine punch.,slow,lower,normal,down,none,weak,none,moderate,none,none,none,weak,none,none,none,none,none,none,none,none,none,weak,"Actor 03 said “The juice of lemons makes fine punch.”, with *slow* **speech rate**, *lower* **pitch**, *normal* **loudness**, **gaze** *averted* (downwards), and *weak* **raised inner eyebrows**, *moderate* **lowered brows**, *weak* **wrinkled nose**, and *weak* **blinking**."
S_03_05_06_2_1,03,disgust,6,2,1,The juice of lemons makes fine punch.,slow,lower,louder,front,shaking,moderate,none,strong,none,none,strong,strong,moderate,none,none,moderate,none,none,none,strong,none,weak,"Actor 03 said “The juice of lemons makes fine punch.”, with *slow* **speech rate**, *lower* **pitch**, *louder* **loudness**, while **looking at the camera**, while *shaking* their **head**, and *moderate* **raised inner eyebrows**, *strong* **lowered brows**, *strong* **tightened eyelids**, *strong* **wrinkled nose**, *moderate* **raised upper lip**, *moderate* **downturned mouth corners**, *strong* **parted lips**, and *weak* **blinking**."
S_03_05_07_1_1,03,disgust,7,1,1,The box was thrown beside the parked truck.,slow,lower,quieter,front,none,weak,none,moderate,none,none,none,weak,none,none,none,none,none,none,none,none,none,none,"Actor 03 said “The box was thrown beside the parked truck.”, with *slow* **speech rate**, *lower* **pitch**, *quieter* **loudness**, while **looking at the camera**, and *weak* **raised inner eyebrows**, *moderate* **lowered brows**, and *weak* **wrinkled nose**."
S_03_05_07_2_1,03,disgust,7,2,1,The box was thrown beside the parked truck.,slow,lower,louder,front,none,strong,none,strong,moderate,none,none,strong,strong,none,none,none,none,none,none,moderate,moderate,none,"Actor 03 said “The box was thrown beside the parked truck.”, with *slow* **speech rate**, *lower* **pitch**, *louder* **loudness**, while **looking at the camera**, and *strong* **raised inner eyebrows**, *strong* **lowered brows**, *moderate* **raised upper eyelids**, *strong* **wrinkled nose**, *strong* **raised upper lip**, *moderate* **parted lips**, and *moderate* **a dropped jaw**."
S_03_05_08_1_1,03,disgust,8,1,1,The hogs were fed chopped corn and garbage.,slow,lower,normal,front,none,none,none,moderate,none,none,none,weak,weak,none,none,none,none,none,none,none,none,none,"Actor 03 said “The hogs were fed chopped corn and garbage.”, with *slow* **speech rate**, *lower* **pitch**, *normal* **loudness**, while **looking at the camera**, and *moderate* **lowered brows**, *weak* **wrinkled nose**, and *weak* **raised upper lip**."
S_03_05_08_2_1,03,disgust,8,2,1,The hogs were fed chopped corn and garbage.,slow,lower,louder,front,none,strong,none,strong,moderate,none,none,strong,strong,none,none,none,none,none,none,moderate,moderate,none,"Actor 03 said “The hogs were fed chopped corn and garbage.”, with *slow* **speech rate**, *lower* **pitch**, *louder* **loudness**, while **looking at the camera**, and *strong* **raised inner eyebrows**, *strong* **lowered brows**, *moderate* **raised upper eyelids**, *strong* **wrinkled nose**, *strong* **raised upper lip**, *moderate* **parted lips**, and *moderate* **a dropped jaw**."
S_03_05_09_1_1,03,disgust,9,1,1,Four hours of steady work faced us.,slow,lower,quieter,front,none,weak,none,moderate,none,none,none,weak,none,none,none,none,none,none,none,none,none,none,"Actor 03 said “Four hours of steady work faced us.”, with *slow* **speech rate**, *lower* **pitch**, *quieter* **loudness**, while **looking at the camera**, and *weak* **raised inner eyebrows**, *moderate* **lowered brows**, and *weak* **wrinkled nose**."
S_03_05_09_2_1,03,disgust,9,2,1,Four hours of steady work faced us.,slow,lower,louder,front,none,strong,none,strong,moderate,none,none,strong,strong,none,none,none,none,none,none,moderate,moderate,none,"Actor 03 said “Four hours of steady work faced us.”, with *slow* **speech rate**, *lower* **pitch**, *louder* **loudness**, while **looking at the camera**, and *strong* **raised inner eyebrows**, *strong* **lowered brows**, *moderate* **raised upper eyelids**, *strong* **wrinkled nose**, *strong* **raised upper lip**, *moderate* **parted lips**, and *moderate* **a dropped jaw**."
S_03_05_10_1_1,03,disgust,10,1,1,A large size in stockings is hard to sell.,slow,lower,normal,down,none,none,none,weak,none,none,none,weak,weak,none,none,none,none,none,none,none,none,none,"Actor 03 said “A large size in stockings is hard to sell.”, with *slow* **speech rate**, *lower* **pitch**, *normal* **loudness**, **gaze** *averted* (downwards), and *weak* **lowered brows**, *weak* **wrinkled nose**, and *weak* **raised upper lip**."
S_03_05_10_2_1,03,disgust,10,2,1,A large size in stockings is hard to sell.,slow,lower,louder,front,none,moderate,none,strong,none,none,none,strong,none,none,none,weak,none,none,none,none,none,weak,"Actor 03 said “A large size in stockings is hard to sell.”, with *slow* **speech rate**, *lower* **pitch**, *louder* **loudness**, while **looking at the camera**, and *moderate* **raised inner eyebrows**, *strong* **lowered brows**, *strong* **wrinkled nose**, *weak* **downturned mouth corners**, and *weak* **blinking**."
S_03_06_01_1_1,03,surprise,1,1,1,The birch canoe slid on the smooth planks.,fast,higher,louder,front,none,none,weak,none,weak,none,none,none,none,none,none,none,none,none,none,none,none,none,"Actor 03 said “The birch canoe slid on the smooth planks.”, with *fast* **speech rate**, *higher* **pitch**, *louder* **loudness**, while **looking at the camera**, and *weak* **raised outer eyebrows** and *weak* **raised upper eyelids**."
S_03_06_01_2_1,03,surprise,1,2,1,The birch canoe slid on the smooth planks.,fast,higher,louder,up,none,strong,strong,moderate,strong,weak,moderate,none,none,none,none,none,none,none,none,strong,moderate,none,"Actor 03 said “The birch canoe slid on the smooth planks.”, with *fast* **speech rate**, *higher* **pitch**, *louder* **loudness**, **gaze** *averted* (upwards), and *strong* **raised inner eyebrows**, *strong* **raised outer eyebrows**, *moderate* **lowered brows**, *strong* **raised upper eyelids**, *weak* **raised cheeks**, *moderate* **tightened eyelids**, *strong* **parted lips**, and *moderate* **a dropped jaw**."
S_03_06_02_1_1,03,surprise,2,1,1,Glue the sheet to the dark blue background.,normal,higher,louder,front,none,none,weak,none,weak,none,none,none,none,none,none,none,none,none,none,none,none,none,"Actor 03 said “Glue the sheet to the dark blue background.”, with *normal* **speech rate**, *higher* **pitch**, *louder* **loudness**, while **looking at the camera**, and *weak* **raised outer eyebrows** and *weak* **raised upper eyelids**."
S_03_06_02_2_1,03,surprise,2,2,1,Glue the sheet to the dark blue background.,fast,higher,louder,up,none,strong,strong,moderate,strong,weak,moderate,none,none,none,none,none,none,none,none,strong,strong,none,"Actor 03 said “Glue the sheet to the dark blue background.”, with *fast* **speech rate**, *higher* **pitch**, *louder* **loudness**, **gaze** *averted* (upwards), and *strong* **raised inner eyebrows**, *strong* **raised outer eyebrows**, *moderate* **lowered brows**, *strong* **raised upper eyelids**, *weak* **raised cheeks**, *moderate* **tightened eyelids**, *strong* **parted lips**, and *strong* **a dropped jaw**."
S_03_06_03_1_1,03,surprise,3,1,1,It's easy to tell the depth of a well.,normal,higher,normal,front,none,weak,weak,none,weak,none,none,none,none,none,none,none,none,none,none,none,none,none,"Actor 03 said “It's easy to tell the depth of a well.”, with *normal* **speech rate**, *higher* **pitch**, *normal* **loudness**, while **looking at the camera**, and *weak* **raised inner eyebrows**, *weak* **raised outer eyebrows**, and *weak* **raised upper eyelids**."
S_03_06_03_2_1,03,surprise,3,2,1,It's easy to tell the depth of a well.,fast,higher,louder,front,none,strong,strong,moderate,strong,weak,moderate,none,none,none,none,none,none,none,none,strong,strong,none,"Actor 03 said “It's easy to tell the depth of a well.”, with *fast* **speech rate**, *higher* **pitch**, *louder* **loudness**, while **looking at the camera**, and *strong* **raised inner eyebrows**, *strong* **raised outer eyebrows**, *moderate* **lowered brows**, *strong* **raised upper eyelids**, *weak* **raised cheeks**, *moderate* **tightened eyelids**, *strong* **parted lips**, and *strong* **a dropped jaw**."
S_03_06_04_1_1,03,surprise,4,1,1,These days a chicken leg is a rare dish.,fast,higher,louder,front,none,none,weak,none,weak,none,none,none,none,none,none,none,none,none,none,none,none,none,"Actor 03 said “These days a chicken leg is a rare dish.”, with *fast* **speech rate**, *higher* **pitch**, *louder* **loudness**, while **looking at the camera**, and *weak* **raised outer eyebrows** and *weak* **raised upper eyelids**."
S_03_06_04_2_1,03,surprise,4,2,1,These days a chicken leg is a rare dish.,fast,higher,louder,up,none,strong,strong,moderate,strong,weak,moderate,none,none,none,none,none,none,none,none,strong,strong,none,"Actor 03 said “These days a chicken leg is a rare dish.”, with *fast* **speech rate**, *higher* **pitch**, *louder* **loudness**, **gaze** *averted* (upwards), and *strong* **raised inner eyebrows**, *strong* **raised outer eyebrows**, *moderate* **lowered brows**, *strong* **raised upper eyelids**, *weak* **raised cheeks**, *moderate* **tightened eyelids**, *strong* **parted lips**, and *strong* **a dropped jaw**."
S_03_06_05_1_1,03,surprise,5,1,1,Rice is often served in round bowls.,normal,higher,louder,front,none,none,weak,none,weak,weak,none,none,none,none,none,none,none,none,none,moderate,moderate,none,"Actor 03 said “Rice is often served in round bowls.”, with *normal* **speech rate**, *higher* **pitch**, *louder* **loudness**, while **looking at the camera**, and *weak* **raised outer eyebrows**, *weak* **raised upper eyelids**, *weak* **raised cheeks**, *moderate* **parted lips**, and *moderate* **a dropped jaw**."
S_03_06_05_2_1,03,surprise,5,2,1,Rice is often served in round bowls.,fast,higher,louder,up,none,strong,weak,moderate,strong,weak,none,none,none,none,none,none,none,none,none,moderate,moderate,none,"Actor 03 said “Rice is often served in round bowls.”, with *fast* **speech rate**, *higher* **pitch**, *louder* **loudness**, **gaze** *averted* (upwards), and *strong* **raised inner eyebrows**, *weak* **raised outer eyebrows**, *moderate* **lowered brows**, *strong* **raised upper eyelids**, *weak* **raised cheeks**, *moderate* **parted lips**, and *moderate* **a dropped jaw**."
S_03_06_06_1_1,03,surprise,6,1,1,The juice of lemons makes fine punch.,normal,higher,louder,front,none,none,weak,none,weak,none,none,none,none,none,none,none,none,none,none,none,none,none,"Actor 03 said “The juice of lemons makes fine punch.”, with *normal* **speech rate**, *higher* **pitch**, *louder* **loudness**, while **looking at the camera**, and *weak* **raised outer eyebrows** and *weak* **raised upper eyelids**."
S_03_06_06_2_1,03,surprise,6,2,1,The juice of lemons makes fine punch.,fast,higher,louder,up,none,strong,strong,moderate,strong,weak,moderate,none,none,none,none,none,none,none,none,strong,moderate,none,"Actor 03 said “The juice of lemons makes fine punch.”, with *fast* **speech rate**, *higher* **pitch**, *louder* **loudness**, **gaze** *averted* (upwards), and *strong* **raised inner eyebrows**, *strong* **raised outer eyebrows**, *moderate* **lowered brows**, *strong* **raised upper eyelids**, *weak* **raised cheeks**, *moderate* **tightened eyelids**, *strong* **parted lips**, and *moderate* **a dropped jaw**."
S_03_06_07_1_1,03,surprise,7,1,1,The box was thrown beside the parked truck.,fast,higher,louder,front,none,none,weak,none,weak,none,none,none,none,none,none,none,none,none,none,none,none,none,"Actor 03 said “The box was thrown beside the parked truck.”, with *fast* **speech rate**, *higher* **pitch**, *louder* **loudness**, while **looking at the camera**, and *weak* **raised outer eyebrows** and *weak* **raised upper eyelids**."
S_03_06_07_2_1,03,surprise,7,2,1,The box was thrown beside the parked truck.,fast,higher,louder,up,none,strong,weak,moderate,moderate,none,weak,none,none,none,none,none,none,none,none,strong,strong,none,"Actor 03 said “The box was thrown beside the parked truck.”, with *fast* **speech rate**, *higher* **pitch**, *louder* **loudness**, **gaze** *averted* (upwards), and *strong* **raised inner eyebrows**, *weak* **raised outer eyebrows**, *moderate* **lowered brows**, *moderate* **raised upper eyelids**, *weak* **tightened eyelids**, *strong* **parted lips**, and *strong* **a dropped jaw**."
S_03_06_08_1_1,03,surprise,8,1,1,The hogs were fed chopped corn and garbage.,fast,higher,louder,front,none,none,weak,none,weak,none,none,none,none,none,none,none,none,none,none,none,none,none,"Actor 03 said “The hogs were fed chopped corn and garbage.”, with *fast* **speech rate**, *higher* **pitch**, *louder* **loudness**, while **looking at the camera**, and *weak* **raised outer eyebrows** and *weak* **raised upper eyelids**."
S_03_06_08_2_1,03,surprise,8,2,1,The hogs were fed chopped corn and garbage.,fast,higher,louder,up,none,strong,strong,moderate,strong,weak,moderate,none,none,none,none,none,none,none,none,strong,moderate,none,"Actor 03 said “The hogs were fed chopped corn and garbage.”, with *fast* **speech rate**, *higher* **pitch**, *louder* **loudness**, **gaze** *averted* (upwards), and *strong* **raised inner eyebrows**, *strong* **raised outer eyebrows**, *moderate* **lowered brows**, *strong* **raised upper eyelids**, *weak* **raised cheeks**, *moderate* **tightened eyelids**, *strong* **parted lips**, and *moderate* **a dropped jaw**."
S_03_06_09_1_1,03,surprise,9,1,1,Four hours of steady work faced us.,fast,higher,louder,front,none,weak,weak,none,weak,none,none,none,none,none,none,none,none,none,none,none,none,none,"Actor 03 said “Four hours of steady work faced us.”, with *fast* **speech rate**, *higher* **pitch**, *louder* **loudness**, while **looking at the camera**, and *weak* **raised inner eyebrows**, *weak* **raised outer eyebrows**, and *weak* **raised upper eyelids**."
S_03_06_09_2_1,03,surprise,9,2,1,Four hours of steady work faced us.,fast,higher,louder,up,none,strong,strong,moderate,strong,weak,moderate,none,none,none,none,none,none,none,none,strong,moderate,none,"Actor 03 said “Four hours of steady work faced us.”, with *fast* **speech rate**, *higher* **pitch**, *louder* **loudness**, **gaze** *averted* (upwards), and *strong* **raised inner eyebrows**, *strong* **raised outer eyebrows**, *moderate* **lowered brows**, *strong* **raised upper eyelids**, *weak* **raised cheeks**, *moderate* **tightened eyelids**, *strong* **parted lips**, and *moderate* **a dropped jaw**."
S_03_06_10_1_1,03,surprise,10,1,1,A large size in stockings is hard to sell.,normal,higher,normal,front,none,none,weak,none,none,none,none,none,none,none,none,none,none,none,none,none,none,none,"Actor 03 said “A large size in stockings is hard to sell.”, with *normal* **speech rate**, *higher* **pitch**, *normal* **loudness**, while **looking at the camera**, and *weak* **raised outer eyebrows**."
S_03_06_10_2_1,03,surprise,10,2,1,A large size in stockings is hard to sell.,fast,higher,louder,front,none,strong,strong,moderate,strong,weak,moderate,none,none,none,none,none,none,none,none,strong,strong,none,"Actor 03 said “A large size in stockings is hard to sell.”, with *fast* **speech rate**, *higher* **pitch**, *louder* **loudness**, while **looking at the camera**, and *strong* **raised inner eyebrows**, *strong* **raised outer eyebrows**, *moderate* **lowered brows**, *strong* **raised upper eyelids**, *weak* **raised cheeks**, *moderate* **tightened eyelids**, *strong* **parted lips**, and *strong* **a dropped jaw**."
S_03_07_01_1_1,03,confidence,1,1,1,The birch canoe slid on the smooth planks.,normal,normal,normal,front,none,none,none,none,none,none,none,none,none,none,none,none,none,none,none,none,none,none,"Actor 03 said “The birch canoe slid on the smooth planks.”, with *normal* **speech rate**, *normal* **pitch**, *normal* **loudness**, and while **looking at the camera**."
S_03_07_01_2_1,03,confidence,1,2,1,The birch canoe slid on the smooth planks.,normal,higher,louder,front,none,none,none,none,none,moderate,none,none,none,strong,none,none,none,none,none,none,none,none,"Actor 03 said “The birch canoe slid on the smooth planks.”, with *normal* **speech rate**, *higher* **pitch**, *louder* **loudness**, while **looking at the camera**, and *moderate* **raised cheeks** and *strong* **a smile**."
S_03_07_02_1_1,03,confidence,2,1,1,Glue the sheet to the dark blue background.,normal,normal,normal,front,none,none,none,none,none,none,none,none,none,none,none,none,none,none,none,none,none,none,"Actor 03 said “Glue the sheet to the dark blue background.”, with *normal* **speech rate**, *normal* **pitch**, *normal* **loudness**, and while **looking at the camera**."
S_03_07_02_2_1,03,confidence,2,2,1,Glue the sheet to the dark blue background.,normal,higher,louder,front,none,none,none,none,none,weak,none,none,none,weak,none,none,none,none,none,none,none,none,"Actor 03 said “Glue the sheet to the dark blue background.”, with *normal* **speech rate**, *higher* **pitch**, *louder* **loudness**, while **looking at the camera**, and *weak* **raised cheeks** and *weak* **a smile**."
S_03_07_03_1_1,03,confidence,3,1,1,It's easy to tell the depth of a well.,normal,normal,normal,front,none,none,none,none,none,none,none,none,none,none,none,none,none,none,none,none,none,none,"Actor 03 said “It's easy to tell the depth of a well.”, with *normal* **speech rate**, *normal* **pitch**, *normal* **loudness**, and while **looking at the camera**."
S_03_07_03_2_1,03,confidence,3,2,1,It's easy to tell the depth of a well.,normal,higher,louder,front,none,none,none,none,none,weak,none,none,none,weak,none,none,none,none,none,none,none,none,"Actor 03 said “It's easy to tell the depth of a well.”, with *normal* **speech rate**, *higher* **pitch**, *louder* **loudness**, while **looking at the camera**, and *weak* **raised cheeks** and *weak* **a smile**."
S_03_07_04_1_1,03,confidence,4,1,1,These days a chicken leg is a rare dish.,normal,normal,normal,front,none,none,none,none,none,none,none,none,none,none,none,none,none,none,none,none,none,none,"Actor 03 said “These days a chicken leg is a rare dish.”, with *normal* **speech rate**, *normal* **pitch**, *normal* **loudness**, and while **looking at the camera**."
S_03_07_04_2_1,03,confidence,4,2,1,These days a chicken leg is a rare dish.,normal,higher,louder,front,none,none,none,none,none,moderate,none,none,none,strong,none,none,none,none,none,none,none,none,"Actor 03 said “These days a chicken leg is a rare dish.”, with *normal* **speech rate**, *higher* **pitch**, *louder* **loudness**, while **looking at the camera**, and *moderate* **raised cheeks** and *strong* **a smile**."
S_03_07_05_1_1,03,confidence,5,1,1,Rice is often served in round bowls.,normal,normal,normal,front,none,none,none,none,none,none,none,none,none,none,none,none,none,none,none,none,none,none,"Actor 03 said “Rice is often served in round bowls.”, with *normal* **speech rate**, *normal* **pitch**, *normal* **loudness**, and while **looking at the camera**."
S_03_07_05_2_1,03,confidence,5,2,1,Rice is often served in round bowls.,normal,higher,louder,front,none,none,none,none,none,moderate,none,none,none,strong,none,none,none,none,none,none,none,none,"Actor 03 said “Rice is often served in round bowls.”, with *normal* **speech rate**, *higher* **pitch**, *louder* **loudness**, while **looking at the camera**, and *moderate* **raised cheeks** and *strong* **a smile**."
S_03_07_06_1_1,03,confidence,6,1,1,The juice of lemons makes fine punch.,normal,normal,normal,front,none,none,none,none,none,none,none,none,none,none,none,none,none,none,none,none,none,none,"Actor 03 said “The juice of lemons makes fine punch.”, with *normal* **speech rate**, *normal* **pitch**, *normal* **loudness**, and while **looking at the camera**."
S_03_07_06_2_1,03,confidence,6,2,1,The juice of lemons makes fine punch.,normal,higher,louder,front,none,none,none,none,none,moderate,none,none,none,strong,none,none,none,none,none,none,none,none,"Actor 03 said “The juice of lemons makes fine punch.”, with *normal* **speech rate**, *higher* **pitch**, *louder* **loudness**, while **looking at the camera**, and *moderate* **raised cheeks** and *strong* **a smile**."
S_03_07_07_1_1,03,confidence,7,1,1,The box was thrown beside the parked truck.,normal,normal,normal,front,none,none,none,none,none,none,none,none,none,none,none,none,none,none,none,none,none,none,"Actor 03 said “The box was thrown beside the parked truck.”, with *normal* **speech rate**, *normal* **pitch**, *normal* **loudness**, and while **looking at the camera**."
S_03_07_07_2_1,03,confidence,7,2,1,The box was thrown beside the parked truck.,normal,higher,louder,front,none,none,none,none,none,none,none,none,none,weak,none,none,none,none,none,none,none,none,"Actor 03 said “The box was thrown beside the parked truck.”, with *normal* **speech rate**, *higher* **pitch**, *louder* **loudness**, while **looking at the camera**, and *weak* **a smile**."
S_03_07_08_1_1,03,confidence,8,1,1,The hogs were fed chopped corn and garbage.,normal,normal,normal,front,none,none,none,none,none,none,none,none,none,none,none,none,none,none,none,none,none,none,"Actor 03 said “The hogs were fed chopped corn and garbage.”, with *normal* **speech rate**, *normal* **pitch**, *normal* **loudness**, and while **looking at the camera**."
S_03_07_08_2_1,03,confidence,8,2,1,The hogs were fed chopped corn and garbage.,normal,higher,louder,front,none,none,none,none,none,weak,none,none,none,weak,none,none,none,none,none,none,none,none,"Actor 03 said “The hogs were fed chopped corn and garbage.”, with *normal* **speech rate**, *higher* **pitch**, *louder* **loudness**, while **looking at the camera**, and *weak* **raised cheeks** and *weak* **a smile**."
S_03_07_09_1_1,03,confidence,9,1,1,Four hours of steady work faced us.,normal,normal,normal,front,none,none,none,none,none,none,none,none,none,none,none,none,none,none,none,none,none,none,"Actor 03 said “Four hours of steady work faced us.”, with *normal* **speech rate**, *normal* **pitch**, *normal* **loudness**, and while **looking at the camera**."
S_03_07_09_2_1,03,confidence,9,2,1,Four hours of steady work faced us.,normal,higher,louder,front,none,none,none,none,none,weak,none,none,none,weak,none,none,none,none,none,none,none,none,"Actor 03 said “Four hours of steady work faced us.”, with *normal* **speech rate**, *higher* **pitch**, *louder* **loudness**, while **looking at the camera**, and *weak* **raised cheeks** and *weak* **a smile**."
S_03_07_10_1_1,03,confidence,10,1,1,A large size in stockings is hard to sell.,normal,normal,normal,front,none,none,none,none,none,none,none,none,none,none,none,none,none,none,none,none,none,none,"Actor 03 said “A large size in stockings is hard to sell.”, with *normal* **speech rate**, *normal* **pitch**, *normal* **loudness**, and while **looking at the camera**."
S_03_07_10_2_1,03,confidence,10,2,1,A large size in stockings is hard to sell.,normal,higher,louder,front,none,none,none,none,none,none,none,none,none,moderate,none,none,none,none,none,none,none,none,"Actor 03 said “A large size in stockings is hard to sell.”, with *normal* **speech rate**, *higher* **pitch**, *louder* **loudness**, while **looking at the camera**, and *moderate* **a smile**."
S_03_08_01_1_1,03,confusion,1,1,1,The birch canoe slid on the smooth planks.,slow,normal,quieter,front,none,weak,none,weak,none,none,none,none,none,none,none,none,none,none,none,none,none,none,"Actor 03 said “The birch canoe slid on the smooth planks.”, with *slow* **speech rate**, *normal* **pitch**, *quieter* **loudness**, while **looking at the camera**, and *weak* **raised inner eyebrows** and *weak* **lowered brows**."
S_03_08_01_2_1,03,confusion,1,2,1,The birch canoe slid on the smooth planks.,slow,lower,normal,left,tilting,moderate,none,strong,none,none,none,none,none,none,none,none,none,none,none,moderate,moderate,none,"Actor 03 said “The birch canoe slid on the smooth planks.”, with *slow* **speech rate**, *lower* **pitch**, *normal* **loudness**, **gaze** *averted* (to their left), while *tilting* their **head**, and *moderate* **raised inner eyebrows**, *strong* **lowered brows**, *moderate* **parted lips**, and *moderate* **a dropped jaw**."
S_03_08_02_1_1,03,confusion,2,1,1,Glue the sheet to the dark blue background.,slow,normal,quieter,front,none,weak,none,weak,none,none,none,none,none,none,none,none,none,none,none,none,none,none,"Actor 03 said “Glue the sheet to the dark blue background.”, with *slow* **speech rate**, *normal* **pitch**, *quieter* **loudness**, while **looking at the camera**, and *weak* **raised inner eyebrows** and *weak* **lowered brows**."
S_03_08_02_2_1,03,confusion,2,2,1,Glue the sheet to the dark blue background.,slow,higher,normal,left,tilting,moderate,none,strong,weak,none,none,none,none,none,none,none,none,none,none,moderate,moderate,none,"Actor 03 said “Glue the sheet to the dark blue background.”, with *slow* **speech rate**, *higher* **pitch**, *normal* **loudness**, **gaze** *averted* (to their left), while *tilting* their **head**, and *moderate* **raised inner eyebrows**, *strong* **lowered brows**, *weak* **raised upper eyelids**, *moderate* **parted lips**, and *moderate* **a dropped jaw**."
S_03_08_03_1_1,03,confusion,3,1,1,It's easy to tell the depth of a well.,slow,normal,quieter,front,none,weak,none,weak,none,none,none,none,none,none,none,none,none,none,none,none,none,none,"Actor 03 said “It's easy to tell the depth of a well.”, with *slow* **speech rate**, *normal* **pitch**, *quieter* **loudness**, while **looking at the camera**, and *weak* **raised inner eyebrows** and *weak* **lowered brows**."
S_03_08_03_2_1,03,confusion,3,2,1,It's easy to tell the depth of a well.,slow,higher,normal,up,tilting,strong,weak,strong,moderate,none,none,none,none,none,none,none,none,none,none,none,none,none,"Actor 03 said “It's easy to tell the depth of a well.”, with *slow* **speech rate**, *higher* **pitch**, *normal* **loudness**, **gaze** *averted* (upwards), while *tilting* their **head**, and *strong* **raised inner eyebrows**, *weak* **raised outer eyebrows**, *strong* **lowered brows**, and *moderate* **raised upper eyelids**."
S_03_08_04_1_1,03,confusion,4,1,1,These days a chicken leg is a rare dish.,slow,normal,quieter,front,none,weak,none,weak,none,none,none,none,none,none,none,none,none,none,none,none,none,none,"Actor 03 said “These days a chicken leg is a rare dish.”, with *slow* **speech rate**, *normal* **pitch**, *quieter* **loudness**, while **looking at the camera**, and *weak* **raised inner eyebrows** and *weak* **lowered brows**."
S_03_08_04_2_1,03,confusion,4,2,1,These days a chicken leg is a rare dish.,slow,higher,normal,up,tilting,strong,weak,strong,moderate,none,none,none,none,none,none,none,none,none,none,none,none,none,"Actor 03 said “These days a chicken leg is a rare dish.”, with *slow* **speech rate**, *higher* **pitch**, *normal* **loudness**, **gaze** *averted* (upwards), while *tilting* their **head**, and *strong* **raised inner eyebrows**, *weak* **raised outer eyebrows**, *strong* **lowered brows**, and *moderate* **raised upper eyelids**."
S_03_08_05_1_1,03,confusion,5,1,1,Rice is often served in round bowls.,slow,normal,quieter,front,none,weak,none,weak,none,none,none,none,none,none,none,none,none,none,none,none,none,none,"Actor 03 said “Rice is often served in round bowls.”, with *slow* **speech rate**, *normal* **pitch**, *quieter* **loudness**, while **looking at the camera**, and *weak* **raised inner eyebrows** and *weak* **lowered brows**."
S_03_08_05_2_1,03,confusion,5,2,1,Rice is often served in round bowls.,slow,higher,quieter,front,tilting,moderate,none,strong,weak,weak,none,none,none,none,none,none,none,none,none,moderate,moderate,none,"Actor 03 said “Rice is often served in round bowls.”, with *slow* **speech rate**, *higher* **pitch**, *quieter* **loudness**, while **looking at the camera**, while *tilting* their **head**, and *moderate* **raised inner eyebrows**, *strong* **lowered brows**, *weak* **raised upper eyelids**, *weak* **raised cheeks**, *moderate* **parted lips**, and *moderate* **a dropped jaw**."
S_03_08_06_1_1,03,confusion,6,1,1,The juice of lemons makes fine punch.,slow,normal,quieter,front,none,weak,none,weak,none,none,none,none,none,none,none,none,none,none,none,none,none,none,"Actor 03 said “The juice of lemons makes fine punch.”, with *slow* **speech rate**, *normal* **pitch**, *quieter* **loudness**, while **looking at the camera**, and *weak* **raised inner eyebrows** and *weak* **lowered brows**."
S_03_08_06_2_1,03,confusion,6,2,1,The juice of lemons makes fine punch.,slow,higher,quieter,front,none,strong,weak,strong,moderate,none,none,none,none,none,none,none,none,none,none,none,none,none,"Actor 03 said “The juice of lemons makes fine punch.”, with *slow* **speech rate**, *higher* **pitch**, *quieter* **loudness**, while **looking at the camera**, and *strong* **raised inner eyebrows**, *weak* **raised outer eyebrows**, *strong* **lowered brows**, and *moderate* **raised upper eyelids**."
S_03_08_07_1_1,03,confusion,7,1,1,The box was thrown beside the parked truck.,slow,normal,quieter,front,none,weak,none,weak,none,none,none,none,none,none,none,none,none,none,none,none,none,none,"Actor 03 said “The box was thrown beside the parked truck.”, with *slow* **speech rate**, *normal* **pitch**, *quieter* **loudness**, while **looking at the camera**, and *weak* **raised inner eyebrows** and *weak* **lowered brows**."
S_03_08_07_2_1,03,confusion,7,2,1,The box was thrown beside the parked truck.,slow,higher,quieter,front,tilting,moderate,none,strong,weak,none,none,none,none,none,none,none,none,none,none,moderate,moderate,none,"Actor 03 said “The box was thrown beside the parked truck.”, with *slow* **speech rate**, *higher* **pitch**, *quieter* **loudness**, while **looking at the camera**, while *tilting* their **head**, and *moderate* **raised inner eyebrows**, *strong* **lowered brows**, *weak* **raised upper eyelids**, *moderate* **parted lips**, and *moderate* **a dropped jaw**."
S_03_08_08_1_1,03,confusion,8,1,1,The hogs were fed chopped corn and garbage.,slow,normal,quieter,front,none,weak,none,weak,none,none,none,none,none,none,none,none,none,none,none,weak,none,weak,"Actor 03 said “The hogs were fed chopped corn and garbage.”, with *slow* **speech rate**, *normal* **pitch**, *quieter* **loudness**, while **looking at the camera**, and *weak* **raised inner eyebrows**, *weak* **lowered brows**, *weak* **parted lips**, and *weak* **blinking**."
S_03_08_08_2_1,03,confusion,8,2,1,The hogs were fed chopped corn and garbage.,slow,lower,normal,up,tilting,strong,weak,strong,moderate,none,none,none,none,none,none,none,none,none,none,moderate,moderate,none,"Actor 03 said “The hogs were fed chopped corn and garbage.”, with *slow* **speech rate**, *lower* **pitch**, *normal* **loudness**, **gaze** *averted* (upwards), while *tilting* their **head**, and *strong* **raised inner eyebrows**, *weak* **raised outer eyebrows**, *strong* **lowered brows**, *moderate* **raised upper eyelids**, *moderate* **parted lips**, and *moderate* **a dropped jaw**."
S_03_08_09_1_1,03,confusion,9,1,1,Four hours of steady work faced us.,slow,normal,quieter,front,none,weak,none,weak,none,none,none,none,none,none,none,none,none,none,none,none,none,none,"Actor 03 said “Four hours of steady work faced us.”, with *slow* **speech rate**, *normal* **pitch**, *quieter* **loudness**, while **looking at the camera**, and *weak* **raised inner eyebrows** and *weak* **lowered brows**."
S_03_08_09_2_1,03,confusion,9,2,1,Four hours of steady work faced us.,slow,higher,normal,left,tilting,moderate,none,strong,weak,weak,none,none,none,none,none,none,none,none,none,moderate,moderate,none,"Actor 03 said “Four hours of steady work faced us.”, with *slow* **speech rate**, *higher* **pitch**, *normal* **loudness**, **gaze** *averted* (to their left), while *tilting* their **head**, and *moderate* **raised inner eyebrows**, *strong* **lowered brows**, *weak* **raised upper eyelids**, *weak* **raised cheeks**, *moderate* **parted lips**, and *moderate* **a dropped jaw**."
S_03_08_10_1_1,03,confusion,10,1,1,A large size in stockings is hard to sell.,slow,normal,quieter,front,none,weak,none,none,none,none,none,none,none,none,none,none,none,none,none,none,none,none,"Actor 03 said “A large size in stockings is hard to sell.”, with *slow* **speech rate**, *normal* **pitch**, *quieter* **loudness**, while **looking at the camera**, and *weak* **raised inner eyebrows**."
S_03_08_10_2_1,03,confusion,10,2,1,A large size in stockings is hard to sell.,slow,higher,normal,left,tilting,moderate,none,strong,weak,weak,none,none,none,none,none,none,none,none,none,moderate,moderate,none,"Actor 03 said “A large size in stockings is hard to sell.”, with *slow* **speech rate**, *higher* **pitch**, *normal* **loudness**, **gaze** *averted* (to their left), while *tilting* their **head**, and *moderate* **raised inner eyebrows**, *strong* **lowered brows**, *weak* **raised upper eyelids**, *weak* **raised cheeks**, *moderate* **parted lips**, and *moderate* **a dropped jaw**."
S_03_09_01_1_1,03,contempt,1,1,1,The birch canoe slid on the smooth planks.,slow,lower,normal,front,none,none,none,moderate,none,none,none,none,none,none,none,none,none,none,none,none,none,none,"Actor 03 said “The birch canoe slid on the smooth planks.”, with *slow* **speech rate**, *lower* **pitch**, *normal* **loudness**, while **looking at the camera**, and *moderate* **lowered brows**."
S_03_09_01_2_1,03,contempt,1,2,1,The birch canoe slid on the smooth planks.,slow,lower,quieter,front,shaking,none,none,strong,none,none,none,none,none,none,none,none,none,none,none,none,none,weak,"Actor 03 said “The birch canoe slid on the smooth planks.”, with *slow* **speech rate**, *lower* **pitch**, *quieter* **loudness**, while **looking at the camera**, while *shaking* their **head**, and *strong* **lowered brows** and *weak* **blinking**."
S_03_09_02_1_1,03,contempt,2,1,1,Glue the sheet to the dark blue background.,slow,lower,normal,right,none,none,none,weak,none,none,none,none,none,none,none,none,none,none,none,none,none,none,"Actor 03 said “Glue the sheet to the dark blue background.”, with *slow* **speech rate**, *lower* **pitch**, *normal* **loudness**, **gaze** *averted* (to their right), and *weak* **lowered brows**."
S_03_09_02_2_1,03,contempt,2,2,1,Glue the sheet to the dark blue background.,slow,lower,louder,front,shaking,none,none,strong,none,none,none,none,none,none,none,none,none,none,none,none,none,none,"Actor 03 said “Glue the sheet to the dark blue background.”, with *slow* **speech rate**, *lower* **pitch**, *louder* **loudness**, while **looking at the camera**, while *shaking* their **head**, and *strong* **lowered brows**."
S_03_09_03_1_1,03,contempt,3,1,1,It's easy to tell the depth of a well.,normal,normal,normal,front,none,none,none,weak,none,none,none,none,none,none,none,none,none,none,none,none,none,none,"Actor 03 said “It's easy to tell the depth of a well.”, with *normal* **speech rate**, *normal* **pitch**, *normal* **loudness**, while **looking at the camera**, and *weak* **lowered brows**."
S_03_09_03_2_1,03,contempt,3,2,1,It's easy to tell the depth of a well.,slow,lower,quieter,front,shaking,none,none,strong,none,none,none,none,none,none,none,none,none,none,none,none,none,none,"Actor 03 said “It's easy to tell the depth of a well.”, with *slow* **speech rate**, *lower* **pitch**, *quieter* **loudness**, while **looking at the camera**, while *shaking* their **head**, and *strong* **lowered brows**."
S_03_09_04_1_1,03,contempt,4,1,1,These days a chicken leg is a rare dish.,normal,normal,normal,front,none,none,none,weak,none,none,none,none,none,none,none,none,none,none,none,none,none,none,"Actor 03 said “These days a chicken leg is a rare dish.”, with *normal* **speech rate**, *normal* **pitch**, *normal* **loudness**, while **looking at the camera**, and *weak* **lowered brows**."
S_03_09_04_2_1,03,contempt,4,2,1,These days a chicken leg is a rare dish.,slow,lower,quieter,front,shaking,none,none,strong,none,none,none,none,none,none,none,none,none,none,none,none,none,none,"Actor 03 said “These days a chicken leg is a rare dish.”, with *slow* **speech rate**, *lower* **pitch**, *quieter* **loudness**, while **looking at the camera**, while *shaking* their **head**, and *strong* **lowered brows**."
S_03_09_05_1_1,03,contempt,5,1,1,Rice is often served in round bowls.,normal,normal,quieter,front,none,weak,none,moderate,none,none,none,none,none,none,none,none,none,none,none,none,none,none,"Actor 03 said “Rice is often served in round bowls.”, with *normal* **speech rate**, *normal* **pitch**, *quieter* **loudness**, while **looking at the camera**, and *weak* **raised inner eyebrows** and *moderate* **lowered brows**."
S_03_09_05_2_1,03,contempt,5,2,1,Rice is often served in round bowls.,slow,lower,normal,down,shaking,none,none,strong,none,none,none,none,none,none,none,none,none,none,none,none,none,none,"Actor 03 said “Rice is often served in round bowls.”, with *slow* **speech rate**, *lower* **pitch**, *normal* **loudness**, **gaze** *averted* (downwards), while *shaking* their **head**, and *strong* **lowered brows**."
S_03_09_06_1_1,03,contempt,6,1,1,The juice of lemons makes fine punch.,normal,normal,quieter,front,none,none,none,weak,none,none,none,none,none,none,none,none,none,none,none,none,none,none,"Actor 03 said “The juice of lemons makes fine punch.”, with *normal* **speech rate**, *normal* **pitch**, *quieter* **loudness**, while **looking at the camera**, and *weak* **lowered brows**."
S_03_09_06_2_1,03,contempt,6,2,1,The juice of lemons makes fine punch.,slow,lower,louder,front,shaking,none,none,strong,none,none,none,none,none,none,none,none,none,none,none,none,none,none,"Actor 03 said “The juice of lemons makes fine punch.”, with *slow* **speech rate**, *lower* **pitch**, *louder* **loudness**, while **looking at the camera**, while *shaking* their **head**, and *strong* **lowered brows**."
S_03_09_07_1_1,03,contempt,7,1,1,The box was thrown beside the parked truck.,normal,normal,normal,front,none,none,none,weak,none,none,none,none,none,none,none,none,none,none,none,none,none,none,"Actor 03 said “The box was thrown beside the parked truck.”, with *normal* **speech rate**, *normal* **pitch**, *normal* **loudness**, while **looking at the camera**, and *weak* **lowered brows**."
S_03_09_07_2_1,03,contempt,7,2,1,The box was thrown beside the parked truck.,slow,lower,louder,front,shaking,none,none,strong,none,none,none,none,none,none,none,none,none,none,none,none,none,none,"Actor 03 said “The box was thrown beside the parked truck.”, with *slow* **speech rate**, *lower* **pitch**, *louder* **loudness**, while **looking at the camera**, while *shaking* their **head**, and *strong* **lowered brows**."
S_03_09_08_1_1,03,contempt,8,1,1,The hogs were fed chopped corn and garbage.,normal,normal,quieter,front,none,weak,none,weak,none,none,none,none,none,none,none,none,none,none,none,none,none,none,"Actor 03 said “The hogs were fed chopped corn and garbage.”, with *normal* **speech rate**, *normal* **pitch**, *quieter* **loudness**, while **looking at the camera**, and *weak* **raised inner eyebrows** and *weak* **lowered brows**."
S_03_09_08_2_1,03,contempt,8,2,1,The hogs were fed chopped corn and garbage.,slow,lower,quieter,front,shaking,none,none,strong,none,none,none,none,none,none,none,none,none,none,none,none,none,none,"Actor 03 said “The hogs were fed chopped corn and garbage.”, with *slow* **speech rate**, *lower* **pitch**, *quieter* **loudness**, while **looking at the camera**, while *shaking* their **head**, and *strong* **lowered brows**."
S_03_09_09_1_1,03,contempt,9,1,1,Four hours of steady work faced us.,slow,lower,normal,front,none,weak,none,moderate,none,none,none,none,none,none,none,none,none,none,none,none,none,none,"Actor 03 said “Four hours of steady work faced us.”, with *slow* **speech rate**, *lower* **pitch**, *normal* **loudness**, while **looking at the camera**, and *weak* **raised inner eyebrows** and *moderate* **lowered brows**."
S_03_09_09_2_1,03,contempt,9,2,1,Four hours of steady work faced us.,slow,lower,louder,front,shaking,none,none,strong,weak,none,none,none,none,none,none,none,none,none,none,none,none,none,"Actor 03 said “Four hours of steady work faced us.”, with *slow* **speech rate**, *lower* **pitch**, *louder* **loudness**, while **looking at the camera**, while *shaking* their **head**, and *strong* **lowered brows** and *weak* **raised upper eyelids**."
S_03_09_10_1_1,03,contempt,10,1,1,A large size in stockings is hard to sell.,slow,lower,normal,left,none,weak,none,moderate,none,none,none,none,none,none,none,none,none,none,none,none,none,none,"Actor 03 said “A large size in stockings is hard to sell.”, with *slow* **speech rate**, *lower* **pitch**, *normal* **loudness**, **gaze** *averted* (to their left), and *weak* **raised inner eyebrows** and *moderate* **lowered brows**."
S_03_09_10_2_1,03,contempt,10,2,1,A large size in stockings is hard to sell.,slow,lower,louder,front,shaking,none,none,strong,none,none,none,none,none,none,none,none,none,none,none,none,none,none,"Actor 03 said “A large size in stockings is hard to sell.”, with *slow* **speech rate**, *lower* **pitch**, *louder* **loudness**, while **looking at the camera**, while *shaking* their **head**, and *strong* **lowered brows**."
S_03_10_01_1_1,03,empathy,1,1,1,The birch canoe slid on the smooth planks.,normal,normal,normal,front,none,weak,none,none,none,none,none,none,none,none,none,none,none,none,none,none,none,none,"Actor 03 said “The birch canoe slid on the smooth planks.”, with *normal* **speech rate**, *normal* **pitch**, *normal* **loudness**, while **looking at the camera**, and *weak* **raised inner eyebrows**."
S_03_10_02_1_1,03,empathy,2,1,1,Glue the sheet to the dark blue background.,normal,normal,normal,front,none,weak,none,none,none,none,none,none,none,none,none,none,none,none,none,none,none,none,"Actor 03 said “Glue the sheet to the dark blue background.”, with *normal* **speech rate**, *normal* **pitch**, *normal* **loudness**, while **looking at the camera**, and *weak* **raised inner eyebrows**."
S_03_10_02_2_1,03,empathy,2,2,1,Glue the sheet to the dark blue background.,slow,lower,normal,down,none,moderate,none,weak,none,weak,none,none,none,weak,none,none,none,none,none,none,none,none,"Actor 03 said “Glue the sheet to the dark blue background.”, with *slow* **speech rate**, *lower* **pitch**, *normal* **loudness**, **gaze** *averted* (downwards), and *moderate* **raised inner eyebrows**, *weak* **lowered brows**, *weak* **raised cheeks**, and *weak* **a smile**."
S_03_10_03_1_1,03,empathy,3,1,1,It's easy to tell the depth of a well.,normal,normal,normal,front,none,none,none,none,none,none,none,none,none,weak,none,none,none,none,none,none,none,none,"Actor 03 said “It's easy to tell the depth of a well.”, with *normal* **speech rate**, *normal* **pitch**, *normal* **loudness**, while **looking at the camera**, and *weak* **a smile**."
S_03_10_03_2_1,03,empathy,3,2,1,It's easy to tell the depth of a well.,slow,lower,normal,down,none,moderate,none,weak,none,weak,none,none,none,none,none,none,none,none,none,moderate,moderate,none,"Actor 03 said “It's easy to tell the depth of a well.”, with *slow* **speech rate**, *lower* **pitch**, *normal* **loudness**, **gaze** *averted* (downwards), and *moderate* **raised inner eyebrows**, *weak* **lowered brows**, *weak* **raised cheeks**, *moderate* **parted lips**, and *moderate* **a dropped jaw**."
S_03_10_04_1_1,03,empathy,4,1,1,These days a chicken leg is a rare dish.,normal,normal,normal,front,none,weak,none,none,none,none,none,none,none,none,none,none,none,none,none,none,none,none,"Actor 03 said “These days a chicken leg is a rare dish.”, with *normal* **speech rate**, *normal* **pitch**, *normal* **loudness**, while **looking at the camera**, and *weak* **raised inner eyebrows**."
S_03_10_04_2_1,03,empathy,4,2,1,These days a chicken leg is a rare dish.,slow,lower,quieter,front,none,moderate,none,moderate,none,none,none,none,none,none,none,none,none,none,none,none,none,weak,"Actor 03 said “These days a chicken leg is a rare dish.”, with *slow* **speech rate**, *lower* **pitch**, *quieter* **loudness**, while **looking at the camera**, and *moderate* **raised inner eyebrows**, *moderate* **lowered brows**, and *weak* **blinking**."
S_03_10_05_1_1,03,empathy,5,1,1,Rice is often served in round bowls.,normal,normal,normal,front,none,none,none,none,none,none,none,none,none,none,none,weak,none,none,none,none,none,none,"Actor 03 said “Rice is often served in round bowls.”, with *normal* **speech rate**, *normal* **pitch**, *normal* **loudness**, while **looking at the camera**, and *weak* **downturned mouth corners**."
S_03_10_05_2_1,03,empathy,5,2,1,Rice is often served in round bowls.,slow,lower,normal,down,none,moderate,none,weak,none,weak,none,none,none,none,none,none,none,none,none,none,none,none,"Actor 03 said “Rice is often served in round bowls.”, with *slow* **speech rate**, *lower* **pitch**, *normal* **loudness**, **gaze** *averted* (downwards), and *moderate* **raised inner eyebrows**, *weak* **lowered brows**, and *weak* **raised cheeks**."
S_03_10_06_1_1,03,empathy,6,1,1,The juice of lemons makes fine punch.,normal,normal,normal,front,none,none,none,none,none,none,none,none,none,none,none,weak,none,none,none,none,none,none,"Actor 03 said “The juice of lemons makes fine punch.”, with *normal* **speech rate**, *normal* **pitch**, *normal* **loudness**, while **looking at the camera**, and *weak* **downturned mouth corners**."
S_03_10_06_2_1,03,empathy,6,2,1,The juice of lemons makes fine punch.,slow,lower,quieter,front,none,moderate,none,none,none,none,none,none,none,none,none,none,none,none,none,none,none,none,"Actor 03 said “The juice of lemons makes fine punch.”, with *slow* **speech rate**, *lower* **pitch**, *quieter* **loudness**, while **looking at the camera**, and *moderate* **raised inner eyebrows**."
S_03_10_07_1_1,03,empathy,7,1,1,The box was thrown beside the parked truck.,normal,normal,normal,front,none,none,none,none,none,none,none,none,none,none,none,weak,none,none,none,none,none,none,"Actor 03 said “The box was thrown beside the parked truck.”, with *normal* **speech rate**, *normal* **pitch**, *normal* **loudness**, while **looking at the camera**, and *weak* **downturned mouth corners**."
S_03_10_07_2_1,03,empathy,7,2,1,The box was thrown beside the parked truck.,normal,lower,normal,front,none,moderate,none,weak,none,weak,none,none,none,none,none,none,none,none,none,none,none,none,"Actor 03 said “The box was thrown beside the parked truck.”, with *normal* **speech rate**, *lower* **pitch**, *normal* **loudness**, while **looking at the camera**, and *moderate* **raised inner eyebrows**, *weak* **lowered brows**, and *weak* **raised cheeks**."
S_03_10_08_1_1,03,empathy,8,1,1,The hogs were fed chopped corn and garbage.,normal,normal,normal,front,none,weak,none,none,none,none,none,none,none,none,none,none,none,none,none,none,none,none,"Actor 03 said “The hogs were fed chopped corn and garbage.”, with *normal* **speech rate**, *normal* **pitch**, *normal* **loudness**, while **looking at the camera**, and *weak* **raised inner eyebrows**."
S_03_10_08_2_1,03,empathy,8,2,1,The hogs were fed chopped corn and garbage.,slow,lower,quieter,front,none,moderate,none,none,none,none,none,none,none,none,none,none,none,none,none,none,none,none,"Actor 03 said “The hogs were fed chopped corn and garbage.”, with *slow* **speech rate**, *lower* **pitch**, *quieter* **loudness**, while **looking at the camera**, and *moderate* **raised inner eyebrows**."
S_03_10_09_1_1,03,empathy,9,1,1,Four hours of steady work faced us.,normal,normal,normal,front,none,weak,none,weak,none,none,none,none,none,none,none,none,none,none,none,none,none,none,"Actor 03 said “Four hours of steady work faced us.”, with *normal* **speech rate**, *normal* **pitch**, *normal* **loudness**, while **looking at the camera**, and *weak* **raised inner eyebrows** and *weak* **lowered brows**."
S_03_10_09_2_1,03,empathy,9,2,1,Four hours of steady work faced us.,slow,lower,quieter,front,none,moderate,none,none,none,weak,none,none,none,none,none,none,none,none,none,none,none,none,"Actor 03 said “Four hours of steady work faced us.”, with *slow* **speech rate**, *lower* **pitch**, *quieter* **loudness**, while **looking at the camera**, and *moderate* **raised inner eyebrows** and *weak* **raised cheeks**."
S_03_10_10_1_1,03,empathy,10,1,1,A large size in stockings is hard to sell.,normal,normal,quieter,front,none,none,none,none,none,none,none,none,none,none,none,weak,none,none,none,none,none,none,"Actor 03 said “A large size in stockings is hard to sell.”, with *normal* **speech rate**, *normal* **pitch**, *quieter* **loudness**, while **looking at the camera**, and *weak* **downturned mouth corners**."
S_03_10_10_2_1,03,empathy,10,2,1,A large size in stockings is hard to sell.,slow,lower,normal,down,none,moderate,none,weak,none,weak,none,none,none,none,none,none,none,none,none,none,none,none,"Actor 03 said “A large size in stockings is hard to sell.”, with *slow* **speech rate**, *lower* **pitch**, *normal* **loudness**, **gaze** *averted* (downwards), and *moderate* **raised inner eyebrows**, *weak* **lowered brows**, and *weak* **raised cheeks**."
S_04_00_01_0_1,04,neutral,1,0,1,The birch canoe slid on the smooth planks.,normal,normal,normal,front,none,none,none,none,none,none,none,none,none,none,none,none,none,none,none,none,none,none,"Actor 04 said “The birch canoe slid on the smooth planks.”, with *normal* **speech rate**, *normal* **pitch**, *normal* **loudness**, and while **looking at the camera**."
S_04_00_02_0_1,04,neutral,2,0,1,Glue the sheet to the dark blue background.,normal,normal,normal,front,none,none,none,none,none,none,none,none,none,none,none,none,none,none,none,none,none,none,"Actor 04 said “Glue the sheet to the dark blue background.”, with *normal* **speech rate**, *normal* **pitch**, *normal* **loudness**, and while **looking at the camera**."
S_04_00_03_0_1,04,neutral,3,0,1,It's easy to tell the depth of a well.,normal,normal,normal,front,none,none,none,none,none,none,none,none,none,none,none,none,none,none,none,none,none,none,"Actor 04 said “It's easy to tell the depth of a well.”, with *normal* **speech rate**, *normal* **pitch**, *normal* **loudness**, and while **looking at the camera**."
S_04_00_04_0_1,04,neutral,4,0,1,These days a chicken leg is a rare dish.,normal,normal,normal,front,none,none,none,none,none,none,none,none,none,none,none,none,none,none,none,none,none,none,"Actor 04 said “These days a chicken leg is a rare dish.”, with *normal* **speech rate**, *normal* **pitch**, *normal* **loudness**, and while **looking at the camera**."
S_04_00_05_0_1,04,neutral,5,0,1,Rice is often served in round bowls.,normal,normal,normal,front,none,none,none,none,none,none,none,none,none,none,none,none,none,none,none,none,none,none,"Actor 04 said “Rice is often served in round bowls.”, with *normal* **speech rate**, *normal* **pitch**, *normal* **loudness**, and while **looking at the camera**."
S_04_00_06_0_1,04,neutral,6,0,1,The juice of lemons makes fine punch.,normal,normal,normal,front,none,none,none,none,none,none,none,none,none,none,none,none,none,none,none,none,none,none,"Actor 04 said “The juice of lemons makes fine punch.”, with *normal* **speech rate**, *normal* **pitch**, *normal* **loudness**, and while **looking at the camera**."
S_04_00_07_0_1,04,neutral,7,0,1,The box was thrown beside the parked truck.,normal,normal,normal,front,none,none,none,none,none,none,none,none,none,none,none,none,none,none,none,none,none,none,"Actor 04 said “The box was thrown beside the parked truck.”, with *normal* **speech rate**, *normal* **pitch**, *normal* **loudness**, and while **looking at the camera**."
S_04_00_08_0_1,04,neutral,8,0,1,The hogs were fed chopped corn and garbage.,normal,normal,normal,front,none,none,none,none,none,none,none,none,none,none,none,none,none,none,none,none,none,none,"Actor 04 said “The hogs were fed chopped corn and garbage.”, with *normal* **speech rate**, *normal* **pitch**, *normal* **loudness**, and while **looking at the camera**."
S_04_00_09_0_1,04,neutral,9,0,1,Four hours of steady work faced us.,normal,normal,normal,front,none,none,none,none,none,none,none,none,none,none,none,none,none,none,none,none,none,none,"Actor 04 said “Four hours of steady work faced us.”, with *normal* **speech rate**, *normal* **pitch**, *normal* **loudness**, and while **looking at the camera**."
S_04_00_10_0_1,04,neutral,10,0,1,A large size in stockings is hard to sell.,normal,normal,normal,front,none,none,none,none,none,none,none,none,none,none,none,none,none,none,none,none,none,none,"Actor 04 said “A large size in stockings is hard to sell.”, with *normal* **speech rate**, *normal* **pitch**, *normal* **loudness**, and while **looking at the camera**."
S_04_01_01_1_1,04,fear,1,1,1,The birch canoe slid on the smooth planks.,slow,lower,quieter,front,none,weak,none,weak,weak,none,none,none,none,none,none,none,none,none,none,none,none,none,"Actor 04 said “The birch canoe slid on the smooth planks.”, with *slow* **speech rate**, *lower* **pitch**, *quieter* **loudness**, while **looking at the camera**, and *weak* **raised inner eyebrows**, *weak* **lowered brows**, and *weak* **raised upper eyelids**."
S_04_01_01_2_1,04,fear,1,2,1,The birch canoe slid on the smooth planks.,fast,higher,louder,left,none,weak,none,strong,moderate,moderate,strong,weak,none,none,none,moderate,none,none,none,strong,moderate,none,"Actor 04 said “The birch canoe slid on the smooth planks.”, with *fast* **speech rate**, *higher* **pitch**, *louder* **loudness**, **gaze** *averted* (to their left), and *weak* **raised inner eyebrows**, *strong* **lowered brows**, *moderate* **raised upper eyelids**, *moderate* **raised cheeks**, *strong* **tightened eyelids**, *weak* **wrinkled nose**, *moderate* **downturned mouth corners**, *strong* **parted lips**, and *moderate* **a dropped jaw**."
S_04_01_02_1_1,04,fear,2,1,1,Glue the sheet to the dark blue background.,slow,lower,quieter,front,none,moderate,none,weak,moderate,weak,none,none,none,none,none,none,none,none,none,weak,none,weak,"Actor 04 said “Glue the sheet to the dark blue background.”, with *slow* **speech rate**, *lower* **pitch**, *quieter* **loudness**, while **looking at the camera**, and *moderate* **raised inner eyebrows**, *weak* **lowered brows**, *moderate* **raised upper eyelids**, *weak* **raised cheeks**, *weak* **parted lips**, and *weak* **blinking**."
S_04_01_02_2_1,04,fear,2,2,1,Glue the sheet to the dark blue background.,slow,higher,louder,left,none,weak,moderate,strong,moderate,none,strong,none,none,none,none,none,none,none,weak,moderate,strong,none,"Actor 04 said “Glue the sheet to the dark blue background.”, with *slow* **speech rate**, *higher* **pitch**, *louder* **loudness**, **gaze** *averted* (to their left), and *weak* **raised inner eyebrows**, *moderate* **raised outer eyebrows**, *strong* **lowered brows**, *moderate* **raised upper eyelids**, *strong* **tightened eyelids**, *weak* **tightened lips**, *moderate* **parted lips**, and *strong* **a dropped jaw**."
S_04_01_03_1_1,04,fear,3,1,1,It's easy to tell the depth of a well.,slow,lower,quieter,front,none,moderate,none,weak,none,none,none,none,none,none,none,none,none,none,none,none,none,none,"Actor 04 said “It's easy to tell the depth of a well.”, with *slow* **speech rate**, *lower* **pitch**, *quieter* **loudness**, while **looking at the camera**, and *moderate* **raised inner eyebrows** and *weak* **lowered brows**."
S_04_01_03_2_1,04,fear,3,2,1,It's easy to tell the depth of a well.,slow,higher,louder,down,none,strong,none,strong,moderate,weak,strong,weak,moderate,none,none,strong,none,none,none,moderate,strong,none,"Actor 04 said “It's easy to tell the depth of a well.”, with *slow* **speech rate**, *higher* **pitch**, *louder* **loudness**, **gaze** *averted* (downwards), and *strong* **raised inner eyebrows**, *strong* **lowered brows**, *moderate* **raised upper eyelids**, *weak* **raised cheeks**, *strong* **tightened eyelids**, *weak* **wrinkled nose**, *moderate* **raised upper lip**, *strong* **downturned mouth corners**, *moderate* **parted lips**, and *strong* **a dropped jaw**."
S_04_01_04_1_1,04,fear,4,1,1,These days a chicken leg is a rare dish.,slow,lower,quieter,front,none,weak,none,weak,none,none,none,none,none,none,none,none,none,none,none,none,none,none,"Actor 04 said “These days a chicken leg is a rare dish.”, with *slow* **speech rate**, *lower* **pitch**, *quieter* **loudness**, while **looking at the camera**, and *weak* **raised inner eyebrows** and *weak* **lowered brows**."
S_04_01_04_2_1,04,fear,4,2,1,These days a chicken leg is a rare dish.,fast,higher,louder,front,none,weak,moderate,strong,moderate,none,strong,none,none,none,none,none,none,none,none,moderate,none,none,"Actor 04 said “These days a chicken leg is a rare dish.”, with *fast* **speech rate**, *higher* **pitch**, *louder* **loudness**, while **looking at the camera**, and *weak* **raised inner eyebrows**, *moderate* **raised outer eyebrows**, *strong* **lowered brows**, *moderate* **raised upper eyelids**, *strong* **tightened eyelids**, and *moderate* **parted lips**."
S_04_01_05_1_1,04,fear,5,1,1,Rice is often served in round bowls.,slow,normal,quieter,front,none,moderate,none,weak,none,none,none,none,none,none,none,none,none,none,none,none,none,none,"Actor 04 said “Rice is often served in round bowls.”, with *slow* **speech rate**, *normal* **pitch**, *quieter* **loudness**, while **looking at the camera**, and *moderate* **raised inner eyebrows** and *weak* **lowered brows**."
S_04_01_05_2_1,04,fear,5,2,1,Rice is often served in round bowls.,slow,higher,louder,left,none,weak,none,strong,moderate,moderate,strong,weak,none,none,none,moderate,none,none,none,none,moderate,weak,"Actor 04 said “Rice is often served in round bowls.”, with *slow* **speech rate**, *higher* **pitch**, *louder* **loudness**, **gaze** *averted* (to their left), and *weak* **raised inner eyebrows**, *strong* **lowered brows**, *moderate* **raised upper eyelids**, *moderate* **raised cheeks**, *strong* **tightened eyelids**, *weak* **wrinkled nose**, *moderate* **downturned mouth corners**, *moderate* **a dropped jaw**, and *weak* **blinking**."
S_04_01_06_1_1,04,fear,6,1,1,The juice of lemons makes fine punch.,slow,lower,quieter,front,none,weak,none,weak,weak,none,none,none,none,none,none,none,none,none,none,none,none,none,"Actor 04 said “The juice of lemons makes fine punch.”, with *slow* **speech rate**, *lower* **pitch**, *quieter* **loudness**, while **looking at the camera**, and *weak* **raised inner eyebrows**, *weak* **lowered brows**, and *weak* **raised upper eyelids**."
S_04_01_06_2_1,04,fear,6,2,1,The juice of lemons makes fine punch.,slow,higher,louder,left,none,weak,moderate,strong,moderate,none,strong,none,none,none,none,none,none,none,weak,moderate,strong,none,"Actor 04 said “The juice of lemons makes fine punch.”, with *slow* **speech rate**, *higher* **pitch**, *louder* **loudness**, **gaze** *averted* (to their left), and *weak* **raised inner eyebrows**, *moderate* **raised outer eyebrows**, *strong* **lowered brows**, *moderate* **raised upper eyelids**, *strong* **tightened eyelids**, *weak* **tightened lips**, *moderate* **parted lips**, and *strong* **a dropped jaw**."
S_04_01_07_1_1,04,fear,7,1,1,The box was thrown beside the parked truck.,normal,normal,normal,left,none,weak,none,moderate,none,none,none,none,none,none,none,none,none,none,none,none,none,none,"Actor 04 said “The box was thrown beside the parked truck.”, with *normal* **speech rate**, *normal* **pitch**, *normal* **loudness**, **gaze** *averted* (to their left), and *weak* **raised inner eyebrows** and *moderate* **lowered brows**."
S_04_01_07_2_1,04,fear,7,2,1,The box was thrown beside the parked truck.,fast,higher,louder,left,none,strong,moderate,strong,moderate,none,strong,none,none,none,none,none,none,none,weak,strong,strong,strong,"Actor 04 said “The box was thrown beside the parked truck.”, with *fast* **speech rate**, *higher* **pitch**, *louder* **loudness**, **gaze** *averted* (to their left), and *strong* **raised inner eyebrows**, *moderate* **raised outer eyebrows**, *strong* **lowered brows**, *moderate* **raised upper eyelids**, *strong* **tightened eyelids**, *weak* **tightened lips**, *strong* **parted lips**, *strong* **a dropped jaw**, and *strong* **blinking**."
S_04_01_08_1_1,04,fear,8,1,1,The hogs were fed chopped corn and garbage.,normal,normal,normal,left,none,weak,none,moderate,none,none,none,none,none,none,none,none,none,none,none,none,none,none,"Actor 04 said “The hogs were fed chopped corn and garbage.”, with *normal* **speech rate**, *normal* **pitch**, *normal* **loudness**, **gaze** *averted* (to their left), and *weak* **raised inner eyebrows** and *moderate* **lowered brows**."
S_04_01_08_2_1,04,fear,8,2,1,The hogs were fed chopped corn and garbage.,fast,higher,louder,up,none,strong,weak,strong,moderate,none,strong,weak,none,none,none,moderate,none,none,none,moderate,none,moderate,"Actor 04 said “The hogs were fed chopped corn and garbage.”, with *fast* **speech rate**, *higher* **pitch**, *louder* **loudness**, **gaze** *averted* (upwards), and *strong* **raised inner eyebrows**, *weak* **raised outer eyebrows**, *strong* **lowered brows**, *moderate* **raised upper eyelids**, *strong* **tightened eyelids**, *weak* **wrinkled nose**, *moderate* **downturned mouth corners**, *moderate* **parted lips**, and *moderate* **blinking**."
S_04_01_09_1_1,04,fear,9,1,1,Four hours of steady work faced us.,slow,lower,quieter,front,none,weak,none,weak,none,none,none,none,none,none,none,none,none,none,none,none,none,none,"Actor 04 said “Four hours of steady work faced us.”, with *slow* **speech rate**, *lower* **pitch**, *quieter* **loudness**, while **looking at the camera**, and *weak* **raised inner eyebrows** and *weak* **lowered brows**."
S_04_01_09_2_1,04,fear,9,2,1,Four hours of steady work faced us.,slow,higher,louder,left,none,weak,none,strong,moderate,moderate,strong,weak,none,none,none,moderate,none,none,none,none,strong,none,"Actor 04 said “Four hours of steady work faced us.”, with *slow* **speech rate**, *higher* **pitch**, *louder* **loudness**, **gaze** *averted* (to their left), and *weak* **raised inner eyebrows**, *strong* **lowered brows**, *moderate* **raised upper eyelids**, *moderate* **raised cheeks**, *strong* **tightened eyelids**, *weak* **wrinkled nose**, *moderate* **downturned mouth corners**, and *strong* **a dropped jaw**."
S_04_01_10_1_1,04,fear,10,1,1,A large size in stockings is hard to sell.,slow,normal,quieter,front,none,moderate,none,weak,none,none,none,none,none,none,none,none,none,none,none,none,none,none,"Actor 04 said “A large size in stockings is hard to sell.”, with *slow* **speech rate**, *normal* **pitch**, *quieter* **loudness**, while **looking at the camera**, and *moderate* **raised inner eyebrows** and *weak* **lowered brows**."
S_04_01_10_2_1,04,fear,10,2,1,A large size in stockings is hard to sell.,fast,higher,louder,front,none,weak,none,strong,moderate,moderate,moderate,none,none,none,none,none,none,none,none,weak,none,none,"Actor 04 said “A large size in stockings is hard to sell.”, with *fast* **speech rate**, *higher* **pitch**, *louder* **loudness**, while **looking at the camera**, and *weak* **raised inner eyebrows**, *strong* **lowered brows**, *moderate* **raised upper eyelids**, *moderate* **raised cheeks**, *moderate* **tightened eyelids**, and *weak* **parted lips**."
S_04_02_01_1_1,04,anger,1,1,1,The birch canoe slid on the smooth planks.,fast,higher,louder,front,none,none,none,strong,none,none,none,none,none,none,none,none,none,none,weak,none,none,none,"Actor 04 said “The birch canoe slid on the smooth planks.”, with *fast* **speech rate**, *higher* **pitch**, *louder* **loudness**, while **looking at the camera**, and *strong* **lowered brows** and *weak* **tightened lips**."
S_04_02_01_2_1,04,anger,1,2,1,The birch canoe slid on the smooth planks.,fast,higher,louder,front,shaking,weak,none,strong,moderate,moderate,strong,weak,none,none,none,moderate,none,none,none,strong,strong,none,"Actor 04 said “The birch canoe slid on the smooth planks.”, with *fast* **speech rate**, *higher* **pitch**, *louder* **loudness**, while **looking at the camera**, while *shaking* their **head**, and *weak* **raised inner eyebrows**, *strong* **lowered brows**, *moderate* **raised upper eyelids**, *moderate* **raised cheeks**, *strong* **tightened eyelids**, *weak* **wrinkled nose**, *moderate* **downturned mouth corners**, *strong* **parted lips**, and *strong* **a dropped jaw**."
S_04_02_02_1_1,04,anger,2,1,1,Glue the sheet to the dark blue background.,fast,higher,louder,front,none,weak,none,strong,none,none,none,none,none,none,none,none,none,none,weak,none,none,none,"Actor 04 said “Glue the sheet to the dark blue background.”, with *fast* **speech rate**, *higher* **pitch**, *louder* **loudness**, while **looking at the camera**, and *weak* **raised inner eyebrows**, *strong* **lowered brows**, and *weak* **tightened lips**."
S_04_02_02_2_1,04,anger,2,2,1,Glue the sheet to the dark blue background.,fast,higher,louder,front,shaking,weak,none,strong,moderate,moderate,strong,weak,none,none,none,moderate,none,none,none,strong,strong,none,"Actor 04 said “Glue the sheet to the dark blue background.”, with *fast* **speech rate**, *higher* **pitch**, *louder* **loudness**, while **looking at the camera**, while *shaking* their **head**, and *weak* **raised inner eyebrows**, *strong* **lowered brows**, *moderate* **raised upper eyelids**, *moderate* **raised cheeks**, *strong* **tightened eyelids**, *weak* **wrinkled nose**, *moderate* **downturned mouth corners**, *strong* **parted lips**, and *strong* **a dropped jaw**."
S_04_02_03_1_1,04,anger,3,1,1,It's easy to tell the depth of a well.,normal,higher,louder,front,none,weak,none,moderate,none,none,none,none,none,none,none,none,none,none,weak,none,none,none,"Actor 04 said “It's easy to tell the depth of a well.”, with *normal* **speech rate**, *higher* **pitch**, *louder* **loudness**, while **looking at the camera**, and *weak* **raised inner eyebrows**, *moderate* **lowered brows**, and *weak* **tightened lips**."
S_04_02_03_2_1,04,anger,3,2,1,It's easy to tell the depth of a well.,fast,higher,louder,front,none,weak,none,strong,moderate,moderate,strong,weak,none,none,none,moderate,none,none,none,none,strong,none,"Actor 04 said “It's easy to tell the depth of a well.”, with *fast* **speech rate**, *higher* **pitch**, *louder* **loudness**, while **looking at the camera**, and *weak* **raised inner eyebrows**, *strong* **lowered brows**, *moderate* **raised upper eyelids**, *moderate* **raised cheeks**, *strong* **tightened eyelids**, *weak* **wrinkled nose**, *moderate* **downturned mouth corners**, and *strong* **a dropped jaw**."
S_04_02_04_1_1,04,anger,4,1,1,These days a chicken leg is a rare dish.,normal,higher,louder,front,none,weak,none,moderate,none,none,none,none,none,none,none,weak,none,none,none,none,none,none,"Actor 04 said “These days a chicken leg is a rare dish.”, with *normal* **speech rate**, *higher* **pitch**, *louder* **loudness**, while **looking at the camera**, and *weak* **raised inner eyebrows**, *moderate* **lowered brows**, and *weak* **downturned mouth corners**."
S_04_02_04_2_1,04,anger,4,2,1,These days a chicken leg is a rare dish.,fast,higher,louder,front,shaking,weak,none,strong,moderate,moderate,strong,weak,none,none,none,moderate,none,none,none,none,strong,none,"Actor 04 said “These days a chicken leg is a rare dish.”, with *fast* **speech rate**, *higher* **pitch**, *louder* **loudness**, while **looking at the camera**, while *shaking* their **head**, and *weak* **raised inner eyebrows**, *strong* **lowered brows**, *moderate* **raised upper eyelids**, *moderate* **raised cheeks**, *strong* **tightened eyelids**, *weak* **wrinkled nose**, *moderate* **downturned mouth corners**, and *strong* **a dropped jaw**."
S_04_02_05_1_1,04,anger,5,1,1,Rice is often served in round bowls.,normal,higher,louder,front,none,weak,none,strong,none,none,none,none,none,none,none,none,none,none,weak,none,none,none,"Actor 04 said “Rice is often served in round bowls.”, with *normal* **speech rate**, *higher* **pitch**, *louder* **loudness**, while **looking at the camera**, and *weak* **raised inner eyebrows**, *strong* **lowered brows**, and *weak* **tightened lips**."
S_04_02_05_2_1,04,anger,5,2,1,Rice is often served in round bowls.,fast,higher,louder,front,none,weak,none,strong,moderate,moderate,strong,weak,none,none,none,moderate,none,none,none,none,strong,none,"Actor 04 said “Rice is often served in round bowls.”, with *fast* **speech rate**, *higher* **pitch**, *louder* **loudness**, while **looking at the camera**, and *weak* **raised inner eyebrows**, *strong* **lowered brows**, *moderate* **raised upper eyelids**, *moderate* **raised cheeks**, *strong* **tightened eyelids**, *weak* **wrinkled nose**, *moderate* **downturned mouth corners**, and *strong* **a dropped jaw**."
S_04_02_06_1_1,04,anger,6,1,1,The juice of lemons makes fine punch.,normal,higher,louder,front,none,weak,none,strong,none,none,none,none,none,none,none,none,none,none,weak,none,none,none,"Actor 04 said “The juice of lemons makes fine punch.”, with *normal* **speech rate**, *higher* **pitch**, *louder* **loudness**, while **looking at the camera**, and *weak* **raised inner eyebrows**, *strong* **lowered brows**, and *weak* **tightened lips**."
S_04_02_06_2_1,04,anger,6,2,1,The juice of lemons makes fine punch.,fast,higher,louder,front,shaking,weak,none,strong,moderate,moderate,strong,weak,none,none,none,moderate,none,none,none,strong,strong,none,"Actor 04 said “The juice of lemons makes fine punch.”, with *fast* **speech rate**, *higher* **pitch**, *louder* **loudness**, while **looking at the camera**, while *shaking* their **head**, and *weak* **raised inner eyebrows**, *strong* **lowered brows**, *moderate* **raised upper eyelids**, *moderate* **raised cheeks**, *strong* **tightened eyelids**, *weak* **wrinkled nose**, *moderate* **downturned mouth corners**, *strong* **parted lips**, and *strong* **a dropped jaw**."
S_04_02_07_1_1,04,anger,7,1,1,The box was thrown beside the parked truck.,normal,higher,louder,front,none,weak,none,moderate,none,none,none,none,none,none,none,none,none,none,weak,none,none,none,"Actor 04 said “The box was thrown beside the parked truck.”, with *normal* **speech rate**, *higher* **pitch**, *louder* **loudness**, while **looking at the camera**, and *weak* **raised inner eyebrows**, *moderate* **lowered brows**, and *weak* **tightened lips**."
S_04_02_07_2_1,04,anger,7,2,1,The box was thrown beside the parked truck.,fast,higher,louder,front,none,weak,none,strong,moderate,moderate,moderate,weak,none,none,none,moderate,none,none,none,strong,strong,none,"Actor 04 said “The box was thrown beside the parked truck.”, with *fast* **speech rate**, *higher* **pitch**, *louder* **loudness**, while **looking at the camera**, and *weak* **raised inner eyebrows**, *strong* **lowered brows**, *moderate* **raised upper eyelids**, *moderate* **raised cheeks**, *moderate* **tightened eyelids**, *weak* **wrinkled nose**, *moderate* **downturned mouth corners**, *strong* **parted lips**, and *strong* **a dropped jaw**."
S_04_02_08_1_1,04,anger,8,1,1,The hogs were fed chopped corn and garbage.,normal,higher,louder,front,none,none,none,moderate,none,none,none,none,none,none,none,moderate,none,none,none,none,none,none,"Actor 04 said “The hogs were fed chopped corn and garbage.”, with *normal* **speech rate**, *higher* **pitch**, *louder* **loudness**, while **looking at the camera**, and *moderate* **lowered brows** and *moderate* **downturned mouth corners**."
S_04_02_08_2_1,04,anger,8,2,1,The hogs were fed chopped corn and garbage.,fast,higher,louder,front,shaking,weak,none,strong,moderate,moderate,strong,weak,none,none,none,moderate,none,none,none,strong,strong,none,"Actor 04 said “The hogs were fed chopped corn and garbage.”, with *fast* **speech rate**, *higher* **pitch**, *louder* **loudness**, while **looking at the camera**, while *shaking* their **head**, and *weak* **raised inner eyebrows**, *strong* **lowered brows**, *moderate* **raised upper eyelids**, *moderate* **raised cheeks**, *strong* **tightened eyelids**, *weak* **wrinkled nose**, *moderate* **downturned mouth corners**, *strong* **parted lips**, and *strong* **a dropped jaw**."
S_04_02_09_1_1,04,anger,9,1,1,Four hours of steady work faced us.,normal,higher,louder,front,none,none,none,strong,none,none,none,none,none,none,none,none,none,none,weak,none,none,none,"Actor 04 said “Four hours of steady work faced us.”, with *normal* **speech rate**, *higher* **pitch**, *louder* **loudness**, while **looking at the camera**, and *strong* **lowered brows** and *weak* **tightened lips**."
S_04_02_09_2_1,04,anger,9,2,1,Four hours of steady work faced us.,fast,higher,louder,front,shaking,weak,none,strong,moderate,moderate,strong,weak,none,none,none,moderate,none,none,none,none,strong,none,"Actor 04 said “Four hours of steady work faced us.”, with *fast* **speech rate**, *higher* **pitch**, *louder* **loudness**, while **looking at the camera**, while *shaking* their **head**, and *weak* **raised inner eyebrows**, *strong* **lowered brows**, *moderate* **raised upper eyelids**, *moderate* **raised cheeks**, *strong* **tightened eyelids**, *weak* **wrinkled nose**, *moderate* **downturned mouth corners**, and *strong* **a dropped jaw**."
S_04_02_10_1_1,04,anger,10,1,1,A large size in stockings is hard to sell.,normal,higher,louder,front,none,none,none,strong,none,none,none,none,none,none,none,none,none,none,weak,none,none,none,"Actor 04 said “A large size in stockings is hard to sell.”, with *normal* **speech rate**, *higher* **pitch**, *louder* **loudness**, while **looking at the camera**, and *strong* **lowered brows** and *weak* **tightened lips**."
S_04_02_10_2_1,04,anger,10,2,1,A large size in stockings is hard to sell.,fast,higher,louder,front,shaking,weak,none,strong,moderate,moderate,strong,weak,none,none,none,moderate,none,none,none,none,strong,none,"Actor 04 said “A large size in stockings is hard to sell.”, with *fast* **speech rate**, *higher* **pitch**, *louder* **loudness**, while **looking at the camera**, while *shaking* their **head**, and *weak* **raised inner eyebrows**, *strong* **lowered brows**, *moderate* **raised upper eyelids**, *moderate* **raised cheeks**, *strong* **tightened eyelids**, *weak* **wrinkled nose**, *moderate* **downturned mouth corners**, and *strong* **a dropped jaw**."
S_04_03_01_1_1,04,happiness,1,1,1,The birch canoe slid on the smooth planks.,normal,normal,normal,front,none,none,none,none,none,weak,none,none,none,weak,none,none,none,none,none,none,none,none,"Actor 04 said “The birch canoe slid on the smooth planks.”, with *normal* **speech rate**, *normal* **pitch**, *normal* **loudness**, while **looking at the camera**, and *weak* **raised cheeks** and *weak* **a smile**."
S_04_03_01_2_1,04,happiness,1,2,1,The birch canoe slid on the smooth planks.,fast,higher,louder,front,none,none,moderate,weak,moderate,strong,none,none,none,moderate,none,none,none,none,none,none,none,none,"Actor 04 said “The birch canoe slid on the smooth planks.”, with *fast* **speech rate**, *higher* **pitch**, *louder* **loudness**, while **looking at the camera**, and *moderate* **raised outer eyebrows**, *weak* **lowered brows**, *moderate* **raised upper eyelids**, *strong* **raised cheeks**, and *moderate* **a smile**."
S_04_03_02_1_1,04,happiness,2,1,1,Glue the sheet to the dark blue background.,normal,normal,normal,front,none,none,none,weak,none,weak,none,none,none,moderate,none,none,none,none,none,none,none,none,"Actor 04 said “Glue the sheet to the dark blue background.”, with *normal* **speech rate**, *normal* **pitch**, *normal* **loudness**, while **looking at the camera**, and *weak* **lowered brows**, *weak* **raised cheeks**, and *moderate* **a smile**."
S_04_03_02_2_1,04,happiness,2,2,1,Glue the sheet to the dark blue background.,fast,higher,louder,front,none,weak,none,none,moderate,moderate,none,none,none,strong,none,none,none,none,none,strong,none,none,"Actor 04 said “Glue the sheet to the dark blue background.”, with *fast* **speech rate**, *higher* **pitch**, *louder* **loudness**, while **looking at the camera**, and *weak* **raised inner eyebrows**, *moderate* **raised upper eyelids**, *moderate* **raised cheeks**, *strong* **a smile**, and *strong* **parted lips**."
S_04_03_03_1_1,04,happiness,3,1,1,It's easy to tell the depth of a well.,normal,normal,normal,front,none,none,none,none,none,weak,none,none,none,weak,none,none,none,none,none,none,none,none,"Actor 04 said “It's easy to tell the depth of a well.”, with *normal* **speech rate**, *normal* **pitch**, *normal* **loudness**, while **looking at the camera**, and *weak* **raised cheeks** and *weak* **a smile**."
S_04_03_03_2_1,04,happiness,3,2,1,It's easy to tell the depth of a well.,fast,higher,louder,front,none,weak,none,none,moderate,moderate,none,none,none,strong,none,none,none,none,none,strong,none,none,"Actor 04 said “It's easy to tell the depth of a well.”, with *fast* **speech rate**, *higher* **pitch**, *louder* **loudness**, while **looking at the camera**, and *weak* **raised inner eyebrows**, *moderate* **raised upper eyelids**, *moderate* **raised cheeks**, *strong* **a smile**, and *strong* **parted lips**."
S_04_03_04_1_1,04,happiness,4,1,1,These days a chicken leg is a rare dish.,normal,normal,normal,front,none,none,none,none,none,weak,none,none,none,weak,none,none,none,none,none,none,none,none,"Actor 04 said “These days a chicken leg is a rare dish.”, with *normal* **speech rate**, *normal* **pitch**, *normal* **loudness**, while **looking at the camera**, and *weak* **raised cheeks** and *weak* **a smile**."
S_04_03_04_2_1,04,happiness,4,2,1,These days a chicken leg is a rare dish.,fast,higher,louder,front,none,weak,none,none,moderate,moderate,none,none,none,strong,none,none,none,none,none,strong,none,none,"Actor 04 said “These days a chicken leg is a rare dish.”, with *fast* **speech rate**, *higher* **pitch**, *louder* **loudness**, while **looking at the camera**, and *weak* **raised inner eyebrows**, *moderate* **raised upper eyelids**, *moderate* **raised cheeks**, *strong* **a smile**, and *strong* **parted lips**."
S_04_03_05_1_1,04,happiness,5,1,1,Rice is often served in round bowls.,normal,normal,normal,front,none,none,none,weak,none,weak,none,none,none,moderate,none,none,none,none,none,none,none,none,"Actor 04 said “Rice is often served in round bowls.”, with *normal* **speech rate**, *normal* **pitch**, *normal* **loudness**, while **looking at the camera**, and *weak* **lowered brows**, *weak* **raised cheeks**, and *moderate* **a smile**."
S_04_03_05_2_1,04,happiness,5,2,1,Rice is often served in round bowls.,fast,higher,louder,front,none,weak,none,none,moderate,moderate,none,none,none,strong,none,none,none,none,none,strong,none,none,"Actor 04 said “Rice is often served in round bowls.”, with *fast* **speech rate**, *higher* **pitch**, *louder* **loudness**, while **looking at the camera**, and *weak* **raised inner eyebrows**, *moderate* **raised upper eyelids**, *moderate* **raised cheeks**, *strong* **a smile**, and *strong* **parted lips**."
S_04_03_06_1_1,04,happiness,6,1,1,The juice of lemons makes fine punch.,normal,normal,normal,front,none,none,none,weak,none,weak,none,none,none,moderate,none,none,none,none,none,none,none,none,"Actor 04 said “The juice of lemons makes fine punch.”, with *normal* **speech rate**, *normal* **pitch**, *normal* **loudness**, while **looking at the camera**, and *weak* **lowered brows**, *weak* **raised cheeks**, and *moderate* **a smile**."
S_04_03_06_2_1,04,happiness,6,2,1,The juice of lemons makes fine punch.,fast,higher,louder,front,none,none,moderate,none,none,strong,none,none,none,strong,none,none,none,none,none,moderate,none,none,"Actor 04 said “The juice of lemons makes fine punch.”, with *fast* **speech rate**, *higher* **pitch**, *louder* **loudness**, while **looking at the camera**, and *moderate* **raised outer eyebrows**, *strong* **raised cheeks**, *strong* **a smile**, and *moderate* **parted lips**."
S_04_03_07_1_1,04,happiness,7,1,1,The box was thrown beside the parked truck.,normal,normal,normal,front,none,none,none,none,none,weak,none,none,none,weak,none,none,none,none,none,none,none,none,"Actor 04 said “The box was thrown beside the parked truck.”, with *normal* **speech rate**, *normal* **pitch**, *normal* **loudness**, while **looking at the camera**, and *weak* **raised cheeks** and *weak* **a smile**."
S_04_03_07_2_1,04,happiness,7,2,1,The box was thrown beside the parked truck.,fast,higher,louder,up,none,weak,moderate,none,moderate,strong,none,none,none,strong,none,none,none,none,none,moderate,none,none,"Actor 04 said “The box was thrown beside the parked truck.”, with *fast* **speech rate**, *higher* **pitch**, *louder* **loudness**, **gaze** *averted* (upwards), and *weak* **raised inner eyebrows**, *moderate* **raised outer eyebrows**, *moderate* **raised upper eyelids**, *strong* **raised cheeks**, *strong* **a smile**, and *moderate* **parted lips**."
S_04_03_08_1_1,04,happiness,8,1,1,The hogs were fed chopped corn and garbage.,normal,normal,normal,front,none,none,none,none,none,weak,none,none,none,weak,none,none,none,none,none,none,none,none,"Actor 04 said “The hogs were fed chopped corn and garbage.”, with *normal* **speech rate**, *normal* **pitch**, *normal* **loudness**, while **looking at the camera**, and *weak* **raised cheeks** and *weak* **a smile**."
S_04_03_08_2_1,04,happiness,8,2,1,The hogs were fed chopped corn and garbage.,fast,higher,louder,front,none,weak,moderate,none,moderate,strong,none,none,none,strong,none,none,none,none,none,moderate,none,none,"Actor 04 said “The hogs were fed chopped corn and garbage.”, with *fast* **speech rate**, *higher* **pitch**, *louder* **loudness**, while **looking at the camera**, and *weak* **raised inner eyebrows**, *moderate* **raised outer eyebrows**, *moderate* **raised upper eyelids**, *strong* **raised cheeks**, *strong* **a smile**, and *moderate* **parted lips**."
S_04_03_09_1_1,04,happiness,9,1,1,Four hours of steady work faced us.,normal,normal,normal,front,none,none,none,none,none,weak,none,none,none,weak,none,none,none,none,none,none,none,none,"Actor 04 said “Four hours of steady work faced us.”, with *normal* **speech rate**, *normal* **pitch**, *normal* **loudness**, while **looking at the camera**, and *weak* **raised cheeks** and *weak* **a smile**."
S_04_03_09_2_1,04,happiness,9,2,1,Four hours of steady work faced us.,fast,higher,louder,front,none,none,none,none,moderate,moderate,none,none,none,moderate,none,none,none,none,none,strong,strong,none,"Actor 04 said “Four hours of steady work faced us.”, with *fast* **speech rate**, *higher* **pitch**, *louder* **loudness**, while **looking at the camera**, and *moderate* **raised upper eyelids**, *moderate* **raised cheeks**, *moderate* **a smile**, *strong* **parted lips**, and *strong* **a dropped jaw**."
S_04_03_10_1_1,04,happiness,10,1,1,A large size in stockings is hard to sell.,normal,normal,normal,front,none,none,none,none,none,weak,none,none,none,weak,none,none,none,none,none,none,none,none,"Actor 04 said “A large size in stockings is hard to sell.”, with *normal* **speech rate**, *normal* **pitch**, *normal* **loudness**, while **looking at the camera**, and *weak* **raised cheeks** and *weak* **a smile**."
S_04_03_10_2_1,04,happiness,10,2,1,A large size in stockings is hard to sell.,fast,higher,louder,front,none,weak,none,none,moderate,moderate,none,none,none,strong,none,none,none,weak,none,none,none,none,"Actor 04 said “A large size in stockings is hard to sell.”, with *fast* **speech rate**, *higher* **pitch**, *louder* **loudness**, while **looking at the camera**, and *weak* **raised inner eyebrows**, *moderate* **raised upper eyelids**, *moderate* **raised cheeks**, *strong* **a smile**, and *weak* **stretched lips**."
S_04_04_01_1_1,04,sadness,1,1,1,The birch canoe slid on the smooth planks.,slow,lower,quieter,down,none,weak,none,weak,none,none,none,none,none,none,none,weak,none,none,none,weak,none,moderate,"Actor 04 said “The birch canoe slid on the smooth planks.”, with *slow* **speech rate**, *lower* **pitch**, *quieter* **loudness**, **gaze** *averted* (downwards), and *weak* **raised inner eyebrows**, *weak* **lowered brows**, *weak* **downturned mouth corners**, *weak* **parted lips**, and *moderate* **blinking**."
S_04_04_01_2_1,04,sadness,1,2,1,The birch canoe slid on the smooth planks.,slow,lower,quieter,down,none,weak,none,moderate,none,none,none,none,none,none,none,moderate,none,none,none,strong,none,none,"Actor 04 said “The birch canoe slid on the smooth planks.”, with *slow* **speech rate**, *lower* **pitch**, *quieter* **loudness**, **gaze** *averted* (downwards), and *weak* **raised inner eyebrows**, *moderate* **lowered brows**, *moderate* **downturned mouth corners**, and *strong* **parted lips**."
S_04_04_02_1_1,04,sadness,2,1,1,Glue the sheet to the dark blue background.,slow,lower,quieter,down,none,weak,none,weak,none,none,none,none,none,none,none,weak,none,none,none,weak,none,weak,"Actor 04 said “Glue the sheet to the dark blue background.”, with *slow* **speech rate**, *lower* **pitch**, *quieter* **loudness**, **gaze** *averted* (downwards), and *weak* **raised inner eyebrows**, *weak* **lowered brows**, *weak* **downturned mouth corners**, *weak* **parted lips**, and *weak* **blinking**."
S_04_04_02_2_1,04,sadness,2,2,1,Glue the sheet to the dark blue background.,slow,lower,quieter,down,none,moderate,none,moderate,none,weak,none,none,none,none,none,weak,none,none,none,weak,weak,moderate,"Actor 04 said “Glue the sheet to the dark blue background.”, with *slow* **speech rate**, *lower* **pitch**, *quieter* **loudness**, **gaze** *averted* (downwards), and *moderate* **raised inner eyebrows**, *moderate* **lowered brows**, *weak* **raised cheeks**, *weak* **downturned mouth corners**, *weak* **parted lips**, *weak* **a dropped jaw**, and *moderate* **blinking**."
S_04_04_03_1_1,04,sadness,3,1,1,It's easy to tell the depth of a well.,slow,lower,quieter,down,none,weak,none,moderate,none,none,none,none,none,none,none,weak,none,none,none,weak,none,none,"Actor 04 said “It's easy to tell the depth of a well.”, with *slow* **speech rate**, *lower* **pitch**, *quieter* **loudness**, **gaze** *averted* (downwards), and *weak* **raised inner eyebrows**, *moderate* **lowered brows**, *weak* **downturned mouth corners**, and *weak* **parted lips**."
S_04_04_03_2_1,04,sadness,3,2,1,It's easy to tell the depth of a well.,slow,lower,quieter,down,none,weak,none,moderate,none,none,none,none,none,none,none,moderate,none,none,none,strong,none,none,"Actor 04 said “It's easy to tell the depth of a well.”, with *slow* **speech rate**, *lower* **pitch**, *quieter* **loudness**, **gaze** *averted* (downwards), and *weak* **raised inner eyebrows**, *moderate* **lowered brows**, *moderate* **downturned mouth corners**, and *strong* **parted lips**."
S_04_04_04_1_1,04,sadness,4,1,1,These days a chicken leg is a rare dish.,slow,lower,quieter,down,none,weak,none,weak,none,none,none,none,none,none,none,weak,none,none,none,weak,none,weak,"Actor 04 said “These days a chicken leg is a rare dish.”, with *slow* **speech rate**, *lower* **pitch**, *quieter* **loudness**, **gaze** *averted* (downwards), and *weak* **raised inner eyebrows**, *weak* **lowered brows**, *weak* **downturned mouth corners**, *weak* **parted lips**, and *weak* **blinking**."
S_04_04_04_2_1,04,sadness,4,2,1,These days a chicken leg is a rare dish.,slow,lower,quieter,down,none,strong,weak,strong,moderate,none,none,none,none,none,none,strong,none,none,none,weak,none,moderate,"Actor 04 said “These days a chicken leg is a rare dish.”, with *slow* **speech rate**, *lower* **pitch**, *quieter* **loudness**, **gaze** *averted* (downwards), and *strong* **raised inner eyebrows**, *weak* **raised outer eyebrows**, *strong* **lowered brows**, *moderate* **raised upper eyelids**, *strong* **downturned mouth corners**, *weak* **parted lips**, and *moderate* **blinking**."
S_04_04_05_1_1,04,sadness,5,1,1,Rice is often served in round bowls.,slow,lower,quieter,down,none,weak,none,weak,none,none,none,none,none,none,none,weak,none,none,none,weak,none,weak,"Actor 04 said “Rice is often served in round bowls.”, with *slow* **speech rate**, *lower* **pitch**, *quieter* **loudness**, **gaze** *averted* (downwards), and *weak* **raised inner eyebrows**, *weak* **lowered brows**, *weak* **downturned mouth corners**, *weak* **parted lips**, and *weak* **blinking**."
S_04_04_05_2_1,04,sadness,5,2,1,Rice is often served in round bowls.,slow,lower,quieter,down,none,strong,none,strong,none,none,none,none,weak,none,none,moderate,none,none,none,weak,none,strong,"Actor 04 said “Rice is often served in round bowls.”, with *slow* **speech rate**, *lower* **pitch**, *quieter* **loudness**, **gaze** *averted* (downwards), and *strong* **raised inner eyebrows**, *strong* **lowered brows**, *weak* **raised upper lip**, *moderate* **downturned mouth corners**, *weak* **parted lips**, and *strong* **blinking**."
S_04_04_06_1_1,04,sadness,6,1,1,The juice of lemons makes fine punch.,slow,lower,quieter,down,none,weak,none,weak,none,none,none,none,none,none,none,weak,none,none,none,weak,none,weak,"Actor 04 said “The juice of lemons makes fine punch.”, with *slow* **speech rate**, *lower* **pitch**, *quieter* **loudness**, **gaze** *averted* (downwards), and *weak* **raised inner eyebrows**, *weak* **lowered brows**, *weak* **downturned mouth corners**, *weak* **parted lips**, and *weak* **blinking**."
S_04_04_06_2_1,04,sadness,6,2,1,The juice of lemons makes fine punch.,slow,lower,quieter,down,none,moderate,none,moderate,none,weak,none,none,none,none,none,weak,none,none,none,moderate,none,none,"Actor 04 said “The juice of lemons makes fine punch.”, with *slow* **speech rate**, *lower* **pitch**, *quieter* **loudness**, **gaze** *averted* (downwards), and *moderate* **raised inner eyebrows**, *moderate* **lowered brows**, *weak* **raised cheeks**, *weak* **downturned mouth corners**, and *moderate* **parted lips**."
S_04_04_07_1_1,04,sadness,7,1,1,The box was thrown beside the parked truck.,slow,lower,quieter,down,none,weak,none,weak,none,none,none,none,none,none,none,weak,none,none,none,weak,none,moderate,"Actor 04 said “The box was thrown beside the parked truck.”, with *slow* **speech rate**, *lower* **pitch**, *quieter* **loudness**, **gaze** *averted* (downwards), and *weak* **raised inner eyebrows**, *weak* **lowered brows**, *weak* **downturned mouth corners**, *weak* **parted lips**, and *moderate* **blinking**."
S_04_04_07_2_1,04,sadness,7,2,1,The box was thrown beside the parked truck.,slow,lower,quieter,down,none,moderate,none,moderate,none,weak,none,none,none,none,none,weak,none,none,none,weak,weak,strong,"Actor 04 said “The box was thrown beside the parked truck.”, with *slow* **speech rate**, *lower* **pitch**, *quieter* **loudness**, **gaze** *averted* (downwards), and *moderate* **raised inner eyebrows**, *moderate* **lowered brows**, *weak* **raised cheeks**, *weak* **downturned mouth corners**, *weak* **parted lips**, *weak* **a dropped jaw**, and *strong* **blinking**."
S_04_04_08_1_1,04,sadness,8,1,1,The hogs were fed chopped corn and garbage.,slow,lower,quieter,down,none,weak,none,weak,none,none,none,none,none,none,none,weak,none,none,none,weak,none,weak,"Actor 04 said “The hogs were fed chopped corn and garbage.”, with *slow* **speech rate**, *lower* **pitch**, *quieter* **loudness**, **gaze** *averted* (downwards), and *weak* **raised inner eyebrows**, *weak* **lowered brows**, *weak* **downturned mouth corners**, *weak* **parted lips**, and *weak* **blinking**."
S_04_04_08_2_1,04,sadness,8,2,1,The hogs were fed chopped corn and garbage.,slow,lower,quieter,down,none,weak,none,moderate,none,none,none,none,none,none,none,strong,none,none,none,moderate,none,none,"Actor 04 said “The hogs were fed chopped corn and garbage.”, with *slow* **speech rate**, *lower* **pitch**, *quieter* **loudness**, **gaze** *averted* (downwards), and *weak* **raised inner eyebrows**, *moderate* **lowered brows**, *strong* **downturned mouth corners**, and *moderate* **parted lips**."
S_04_04_09_1_1,04,sadness,9,1,1,Four hours of steady work faced us.,slow,lower,quieter,down,none,weak,none,moderate,none,none,none,none,none,none,none,weak,none,none,none,weak,none,weak,"Actor 04 said “Four hours of steady work faced us.”, with *slow* **speech rate**, *lower* **pitch**, *quieter* **loudness**, **gaze** *averted* (downwards), and *weak* **raised inner eyebrows**, *moderate* **lowered brows**, *weak* **downturned mouth corners**, *weak* **parted lips**, and *weak* **blinking**."
S_04_04_09_2_1,04,sadness,9,2,1,Four hours of steady work faced us.,slow,lower,quieter,down,none,strong,none,strong,none,none,none,none,weak,none,none,moderate,none,none,none,moderate,none,strong,"Actor 04 said “Four hours of steady work faced us.”, with *slow* **speech rate**, *lower* **pitch**, *quieter* **loudness**, **gaze** *averted* (downwards), and *strong* **raised inner eyebrows**, *strong* **lowered brows**, *weak* **raised upper lip**, *moderate* **downturned mouth corners**, *moderate* **parted lips**, and *strong* **blinking**."
S_04_04_10_1_1,04,sadness,10,1,1,A large size in stockings is hard to sell.,slow,lower,quieter,down,none,weak,none,weak,none,none,none,none,none,none,none,weak,none,none,none,weak,none,weak,"Actor 04 said “A large size in stockings is hard to sell.”, with *slow* **speech rate**, *lower* **pitch**, *quieter* **loudness**, **gaze** *averted* (downwards), and *weak* **raised inner eyebrows**, *weak* **lowered brows**, *weak* **downturned mouth corners**, *weak* **parted lips**, and *weak* **blinking**."
S_04_04_10_2_1,04,sadness,10,2,1,A large size in stockings is hard to sell.,slow,lower,quieter,down,none,weak,none,moderate,none,none,none,none,none,none,none,moderate,none,none,none,strong,none,none,"Actor 04 said “A large size in stockings is hard to sell.”, with *slow* **speech rate**, *lower* **pitch**, *quieter* **loudness**, **gaze** *averted* (downwards), and *weak* **raised inner eyebrows**, *moderate* **lowered brows**, *moderate* **downturned mouth corners**, and *strong* **parted lips**."
S_04_05_01_1_1,04,disgust,1,1,1,The birch canoe slid on the smooth planks.,normal,normal,normal,front,none,weak,none,weak,none,none,none,weak,none,none,none,none,none,none,none,none,none,none,"Actor 04 said “The birch canoe slid on the smooth planks.”, with *normal* **speech rate**, *normal* **pitch**, *normal* **loudness**, while **looking at the camera**, and *weak* **raised inner eyebrows**, *weak* **lowered brows**, and *weak* **wrinkled nose**."
S_04_05_01_2_1,04,disgust,1,2,1,The birch canoe slid on the smooth planks.,slow,lower,quieter,down,tilting,strong,weak,strong,moderate,none,strong,strong,moderate,none,none,strong,none,none,moderate,moderate,none,moderate,"Actor 04 said “The birch canoe slid on the smooth planks.”, with *slow* **speech rate**, *lower* **pitch**, *quieter* **loudness**, **gaze** *averted* (downwards), while *tilting* their **head**, and *strong* **raised inner eyebrows**, *weak* **raised outer eyebrows**, *strong* **lowered brows**, *moderate* **raised upper eyelids**, *strong* **tightened eyelids**, *strong* **wrinkled nose**, *moderate* **raised upper lip**, *strong* **downturned mouth corners**, *moderate* **tightened lips**, *moderate* **parted lips**, and *moderate* **blinking**."
S_04_05_02_1_1,04,disgust,2,1,1,Glue the sheet to the dark blue background.,normal,normal,quieter,down,none,weak,weak,weak,none,none,none,weak,weak,none,none,none,none,none,weak,weak,none,weak,"Actor 04 said “Glue the sheet to the dark blue background.”, with *normal* **speech rate**, *normal* **pitch**, *quieter* **loudness**, **gaze** *averted* (downwards), and *weak* **raised inner eyebrows**, *weak* **raised outer eyebrows**, *weak* **lowered brows**, *weak* **wrinkled nose**, *weak* **raised upper lip**, *weak* **tightened lips**, *weak* **parted lips**, and *weak* **blinking**."
S_04_05_02_2_1,04,disgust,2,2,1,Glue the sheet to the dark blue background.,slow,lower,quieter,down,none,weak,none,strong,none,none,none,strong,weak,none,none,none,moderate,none,none,none,none,strong,"Actor 04 said “Glue the sheet to the dark blue background.”, with *slow* **speech rate**, *lower* **pitch**, *quieter* **loudness**, **gaze** *averted* (downwards), and *weak* **raised inner eyebrows**, *strong* **lowered brows**, *strong* **wrinkled nose**, *weak* **raised upper lip**, *moderate* **raised chin**, and *strong* **blinking**."
S_04_05_03_1_1,04,disgust,3,1,1,It's easy to tell the depth of a well.,normal,normal,normal,front,none,none,none,weak,none,none,none,weak,none,none,none,weak,none,none,none,none,none,none,"Actor 04 said “It's easy to tell the depth of a well.”, with *normal* **speech rate**, *normal* **pitch**, *normal* **loudness**, while **looking at the camera**, and *weak* **lowered brows**, *weak* **wrinkled nose**, and *weak* **downturned mouth corners**."
S_04_05_03_2_1,04,disgust,3,2,1,It's easy to tell the depth of a well.,slow,lower,quieter,down,none,weak,none,strong,none,none,none,strong,weak,none,none,none,moderate,none,none,weak,none,strong,"Actor 04 said “It's easy to tell the depth of a well.”, with *slow* **speech rate**, *lower* **pitch**, *quieter* **loudness**, **gaze** *averted* (downwards), and *weak* **raised inner eyebrows**, *strong* **lowered brows**, *strong* **wrinkled nose**, *weak* **raised upper lip**, *moderate* **raised chin**, *weak* **parted lips**, and *strong* **blinking**."
S_04_05_04_1_1,04,disgust,4,1,1,These days a chicken leg is a rare dish.,slow,normal,normal,down,none,weak,none,moderate,none,weak,none,weak,weak,none,none,none,none,none,weak,weak,none,weak,"Actor 04 said “These days a chicken leg is a rare dish.”, with *slow* **speech rate**, *normal* **pitch**, *normal* **loudness**, **gaze** *averted* (downwards), and *weak* **raised inner eyebrows**, *moderate* **lowered brows**, *weak* **raised cheeks**, *weak* **wrinkled nose**, *weak* **raised upper lip**, *weak* **tightened lips**, *weak* **parted lips**, and *weak* **blinking**."
S_04_05_04_2_1,04,disgust,4,2,1,These days a chicken leg is a rare dish.,slow,higher,louder,down,none,weak,none,strong,moderate,moderate,strong,strong,moderate,none,none,strong,none,none,moderate,moderate,none,moderate,"Actor 04 said “These days a chicken leg is a rare dish.”, with *slow* **speech rate**, *higher* **pitch**, *louder* **loudness**, **gaze** *averted* (downwards), and *weak* **raised inner eyebrows**, *strong* **lowered brows**, *moderate* **raised upper eyelids**, *moderate* **raised cheeks**, *strong* **tightened eyelids**, *strong* **wrinkled nose**, *moderate* **raised upper lip**, *strong* **downturned mouth corners**, *moderate* **tightened lips**, *moderate* **parted lips**, and *moderate* **blinking**."
S_04_05_05_1_1,04,disgust,5,1,1,Rice is often served in round bowls.,normal,normal,normal,front,none,none,none,none,none,weak,none,weak,weak,none,none,none,none,none,none,none,none,none,"Actor 04 said “Rice is often served in round bowls.”, with *normal* **speech rate**, *normal* **pitch**, *normal* **loudness**, while **looking at the camera**, and *weak* **raised cheeks**, *weak* **wrinkled nose**, and *weak* **raised upper lip**."
S_04_05_05_2_1,04,disgust,5,2,1,Rice is often served in round bowls.,slow,lower,quieter,down,none,weak,none,strong,none,none,none,strong,weak,none,none,none,moderate,none,none,weak,none,strong,"Actor 04 said “Rice is often served in round bowls.”, with *slow* **speech rate**, *lower* **pitch**, *quieter* **loudness**, **gaze** *averted* (downwards), and *weak* **raised inner eyebrows**, *strong* **lowered brows**, *strong* **wrinkled nose**, *weak* **raised upper lip**, *moderate* **raised chin**, *weak* **parted lips**, and *strong* **blinking**."
S_04_05_06_1_1,04,disgust,6,1,1,The juice of lemons makes fine punch.,normal,normal,normal,down,none,weak,weak,weak,none,none,none,weak,weak,none,none,none,none,none,weak,weak,none,none,"Actor 04 said “The juice of lemons makes fine punch.”, with *normal* **speech rate**, *normal* **pitch**, *normal* **loudness**, **gaze** *averted* (downwards), and *weak* **raised inner eyebrows**, *weak* **raised outer eyebrows**, *weak* **lowered brows**, *weak* **wrinkled nose**, *weak* **raised upper lip**, *weak* **tightened lips**, and *weak* **parted lips**."
S_04_05_06_2_1,04,disgust,6,2,1,The juice of lemons makes fine punch.,slow,lower,quieter,down,tilting,strong,weak,strong,moderate,none,strong,strong,moderate,none,none,strong,none,none,moderate,strong,moderate,moderate,"Actor 04 said “The juice of lemons makes fine punch.”, with *slow* **speech rate**, *lower* **pitch**, *quieter* **loudness**, **gaze** *averted* (downwards), while *tilting* their **head**, and *strong* **raised inner eyebrows**, *weak* **raised outer eyebrows**, *strong* **lowered brows**, *moderate* **raised upper eyelids**, *strong* **tightened eyelids**, *strong* **wrinkled nose**, *moderate* **raised upper lip**, *strong* **downturned mouth corners**, *moderate* **tightened lips**, *strong* **parted lips**, *moderate* **a dropped jaw**, and *moderate* **blinking**."
S_04_05_07_1_1,04,disgust,7,1,1,The box was thrown beside the parked truck.,normal,normal,normal,down,none,weak,none,moderate,none,weak,none,weak,weak,none,none,none,none,none,weak,weak,none,none,"Actor 04 said “The box was thrown beside the parked truck.”, with *normal* **speech rate**, *normal* **pitch**, *normal* **loudness**, **gaze** *averted* (downwards), and *weak* **raised inner eyebrows**, *moderate* **lowered brows**, *weak* **raised cheeks**, *weak* **wrinkled nose**, *weak* **raised upper lip**, *weak* **tightened lips**, and *weak* **parted lips**."
S_04_05_07_2_1,04,disgust,7,2,1,The box was thrown beside the parked truck.,slow,lower,quieter,down,none,weak,none,strong,none,none,none,strong,weak,none,none,none,moderate,none,none,weak,none,strong,"Actor 04 said “The box was thrown beside the parked truck.”, with *slow* **speech rate**, *lower* **pitch**, *quieter* **loudness**, **gaze** *averted* (downwards), and *weak* **raised inner eyebrows**, *strong* **lowered brows**, *strong* **wrinkled nose**, *weak* **raised upper lip**, *moderate* **raised chin**, *weak* **parted lips**, and *strong* **blinking**."
S_04_05_08_1_1,04,disgust,8,1,1,The hogs were fed chopped corn and garbage.,normal,normal,normal,front,none,none,none,none,none,weak,none,weak,weak,none,none,none,none,none,none,none,none,none,"Actor 04 said “The hogs were fed chopped corn and garbage.”, with *normal* **speech rate**, *normal* **pitch**, *normal* **loudness**, while **looking at the camera**, and *weak* **raised cheeks**, *weak* **wrinkled nose**, and *weak* **raised upper lip**."
S_04_05_08_2_1,04,disgust,8,2,1,The hogs were fed chopped corn and garbage.,slow,lower,quieter,down,none,weak,none,strong,none,none,none,strong,weak,none,none,none,moderate,none,none,moderate,none,strong,"Actor 04 said “The hogs were fed chopped corn and garbage.”, with *slow* **speech rate**, *lower* **pitch**, *quieter* **loudness**, **gaze** *averted* (downwards), and *weak* **raised inner eyebrows**, *strong* **lowered brows**, *strong* **wrinkled nose**, *weak* **raised upper lip**, *moderate* **raised chin**, *moderate* **parted lips**, and *strong* **blinking**."
S_04_05_09_1_1,04,disgust,9,1,1,Four hours of steady work faced us.,normal,normal,quieter,down,none,weak,weak,weak,none,none,none,weak,weak,none,none,none,none,none,weak,weak,none,weak,"Actor 04 said “Four hours of steady work faced us.”, with *normal* **speech rate**, *normal* **pitch**, *quieter* **loudness**, **gaze** *averted* (downwards), and *weak* **raised inner eyebrows**, *weak* **raised outer eyebrows**, *weak* **lowered brows**, *weak* **wrinkled nose**, *weak* **raised upper lip**, *weak* **tightened lips**, *weak* **parted lips**, and *weak* **blinking**."
S_04_05_09_2_1,04,disgust,9,2,1,Four hours of steady work faced us.,slow,lower,quieter,down,shaking,strong,weak,strong,moderate,none,strong,strong,moderate,none,none,strong,none,none,moderate,strong,none,strong,"Actor 04 said “Four hours of steady work faced us.”, with *slow* **speech rate**, *lower* **pitch**, *quieter* **loudness**, **gaze** *averted* (downwards), while *shaking* their **head**, and *strong* **raised inner eyebrows**, *weak* **raised outer eyebrows**, *strong* **lowered brows**, *moderate* **raised upper eyelids**, *strong* **tightened eyelids**, *strong* **wrinkled nose**, *moderate* **raised upper lip**, *strong* **downturned mouth corners**, *moderate* **tightened lips**, *strong* **parted lips**, and *strong* **blinking**."
S_04_05_10_1_1,04,disgust,10,1,1,A large size in stockings is hard to sell.,normal,normal,normal,front,none,weak,none,moderate,none,weak,none,weak,weak,none,none,none,none,none,weak,weak,none,none,"Actor 04 said “A large size in stockings is hard to sell.”, with *normal* **speech rate**, *normal* **pitch**, *normal* **loudness**, while **looking at the camera**, and *weak* **raised inner eyebrows**, *moderate* **lowered brows**, *weak* **raised cheeks**, *weak* **wrinkled nose**, *weak* **raised upper lip**, *weak* **tightened lips**, and *weak* **parted lips**."
S_04_05_10_2_1,04,disgust,10,2,1,A large size in stockings is hard to sell.,slow,lower,louder,down,shaking,strong,weak,strong,moderate,none,none,strong,moderate,none,none,strong,none,none,moderate,strong,none,strong,"Actor 04 said “A large size in stockings is hard to sell.”, with *slow* **speech rate**, *lower* **pitch**, *louder* **loudness**, **gaze** *averted* (downwards), while *shaking* their **head**, and *strong* **raised inner eyebrows**, *weak* **raised outer eyebrows**, *strong* **lowered brows**, *moderate* **raised upper eyelids**, *strong* **wrinkled nose**, *moderate* **raised upper lip**, *strong* **downturned mouth corners**, *moderate* **tightened lips**, *strong* **parted lips**, and *strong* **blinking**."
S_04_06_01_1_1,04,surprise,1,1,1,The birch canoe slid on the smooth planks.,fast,higher,louder,front,none,weak,none,none,moderate,weak,none,none,none,none,none,none,none,none,none,moderate,none,none,"Actor 04 said “The birch canoe slid on the smooth planks.”, with *fast* **speech rate**, *higher* **pitch**, *louder* **loudness**, while **looking at the camera**, and *weak* **raised inner eyebrows**, *moderate* **raised upper eyelids**, *weak* **raised cheeks**, and *moderate* **parted lips**."
S_04_06_01_2_1,04,surprise,1,2,1,The birch canoe slid on the smooth planks.,fast,higher,louder,front,none,weak,strong,moderate,strong,moderate,strong,none,none,none,none,none,none,none,none,strong,moderate,none,"Actor 04 said “The birch canoe slid on the smooth planks.”, with *fast* **speech rate**, *higher* **pitch**, *louder* **loudness**, while **looking at the camera**, and *weak* **raised inner eyebrows**, *strong* **raised outer eyebrows**, *moderate* **lowered brows**, *strong* **raised upper eyelids**, *moderate* **raised cheeks**, *strong* **tightened eyelids**, *strong* **parted lips**, and *moderate* **a dropped jaw**."
S_04_06_02_1_1,04,surprise,2,1,1,Glue the sheet to the dark blue background.,fast,higher,louder,front,none,weak,none,none,moderate,none,none,none,none,weak,none,none,none,none,none,weak,none,none,"Actor 04 said “Glue the sheet to the dark blue background.”, with *fast* **speech rate**, *higher* **pitch**, *louder* **loudness**, while **looking at the camera**, and *weak* **raised inner eyebrows**, *moderate* **raised upper eyelids**, *weak* **a smile**, and *weak* **parted lips**."
S_04_06_02_2_1,04,surprise,2,2,1,Glue the sheet to the dark blue background.,fast,higher,louder,front,none,weak,strong,moderate,strong,moderate,strong,weak,none,none,none,moderate,none,none,none,strong,strong,none,"Actor 04 said “Glue the sheet to the dark blue background.”, with *fast* **speech rate**, *higher* **pitch**, *louder* **loudness**, while **looking at the camera**, and *weak* **raised inner eyebrows**, *strong* **raised outer eyebrows**, *moderate* **lowered brows**, *strong* **raised upper eyelids**, *moderate* **raised cheeks**, *strong* **tightened eyelids**, *weak* **wrinkled nose**, *moderate* **downturned mouth corners**, *strong* **parted lips**, and *strong* **a dropped jaw**."
S_04_06_03_1_1,04,surprise,3,1,1,It's easy to tell the depth of a well.,normal,higher,normal,front,none,weak,none,none,none,none,none,none,none,none,none,none,none,none,none,none,none,none,"Actor 04 said “It's easy to tell the depth of a well.”, with *normal* **speech rate**, *higher* **pitch**, *normal* **loudness**, while **looking at the camera**, and *weak* **raised inner eyebrows**."
S_04_06_03_2_1,04,surprise,3,2,1,It's easy to tell the depth of a well.,fast,higher,louder,front,none,weak,strong,moderate,strong,moderate,strong,none,none,none,none,moderate,none,none,none,strong,weak,none,"Actor 04 said “It's easy to tell the depth of a well.”, with *fast* **speech rate**, *higher* **pitch**, *louder* **loudness**, while **looking at the camera**, and *weak* **raised inner eyebrows**, *strong* **raised outer eyebrows**, *moderate* **lowered brows**, *strong* **raised upper eyelids**, *moderate* **raised cheeks**, *strong* **tightened eyelids**, *moderate* **downturned mouth corners**, *strong* **parted lips**, and *weak* **a dropped jaw**."
S_04_06_04_1_1,04,surprise,4,1,1,These days a chicken leg is a rare dish.,normal,higher,normal,front,none,weak,none,none,none,none,none,none,none,none,none,none,none,none,none,none,none,none,"Actor 04 said “These days a chicken leg is a rare dish.”, with *normal* **speech rate**, *higher* **pitch**, *normal* **loudness**, while **looking at the camera**, and *weak* **raised inner eyebrows**."
S_04_06_04_2_1,04,surprise,4,2,1,These days a chicken leg is a rare dish.,fast,higher,louder,front,none,weak,strong,moderate,strong,moderate,strong,none,none,none,none,moderate,none,none,none,strong,weak,none,"Actor 04 said “These days a chicken leg is a rare dish.”, with *fast* **speech rate**, *higher* **pitch**, *louder* **loudness**, while **looking at the camera**, and *weak* **raised inner eyebrows**, *strong* **raised outer eyebrows**, *moderate* **lowered brows**, *strong* **raised upper eyelids**, *moderate* **raised cheeks**, *strong* **tightened eyelids**, *moderate* **downturned mouth corners**, *strong* **parted lips**, and *weak* **a dropped jaw**."
S_04_06_05_1_1,04,surprise,5,1,1,Rice is often served in round bowls.,fast,higher,louder,up,none,weak,none,none,moderate,none,none,none,none,weak,none,none,none,none,none,weak,none,none,"Actor 04 said “Rice is often served in round bowls.”, with *fast* **speech rate**, *higher* **pitch**, *louder* **loudness**, **gaze** *averted* (upwards), and *weak* **raised inner eyebrows**, *moderate* **raised upper eyelids**, *weak* **a smile**, and *weak* **parted lips**."
S_04_06_05_2_1,04,surprise,5,2,1,Rice is often served in round bowls.,fast,higher,louder,front,none,weak,strong,moderate,moderate,none,none,none,none,none,none,none,none,none,none,moderate,moderate,none,"Actor 04 said “Rice is often served in round bowls.”, with *fast* **speech rate**, *higher* **pitch**, *louder* **loudness**, while **looking at the camera**, and *weak* **raised inner eyebrows**, *strong* **raised outer eyebrows**, *moderate* **lowered brows**, *moderate* **raised upper eyelids**, *moderate* **parted lips**, and *moderate* **a dropped jaw**."
S_04_06_06_1_1,04,surprise,6,1,1,The juice of lemons makes fine punch.,fast,higher,louder,up,none,weak,none,none,moderate,none,none,none,none,weak,none,none,none,none,none,weak,none,none,"Actor 04 said “The juice of lemons makes fine punch.”, with *fast* **speech rate**, *higher* **pitch**, *louder* **loudness**, **gaze** *averted* (upwards), and *weak* **raised inner eyebrows**, *moderate* **raised upper eyelids**, *weak* **a smile**, and *weak* **parted lips**."
S_04_06_06_2_1,04,surprise,6,2,1,The juice of lemons makes fine punch.,fast,higher,louder,front,none,weak,strong,moderate,strong,none,strong,none,none,none,none,none,none,none,none,strong,strong,strong,"Actor 04 said “The juice of lemons makes fine punch.”, with *fast* **speech rate**, *higher* **pitch**, *louder* **loudness**, while **looking at the camera**, and *weak* **raised inner eyebrows**, *strong* **raised outer eyebrows**, *moderate* **lowered brows**, *strong* **raised upper eyelids**, *strong* **tightened eyelids**, *strong* **parted lips**, *strong* **a dropped jaw**, and *strong* **blinking**."
S_04_06_07_1_1,04,surprise,7,1,1,The box was thrown beside the parked truck.,normal,higher,normal,front,none,weak,none,none,none,none,none,none,none,none,none,none,none,none,none,none,none,none,"Actor 04 said “The box was thrown beside the parked truck.”, with *normal* **speech rate**, *higher* **pitch**, *normal* **loudness**, while **looking at the camera**, and *weak* **raised inner eyebrows**."
S_04_06_07_2_1,04,surprise,7,2,1,The box was thrown beside the parked truck.,fast,higher,louder,front,none,weak,strong,moderate,moderate,none,none,none,none,none,none,none,none,none,none,strong,strong,none,"Actor 04 said “The box was thrown beside the parked truck.”, with *fast* **speech rate**, *higher* **pitch**, *louder* **loudness**, while **looking at the camera**, and *weak* **raised inner eyebrows**, *strong* **raised outer eyebrows**, *moderate* **lowered brows**, *moderate* **raised upper eyelids**, *strong* **parted lips**, and *strong* **a dropped jaw**."
S_04_06_08_1_1,04,surprise,8,1,1,The hogs were fed chopped corn and garbage.,fast,higher,louder,left,none,weak,none,none,moderate,weak,none,none,none,none,none,none,none,none,none,weak,none,none,"Actor 04 said “The hogs were fed chopped corn and garbage.”, with *fast* **speech rate**, *higher* **pitch**, *louder* **loudness**, **gaze** *averted* (to their left), and *weak* **raised inner eyebrows**, *moderate* **raised upper eyelids**, *weak* **raised cheeks**, and *weak* **parted lips**."
S_04_06_08_2_1,04,surprise,8,2,1,The hogs were fed chopped corn and garbage.,fast,higher,louder,front,none,weak,strong,moderate,moderate,none,none,none,none,none,none,none,none,none,none,strong,strong,strong,"Actor 04 said “The hogs were fed chopped corn and garbage.”, with *fast* **speech rate**, *higher* **pitch**, *louder* **loudness**, while **looking at the camera**, and *weak* **raised inner eyebrows**, *strong* **raised outer eyebrows**, *moderate* **lowered brows**, *moderate* **raised upper eyelids**, *strong* **parted lips**, *strong* **a dropped jaw**, and *strong* **blinking**."
S_04_06_09_1_1,04,surprise,9,1,1,Four hours of steady work faced us.,fast,higher,louder,front,none,weak,none,none,moderate,weak,none,none,none,none,none,none,none,none,none,weak,none,none,"Actor 04 said “Four hours of steady work faced us.”, with *fast* **speech rate**, *higher* **pitch**, *louder* **loudness**, while **looking at the camera**, and *weak* **raised inner eyebrows**, *moderate* **raised upper eyelids**, *weak* **raised cheeks**, and *weak* **parted lips**."
S_04_06_09_2_1,04,surprise,9,2,1,Four hours of steady work faced us.,fast,higher,louder,front,none,weak,strong,moderate,moderate,none,none,none,none,none,none,none,none,none,none,strong,strong,none,"Actor 04 said “Four hours of steady work faced us.”, with *fast* **speech rate**, *higher* **pitch**, *louder* **loudness**, while **looking at the camera**, and *weak* **raised inner eyebrows**, *strong* **raised outer eyebrows**, *moderate* **lowered brows**, *moderate* **raised upper eyelids**, *strong* **parted lips**, and *strong* **a dropped jaw**."
S_04_06_10_1_1,04,surprise,10,1,1,A large size in stockings is hard to sell.,fast,higher,louder,front,none,weak,none,none,moderate,none,none,none,none,weak,none,none,none,none,none,weak,none,none,"Actor 04 said “A large size in stockings is hard to sell.”, with *fast* **speech rate**, *higher* **pitch**, *louder* **loudness**, while **looking at the camera**, and *weak* **raised inner eyebrows**, *moderate* **raised upper eyelids**, *weak* **a smile**, and *weak* **parted lips**."
S_04_06_10_2_1,04,surprise,10,2,1,A large size in stockings is hard to sell.,fast,higher,louder,up,none,weak,strong,moderate,moderate,none,none,none,none,none,none,none,none,none,none,strong,strong,strong,"Actor 04 said “A large size in stockings is hard to sell.”, with *fast* **speech rate**, *higher* **pitch**, *louder* **loudness**, **gaze** *averted* (upwards), and *weak* **raised inner eyebrows**, *strong* **raised outer eyebrows**, *moderate* **lowered brows**, *moderate* **raised upper eyelids**, *strong* **parted lips**, *strong* **a dropped jaw**, and *strong* **blinking**."
S_04_07_01_1_1,04,confidence,1,1,1,The birch canoe slid on the smooth planks.,normal,normal,normal,front,none,none,none,none,none,none,none,none,none,weak,none,none,none,none,none,none,none,none,"Actor 04 said “The birch canoe slid on the smooth planks.”, with *normal* **speech rate**, *normal* **pitch**, *normal* **loudness**, while **looking at the camera**, and *weak* **a smile**."
S_04_07_01_2_1,04,confidence,1,2,1,The birch canoe slid on the smooth planks.,normal,higher,louder,front,none,none,none,none,none,weak,none,none,none,moderate,none,none,none,none,none,none,none,none,"Actor 04 said “The birch canoe slid on the smooth planks.”, with *normal* **speech rate**, *higher* **pitch**, *louder* **loudness**, while **looking at the camera**, and *weak* **raised cheeks** and *moderate* **a smile**."
S_04_07_02_1_1,04,confidence,2,1,1,Glue the sheet to the dark blue background.,normal,normal,normal,front,none,none,none,none,none,none,none,none,none,weak,none,none,none,none,none,none,none,none,"Actor 04 said “Glue the sheet to the dark blue background.”, with *normal* **speech rate**, *normal* **pitch**, *normal* **loudness**, while **looking at the camera**, and *weak* **a smile**."
S_04_07_02_2_1,04,confidence,2,2,1,Glue the sheet to the dark blue background.,normal,higher,louder,front,none,none,none,none,none,none,none,none,none,moderate,none,none,none,none,none,none,none,none,"Actor 04 said “Glue the sheet to the dark blue background.”, with *normal* **speech rate**, *higher* **pitch**, *louder* **loudness**, while **looking at the camera**, and *moderate* **a smile**."
S_04_07_03_1_1,04,confidence,3,1,1,It's easy to tell the depth of a well.,normal,normal,normal,front,none,none,none,none,none,none,none,none,none,weak,none,none,none,none,none,none,none,none,"Actor 04 said “It's easy to tell the depth of a well.”, with *normal* **speech rate**, *normal* **pitch**, *normal* **loudness**, while **looking at the camera**, and *weak* **a smile**."
S_04_07_03_2_1,04,confidence,3,2,1,It's easy to tell the depth of a well.,slow,higher,louder,front,none,none,none,none,weak,none,none,none,none,moderate,none,none,none,none,none,none,none,none,"Actor 04 said “It's easy to tell the depth of a well.”, with *slow* **speech rate**, *higher* **pitch**, *louder* **loudness**, while **looking at the camera**, and *weak* **raised upper eyelids** and *moderate* **a smile**."
S_04_07_04_1_1,04,confidence,4,1,1,These days a chicken leg is a rare dish.,normal,normal,normal,front,none,none,none,none,none,none,none,none,none,weak,none,none,none,none,none,none,none,none,"Actor 04 said “These days a chicken leg is a rare dish.”, with *normal* **speech rate**, *normal* **pitch**, *normal* **loudness**, while **looking at the camera**, and *weak* **a smile**."
S_04_07_04_2_1,04,confidence,4,2,1,These days a chicken leg is a rare dish.,normal,higher,louder,front,none,none,none,none,none,moderate,none,none,none,strong,none,none,none,none,none,none,none,none,"Actor 04 said “These days a chicken leg is a rare dish.”, with *normal* **speech rate**, *higher* **pitch**, *louder* **loudness**, while **looking at the camera**, and *moderate* **raised cheeks** and *strong* **a smile**."
S_04_07_05_1_1,04,confidence,5,1,1,Rice is often served in round bowls.,normal,normal,normal,front,none,none,none,none,none,none,none,none,none,weak,none,none,none,none,none,none,none,none,"Actor 04 said “Rice is often served in round bowls.”, with *normal* **speech rate**, *normal* **pitch**, *normal* **loudness**, while **looking at the camera**, and *weak* **a smile**."
S_04_07_05_2_1,04,confidence,5,2,1,Rice is often served in round bowls.,normal,higher,louder,front,none,none,none,none,none,moderate,none,none,none,strong,none,none,none,none,none,none,none,none,"Actor 04 said “Rice is often served in round bowls.”, with *normal* **speech rate**, *higher* **pitch**, *louder* **loudness**, while **looking at the camera**, and *moderate* **raised cheeks** and *strong* **a smile**."
S_04_07_06_1_1,04,confidence,6,1,1,The juice of lemons makes fine punch.,normal,normal,normal,front,none,none,none,none,none,none,none,none,none,weak,none,none,none,none,none,none,none,none,"Actor 04 said “The juice of lemons makes fine punch.”, with *normal* **speech rate**, *normal* **pitch**, *normal* **loudness**, while **looking at the camera**, and *weak* **a smile**."
S_04_07_06_2_1,04,confidence,6,2,1,The juice of lemons makes fine punch.,normal,higher,louder,front,none,none,none,none,none,weak,none,none,none,moderate,none,none,none,none,none,none,none,none,"Actor 04 said “The juice of lemons makes fine punch.”, with *normal* **speech rate**, *higher* **pitch**, *louder* **loudness**, while **looking at the camera**, and *weak* **raised cheeks** and *moderate* **a smile**."
S_04_07_07_1_1,04,confidence,7,1,1,The box was thrown beside the parked truck.,normal,normal,normal,front,none,none,none,none,none,none,none,none,none,weak,none,none,none,none,none,none,none,none,"Actor 04 said “The box was thrown beside the parked truck.”, with *normal* **speech rate**, *normal* **pitch**, *normal* **loudness**, while **looking at the camera**, and *weak* **a smile**."
S_04_07_07_2_1,04,confidence,7,2,1,The box was thrown beside the parked truck.,normal,higher,louder,front,none,none,none,none,weak,weak,none,none,none,moderate,none,none,none,none,none,none,none,none,"Actor 04 said “The box was thrown beside the parked truck.”, with *normal* **speech rate**, *higher* **pitch**, *louder* **loudness**, while **looking at the camera**, and *weak* **raised upper eyelids**, *weak* **raised cheeks**, and *moderate* **a smile**."
S_04_07_08_1_1,04,confidence,8,1,1,The hogs were fed chopped corn and garbage.,normal,normal,normal,front,none,none,none,none,none,none,none,none,none,weak,none,none,none,none,none,none,none,none,"Actor 04 said “The hogs were fed chopped corn and garbage.”, with *normal* **speech rate**, *normal* **pitch**, *normal* **loudness**, while **looking at the camera**, and *weak* **a smile**."
S_04_07_08_2_1,04,confidence,8,2,1,The hogs were fed chopped corn and garbage.,normal,higher,louder,front,none,none,none,none,none,none,none,none,none,strong,none,none,none,none,none,none,none,none,"Actor 04 said “The hogs were fed chopped corn and garbage.”, with *normal* **speech rate**, *higher* **pitch**, *louder* **loudness**, while **looking at the camera**, and *strong* **a smile**."
S_04_07_09_1_1,04,confidence,9,1,1,Four hours of steady work faced us.,normal,normal,normal,front,none,none,none,none,none,none,none,none,none,weak,none,none,none,none,none,none,none,none,"Actor 04 said “Four hours of steady work faced us.”, with *normal* **speech rate**, *normal* **pitch**, *normal* **loudness**, while **looking at the camera**, and *weak* **a smile**."
S_04_07_09_2_1,04,confidence,9,2,1,Four hours of steady work faced us.,slow,higher,louder,front,none,none,none,none,none,none,none,none,none,moderate,none,none,none,none,none,none,none,none,"Actor 04 said “Four hours of steady work faced us.”, with *slow* **speech rate**, *higher* **pitch**, *louder* **loudness**, while **looking at the camera**, and *moderate* **a smile**."
S_04_07_10_1_1,04,confidence,10,1,1,A large size in stockings is hard to sell.,normal,normal,normal,front,none,none,none,none,none,none,none,none,none,weak,none,none,none,none,none,none,none,none,"Actor 04 said “A large size in stockings is hard to sell.”, with *normal* **speech rate**, *normal* **pitch**, *normal* **loudness**, while **looking at the camera**, and *weak* **a smile**."
S_04_07_10_2_1,04,confidence,10,2,1,A large size in stockings is hard to sell.,normal,higher,louder,front,none,none,none,none,none,moderate,none,none,none,strong,none,none,none,none,none,none,none,none,"Actor 04 said “A large size in stockings is hard to sell.”, with *normal* **speech rate**, *higher* **pitch**, *louder* **loudness**, while **looking at the camera**, and *moderate* **raised cheeks** and *strong* **a smile**."
S_04_08_01_1_1,04,confusion,1,1,1,The birch canoe slid on the smooth planks.,slow,normal,normal,front,tilting,weak,none,weak,none,none,none,none,none,none,none,none,none,none,none,none,none,none,"Actor 04 said “The birch canoe slid on the smooth planks.”, with *slow* **speech rate**, *normal* **pitch**, *normal* **loudness**, while **looking at the camera**, while *tilting* their **head**, and *weak* **raised inner eyebrows** and *weak* **lowered brows**."
S_04_08_01_2_1,04,confusion,1,2,1,The birch canoe slid on the smooth planks.,slow,higher,normal,left,none,weak,none,moderate,none,none,none,none,none,none,none,none,none,none,none,weak,none,moderate,"Actor 04 said “The birch canoe slid on the smooth planks.”, with *slow* **speech rate**, *higher* **pitch**, *normal* **loudness**, **gaze** *averted* (to their left), and *weak* **raised inner eyebrows**, *moderate* **lowered brows**, *weak* **parted lips**, and *moderate* **blinking**."
S_04_08_02_1_1,04,confusion,2,1,1,Glue the sheet to the dark blue background.,slow,normal,normal,front,tilting,weak,none,none,none,none,none,none,none,none,none,none,none,none,none,none,none,none,"Actor 04 said “Glue the sheet to the dark blue background.”, with *slow* **speech rate**, *normal* **pitch**, *normal* **loudness**, while **looking at the camera**, while *tilting* their **head**, and *weak* **raised inner eyebrows**."
S_04_08_02_2_1,04,confusion,2,2,1,Glue the sheet to the dark blue background.,slow,higher,normal,left,none,weak,none,moderate,none,none,none,none,none,none,none,none,none,none,none,moderate,none,moderate,"Actor 04 said “Glue the sheet to the dark blue background.”, with *slow* **speech rate**, *higher* **pitch**, *normal* **loudness**, **gaze** *averted* (to their left), and *weak* **raised inner eyebrows**, *moderate* **lowered brows**, *moderate* **parted lips**, and *moderate* **blinking**."
S_04_08_03_1_1,04,confusion,3,1,1,It's easy to tell the depth of a well.,slow,normal,normal,front,tilting,weak,none,weak,none,none,none,none,none,none,none,none,none,none,none,none,none,none,"Actor 04 said “It's easy to tell the depth of a well.”, with *slow* **speech rate**, *normal* **pitch**, *normal* **loudness**, while **looking at the camera**, while *tilting* their **head**, and *weak* **raised inner eyebrows** and *weak* **lowered brows**."
S_04_08_03_2_1,04,confusion,3,2,1,It's easy to tell the depth of a well.,slow,higher,normal,left,none,weak,none,moderate,none,none,none,none,none,none,none,none,none,none,none,weak,none,moderate,"Actor 04 said “It's easy to tell the depth of a well.”, with *slow* **speech rate**, *higher* **pitch**, *normal* **loudness**, **gaze** *averted* (to their left), and *weak* **raised inner eyebrows**, *moderate* **lowered brows**, *weak* **parted lips**, and *moderate* **blinking**."
S_04_08_04_1_1,04,confusion,4,1,1,These days a chicken leg is a rare dish.,slow,normal,normal,front,tilting,weak,none,weak,none,none,none,none,none,none,none,none,none,none,none,none,none,none,"Actor 04 said “These days a chicken leg is a rare dish.”, with *slow* **speech rate**, *normal* **pitch**, *normal* **loudness**, while **looking at the camera**, while *tilting* their **head**, and *weak* **raised inner eyebrows** and *weak* **lowered brows**."
S_04_08_04_2_1,04,confusion,4,2,1,These days a chicken leg is a rare dish.,slow,higher,normal,front,none,weak,none,moderate,none,none,none,none,none,none,none,none,none,none,none,weak,weak,moderate,"Actor 04 said “These days a chicken leg is a rare dish.”, with *slow* **speech rate**, *higher* **pitch**, *normal* **loudness**, while **looking at the camera**, and *weak* **raised inner eyebrows**, *moderate* **lowered brows**, *weak* **parted lips**, *weak* **a dropped jaw**, and *moderate* **blinking**."
S_04_08_05_1_1,04,confusion,5,1,1,Rice is often served in round bowls.,slow,normal,normal,front,tilting,weak,none,weak,none,none,none,none,none,none,none,none,none,none,none,none,none,none,"Actor 04 said “Rice is often served in round bowls.”, with *slow* **speech rate**, *normal* **pitch**, *normal* **loudness**, while **looking at the camera**, while *tilting* their **head**, and *weak* **raised inner eyebrows** and *weak* **lowered brows**."
S_04_08_05_2_1,04,confusion,5,2,1,Rice is often served in round bowls.,slow,higher,normal,up,tilting,weak,none,moderate,none,none,none,none,none,none,none,none,none,none,none,weak,none,moderate,"Actor 04 said “Rice is often served in round bowls.”, with *slow* **speech rate**, *higher* **pitch**, *normal* **loudness**, **gaze** *averted* (upwards), while *tilting* their **head**, and *weak* **raised inner eyebrows**, *moderate* **lowered brows**, *weak* **parted lips**, and *moderate* **blinking**."
S_04_08_06_1_1,04,confusion,6,1,1,The juice of lemons makes fine punch.,slow,normal,normal,front,tilting,weak,none,weak,none,none,none,none,none,none,none,none,none,none,none,none,none,none,"Actor 04 said “The juice of lemons makes fine punch.”, with *slow* **speech rate**, *normal* **pitch**, *normal* **loudness**, while **looking at the camera**, while *tilting* their **head**, and *weak* **raised inner eyebrows** and *weak* **lowered brows**."
S_04_08_06_2_1,04,confusion,6,2,1,The juice of lemons makes fine punch.,slow,higher,normal,left,none,weak,none,moderate,none,none,none,none,none,none,none,none,none,none,none,weak,none,moderate,"Actor 04 said “The juice of lemons makes fine punch.”, with *slow* **speech rate**, *higher* **pitch**, *normal* **loudness**, **gaze** *averted* (to their left), and *weak* **raised inner eyebrows**, *moderate* **lowered brows**, *weak* **parted lips**, and *moderate* **blinking**."
S_04_08_07_1_1,04,confusion,7,1,1,The box was thrown beside the parked truck.,slow,normal,normal,front,tilting,weak,none,moderate,none,none,none,none,none,none,none,none,none,none,none,weak,none,none,"Actor 04 said “The box was thrown beside the parked truck.”, with *slow* **speech rate**, *normal* **pitch**, *normal* **loudness**, while **looking at the camera**, while *tilting* their **head**, and *weak* **raised inner eyebrows**, *moderate* **lowered brows**, and *weak* **parted lips**."
S_04_08_07_2_1,04,confusion,7,2,1,The box was thrown beside the parked truck.,slow,normal,normal,down,tilting,weak,none,moderate,none,none,none,none,none,none,none,none,none,none,none,weak,none,moderate,"Actor 04 said “The box was thrown beside the parked truck.”, with *slow* **speech rate**, *normal* **pitch**, *normal* **loudness**, **gaze** *averted* (downwards), while *tilting* their **head**, and *weak* **raised inner eyebrows**, *moderate* **lowered brows**, *weak* **parted lips**, and *moderate* **blinking**."
S_04_08_08_1_1,04,confusion,8,1,1,The hogs were fed chopped corn and garbage.,slow,normal,normal,front,none,weak,none,none,none,none,none,none,none,none,none,none,none,none,none,none,none,none,"Actor 04 said “The hogs were fed chopped corn and garbage.”, with *slow* **speech rate**, *normal* **pitch**, *normal* **loudness**, while **looking at the camera**, and *weak* **raised inner eyebrows**."
S_04_08_08_2_1,04,confusion,8,2,1,The hogs were fed chopped corn and garbage.,slow,higher,normal,left,tilting,weak,none,moderate,none,none,none,none,none,none,none,none,none,none,none,moderate,none,moderate,"Actor 04 said “The hogs were fed chopped corn and garbage.”, with *slow* **speech rate**, *higher* **pitch**, *normal* **loudness**, **gaze** *averted* (to their left), while *tilting* their **head**, and *weak* **raised inner eyebrows**, *moderate* **lowered brows**, *moderate* **parted lips**, and *moderate* **blinking**."
S_04_08_09_1_1,04,confusion,9,1,1,Four hours of steady work faced us.,slow,normal,normal,front,tilting,weak,none,weak,none,none,none,none,none,none,none,none,none,none,none,none,none,none,"Actor 04 said “Four hours of steady work faced us.”, with *slow* **speech rate**, *normal* **pitch**, *normal* **loudness**, while **looking at the camera**, while *tilting* their **head**, and *weak* **raised inner eyebrows** and *weak* **lowered brows**."
S_04_08_09_2_1,04,confusion,9,2,1,Four hours of steady work faced us.,slow,higher,normal,left,none,strong,none,strong,moderate,weak,none,none,none,none,none,none,none,none,none,moderate,moderate,weak,"Actor 04 said “Four hours of steady work faced us.”, with *slow* **speech rate**, *higher* **pitch**, *normal* **loudness**, **gaze** *averted* (to their left), and *strong* **raised inner eyebrows**, *strong* **lowered brows**, *moderate* **raised upper eyelids**, *weak* **raised cheeks**, *moderate* **parted lips**, *moderate* **a dropped jaw**, and *weak* **blinking**."
S_04_08_10_1_1,04,confusion,10,1,1,A large size in stockings is hard to sell.,slow,normal,normal,front,tilting,weak,none,weak,none,none,none,none,none,none,none,none,none,none,none,none,none,none,"Actor 04 said “A large size in stockings is hard to sell.”, with *slow* **speech rate**, *normal* **pitch**, *normal* **loudness**, while **looking at the camera**, while *tilting* their **head**, and *weak* **raised inner eyebrows** and *weak* **lowered brows**."
S_04_08_10_2_1,04,confusion,10,2,1,A large size in stockings is hard to sell.,slow,higher,normal,up,none,weak,none,moderate,none,none,none,none,none,none,none,none,none,none,none,weak,weak,moderate,"Actor 04 said “A large size in stockings is hard to sell.”, with *slow* **speech rate**, *higher* **pitch**, *normal* **loudness**, **gaze** *averted* (upwards), and *weak* **raised inner eyebrows**, *moderate* **lowered brows**, *weak* **parted lips**, *weak* **a dropped jaw**, and *moderate* **blinking**."
S_04_09_01_1_1,04,contempt,1,1,1,The birch canoe slid on the smooth planks.,normal,normal,normal,front,none,none,none,none,none,none,none,none,none,none,none,weak,none,none,none,none,none,none,"Actor 04 said “The birch canoe slid on the smooth planks.”, with *normal* **speech rate**, *normal* **pitch**, *normal* **loudness**, while **looking at the camera**, and *weak* **downturned mouth corners**."
S_04_09_01_2_1,04,contempt,1,2,1,The birch canoe slid on the smooth planks.,slow,lower,normal,down,shaking,weak,none,strong,none,none,none,none,none,none,none,none,moderate,none,none,none,none,none,"Actor 04 said “The birch canoe slid on the smooth planks.”, with *slow* **speech rate**, *lower* **pitch**, *normal* **loudness**, **gaze** *averted* (downwards), while *shaking* their **head**, and *weak* **raised inner eyebrows**, *strong* **lowered brows**, and *moderate* **raised chin**."
S_04_09_02_1_1,04,contempt,2,1,1,Glue the sheet to the dark blue background.,normal,normal,normal,front,none,none,none,weak,none,none,none,none,none,none,none,weak,none,none,none,none,none,none,"Actor 04 said “Glue the sheet to the dark blue background.”, with *normal* **speech rate**, *normal* **pitch**, *normal* **loudness**, while **looking at the camera**, and *weak* **lowered brows** and *weak* **downturned mouth corners**."
S_04_09_02_2_1,04,contempt,2,2,1,Glue the sheet to the dark blue background.,slow,lower,normal,down,shaking,weak,none,strong,none,none,none,none,none,none,none,none,moderate,none,none,none,none,none,"Actor 04 said “Glue the sheet to the dark blue background.”, with *slow* **speech rate**, *lower* **pitch**, *normal* **loudness**, **gaze** *averted* (downwards), while *shaking* their **head**, and *weak* **raised inner eyebrows**, *strong* **lowered brows**, and *moderate* **raised chin**."
S_04_09_03_1_1,04,contempt,3,1,1,It's easy to tell the depth of a well.,normal,normal,normal,front,none,none,none,weak,none,none,none,none,none,none,none,weak,none,none,none,none,none,none,"Actor 04 said “It's easy to tell the depth of a well.”, with *normal* **speech rate**, *normal* **pitch**, *normal* **loudness**, while **looking at the camera**, and *weak* **lowered brows** and *weak* **downturned mouth corners**."
S_04_09_03_2_1,04,contempt,3,2,1,It's easy to tell the depth of a well.,slow,lower,normal,down,shaking,weak,none,strong,none,none,none,none,none,none,none,moderate,none,none,none,none,none,none,"Actor 04 said “It's easy to tell the depth of a well.”, with *slow* **speech rate**, *lower* **pitch**, *normal* **loudness**, **gaze** *averted* (downwards), while *shaking* their **head**, and *weak* **raised inner eyebrows**, *strong* **lowered brows**, and *moderate* **downturned mouth corners**."
S_04_09_04_1_1,04,contempt,4,1,1,These days a chicken leg is a rare dish.,normal,normal,normal,front,none,none,none,weak,none,none,none,none,none,none,none,weak,none,none,none,none,none,none,"Actor 04 said “These days a chicken leg is a rare dish.”, with *normal* **speech rate**, *normal* **pitch**, *normal* **loudness**, while **looking at the camera**, and *weak* **lowered brows** and *weak* **downturned mouth corners**."
S_04_09_04_2_1,04,contempt,4,2,1,These days a chicken leg is a rare dish.,slow,lower,louder,front,none,weak,none,strong,none,none,none,none,none,none,none,none,moderate,none,none,none,none,none,"Actor 04 said “These days a chicken leg is a rare dish.”, with *slow* **speech rate**, *lower* **pitch**, *louder* **loudness**, while **looking at the camera**, and *weak* **raised inner eyebrows**, *strong* **lowered brows**, and *moderate* **raised chin**."
S_04_09_05_1_1,04,contempt,5,1,1,Rice is often served in round bowls.,normal,normal,normal,front,none,none,none,weak,none,none,none,none,none,none,none,weak,none,none,none,none,none,none,"Actor 04 said “Rice is often served in round bowls.”, with *normal* **speech rate**, *normal* **pitch**, *normal* **loudness**, while **looking at the camera**, and *weak* **lowered brows** and *weak* **downturned mouth corners**."
S_04_09_05_2_1,04,contempt,5,2,1,Rice is often served in round bowls.,slow,lower,normal,down,shaking,weak,none,strong,none,none,none,none,none,none,none,none,moderate,none,none,none,none,none,"Actor 04 said “Rice is often served in round bowls.”, with *slow* **speech rate**, *lower* **pitch**, *normal* **loudness**, **gaze** *averted* (downwards), while *shaking* their **head**, and *weak* **raised inner eyebrows**, *strong* **lowered brows**, and *moderate* **raised chin**."
S_04_09_06_1_1,04,contempt,6,1,1,The juice of lemons makes fine punch.,normal,normal,normal,front,none,none,none,weak,none,none,none,none,none,none,none,weak,none,none,none,none,none,none,"Actor 04 said “The juice of lemons makes fine punch.”, with *normal* **speech rate**, *normal* **pitch**, *normal* **loudness**, while **looking at the camera**, and *weak* **lowered brows** and *weak* **downturned mouth corners**."
S_04_09_06_2_1,04,contempt,6,2,1,The juice of lemons makes fine punch.,slow,lower,normal,down,shaking,weak,none,strong,none,none,none,none,none,none,none,moderate,none,none,none,none,none,none,"Actor 04 said “The juice of lemons makes fine punch.”, with *slow* **speech rate**, *lower* **pitch**, *normal* **loudness**, **gaze** *averted* (downwards), while *shaking* their **head**, and *weak* **raised inner eyebrows**, *strong* **lowered brows**, and *moderate* **downturned mouth corners**."
S_04_09_07_1_1,04,contempt,7,1,1,The box was thrown beside the parked truck.,normal,normal,normal,front,none,weak,none,weak,none,none,none,none,none,none,none,weak,none,none,none,none,none,none,"Actor 04 said “The box was thrown beside the parked truck.”, with *normal* **speech rate**, *normal* **pitch**, *normal* **loudness**, while **looking at the camera**, and *weak* **raised inner eyebrows**, *weak* **lowered brows**, and *weak* **downturned mouth corners**."
S_04_09_07_2_1,04,contempt,7,2,1,The box was thrown beside the parked truck.,slow,lower,quieter,left,shaking,weak,none,strong,none,none,none,none,none,none,none,moderate,none,none,none,none,none,none,"Actor 04 said “The box was thrown beside the parked truck.”, with *slow* **speech rate**, *lower* **pitch**, *quieter* **loudness**, **gaze** *averted* (to their left), while *shaking* their **head**, and *weak* **raised inner eyebrows**, *strong* **lowered brows**, and *moderate* **downturned mouth corners**."
S_04_09_08_1_1,04,contempt,8,1,1,The hogs were fed chopped corn and garbage.,normal,normal,normal,front,none,none,none,weak,none,none,none,none,none,none,none,weak,none,none,none,none,none,none,"Actor 04 said “The hogs were fed chopped corn and garbage.”, with *normal* **speech rate**, *normal* **pitch**, *normal* **loudness**, while **looking at the camera**, and *weak* **lowered brows** and *weak* **downturned mouth corners**."
S_04_09_08_2_1,04,contempt,8,2,1,The hogs were fed chopped corn and garbage.,slow,lower,louder,left,shaking,weak,none,strong,none,none,none,none,weak,none,none,moderate,none,none,none,none,none,none,"Actor 04 said “The hogs were fed chopped corn and garbage.”, with *slow* **speech rate**, *lower* **pitch**, *louder* **loudness**, **gaze** *averted* (to their left), while *shaking* their **head**, and *weak* **raised inner eyebrows**, *strong* **lowered brows**, *weak* **raised upper lip**, and *moderate* **downturned mouth corners**."
S_04_09_09_1_1,04,contempt,9,1,1,Four hours of steady work faced us.,normal,normal,normal,front,none,none,none,none,none,none,none,none,none,none,none,weak,none,none,none,none,none,none,"Actor 04 said “Four hours of steady work faced us.”, with *normal* **speech rate**, *normal* **pitch**, *normal* **loudness**, while **looking at the camera**, and *weak* **downturned mouth corners**."
S_04_09_09_2_1,04,contempt,9,2,1,Four hours of steady work faced us.,slow,lower,louder,left,shaking,moderate,weak,strong,weak,none,none,weak,none,none,none,moderate,none,none,none,none,none,none,"Actor 04 said “Four hours of steady work faced us.”, with *slow* **speech rate**, *lower* **pitch**, *louder* **loudness**, **gaze** *averted* (to their left), while *shaking* their **head**, and *moderate* **raised inner eyebrows**, *weak* **raised outer eyebrows**, *strong* **lowered brows**, *weak* **raised upper eyelids**, *weak* **wrinkled nose**, and *moderate* **downturned mouth corners**."
S_04_09_10_1_1,04,contempt,10,1,1,A large size in stockings is hard to sell.,normal,normal,normal,front,none,none,none,weak,none,none,none,none,none,none,none,none,none,none,none,none,none,none,"Actor 04 said “A large size in stockings is hard to sell.”, with *normal* **speech rate**, *normal* **pitch**, *normal* **loudness**, while **looking at the camera**, and *weak* **lowered brows**."
S_04_09_10_2_1,04,contempt,10,2,1,A large size in stockings is hard to sell.,slow,higher,louder,left,none,weak,none,strong,none,none,none,none,none,none,none,none,moderate,none,none,none,none,none,"Actor 04 said “A large size in stockings is hard to sell.”, with *slow* **speech rate**, *higher* **pitch**, *louder* **loudness**, **gaze** *averted* (to their left), and *weak* **raised inner eyebrows**, *strong* **lowered brows**, and *moderate* **raised chin**."
S_04_10_01_1_1,04,empathy,1,1,1,The birch canoe slid on the smooth planks.,normal,normal,quieter,front,none,weak,none,weak,none,none,none,none,none,none,none,weak,none,none,none,none,none,none,"Actor 04 said “The birch canoe slid on the smooth planks.”, with *normal* **speech rate**, *normal* **pitch**, *quieter* **loudness**, while **looking at the camera**, and *weak* **raised inner eyebrows**, *weak* **lowered brows**, and *weak* **downturned mouth corners**."
S_04_10_01_2_1,04,empathy,1,2,1,The birch canoe slid on the smooth planks.,slow,lower,quieter,front,none,weak,none,none,none,none,none,none,none,none,none,none,moderate,none,none,weak,none,moderate,"Actor 04 said “The birch canoe slid on the smooth planks.”, with *slow* **speech rate**, *lower* **pitch**, *quieter* **loudness**, while **looking at the camera**, and *weak* **raised inner eyebrows**, *moderate* **raised chin**, *weak* **parted lips**, and *moderate* **blinking**."
S_04_10_02_1_1,04,empathy,2,1,1,Glue the sheet to the dark blue background.,slow,lower,quieter,front,none,weak,none,none,none,none,none,none,none,none,none,none,none,none,none,none,none,none,"Actor 04 said “Glue the sheet to the dark blue background.”, with *slow* **speech rate**, *lower* **pitch**, *quieter* **loudness**, while **looking at the camera**, and *weak* **raised inner eyebrows**."
S_04_10_02_2_1,04,empathy,2,2,1,Glue the sheet to the dark blue background.,slow,lower,quieter,front,none,moderate,none,weak,none,weak,none,none,weak,none,none,none,moderate,none,none,weak,none,none,"Actor 04 said “Glue the sheet to the dark blue background.”, with *slow* **speech rate**, *lower* **pitch**, *quieter* **loudness**, while **looking at the camera**, and *moderate* **raised inner eyebrows**, *weak* **lowered brows**, *weak* **raised cheeks**, *weak* **raised upper lip**, *moderate* **raised chin**, and *weak* **parted lips**."
S_04_10_03_1_1,04,empathy,3,1,1,It's easy to tell the depth of a well.,slow,lower,quieter,left,none,weak,none,none,none,none,none,none,none,none,none,none,none,none,none,none,none,none,"Actor 04 said “It's easy to tell the depth of a well.”, with *slow* **speech rate**, *lower* **pitch**, *quieter* **loudness**, **gaze** *averted* (to their left), and *weak* **raised inner eyebrows**."
S_04_10_03_2_1,04,empathy,3,2,1,It's easy to tell the depth of a well.,slow,lower,quieter,front,none,weak,none,moderate,none,moderate,none,none,none,weak,none,moderate,none,none,none,none,none,none,"Actor 04 said “It's easy to tell the depth of a well.”, with *slow* **speech rate**, *lower* **pitch**, *quieter* **loudness**, while **looking at the camera**, and *weak* **raised inner eyebrows**, *moderate* **lowered brows**, *moderate* **raised cheeks**, *weak* **a smile**, and *moderate* **downturned mouth corners**."
S_04_10_04_1_1,04,empathy,4,1,1,These days a chicken leg is a rare dish.,slow,lower,quieter,down,none,weak,none,weak,none,none,none,none,none,none,none,weak,none,none,none,weak,none,weak,"Actor 04 said “These days a chicken leg is a rare dish.”, with *slow* **speech rate**, *lower* **pitch**, *quieter* **loudness**, **gaze** *averted* (downwards), and *weak* **raised inner eyebrows**, *weak* **lowered brows**, *weak* **downturned mouth corners**, *weak* **parted lips**, and *weak* **blinking**."
S_04_10_04_2_1,04,empathy,4,2,1,These days a chicken leg is a rare dish.,slow,lower,quieter,front,none,strong,none,moderate,none,weak,none,none,none,none,none,weak,none,none,none,weak,none,moderate,"Actor 04 said “These days a chicken leg is a rare dish.”, with *slow* **speech rate**, *lower* **pitch**, *quieter* **loudness**, while **looking at the camera**, and *strong* **raised inner eyebrows**, *moderate* **lowered brows**, *weak* **raised cheeks**, *weak* **downturned mouth corners**, *weak* **parted lips**, and *moderate* **blinking**."
S_04_10_05_1_1,04,empathy,5,1,1,Rice is often served in round bowls.,normal,normal,quieter,front,none,weak,none,none,none,none,none,none,none,none,none,none,none,none,none,none,none,none,"Actor 04 said “Rice is often served in round bowls.”, with *normal* **speech rate**, *normal* **pitch**, *quieter* **loudness**, while **looking at the camera**, and *weak* **raised inner eyebrows**."
S_04_10_05_2_1,04,empathy,5,2,1,Rice is often served in round bowls.,slow,lower,quieter,front,none,weak,none,none,none,none,none,none,none,none,none,none,moderate,none,none,weak,none,moderate,"Actor 04 said “Rice is often served in round bowls.”, with *slow* **speech rate**, *lower* **pitch**, *quieter* **loudness**, while **looking at the camera**, and *weak* **raised inner eyebrows**, *moderate* **raised chin**, *weak* **parted lips**, and *moderate* **blinking**."
S_04_10_06_1_1,04,empathy,6,1,1,The juice of lemons makes fine punch.,normal,normal,quieter,front,none,weak,none,none,none,none,none,none,none,none,none,none,none,none,none,none,none,none,"Actor 04 said “The juice of lemons makes fine punch.”, with *normal* **speech rate**, *normal* **pitch**, *quieter* **loudness**, while **looking at the camera**, and *weak* **raised inner eyebrows**."
S_04_10_06_2_1,04,empathy,6,2,1,The juice of lemons makes fine punch.,slow,lower,quieter,front,none,moderate,none,weak,none,weak,none,none,weak,none,none,moderate,weak,none,none,weak,none,moderate,"Actor 04 said “The juice of lemons makes fine punch.”, with *slow* **speech rate**, *lower* **pitch**, *quieter* **loudness**, while **looking at the camera**, and *moderate* **raised inner eyebrows**, *weak* **lowered brows**, *weak* **raised cheeks**, *weak* **raised upper lip**, *moderate* **downturned mouth corners**, *weak* **raised chin**, *weak* **parted lips**, and *moderate* **blinking**."
S_04_10_07_1_1,04,empathy,7,1,1,The box was thrown beside the parked truck.,normal,normal,quieter,front,none,weak,none,none,none,none,none,none,none,none,none,none,none,none,none,none,none,none,"Actor 04 said “The box was thrown beside the parked truck.”, with *normal* **speech rate**, *normal* **pitch**, *quieter* **loudness**, while **looking at the camera**, and *weak* **raised inner eyebrows**."
S_04_10_07_2_1,04,empathy,7,2,1,The box was thrown beside the parked truck.,slow,lower,quieter,front,none,weak,none,none,none,none,none,none,none,none,none,none,moderate,none,none,weak,none,moderate,"Actor 04 said “The box was thrown beside the parked truck.”, with *slow* **speech rate**, *lower* **pitch**, *quieter* **loudness**, while **looking at the camera**, and *weak* **raised inner eyebrows**, *moderate* **raised chin**, *weak* **parted lips**, and *moderate* **blinking**."
S_04_10_08_1_1,04,empathy,8,1,1,The hogs were fed chopped corn and garbage.,normal,normal,quieter,front,none,weak,none,weak,none,none,none,none,none,none,none,weak,none,none,none,none,none,none,"Actor 04 said “The hogs were fed chopped corn and garbage.”, with *normal* **speech rate**, *normal* **pitch**, *quieter* **loudness**, while **looking at the camera**, and *weak* **raised inner eyebrows**, *weak* **lowered brows**, and *weak* **downturned mouth corners**."
S_04_10_08_2_1,04,empathy,8,2,1,The hogs were fed chopped corn and garbage.,slow,lower,quieter,front,none,weak,none,none,none,none,none,none,weak,none,none,none,moderate,none,none,weak,none,none,"Actor 04 said “The hogs were fed chopped corn and garbage.”, with *slow* **speech rate**, *lower* **pitch**, *quieter* **loudness**, while **looking at the camera**, and *weak* **raised inner eyebrows**, *weak* **raised upper lip**, *moderate* **raised chin**, and *weak* **parted lips**."
S_04_10_09_1_1,04,empathy,9,1,1,Four hours of steady work faced us.,slow,lower,quieter,down,none,weak,none,none,none,none,none,none,none,none,none,none,none,none,none,none,none,none,"Actor 04 said “Four hours of steady work faced us.”, with *slow* **speech rate**, *lower* **pitch**, *quieter* **loudness**, **gaze** *averted* (downwards), and *weak* **raised inner eyebrows**."
S_04_10_09_2_1,04,empathy,9,2,1,Four hours of steady work faced us.,slow,lower,quieter,front,none,moderate,none,weak,none,none,none,none,weak,none,none,moderate,none,none,none,weak,none,none,"Actor 04 said “Four hours of steady work faced us.”, with *slow* **speech rate**, *lower* **pitch**, *quieter* **loudness**, while **looking at the camera**, and *moderate* **raised inner eyebrows**, *weak* **lowered brows**, *weak* **raised upper lip**, *moderate* **downturned mouth corners**, and *weak* **parted lips**."
S_04_10_10_1_1,04,empathy,10,1,1,A large size in stockings is hard to sell.,normal,normal,normal,front,none,weak,none,none,none,none,none,none,none,none,none,weak,none,none,none,none,none,none,"Actor 04 said “A large size in stockings is hard to sell.”, with *normal* **speech rate**, *normal* **pitch**, *normal* **loudness**, while **looking at the camera**, and *weak* **raised inner eyebrows** and *weak* **downturned mouth corners**."
S_04_10_10_2_1,04,empathy,10,2,1,A large size in stockings is hard to sell.,slow,lower,quieter,front,none,moderate,none,none,none,none,none,none,none,none,none,moderate,none,none,none,weak,none,weak,"Actor 04 said “A large size in stockings is hard to sell.”, with *slow* **speech rate**, *lower* **pitch**, *quieter* **loudness**, while **looking at the camera**, and *moderate* **raised inner eyebrows**, *moderate* **downturned mouth corners**, *weak* **parted lips**, and *weak* **blinking**."
S_05_00_01_0_1,05,neutral,1,0,1,The birch canoe slid on the smooth planks.,normal,normal,normal,front,none,none,none,none,none,none,none,none,none,none,none,none,none,none,none,none,none,none,"Actor 05 said “The birch canoe slid on the smooth planks.”, with *normal* **speech rate**, *normal* **pitch**, *normal* **loudness**, and while **looking at the camera**."
S_05_00_02_0_1,05,neutral,2,0,1,Glue the sheet to the dark blue background.,normal,normal,normal,front,none,none,none,none,none,none,none,none,none,none,none,none,none,none,none,none,none,none,"Actor 05 said “Glue the sheet to the dark blue background.”, with *normal* **speech rate**, *normal* **pitch**, *normal* **loudness**, and while **looking at the camera**."
S_05_00_03_0_1,05,neutral,3,0,1,It's easy to tell the depth of a well.,normal,normal,normal,front,none,none,none,none,none,none,none,none,none,none,none,none,none,none,none,none,none,none,"Actor 05 said “It's easy to tell the depth of a well.”, with *normal* **speech rate**, *normal* **pitch**, *normal* **loudness**, and while **looking at the camera**."
S_05_00_04_0_1,05,neutral,4,0,1,These days a chicken leg is a rare dish.,normal,normal,normal,front,none,none,none,none,none,none,none,none,none,none,none,none,none,none,none,none,none,none,"Actor 05 said “These days a chicken leg is a rare dish.”, with *normal* **speech rate**, *normal* **pitch**, *normal* **loudness**, and while **looking at the camera**."
S_05_00_05_0_1,05,neutral,5,0,1,Rice is often served in round bowls.,normal,normal,normal,front,none,none,none,none,none,none,none,none,none,none,none,none,none,none,none,none,none,none,"Actor 05 said “Rice is often served in round bowls.”, with *normal* **speech rate**, *normal* **pitch**, *normal* **loudness**, and while **looking at the camera**."
S_05_00_06_0_1,05,neutral,6,0,1,The juice of lemons makes fine punch.,normal,normal,normal,front,none,none,none,none,none,none,none,none,none,none,none,none,none,none,none,none,none,none,"Actor 05 said “The juice of lemons makes fine punch.”, with *normal* **speech rate**, *normal* **pitch**, *normal* **loudness**, and while **looking at the camera**."
S_05_00_07_0_1,05,neutral,7,0,1,The box was thrown beside the parked truck.,normal,normal,normal,front,none,none,none,none,none,none,none,none,none,none,none,none,none,none,none,none,none,none,"Actor 05 said “The box was thrown beside the parked truck.”, with *normal* **speech rate**, *normal* **pitch**, *normal* **loudness**, and while **looking at the camera**."
S_05_00_08_0_1,05,neutral,8,0,1,The hogs were fed chopped corn and garbage.,normal,normal,normal,front,none,none,none,none,none,none,none,none,none,none,none,none,none,none,none,none,none,none,"Actor 05 said “The hogs were fed chopped corn and garbage.”, with *normal* **speech rate**, *normal* **pitch**, *normal* **loudness**, and while **looking at the camera**."
S_05_00_09_0_1,05,neutral,9,0,1,Four hours of steady work faced us.,normal,normal,normal,front,none,none,none,none,none,none,none,none,none,none,none,none,none,none,none,none,none,none,"Actor 05 said “Four hours of steady work faced us.”, with *normal* **speech rate**, *normal* **pitch**, *normal* **loudness**, and while **looking at the camera**."
S_05_00_10_0_1,05,neutral,10,0,1,A large size in stockings is hard to sell.,normal,normal,normal,front,none,none,none,none,none,none,none,none,none,none,none,none,none,none,none,none,none,none,"Actor 05 said “A large size in stockings is hard to sell.”, with *normal* **speech rate**, *normal* **pitch**, *normal* **loudness**, and while **looking at the camera**."
S_05_01_01_1_1,05,fear,1,1,1,The birch canoe slid on the smooth planks.,normal,normal,normal,front,none,weak,none,weak,weak,none,none,none,none,none,none,none,none,none,none,none,none,weak,"Actor 05 said “The birch canoe slid on the smooth planks.”, with *normal* **speech rate**, *normal* **pitch**, *normal* **loudness**, while **looking at the camera**, and *weak* **raised inner eyebrows**, *weak* **lowered brows**, *weak* **raised upper eyelids**, and *weak* **blinking**."
S_05_01_01_2_1,05,fear,1,2,1,The birch canoe slid on the smooth planks.,slow,higher,louder,down,none,strong,weak,strong,strong,none,moderate,none,none,none,none,none,none,none,none,strong,moderate,weak,"Actor 05 said “The birch canoe slid on the smooth planks.”, with *slow* **speech rate**, *higher* **pitch**, *louder* **loudness**, **gaze** *averted* (downwards), and *strong* **raised inner eyebrows**, *weak* **raised outer eyebrows**, *strong* **lowered brows**, *strong* **raised upper eyelids**, *moderate* **tightened eyelids**, *strong* **parted lips**, *moderate* **a dropped jaw**, and *weak* **blinking**."
S_05_01_02_1_1,05,fear,2,1,1,Glue the sheet to the dark blue background.,normal,higher,normal,front,none,weak,none,weak,weak,none,none,none,none,none,none,none,none,none,none,none,none,none,"Actor 05 said “Glue the sheet to the dark blue background.”, with *normal* **speech rate**, *higher* **pitch**, *normal* **loudness**, while **looking at the camera**, and *weak* **raised inner eyebrows**, *weak* **lowered brows**, and *weak* **raised upper eyelids**."
S_05_01_02_2_1,05,fear,2,2,1,Glue the sheet to the dark blue background.,slow,higher,louder,down,none,weak,weak,strong,strong,none,strong,moderate,weak,none,none,none,none,none,none,strong,moderate,none,"Actor 05 said “Glue the sheet to the dark blue background.”, with *slow* **speech rate**, *higher* **pitch**, *louder* **loudness**, **gaze** *averted* (downwards), and *weak* **raised inner eyebrows**, *weak* **raised outer eyebrows**, *strong* **lowered brows**, *strong* **raised upper eyelids**, *strong* **tightened eyelids**, *moderate* **wrinkled nose**, *weak* **raised upper lip**, *strong* **parted lips**, and *moderate* **a dropped jaw**."
S_05_01_03_1_1,05,fear,3,1,1,It's easy to tell the depth of a well.,slow,lower,quieter,front,none,weak,none,weak,weak,none,none,none,none,none,none,none,none,none,none,none,none,weak,"Actor 05 said “It's easy to tell the depth of a well.”, with *slow* **speech rate**, *lower* **pitch**, *quieter* **loudness**, while **looking at the camera**, and *weak* **raised inner eyebrows**, *weak* **lowered brows**, *weak* **raised upper eyelids**, and *weak* **blinking**."
S_05_01_03_2_1,05,fear,3,2,1,It's easy to tell the depth of a well.,slow,higher,louder,left,tilting,strong,weak,strong,moderate,none,moderate,none,none,none,none,none,none,none,none,weak,none,moderate,"Actor 05 said “It's easy to tell the depth of a well.”, with *slow* **speech rate**, *higher* **pitch**, *louder* **loudness**, **gaze** *averted* (to their left), while *tilting* their **head**, and *strong* **raised inner eyebrows**, *weak* **raised outer eyebrows**, *strong* **lowered brows**, *moderate* **raised upper eyelids**, *moderate* **tightened eyelids**, *weak* **parted lips**, and *moderate* **blinking**."
S_05_01_04_1_1,05,fear,4,1,1,These days a chicken leg is a rare dish.,normal,normal,normal,front,none,weak,none,weak,weak,none,none,none,none,none,none,none,none,none,none,none,none,none,"Actor 05 said “These days a chicken leg is a rare dish.”, with *normal* **speech rate**, *normal* **pitch**, *normal* **loudness**, while **looking at the camera**, and *weak* **raised inner eyebrows**, *weak* **lowered brows**, and *weak* **raised upper eyelids**."
S_05_01_04_2_1,05,fear,4,2,1,These days a chicken leg is a rare dish.,slow,higher,louder,down,none,weak,none,strong,moderate,weak,weak,moderate,none,none,none,none,none,none,none,strong,moderate,strong,"Actor 05 said “These days a chicken leg is a rare dish.”, with *slow* **speech rate**, *higher* **pitch**, *louder* **loudness**, **gaze** *averted* (downwards), and *weak* **raised inner eyebrows**, *strong* **lowered brows**, *moderate* **raised upper eyelids**, *weak* **raised cheeks**, *weak* **tightened eyelids**, *moderate* **wrinkled nose**, *strong* **parted lips**, *moderate* **a dropped jaw**, and *strong* **blinking**."
S_05_01_05_1_1,05,fear,5,1,1,Rice is often served in round bowls.,normal,normal,normal,front,none,weak,none,weak,weak,none,none,none,none,none,none,none,none,none,none,none,none,none,"Actor 05 said “Rice is often served in round bowls.”, with *normal* **speech rate**, *normal* **pitch**, *normal* **loudness**, while **looking at the camera**, and *weak* **raised inner eyebrows**, *weak* **lowered brows**, and *weak* **raised upper eyelids**."
S_05_01_05_2_1,05,fear,5,2,1,Rice is often served in round bowls.,slow,higher,louder,front,none,strong,moderate,strong,strong,none,moderate,none,none,none,none,none,none,none,none,moderate,weak,none,"Actor 05 said “Rice is often served in round bowls.”, with *slow* **speech rate**, *higher* **pitch**, *louder* **loudness**, while **looking at the camera**, and *strong* **raised inner eyebrows**, *moderate* **raised outer eyebrows**, *strong* **lowered brows**, *strong* **raised upper eyelids**, *moderate* **tightened eyelids**, *moderate* **parted lips**, and *weak* **a dropped jaw**."
S_05_01_06_1_1,05,fear,6,1,1,The juice of lemons makes fine punch.,normal,normal,normal,front,none,weak,none,weak,none,none,none,none,none,none,none,none,none,none,none,none,none,none,"Actor 05 said “The juice of lemons makes fine punch.”, with *normal* **speech rate**, *normal* **pitch**, *normal* **loudness**, while **looking at the camera**, and *weak* **raised inner eyebrows** and *weak* **lowered brows**."
S_05_01_06_2_1,05,fear,6,2,1,The juice of lemons makes fine punch.,fast,higher,louder,left,none,strong,moderate,strong,strong,none,weak,none,none,none,none,none,none,none,none,strong,strong,weak,"Actor 05 said “The juice of lemons makes fine punch.”, with *fast* **speech rate**, *higher* **pitch**, *louder* **loudness**, **gaze** *averted* (to their left), and *strong* **raised inner eyebrows**, *moderate* **raised outer eyebrows**, *strong* **lowered brows**, *strong* **raised upper eyelids**, *weak* **tightened eyelids**, *strong* **parted lips**, *strong* **a dropped jaw**, and *weak* **blinking**."
S_05_01_07_1_1,05,fear,7,1,1,The box was thrown beside the parked truck.,normal,normal,normal,front,none,weak,none,weak,weak,none,none,none,none,none,none,none,none,none,none,none,none,none,"Actor 05 said “The box was thrown beside the parked truck.”, with *normal* **speech rate**, *normal* **pitch**, *normal* **loudness**, while **looking at the camera**, and *weak* **raised inner eyebrows**, *weak* **lowered brows**, and *weak* **raised upper eyelids**."
S_05_01_07_2_1,05,fear,7,2,1,The box was thrown beside the parked truck.,fast,higher,louder,up,none,strong,moderate,strong,strong,none,weak,none,none,none,none,none,none,none,none,strong,strong,moderate,"Actor 05 said “The box was thrown beside the parked truck.”, with *fast* **speech rate**, *higher* **pitch**, *louder* **loudness**, **gaze** *averted* (upwards), and *strong* **raised inner eyebrows**, *moderate* **raised outer eyebrows**, *strong* **lowered brows**, *strong* **raised upper eyelids**, *weak* **tightened eyelids**, *strong* **parted lips**, *strong* **a dropped jaw**, and *moderate* **blinking**."
S_05_01_08_1_1,05,fear,8,1,1,The hogs were fed chopped corn and garbage.,normal,normal,normal,front,none,weak,none,weak,weak,none,none,none,none,none,none,none,none,none,none,none,none,none,"Actor 05 said “The hogs were fed chopped corn and garbage.”, with *normal* **speech rate**, *normal* **pitch**, *normal* **loudness**, while **looking at the camera**, and *weak* **raised inner eyebrows**, *weak* **lowered brows**, and *weak* **raised upper eyelids**."
S_05_01_08_2_1,05,fear,8,2,1,The hogs were fed chopped corn and garbage.,fast,higher,louder,down,none,weak,moderate,strong,strong,none,strong,moderate,weak,none,none,none,none,none,none,strong,moderate,strong,"Actor 05 said “The hogs were fed chopped corn and garbage.”, with *fast* **speech rate**, *higher* **pitch**, *louder* **loudness**, **gaze** *averted* (downwards), and *weak* **raised inner eyebrows**, *moderate* **raised outer eyebrows**, *strong* **lowered brows**, *strong* **raised upper eyelids**, *strong* **tightened eyelids**, *moderate* **wrinkled nose**, *weak* **raised upper lip**, *strong* **parted lips**, *moderate* **a dropped jaw**, and *strong* **blinking**."
S_05_01_09_1_1,05,fear,9,1,1,Four hours of steady work faced us.,normal,normal,normal,front,none,weak,none,weak,weak,none,none,none,none,none,none,none,none,none,none,none,none,none,"Actor 05 said “Four hours of steady work faced us.”, with *normal* **speech rate**, *normal* **pitch**, *normal* **loudness**, while **looking at the camera**, and *weak* **raised inner eyebrows**, *weak* **lowered brows**, and *weak* **raised upper eyelids**."
S_05_01_09_2_1,05,fear,9,2,1,Four hours of steady work faced us.,slow,higher,louder,front,none,strong,moderate,strong,strong,none,moderate,none,none,none,none,none,none,none,none,strong,moderate,weak,"Actor 05 said “Four hours of steady work faced us.”, with *slow* **speech rate**, *higher* **pitch**, *louder* **loudness**, while **looking at the camera**, and *strong* **raised inner eyebrows**, *moderate* **raised outer eyebrows**, *strong* **lowered brows**, *strong* **raised upper eyelids**, *moderate* **tightened eyelids**, *strong* **parted lips**, *moderate* **a dropped jaw**, and *weak* **blinking**."
S_05_01_10_1_1,05,fear,10,1,1,A large size in stockings is hard to sell.,normal,normal,normal,front,none,weak,none,weak,weak,none,none,none,none,none,none,none,none,none,none,none,none,none,"Actor 05 said “A large size in stockings is hard to sell.”, with *normal* **speech rate**, *normal* **pitch**, *normal* **loudness**, while **looking at the camera**, and *weak* **raised inner eyebrows**, *weak* **lowered brows**, and *weak* **raised upper eyelids**."
S_05_01_10_2_1,05,fear,10,2,1,A large size in stockings is hard to sell.,slow,higher,louder,front,none,strong,moderate,strong,strong,none,moderate,none,none,none,none,moderate,none,none,moderate,strong,none,weak,"Actor 05 said “A large size in stockings is hard to sell.”, with *slow* **speech rate**, *higher* **pitch**, *louder* **loudness**, while **looking at the camera**, and *strong* **raised inner eyebrows**, *moderate* **raised outer eyebrows**, *strong* **lowered brows**, *strong* **raised upper eyelids**, *moderate* **tightened eyelids**, *moderate* **downturned mouth corners**, *moderate* **tightened lips**, *strong* **parted lips**, and *weak* **blinking**."
S_05_02_01_1_1,05,anger,1,1,1,The birch canoe slid on the smooth planks.,normal,higher,louder,front,none,none,none,moderate,none,none,none,none,none,none,none,none,none,none,none,none,none,none,"Actor 05 said “The birch canoe slid on the smooth planks.”, with *normal* **speech rate**, *higher* **pitch**, *louder* **loudness**, while **looking at the camera**, and *moderate* **lowered brows**."
S_05_02_01_2_1,05,anger,1,2,1,The birch canoe slid on the smooth planks.,fast,higher,louder,front,shaking,strong,none,strong,weak,weak,none,none,moderate,none,none,none,none,none,moderate,strong,none,none,"Actor 05 said “The birch canoe slid on the smooth planks.”, with *fast* **speech rate**, *higher* **pitch**, *louder* **loudness**, while **looking at the camera**, while *shaking* their **head**, and *strong* **raised inner eyebrows**, *strong* **lowered brows**, *weak* **raised upper eyelids**, *weak* **raised cheeks**, *moderate* **raised upper lip**, *moderate* **tightened lips**, and *strong* **parted lips**."
S_05_02_02_1_1,05,anger,2,1,1,Glue the sheet to the dark blue background.,normal,higher,louder,front,none,none,none,moderate,none,weak,none,none,none,none,none,none,weak,none,none,none,none,none,"Actor 05 said “Glue the sheet to the dark blue background.”, with *normal* **speech rate**, *higher* **pitch**, *louder* **loudness**, while **looking at the camera**, and *moderate* **lowered brows**, *weak* **raised cheeks**, and *weak* **raised chin**."
S_05_02_02_2_1,05,anger,2,2,1,Glue the sheet to the dark blue background.,fast,higher,louder,front,shaking,strong,none,strong,weak,weak,none,none,moderate,none,none,none,none,none,none,strong,none,none,"Actor 05 said “Glue the sheet to the dark blue background.”, with *fast* **speech rate**, *higher* **pitch**, *louder* **loudness**, while **looking at the camera**, while *shaking* their **head**, and *strong* **raised inner eyebrows**, *strong* **lowered brows**, *weak* **raised upper eyelids**, *weak* **raised cheeks**, *moderate* **raised upper lip**, and *strong* **parted lips**."
S_05_02_03_1_1,05,anger,3,1,1,It's easy to tell the depth of a well.,normal,higher,louder,front,none,weak,none,moderate,none,none,none,none,none,none,none,none,none,none,none,none,none,none,"Actor 05 said “It's easy to tell the depth of a well.”, with *normal* **speech rate**, *higher* **pitch**, *louder* **loudness**, while **looking at the camera**, and *weak* **raised inner eyebrows** and *moderate* **lowered brows**."
S_05_02_03_2_1,05,anger,3,2,1,It's easy to tell the depth of a well.,fast,higher,louder,front,none,strong,none,strong,weak,weak,none,none,moderate,none,none,none,none,none,none,strong,none,none,"Actor 05 said “It's easy to tell the depth of a well.”, with *fast* **speech rate**, *higher* **pitch**, *louder* **loudness**, while **looking at the camera**, and *strong* **raised inner eyebrows**, *strong* **lowered brows**, *weak* **raised upper eyelids**, *weak* **raised cheeks**, *moderate* **raised upper lip**, and *strong* **parted lips**."
S_05_02_04_1_1,05,anger,4,1,1,These days a chicken leg is a rare dish.,normal,higher,louder,front,none,weak,none,moderate,none,weak,none,none,none,none,none,none,none,none,none,none,none,none,"Actor 05 said “These days a chicken leg is a rare dish.”, with *normal* **speech rate**, *higher* **pitch**, *louder* **loudness**, while **looking at the camera**, and *weak* **raised inner eyebrows**, *moderate* **lowered brows**, and *weak* **raised cheeks**."
S_05_02_04_2_1,05,anger,4,2,1,These days a chicken leg is a rare dish.,fast,higher,louder,front,shaking,strong,none,strong,weak,none,none,none,moderate,none,none,none,none,none,none,strong,none,none,"Actor 05 said “These days a chicken leg is a rare dish.”, with *fast* **speech rate**, *higher* **pitch**, *louder* **loudness**, while **looking at the camera**, while *shaking* their **head**, and *strong* **raised inner eyebrows**, *strong* **lowered brows**, *weak* **raised upper eyelids**, *moderate* **raised upper lip**, and *strong* **parted lips**."
S_05_02_05_1_1,05,anger,5,1,1,Rice is often served in round bowls.,normal,higher,louder,front,none,weak,none,moderate,none,weak,none,none,none,none,none,none,weak,none,none,none,none,none,"Actor 05 said “Rice is often served in round bowls.”, with *normal* **speech rate**, *higher* **pitch**, *louder* **loudness**, while **looking at the camera**, and *weak* **raised inner eyebrows**, *moderate* **lowered brows**, *weak* **raised cheeks**, and *weak* **raised chin**."
S_05_02_05_2_1,05,anger,5,2,1,Rice is often served in round bowls.,fast,higher,louder,front,shaking,strong,none,strong,weak,weak,none,none,moderate,none,none,none,none,none,none,strong,none,none,"Actor 05 said “Rice is often served in round bowls.”, with *fast* **speech rate**, *higher* **pitch**, *louder* **loudness**, while **looking at the camera**, while *shaking* their **head**, and *strong* **raised inner eyebrows**, *strong* **lowered brows**, *weak* **raised upper eyelids**, *weak* **raised cheeks**, *moderate* **raised upper lip**, and *strong* **parted lips**."
S_05_02_06_1_1,05,anger,6,1,1,The juice of lemons makes fine punch.,normal,higher,louder,front,none,weak,none,moderate,none,weak,none,none,none,none,none,none,none,none,none,none,none,none,"Actor 05 said “The juice of lemons makes fine punch.”, with *normal* **speech rate**, *higher* **pitch**, *louder* **loudness**, while **looking at the camera**, and *weak* **raised inner eyebrows**, *moderate* **lowered brows**, and *weak* **raised cheeks**."
S_05_02_06_2_1,05,anger,6,2,1,The juice of lemons makes fine punch.,fast,higher,louder,front,shaking,strong,none,strong,weak,weak,none,none,moderate,none,none,none,none,none,none,strong,strong,none,"Actor 05 said “The juice of lemons makes fine punch.”, with *fast* **speech rate**, *higher* **pitch**, *louder* **loudness**, while **looking at the camera**, while *shaking* their **head**, and *strong* **raised inner eyebrows**, *strong* **lowered brows**, *weak* **raised upper eyelids**, *weak* **raised cheeks**, *moderate* **raised upper lip**, *strong* **parted lips**, and *strong* **a dropped jaw**."
S_05_02_07_1_1,05,anger,7,1,1,The box was thrown beside the parked truck.,normal,higher,louder,front,none,weak,none,moderate,none,weak,none,none,none,none,none,none,none,none,none,none,none,none,"Actor 05 said “The box was thrown beside the parked truck.”, with *normal* **speech rate**, *higher* **pitch**, *louder* **loudness**, while **looking at the camera**, and *weak* **raised inner eyebrows**, *moderate* **lowered brows**, and *weak* **raised cheeks**."
S_05_02_07_2_1,05,anger,7,2,1,The box was thrown beside the parked truck.,fast,higher,louder,front,none,moderate,none,strong,none,none,moderate,none,none,none,none,strong,none,none,none,strong,none,none,"Actor 05 said “The box was thrown beside the parked truck.”, with *fast* **speech rate**, *higher* **pitch**, *louder* **loudness**, while **looking at the camera**, and *moderate* **raised inner eyebrows**, *strong* **lowered brows**, *moderate* **tightened eyelids**, *strong* **downturned mouth corners**, and *strong* **parted lips**."
S_05_02_08_1_1,05,anger,8,1,1,The hogs were fed chopped corn and garbage.,normal,higher,louder,front,none,weak,none,moderate,none,none,none,none,none,none,none,none,none,none,none,none,none,none,"Actor 05 said “The hogs were fed chopped corn and garbage.”, with *normal* **speech rate**, *higher* **pitch**, *louder* **loudness**, while **looking at the camera**, and *weak* **raised inner eyebrows** and *moderate* **lowered brows**."
S_05_02_08_2_1,05,anger,8,2,1,The hogs were fed chopped corn and garbage.,fast,higher,louder,front,shaking,strong,none,strong,weak,weak,none,none,moderate,none,none,none,none,none,none,strong,strong,none,"Actor 05 said “The hogs were fed chopped corn and garbage.”, with *fast* **speech rate**, *higher* **pitch**, *louder* **loudness**, while **looking at the camera**, while *shaking* their **head**, and *strong* **raised inner eyebrows**, *strong* **lowered brows**, *weak* **raised upper eyelids**, *weak* **raised cheeks**, *moderate* **raised upper lip**, *strong* **parted lips**, and *strong* **a dropped jaw**."
S_05_02_09_1_1,05,anger,9,1,1,Four hours of steady work faced us.,normal,higher,louder,front,none,none,none,moderate,none,none,none,none,none,none,none,none,none,none,none,none,none,none,"Actor 05 said “Four hours of steady work faced us.”, with *normal* **speech rate**, *higher* **pitch**, *louder* **loudness**, while **looking at the camera**, and *moderate* **lowered brows**."
S_05_02_09_2_1,05,anger,9,2,1,Four hours of steady work faced us.,fast,higher,louder,left,shaking,strong,weak,strong,moderate,none,strong,moderate,weak,none,none,strong,moderate,none,moderate,strong,none,none,"Actor 05 said “Four hours of steady work faced us.”, with *fast* **speech rate**, *higher* **pitch**, *louder* **loudness**, **gaze** *averted* (to their left), while *shaking* their **head**, and *strong* **raised inner eyebrows**, *weak* **raised outer eyebrows**, *strong* **lowered brows**, *moderate* **raised upper eyelids**, *strong* **tightened eyelids**, *moderate* **wrinkled nose**, *weak* **raised upper lip**, *strong* **downturned mouth corners**, *moderate* **raised chin**, *moderate* **tightened lips**, and *strong* **parted lips**."
S_05_02_10_1_1,05,anger,10,1,1,A large size in stockings is hard to sell.,normal,higher,louder,front,none,none,none,moderate,none,weak,weak,none,none,none,none,none,weak,none,none,none,none,none,"Actor 05 said “A large size in stockings is hard to sell.”, with *normal* **speech rate**, *higher* **pitch**, *louder* **loudness**, while **looking at the camera**, and *moderate* **lowered brows**, *weak* **raised cheeks**, *weak* **tightened eyelids**, and *weak* **raised chin**."
S_05_02_10_2_1,05,anger,10,2,1,A large size in stockings is hard to sell.,fast,higher,louder,front,shaking,strong,none,strong,weak,weak,none,none,moderate,none,none,none,none,none,none,strong,strong,none,"Actor 05 said “A large size in stockings is hard to sell.”, with *fast* **speech rate**, *higher* **pitch**, *louder* **loudness**, while **looking at the camera**, while *shaking* their **head**, and *strong* **raised inner eyebrows**, *strong* **lowered brows**, *weak* **raised upper eyelids**, *weak* **raised cheeks**, *moderate* **raised upper lip**, *strong* **parted lips**, and *strong* **a dropped jaw**."
S_05_03_01_1_1,05,happiness,1,1,1,The birch canoe slid on the smooth planks.,normal,higher,normal,front,none,weak,none,none,weak,weak,none,none,none,weak,none,none,none,none,none,none,none,none,"Actor 05 said “The birch canoe slid on the smooth planks.”, with *normal* **speech rate**, *higher* **pitch**, *normal* **loudness**, while **looking at the camera**, and *weak* **raised inner eyebrows**, *weak* **raised upper eyelids**, *weak* **raised cheeks**, and *weak* **a smile**."
S_05_03_01_2_1,05,happiness,1,2,1,The birch canoe slid on the smooth planks.,fast,higher,louder,front,none,weak,none,none,weak,strong,none,none,none,strong,none,none,none,none,none,none,none,none,"Actor 05 said “The birch canoe slid on the smooth planks.”, with *fast* **speech rate**, *higher* **pitch**, *louder* **loudness**, while **looking at the camera**, and *weak* **raised inner eyebrows**, *weak* **raised upper eyelids**, *strong* **raised cheeks**, and *strong* **a smile**."
S_05_03_02_1_1,05,happiness,2,1,1,Glue the sheet to the dark blue background.,normal,normal,normal,front,none,none,none,none,none,weak,none,none,none,weak,none,none,none,none,none,none,none,none,"Actor 05 said “Glue the sheet to the dark blue background.”, with *normal* **speech rate**, *normal* **pitch**, *normal* **loudness**, while **looking at the camera**, and *weak* **raised cheeks** and *weak* **a smile**."
S_05_03_02_2_1,05,happiness,2,2,1,Glue the sheet to the dark blue background.,fast,higher,louder,front,none,weak,none,none,weak,strong,none,none,none,strong,none,none,none,none,none,none,none,none,"Actor 05 said “Glue the sheet to the dark blue background.”, with *fast* **speech rate**, *higher* **pitch**, *louder* **loudness**, while **looking at the camera**, and *weak* **raised inner eyebrows**, *weak* **raised upper eyelids**, *strong* **raised cheeks**, and *strong* **a smile**."
S_05_03_03_1_1,05,happiness,3,1,1,It's easy to tell the depth of a well.,normal,higher,normal,front,none,weak,none,none,weak,weak,none,none,none,weak,none,none,none,none,none,none,none,none,"Actor 05 said “It's easy to tell the depth of a well.”, with *normal* **speech rate**, *higher* **pitch**, *normal* **loudness**, while **looking at the camera**, and *weak* **raised inner eyebrows**, *weak* **raised upper eyelids**, *weak* **raised cheeks**, and *weak* **a smile**."
S_05_03_03_2_1,05,happiness,3,2,1,It's easy to tell the depth of a well.,fast,higher,louder,front,none,weak,none,none,weak,strong,none,none,none,strong,none,none,none,none,none,none,none,none,"Actor 05 said “It's easy to tell the depth of a well.”, with *fast* **speech rate**, *higher* **pitch**, *louder* **loudness**, while **looking at the camera**, and *weak* **raised inner eyebrows**, *weak* **raised upper eyelids**, *strong* **raised cheeks**, and *strong* **a smile**."
S_05_03_04_1_1,05,happiness,4,1,1,These days a chicken leg is a rare dish.,normal,normal,normal,front,none,none,none,none,none,none,none,none,none,weak,none,none,none,none,none,none,none,none,"Actor 05 said “These days a chicken leg is a rare dish.”, with *normal* **speech rate**, *normal* **pitch**, *normal* **loudness**, while **looking at the camera**, and *weak* **a smile**."
S_05_03_04_2_1,05,happiness,4,2,1,These days a chicken leg is a rare dish.,fast,higher,louder,front,none,weak,none,none,weak,strong,none,none,none,strong,none,none,none,none,none,none,none,none,"Actor 05 said “These days a chicken leg is a rare dish.”, with *fast* **speech rate**, *higher* **pitch**, *louder* **loudness**, while **looking at the camera**, and *weak* **raised inner eyebrows**, *weak* **raised upper eyelids**, *strong* **raised cheeks**, and *strong* **a smile**."
S_05_03_05_1_1,05,happiness,5,1,1,Rice is often served in round bowls.,normal,normal,normal,front,none,none,none,none,none,none,none,none,none,weak,none,none,none,none,none,none,none,none,"Actor 05 said “Rice is often served in round bowls.”, with *normal* **speech rate**, *normal* **pitch**, *normal* **loudness**, while **looking at the camera**, and *weak* **a smile**."
S_05_03_05_2_1,05,happiness,5,2,1,Rice is often served in round bowls.,fast,higher,louder,front,none,weak,none,none,weak,strong,none,none,none,strong,none,none,none,none,none,none,none,none,"Actor 05 said “Rice is often served in round bowls.”, with *fast* **speech rate**, *higher* **pitch**, *louder* **loudness**, while **looking at the camera**, and *weak* **raised inner eyebrows**, *weak* **raised upper eyelids**, *strong* **raised cheeks**, and *strong* **a smile**."
S_05_03_06_1_1,05,happiness,6,1,1,The juice of lemons makes fine punch.,normal,higher,normal,front,none,weak,none,none,weak,weak,none,none,none,weak,none,none,none,none,none,none,none,none,"Actor 05 said “The juice of lemons makes fine punch.”, with *normal* **speech rate**, *higher* **pitch**, *normal* **loudness**, while **looking at the camera**, and *weak* **raised inner eyebrows**, *weak* **raised upper eyelids**, *weak* **raised cheeks**, and *weak* **a smile**."
S_05_03_06_2_1,05,happiness,6,2,1,The juice of lemons makes fine punch.,fast,higher,louder,front,none,weak,none,none,weak,strong,none,none,none,strong,none,none,none,none,none,none,none,none,"Actor 05 said “The juice of lemons makes fine punch.”, with *fast* **speech rate**, *higher* **pitch**, *louder* **loudness**, while **looking at the camera**, and *weak* **raised inner eyebrows**, *weak* **raised upper eyelids**, *strong* **raised cheeks**, and *strong* **a smile**."
S_05_03_07_1_1,05,happiness,7,1,1,The box was thrown beside the parked truck.,normal,higher,normal,front,none,none,none,none,weak,weak,none,none,none,weak,none,none,none,none,none,none,none,none,"Actor 05 said “The box was thrown beside the parked truck.”, with *normal* **speech rate**, *higher* **pitch**, *normal* **loudness**, while **looking at the camera**, and *weak* **raised upper eyelids**, *weak* **raised cheeks**, and *weak* **a smile**."
S_05_03_07_2_1,05,happiness,7,2,1,The box was thrown beside the parked truck.,fast,higher,louder,front,none,weak,none,none,weak,strong,none,none,none,strong,none,none,none,none,none,none,none,none,"Actor 05 said “The box was thrown beside the parked truck.”, with *fast* **speech rate**, *higher* **pitch**, *louder* **loudness**, while **looking at the camera**, and *weak* **raised inner eyebrows**, *weak* **raised upper eyelids**, *strong* **raised cheeks**, and *strong* **a smile**."
S_05_03_08_1_1,05,happiness,8,1,1,The hogs were fed chopped corn and garbage.,normal,normal,normal,front,none,none,none,none,none,weak,none,none,none,weak,none,none,none,none,none,none,none,none,"Actor 05 said “The hogs were fed chopped corn and garbage.”, with *normal* **speech rate**, *normal* **pitch**, *normal* **loudness**, while **looking at the camera**, and *weak* **raised cheeks** and *weak* **a smile**."
S_05_03_08_2_1,05,happiness,8,2,1,The hogs were fed chopped corn and garbage.,fast,higher,louder,front,none,none,none,none,weak,strong,none,none,none,strong,none,none,none,none,none,none,none,none,"Actor 05 said “The hogs were fed chopped corn and garbage.”, with *fast* **speech rate**, *higher* **pitch**, *louder* **loudness**, while **looking at the camera**, and *weak* **raised upper eyelids**, *strong* **raised cheeks**, and *strong* **a smile**."
S_05_03_09_1_1,05,happiness,9,1,1,Four hours of steady work faced us.,normal,normal,normal,front,none,none,none,none,none,none,none,none,none,weak,none,none,none,none,none,none,none,none,"Actor 05 said “Four hours of steady work faced us.”, with *normal* **speech rate**, *normal* **pitch**, *normal* **loudness**, while **looking at the camera**, and *weak* **a smile**."
S_05_03_09_2_1,05,happiness,9,2,1,Four hours of steady work faced us.,normal,higher,louder,front,none,weak,none,none,none,moderate,none,none,none,strong,none,none,none,none,none,none,none,none,"Actor 05 said “Four hours of steady work faced us.”, with *normal* **speech rate**, *higher* **pitch**, *louder* **loudness**, while **looking at the camera**, and *weak* **raised inner eyebrows**, *moderate* **raised cheeks**, and *strong* **a smile**."
S_05_03_10_1_1,05,happiness,10,1,1,A large size in stockings is hard to sell.,normal,normal,normal,front,none,none,none,none,none,none,none,none,none,weak,none,none,none,none,none,none,none,none,"Actor 05 said “A large size in stockings is hard to sell.”, with *normal* **speech rate**, *normal* **pitch**, *normal* **loudness**, while **looking at the camera**, and *weak* **a smile**."
S_05_03_10_2_1,05,happiness,10,2,1,A large size in stockings is hard to sell.,fast,higher,louder,front,none,weak,none,none,weak,strong,none,none,none,strong,none,none,none,none,none,none,none,none,"Actor 05 said “A large size in stockings is hard to sell.”, with *fast* **speech rate**, *higher* **pitch**, *louder* **loudness**, while **looking at the camera**, and *weak* **raised inner eyebrows**, *weak* **raised upper eyelids**, *strong* **raised cheeks**, and *strong* **a smile**."
S_05_04_01_1_1,05,sadness,1,1,1,The birch canoe slid on the smooth planks.,slow,lower,quieter,down,none,weak,none,moderate,none,none,none,none,none,none,none,weak,none,none,none,weak,none,none,"Actor 05 said “The birch canoe slid on the smooth planks.”, with *slow* **speech rate**, *lower* **pitch**, *quieter* **loudness**, **gaze** *averted* (downwards), and *weak* **raised inner eyebrows**, *moderate* **lowered brows**, *weak* **downturned mouth corners**, and *weak* **parted lips**."
S_05_04_01_2_1,05,sadness,1,2,1,The birch canoe slid on the smooth planks.,slow,lower,quieter,down,none,strong,none,strong,weak,weak,none,none,moderate,none,none,strong,none,none,none,none,none,moderate,"Actor 05 said “The birch canoe slid on the smooth planks.”, with *slow* **speech rate**, *lower* **pitch**, *quieter* **loudness**, **gaze** *averted* (downwards), and *strong* **raised inner eyebrows**, *strong* **lowered brows**, *weak* **raised upper eyelids**, *weak* **raised cheeks**, *moderate* **raised upper lip**, *strong* **downturned mouth corners**, and *moderate* **blinking**."
S_05_04_02_1_1,05,sadness,2,1,1,Glue the sheet to the dark blue background.,slow,lower,quieter,down,none,weak,none,moderate,none,none,none,none,none,none,none,weak,none,none,none,weak,none,none,"Actor 05 said “Glue the sheet to the dark blue background.”, with *slow* **speech rate**, *lower* **pitch**, *quieter* **loudness**, **gaze** *averted* (downwards), and *weak* **raised inner eyebrows**, *moderate* **lowered brows**, *weak* **downturned mouth corners**, and *weak* **parted lips**."
S_05_04_02_2_1,05,sadness,2,2,1,Glue the sheet to the dark blue background.,slow,lower,quieter,down,none,weak,none,strong,none,none,none,none,none,none,none,moderate,none,none,none,none,none,moderate,"Actor 05 said “Glue the sheet to the dark blue background.”, with *slow* **speech rate**, *lower* **pitch**, *quieter* **loudness**, **gaze** *averted* (downwards), and *weak* **raised inner eyebrows**, *strong* **lowered brows**, *moderate* **downturned mouth corners**, and *moderate* **blinking**."
S_05_04_03_1_1,05,sadness,3,1,1,It's easy to tell the depth of a well.,slow,lower,quieter,down,none,weak,none,moderate,none,none,none,none,none,none,none,weak,none,none,none,none,none,none,"Actor 05 said “It's easy to tell the depth of a well.”, with *slow* **speech rate**, *lower* **pitch**, *quieter* **loudness**, **gaze** *averted* (downwards), and *weak* **raised inner eyebrows**, *moderate* **lowered brows**, and *weak* **downturned mouth corners**."
S_05_04_03_2_1,05,sadness,3,2,1,It's easy to tell the depth of a well.,slow,lower,quieter,down,none,strong,none,strong,weak,weak,none,none,moderate,none,none,moderate,moderate,none,none,moderate,weak,none,"Actor 05 said “It's easy to tell the depth of a well.”, with *slow* **speech rate**, *lower* **pitch**, *quieter* **loudness**, **gaze** *averted* (downwards), and *strong* **raised inner eyebrows**, *strong* **lowered brows**, *weak* **raised upper eyelids**, *weak* **raised cheeks**, *moderate* **raised upper lip**, *moderate* **downturned mouth corners**, *moderate* **raised chin**, *moderate* **parted lips**, and *weak* **a dropped jaw**."
S_05_04_04_1_1,05,sadness,4,1,1,These days a chicken leg is a rare dish.,slow,lower,quieter,down,none,weak,none,moderate,none,none,none,none,none,none,none,weak,none,none,none,weak,none,none,"Actor 05 said “These days a chicken leg is a rare dish.”, with *slow* **speech rate**, *lower* **pitch**, *quieter* **loudness**, **gaze** *averted* (downwards), and *weak* **raised inner eyebrows**, *moderate* **lowered brows**, *weak* **downturned mouth corners**, and *weak* **parted lips**."
S_05_04_04_2_1,05,sadness,4,2,1,These days a chicken leg is a rare dish.,slow,lower,quieter,down,none,strong,none,strong,weak,weak,none,none,moderate,none,none,strong,none,none,none,none,none,moderate,"Actor 05 said “These days a chicken leg is a rare dish.”, with *slow* **speech rate**, *lower* **pitch**, *quieter* **loudness**, **gaze** *averted* (downwards), and *strong* **raised inner eyebrows**, *strong* **lowered brows**, *weak* **raised upper eyelids**, *weak* **raised cheeks**, *moderate* **raised upper lip**, *strong* **downturned mouth corners**, and *moderate* **blinking**."
S_05_04_05_1_1,05,sadness,5,1,1,Rice is often served in round bowls.,slow,lower,quieter,down,none,weak,none,moderate,none,none,none,none,none,none,none,weak,none,none,none,weak,none,none,"Actor 05 said “Rice is often served in round bowls.”, with *slow* **speech rate**, *lower* **pitch**, *quieter* **loudness**, **gaze** *averted* (downwards), and *weak* **raised inner eyebrows**, *moderate* **lowered brows**, *weak* **downturned mouth corners**, and *weak* **parted lips**."
S_05_04_05_2_1,05,sadness,5,2,1,Rice is often served in round bowls.,slow,lower,quieter,down,none,strong,none,strong,weak,none,none,none,none,none,none,weak,none,none,none,weak,none,moderate,"Actor 05 said “Rice is often served in round bowls.”, with *slow* **speech rate**, *lower* **pitch**, *quieter* **loudness**, **gaze** *averted* (downwards), and *strong* **raised inner eyebrows**, *strong* **lowered brows**, *weak* **raised upper eyelids**, *weak* **downturned mouth corners**, *weak* **parted lips**, and *moderate* **blinking**."
S_05_04_06_1_1,05,sadness,6,1,1,The juice of lemons makes fine punch.,slow,lower,quieter,down,none,weak,none,moderate,none,none,none,none,none,none,none,weak,none,none,none,weak,none,none,"Actor 05 said “The juice of lemons makes fine punch.”, with *slow* **speech rate**, *lower* **pitch**, *quieter* **loudness**, **gaze** *averted* (downwards), and *weak* **raised inner eyebrows**, *moderate* **lowered brows**, *weak* **downturned mouth corners**, and *weak* **parted lips**."
S_05_04_06_2_1,05,sadness,6,2,1,The juice of lemons makes fine punch.,slow,lower,quieter,down,none,weak,none,strong,none,none,none,none,none,none,none,moderate,none,none,none,none,none,moderate,"Actor 05 said “The juice of lemons makes fine punch.”, with *slow* **speech rate**, *lower* **pitch**, *quieter* **loudness**, **gaze** *averted* (downwards), and *weak* **raised inner eyebrows**, *strong* **lowered brows**, *moderate* **downturned mouth corners**, and *moderate* **blinking**."
S_05_04_07_1_1,05,sadness,7,1,1,The box was thrown beside the parked truck.,slow,lower,quieter,down,none,weak,none,moderate,none,none,none,none,none,none,none,weak,none,none,none,weak,none,none,"Actor 05 said “The box was thrown beside the parked truck.”, with *slow* **speech rate**, *lower* **pitch**, *quieter* **loudness**, **gaze** *averted* (downwards), and *weak* **raised inner eyebrows**, *moderate* **lowered brows**, *weak* **downturned mouth corners**, and *weak* **parted lips**."
S_05_04_07_2_1,05,sadness,7,2,1,The box was thrown beside the parked truck.,slow,lower,quieter,down,none,weak,none,strong,none,none,none,none,none,none,none,moderate,none,none,none,none,none,moderate,"Actor 05 said “The box was thrown beside the parked truck.”, with *slow* **speech rate**, *lower* **pitch**, *quieter* **loudness**, **gaze** *averted* (downwards), and *weak* **raised inner eyebrows**, *strong* **lowered brows**, *moderate* **downturned mouth corners**, and *moderate* **blinking**."
S_05_04_08_1_1,05,sadness,8,1,1,The hogs were fed chopped corn and garbage.,slow,lower,quieter,down,none,weak,none,moderate,none,none,none,none,none,none,none,weak,none,none,none,weak,none,none,"Actor 05 said “The hogs were fed chopped corn and garbage.”, with *slow* **speech rate**, *lower* **pitch**, *quieter* **loudness**, **gaze** *averted* (downwards), and *weak* **raised inner eyebrows**, *moderate* **lowered brows**, *weak* **downturned mouth corners**, and *weak* **parted lips**."
S_05_04_08_2_1,05,sadness,8,2,1,The hogs were fed chopped corn and garbage.,slow,lower,quieter,down,none,strong,none,strong,weak,weak,none,none,moderate,none,none,strong,none,none,none,none,none,moderate,"Actor 05 said “The hogs were fed chopped corn and garbage.”, with *slow* **speech rate**, *lower* **pitch**, *quieter* **loudness**, **gaze** *averted* (downwards), and *strong* **raised inner eyebrows**, *strong* **lowered brows**, *weak* **raised upper eyelids**, *weak* **raised cheeks**, *moderate* **raised upper lip**, *strong* **downturned mouth corners**, and *moderate* **blinking**."
S_05_04_09_1_1,05,sadness,9,1,1,Four hours of steady work faced us.,slow,lower,quieter,down,none,weak,none,moderate,none,none,none,none,none,none,none,weak,none,none,none,weak,none,none,"Actor 05 said “Four hours of steady work faced us.”, with *slow* **speech rate**, *lower* **pitch**, *quieter* **loudness**, **gaze** *averted* (downwards), and *weak* **raised inner eyebrows**, *moderate* **lowered brows**, *weak* **downturned mouth corners**, and *weak* **parted lips**."
S_05_04_09_2_1,05,sadness,9,2,1,Four hours of steady work faced us.,slow,lower,quieter,down,none,strong,none,strong,weak,weak,none,none,moderate,none,none,strong,none,none,none,weak,none,moderate,"Actor 05 said “Four hours of steady work faced us.”, with *slow* **speech rate**, *lower* **pitch**, *quieter* **loudness**, **gaze** *averted* (downwards), and *strong* **raised inner eyebrows**, *strong* **lowered brows**, *weak* **raised upper eyelids**, *weak* **raised cheeks**, *moderate* **raised upper lip**, *strong* **downturned mouth corners**, *weak* **parted lips**, and *moderate* **blinking**."
S_05_04_10_1_1,05,sadness,10,1,1,A large size in stockings is hard to sell.,slow,lower,quieter,down,none,weak,none,moderate,none,none,none,none,none,none,none,weak,none,none,none,weak,none,none,"Actor 05 said “A large size in stockings is hard to sell.”, with *slow* **speech rate**, *lower* **pitch**, *quieter* **loudness**, **gaze** *averted* (downwards), and *weak* **raised inner eyebrows**, *moderate* **lowered brows**, *weak* **downturned mouth corners**, and *weak* **parted lips**."
S_05_04_10_2_1,05,sadness,10,2,1,A large size in stockings is hard to sell.,slow,lower,quieter,down,none,strong,none,strong,weak,weak,none,none,moderate,none,none,strong,none,none,none,none,none,moderate,"Actor 05 said “A large size in stockings is hard to sell.”, with *slow* **speech rate**, *lower* **pitch**, *quieter* **loudness**, **gaze** *averted* (downwards), and *strong* **raised inner eyebrows**, *strong* **lowered brows**, *weak* **raised upper eyelids**, *weak* **raised cheeks**, *moderate* **raised upper lip**, *strong* **downturned mouth corners**, and *moderate* **blinking**."
S_05_05_01_1_1,05,disgust,1,1,1,The birch canoe slid on the smooth planks.,normal,normal,normal,front,none,none,none,weak,none,none,none,weak,none,none,none,none,none,none,none,none,none,none,"Actor 05 said “The birch canoe slid on the smooth planks.”, with *normal* **speech rate**, *normal* **pitch**, *normal* **loudness**, while **looking at the camera**, and *weak* **lowered brows** and *weak* **wrinkled nose**."
S_05_05_01_2_1,05,disgust,1,2,1,The birch canoe slid on the smooth planks.,slow,lower,quieter,down,none,strong,none,strong,weak,weak,none,strong,moderate,none,none,none,none,none,none,none,none,moderate,"Actor 05 said “The birch canoe slid on the smooth planks.”, with *slow* **speech rate**, *lower* **pitch**, *quieter* **loudness**, **gaze** *averted* (downwards), and *strong* **raised inner eyebrows**, *strong* **lowered brows**, *weak* **raised upper eyelids**, *weak* **raised cheeks**, *strong* **wrinkled nose**, *moderate* **raised upper lip**, and *moderate* **blinking**."
S_05_05_02_1_1,05,disgust,2,1,1,Glue the sheet to the dark blue background.,normal,normal,normal,front,none,none,none,weak,none,none,weak,weak,weak,none,none,weak,none,none,none,none,none,none,"Actor 05 said “Glue the sheet to the dark blue background.”, with *normal* **speech rate**, *normal* **pitch**, *normal* **loudness**, while **looking at the camera**, and *weak* **lowered brows**, *weak* **tightened eyelids**, *weak* **wrinkled nose**, *weak* **raised upper lip**, and *weak* **downturned mouth corners**."
S_05_05_02_2_1,05,disgust,2,2,1,Glue the sheet to the dark blue background.,slow,lower,quieter,down,none,strong,none,strong,weak,weak,none,strong,moderate,none,none,none,none,none,none,none,none,moderate,"Actor 05 said “Glue the sheet to the dark blue background.”, with *slow* **speech rate**, *lower* **pitch**, *quieter* **loudness**, **gaze** *averted* (downwards), and *strong* **raised inner eyebrows**, *strong* **lowered brows**, *weak* **raised upper eyelids**, *weak* **raised cheeks**, *strong* **wrinkled nose**, *moderate* **raised upper lip**, and *moderate* **blinking**."
S_05_05_03_1_1,05,disgust,3,1,1,It's easy to tell the depth of a well.,normal,normal,normal,front,none,none,none,weak,none,none,none,weak,none,none,none,none,none,none,none,none,none,none,"Actor 05 said “It's easy to tell the depth of a well.”, with *normal* **speech rate**, *normal* **pitch**, *normal* **loudness**, while **looking at the camera**, and *weak* **lowered brows** and *weak* **wrinkled nose**."
S_05_05_03_2_1,05,disgust,3,2,1,It's easy to tell the depth of a well.,slow,lower,louder,front,none,strong,none,strong,none,none,none,strong,strong,none,none,none,none,none,none,none,none,none,"Actor 05 said “It's easy to tell the depth of a well.”, with *slow* **speech rate**, *lower* **pitch**, *louder* **loudness**, while **looking at the camera**, and *strong* **raised inner eyebrows**, *strong* **lowered brows**, *strong* **wrinkled nose**, and *strong* **raised upper lip**."
S_05_05_04_1_1,05,disgust,4,1,1,These days a chicken leg is a rare dish.,normal,normal,normal,front,none,none,none,weak,none,none,weak,weak,weak,none,none,weak,none,none,none,none,none,none,"Actor 05 said “These days a chicken leg is a rare dish.”, with *normal* **speech rate**, *normal* **pitch**, *normal* **loudness**, while **looking at the camera**, and *weak* **lowered brows**, *weak* **tightened eyelids**, *weak* **wrinkled nose**, *weak* **raised upper lip**, and *weak* **downturned mouth corners**."
S_05_05_04_2_1,05,disgust,4,2,1,These days a chicken leg is a rare dish.,slow,lower,quieter,front,none,strong,none,strong,none,none,none,strong,strong,none,none,none,none,none,none,moderate,none,weak,"Actor 05 said “These days a chicken leg is a rare dish.”, with *slow* **speech rate**, *lower* **pitch**, *quieter* **loudness**, while **looking at the camera**, and *strong* **raised inner eyebrows**, *strong* **lowered brows**, *strong* **wrinkled nose**, *strong* **raised upper lip**, *moderate* **parted lips**, and *weak* **blinking**."
S_05_05_05_1_1,05,disgust,5,1,1,Rice is often served in round bowls.,normal,normal,normal,front,none,none,none,weak,none,none,weak,weak,weak,none,none,weak,none,none,none,none,none,none,"Actor 05 said “Rice is often served in round bowls.”, with *normal* **speech rate**, *normal* **pitch**, *normal* **loudness**, while **looking at the camera**, and *weak* **lowered brows**, *weak* **tightened eyelids**, *weak* **wrinkled nose**, *weak* **raised upper lip**, and *weak* **downturned mouth corners**."
S_05_05_05_2_1,05,disgust,5,2,1,Rice is often served in round bowls.,slow,lower,quieter,down,none,strong,none,strong,weak,weak,none,strong,moderate,none,none,none,none,none,none,none,none,moderate,"Actor 05 said “Rice is often served in round bowls.”, with *slow* **speech rate**, *lower* **pitch**, *quieter* **loudness**, **gaze** *averted* (downwards), and *strong* **raised inner eyebrows**, *strong* **lowered brows**, *weak* **raised upper eyelids**, *weak* **raised cheeks**, *strong* **wrinkled nose**, *moderate* **raised upper lip**, and *moderate* **blinking**."
S_05_05_06_1_1,05,disgust,6,1,1,The juice of lemons makes fine punch.,normal,normal,normal,front,none,none,none,weak,none,none,weak,weak,weak,none,none,weak,none,none,none,none,none,none,"Actor 05 said “The juice of lemons makes fine punch.”, with *normal* **speech rate**, *normal* **pitch**, *normal* **loudness**, while **looking at the camera**, and *weak* **lowered brows**, *weak* **tightened eyelids**, *weak* **wrinkled nose**, *weak* **raised upper lip**, and *weak* **downturned mouth corners**."
S_05_05_06_2_1,05,disgust,6,2,1,The juice of lemons makes fine punch.,slow,lower,quieter,down,none,strong,none,strong,weak,none,none,strong,moderate,none,none,none,none,none,none,strong,none,moderate,"Actor 05 said “The juice of lemons makes fine punch.”, with *slow* **speech rate**, *lower* **pitch**, *quieter* **loudness**, **gaze** *averted* (downwards), and *strong* **raised inner eyebrows**, *strong* **lowered brows**, *weak* **raised upper eyelids**, *strong* **wrinkled nose**, *moderate* **raised upper lip**, *strong* **parted lips**, and *moderate* **blinking**."
S_05_05_07_1_1,05,disgust,7,1,1,The box was thrown beside the parked truck.,normal,normal,normal,front,none,none,none,weak,none,none,weak,weak,weak,none,none,weak,none,none,none,none,none,none,"Actor 05 said “The box was thrown beside the parked truck.”, with *normal* **speech rate**, *normal* **pitch**, *normal* **loudness**, while **looking at the camera**, and *weak* **lowered brows**, *weak* **tightened eyelids**, *weak* **wrinkled nose**, *weak* **raised upper lip**, and *weak* **downturned mouth corners**."
S_05_05_07_2_1,05,disgust,7,2,1,The box was thrown beside the parked truck.,slow,lower,quieter,down,none,strong,none,strong,weak,weak,none,strong,moderate,none,none,none,none,none,none,none,none,moderate,"Actor 05 said “The box was thrown beside the parked truck.”, with *slow* **speech rate**, *lower* **pitch**, *quieter* **loudness**, **gaze** *averted* (downwards), and *strong* **raised inner eyebrows**, *strong* **lowered brows**, *weak* **raised upper eyelids**, *weak* **raised cheeks**, *strong* **wrinkled nose**, *moderate* **raised upper lip**, and *moderate* **blinking**."
S_05_05_08_1_1,05,disgust,8,1,1,The hogs were fed chopped corn and garbage.,normal,normal,normal,front,none,none,none,weak,none,none,weak,weak,weak,none,none,weak,none,none,none,none,none,none,"Actor 05 said “The hogs were fed chopped corn and garbage.”, with *normal* **speech rate**, *normal* **pitch**, *normal* **loudness**, while **looking at the camera**, and *weak* **lowered brows**, *weak* **tightened eyelids**, *weak* **wrinkled nose**, *weak* **raised upper lip**, and *weak* **downturned mouth corners**."
S_05_05_08_2_1,05,disgust,8,2,1,The hogs were fed chopped corn and garbage.,slow,lower,louder,front,none,strong,none,strong,weak,weak,none,strong,moderate,none,none,none,none,none,none,strong,strong,none,"Actor 05 said “The hogs were fed chopped corn and garbage.”, with *slow* **speech rate**, *lower* **pitch**, *louder* **loudness**, while **looking at the camera**, and *strong* **raised inner eyebrows**, *strong* **lowered brows**, *weak* **raised upper eyelids**, *weak* **raised cheeks**, *strong* **wrinkled nose**, *moderate* **raised upper lip**, *strong* **parted lips**, and *strong* **a dropped jaw**."
S_05_05_09_1_1,05,disgust,9,1,1,Four hours of steady work faced us.,normal,normal,normal,front,none,none,none,weak,none,none,weak,weak,weak,none,none,weak,none,none,weak,none,none,none,"Actor 05 said “Four hours of steady work faced us.”, with *normal* **speech rate**, *normal* **pitch**, *normal* **loudness**, while **looking at the camera**, and *weak* **lowered brows**, *weak* **tightened eyelids**, *weak* **wrinkled nose**, *weak* **raised upper lip**, *weak* **downturned mouth corners**, and *weak* **tightened lips**."
S_05_05_09_2_1,05,disgust,9,2,1,Four hours of steady work faced us.,slow,lower,louder,front,none,strong,none,strong,weak,weak,none,strong,moderate,none,none,none,none,none,none,strong,none,none,"Actor 05 said “Four hours of steady work faced us.”, with *slow* **speech rate**, *lower* **pitch**, *louder* **loudness**, while **looking at the camera**, and *strong* **raised inner eyebrows**, *strong* **lowered brows**, *weak* **raised upper eyelids**, *weak* **raised cheeks**, *strong* **wrinkled nose**, *moderate* **raised upper lip**, and *strong* **parted lips**."
S_05_05_10_1_1,05,disgust,10,1,1,A large size in stockings is hard to sell.,normal,normal,normal,front,none,none,none,weak,none,none,weak,weak,weak,none,none,weak,none,none,none,none,none,none,"Actor 05 said “A large size in stockings is hard to sell.”, with *normal* **speech rate**, *normal* **pitch**, *normal* **loudness**, while **looking at the camera**, and *weak* **lowered brows**, *weak* **tightened eyelids**, *weak* **wrinkled nose**, *weak* **raised upper lip**, and *weak* **downturned mouth corners**."
S_05_05_10_2_1,05,disgust,10,2,1,A large size in stockings is hard to sell.,slow,lower,louder,front,none,strong,none,strong,none,none,none,strong,strong,none,none,none,none,none,none,none,none,none,"Actor 05 said “A large size in stockings is hard to sell.”, with *slow* **speech rate**, *lower* **pitch**, *louder* **loudness**, while **looking at the camera**, and *strong* **raised inner eyebrows**, *strong* **lowered brows**, *strong* **wrinkled nose**, and *strong* **raised upper lip**."
S_05_06_01_1_1,05,surprise,1,1,1,The birch canoe slid on the smooth planks.,normal,higher,normal,front,none,none,none,none,weak,none,none,none,none,none,none,none,none,none,none,none,none,none,"Actor 05 said “The birch canoe slid on the smooth planks.”, with *normal* **speech rate**, *higher* **pitch**, *normal* **loudness**, while **looking at the camera**, and *weak* **raised upper eyelids**."
S_05_06_01_2_1,05,surprise,1,2,1,The birch canoe slid on the smooth planks.,fast,higher,louder,up,none,strong,moderate,moderate,strong,none,moderate,none,none,none,none,none,none,none,none,strong,strong,none,"Actor 05 said “The birch canoe slid on the smooth planks.”, with *fast* **speech rate**, *higher* **pitch**, *louder* **loudness**, **gaze** *averted* (upwards), and *strong* **raised inner eyebrows**, *moderate* **raised outer eyebrows**, *moderate* **lowered brows**, *strong* **raised upper eyelids**, *moderate* **tightened eyelids**, *strong* **parted lips**, and *strong* **a dropped jaw**."
S_05_06_02_1_1,05,surprise,2,1,1,Glue the sheet to the dark blue background.,fast,higher,louder,front,none,weak,none,none,none,none,none,none,none,none,none,none,none,none,none,weak,none,none,"Actor 05 said “Glue the sheet to the dark blue background.”, with *fast* **speech rate**, *higher* **pitch**, *louder* **loudness**, while **looking at the camera**, and *weak* **raised inner eyebrows** and *weak* **parted lips**."
S_05_06_02_2_1,05,surprise,2,2,1,Glue the sheet to the dark blue background.,fast,higher,louder,up,none,strong,moderate,moderate,strong,strong,moderate,none,none,none,none,none,none,none,none,strong,none,none,"Actor 05 said “Glue the sheet to the dark blue background.”, with *fast* **speech rate**, *higher* **pitch**, *louder* **loudness**, **gaze** *averted* (upwards), and *strong* **raised inner eyebrows**, *moderate* **raised outer eyebrows**, *moderate* **lowered brows**, *strong* **raised upper eyelids**, *strong* **raised cheeks**, *moderate* **tightened eyelids**, and *strong* **parted lips**."
S_05_06_03_1_1,05,surprise,3,1,1,It's easy to tell the depth of a well.,fast,higher,normal,front,none,none,none,none,weak,none,none,none,none,none,none,none,none,none,none,none,none,none,"Actor 05 said “It's easy to tell the depth of a well.”, with *fast* **speech rate**, *higher* **pitch**, *normal* **loudness**, while **looking at the camera**, and *weak* **raised upper eyelids**."
S_05_06_03_2_1,05,surprise,3,2,1,It's easy to tell the depth of a well.,fast,higher,louder,up,none,strong,moderate,weak,strong,none,moderate,none,none,none,none,none,none,none,none,strong,strong,none,"Actor 05 said “It's easy to tell the depth of a well.”, with *fast* **speech rate**, *higher* **pitch**, *louder* **loudness**, **gaze** *averted* (upwards), and *strong* **raised inner eyebrows**, *moderate* **raised outer eyebrows**, *weak* **lowered brows**, *strong* **raised upper eyelids**, *moderate* **tightened eyelids**, *strong* **parted lips**, and *strong* **a dropped jaw**."
S_05_06_04_1_1,05,surprise,4,1,1,These days a chicken leg is a rare dish.,normal,higher,normal,front,none,none,none,none,weak,none,none,none,none,none,none,none,none,none,none,none,none,none,"Actor 05 said “These days a chicken leg is a rare dish.”, with *normal* **speech rate**, *higher* **pitch**, *normal* **loudness**, while **looking at the camera**, and *weak* **raised upper eyelids**."
S_05_06_04_2_1,05,surprise,4,2,1,These days a chicken leg is a rare dish.,fast,higher,louder,up,none,strong,moderate,moderate,strong,none,moderate,none,none,none,none,none,none,none,none,strong,strong,none,"Actor 05 said “These days a chicken leg is a rare dish.”, with *fast* **speech rate**, *higher* **pitch**, *louder* **loudness**, **gaze** *averted* (upwards), and *strong* **raised inner eyebrows**, *moderate* **raised outer eyebrows**, *moderate* **lowered brows**, *strong* **raised upper eyelids**, *moderate* **tightened eyelids**, *strong* **parted lips**, and *strong* **a dropped jaw**."
S_05_06_05_1_1,05,surprise,5,1,1,Rice is often served in round bowls.,fast,higher,louder,front,none,weak,none,none,none,none,none,none,none,none,none,none,none,none,none,weak,none,none,"Actor 05 said “Rice is often served in round bowls.”, with *fast* **speech rate**, *higher* **pitch**, *louder* **loudness**, while **looking at the camera**, and *weak* **raised inner eyebrows** and *weak* **parted lips**."
S_05_06_05_2_1,05,surprise,5,2,1,Rice is often served in round bowls.,fast,higher,louder,up,none,strong,moderate,moderate,strong,none,moderate,none,none,none,none,none,none,none,none,strong,strong,none,"Actor 05 said “Rice is often served in round bowls.”, with *fast* **speech rate**, *higher* **pitch**, *louder* **loudness**, **gaze** *averted* (upwards), and *strong* **raised inner eyebrows**, *moderate* **raised outer eyebrows**, *moderate* **lowered brows**, *strong* **raised upper eyelids**, *moderate* **tightened eyelids**, *strong* **parted lips**, and *strong* **a dropped jaw**."
S_05_06_06_1_1,05,surprise,6,1,1,The juice of lemons makes fine punch.,fast,higher,louder,front,none,weak,none,none,none,none,none,none,none,none,none,none,none,none,none,none,none,none,"Actor 05 said “The juice of lemons makes fine punch.”, with *fast* **speech rate**, *higher* **pitch**, *louder* **loudness**, while **looking at the camera**, and *weak* **raised inner eyebrows**."
S_05_06_06_2_1,05,surprise,6,2,1,The juice of lemons makes fine punch.,fast,higher,louder,up,none,strong,moderate,moderate,strong,moderate,weak,none,none,none,none,none,none,none,none,strong,moderate,none,"Actor 05 said “The juice of lemons makes fine punch.”, with *fast* **speech rate**, *higher* **pitch**, *louder* **loudness**, **gaze** *averted* (upwards), and *strong* **raised inner eyebrows**, *moderate* **raised outer eyebrows**, *moderate* **lowered brows**, *strong* **raised upper eyelids**, *moderate* **raised cheeks**, *weak* **tightened eyelids**, *strong* **parted lips**, and *moderate* **a dropped jaw**."
S_05_06_07_1_1,05,surprise,7,1,1,The box was thrown beside the parked truck.,normal,higher,normal,front,none,none,none,none,weak,none,none,none,none,none,none,none,none,none,none,none,none,none,"Actor 05 said “The box was thrown beside the parked truck.”, with *normal* **speech rate**, *higher* **pitch**, *normal* **loudness**, while **looking at the camera**, and *weak* **raised upper eyelids**."
S_05_06_07_2_1,05,surprise,7,2,1,The box was thrown beside the parked truck.,fast,higher,louder,up,none,strong,moderate,moderate,strong,none,moderate,none,none,none,none,none,none,none,none,strong,strong,none,"Actor 05 said “The box was thrown beside the parked truck.”, with *fast* **speech rate**, *higher* **pitch**, *louder* **loudness**, **gaze** *averted* (upwards), and *strong* **raised inner eyebrows**, *moderate* **raised outer eyebrows**, *moderate* **lowered brows**, *strong* **raised upper eyelids**, *moderate* **tightened eyelids**, *strong* **parted lips**, and *strong* **a dropped jaw**."
S_05_06_08_1_1,05,surprise,8,1,1,The hogs were fed chopped corn and garbage.,normal,higher,normal,front,none,none,none,none,weak,none,none,none,none,none,none,none,none,none,none,none,none,none,"Actor 05 said “The hogs were fed chopped corn and garbage.”, with *normal* **speech rate**, *higher* **pitch**, *normal* **loudness**, while **looking at the camera**, and *weak* **raised upper eyelids**."
S_05_06_08_2_1,05,surprise,8,2,1,The hogs were fed chopped corn and garbage.,fast,higher,louder,up,none,strong,moderate,moderate,strong,strong,moderate,none,none,none,none,none,none,none,none,strong,strong,none,"Actor 05 said “The hogs were fed chopped corn and garbage.”, with *fast* **speech rate**, *higher* **pitch**, *louder* **loudness**, **gaze** *averted* (upwards), and *strong* **raised inner eyebrows**, *moderate* **raised outer eyebrows**, *moderate* **lowered brows**, *strong* **raised upper eyelids**, *strong* **raised cheeks**, *moderate* **tightened eyelids**, *strong* **parted lips**, and *strong* **a dropped jaw**."
S_05_06_09_1_1,05,surprise,9,1,1,Four hours of steady work faced us.,normal,higher,normal,front,none,none,none,none,weak,none,none,none,none,none,none,none,none,none,none,none,none,none,"Actor 05 said “Four hours of steady work faced us.”, with *normal* **speech rate**, *higher* **pitch**, *normal* **loudness**, while **looking at the camera**, and *weak* **raised upper eyelids**."
S_05_06_09_2_1,05,surprise,9,2,1,Four hours of steady work faced us.,fast,higher,louder,up,none,strong,moderate,moderate,strong,none,moderate,none,none,none,none,none,none,none,none,strong,strong,none,"Actor 05 said “Four hours of steady work faced us.”, with *fast* **speech rate**, *higher* **pitch**, *louder* **loudness**, **gaze** *averted* (upwards), and *strong* **raised inner eyebrows**, *moderate* **raised outer eyebrows**, *moderate* **lowered brows**, *strong* **raised upper eyelids**, *moderate* **tightened eyelids**, *strong* **parted lips**, and *strong* **a dropped jaw**."
S_05_06_10_1_1,05,surprise,10,1,1,A large size in stockings is hard to sell.,fast,higher,louder,front,none,weak,none,none,none,none,none,none,none,none,none,none,none,none,none,weak,none,none,"Actor 05 said “A large size in stockings is hard to sell.”, with *fast* **speech rate**, *higher* **pitch**, *louder* **loudness**, while **looking at the camera**, and *weak* **raised inner eyebrows** and *weak* **parted lips**."
S_05_06_10_2_1,05,surprise,10,2,1,A large size in stockings is hard to sell.,fast,higher,louder,front,none,strong,moderate,none,strong,none,moderate,none,none,none,none,none,none,none,none,strong,moderate,none,"Actor 05 said “A large size in stockings is hard to sell.”, with *fast* **speech rate**, *higher* **pitch**, *louder* **loudness**, while **looking at the camera**, and *strong* **raised inner eyebrows**, *moderate* **raised outer eyebrows**, *strong* **raised upper eyelids**, *moderate* **tightened eyelids**, *strong* **parted lips**, and *moderate* **a dropped jaw**."
S_05_07_01_1_1,05,confidence,1,1,1,The birch canoe slid on the smooth planks.,normal,normal,normal,front,none,none,none,none,none,none,none,none,none,weak,none,none,none,none,none,none,none,none,"Actor 05 said “The birch canoe slid on the smooth planks.”, with *normal* **speech rate**, *normal* **pitch**, *normal* **loudness**, while **looking at the camera**, and *weak* **a smile**."
S_05_07_01_2_1,05,confidence,1,2,1,The birch canoe slid on the smooth planks.,normal,higher,louder,front,none,none,none,none,weak,weak,none,none,none,weak,none,none,none,none,none,none,none,none,"Actor 05 said “The birch canoe slid on the smooth planks.”, with *normal* **speech rate**, *higher* **pitch**, *louder* **loudness**, while **looking at the camera**, and *weak* **raised upper eyelids**, *weak* **raised cheeks**, and *weak* **a smile**."
S_05_07_02_1_1,05,confidence,2,1,1,Glue the sheet to the dark blue background.,normal,normal,normal,front,none,none,none,none,none,none,none,none,none,weak,none,none,none,none,none,none,none,none,"Actor 05 said “Glue the sheet to the dark blue background.”, with *normal* **speech rate**, *normal* **pitch**, *normal* **loudness**, while **looking at the camera**, and *weak* **a smile**."
S_05_07_02_2_1,05,confidence,2,2,1,Glue the sheet to the dark blue background.,normal,higher,louder,front,none,none,none,none,none,none,none,none,none,strong,none,none,none,none,none,none,none,none,"Actor 05 said “Glue the sheet to the dark blue background.”, with *normal* **speech rate**, *higher* **pitch**, *louder* **loudness**, while **looking at the camera**, and *strong* **a smile**."
S_05_07_03_1_1,05,confidence,3,1,1,It's easy to tell the depth of a well.,normal,normal,normal,front,none,none,none,none,none,none,none,none,none,weak,none,none,none,none,none,none,none,none,"Actor 05 said “It's easy to tell the depth of a well.”, with *normal* **speech rate**, *normal* **pitch**, *normal* **loudness**, while **looking at the camera**, and *weak* **a smile**."
S_05_07_03_2_1,05,confidence,3,2,1,It's easy to tell the depth of a well.,normal,higher,louder,front,none,none,none,none,none,none,none,none,none,strong,none,none,none,none,none,none,none,none,"Actor 05 said “It's easy to tell the depth of a well.”, with *normal* **speech rate**, *higher* **pitch**, *louder* **loudness**, while **looking at the camera**, and *strong* **a smile**."
S_05_07_04_1_1,05,confidence,4,1,1,These days a chicken leg is a rare dish.,normal,normal,normal,front,none,none,none,none,none,none,none,none,none,weak,none,none,none,none,none,none,none,none,"Actor 05 said “These days a chicken leg is a rare dish.”, with *normal* **speech rate**, *normal* **pitch**, *normal* **loudness**, while **looking at the camera**, and *weak* **a smile**."
S_05_07_04_2_1,05,confidence,4,2,1,These days a chicken leg is a rare dish.,normal,higher,louder,front,none,none,none,none,none,none,none,none,none,weak,none,none,none,none,none,none,none,none,"Actor 05 said “These days a chicken leg is a rare dish.”, with *normal* **speech rate**, *higher* **pitch**, *louder* **loudness**, while **looking at the camera**, and *weak* **a smile**."
S_05_07_05_1_1,05,confidence,5,1,1,Rice is often served in round bowls.,normal,normal,normal,front,none,none,none,none,none,none,none,none,none,weak,none,none,none,none,none,none,none,none,"Actor 05 said “Rice is often served in round bowls.”, with *normal* **speech rate**, *normal* **pitch**, *normal* **loudness**, while **looking at the camera**, and *weak* **a smile**."
S_05_07_05_2_1,05,confidence,5,2,1,Rice is often served in round bowls.,normal,higher,louder,front,none,none,none,none,weak,weak,none,none,none,weak,none,none,none,none,none,none,none,none,"Actor 05 said “Rice is often served in round bowls.”, with *normal* **speech rate**, *higher* **pitch**, *louder* **loudness**, while **looking at the camera**, and *weak* **raised upper eyelids**, *weak* **raised cheeks**, and *weak* **a smile**."
S_05_07_06_1_1,05,confidence,6,1,1,The juice of lemons makes fine punch.,normal,normal,normal,front,none,none,none,none,none,none,none,none,none,weak,none,none,none,none,none,none,none,none,"Actor 05 said “The juice of lemons makes fine punch.”, with *normal* **speech rate**, *normal* **pitch**, *normal* **loudness**, while **looking at the camera**, and *weak* **a smile**."
S_05_07_06_2_1,05,confidence,6,2,1,The juice of lemons makes fine punch.,normal,higher,louder,front,none,none,none,none,weak,weak,none,none,none,weak,none,none,none,none,none,none,none,none,"Actor 05 said “The juice of lemons makes fine punch.”, with *normal* **speech rate**, *higher* **pitch**, *louder* **loudness**, while **looking at the camera**, and *weak* **raised upper eyelids**, *weak* **raised cheeks**, and *weak* **a smile**."
S_05_07_07_1_1,05,confidence,7,1,1,The box was thrown beside the parked truck.,normal,normal,normal,front,none,none,none,none,none,none,none,none,none,weak,none,none,none,none,none,none,none,none,"Actor 05 said “The box was thrown beside the parked truck.”, with *normal* **speech rate**, *normal* **pitch**, *normal* **loudness**, while **looking at the camera**, and *weak* **a smile**."
S_05_07_07_2_1,05,confidence,7,2,1,The box was thrown beside the parked truck.,normal,higher,louder,front,none,none,none,none,none,strong,none,none,none,strong,none,none,none,none,none,none,none,none,"Actor 05 said “The box was thrown beside the parked truck.”, with *normal* **speech rate**, *higher* **pitch**, *louder* **loudness**, while **looking at the camera**, and *strong* **raised cheeks** and *strong* **a smile**."
S_05_07_08_1_1,05,confidence,8,1,1,The hogs were fed chopped corn and garbage.,normal,normal,normal,front,none,none,none,none,none,none,none,none,none,weak,none,none,none,none,none,none,none,none,"Actor 05 said “The hogs were fed chopped corn and garbage.”, with *normal* **speech rate**, *normal* **pitch**, *normal* **loudness**, while **looking at the camera**, and *weak* **a smile**."
S_05_07_08_2_1,05,confidence,8,2,1,The hogs were fed chopped corn and garbage.,normal,higher,louder,front,none,none,none,none,none,none,none,none,none,strong,none,none,none,none,none,none,none,none,"Actor 05 said “The hogs were fed chopped corn and garbage.”, with *normal* **speech rate**, *higher* **pitch**, *louder* **loudness**, while **looking at the camera**, and *strong* **a smile**."
S_05_07_09_1_1,05,confidence,9,1,1,Four hours of steady work faced us.,normal,normal,normal,front,none,none,none,none,none,none,none,none,none,weak,none,none,none,none,none,none,none,none,"Actor 05 said “Four hours of steady work faced us.”, with *normal* **speech rate**, *normal* **pitch**, *normal* **loudness**, while **looking at the camera**, and *weak* **a smile**."
S_05_07_09_2_1,05,confidence,9,2,1,Four hours of steady work faced us.,normal,higher,louder,front,none,none,none,none,none,none,none,none,none,strong,none,none,none,none,none,none,none,none,"Actor 05 said “Four hours of steady work faced us.”, with *normal* **speech rate**, *higher* **pitch**, *louder* **loudness**, while **looking at the camera**, and *strong* **a smile**."
S_05_07_10_1_1,05,confidence,10,1,1,A large size in stockings is hard to sell.,normal,normal,normal,front,none,none,none,none,none,none,none,none,none,weak,none,none,none,none,none,none,none,none,"Actor 05 said “A large size in stockings is hard to sell.”, with *normal* **speech rate**, *normal* **pitch**, *normal* **loudness**, while **looking at the camera**, and *weak* **a smile**."
S_05_07_10_2_1,05,confidence,10,2,1,A large size in stockings is hard to sell.,normal,higher,louder,front,none,none,none,none,none,none,none,none,none,weak,none,none,none,none,none,none,none,none,"Actor 05 said “A large size in stockings is hard to sell.”, with *normal* **speech rate**, *higher* **pitch**, *louder* **loudness**, while **looking at the camera**, and *weak* **a smile**."
S_05_08_01_1_1,05,confusion,1,1,1,The birch canoe slid on the smooth planks.,normal,normal,normal,up,none,weak,none,weak,weak,none,none,none,none,none,none,weak,none,none,none,none,none,none,"Actor 05 said “The birch canoe slid on the smooth planks.”, with *normal* **speech rate**, *normal* **pitch**, *normal* **loudness**, **gaze** *averted* (upwards), and *weak* **raised inner eyebrows**, *weak* **lowered brows**, *weak* **raised upper eyelids**, and *weak* **downturned mouth corners**."
S_05_08_01_2_1,05,confusion,1,2,1,The birch canoe slid on the smooth planks.,slow,higher,normal,front,none,strong,none,strong,weak,none,none,none,none,none,none,weak,none,none,moderate,moderate,none,moderate,"Actor 05 said “The birch canoe slid on the smooth planks.”, with *slow* **speech rate**, *higher* **pitch**, *normal* **loudness**, while **looking at the camera**, and *strong* **raised inner eyebrows**, *strong* **lowered brows**, *weak* **raised upper eyelids**, *weak* **downturned mouth corners**, *moderate* **tightened lips**, *moderate* **parted lips**, and *moderate* **blinking**."
S_05_08_02_1_1,05,confusion,2,1,1,Glue the sheet to the dark blue background.,normal,normal,normal,front,none,none,none,weak,none,none,none,none,none,none,none,none,none,none,none,none,none,none,"Actor 05 said “Glue the sheet to the dark blue background.”, with *normal* **speech rate**, *normal* **pitch**, *normal* **loudness**, while **looking at the camera**, and *weak* **lowered brows**."
S_05_08_02_2_1,05,confusion,2,2,1,Glue the sheet to the dark blue background.,slow,lower,quieter,front,none,strong,none,strong,weak,none,none,none,none,none,none,weak,none,none,moderate,moderate,none,weak,"Actor 05 said “Glue the sheet to the dark blue background.”, with *slow* **speech rate**, *lower* **pitch**, *quieter* **loudness**, while **looking at the camera**, and *strong* **raised inner eyebrows**, *strong* **lowered brows**, *weak* **raised upper eyelids**, *weak* **downturned mouth corners**, *moderate* **tightened lips**, *moderate* **parted lips**, and *weak* **blinking**."
S_05_08_03_1_1,05,confusion,3,1,1,It's easy to tell the depth of a well.,slow,normal,normal,up,tilting,weak,none,weak,weak,none,none,none,none,none,none,weak,none,none,none,weak,none,none,"Actor 05 said “It's easy to tell the depth of a well.”, with *slow* **speech rate**, *normal* **pitch**, *normal* **loudness**, **gaze** *averted* (upwards), while *tilting* their **head**, and *weak* **raised inner eyebrows**, *weak* **lowered brows**, *weak* **raised upper eyelids**, *weak* **downturned mouth corners**, and *weak* **parted lips**."
S_05_08_03_2_1,05,confusion,3,2,1,It's easy to tell the depth of a well.,slow,higher,normal,left,none,strong,none,strong,weak,none,none,none,none,none,none,weak,none,none,moderate,moderate,none,weak,"Actor 05 said “It's easy to tell the depth of a well.”, with *slow* **speech rate**, *higher* **pitch**, *normal* **loudness**, **gaze** *averted* (to their left), and *strong* **raised inner eyebrows**, *strong* **lowered brows**, *weak* **raised upper eyelids**, *weak* **downturned mouth corners**, *moderate* **tightened lips**, *moderate* **parted lips**, and *weak* **blinking**."
S_05_08_04_1_1,05,confusion,4,1,1,These days a chicken leg is a rare dish.,normal,normal,normal,front,none,weak,none,weak,none,none,none,none,none,none,none,none,none,none,none,none,none,none,"Actor 05 said “These days a chicken leg is a rare dish.”, with *normal* **speech rate**, *normal* **pitch**, *normal* **loudness**, while **looking at the camera**, and *weak* **raised inner eyebrows** and *weak* **lowered brows**."
S_05_08_04_2_1,05,confusion,4,2,1,These days a chicken leg is a rare dish.,slow,higher,normal,left,none,strong,none,strong,weak,none,none,none,none,none,none,weak,none,none,none,none,none,moderate,"Actor 05 said “These days a chicken leg is a rare dish.”, with *slow* **speech rate**, *higher* **pitch**, *normal* **loudness**, **gaze** *averted* (to their left), and *strong* **raised inner eyebrows**, *strong* **lowered brows**, *weak* **raised upper eyelids**, *weak* **downturned mouth corners**, and *moderate* **blinking**."
S_05_08_05_1_1,05,confusion,5,1,1,Rice is often served in round bowls.,slow,normal,normal,front,none,weak,none,weak,none,none,none,none,none,none,none,none,none,none,none,none,none,none,"Actor 05 said “Rice is often served in round bowls.”, with *slow* **speech rate**, *normal* **pitch**, *normal* **loudness**, while **looking at the camera**, and *weak* **raised inner eyebrows** and *weak* **lowered brows**."
S_05_08_05_2_1,05,confusion,5,2,1,Rice is often served in round bowls.,slow,higher,quieter,front,none,strong,none,strong,weak,none,none,none,none,none,none,weak,none,none,none,weak,none,moderate,"Actor 05 said “Rice is often served in round bowls.”, with *slow* **speech rate**, *higher* **pitch**, *quieter* **loudness**, while **looking at the camera**, and *strong* **raised inner eyebrows**, *strong* **lowered brows**, *weak* **raised upper eyelids**, *weak* **downturned mouth corners**, *weak* **parted lips**, and *moderate* **blinking**."
S_05_08_06_1_1,05,confusion,6,1,1,The juice of lemons makes fine punch.,slow,lower,quieter,front,none,weak,none,weak,weak,none,none,none,none,none,none,weak,none,none,none,weak,none,none,"Actor 05 said “The juice of lemons makes fine punch.”, with *slow* **speech rate**, *lower* **pitch**, *quieter* **loudness**, while **looking at the camera**, and *weak* **raised inner eyebrows**, *weak* **lowered brows**, *weak* **raised upper eyelids**, *weak* **downturned mouth corners**, and *weak* **parted lips**."
S_05_08_06_2_1,05,confusion,6,2,1,The juice of lemons makes fine punch.,slow,lower,quieter,front,none,strong,none,strong,weak,none,none,none,none,none,none,weak,none,weak,moderate,moderate,none,weak,"Actor 05 said “The juice of lemons makes fine punch.”, with *slow* **speech rate**, *lower* **pitch**, *quieter* **loudness**, while **looking at the camera**, and *strong* **raised inner eyebrows**, *strong* **lowered brows**, *weak* **raised upper eyelids**, *weak* **downturned mouth corners**, *weak* **stretched lips**, *moderate* **tightened lips**, *moderate* **parted lips**, and *weak* **blinking**."
S_05_08_07_1_1,05,confusion,7,1,1,The box was thrown beside the parked truck.,normal,normal,normal,up,tilting,weak,none,weak,weak,none,none,none,none,none,none,weak,none,none,none,weak,none,none,"Actor 05 said “The box was thrown beside the parked truck.”, with *normal* **speech rate**, *normal* **pitch**, *normal* **loudness**, **gaze** *averted* (upwards), while *tilting* their **head**, and *weak* **raised inner eyebrows**, *weak* **lowered brows**, *weak* **raised upper eyelids**, *weak* **downturned mouth corners**, and *weak* **parted lips**."
S_05_08_07_2_1,05,confusion,7,2,1,The box was thrown beside the parked truck.,slow,higher,quieter,front,none,strong,none,strong,weak,weak,none,none,none,none,none,weak,none,weak,moderate,moderate,none,weak,"Actor 05 said “The box was thrown beside the parked truck.”, with *slow* **speech rate**, *higher* **pitch**, *quieter* **loudness**, while **looking at the camera**, and *strong* **raised inner eyebrows**, *strong* **lowered brows**, *weak* **raised upper eyelids**, *weak* **raised cheeks**, *weak* **downturned mouth corners**, *weak* **stretched lips**, *moderate* **tightened lips**, *moderate* **parted lips**, and *weak* **blinking**."
S_05_08_08_1_1,05,confusion,8,1,1,The hogs were fed chopped corn and garbage.,normal,normal,normal,front,none,weak,none,weak,none,none,none,none,none,none,none,none,none,none,none,none,none,none,"Actor 05 said “The hogs were fed chopped corn and garbage.”, with *normal* **speech rate**, *normal* **pitch**, *normal* **loudness**, while **looking at the camera**, and *weak* **raised inner eyebrows** and *weak* **lowered brows**."
S_05_08_08_2_1,05,confusion,8,2,1,The hogs were fed chopped corn and garbage.,slow,higher,quieter,front,none,strong,none,strong,weak,weak,none,none,none,none,none,weak,none,weak,moderate,moderate,none,weak,"Actor 05 said “The hogs were fed chopped corn and garbage.”, with *slow* **speech rate**, *higher* **pitch**, *quieter* **loudness**, while **looking at the camera**, and *strong* **raised inner eyebrows**, *strong* **lowered brows**, *weak* **raised upper eyelids**, *weak* **raised cheeks**, *weak* **downturned mouth corners**, *weak* **stretched lips**, *moderate* **tightened lips**, *moderate* **parted lips**, and *weak* **blinking**."
S_05_08_09_1_1,05,confusion,9,1,1,Four hours of steady work faced us.,normal,normal,normal,up,none,weak,none,weak,weak,none,none,none,none,none,none,weak,none,none,none,none,none,none,"Actor 05 said “Four hours of steady work faced us.”, with *normal* **speech rate**, *normal* **pitch**, *normal* **loudness**, **gaze** *averted* (upwards), and *weak* **raised inner eyebrows**, *weak* **lowered brows**, *weak* **raised upper eyelids**, and *weak* **downturned mouth corners**."
S_05_08_09_2_1,05,confusion,9,2,1,Four hours of steady work faced us.,slow,lower,quieter,front,none,strong,none,strong,weak,weak,none,none,none,none,none,weak,none,weak,moderate,moderate,none,strong,"Actor 05 said “Four hours of steady work faced us.”, with *slow* **speech rate**, *lower* **pitch**, *quieter* **loudness**, while **looking at the camera**, and *strong* **raised inner eyebrows**, *strong* **lowered brows**, *weak* **raised upper eyelids**, *weak* **raised cheeks**, *weak* **downturned mouth corners**, *weak* **stretched lips**, *moderate* **tightened lips**, *moderate* **parted lips**, and *strong* **blinking**."
S_05_08_10_1_1,05,confusion,10,1,1,A large size in stockings is hard to sell.,normal,normal,normal,up,tilting,weak,none,weak,none,none,none,none,none,none,none,weak,none,none,none,none,none,none,"Actor 05 said “A large size in stockings is hard to sell.”, with *normal* **speech rate**, *normal* **pitch**, *normal* **loudness**, **gaze** *averted* (upwards), while *tilting* their **head**, and *weak* **raised inner eyebrows**, *weak* **lowered brows**, and *weak* **downturned mouth corners**."
S_05_08_10_2_1,05,confusion,10,2,1,A large size in stockings is hard to sell.,slow,higher,normal,up,tilting,strong,weak,strong,moderate,none,none,none,none,none,none,none,none,none,none,moderate,moderate,weak,"Actor 05 said “A large size in stockings is hard to sell.”, with *slow* **speech rate**, *higher* **pitch**, *normal* **loudness**, **gaze** *averted* (upwards), while *tilting* their **head**, and *strong* **raised inner eyebrows**, *weak* **raised outer eyebrows**, *strong* **lowered brows**, *moderate* **raised upper eyelids**, *moderate* **parted lips**, *moderate* **a dropped jaw**, and *weak* **blinking**."
S_05_09_01_1_1,05,contempt,1,1,1,The birch canoe slid on the smooth planks.,normal,normal,normal,front,none,none,none,weak,none,none,none,none,none,none,none,weak,none,none,none,none,none,none,"Actor 05 said “The birch canoe slid on the smooth planks.”, with *normal* **speech rate**, *normal* **pitch**, *normal* **loudness**, while **looking at the camera**, and *weak* **lowered brows** and *weak* **downturned mouth corners**."
S_05_09_01_2_1,05,contempt,1,2,1,The birch canoe slid on the smooth planks.,normal,lower,normal,left,none,weak,none,strong,weak,none,none,none,none,none,none,weak,none,none,moderate,none,none,none,"Actor 05 said “The birch canoe slid on the smooth planks.”, with *normal* **speech rate**, *lower* **pitch**, *normal* **loudness**, **gaze** *averted* (to their left), and *weak* **raised inner eyebrows**, *strong* **lowered brows**, *weak* **raised upper eyelids**, *weak* **downturned mouth corners**, and *moderate* **tightened lips**."
S_05_09_02_1_1,05,contempt,2,1,1,Glue the sheet to the dark blue background.,normal,normal,normal,front,none,none,none,weak,none,none,none,none,none,none,none,weak,none,none,none,none,none,none,"Actor 05 said “Glue the sheet to the dark blue background.”, with *normal* **speech rate**, *normal* **pitch**, *normal* **loudness**, while **looking at the camera**, and *weak* **lowered brows** and *weak* **downturned mouth corners**."
S_05_09_02_2_1,05,contempt,2,2,1,Glue the sheet to the dark blue background.,slow,lower,louder,front,none,none,none,strong,weak,none,none,weak,moderate,none,none,none,none,none,none,none,none,none,"Actor 05 said “Glue the sheet to the dark blue background.”, with *slow* **speech rate**, *lower* **pitch**, *louder* **loudness**, while **looking at the camera**, and *strong* **lowered brows**, *weak* **raised upper eyelids**, *weak* **wrinkled nose**, and *moderate* **raised upper lip**."
S_05_09_03_1_1,05,contempt,3,1,1,It's easy to tell the depth of a well.,slow,lower,quieter,front,none,none,none,weak,none,none,none,none,none,none,none,weak,none,none,none,none,none,none,"Actor 05 said “It's easy to tell the depth of a well.”, with *slow* **speech rate**, *lower* **pitch**, *quieter* **loudness**, while **looking at the camera**, and *weak* **lowered brows** and *weak* **downturned mouth corners**."
S_05_09_03_2_1,05,contempt,3,2,1,It's easy to tell the depth of a well.,normal,higher,normal,front,none,none,none,strong,weak,none,none,none,none,none,none,weak,none,none,moderate,none,none,none,"Actor 05 said “It's easy to tell the depth of a well.”, with *normal* **speech rate**, *higher* **pitch**, *normal* **loudness**, while **looking at the camera**, and *strong* **lowered brows**, *weak* **raised upper eyelids**, *weak* **downturned mouth corners**, and *moderate* **tightened lips**."
S_05_09_04_1_1,05,contempt,4,1,1,These days a chicken leg is a rare dish.,normal,normal,normal,front,none,none,none,weak,none,none,none,none,none,none,none,weak,none,none,none,none,none,none,"Actor 05 said “These days a chicken leg is a rare dish.”, with *normal* **speech rate**, *normal* **pitch**, *normal* **loudness**, while **looking at the camera**, and *weak* **lowered brows** and *weak* **downturned mouth corners**."
S_05_09_04_2_1,05,contempt,4,2,1,These days a chicken leg is a rare dish.,slow,lower,quieter,front,none,weak,none,strong,weak,none,none,weak,moderate,none,none,none,none,none,none,none,none,none,"Actor 05 said “These days a chicken leg is a rare dish.”, with *slow* **speech rate**, *lower* **pitch**, *quieter* **loudness**, while **looking at the camera**, and *weak* **raised inner eyebrows**, *strong* **lowered brows**, *weak* **raised upper eyelids**, *weak* **wrinkled nose**, and *moderate* **raised upper lip**."
S_05_09_05_1_1,05,contempt,5,1,1,Rice is often served in round bowls.,slow,lower,quieter,front,none,none,none,weak,none,none,none,none,none,none,none,weak,none,none,none,none,none,none,"Actor 05 said “Rice is often served in round bowls.”, with *slow* **speech rate**, *lower* **pitch**, *quieter* **loudness**, while **looking at the camera**, and *weak* **lowered brows** and *weak* **downturned mouth corners**."
S_05_09_05_2_1,05,contempt,5,2,1,Rice is often served in round bowls.,normal,higher,louder,down,none,none,none,strong,none,none,none,none,none,none,none,strong,none,none,none,none,none,none,"Actor 05 said “Rice is often served in round bowls.”, with *normal* **speech rate**, *higher* **pitch**, *louder* **loudness**, **gaze** *averted* (downwards), and *strong* **lowered brows** and *strong* **downturned mouth corners**."
S_05_09_06_1_1,05,contempt,6,1,1,The juice of lemons makes fine punch.,normal,normal,normal,front,none,none,none,weak,none,none,none,none,none,none,none,none,none,none,none,none,none,none,"Actor 05 said “The juice of lemons makes fine punch.”, with *normal* **speech rate**, *normal* **pitch**, *normal* **loudness**, while **looking at the camera**, and *weak* **lowered brows**."
S_05_09_06_2_1,05,contempt,6,2,1,The juice of lemons makes fine punch.,slow,lower,louder,front,none,none,none,strong,weak,none,none,weak,moderate,none,none,none,none,none,none,none,none,none,"Actor 05 said “The juice of lemons makes fine punch.”, with *slow* **speech rate**, *lower* **pitch**, *louder* **loudness**, while **looking at the camera**, and *strong* **lowered brows**, *weak* **raised upper eyelids**, *weak* **wrinkled nose**, and *moderate* **raised upper lip**."
S_05_09_07_1_1,05,contempt,7,1,1,The box was thrown beside the parked truck.,normal,normal,normal,front,none,none,none,weak,none,none,none,none,none,none,none,weak,none,none,none,none,none,none,"Actor 05 said “The box was thrown beside the parked truck.”, with *normal* **speech rate**, *normal* **pitch**, *normal* **loudness**, while **looking at the camera**, and *weak* **lowered brows** and *weak* **downturned mouth corners**."
S_05_09_07_2_1,05,contempt,7,2,1,The box was thrown beside the parked truck.,normal,higher,louder,down,none,none,none,strong,none,none,none,none,none,none,none,strong,none,none,none,none,none,none,"Actor 05 said “The box was thrown beside the parked truck.”, with *normal* **speech rate**, *higher* **pitch**, *louder* **loudness**, **gaze** *averted* (downwards), and *strong* **lowered brows** and *strong* **downturned mouth corners**."
S_05_09_08_1_1,05,contempt,8,1,1,The hogs were fed chopped corn and garbage.,slow,lower,quieter,front,none,none,none,weak,none,none,none,none,none,none,none,weak,none,none,none,none,none,none,"Actor 05 said “The hogs were fed chopped corn and garbage.”, with *slow* **speech rate**, *lower* **pitch**, *quieter* **loudness**, while **looking at the camera**, and *weak* **lowered brows** and *weak* **downturned mouth corners**."
S_05_09_08_2_1,05,contempt,8,2,1,The hogs were fed chopped corn and garbage.,slow,lower,louder,front,none,strong,none,strong,weak,none,none,strong,moderate,none,none,none,none,none,none,moderate,none,none,"Actor 05 said “The hogs were fed chopped corn and garbage.”, with *slow* **speech rate**, *lower* **pitch**, *louder* **loudness**, while **looking at the camera**, and *strong* **raised inner eyebrows**, *strong* **lowered brows**, *weak* **raised upper eyelids**, *strong* **wrinkled nose**, *moderate* **raised upper lip**, and *moderate* **parted lips**."
S_05_09_09_1_1,05,contempt,9,1,1,Four hours of steady work faced us.,slow,lower,quieter,front,none,weak,none,moderate,none,none,none,none,none,none,none,none,none,none,none,none,none,none,"Actor 05 said “Four hours of steady work faced us.”, with *slow* **speech rate**, *lower* **pitch**, *quieter* **loudness**, while **looking at the camera**, and *weak* **raised inner eyebrows** and *moderate* **lowered brows**."
S_05_09_09_2_1,05,contempt,9,2,1,Four hours of steady work faced us.,slow,lower,louder,front,none,weak,none,strong,weak,none,none,none,moderate,none,none,none,none,none,none,none,none,none,"Actor 05 said “Four hours of steady work faced us.”, with *slow* **speech rate**, *lower* **pitch**, *louder* **loudness**, while **looking at the camera**, and *weak* **raised inner eyebrows**, *strong* **lowered brows**, *weak* **raised upper eyelids**, and *moderate* **raised upper lip**."
S_05_09_10_1_1,05,contempt,10,1,1,A large size in stockings is hard to sell.,normal,normal,normal,front,none,none,none,weak,none,none,none,none,none,none,none,weak,none,none,none,none,none,none,"Actor 05 said “A large size in stockings is hard to sell.”, with *normal* **speech rate**, *normal* **pitch**, *normal* **loudness**, while **looking at the camera**, and *weak* **lowered brows** and *weak* **downturned mouth corners**."
S_05_09_10_2_1,05,contempt,10,2,1,A large size in stockings is hard to sell.,slow,lower,louder,front,none,strong,none,strong,weak,none,none,none,moderate,none,none,none,none,none,none,none,none,none,"Actor 05 said “A large size in stockings is hard to sell.”, with *slow* **speech rate**, *lower* **pitch**, *louder* **loudness**, while **looking at the camera**, and *strong* **raised inner eyebrows**, *strong* **lowered brows**, *weak* **raised upper eyelids**, and *moderate* **raised upper lip**."
S_05_10_01_1_1,05,empathy,1,1,1,The birch canoe slid on the smooth planks.,slow,lower,quieter,front,none,weak,none,weak,weak,weak,none,none,none,weak,none,weak,none,none,none,none,none,none,"Actor 05 said “The birch canoe slid on the smooth planks.”, with *slow* **speech rate**, *lower* **pitch**, *quieter* **loudness**, while **looking at the camera**, and *weak* **raised inner eyebrows**, *weak* **lowered brows**, *weak* **raised upper eyelids**, *weak* **raised cheeks**, *weak* **a smile**, and *weak* **downturned mouth corners**."
S_05_10_01_2_1,05,empathy,1,2,1,The birch canoe slid on the smooth planks.,slow,lower,quieter,front,none,weak,none,none,weak,weak,none,none,none,none,none,weak,none,none,none,none,none,none,"Actor 05 said “The birch canoe slid on the smooth planks.”, with *slow* **speech rate**, *lower* **pitch**, *quieter* **loudness**, while **looking at the camera**, and *weak* **raised inner eyebrows**, *weak* **raised upper eyelids**, *weak* **raised cheeks**, and *weak* **downturned mouth corners**."
S_05_10_02_1_1,05,empathy,2,1,1,Glue the sheet to the dark blue background.,slow,lower,quieter,front,none,weak,none,none,none,weak,none,none,none,weak,none,weak,none,none,none,none,none,none,"Actor 05 said “Glue the sheet to the dark blue background.”, with *slow* **speech rate**, *lower* **pitch**, *quieter* **loudness**, while **looking at the camera**, and *weak* **raised inner eyebrows**, *weak* **raised cheeks**, *weak* **a smile**, and *weak* **downturned mouth corners**."
S_05_10_02_2_1,05,empathy,2,2,1,Glue the sheet to the dark blue background.,slow,lower,quieter,front,none,weak,none,weak,none,none,none,none,none,none,none,none,none,none,none,none,none,none,"Actor 05 said “Glue the sheet to the dark blue background.”, with *slow* **speech rate**, *lower* **pitch**, *quieter* **loudness**, while **looking at the camera**, and *weak* **raised inner eyebrows** and *weak* **lowered brows**."
S_05_10_03_1_1,05,empathy,3,1,1,It's easy to tell the depth of a well.,slow,lower,quieter,front,none,weak,none,weak,weak,weak,none,none,none,weak,none,weak,none,none,none,none,none,none,"Actor 05 said “It's easy to tell the depth of a well.”, with *slow* **speech rate**, *lower* **pitch**, *quieter* **loudness**, while **looking at the camera**, and *weak* **raised inner eyebrows**, *weak* **lowered brows**, *weak* **raised upper eyelids**, *weak* **raised cheeks**, *weak* **a smile**, and *weak* **downturned mouth corners**."
S_05_10_03_2_1,05,empathy,3,2,1,It's easy to tell the depth of a well.,slow,lower,quieter,front,none,weak,none,moderate,none,none,none,none,none,none,none,none,none,none,none,weak,none,none,"Actor 05 said “It's easy to tell the depth of a well.”, with *slow* **speech rate**, *lower* **pitch**, *quieter* **loudness**, while **looking at the camera**, and *weak* **raised inner eyebrows**, *moderate* **lowered brows**, and *weak* **parted lips**."
S_05_10_04_1_1,05,empathy,4,1,1,These days a chicken leg is a rare dish.,slow,lower,quieter,front,none,weak,none,none,none,weak,none,none,none,none,none,weak,none,none,none,none,none,none,"Actor 05 said “These days a chicken leg is a rare dish.”, with *slow* **speech rate**, *lower* **pitch**, *quieter* **loudness**, while **looking at the camera**, and *weak* **raised inner eyebrows**, *weak* **raised cheeks**, and *weak* **downturned mouth corners**."
S_05_10_04_2_1,05,empathy,4,2,1,These days a chicken leg is a rare dish.,slow,lower,quieter,front,none,moderate,none,none,none,none,none,none,none,none,none,none,none,none,none,none,none,weak,"Actor 05 said “These days a chicken leg is a rare dish.”, with *slow* **speech rate**, *lower* **pitch**, *quieter* **loudness**, while **looking at the camera**, and *moderate* **raised inner eyebrows** and *weak* **blinking**."
S_05_10_05_1_1,05,empathy,5,1,1,Rice is often served in round bowls.,slow,lower,quieter,front,none,none,none,none,none,weak,none,none,none,weak,none,weak,none,none,none,none,none,none,"Actor 05 said “Rice is often served in round bowls.”, with *slow* **speech rate**, *lower* **pitch**, *quieter* **loudness**, while **looking at the camera**, and *weak* **raised cheeks**, *weak* **a smile**, and *weak* **downturned mouth corners**."
S_05_10_05_2_1,05,empathy,5,2,1,Rice is often served in round bowls.,slow,lower,quieter,front,none,weak,none,none,weak,weak,none,none,none,weak,none,weak,none,none,none,none,none,none,"Actor 05 said “Rice is often served in round bowls.”, with *slow* **speech rate**, *lower* **pitch**, *quieter* **loudness**, while **looking at the camera**, and *weak* **raised inner eyebrows**, *weak* **raised upper eyelids**, *weak* **raised cheeks**, *weak* **a smile**, and *weak* **downturned mouth corners**."
S_05_10_06_1_1,05,empathy,6,1,1,The juice of lemons makes fine punch.,normal,normal,normal,front,none,weak,none,none,none,weak,none,none,none,weak,none,none,none,none,none,none,none,none,"Actor 05 said “The juice of lemons makes fine punch.”, with *normal* **speech rate**, *normal* **pitch**, *normal* **loudness**, while **looking at the camera**, and *weak* **raised inner eyebrows**, *weak* **raised cheeks**, and *weak* **a smile**."
S_05_10_06_2_1,05,empathy,6,2,1,The juice of lemons makes fine punch.,slow,lower,quieter,front,none,weak,none,none,weak,weak,none,none,none,weak,none,weak,none,none,none,weak,none,none,"Actor 05 said “The juice of lemons makes fine punch.”, with *slow* **speech rate**, *lower* **pitch**, *quieter* **loudness**, while **looking at the camera**, and *weak* **raised inner eyebrows**, *weak* **raised upper eyelids**, *weak* **raised cheeks**, *weak* **a smile**, *weak* **downturned mouth corners**, and *weak* **parted lips**."
S_05_10_07_1_1,05,empathy,7,1,1,The box was thrown beside the parked truck.,slow,lower,quieter,front,none,weak,none,weak,none,weak,none,none,none,none,none,weak,none,none,none,none,none,none,"Actor 05 said “The box was thrown beside the parked truck.”, with *slow* **speech rate**, *lower* **pitch**, *quieter* **loudness**, while **looking at the camera**, and *weak* **raised inner eyebrows**, *weak* **lowered brows**, *weak* **raised cheeks**, and *weak* **downturned mouth corners**."
S_05_10_07_2_1,05,empathy,7,2,1,The box was thrown beside the parked truck.,slow,lower,quieter,front,none,weak,none,weak,none,none,none,none,none,none,none,none,none,none,none,none,none,none,"Actor 05 said “The box was thrown beside the parked truck.”, with *slow* **speech rate**, *lower* **pitch**, *quieter* **loudness**, while **looking at the camera**, and *weak* **raised inner eyebrows** and *weak* **lowered brows**."
S_05_10_08_1_1,05,empathy,8,1,1,The hogs were fed chopped corn and garbage.,slow,lower,quieter,front,none,weak,none,none,none,none,none,none,none,none,none,none,none,none,none,none,none,none,"Actor 05 said “The hogs were fed chopped corn and garbage.”, with *slow* **speech rate**, *lower* **pitch**, *quieter* **loudness**, while **looking at the camera**, and *weak* **raised inner eyebrows**."
S_05_10_08_2_1,05,empathy,8,2,1,The hogs were fed chopped corn and garbage.,slow,lower,quieter,front,none,weak,none,none,none,weak,none,none,none,none,none,weak,none,none,none,weak,none,none,"Actor 05 said “The hogs were fed chopped corn and garbage.”, with *slow* **speech rate**, *lower* **pitch**, *quieter* **loudness**, while **looking at the camera**, and *weak* **raised inner eyebrows**, *weak* **raised cheeks**, *weak* **downturned mouth corners**, and *weak* **parted lips**."
S_05_10_09_1_1,05,empathy,9,1,1,Four hours of steady work faced us.,slow,lower,quieter,front,none,weak,none,weak,weak,weak,none,none,none,none,none,weak,none,none,none,none,none,none,"Actor 05 said “Four hours of steady work faced us.”, with *slow* **speech rate**, *lower* **pitch**, *quieter* **loudness**, while **looking at the camera**, and *weak* **raised inner eyebrows**, *weak* **lowered brows**, *weak* **raised upper eyelids**, *weak* **raised cheeks**, and *weak* **downturned mouth corners**."
S_05_10_09_2_1,05,empathy,9,2,1,Four hours of steady work faced us.,slow,lower,quieter,front,none,weak,none,weak,none,none,none,none,none,none,none,none,none,none,none,none,none,none,"Actor 05 said “Four hours of steady work faced us.”, with *slow* **speech rate**, *lower* **pitch**, *quieter* **loudness**, while **looking at the camera**, and *weak* **raised inner eyebrows** and *weak* **lowered brows**."
S_05_10_10_1_1,05,empathy,10,1,1,A large size in stockings is hard to sell.,slow,lower,quieter,front,none,weak,none,none,none,none,none,none,none,none,none,weak,none,none,none,none,none,none,"Actor 05 said “A large size in stockings is hard to sell.”, with *slow* **speech rate**, *lower* **pitch**, *quieter* **loudness**, while **looking at the camera**, and *weak* **raised inner eyebrows** and *weak* **downturned mouth corners**."
S_05_10_10_2_1,05,empathy,10,2,1,A large size in stockings is hard to sell.,slow,lower,quieter,front,none,weak,none,weak,none,none,none,none,none,none,none,moderate,none,none,none,none,none,none,"Actor 05 said “A large size in stockings is hard to sell.”, with *slow* **speech rate**, *lower* **pitch**, *quieter* **loudness**, while **looking at the camera**, and *weak* **raised inner eyebrows**, *weak* **lowered brows**, and *moderate* **downturned mouth corners**."
S_06_00_01_0_1,06,neutral,1,0,1,The birch canoe slid on the smooth planks.,normal,normal,normal,front,none,none,none,none,none,none,none,none,none,none,none,none,none,none,none,none,none,none,"Actor 06 said “The birch canoe slid on the smooth planks.”, with *normal* **speech rate**, *normal* **pitch**, *normal* **loudness**, and while **looking at the camera**."
S_06_00_02_0_1,06,neutral,2,0,1,Glue the sheet to the dark blue background.,normal,normal,normal,front,none,none,none,none,none,none,none,none,none,none,none,none,none,none,none,none,none,none,"Actor 06 said “Glue the sheet to the dark blue background.”, with *normal* **speech rate**, *normal* **pitch**, *normal* **loudness**, and while **looking at the camera**."
S_06_00_03_0_1,06,neutral,3,0,1,It's easy to tell the depth of a well.,normal,normal,normal,front,none,none,none,none,none,none,none,none,none,none,none,none,none,none,none,none,none,none,"Actor 06 said “It's easy to tell the depth of a well.”, with *normal* **speech rate**, *normal* **pitch**, *normal* **loudness**, and while **looking at the camera**."
S_06_00_04_0_1,06,neutral,4,0,1,These days a chicken leg is a rare dish.,normal,normal,normal,front,none,none,none,none,none,none,none,none,none,none,none,none,none,none,none,none,none,none,"Actor 06 said “These days a chicken leg is a rare dish.”, with *normal* **speech rate**, *normal* **pitch**, *normal* **loudness**, and while **looking at the camera**."
S_06_00_05_0_1,06,neutral,5,0,1,Rice is often served in round bowls.,normal,normal,normal,front,none,none,none,none,none,none,none,none,none,none,none,none,none,none,none,none,none,none,"Actor 06 said “Rice is often served in round bowls.”, with *normal* **speech rate**, *normal* **pitch**, *normal* **loudness**, and while **looking at the camera**."
S_06_00_06_0_1,06,neutral,6,0,1,The juice of lemons makes fine punch.,normal,normal,normal,front,none,none,none,none,none,none,none,none,none,none,none,none,none,none,none,none,none,none,"Actor 06 said “The juice of lemons makes fine punch.”, with *normal* **speech rate**, *normal* **pitch**, *normal* **loudness**, and while **looking at the camera**."
S_06_00_07_0_1,06,neutral,7,0,1,The box was thrown beside the parked truck.,normal,normal,normal,front,none,none,none,none,none,none,none,none,none,none,none,none,none,none,none,none,none,none,"Actor 06 said “The box was thrown beside the parked truck.”, with *normal* **speech rate**, *normal* **pitch**, *normal* **loudness**, and while **looking at the camera**."
S_06_00_08_0_1,06,neutral,8,0,1,The hogs were fed chopped corn and garbage.,normal,normal,normal,front,none,none,none,none,none,none,none,none,none,none,none,none,none,none,none,none,none,none,"Actor 06 said “The hogs were fed chopped corn and garbage.”, with *normal* **speech rate**, *normal* **pitch**, *normal* **loudness**, and while **looking at the camera**."
S_06_00_09_0_1,06,neutral,9,0,1,Four hours of steady work faced us.,normal,normal,normal,front,none,none,none,none,none,none,none,none,none,none,none,none,none,none,none,none,none,none,"Actor 06 said “Four hours of steady work faced us.”, with *normal* **speech rate**, *normal* **pitch**, *normal* **loudness**, and while **looking at the camera**."
S_06_00_10_0_1,06,neutral,10,0,1,A large size in stockings is hard to sell.,normal,normal,normal,front,none,none,none,none,none,none,none,none,none,none,none,none,none,none,none,none,none,none,"Actor 06 said “A large size in stockings is hard to sell.”, with *normal* **speech rate**, *normal* **pitch**, *normal* **loudness**, and while **looking at the camera**."
S_06_01_01_1_1,06,fear,1,1,1,The birch canoe slid on the smooth planks.,slow,lower,quieter,right,none,weak,none,moderate,weak,none,none,none,none,none,none,weak,none,none,none,none,none,strong,"Actor 06 said “The birch canoe slid on the smooth planks.”, with *slow* **speech rate**, *lower* **pitch**, *quieter* **loudness**, **gaze** *averted* (to their right), and *weak* **raised inner eyebrows**, *moderate* **lowered brows**, *weak* **raised upper eyelids**, *weak* **downturned mouth corners**, and *strong* **blinking**."
S_06_01_01_2_1,06,fear,1,2,1,The birch canoe slid on the smooth planks.,fast,higher,louder,up,none,weak,none,moderate,moderate,none,moderate,none,none,none,none,none,none,none,weak,moderate,moderate,none,"Actor 06 said “The birch canoe slid on the smooth planks.”, with *fast* **speech rate**, *higher* **pitch**, *louder* **loudness**, **gaze** *averted* (upwards), and *weak* **raised inner eyebrows**, *moderate* **lowered brows**, *moderate* **raised upper eyelids**, *moderate* **tightened eyelids**, *weak* **tightened lips**, *moderate* **parted lips**, and *moderate* **a dropped jaw**."
S_06_01_02_1_1,06,fear,2,1,1,Glue the sheet to the dark blue background.,slow,lower,quieter,front,none,weak,none,moderate,weak,none,none,none,none,none,none,weak,none,none,none,none,none,strong,"Actor 06 said “Glue the sheet to the dark blue background.”, with *slow* **speech rate**, *lower* **pitch**, *quieter* **loudness**, while **looking at the camera**, and *weak* **raised inner eyebrows**, *moderate* **lowered brows**, *weak* **raised upper eyelids**, *weak* **downturned mouth corners**, and *strong* **blinking**."
S_06_01_02_2_1,06,fear,2,2,1,Glue the sheet to the dark blue background.,slow,higher,louder,up,none,strong,none,moderate,moderate,none,strong,none,none,none,none,none,none,none,none,moderate,strong,strong,"Actor 06 said “Glue the sheet to the dark blue background.”, with *slow* **speech rate**, *higher* **pitch**, *louder* **loudness**, **gaze** *averted* (upwards), and *strong* **raised inner eyebrows**, *moderate* **lowered brows**, *moderate* **raised upper eyelids**, *strong* **tightened eyelids**, *moderate* **parted lips**, *strong* **a dropped jaw**, and *strong* **blinking**."
S_06_01_03_1_1,06,fear,3,1,1,It's easy to tell the depth of a well.,slow,lower,quieter,right,none,weak,none,moderate,weak,none,none,none,none,none,none,weak,none,none,none,none,none,strong,"Actor 06 said “It's easy to tell the depth of a well.”, with *slow* **speech rate**, *lower* **pitch**, *quieter* **loudness**, **gaze** *averted* (to their right), and *weak* **raised inner eyebrows**, *moderate* **lowered brows**, *weak* **raised upper eyelids**, *weak* **downturned mouth corners**, and *strong* **blinking**."
S_06_01_03_2_1,06,fear,3,2,1,It's easy to tell the depth of a well.,slow,higher,louder,up,none,weak,none,moderate,moderate,none,strong,none,none,none,none,none,none,none,none,moderate,none,strong,"Actor 06 said “It's easy to tell the depth of a well.”, with *slow* **speech rate**, *higher* **pitch**, *louder* **loudness**, **gaze** *averted* (upwards), and *weak* **raised inner eyebrows**, *moderate* **lowered brows**, *moderate* **raised upper eyelids**, *strong* **tightened eyelids**, *moderate* **parted lips**, and *strong* **blinking**."
S_06_01_04_1_1,06,fear,4,1,1,These days a chicken leg is a rare dish.,slow,lower,quieter,right,none,weak,none,moderate,weak,none,none,none,none,none,none,weak,none,none,none,none,none,strong,"Actor 06 said “These days a chicken leg is a rare dish.”, with *slow* **speech rate**, *lower* **pitch**, *quieter* **loudness**, **gaze** *averted* (to their right), and *weak* **raised inner eyebrows**, *moderate* **lowered brows**, *weak* **raised upper eyelids**, *weak* **downturned mouth corners**, and *strong* **blinking**."
S_06_01_04_2_1,06,fear,4,2,1,These days a chicken leg is a rare dish.,fast,higher,louder,right,none,weak,none,moderate,moderate,none,none,none,none,none,none,none,none,none,none,moderate,strong,strong,"Actor 06 said “These days a chicken leg is a rare dish.”, with *fast* **speech rate**, *higher* **pitch**, *louder* **loudness**, **gaze** *averted* (to their right), and *weak* **raised inner eyebrows**, *moderate* **lowered brows**, *moderate* **raised upper eyelids**, *moderate* **parted lips**, *strong* **a dropped jaw**, and *strong* **blinking**."
S_06_01_05_1_1,06,fear,5,1,1,Rice is often served in round bowls.,slow,lower,quieter,front,none,weak,none,moderate,weak,none,none,none,none,none,none,weak,none,none,none,none,none,strong,"Actor 06 said “Rice is often served in round bowls.”, with *slow* **speech rate**, *lower* **pitch**, *quieter* **loudness**, while **looking at the camera**, and *weak* **raised inner eyebrows**, *moderate* **lowered brows**, *weak* **raised upper eyelids**, *weak* **downturned mouth corners**, and *strong* **blinking**."
S_06_01_05_2_1,06,fear,5,2,1,Rice is often served in round bowls.,slow,higher,louder,up,none,moderate,weak,strong,strong,none,moderate,none,none,none,none,none,none,none,weak,moderate,moderate,weak,"Actor 06 said “Rice is often served in round bowls.”, with *slow* **speech rate**, *higher* **pitch**, *louder* **loudness**, **gaze** *averted* (upwards), and *moderate* **raised inner eyebrows**, *weak* **raised outer eyebrows**, *strong* **lowered brows**, *strong* **raised upper eyelids**, *moderate* **tightened eyelids**, *weak* **tightened lips**, *moderate* **parted lips**, *moderate* **a dropped jaw**, and *weak* **blinking**."
S_06_01_06_1_1,06,fear,6,1,1,The juice of lemons makes fine punch.,slow,lower,quieter,right,none,weak,none,moderate,weak,none,none,none,none,none,none,weak,none,none,none,none,none,strong,"Actor 06 said “The juice of lemons makes fine punch.”, with *slow* **speech rate**, *lower* **pitch**, *quieter* **loudness**, **gaze** *averted* (to their right), and *weak* **raised inner eyebrows**, *moderate* **lowered brows**, *weak* **raised upper eyelids**, *weak* **downturned mouth corners**, and *strong* **blinking**."
S_06_01_06_2_1,06,fear,6,2,1,The juice of lemons makes fine punch.,slow,higher,louder,up,none,strong,none,moderate,moderate,none,moderate,none,none,none,none,none,none,none,weak,moderate,weak,none,"Actor 06 said “The juice of lemons makes fine punch.”, with *slow* **speech rate**, *higher* **pitch**, *louder* **loudness**, **gaze** *averted* (upwards), and *strong* **raised inner eyebrows**, *moderate* **lowered brows**, *moderate* **raised upper eyelids**, *moderate* **tightened eyelids**, *weak* **tightened lips**, *moderate* **parted lips**, and *weak* **a dropped jaw**."
S_06_01_07_1_1,06,fear,7,1,1,The box was thrown beside the parked truck.,normal,normal,normal,right,none,weak,none,moderate,none,none,none,none,none,none,none,none,none,none,weak,none,none,strong,"Actor 06 said “The box was thrown beside the parked truck.”, with *normal* **speech rate**, *normal* **pitch**, *normal* **loudness**, **gaze** *averted* (to their right), and *weak* **raised inner eyebrows**, *moderate* **lowered brows**, *weak* **tightened lips**, and *strong* **blinking**."
S_06_01_07_2_1,06,fear,7,2,1,The box was thrown beside the parked truck.,fast,higher,louder,right,none,weak,none,moderate,moderate,none,moderate,none,none,none,none,none,none,none,weak,moderate,weak,none,"Actor 06 said “The box was thrown beside the parked truck.”, with *fast* **speech rate**, *higher* **pitch**, *louder* **loudness**, **gaze** *averted* (to their right), and *weak* **raised inner eyebrows**, *moderate* **lowered brows**, *moderate* **raised upper eyelids**, *moderate* **tightened eyelids**, *weak* **tightened lips**, *moderate* **parted lips**, and *weak* **a dropped jaw**."
S_06_01_08_1_1,06,fear,8,1,1,The hogs were fed chopped corn and garbage.,normal,normal,normal,right,none,weak,none,moderate,none,none,none,none,none,none,none,none,none,none,weak,none,none,strong,"Actor 06 said “The hogs were fed chopped corn and garbage.”, with *normal* **speech rate**, *normal* **pitch**, *normal* **loudness**, **gaze** *averted* (to their right), and *weak* **raised inner eyebrows**, *moderate* **lowered brows**, *weak* **tightened lips**, and *strong* **blinking**."
S_06_01_08_2_1,06,fear,8,2,1,The hogs were fed chopped corn and garbage.,fast,higher,louder,front,none,weak,none,moderate,moderate,none,weak,none,none,none,none,none,none,none,none,moderate,none,strong,"Actor 06 said “The hogs were fed chopped corn and garbage.”, with *fast* **speech rate**, *higher* **pitch**, *louder* **loudness**, while **looking at the camera**, and *weak* **raised inner eyebrows**, *moderate* **lowered brows**, *moderate* **raised upper eyelids**, *weak* **tightened eyelids**, *moderate* **parted lips**, and *strong* **blinking**."
S_06_01_09_1_1,06,fear,9,1,1,Four hours of steady work faced us.,slow,lower,quieter,front,none,weak,none,moderate,weak,none,none,none,none,none,none,weak,none,none,none,none,none,strong,"Actor 06 said “Four hours of steady work faced us.”, with *slow* **speech rate**, *lower* **pitch**, *quieter* **loudness**, while **looking at the camera**, and *weak* **raised inner eyebrows**, *moderate* **lowered brows**, *weak* **raised upper eyelids**, *weak* **downturned mouth corners**, and *strong* **blinking**."
S_06_01_09_2_1,06,fear,9,2,1,Four hours of steady work faced us.,slow,higher,louder,up,none,weak,none,moderate,moderate,none,none,none,none,none,none,none,none,none,none,moderate,none,strong,"Actor 06 said “Four hours of steady work faced us.”, with *slow* **speech rate**, *higher* **pitch**, *louder* **loudness**, **gaze** *averted* (upwards), and *weak* **raised inner eyebrows**, *moderate* **lowered brows**, *moderate* **raised upper eyelids**, *moderate* **parted lips**, and *strong* **blinking**."
S_06_01_10_1_1,06,fear,10,1,1,A large size in stockings is hard to sell.,slow,lower,quieter,front,none,weak,none,moderate,weak,none,none,none,none,none,none,weak,none,none,none,none,none,strong,"Actor 06 said “A large size in stockings is hard to sell.”, with *slow* **speech rate**, *lower* **pitch**, *quieter* **loudness**, while **looking at the camera**, and *weak* **raised inner eyebrows**, *moderate* **lowered brows**, *weak* **raised upper eyelids**, *weak* **downturned mouth corners**, and *strong* **blinking**."
S_06_01_10_2_1,06,fear,10,2,1,A large size in stockings is hard to sell.,slow,higher,louder,left,none,weak,none,strong,weak,none,none,none,none,none,none,moderate,none,none,weak,moderate,weak,none,"Actor 06 said “A large size in stockings is hard to sell.”, with *slow* **speech rate**, *higher* **pitch**, *louder* **loudness**, **gaze** *averted* (to their left), and *weak* **raised inner eyebrows**, *strong* **lowered brows**, *weak* **raised upper eyelids**, *moderate* **downturned mouth corners**, *weak* **tightened lips**, *moderate* **parted lips**, and *weak* **a dropped jaw**."
S_06_02_01_1_1,06,anger,1,1,1,The birch canoe slid on the smooth planks.,normal,higher,louder,front,none,none,none,moderate,none,none,none,none,none,none,none,none,none,none,none,none,none,none,"Actor 06 said “The birch canoe slid on the smooth planks.”, with *normal* **speech rate**, *higher* **pitch**, *louder* **loudness**, while **looking at the camera**, and *moderate* **lowered brows**."
S_06_02_01_2_1,06,anger,1,2,1,The birch canoe slid on the smooth planks.,fast,higher,louder,front,shaking,moderate,none,strong,none,none,none,none,none,none,none,strong,none,none,none,moderate,strong,none,"Actor 06 said “The birch canoe slid on the smooth planks.”, with *fast* **speech rate**, *higher* **pitch**, *louder* **loudness**, while **looking at the camera**, while *shaking* their **head**, and *moderate* **raised inner eyebrows**, *strong* **lowered brows**, *strong* **downturned mouth corners**, *moderate* **parted lips**, and *strong* **a dropped jaw**."
S_06_02_02_1_1,06,anger,2,1,1,Glue the sheet to the dark blue background.,normal,higher,louder,front,none,none,none,moderate,none,none,none,none,none,none,none,none,none,none,weak,moderate,none,none,"Actor 06 said “Glue the sheet to the dark blue background.”, with *normal* **speech rate**, *higher* **pitch**, *louder* **loudness**, while **looking at the camera**, and *moderate* **lowered brows**, *weak* **tightened lips**, and *moderate* **parted lips**."
S_06_02_02_2_1,06,anger,2,2,1,Glue the sheet to the dark blue background.,fast,higher,louder,front,shaking,moderate,none,strong,moderate,none,moderate,none,none,none,none,moderate,none,none,moderate,strong,none,none,"Actor 06 said “Glue the sheet to the dark blue background.”, with *fast* **speech rate**, *higher* **pitch**, *louder* **loudness**, while **looking at the camera**, while *shaking* their **head**, and *moderate* **raised inner eyebrows**, *strong* **lowered brows**, *moderate* **raised upper eyelids**, *moderate* **tightened eyelids**, *moderate* **downturned mouth corners**, *moderate* **tightened lips**, and *strong* **parted lips**."
S_06_02_03_1_1,06,anger,3,1,1,It's easy to tell the depth of a well.,normal,higher,louder,front,none,weak,none,moderate,none,none,none,none,none,none,none,none,none,none,weak,none,none,none,"Actor 06 said “It's easy to tell the depth of a well.”, with *normal* **speech rate**, *higher* **pitch**, *louder* **loudness**, while **looking at the camera**, and *weak* **raised inner eyebrows**, *moderate* **lowered brows**, and *weak* **tightened lips**."
S_06_02_03_2_1,06,anger,3,2,1,It's easy to tell the depth of a well.,fast,higher,louder,front,shaking,moderate,none,strong,weak,moderate,moderate,none,none,none,none,moderate,strong,none,moderate,strong,none,none,"Actor 06 said “It's easy to tell the depth of a well.”, with *fast* **speech rate**, *higher* **pitch**, *louder* **loudness**, while **looking at the camera**, while *shaking* their **head**, and *moderate* **raised inner eyebrows**, *strong* **lowered brows**, *weak* **raised upper eyelids**, *moderate* **raised cheeks**, *moderate* **tightened eyelids**, *moderate* **downturned mouth corners**, *strong* **raised chin**, *moderate* **tightened lips**, and *strong* **parted lips**."
S_06_02_04_1_1,06,anger,4,1,1,These days a chicken leg is a rare dish.,normal,higher,louder,front,none,weak,none,moderate,none,none,none,none,none,none,none,none,none,none,weak,none,none,none,"Actor 06 said “These days a chicken leg is a rare dish.”, with *normal* **speech rate**, *higher* **pitch**, *louder* **loudness**, while **looking at the camera**, and *weak* **raised inner eyebrows**, *moderate* **lowered brows**, and *weak* **tightened lips**."
S_06_02_04_2_1,06,anger,4,2,1,These days a chicken leg is a rare dish.,fast,higher,louder,front,shaking,strong,none,strong,moderate,none,none,none,none,none,none,strong,none,none,none,moderate,strong,none,"Actor 06 said “These days a chicken leg is a rare dish.”, with *fast* **speech rate**, *higher* **pitch**, *louder* **loudness**, while **looking at the camera**, while *shaking* their **head**, and *strong* **raised inner eyebrows**, *strong* **lowered brows**, *moderate* **raised upper eyelids**, *strong* **downturned mouth corners**, *moderate* **parted lips**, and *strong* **a dropped jaw**."
S_06_02_05_1_1,06,anger,5,1,1,Rice is often served in round bowls.,normal,higher,louder,front,none,weak,none,strong,none,none,none,none,none,none,none,none,none,none,none,none,none,none,"Actor 06 said “Rice is often served in round bowls.”, with *normal* **speech rate**, *higher* **pitch**, *louder* **loudness**, while **looking at the camera**, and *weak* **raised inner eyebrows** and *strong* **lowered brows**."
S_06_02_05_2_1,06,anger,5,2,1,Rice is often served in round bowls.,fast,higher,louder,front,shaking,strong,none,strong,moderate,none,moderate,none,none,none,none,strong,none,none,none,moderate,strong,none,"Actor 06 said “Rice is often served in round bowls.”, with *fast* **speech rate**, *higher* **pitch**, *louder* **loudness**, while **looking at the camera**, while *shaking* their **head**, and *strong* **raised inner eyebrows**, *strong* **lowered brows**, *moderate* **raised upper eyelids**, *moderate* **tightened eyelids**, *strong* **downturned mouth corners**, *moderate* **parted lips**, and *strong* **a dropped jaw**."
S_06_02_06_1_1,06,anger,6,1,1,The juice of lemons makes fine punch.,normal,higher,louder,front,none,weak,none,moderate,none,none,none,none,none,none,none,none,none,none,weak,none,none,none,"Actor 06 said “The juice of lemons makes fine punch.”, with *normal* **speech rate**, *higher* **pitch**, *louder* **loudness**, while **looking at the camera**, and *weak* **raised inner eyebrows**, *moderate* **lowered brows**, and *weak* **tightened lips**."
S_06_02_06_2_1,06,anger,6,2,1,The juice of lemons makes fine punch.,fast,higher,louder,front,shaking,strong,none,strong,moderate,none,moderate,none,none,none,none,none,none,none,none,moderate,strong,none,"Actor 06 said “The juice of lemons makes fine punch.”, with *fast* **speech rate**, *higher* **pitch**, *louder* **loudness**, while **looking at the camera**, while *shaking* their **head**, and *strong* **raised inner eyebrows**, *strong* **lowered brows**, *moderate* **raised upper eyelids**, *moderate* **tightened eyelids**, *moderate* **parted lips**, and *strong* **a dropped jaw**."
S_06_02_07_1_1,06,anger,7,1,1,The box was thrown beside the parked truck.,normal,higher,louder,front,none,weak,none,moderate,none,none,none,none,none,none,none,none,none,none,weak,none,none,none,"Actor 06 said “The box was thrown beside the parked truck.”, with *normal* **speech rate**, *higher* **pitch**, *louder* **loudness**, while **looking at the camera**, and *weak* **raised inner eyebrows**, *moderate* **lowered brows**, and *weak* **tightened lips**."
S_06_02_07_2_1,06,anger,7,2,1,The box was thrown beside the parked truck.,fast,higher,louder,front,shaking,moderate,none,strong,weak,moderate,moderate,none,none,none,none,strong,none,none,moderate,none,strong,none,"Actor 06 said “The box was thrown beside the parked truck.”, with *fast* **speech rate**, *higher* **pitch**, *louder* **loudness**, while **looking at the camera**, while *shaking* their **head**, and *moderate* **raised inner eyebrows**, *strong* **lowered brows**, *weak* **raised upper eyelids**, *moderate* **raised cheeks**, *moderate* **tightened eyelids**, *strong* **downturned mouth corners**, *moderate* **tightened lips**, and *strong* **a dropped jaw**."
S_06_02_08_1_1,06,anger,8,1,1,The hogs were fed chopped corn and garbage.,normal,higher,louder,front,none,none,none,moderate,none,none,none,none,none,none,none,none,none,none,none,none,none,none,"Actor 06 said “The hogs were fed chopped corn and garbage.”, with *normal* **speech rate**, *higher* **pitch**, *louder* **loudness**, while **looking at the camera**, and *moderate* **lowered brows**."
S_06_02_08_2_1,06,anger,8,2,1,The hogs were fed chopped corn and garbage.,fast,higher,louder,front,shaking,strong,none,strong,moderate,none,moderate,none,none,none,none,none,none,none,none,moderate,strong,none,"Actor 06 said “The hogs were fed chopped corn and garbage.”, with *fast* **speech rate**, *higher* **pitch**, *louder* **loudness**, while **looking at the camera**, while *shaking* their **head**, and *strong* **raised inner eyebrows**, *strong* **lowered brows**, *moderate* **raised upper eyelids**, *moderate* **tightened eyelids**, *moderate* **parted lips**, and *strong* **a dropped jaw**."
S_06_02_09_1_1,06,anger,9,1,1,Four hours of steady work faced us.,normal,higher,louder,front,none,none,none,weak,none,none,none,none,none,none,none,none,none,none,none,none,none,none,"Actor 06 said “Four hours of steady work faced us.”, with *normal* **speech rate**, *higher* **pitch**, *louder* **loudness**, while **looking at the camera**, and *weak* **lowered brows**."
S_06_02_09_2_1,06,anger,9,2,1,Four hours of steady work faced us.,fast,higher,louder,front,shaking,moderate,none,strong,weak,moderate,moderate,none,none,none,none,moderate,none,none,strong,moderate,none,none,"Actor 06 said “Four hours of steady work faced us.”, with *fast* **speech rate**, *higher* **pitch**, *louder* **loudness**, while **looking at the camera**, while *shaking* their **head**, and *moderate* **raised inner eyebrows**, *strong* **lowered brows**, *weak* **raised upper eyelids**, *moderate* **raised cheeks**, *moderate* **tightened eyelids**, *moderate* **downturned mouth corners**, *strong* **tightened lips**, and *moderate* **parted lips**."
S_06_02_10_1_1,06,anger,10,1,1,A large size in stockings is hard to sell.,normal,higher,louder,front,none,none,none,weak,none,none,none,none,none,none,none,none,none,none,none,none,none,none,"Actor 06 said “A large size in stockings is hard to sell.”, with *normal* **speech rate**, *higher* **pitch**, *louder* **loudness**, while **looking at the camera**, and *weak* **lowered brows**."
S_06_02_10_2_1,06,anger,10,2,1,A large size in stockings is hard to sell.,fast,higher,louder,front,shaking,none,none,strong,none,none,none,none,none,none,none,strong,none,none,none,moderate,strong,none,"Actor 06 said “A large size in stockings is hard to sell.”, with *fast* **speech rate**, *higher* **pitch**, *louder* **loudness**, while **looking at the camera**, while *shaking* their **head**, and *strong* **lowered brows**, *strong* **downturned mouth corners**, *moderate* **parted lips**, and *strong* **a dropped jaw**."
S_06_03_01_2_1,06,happiness,1,2,1,The birch canoe slid on the smooth planks.,fast,higher,louder,front,none,none,none,none,weak,strong,moderate,none,none,strong,none,none,none,none,none,moderate,none,strong,"Actor 06 said “The birch canoe slid on the smooth planks.”, with *fast* **speech rate**, *higher* **pitch**, *louder* **loudness**, while **looking at the camera**, and *weak* **raised upper eyelids**, *strong* **raised cheeks**, *moderate* **tightened eyelids**, *strong* **a smile**, *moderate* **parted lips**, and *strong* **blinking**."
S_06_03_02_1_1,06,happiness,2,1,1,Glue the sheet to the dark blue background.,normal,higher,normal,front,none,none,none,none,none,weak,none,none,none,weak,none,none,none,none,none,none,none,none,"Actor 06 said “Glue the sheet to the dark blue background.”, with *normal* **speech rate**, *higher* **pitch**, *normal* **loudness**, while **looking at the camera**, and *weak* **raised cheeks** and *weak* **a smile**."
S_06_03_02_2_1,06,happiness,2,2,1,Glue the sheet to the dark blue background.,fast,higher,louder,front,none,moderate,weak,strong,weak,moderate,none,none,none,strong,none,none,none,none,none,moderate,none,none,"Actor 06 said “Glue the sheet to the dark blue background.”, with *fast* **speech rate**, *higher* **pitch**, *louder* **loudness**, while **looking at the camera**, and *moderate* **raised inner eyebrows**, *weak* **raised outer eyebrows**, *strong* **lowered brows**, *weak* **raised upper eyelids**, *moderate* **raised cheeks**, *strong* **a smile**, and *moderate* **parted lips**."
S_06_03_03_2_1,06,happiness,3,2,1,It's easy to tell the depth of a well.,fast,higher,louder,front,none,none,none,none,weak,strong,moderate,none,none,strong,none,none,none,none,none,strong,moderate,none,"Actor 06 said “It's easy to tell the depth of a well.”, with *fast* **speech rate**, *higher* **pitch**, *louder* **loudness**, while **looking at the camera**, and *weak* **raised upper eyelids**, *strong* **raised cheeks**, *moderate* **tightened eyelids**, *strong* **a smile**, *strong* **parted lips**, and *moderate* **a dropped jaw**."
S_06_03_04_1_1,06,happiness,4,1,1,These days a chicken leg is a rare dish.,normal,normal,normal,front,none,none,none,none,none,weak,none,none,none,weak,none,none,none,none,none,none,none,none,"Actor 06 said “These days a chicken leg is a rare dish.”, with *normal* **speech rate**, *normal* **pitch**, *normal* **loudness**, while **looking at the camera**, and *weak* **raised cheeks** and *weak* **a smile**."
S_06_03_04_2_1,06,happiness,4,2,1,These days a chicken leg is a rare dish.,fast,higher,louder,front,none,none,none,none,weak,strong,moderate,none,none,strong,none,none,none,none,weak,moderate,strong,none,"Actor 06 said “These days a chicken leg is a rare dish.”, with *fast* **speech rate**, *higher* **pitch**, *louder* **loudness**, while **looking at the camera**, and *weak* **raised upper eyelids**, *strong* **raised cheeks**, *moderate* **tightened eyelids**, *strong* **a smile**, *weak* **tightened lips**, *moderate* **parted lips**, and *strong* **a dropped jaw**."
S_06_03_05_1_1,06,happiness,5,1,1,Rice is often served in round bowls.,normal,higher,normal,front,none,none,none,none,none,weak,none,none,none,weak,none,none,none,none,none,none,none,none,"Actor 06 said “Rice is often served in round bowls.”, with *normal* **speech rate**, *higher* **pitch**, *normal* **loudness**, while **looking at the camera**, and *weak* **raised cheeks** and *weak* **a smile**."
S_06_03_05_2_1,06,happiness,5,2,1,Rice is often served in round bowls.,fast,higher,louder,front,none,none,none,none,weak,strong,moderate,none,none,strong,none,none,none,none,none,strong,moderate,none,"Actor 06 said “Rice is often served in round bowls.”, with *fast* **speech rate**, *higher* **pitch**, *louder* **loudness**, while **looking at the camera**, and *weak* **raised upper eyelids**, *strong* **raised cheeks**, *moderate* **tightened eyelids**, *strong* **a smile**, *strong* **parted lips**, and *moderate* **a dropped jaw**."
S_06_03_06_1_1,06,happiness,6,1,1,The juice of lemons makes fine punch.,normal,higher,normal,front,none,none,none,none,none,weak,none,none,none,weak,none,none,none,none,none,none,none,none,"Actor 06 said “The juice of lemons makes fine punch.”, with *normal* **speech rate**, *higher* **pitch**, *normal* **loudness**, while **looking at the camera**, and *weak* **raised cheeks** and *weak* **a smile**."
S_06_03_06_2_1,06,happiness,6,2,1,The juice of lemons makes fine punch.,fast,higher,louder,front,nodding,none,moderate,none,none,strong,none,none,none,strong,none,none,none,none,none,none,none,none,"Actor 06 said “The juice of lemons makes fine punch.”, with *fast* **speech rate**, *higher* **pitch**, *louder* **loudness**, while **looking at the camera**, while *nodding*, and *moderate* **raised outer eyebrows**, *strong* **raised cheeks**, and *strong* **a smile**."
S_06_03_07_2_1,06,happiness,7,2,1,The box was thrown beside the parked truck.,fast,higher,louder,up,nodding,weak,weak,none,none,moderate,none,none,none,strong,none,none,none,none,none,moderate,none,none,"Actor 06 said “The box was thrown beside the parked truck.”, with *fast* **speech rate**, *higher* **pitch**, *louder* **loudness**, **gaze** *averted* (upwards), while *nodding*, and *weak* **raised inner eyebrows**, *weak* **raised outer eyebrows**, *moderate* **raised cheeks**, *strong* **a smile**, and *moderate* **parted lips**."
S_06_03_08_1_1,06,happiness,8,1,1,The hogs were fed chopped corn and garbage.,normal,higher,normal,front,none,none,none,none,none,weak,none,none,none,weak,none,none,none,none,none,none,none,none,"Actor 06 said “The hogs were fed chopped corn and garbage.”, with *normal* **speech rate**, *higher* **pitch**, *normal* **loudness**, while **looking at the camera**, and *weak* **raised cheeks** and *weak* **a smile**."
S_06_03_08_2_1,06,happiness,8,2,1,The hogs were fed chopped corn and garbage.,fast,higher,louder,front,none,none,none,none,strong,strong,moderate,none,none,strong,none,none,none,none,none,moderate,none,strong,"Actor 06 said “The hogs were fed chopped corn and garbage.”, with *fast* **speech rate**, *higher* **pitch**, *louder* **loudness**, while **looking at the camera**, and *strong* **raised upper eyelids**, *strong* **raised cheeks**, *moderate* **tightened eyelids**, *strong* **a smile**, *moderate* **parted lips**, and *strong* **blinking**."
S_06_03_09_1_1,06,happiness,9,1,1,Four hours of steady work faced us.,normal,normal,normal,front,none,none,none,none,none,weak,none,none,none,weak,none,none,none,none,none,none,none,none,"Actor 06 said “Four hours of steady work faced us.”, with *normal* **speech rate**, *normal* **pitch**, *normal* **loudness**, while **looking at the camera**, and *weak* **raised cheeks** and *weak* **a smile**."
S_06_03_09_2_1,06,happiness,9,2,1,Four hours of steady work faced us.,fast,higher,louder,front,none,none,none,none,weak,strong,moderate,none,none,strong,none,none,none,none,none,moderate,none,none,"Actor 06 said “Four hours of steady work faced us.”, with *fast* **speech rate**, *higher* **pitch**, *louder* **loudness**, while **looking at the camera**, and *weak* **raised upper eyelids**, *strong* **raised cheeks**, *moderate* **tightened eyelids**, *strong* **a smile**, and *moderate* **parted lips**."
S_06_03_10_2_1,06,happiness,10,2,1,A large size in stockings is hard to sell.,fast,higher,louder,front,none,none,none,none,weak,strong,moderate,none,none,strong,none,none,none,none,weak,moderate,weak,none,"Actor 06 said “A large size in stockings is hard to sell.”, with *fast* **speech rate**, *higher* **pitch**, *louder* **loudness**, while **looking at the camera**, and *weak* **raised upper eyelids**, *strong* **raised cheeks**, *moderate* **tightened eyelids**, *strong* **a smile**, *weak* **tightened lips**, *moderate* **parted lips**, and *weak* **a dropped jaw**."
S_06_04_01_1_1,06,sadness,1,1,1,The birch canoe slid on the smooth planks.,slow,lower,quieter,down,none,weak,none,moderate,none,none,none,none,none,none,none,moderate,none,none,none,none,none,weak,"Actor 06 said “The birch canoe slid on the smooth planks.”, with *slow* **speech rate**, *lower* **pitch**, *quieter* **loudness**, **gaze** *averted* (downwards), and *weak* **raised inner eyebrows**, *moderate* **lowered brows**, *moderate* **downturned mouth corners**, and *weak* **blinking**."
S_06_04_01_2_1,06,sadness,1,2,1,The birch canoe slid on the smooth planks.,slow,lower,quieter,down,none,strong,none,moderate,none,none,none,none,none,none,none,strong,none,none,none,moderate,weak,strong,"Actor 06 said “The birch canoe slid on the smooth planks.”, with *slow* **speech rate**, *lower* **pitch**, *quieter* **loudness**, **gaze** *averted* (downwards), and *strong* **raised inner eyebrows**, *moderate* **lowered brows**, *strong* **downturned mouth corners**, *moderate* **parted lips**, *weak* **a dropped jaw**, and *strong* **blinking**."
S_06_04_02_1_1,06,sadness,2,1,1,Glue the sheet to the dark blue background.,slow,lower,quieter,down,none,weak,none,moderate,none,none,none,none,none,none,none,moderate,none,none,none,none,none,none,"Actor 06 said “Glue the sheet to the dark blue background.”, with *slow* **speech rate**, *lower* **pitch**, *quieter* **loudness**, **gaze** *averted* (downwards), and *weak* **raised inner eyebrows**, *moderate* **lowered brows**, and *moderate* **downturned mouth corners**."
S_06_04_02_2_1,06,sadness,2,2,1,Glue the sheet to the dark blue background.,slow,lower,quieter,down,none,strong,none,strong,weak,none,none,none,none,none,none,strong,none,none,none,none,none,moderate,"Actor 06 said “Glue the sheet to the dark blue background.”, with *slow* **speech rate**, *lower* **pitch**, *quieter* **loudness**, **gaze** *averted* (downwards), and *strong* **raised inner eyebrows**, *strong* **lowered brows**, *weak* **raised upper eyelids**, *strong* **downturned mouth corners**, and *moderate* **blinking**."
S_06_04_03_1_1,06,sadness,3,1,1,It's easy to tell the depth of a well.,slow,lower,quieter,down,none,weak,none,moderate,none,none,none,none,none,none,none,none,none,none,none,none,none,strong,"Actor 06 said “It's easy to tell the depth of a well.”, with *slow* **speech rate**, *lower* **pitch**, *quieter* **loudness**, **gaze** *averted* (downwards), and *weak* **raised inner eyebrows**, *moderate* **lowered brows**, and *strong* **blinking**."
S_06_04_04_1_1,06,sadness,4,1,1,These days a chicken leg is a rare dish.,slow,lower,quieter,down,none,weak,none,moderate,none,none,none,none,none,none,none,moderate,none,none,none,none,none,weak,"Actor 06 said “These days a chicken leg is a rare dish.”, with *slow* **speech rate**, *lower* **pitch**, *quieter* **loudness**, **gaze** *averted* (downwards), and *weak* **raised inner eyebrows**, *moderate* **lowered brows**, *moderate* **downturned mouth corners**, and *weak* **blinking**."
S_06_04_04_2_1,06,sadness,4,2,1,These days a chicken leg is a rare dish.,slow,lower,quieter,down,none,moderate,none,strong,none,none,none,none,none,none,none,moderate,none,none,none,none,none,strong,"Actor 06 said “These days a chicken leg is a rare dish.”, with *slow* **speech rate**, *lower* **pitch**, *quieter* **loudness**, **gaze** *averted* (downwards), and *moderate* **raised inner eyebrows**, *strong* **lowered brows**, *moderate* **downturned mouth corners**, and *strong* **blinking**."
S_06_04_05_1_1,06,sadness,5,1,1,Rice is often served in round bowls.,slow,lower,quieter,down,none,weak,none,moderate,none,none,none,none,none,none,none,none,none,none,none,none,none,strong,"Actor 06 said “Rice is often served in round bowls.”, with *slow* **speech rate**, *lower* **pitch**, *quieter* **loudness**, **gaze** *averted* (downwards), and *weak* **raised inner eyebrows**, *moderate* **lowered brows**, and *strong* **blinking**."
S_06_04_05_2_1,06,sadness,5,2,1,Rice is often served in round bowls.,slow,lower,quieter,down,none,strong,none,moderate,none,none,none,none,none,none,none,moderate,none,none,none,none,none,strong,"Actor 06 said “Rice is often served in round bowls.”, with *slow* **speech rate**, *lower* **pitch**, *quieter* **loudness**, **gaze** *averted* (downwards), and *strong* **raised inner eyebrows**, *moderate* **lowered brows**, *moderate* **downturned mouth corners**, and *strong* **blinking**."
S_06_04_06_1_1,06,sadness,6,1,1,The juice of lemons makes fine punch.,slow,lower,quieter,down,none,weak,none,moderate,none,none,none,none,none,none,none,moderate,none,none,none,none,none,none,"Actor 06 said “The juice of lemons makes fine punch.”, with *slow* **speech rate**, *lower* **pitch**, *quieter* **loudness**, **gaze** *averted* (downwards), and *weak* **raised inner eyebrows**, *moderate* **lowered brows**, and *moderate* **downturned mouth corners**."
S_06_04_06_2_1,06,sadness,6,2,1,The juice of lemons makes fine punch.,slow,lower,quieter,down,none,moderate,none,strong,none,none,none,none,none,none,none,moderate,none,none,none,none,none,strong,"Actor 06 said “The juice of lemons makes fine punch.”, with *slow* **speech rate**, *lower* **pitch**, *quieter* **loudness**, **gaze** *averted* (downwards), and *moderate* **raised inner eyebrows**, *strong* **lowered brows**, *moderate* **downturned mouth corners**, and *strong* **blinking**."
S_06_04_07_1_1,06,sadness,7,1,1,The box was thrown beside the parked truck.,slow,lower,quieter,down,none,weak,none,moderate,none,none,none,none,none,none,none,moderate,none,none,none,none,none,weak,"Actor 06 said “The box was thrown beside the parked truck.”, with *slow* **speech rate**, *lower* **pitch**, *quieter* **loudness**, **gaze** *averted* (downwards), and *weak* **raised inner eyebrows**, *moderate* **lowered brows**, *moderate* **downturned mouth corners**, and *weak* **blinking**."
S_06_04_07_2_1,06,sadness,7,2,1,The box was thrown beside the parked truck.,slow,lower,quieter,down,none,strong,none,strong,weak,none,none,none,none,none,none,strong,none,none,none,none,none,moderate,"Actor 06 said “The box was thrown beside the parked truck.”, with *slow* **speech rate**, *lower* **pitch**, *quieter* **loudness**, **gaze** *averted* (downwards), and *strong* **raised inner eyebrows**, *strong* **lowered brows**, *weak* **raised upper eyelids**, *strong* **downturned mouth corners**, and *moderate* **blinking**."
S_06_04_08_1_1,06,sadness,8,1,1,The hogs were fed chopped corn and garbage.,slow,lower,quieter,down,none,weak,none,moderate,none,none,none,none,none,none,none,moderate,none,none,none,weak,weak,none,"Actor 06 said “The hogs were fed chopped corn and garbage.”, with *slow* **speech rate**, *lower* **pitch**, *quieter* **loudness**, **gaze** *averted* (downwards), and *weak* **raised inner eyebrows**, *moderate* **lowered brows**, *moderate* **downturned mouth corners**, *weak* **parted lips**, and *weak* **a dropped jaw**."
S_06_04_08_2_1,06,sadness,8,2,1,The hogs were fed chopped corn and garbage.,slow,lower,quieter,down,none,strong,none,moderate,none,none,none,none,none,none,none,moderate,none,none,none,none,none,strong,"Actor 06 said “The hogs were fed chopped corn and garbage.”, with *slow* **speech rate**, *lower* **pitch**, *quieter* **loudness**, **gaze** *averted* (downwards), and *strong* **raised inner eyebrows**, *moderate* **lowered brows**, *moderate* **downturned mouth corners**, and *strong* **blinking**."
S_06_04_09_1_1,06,sadness,9,1,1,Four hours of steady work faced us.,slow,lower,quieter,down,none,weak,none,moderate,none,none,none,none,none,none,none,none,none,none,none,none,none,strong,"Actor 06 said “Four hours of steady work faced us.”, with *slow* **speech rate**, *lower* **pitch**, *quieter* **loudness**, **gaze** *averted* (downwards), and *weak* **raised inner eyebrows**, *moderate* **lowered brows**, and *strong* **blinking**."
S_06_04_09_2_1,06,sadness,9,2,1,Four hours of steady work faced us.,slow,lower,quieter,down,none,weak,none,moderate,none,none,none,none,none,none,none,moderate,none,none,none,none,none,strong,"Actor 06 said “Four hours of steady work faced us.”, with *slow* **speech rate**, *lower* **pitch**, *quieter* **loudness**, **gaze** *averted* (downwards), and *weak* **raised inner eyebrows**, *moderate* **lowered brows**, *moderate* **downturned mouth corners**, and *strong* **blinking**."
S_06_04_10_1_1,06,sadness,10,1,1,A large size in stockings is hard to sell.,slow,lower,quieter,down,none,weak,none,moderate,none,none,none,none,none,none,none,moderate,none,none,none,none,none,none,"Actor 06 said “A large size in stockings is hard to sell.”, with *slow* **speech rate**, *lower* **pitch**, *quieter* **loudness**, **gaze** *averted* (downwards), and *weak* **raised inner eyebrows**, *moderate* **lowered brows**, and *moderate* **downturned mouth corners**."
S_06_04_10_2_1,06,sadness,10,2,1,A large size in stockings is hard to sell.,slow,lower,quieter,down,none,strong,none,moderate,none,none,none,none,none,none,none,moderate,none,none,none,none,none,strong,"Actor 06 said “A large size in stockings is hard to sell.”, with *slow* **speech rate**, *lower* **pitch**, *quieter* **loudness**, **gaze** *averted* (downwards), and *strong* **raised inner eyebrows**, *moderate* **lowered brows**, *moderate* **downturned mouth corners**, and *strong* **blinking**."
S_06_05_01_1_1,06,disgust,1,1,1,The birch canoe slid on the smooth planks.,normal,normal,normal,front,none,none,none,weak,none,none,none,weak,none,none,none,none,none,none,none,none,none,none,"Actor 06 said “The birch canoe slid on the smooth planks.”, with *normal* **speech rate**, *normal* **pitch**, *normal* **loudness**, while **looking at the camera**, and *weak* **lowered brows** and *weak* **wrinkled nose**."
S_06_05_01_2_1,06,disgust,1,2,1,The birch canoe slid on the smooth planks.,slow,lower,louder,down,none,strong,none,moderate,none,none,none,strong,none,none,none,strong,none,none,none,moderate,strong,strong,"Actor 06 said “The birch canoe slid on the smooth planks.”, with *slow* **speech rate**, *lower* **pitch**, *louder* **loudness**, **gaze** *averted* (downwards), and *strong* **raised inner eyebrows**, *moderate* **lowered brows**, *strong* **wrinkled nose**, *strong* **downturned mouth corners**, *moderate* **parted lips**, *strong* **a dropped jaw**, and *strong* **blinking**."
S_06_05_02_1_1,06,disgust,2,1,1,Glue the sheet to the dark blue background.,normal,normal,normal,down,none,none,none,weak,none,none,none,weak,none,none,none,none,none,none,none,none,none,none,"Actor 06 said “Glue the sheet to the dark blue background.”, with *normal* **speech rate**, *normal* **pitch**, *normal* **loudness**, **gaze** *averted* (downwards), and *weak* **lowered brows** and *weak* **wrinkled nose**."
S_06_05_02_2_1,06,disgust,2,2,1,Glue the sheet to the dark blue background.,slow,lower,louder,front,none,weak,none,moderate,none,none,none,strong,weak,none,none,moderate,none,none,weak,moderate,none,none,"Actor 06 said “Glue the sheet to the dark blue background.”, with *slow* **speech rate**, *lower* **pitch**, *louder* **loudness**, while **looking at the camera**, and *weak* **raised inner eyebrows**, *moderate* **lowered brows**, *strong* **wrinkled nose**, *weak* **raised upper lip**, *moderate* **downturned mouth corners**, *weak* **tightened lips**, and *moderate* **parted lips**."
S_06_05_03_1_1,06,disgust,3,1,1,It's easy to tell the depth of a well.,normal,normal,quieter,front,none,weak,none,moderate,none,none,none,weak,none,none,none,moderate,none,none,none,none,none,none,"Actor 06 said “It's easy to tell the depth of a well.”, with *normal* **speech rate**, *normal* **pitch**, *quieter* **loudness**, while **looking at the camera**, and *weak* **raised inner eyebrows**, *moderate* **lowered brows**, *weak* **wrinkled nose**, and *moderate* **downturned mouth corners**."
S_06_05_03_2_1,06,disgust,3,2,1,It's easy to tell the depth of a well.,slow,lower,louder,down,none,strong,none,strong,weak,none,moderate,strong,weak,none,none,moderate,none,none,moderate,none,strong,none,"Actor 06 said “It's easy to tell the depth of a well.”, with *slow* **speech rate**, *lower* **pitch**, *louder* **loudness**, **gaze** *averted* (downwards), and *strong* **raised inner eyebrows**, *strong* **lowered brows**, *weak* **raised upper eyelids**, *moderate* **tightened eyelids**, *strong* **wrinkled nose**, *weak* **raised upper lip**, *moderate* **downturned mouth corners**, *moderate* **tightened lips**, and *strong* **a dropped jaw**."
S_06_05_04_1_1,06,disgust,4,1,1,These days a chicken leg is a rare dish.,slow,lower,quieter,front,none,weak,none,moderate,none,none,none,weak,none,none,none,weak,none,none,none,none,none,strong,"Actor 06 said “These days a chicken leg is a rare dish.”, with *slow* **speech rate**, *lower* **pitch**, *quieter* **loudness**, while **looking at the camera**, and *weak* **raised inner eyebrows**, *moderate* **lowered brows**, *weak* **wrinkled nose**, *weak* **downturned mouth corners**, and *strong* **blinking**."
S_06_05_04_2_1,06,disgust,4,2,1,These days a chicken leg is a rare dish.,slow,lower,quieter,down,none,strong,none,moderate,none,none,none,strong,none,none,none,moderate,none,none,moderate,none,strong,strong,"Actor 06 said “These days a chicken leg is a rare dish.”, with *slow* **speech rate**, *lower* **pitch**, *quieter* **loudness**, **gaze** *averted* (downwards), and *strong* **raised inner eyebrows**, *moderate* **lowered brows**, *strong* **wrinkled nose**, *moderate* **downturned mouth corners**, *moderate* **tightened lips**, *strong* **a dropped jaw**, and *strong* **blinking**."
S_06_05_05_1_1,06,disgust,5,1,1,Rice is often served in round bowls.,normal,normal,normal,front,none,none,none,weak,none,none,none,weak,none,none,none,none,none,none,none,none,none,none,"Actor 06 said “Rice is often served in round bowls.”, with *normal* **speech rate**, *normal* **pitch**, *normal* **loudness**, while **looking at the camera**, and *weak* **lowered brows** and *weak* **wrinkled nose**."
S_06_05_05_2_1,06,disgust,5,2,1,Rice is often served in round bowls.,slow,lower,louder,down,none,strong,none,moderate,none,none,none,strong,none,none,none,moderate,none,none,moderate,strong,none,none,"Actor 06 said “Rice is often served in round bowls.”, with *slow* **speech rate**, *lower* **pitch**, *louder* **loudness**, **gaze** *averted* (downwards), and *strong* **raised inner eyebrows**, *moderate* **lowered brows**, *strong* **wrinkled nose**, *moderate* **downturned mouth corners**, *moderate* **tightened lips**, and *strong* **parted lips**."
S_06_05_06_2_1,06,disgust,6,2,1,The juice of lemons makes fine punch.,slow,lower,louder,down,none,strong,none,moderate,none,none,none,strong,none,none,none,strong,none,none,none,moderate,strong,strong,"Actor 06 said “The juice of lemons makes fine punch.”, with *slow* **speech rate**, *lower* **pitch**, *louder* **loudness**, **gaze** *averted* (downwards), and *strong* **raised inner eyebrows**, *moderate* **lowered brows**, *strong* **wrinkled nose**, *strong* **downturned mouth corners**, *moderate* **parted lips**, *strong* **a dropped jaw**, and *strong* **blinking**."
S_06_05_07_1_1,06,disgust,7,1,1,The box was thrown beside the parked truck.,normal,normal,normal,front,none,none,none,weak,none,none,none,weak,none,none,none,none,none,none,none,none,none,none,"Actor 06 said “The box was thrown beside the parked truck.”, with *normal* **speech rate**, *normal* **pitch**, *normal* **loudness**, while **looking at the camera**, and *weak* **lowered brows** and *weak* **wrinkled nose**."
S_06_05_07_2_1,06,disgust,7,2,1,The box was thrown beside the parked truck.,slow,lower,louder,down,none,strong,none,moderate,none,none,none,strong,none,none,none,strong,none,none,none,moderate,strong,strong,"Actor 06 said “The box was thrown beside the parked truck.”, with *slow* **speech rate**, *lower* **pitch**, *louder* **loudness**, **gaze** *averted* (downwards), and *strong* **raised inner eyebrows**, *moderate* **lowered brows**, *strong* **wrinkled nose**, *strong* **downturned mouth corners**, *moderate* **parted lips**, *strong* **a dropped jaw**, and *strong* **blinking**."
S_06_05_08_2_1,06,disgust,8,2,1,The hogs were fed chopped corn and garbage.,slow,lower,louder,down,none,moderate,none,strong,weak,none,none,strong,strong,none,none,none,none,none,none,moderate,none,none,"Actor 06 said “The hogs were fed chopped corn and garbage.”, with *slow* **speech rate**, *lower* **pitch**, *louder* **loudness**, **gaze** *averted* (downwards), and *moderate* **raised inner eyebrows**, *strong* **lowered brows**, *weak* **raised upper eyelids**, *strong* **wrinkled nose**, *strong* **raised upper lip**, and *moderate* **parted lips**."
S_06_05_09_1_1,06,disgust,9,1,1,Four hours of steady work faced us.,normal,normal,quieter,front,none,none,none,weak,none,none,none,weak,none,none,none,none,none,none,none,none,none,none,"Actor 06 said “Four hours of steady work faced us.”, with *normal* **speech rate**, *normal* **pitch**, *quieter* **loudness**, while **looking at the camera**, and *weak* **lowered brows** and *weak* **wrinkled nose**."
S_06_05_09_2_1,06,disgust,9,2,1,Four hours of steady work faced us.,slow,lower,louder,down,none,weak,none,moderate,none,none,none,strong,none,none,none,none,none,none,none,moderate,weak,strong,"Actor 06 said “Four hours of steady work faced us.”, with *slow* **speech rate**, *lower* **pitch**, *louder* **loudness**, **gaze** *averted* (downwards), and *weak* **raised inner eyebrows**, *moderate* **lowered brows**, *strong* **wrinkled nose**, *moderate* **parted lips**, *weak* **a dropped jaw**, and *strong* **blinking**."
S_06_05_10_2_1,06,disgust,10,2,1,A large size in stockings is hard to sell.,slow,lower,louder,down,none,moderate,none,strong,weak,none,none,strong,strong,none,none,none,none,none,none,moderate,none,none,"Actor 06 said “A large size in stockings is hard to sell.”, with *slow* **speech rate**, *lower* **pitch**, *louder* **loudness**, **gaze** *averted* (downwards), and *moderate* **raised inner eyebrows**, *strong* **lowered brows**, *weak* **raised upper eyelids**, *strong* **wrinkled nose**, *strong* **raised upper lip**, and *moderate* **parted lips**."
S_06_06_01_1_1,06,surprise,1,1,1,The birch canoe slid on the smooth planks.,fast,higher,louder,front,none,none,weak,weak,weak,none,none,none,none,none,none,none,none,none,none,none,none,strong,"Actor 06 said “The birch canoe slid on the smooth planks.”, with *fast* **speech rate**, *higher* **pitch**, *louder* **loudness**, while **looking at the camera**, and *weak* **raised outer eyebrows**, *weak* **lowered brows**, *weak* **raised upper eyelids**, and *strong* **blinking**."
S_06_06_01_2_1,06,surprise,1,2,1,The birch canoe slid on the smooth planks.,fast,higher,louder,front,none,weak,strong,moderate,strong,none,none,none,none,none,none,none,none,none,none,moderate,none,strong,"Actor 06 said “The birch canoe slid on the smooth planks.”, with *fast* **speech rate**, *higher* **pitch**, *louder* **loudness**, while **looking at the camera**, and *weak* **raised inner eyebrows**, *strong* **raised outer eyebrows**, *moderate* **lowered brows**, *strong* **raised upper eyelids**, *moderate* **parted lips**, and *strong* **blinking**."
S_06_06_02_1_1,06,surprise,2,1,1,Glue the sheet to the dark blue background.,normal,higher,louder,front,none,weak,weak,none,weak,none,none,none,none,none,none,none,none,none,none,none,none,none,"Actor 06 said “Glue the sheet to the dark blue background.”, with *normal* **speech rate**, *higher* **pitch**, *louder* **loudness**, while **looking at the camera**, and *weak* **raised inner eyebrows**, *weak* **raised outer eyebrows**, and *weak* **raised upper eyelids**."
S_06_06_02_2_1,06,surprise,2,2,1,Glue the sheet to the dark blue background.,fast,higher,louder,front,none,weak,none,none,strong,none,moderate,none,none,none,none,none,none,none,none,moderate,none,strong,"Actor 06 said “Glue the sheet to the dark blue background.”, with *fast* **speech rate**, *higher* **pitch**, *louder* **loudness**, while **looking at the camera**, and *weak* **raised inner eyebrows**, *strong* **raised upper eyelids**, *moderate* **tightened eyelids**, *moderate* **parted lips**, and *strong* **blinking**."
S_06_06_03_1_1,06,surprise,3,1,1,It's easy to tell the depth of a well.,normal,higher,normal,front,none,weak,none,none,weak,none,none,none,none,none,none,none,none,none,none,weak,none,none,"Actor 06 said “It's easy to tell the depth of a well.”, with *normal* **speech rate**, *higher* **pitch**, *normal* **loudness**, while **looking at the camera**, and *weak* **raised inner eyebrows**, *weak* **raised upper eyelids**, and *weak* **parted lips**."
S_06_06_03_2_1,06,surprise,3,2,1,It's easy to tell the depth of a well.,fast,higher,louder,front,none,weak,strong,moderate,strong,none,none,none,none,none,none,none,none,none,weak,moderate,none,strong,"Actor 06 said “It's easy to tell the depth of a well.”, with *fast* **speech rate**, *higher* **pitch**, *louder* **loudness**, while **looking at the camera**, and *weak* **raised inner eyebrows**, *strong* **raised outer eyebrows**, *moderate* **lowered brows**, *strong* **raised upper eyelids**, *weak* **tightened lips**, *moderate* **parted lips**, and *strong* **blinking**."
S_06_06_04_1_1,06,surprise,4,1,1,These days a chicken leg is a rare dish.,normal,higher,normal,front,none,weak,none,none,weak,none,none,none,none,none,none,none,none,none,none,weak,none,none,"Actor 06 said “These days a chicken leg is a rare dish.”, with *normal* **speech rate**, *higher* **pitch**, *normal* **loudness**, while **looking at the camera**, and *weak* **raised inner eyebrows**, *weak* **raised upper eyelids**, and *weak* **parted lips**."
S_06_06_04_2_1,06,surprise,4,2,1,These days a chicken leg is a rare dish.,fast,higher,louder,front,none,weak,strong,moderate,strong,none,none,none,none,none,none,none,none,none,none,moderate,none,strong,"Actor 06 said “These days a chicken leg is a rare dish.”, with *fast* **speech rate**, *higher* **pitch**, *louder* **loudness**, while **looking at the camera**, and *weak* **raised inner eyebrows**, *strong* **raised outer eyebrows**, *moderate* **lowered brows**, *strong* **raised upper eyelids**, *moderate* **parted lips**, and *strong* **blinking**."
S_06_06_05_1_1,06,surprise,5,1,1,Rice is often served in round bowls.,normal,higher,normal,front,none,weak,none,none,weak,none,none,none,none,none,none,none,none,none,none,weak,none,none,"Actor 06 said “Rice is often served in round bowls.”, with *normal* **speech rate**, *higher* **pitch**, *normal* **loudness**, while **looking at the camera**, and *weak* **raised inner eyebrows**, *weak* **raised upper eyelids**, and *weak* **parted lips**."
S_06_06_05_2_1,06,surprise,5,2,1,Rice is often served in round bowls.,fast,higher,louder,front,none,weak,none,none,strong,none,moderate,none,none,none,none,none,none,none,none,none,strong,strong,"Actor 06 said “Rice is often served in round bowls.”, with *fast* **speech rate**, *higher* **pitch**, *louder* **loudness**, while **looking at the camera**, and *weak* **raised inner eyebrows**, *strong* **raised upper eyelids**, *moderate* **tightened eyelids**, *strong* **a dropped jaw**, and *strong* **blinking**."
S_06_06_06_1_1,06,surprise,6,1,1,The juice of lemons makes fine punch.,normal,higher,normal,front,none,weak,none,none,weak,none,none,none,none,none,none,none,none,none,none,weak,none,none,"Actor 06 said “The juice of lemons makes fine punch.”, with *normal* **speech rate**, *higher* **pitch**, *normal* **loudness**, while **looking at the camera**, and *weak* **raised inner eyebrows**, *weak* **raised upper eyelids**, and *weak* **parted lips**."
S_06_06_06_2_1,06,surprise,6,2,1,The juice of lemons makes fine punch.,fast,higher,louder,front,none,weak,strong,moderate,strong,weak,moderate,none,none,none,none,none,none,none,none,strong,none,none,"Actor 06 said “The juice of lemons makes fine punch.”, with *fast* **speech rate**, *higher* **pitch**, *louder* **loudness**, while **looking at the camera**, and *weak* **raised inner eyebrows**, *strong* **raised outer eyebrows**, *moderate* **lowered brows**, *strong* **raised upper eyelids**, *weak* **raised cheeks**, *moderate* **tightened eyelids**, and *strong* **parted lips**."
S_06_06_07_1_1,06,surprise,7,1,1,The box was thrown beside the parked truck.,normal,higher,normal,front,none,weak,none,none,weak,none,none,none,none,none,none,none,none,none,none,weak,none,none,"Actor 06 said “The box was thrown beside the parked truck.”, with *normal* **speech rate**, *higher* **pitch**, *normal* **loudness**, while **looking at the camera**, and *weak* **raised inner eyebrows**, *weak* **raised upper eyelids**, and *weak* **parted lips**."
S_06_06_07_2_1,06,surprise,7,2,1,The box was thrown beside the parked truck.,fast,higher,louder,front,none,weak,none,none,strong,none,moderate,none,none,none,none,none,none,none,none,strong,strong,strong,"Actor 06 said “The box was thrown beside the parked truck.”, with *fast* **speech rate**, *higher* **pitch**, *louder* **loudness**, while **looking at the camera**, and *weak* **raised inner eyebrows**, *strong* **raised upper eyelids**, *moderate* **tightened eyelids**, *strong* **parted lips**, *strong* **a dropped jaw**, and *strong* **blinking**."
S_06_06_08_1_1,06,surprise,8,1,1,The hogs were fed chopped corn and garbage.,normal,higher,louder,front,none,weak,none,weak,weak,none,none,none,none,none,none,none,none,none,none,none,none,none,"Actor 06 said “The hogs were fed chopped corn and garbage.”, with *normal* **speech rate**, *higher* **pitch**, *louder* **loudness**, while **looking at the camera**, and *weak* **raised inner eyebrows**, *weak* **lowered brows**, and *weak* **raised upper eyelids**."
S_06_06_08_2_1,06,surprise,8,2,1,The hogs were fed chopped corn and garbage.,fast,higher,louder,front,none,weak,strong,moderate,strong,none,strong,none,none,none,none,none,none,none,none,moderate,none,strong,"Actor 06 said “The hogs were fed chopped corn and garbage.”, with *fast* **speech rate**, *higher* **pitch**, *louder* **loudness**, while **looking at the camera**, and *weak* **raised inner eyebrows**, *strong* **raised outer eyebrows**, *moderate* **lowered brows**, *strong* **raised upper eyelids**, *strong* **tightened eyelids**, *moderate* **parted lips**, and *strong* **blinking**."
S_06_06_09_1_1,06,surprise,9,1,1,Four hours of steady work faced us.,normal,higher,normal,front,none,weak,none,none,weak,none,none,none,none,none,none,none,none,none,none,none,none,none,"Actor 06 said “Four hours of steady work faced us.”, with *normal* **speech rate**, *higher* **pitch**, *normal* **loudness**, while **looking at the camera**, and *weak* **raised inner eyebrows** and *weak* **raised upper eyelids**."
S_06_06_09_2_1,06,surprise,9,2,1,Four hours of steady work faced us.,fast,higher,louder,front,none,weak,strong,moderate,strong,none,none,none,none,none,none,none,none,none,none,moderate,none,none,"Actor 06 said “Four hours of steady work faced us.”, with *fast* **speech rate**, *higher* **pitch**, *louder* **loudness**, while **looking at the camera**, and *weak* **raised inner eyebrows**, *strong* **raised outer eyebrows**, *moderate* **lowered brows**, *strong* **raised upper eyelids**, and *moderate* **parted lips**."
S_06_06_10_1_1,06,surprise,10,1,1,A large size in stockings is hard to sell.,fast,higher,louder,front,none,weak,weak,weak,weak,none,none,none,none,none,none,none,none,none,none,moderate,weak,none,"Actor 06 said “A large size in stockings is hard to sell.”, with *fast* **speech rate**, *higher* **pitch**, *louder* **loudness**, while **looking at the camera**, and *weak* **raised inner eyebrows**, *weak* **raised outer eyebrows**, *weak* **lowered brows**, *weak* **raised upper eyelids**, *moderate* **parted lips**, and *weak* **a dropped jaw**."
S_06_06_10_2_1,06,surprise,10,2,1,A large size in stockings is hard to sell.,fast,higher,louder,up,none,weak,strong,moderate,moderate,none,none,none,none,none,none,none,none,none,none,moderate,none,none,"Actor 06 said “A large size in stockings is hard to sell.”, with *fast* **speech rate**, *higher* **pitch**, *louder* **loudness**, **gaze** *averted* (upwards), and *weak* **raised inner eyebrows**, *strong* **raised outer eyebrows**, *moderate* **lowered brows**, *moderate* **raised upper eyelids**, and *moderate* **parted lips**."
S_06_07_01_1_1,06,confidence,1,1,1,The birch canoe slid on the smooth planks.,normal,normal,normal,front,none,none,none,none,none,none,none,none,none,weak,none,none,none,none,none,none,none,none,"Actor 06 said “The birch canoe slid on the smooth planks.”, with *normal* **speech rate**, *normal* **pitch**, *normal* **loudness**, while **looking at the camera**, and *weak* **a smile**."
S_06_07_01_2_1,06,confidence,1,2,1,The birch canoe slid on the smooth planks.,normal,higher,normal,front,none,none,none,none,none,none,none,none,none,moderate,none,none,none,none,none,none,none,none,"Actor 06 said “The birch canoe slid on the smooth planks.”, with *normal* **speech rate**, *higher* **pitch**, *normal* **loudness**, while **looking at the camera**, and *moderate* **a smile**."
S_06_07_02_1_1,06,confidence,2,1,1,Glue the sheet to the dark blue background.,normal,normal,normal,front,none,none,none,none,none,none,none,none,none,none,none,none,none,none,none,none,none,none,"Actor 06 said “Glue the sheet to the dark blue background.”, with *normal* **speech rate**, *normal* **pitch**, *normal* **loudness**, and while **looking at the camera**."
S_06_07_02_2_1,06,confidence,2,2,1,Glue the sheet to the dark blue background.,normal,higher,louder,front,none,none,none,none,none,none,none,none,none,none,none,none,moderate,none,none,none,none,none,"Actor 06 said “Glue the sheet to the dark blue background.”, with *normal* **speech rate**, *higher* **pitch**, *louder* **loudness**, while **looking at the camera**, and *moderate* **raised chin**."
S_06_07_03_1_1,06,confidence,3,1,1,It's easy to tell the depth of a well.,normal,normal,normal,front,none,none,none,none,none,none,none,none,none,weak,none,none,none,none,none,none,none,none,"Actor 06 said “It's easy to tell the depth of a well.”, with *normal* **speech rate**, *normal* **pitch**, *normal* **loudness**, while **looking at the camera**, and *weak* **a smile**."
S_06_07_03_2_1,06,confidence,3,2,1,It's easy to tell the depth of a well.,normal,higher,louder,front,none,none,none,weak,none,none,none,none,none,none,none,none,none,none,none,none,none,none,"Actor 06 said “It's easy to tell the depth of a well.”, with *normal* **speech rate**, *higher* **pitch**, *louder* **loudness**, while **looking at the camera**, and *weak* **lowered brows**."
S_06_07_04_1_1,06,confidence,4,1,1,These days a chicken leg is a rare dish.,normal,normal,normal,front,none,none,none,none,none,none,none,none,none,none,none,none,none,none,none,none,none,none,"Actor 06 said “These days a chicken leg is a rare dish.”, with *normal* **speech rate**, *normal* **pitch**, *normal* **loudness**, and while **looking at the camera**."
S_06_07_04_2_1,06,confidence,4,2,1,These days a chicken leg is a rare dish.,normal,higher,normal,front,none,none,none,none,none,none,none,none,none,moderate,none,none,none,none,none,none,none,none,"Actor 06 said “These days a chicken leg is a rare dish.”, with *normal* **speech rate**, *higher* **pitch**, *normal* **loudness**, while **looking at the camera**, and *moderate* **a smile**."
S_06_07_05_1_1,06,confidence,5,1,1,Rice is often served in round bowls.,normal,normal,normal,front,none,none,none,none,none,none,none,none,none,none,none,none,none,none,none,none,none,none,"Actor 06 said “Rice is often served in round bowls.”, with *normal* **speech rate**, *normal* **pitch**, *normal* **loudness**, and while **looking at the camera**."
S_06_07_05_2_1,06,confidence,5,2,1,Rice is often served in round bowls.,normal,higher,normal,front,none,none,none,none,none,weak,none,none,none,moderate,none,none,none,none,none,none,none,none,"Actor 06 said “Rice is often served in round bowls.”, with *normal* **speech rate**, *higher* **pitch**, *normal* **loudness**, while **looking at the camera**, and *weak* **raised cheeks** and *moderate* **a smile**."
S_06_07_06_1_1,06,confidence,6,1,1,The juice of lemons makes fine punch.,normal,normal,normal,front,none,none,none,none,none,none,none,none,none,weak,none,none,none,none,none,none,none,none,"Actor 06 said “The juice of lemons makes fine punch.”, with *normal* **speech rate**, *normal* **pitch**, *normal* **loudness**, while **looking at the camera**, and *weak* **a smile**."
S_06_07_06_2_1,06,confidence,6,2,1,The juice of lemons makes fine punch.,normal,higher,normal,front,none,none,none,none,none,weak,none,none,none,moderate,none,none,none,none,none,none,none,none,"Actor 06 said “The juice of lemons makes fine punch.”, with *normal* **speech rate**, *higher* **pitch**, *normal* **loudness**, while **looking at the camera**, and *weak* **raised cheeks** and *moderate* **a smile**."
S_06_07_07_1_1,06,confidence,7,1,1,The box was thrown beside the parked truck.,normal,normal,normal,front,none,none,none,none,none,none,none,none,none,none,none,none,none,none,none,none,none,none,"Actor 06 said “The box was thrown beside the parked truck.”, with *normal* **speech rate**, *normal* **pitch**, *normal* **loudness**, and while **looking at the camera**."
S_06_07_07_2_1,06,confidence,7,2,1,The box was thrown beside the parked truck.,normal,higher,normal,front,none,none,none,none,none,none,none,none,none,moderate,none,none,none,none,none,none,none,none,"Actor 06 said “The box was thrown beside the parked truck.”, with *normal* **speech rate**, *higher* **pitch**, *normal* **loudness**, while **looking at the camera**, and *moderate* **a smile**."
S_06_07_08_1_1,06,confidence,8,1,1,The hogs were fed chopped corn and garbage.,normal,normal,normal,front,none,none,none,none,none,none,none,none,none,none,none,none,none,none,none,none,none,none,"Actor 06 said “The hogs were fed chopped corn and garbage.”, with *normal* **speech rate**, *normal* **pitch**, *normal* **loudness**, and while **looking at the camera**."
S_06_07_08_2_1,06,confidence,8,2,1,The hogs were fed chopped corn and garbage.,normal,higher,louder,front,none,none,none,none,none,none,none,none,none,moderate,none,none,none,none,none,none,none,none,"Actor 06 said “The hogs were fed chopped corn and garbage.”, with *normal* **speech rate**, *higher* **pitch**, *louder* **loudness**, while **looking at the camera**, and *moderate* **a smile**."
S_06_07_09_1_1,06,confidence,9,1,1,Four hours of steady work faced us.,normal,normal,normal,front,none,none,none,none,none,none,none,none,none,none,none,none,none,none,none,none,none,none,"Actor 06 said “Four hours of steady work faced us.”, with *normal* **speech rate**, *normal* **pitch**, *normal* **loudness**, and while **looking at the camera**."
S_06_07_09_2_1,06,confidence,9,2,1,Four hours of steady work faced us.,normal,higher,louder,front,none,none,none,weak,none,none,none,none,none,none,none,none,none,none,none,none,none,none,"Actor 06 said “Four hours of steady work faced us.”, with *normal* **speech rate**, *higher* **pitch**, *louder* **loudness**, while **looking at the camera**, and *weak* **lowered brows**."
S_06_07_10_1_1,06,confidence,10,1,1,A large size in stockings is hard to sell.,normal,normal,normal,front,none,none,none,none,none,none,none,none,none,weak,none,none,none,none,none,none,none,none,"Actor 06 said “A large size in stockings is hard to sell.”, with *normal* **speech rate**, *normal* **pitch**, *normal* **loudness**, while **looking at the camera**, and *weak* **a smile**."
S_06_07_10_2_1,06,confidence,10,2,1,A large size in stockings is hard to sell.,normal,higher,normal,front,none,none,none,none,none,none,none,none,none,moderate,none,none,none,none,none,none,none,none,"Actor 06 said “A large size in stockings is hard to sell.”, with *normal* **speech rate**, *higher* **pitch**, *normal* **loudness**, while **looking at the camera**, and *moderate* **a smile**."
S_06_08_01_1_1,06,confusion,1,1,1,The birch canoe slid on the smooth planks.,slow,lower,quieter,up,tilting,weak,none,moderate,none,none,none,none,none,none,none,none,none,none,none,weak,none,strong,"Actor 06 said “The birch canoe slid on the smooth planks.”, with *slow* **speech rate**, *lower* **pitch**, *quieter* **loudness**, **gaze** *averted* (upwards), while *tilting* their **head**, and *weak* **raised inner eyebrows**, *moderate* **lowered brows**, *weak* **parted lips**, and *strong* **blinking**."
S_06_08_01_2_1,06,confusion,1,2,1,The birch canoe slid on the smooth planks.,slow,normal,quieter,up,tilting,moderate,none,strong,none,none,none,none,none,none,none,none,none,none,none,moderate,strong,strong,"Actor 06 said “The birch canoe slid on the smooth planks.”, with *slow* **speech rate**, *normal* **pitch**, *quieter* **loudness**, **gaze** *averted* (upwards), while *tilting* their **head**, and *moderate* **raised inner eyebrows**, *strong* **lowered brows**, *moderate* **parted lips**, *strong* **a dropped jaw**, and *strong* **blinking**."
S_06_08_02_1_1,06,confusion,2,1,1,Glue the sheet to the dark blue background.,slow,lower,quieter,up,tilting,weak,none,moderate,none,none,none,none,none,none,none,none,none,none,none,none,none,strong,"Actor 06 said “Glue the sheet to the dark blue background.”, with *slow* **speech rate**, *lower* **pitch**, *quieter* **loudness**, **gaze** *averted* (upwards), while *tilting* their **head**, and *weak* **raised inner eyebrows**, *moderate* **lowered brows**, and *strong* **blinking**."
S_06_08_02_2_1,06,confusion,2,2,1,Glue the sheet to the dark blue background.,slow,normal,normal,right,tilting,moderate,none,strong,none,none,none,none,none,none,none,none,none,none,none,moderate,weak,none,"Actor 06 said “Glue the sheet to the dark blue background.”, with *slow* **speech rate**, *normal* **pitch**, *normal* **loudness**, **gaze** *averted* (to their right), while *tilting* their **head**, and *moderate* **raised inner eyebrows**, *strong* **lowered brows**, *moderate* **parted lips**, and *weak* **a dropped jaw**."
S_06_08_03_1_1,06,confusion,3,1,1,It's easy to tell the depth of a well.,slow,lower,quieter,up,tilting,weak,none,moderate,none,none,none,none,none,none,none,none,none,none,none,none,weak,strong,"Actor 06 said “It's easy to tell the depth of a well.”, with *slow* **speech rate**, *lower* **pitch**, *quieter* **loudness**, **gaze** *averted* (upwards), while *tilting* their **head**, and *weak* **raised inner eyebrows**, *moderate* **lowered brows**, *weak* **a dropped jaw**, and *strong* **blinking**."
S_06_08_03_2_1,06,confusion,3,2,1,It's easy to tell the depth of a well.,slow,normal,normal,right,none,weak,none,moderate,none,none,none,none,none,none,none,moderate,none,none,none,moderate,none,none,"Actor 06 said “It's easy to tell the depth of a well.”, with *slow* **speech rate**, *normal* **pitch**, *normal* **loudness**, **gaze** *averted* (to their right), and *weak* **raised inner eyebrows**, *moderate* **lowered brows**, *moderate* **downturned mouth corners**, and *moderate* **parted lips**."
S_06_08_04_1_1,06,confusion,4,1,1,These days a chicken leg is a rare dish.,slow,lower,quieter,up,tilting,weak,none,weak,none,none,none,none,none,none,none,none,none,none,none,none,none,strong,"Actor 06 said “These days a chicken leg is a rare dish.”, with *slow* **speech rate**, *lower* **pitch**, *quieter* **loudness**, **gaze** *averted* (upwards), while *tilting* their **head**, and *weak* **raised inner eyebrows**, *weak* **lowered brows**, and *strong* **blinking**."
S_06_08_04_2_1,06,confusion,4,2,1,These days a chicken leg is a rare dish.,slow,higher,normal,front,none,weak,none,moderate,none,none,none,none,none,none,none,moderate,none,none,none,moderate,none,none,"Actor 06 said “These days a chicken leg is a rare dish.”, with *slow* **speech rate**, *higher* **pitch**, *normal* **loudness**, while **looking at the camera**, and *weak* **raised inner eyebrows**, *moderate* **lowered brows**, *moderate* **downturned mouth corners**, and *moderate* **parted lips**."
S_06_08_05_1_1,06,confusion,5,1,1,Rice is often served in round bowls.,slow,lower,quieter,up,tilting,weak,none,moderate,none,none,none,none,none,none,none,none,none,none,none,none,none,strong,"Actor 06 said “Rice is often served in round bowls.”, with *slow* **speech rate**, *lower* **pitch**, *quieter* **loudness**, **gaze** *averted* (upwards), while *tilting* their **head**, and *weak* **raised inner eyebrows**, *moderate* **lowered brows**, and *strong* **blinking**."
S_06_08_05_2_1,06,confusion,5,2,1,Rice is often served in round bowls.,slow,normal,quieter,up,tilting,weak,none,moderate,none,none,none,none,none,none,none,none,none,none,none,moderate,weak,strong,"Actor 06 said “Rice is often served in round bowls.”, with *slow* **speech rate**, *normal* **pitch**, *quieter* **loudness**, **gaze** *averted* (upwards), while *tilting* their **head**, and *weak* **raised inner eyebrows**, *moderate* **lowered brows**, *moderate* **parted lips**, *weak* **a dropped jaw**, and *strong* **blinking**."
S_06_08_06_1_1,06,confusion,6,1,1,The juice of lemons makes fine punch.,slow,lower,quieter,up,tilting,weak,none,moderate,none,none,none,none,none,none,none,none,none,none,none,none,none,strong,"Actor 06 said “The juice of lemons makes fine punch.”, with *slow* **speech rate**, *lower* **pitch**, *quieter* **loudness**, **gaze** *averted* (upwards), while *tilting* their **head**, and *weak* **raised inner eyebrows**, *moderate* **lowered brows**, and *strong* **blinking**."
S_06_08_06_2_1,06,confusion,6,2,1,The juice of lemons makes fine punch.,slow,normal,quieter,up,tilting,moderate,none,strong,none,none,none,none,none,none,none,none,none,none,none,moderate,strong,strong,"Actor 06 said “The juice of lemons makes fine punch.”, with *slow* **speech rate**, *normal* **pitch**, *quieter* **loudness**, **gaze** *averted* (upwards), while *tilting* their **head**, and *moderate* **raised inner eyebrows**, *strong* **lowered brows**, *moderate* **parted lips**, *strong* **a dropped jaw**, and *strong* **blinking**."
S_06_08_07_1_1,06,confusion,7,1,1,The box was thrown beside the parked truck.,slow,lower,quieter,up,tilting,weak,none,moderate,none,none,none,none,none,none,none,none,none,none,none,none,weak,strong,"Actor 06 said “The box was thrown beside the parked truck.”, with *slow* **speech rate**, *lower* **pitch**, *quieter* **loudness**, **gaze** *averted* (upwards), while *tilting* their **head**, and *weak* **raised inner eyebrows**, *moderate* **lowered brows**, *weak* **a dropped jaw**, and *strong* **blinking**."
S_06_08_07_2_1,06,confusion,7,2,1,The box was thrown beside the parked truck.,slow,normal,quieter,up,tilting,moderate,none,strong,none,none,none,none,none,none,none,none,none,none,none,moderate,weak,strong,"Actor 06 said “The box was thrown beside the parked truck.”, with *slow* **speech rate**, *normal* **pitch**, *quieter* **loudness**, **gaze** *averted* (upwards), while *tilting* their **head**, and *moderate* **raised inner eyebrows**, *strong* **lowered brows**, *moderate* **parted lips**, *weak* **a dropped jaw**, and *strong* **blinking**."
S_06_08_08_1_1,06,confusion,8,1,1,The hogs were fed chopped corn and garbage.,slow,lower,quieter,up,tilting,weak,none,weak,none,none,none,none,none,none,none,none,none,none,none,none,weak,strong,"Actor 06 said “The hogs were fed chopped corn and garbage.”, with *slow* **speech rate**, *lower* **pitch**, *quieter* **loudness**, **gaze** *averted* (upwards), while *tilting* their **head**, and *weak* **raised inner eyebrows**, *weak* **lowered brows**, *weak* **a dropped jaw**, and *strong* **blinking**."
S_06_08_08_2_1,06,confusion,8,2,1,The hogs were fed chopped corn and garbage.,slow,lower,quieter,up,tilting,moderate,none,strong,none,none,none,none,none,none,none,none,none,none,none,moderate,strong,strong,"Actor 06 said “The hogs were fed chopped corn and garbage.”, with *slow* **speech rate**, *lower* **pitch**, *quieter* **loudness**, **gaze** *averted* (upwards), while *tilting* their **head**, and *moderate* **raised inner eyebrows**, *strong* **lowered brows**, *moderate* **parted lips**, *strong* **a dropped jaw**, and *strong* **blinking**."
S_06_08_09_1_1,06,confusion,9,1,1,Four hours of steady work faced us.,slow,lower,quieter,up,tilting,weak,none,moderate,none,none,none,none,none,none,none,none,none,none,none,none,none,strong,"Actor 06 said “Four hours of steady work faced us.”, with *slow* **speech rate**, *lower* **pitch**, *quieter* **loudness**, **gaze** *averted* (upwards), while *tilting* their **head**, and *weak* **raised inner eyebrows**, *moderate* **lowered brows**, and *strong* **blinking**."
S_06_08_09_2_1,06,confusion,9,2,1,Four hours of steady work faced us.,slow,normal,quieter,up,tilting,moderate,none,strong,none,none,none,none,none,none,none,none,none,none,none,moderate,strong,strong,"Actor 06 said “Four hours of steady work faced us.”, with *slow* **speech rate**, *normal* **pitch**, *quieter* **loudness**, **gaze** *averted* (upwards), while *tilting* their **head**, and *moderate* **raised inner eyebrows**, *strong* **lowered brows**, *moderate* **parted lips**, *strong* **a dropped jaw**, and *strong* **blinking**."
S_06_08_10_1_1,06,confusion,10,1,1,A large size in stockings is hard to sell.,slow,lower,quieter,up,tilting,weak,none,weak,none,none,none,none,none,none,none,none,none,none,none,none,none,strong,"Actor 06 said “A large size in stockings is hard to sell.”, with *slow* **speech rate**, *lower* **pitch**, *quieter* **loudness**, **gaze** *averted* (upwards), while *tilting* their **head**, and *weak* **raised inner eyebrows**, *weak* **lowered brows**, and *strong* **blinking**."
S_06_08_10_2_1,06,confusion,10,2,1,A large size in stockings is hard to sell.,slow,normal,normal,front,none,weak,none,moderate,none,none,none,none,none,none,none,moderate,none,none,none,moderate,none,none,"Actor 06 said “A large size in stockings is hard to sell.”, with *slow* **speech rate**, *normal* **pitch**, *normal* **loudness**, while **looking at the camera**, and *weak* **raised inner eyebrows**, *moderate* **lowered brows**, *moderate* **downturned mouth corners**, and *moderate* **parted lips**."
S_06_09_01_1_1,06,contempt,1,1,1,The birch canoe slid on the smooth planks.,normal,normal,normal,front,none,none,none,weak,none,none,none,none,none,none,none,weak,none,none,none,none,none,none,"Actor 06 said “The birch canoe slid on the smooth planks.”, with *normal* **speech rate**, *normal* **pitch**, *normal* **loudness**, while **looking at the camera**, and *weak* **lowered brows** and *weak* **downturned mouth corners**."
S_06_09_01_2_1,06,contempt,1,2,1,The birch canoe slid on the smooth planks.,normal,lower,quieter,front,none,none,none,strong,none,none,none,none,none,none,none,moderate,none,none,weak,moderate,none,none,"Actor 06 said “The birch canoe slid on the smooth planks.”, with *normal* **speech rate**, *lower* **pitch**, *quieter* **loudness**, while **looking at the camera**, and *strong* **lowered brows**, *moderate* **downturned mouth corners**, *weak* **tightened lips**, and *moderate* **parted lips**."
S_06_09_02_1_1,06,contempt,2,1,1,Glue the sheet to the dark blue background.,normal,normal,normal,right,none,weak,none,moderate,none,none,none,none,none,none,none,weak,none,none,none,none,none,none,"Actor 06 said “Glue the sheet to the dark blue background.”, with *normal* **speech rate**, *normal* **pitch**, *normal* **loudness**, **gaze** *averted* (to their right), and *weak* **raised inner eyebrows**, *moderate* **lowered brows**, and *weak* **downturned mouth corners**."
S_06_09_02_2_1,06,contempt,2,2,1,Glue the sheet to the dark blue background.,slow,lower,louder,front,shaking,none,none,strong,none,none,none,none,none,none,none,moderate,none,none,weak,moderate,none,none,"Actor 06 said “Glue the sheet to the dark blue background.”, with *slow* **speech rate**, *lower* **pitch**, *louder* **loudness**, while **looking at the camera**, while *shaking* their **head**, and *strong* **lowered brows**, *moderate* **downturned mouth corners**, *weak* **tightened lips**, and *moderate* **parted lips**."
S_06_09_03_1_1,06,contempt,3,1,1,It's easy to tell the depth of a well.,normal,lower,quieter,front,none,none,none,weak,none,none,none,none,none,none,none,none,none,none,none,none,none,none,"Actor 06 said “It's easy to tell the depth of a well.”, with *normal* **speech rate**, *lower* **pitch**, *quieter* **loudness**, while **looking at the camera**, and *weak* **lowered brows**."
S_06_09_03_2_1,06,contempt,3,2,1,It's easy to tell the depth of a well.,slow,lower,quieter,left,shaking,none,none,strong,none,none,none,none,none,none,none,moderate,none,none,weak,moderate,none,none,"Actor 06 said “It's easy to tell the depth of a well.”, with *slow* **speech rate**, *lower* **pitch**, *quieter* **loudness**, **gaze** *averted* (to their left), while *shaking* their **head**, and *strong* **lowered brows**, *moderate* **downturned mouth corners**, *weak* **tightened lips**, and *moderate* **parted lips**."
S_06_09_04_1_1,06,contempt,4,1,1,These days a chicken leg is a rare dish.,normal,normal,normal,front,none,none,none,weak,none,none,none,none,none,none,none,weak,none,none,none,none,none,none,"Actor 06 said “These days a chicken leg is a rare dish.”, with *normal* **speech rate**, *normal* **pitch**, *normal* **loudness**, while **looking at the camera**, and *weak* **lowered brows** and *weak* **downturned mouth corners**."
S_06_09_04_2_1,06,contempt,4,2,1,These days a chicken leg is a rare dish.,slow,lower,quieter,front,none,weak,none,moderate,none,none,none,none,none,none,none,strong,none,none,none,none,none,strong,"Actor 06 said “These days a chicken leg is a rare dish.”, with *slow* **speech rate**, *lower* **pitch**, *quieter* **loudness**, while **looking at the camera**, and *weak* **raised inner eyebrows**, *moderate* **lowered brows**, *strong* **downturned mouth corners**, and *strong* **blinking**."
S_06_09_05_1_1,06,contempt,5,1,1,Rice is often served in round bowls.,slow,lower,quieter,front,none,weak,none,moderate,none,none,none,none,none,none,none,weak,none,none,none,none,none,none,"Actor 06 said “Rice is often served in round bowls.”, with *slow* **speech rate**, *lower* **pitch**, *quieter* **loudness**, while **looking at the camera**, and *weak* **raised inner eyebrows**, *moderate* **lowered brows**, and *weak* **downturned mouth corners**."
S_06_09_05_2_1,06,contempt,5,2,1,Rice is often served in round bowls.,slow,lower,quieter,front,shaking,none,none,strong,none,none,none,none,none,none,none,moderate,none,none,weak,moderate,none,none,"Actor 06 said “Rice is often served in round bowls.”, with *slow* **speech rate**, *lower* **pitch**, *quieter* **loudness**, while **looking at the camera**, while *shaking* their **head**, and *strong* **lowered brows**, *moderate* **downturned mouth corners**, *weak* **tightened lips**, and *moderate* **parted lips**."
S_06_09_06_1_1,06,contempt,6,1,1,The juice of lemons makes fine punch.,normal,lower,quieter,front,none,none,none,moderate,none,none,none,none,none,none,none,none,none,none,none,none,none,none,"Actor 06 said “The juice of lemons makes fine punch.”, with *normal* **speech rate**, *lower* **pitch**, *quieter* **loudness**, while **looking at the camera**, and *moderate* **lowered brows**."
S_06_09_06_2_1,06,contempt,6,2,1,The juice of lemons makes fine punch.,slow,lower,louder,left,shaking,none,none,strong,none,none,none,none,none,none,none,moderate,none,none,moderate,none,none,none,"Actor 06 said “The juice of lemons makes fine punch.”, with *slow* **speech rate**, *lower* **pitch**, *louder* **loudness**, **gaze** *averted* (to their left), while *shaking* their **head**, and *strong* **lowered brows**, *moderate* **downturned mouth corners**, and *moderate* **tightened lips**."
S_06_09_07_1_1,06,contempt,7,1,1,The box was thrown beside the parked truck.,normal,normal,normal,front,none,none,none,weak,none,none,none,none,none,none,none,weak,none,none,none,none,none,none,"Actor 06 said “The box was thrown beside the parked truck.”, with *normal* **speech rate**, *normal* **pitch**, *normal* **loudness**, while **looking at the camera**, and *weak* **lowered brows** and *weak* **downturned mouth corners**."
S_06_09_07_2_1,06,contempt,7,2,1,The box was thrown beside the parked truck.,normal,lower,normal,right,none,none,none,strong,none,none,none,none,none,none,none,none,none,none,none,none,none,none,"Actor 06 said “The box was thrown beside the parked truck.”, with *normal* **speech rate**, *lower* **pitch**, *normal* **loudness**, **gaze** *averted* (to their right), and *strong* **lowered brows**."
S_06_09_08_1_1,06,contempt,8,1,1,The hogs were fed chopped corn and garbage.,normal,normal,normal,front,none,none,none,weak,none,none,none,none,none,none,none,weak,none,none,none,none,none,none,"Actor 06 said “The hogs were fed chopped corn and garbage.”, with *normal* **speech rate**, *normal* **pitch**, *normal* **loudness**, while **looking at the camera**, and *weak* **lowered brows** and *weak* **downturned mouth corners**."
S_06_09_08_2_1,06,contempt,8,2,1,The hogs were fed chopped corn and garbage.,slow,lower,normal,right,shaking,none,none,strong,none,none,none,none,none,none,none,moderate,none,none,weak,moderate,none,none,"Actor 06 said “The hogs were fed chopped corn and garbage.”, with *slow* **speech rate**, *lower* **pitch**, *normal* **loudness**, **gaze** *averted* (to their right), while *shaking* their **head**, and *strong* **lowered brows**, *moderate* **downturned mouth corners**, *weak* **tightened lips**, and *moderate* **parted lips**."
S_06_09_09_2_1,06,contempt,9,2,1,Four hours of steady work faced us.,slow,lower,louder,front,shaking,none,none,strong,none,none,none,none,none,none,none,moderate,none,none,moderate,none,none,none,"Actor 06 said “Four hours of steady work faced us.”, with *slow* **speech rate**, *lower* **pitch**, *louder* **loudness**, while **looking at the camera**, while *shaking* their **head**, and *strong* **lowered brows**, *moderate* **downturned mouth corners**, and *moderate* **tightened lips**."
S_06_09_10_1_1,06,contempt,10,1,1,A large size in stockings is hard to sell.,normal,normal,normal,front,none,none,none,moderate,none,none,none,none,none,none,none,none,none,none,none,none,none,none,"Actor 06 said “A large size in stockings is hard to sell.”, with *normal* **speech rate**, *normal* **pitch**, *normal* **loudness**, while **looking at the camera**, and *moderate* **lowered brows**."
S_06_09_10_2_1,06,contempt,10,2,1,A large size in stockings is hard to sell.,slow,lower,louder,front,none,strong,none,strong,none,none,moderate,none,none,none,none,strong,none,none,none,none,none,strong,"Actor 06 said “A large size in stockings is hard to sell.”, with *slow* **speech rate**, *lower* **pitch**, *louder* **loudness**, while **looking at the camera**, and *strong* **raised inner eyebrows**, *strong* **lowered brows**, *moderate* **tightened eyelids**, *strong* **downturned mouth corners**, and *strong* **blinking**."
S_06_10_02_1_1,06,empathy,2,1,1,Glue the sheet to the dark blue background.,slow,lower,quieter,front,none,weak,none,none,none,none,none,none,none,none,none,none,none,none,none,none,none,none,"Actor 06 said “Glue the sheet to the dark blue background.”, with *slow* **speech rate**, *lower* **pitch**, *quieter* **loudness**, while **looking at the camera**, and *weak* **raised inner eyebrows**."
S_06_10_02_2_1,06,empathy,2,2,1,Glue the sheet to the dark blue background.,slow,lower,quieter,front,none,weak,none,none,none,none,none,none,none,none,none,none,none,none,none,none,none,moderate,"Actor 06 said “Glue the sheet to the dark blue background.”, with *slow* **speech rate**, *lower* **pitch**, *quieter* **loudness**, while **looking at the camera**, and *weak* **raised inner eyebrows** and *moderate* **blinking**."
S_06_10_03_2_1,06,empathy,3,2,1,It's easy to tell the depth of a well.,slow,lower,quieter,front,none,moderate,none,none,none,none,none,none,none,none,none,none,none,none,none,weak,moderate,weak,"Actor 06 said “It's easy to tell the depth of a well.”, with *slow* **speech rate**, *lower* **pitch**, *quieter* **loudness**, while **looking at the camera**, and *moderate* **raised inner eyebrows**, *weak* **parted lips**, *moderate* **a dropped jaw**, and *weak* **blinking**."
S_06_10_04_1_1,06,empathy,4,1,1,These days a chicken leg is a rare dish.,slow,lower,quieter,front,none,weak,none,none,none,none,none,none,none,none,none,none,none,none,none,weak,none,none,"Actor 06 said “These days a chicken leg is a rare dish.”, with *slow* **speech rate**, *lower* **pitch**, *quieter* **loudness**, while **looking at the camera**, and *weak* **raised inner eyebrows** and *weak* **parted lips**."
S_06_10_04_2_1,06,empathy,4,2,1,These days a chicken leg is a rare dish.,slow,lower,quieter,front,none,weak,none,weak,none,none,none,none,none,none,none,strong,none,none,none,none,none,moderate,"Actor 06 said “These days a chicken leg is a rare dish.”, with *slow* **speech rate**, *lower* **pitch**, *quieter* **loudness**, while **looking at the camera**, and *weak* **raised inner eyebrows**, *weak* **lowered brows**, *strong* **downturned mouth corners**, and *moderate* **blinking**."
S_06_10_05_1_1,06,empathy,5,1,1,Rice is often served in round bowls.,normal,normal,normal,front,none,weak,none,none,none,none,none,none,none,none,none,none,none,none,none,none,none,none,"Actor 06 said “Rice is often served in round bowls.”, with *normal* **speech rate**, *normal* **pitch**, *normal* **loudness**, while **looking at the camera**, and *weak* **raised inner eyebrows**."
S_06_10_06_2_1,06,empathy,6,2,1,The juice of lemons makes fine punch.,slow,lower,quieter,front,none,weak,none,none,none,none,none,none,none,none,none,none,none,none,none,weak,moderate,weak,"Actor 06 said “The juice of lemons makes fine punch.”, with *slow* **speech rate**, *lower* **pitch**, *quieter* **loudness**, while **looking at the camera**, and *weak* **raised inner eyebrows**, *weak* **parted lips**, *moderate* **a dropped jaw**, and *weak* **blinking**."
S_06_10_07_1_1,06,empathy,7,1,1,The box was thrown beside the parked truck.,normal,lower,quieter,front,none,weak,none,none,none,none,none,none,none,none,none,none,none,none,none,none,none,none,"Actor 06 said “The box was thrown beside the parked truck.”, with *normal* **speech rate**, *lower* **pitch**, *quieter* **loudness**, while **looking at the camera**, and *weak* **raised inner eyebrows**."
S_06_10_07_2_1,06,empathy,7,2,1,The box was thrown beside the parked truck.,slow,lower,normal,front,none,moderate,none,none,none,none,none,none,none,none,none,none,none,none,none,none,moderate,weak,"Actor 06 said “The box was thrown beside the parked truck.”, with *slow* **speech rate**, *lower* **pitch**, *normal* **loudness**, while **looking at the camera**, and *moderate* **raised inner eyebrows**, *moderate* **a dropped jaw**, and *weak* **blinking**."
S_06_10_08_1_1,06,empathy,8,1,1,The hogs were fed chopped corn and garbage.,slow,lower,quieter,front,none,none,none,none,none,none,none,none,none,none,none,weak,none,none,none,none,none,strong,"Actor 06 said “The hogs were fed chopped corn and garbage.”, with *slow* **speech rate**, *lower* **pitch**, *quieter* **loudness**, while **looking at the camera**, and *weak* **downturned mouth corners** and *strong* **blinking**."
S_06_10_08_2_1,06,empathy,8,2,1,The hogs were fed chopped corn and garbage.,slow,lower,normal,down,none,weak,none,moderate,none,none,none,none,none,none,none,moderate,none,none,none,none,none,none,"Actor 06 said “The hogs were fed chopped corn and garbage.”, with *slow* **speech rate**, *lower* **pitch**, *normal* **loudness**, **gaze** *averted* (downwards), and *weak* **raised inner eyebrows**, *moderate* **lowered brows**, and *moderate* **downturned mouth corners**."
S_06_10_09_2_1,06,empathy,9,2,1,Four hours of steady work faced us.,slow,lower,normal,front,none,weak,none,none,none,none,none,none,none,none,none,none,none,none,none,none,none,strong,"Actor 06 said “Four hours of steady work faced us.”, with *slow* **speech rate**, *lower* **pitch**, *normal* **loudness**, while **looking at the camera**, and *weak* **raised inner eyebrows** and *strong* **blinking**."
S_06_10_10_2_1,06,empathy,10,2,1,A large size in stockings is hard to sell.,slow,lower,quieter,front,none,weak,none,weak,none,none,none,none,none,none,none,strong,none,none,none,none,none,moderate,"Actor 06 said “A large size in stockings is hard to sell.”, with *slow* **speech rate**, *lower* **pitch**, *quieter* **loudness**, while **looking at the camera**, and *weak* **raised inner eyebrows**, *weak* **lowered brows**, *strong* **downturned mouth corners**, and *moderate* **blinking**."
S_07_00_01_0_1,07,neutral,1,0,1,The birch canoe slid on the smooth planks.,normal,normal,normal,front,none,none,none,none,none,none,none,none,none,none,none,none,none,none,none,none,none,none,"Actor 07 said “The birch canoe slid on the smooth planks.”, with *normal* **speech rate**, *normal* **pitch**, *normal* **loudness**, and while **looking at the camera**."
S_07_00_02_0_1,07,neutral,2,0,1,Glue the sheet to the dark blue background.,normal,normal,normal,front,none,none,none,none,none,none,none,none,none,none,none,none,none,none,none,none,none,none,"Actor 07 said “Glue the sheet to the dark blue background.”, with *normal* **speech rate**, *normal* **pitch**, *normal* **loudness**, and while **looking at the camera**."
S_07_00_03_0_1,07,neutral,3,0,1,It's easy to tell the depth of a well.,normal,normal,normal,front,none,none,none,none,none,none,none,none,none,none,none,none,none,none,none,none,none,none,"Actor 07 said “It's easy to tell the depth of a well.”, with *normal* **speech rate**, *normal* **pitch**, *normal* **loudness**, and while **looking at the camera**."
S_07_00_04_0_1,07,neutral,4,0,1,These days a chicken leg is a rare dish.,normal,normal,normal,front,none,none,none,none,none,none,none,none,none,none,none,none,none,none,none,none,none,none,"Actor 07 said “These days a chicken leg is a rare dish.”, with *normal* **speech rate**, *normal* **pitch**, *normal* **loudness**, and while **looking at the camera**."
S_07_00_05_0_1,07,neutral,5,0,1,Rice is often served in round bowls.,normal,normal,normal,front,none,none,none,none,none,none,none,none,none,none,none,none,none,none,none,none,none,none,"Actor 07 said “Rice is often served in round bowls.”, with *normal* **speech rate**, *normal* **pitch**, *normal* **loudness**, and while **looking at the camera**."
S_07_00_06_0_1,07,neutral,6,0,1,The juice of lemons makes fine punch.,normal,normal,normal,front,none,none,none,none,none,none,none,none,none,none,none,none,none,none,none,none,none,none,"Actor 07 said “The juice of lemons makes fine punch.”, with *normal* **speech rate**, *normal* **pitch**, *normal* **loudness**, and while **looking at the camera**."
S_07_00_07_0_1,07,neutral,7,0,1,The box was thrown beside the parked truck.,normal,normal,normal,front,none,none,none,none,none,none,none,none,none,none,none,none,none,none,none,none,none,none,"Actor 07 said “The box was thrown beside the parked truck.”, with *normal* **speech rate**, *normal* **pitch**, *normal* **loudness**, and while **looking at the camera**."
S_07_00_08_0_1,07,neutral,8,0,1,The hogs were fed chopped corn and garbage.,normal,normal,normal,front,none,none,none,none,none,none,none,none,none,none,none,none,none,none,none,none,none,none,"Actor 07 said “The hogs were fed chopped corn and garbage.”, with *normal* **speech rate**, *normal* **pitch**, *normal* **loudness**, and while **looking at the camera**."
S_07_00_09_0_1,07,neutral,9,0,1,Four hours of steady work faced us.,normal,normal,normal,front,none,none,none,none,none,none,none,none,none,none,none,none,none,none,none,none,none,none,"Actor 07 said “Four hours of steady work faced us.”, with *normal* **speech rate**, *normal* **pitch**, *normal* **loudness**, and while **looking at the camera**."
S_07_00_10_0_1,07,neutral,10,0,1,A large size in stockings is hard to sell.,normal,normal,normal,front,none,none,none,none,none,none,none,none,none,none,none,none,none,none,none,none,none,none,"Actor 07 said “A large size in stockings is hard to sell.”, with *normal* **speech rate**, *normal* **pitch**, *normal* **loudness**, and while **looking at the camera**."
S_07_01_01_1_1,07,fear,1,1,1,The birch canoe slid on the smooth planks.,normal,normal,normal,front,none,weak,none,weak,weak,none,weak,none,none,none,none,none,none,none,weak,weak,none,none,"Actor 07 said “The birch canoe slid on the smooth planks.”, with *normal* **speech rate**, *normal* **pitch**, *normal* **loudness**, while **looking at the camera**, and *weak* **raised inner eyebrows**, *weak* **lowered brows**, *weak* **raised upper eyelids**, *weak* **tightened eyelids**, *weak* **tightened lips**, and *weak* **parted lips**."
S_07_01_01_2_1,07,fear,1,2,1,The birch canoe slid on the smooth planks.,normal,higher,louder,front,none,weak,weak,strong,moderate,none,moderate,none,none,none,none,none,none,none,none,none,none,none,"Actor 07 said “The birch canoe slid on the smooth planks.”, with *normal* **speech rate**, *higher* **pitch**, *louder* **loudness**, while **looking at the camera**, and *weak* **raised inner eyebrows**, *weak* **raised outer eyebrows**, *strong* **lowered brows**, *moderate* **raised upper eyelids**, and *moderate* **tightened eyelids**."
S_07_01_02_1_1,07,fear,2,1,1,Glue the sheet to the dark blue background.,normal,normal,normal,front,none,weak,none,weak,weak,none,weak,none,none,none,none,none,none,none,weak,none,none,none,"Actor 07 said “Glue the sheet to the dark blue background.”, with *normal* **speech rate**, *normal* **pitch**, *normal* **loudness**, while **looking at the camera**, and *weak* **raised inner eyebrows**, *weak* **lowered brows**, *weak* **raised upper eyelids**, *weak* **tightened eyelids**, and *weak* **tightened lips**."
S_07_01_02_2_1,07,fear,2,2,1,Glue the sheet to the dark blue background.,slow,higher,louder,front,none,strong,weak,strong,strong,none,weak,none,none,none,none,none,none,none,weak,strong,none,strong,"Actor 07 said “Glue the sheet to the dark blue background.”, with *slow* **speech rate**, *higher* **pitch**, *louder* **loudness**, while **looking at the camera**, and *strong* **raised inner eyebrows**, *weak* **raised outer eyebrows**, *strong* **lowered brows**, *strong* **raised upper eyelids**, *weak* **tightened eyelids**, *weak* **tightened lips**, *strong* **parted lips**, and *strong* **blinking**."
S_07_01_03_1_1,07,fear,3,1,1,It's easy to tell the depth of a well.,normal,normal,normal,front,none,weak,none,weak,weak,none,none,none,none,none,none,none,none,none,weak,none,none,none,"Actor 07 said “It's easy to tell the depth of a well.”, with *normal* **speech rate**, *normal* **pitch**, *normal* **loudness**, while **looking at the camera**, and *weak* **raised inner eyebrows**, *weak* **lowered brows**, *weak* **raised upper eyelids**, and *weak* **tightened lips**."
S_07_01_03_2_1,07,fear,3,2,1,It's easy to tell the depth of a well.,slow,higher,louder,down,none,strong,weak,strong,strong,none,weak,none,none,none,none,none,none,none,weak,strong,none,strong,"Actor 07 said “It's easy to tell the depth of a well.”, with *slow* **speech rate**, *higher* **pitch**, *louder* **loudness**, **gaze** *averted* (downwards), and *strong* **raised inner eyebrows**, *weak* **raised outer eyebrows**, *strong* **lowered brows**, *strong* **raised upper eyelids**, *weak* **tightened eyelids**, *weak* **tightened lips**, *strong* **parted lips**, and *strong* **blinking**."
S_07_01_04_1_1,07,fear,4,1,1,These days a chicken leg is a rare dish.,normal,normal,normal,left,none,weak,none,weak,weak,none,none,none,none,none,none,none,none,none,weak,none,none,none,"Actor 07 said “These days a chicken leg is a rare dish.”, with *normal* **speech rate**, *normal* **pitch**, *normal* **loudness**, **gaze** *averted* (to their left), and *weak* **raised inner eyebrows**, *weak* **lowered brows**, *weak* **raised upper eyelids**, and *weak* **tightened lips**."
S_07_01_04_2_1,07,fear,4,2,1,These days a chicken leg is a rare dish.,normal,higher,louder,front,none,weak,weak,strong,strong,none,weak,none,none,none,none,none,none,none,none,none,none,moderate,"Actor 07 said “These days a chicken leg is a rare dish.”, with *normal* **speech rate**, *higher* **pitch**, *louder* **loudness**, while **looking at the camera**, and *weak* **raised inner eyebrows**, *weak* **raised outer eyebrows**, *strong* **lowered brows**, *strong* **raised upper eyelids**, *weak* **tightened eyelids**, and *moderate* **blinking**."
S_07_01_05_1_1,07,fear,5,1,1,Rice is often served in round bowls.,slow,lower,quieter,front,none,weak,none,weak,weak,none,none,none,none,none,none,none,none,none,weak,weak,none,none,"Actor 07 said “Rice is often served in round bowls.”, with *slow* **speech rate**, *lower* **pitch**, *quieter* **loudness**, while **looking at the camera**, and *weak* **raised inner eyebrows**, *weak* **lowered brows**, *weak* **raised upper eyelids**, *weak* **tightened lips**, and *weak* **parted lips**."
S_07_01_05_2_1,07,fear,5,2,1,Rice is often served in round bowls.,normal,higher,louder,front,none,weak,weak,strong,moderate,none,moderate,none,none,none,none,none,none,none,none,none,none,none,"Actor 07 said “Rice is often served in round bowls.”, with *normal* **speech rate**, *higher* **pitch**, *louder* **loudness**, while **looking at the camera**, and *weak* **raised inner eyebrows**, *weak* **raised outer eyebrows**, *strong* **lowered brows**, *moderate* **raised upper eyelids**, and *moderate* **tightened eyelids**."
S_07_01_06_1_1,07,fear,6,1,1,The juice of lemons makes fine punch.,normal,normal,normal,left,none,weak,none,weak,weak,none,none,none,none,none,none,none,none,none,weak,none,none,none,"Actor 07 said “The juice of lemons makes fine punch.”, with *normal* **speech rate**, *normal* **pitch**, *normal* **loudness**, **gaze** *averted* (to their left), and *weak* **raised inner eyebrows**, *weak* **lowered brows**, *weak* **raised upper eyelids**, and *weak* **tightened lips**."
S_07_01_06_2_1,07,fear,6,2,1,The juice of lemons makes fine punch.,normal,higher,louder,front,none,weak,weak,strong,strong,none,weak,none,none,none,none,none,none,none,none,none,none,moderate,"Actor 07 said “The juice of lemons makes fine punch.”, with *normal* **speech rate**, *higher* **pitch**, *louder* **loudness**, while **looking at the camera**, and *weak* **raised inner eyebrows**, *weak* **raised outer eyebrows**, *strong* **lowered brows**, *strong* **raised upper eyelids**, *weak* **tightened eyelids**, and *moderate* **blinking**."
S_07_01_07_1_1,07,fear,7,1,1,The box was thrown beside the parked truck.,normal,normal,normal,left,none,weak,none,weak,weak,none,none,none,none,none,none,none,none,none,none,none,none,none,"Actor 07 said “The box was thrown beside the parked truck.”, with *normal* **speech rate**, *normal* **pitch**, *normal* **loudness**, **gaze** *averted* (to their left), and *weak* **raised inner eyebrows**, *weak* **lowered brows**, and *weak* **raised upper eyelids**."
S_07_01_07_2_1,07,fear,7,2,1,The box was thrown beside the parked truck.,fast,higher,louder,left,none,strong,weak,strong,strong,none,weak,none,none,none,none,none,none,none,weak,strong,none,strong,"Actor 07 said “The box was thrown beside the parked truck.”, with *fast* **speech rate**, *higher* **pitch**, *louder* **loudness**, **gaze** *averted* (to their left), and *strong* **raised inner eyebrows**, *weak* **raised outer eyebrows**, *strong* **lowered brows**, *strong* **raised upper eyelids**, *weak* **tightened eyelids**, *weak* **tightened lips**, *strong* **parted lips**, and *strong* **blinking**."
S_07_01_08_1_1,07,fear,8,1,1,The hogs were fed chopped corn and garbage.,normal,normal,normal,left,none,weak,none,weak,weak,none,none,none,none,none,none,none,none,none,weak,none,none,none,"Actor 07 said “The hogs were fed chopped corn and garbage.”, with *normal* **speech rate**, *normal* **pitch**, *normal* **loudness**, **gaze** *averted* (to their left), and *weak* **raised inner eyebrows**, *weak* **lowered brows**, *weak* **raised upper eyelids**, and *weak* **tightened lips**."
S_07_01_08_2_1,07,fear,8,2,1,The hogs were fed chopped corn and garbage.,fast,higher,louder,right,none,weak,weak,strong,strong,none,weak,none,none,none,none,none,none,none,none,none,strong,moderate,"Actor 07 said “The hogs were fed chopped corn and garbage.”, with *fast* **speech rate**, *higher* **pitch**, *louder* **loudness**, **gaze** *averted* (to their right), and *weak* **raised inner eyebrows**, *weak* **raised outer eyebrows**, *strong* **lowered brows**, *strong* **raised upper eyelids**, *weak* **tightened eyelids**, *strong* **a dropped jaw**, and *moderate* **blinking**."
S_07_01_09_1_1,07,fear,9,1,1,Four hours of steady work faced us.,normal,normal,normal,left,none,weak,none,weak,weak,none,none,none,none,none,none,none,none,none,weak,none,none,none,"Actor 07 said “Four hours of steady work faced us.”, with *normal* **speech rate**, *normal* **pitch**, *normal* **loudness**, **gaze** *averted* (to their left), and *weak* **raised inner eyebrows**, *weak* **lowered brows**, *weak* **raised upper eyelids**, and *weak* **tightened lips**."
S_07_01_09_2_1,07,fear,9,2,1,Four hours of steady work faced us.,slow,lower,louder,front,none,strong,weak,strong,strong,none,weak,none,none,none,none,none,none,none,weak,strong,none,strong,"Actor 07 said “Four hours of steady work faced us.”, with *slow* **speech rate**, *lower* **pitch**, *louder* **loudness**, while **looking at the camera**, and *strong* **raised inner eyebrows**, *weak* **raised outer eyebrows**, *strong* **lowered brows**, *strong* **raised upper eyelids**, *weak* **tightened eyelids**, *weak* **tightened lips**, *strong* **parted lips**, and *strong* **blinking**."
S_07_01_10_1_1,07,fear,10,1,1,A large size in stockings is hard to sell.,normal,normal,normal,front,none,weak,none,weak,weak,none,none,none,none,none,none,none,none,none,weak,none,none,none,"Actor 07 said “A large size in stockings is hard to sell.”, with *normal* **speech rate**, *normal* **pitch**, *normal* **loudness**, while **looking at the camera**, and *weak* **raised inner eyebrows**, *weak* **lowered brows**, *weak* **raised upper eyelids**, and *weak* **tightened lips**."
S_07_01_10_2_1,07,fear,10,2,1,A large size in stockings is hard to sell.,normal,higher,louder,front,none,weak,weak,strong,moderate,none,moderate,none,weak,none,none,moderate,none,none,none,strong,moderate,moderate,"Actor 07 said “A large size in stockings is hard to sell.”, with *normal* **speech rate**, *higher* **pitch**, *louder* **loudness**, while **looking at the camera**, and *weak* **raised inner eyebrows**, *weak* **raised outer eyebrows**, *strong* **lowered brows**, *moderate* **raised upper eyelids**, *moderate* **tightened eyelids**, *weak* **raised upper lip**, *moderate* **downturned mouth corners**, *strong* **parted lips**, *moderate* **a dropped jaw**, and *moderate* **blinking**."
S_07_02_02_1_1,07,anger,2,1,1,Glue the sheet to the dark blue background.,normal,higher,louder,front,none,none,none,moderate,none,none,none,none,none,none,none,none,none,none,none,none,none,none,"Actor 07 said “Glue the sheet to the dark blue background.”, with *normal* **speech rate**, *higher* **pitch**, *louder* **loudness**, while **looking at the camera**, and *moderate* **lowered brows**."
S_07_02_02_2_1,07,anger,2,2,1,Glue the sheet to the dark blue background.,fast,higher,louder,front,none,strong,weak,strong,strong,none,strong,none,none,none,none,none,none,none,weak,strong,none,none,"Actor 07 said “Glue the sheet to the dark blue background.”, with *fast* **speech rate**, *higher* **pitch**, *louder* **loudness**, while **looking at the camera**, and *strong* **raised inner eyebrows**, *weak* **raised outer eyebrows**, *strong* **lowered brows**, *strong* **raised upper eyelids**, *strong* **tightened eyelids**, *weak* **tightened lips**, and *strong* **parted lips**."
S_07_02_03_2_1,07,anger,3,2,1,It's easy to tell the depth of a well.,fast,higher,louder,front,shaking,strong,none,strong,strong,none,strong,strong,none,none,none,none,none,none,none,none,none,moderate,"Actor 07 said “It's easy to tell the depth of a well.”, with *fast* **speech rate**, *higher* **pitch**, *louder* **loudness**, while **looking at the camera**, while *shaking* their **head**, and *strong* **raised inner eyebrows**, *strong* **lowered brows**, *strong* **raised upper eyelids**, *strong* **tightened eyelids**, *strong* **wrinkled nose**, and *moderate* **blinking**."
S_07_02_06_2_1,07,anger,6,2,1,The juice of lemons makes fine punch.,fast,higher,louder,left,shaking,strong,none,strong,strong,none,strong,strong,none,none,none,none,none,none,none,none,none,moderate,"Actor 07 said “The juice of lemons makes fine punch.”, with *fast* **speech rate**, *higher* **pitch**, *louder* **loudness**, **gaze** *averted* (to their left), while *shaking* their **head**, and *strong* **raised inner eyebrows**, *strong* **lowered brows**, *strong* **raised upper eyelids**, *strong* **tightened eyelids**, *strong* **wrinkled nose**, and *moderate* **blinking**."
S_07_02_08_1_1,07,anger,8,1,1,The hogs were fed chopped corn and garbage.,normal,higher,louder,front,none,weak,none,moderate,none,none,none,none,weak,none,none,weak,none,none,none,none,none,none,"Actor 07 said “The hogs were fed chopped corn and garbage.”, with *normal* **speech rate**, *higher* **pitch**, *louder* **loudness**, while **looking at the camera**, and *weak* **raised inner eyebrows**, *moderate* **lowered brows**, *weak* **raised upper lip**, and *weak* **downturned mouth corners**."
S_07_02_08_2_1,07,anger,8,2,1,The hogs were fed chopped corn and garbage.,fast,higher,louder,front,none,strong,weak,strong,strong,none,strong,none,none,none,none,strong,none,none,weak,strong,none,none,"Actor 07 said “The hogs were fed chopped corn and garbage.”, with *fast* **speech rate**, *higher* **pitch**, *louder* **loudness**, while **looking at the camera**, and *strong* **raised inner eyebrows**, *weak* **raised outer eyebrows**, *strong* **lowered brows**, *strong* **raised upper eyelids**, *strong* **tightened eyelids**, *strong* **downturned mouth corners**, *weak* **tightened lips**, and *strong* **parted lips**."
S_07_03_01_1_1,07,happiness,1,1,1,The birch canoe slid on the smooth planks.,normal,higher,normal,front,none,none,none,none,none,weak,none,none,none,weak,none,none,none,none,none,none,none,none,"Actor 07 said “The birch canoe slid on the smooth planks.”, with *normal* **speech rate**, *higher* **pitch**, *normal* **loudness**, while **looking at the camera**, and *weak* **raised cheeks** and *weak* **a smile**."
S_07_03_01_2_1,07,happiness,1,2,1,The birch canoe slid on the smooth planks.,fast,higher,louder,up,none,weak,weak,none,strong,strong,none,none,none,strong,weak,none,none,none,none,none,none,none,"Actor 07 said “The birch canoe slid on the smooth planks.”, with *fast* **speech rate**, *higher* **pitch**, *louder* **loudness**, **gaze** *averted* (upwards), and *weak* **raised inner eyebrows**, *weak* **raised outer eyebrows**, *strong* **raised upper eyelids**, *strong* **raised cheeks**, *strong* **a smile**, and *weak* **a tight smile**."
S_07_03_02_1_1,07,happiness,2,1,1,Glue the sheet to the dark blue background.,normal,higher,normal,front,none,none,none,none,none,weak,none,none,none,weak,none,none,none,none,none,none,none,none,"Actor 07 said “Glue the sheet to the dark blue background.”, with *normal* **speech rate**, *higher* **pitch**, *normal* **loudness**, while **looking at the camera**, and *weak* **raised cheeks** and *weak* **a smile**."
S_07_03_02_2_1,07,happiness,2,2,1,Glue the sheet to the dark blue background.,fast,higher,louder,up,none,none,none,none,strong,strong,weak,none,none,strong,weak,none,none,none,none,strong,none,none,"Actor 07 said “Glue the sheet to the dark blue background.”, with *fast* **speech rate**, *higher* **pitch**, *louder* **loudness**, **gaze** *averted* (upwards), and *strong* **raised upper eyelids**, *strong* **raised cheeks**, *weak* **tightened eyelids**, *strong* **a smile**, *weak* **a tight smile**, and *strong* **parted lips**."
S_07_03_03_1_1,07,happiness,3,1,1,It's easy to tell the depth of a well.,normal,higher,normal,front,none,none,none,none,none,weak,none,none,none,weak,none,none,none,none,none,none,none,none,"Actor 07 said “It's easy to tell the depth of a well.”, with *normal* **speech rate**, *higher* **pitch**, *normal* **loudness**, while **looking at the camera**, and *weak* **raised cheeks** and *weak* **a smile**."
S_07_03_03_2_1,07,happiness,3,2,1,It's easy to tell the depth of a well.,fast,higher,louder,up,none,weak,none,none,strong,strong,weak,none,none,strong,weak,none,none,none,none,none,none,none,"Actor 07 said “It's easy to tell the depth of a well.”, with *fast* **speech rate**, *higher* **pitch**, *louder* **loudness**, **gaze** *averted* (upwards), and *weak* **raised inner eyebrows**, *strong* **raised upper eyelids**, *strong* **raised cheeks**, *weak* **tightened eyelids**, *strong* **a smile**, and *weak* **a tight smile**."
S_07_03_04_1_1,07,happiness,4,1,1,These days a chicken leg is a rare dish.,normal,higher,normal,front,none,none,none,none,none,weak,none,none,none,weak,none,none,none,none,none,none,none,none,"Actor 07 said “These days a chicken leg is a rare dish.”, with *normal* **speech rate**, *higher* **pitch**, *normal* **loudness**, while **looking at the camera**, and *weak* **raised cheeks** and *weak* **a smile**."
S_07_03_04_2_1,07,happiness,4,2,1,These days a chicken leg is a rare dish.,fast,higher,louder,up,none,strong,weak,none,strong,strong,weak,none,none,strong,weak,none,none,none,none,strong,none,none,"Actor 07 said “These days a chicken leg is a rare dish.”, with *fast* **speech rate**, *higher* **pitch**, *louder* **loudness**, **gaze** *averted* (upwards), and *strong* **raised inner eyebrows**, *weak* **raised outer eyebrows**, *strong* **raised upper eyelids**, *strong* **raised cheeks**, *weak* **tightened eyelids**, *strong* **a smile**, *weak* **a tight smile**, and *strong* **parted lips**."
S_07_03_05_1_1,07,happiness,5,1,1,Rice is often served in round bowls.,normal,higher,normal,front,none,none,none,none,none,weak,none,none,none,weak,none,none,none,none,none,none,none,none,"Actor 07 said “Rice is often served in round bowls.”, with *normal* **speech rate**, *higher* **pitch**, *normal* **loudness**, while **looking at the camera**, and *weak* **raised cheeks** and *weak* **a smile**."
S_07_03_05_2_1,07,happiness,5,2,1,Rice is often served in round bowls.,normal,higher,louder,front,none,none,none,none,weak,strong,weak,none,none,strong,weak,none,none,none,none,none,none,none,"Actor 07 said “Rice is often served in round bowls.”, with *normal* **speech rate**, *higher* **pitch**, *louder* **loudness**, while **looking at the camera**, and *weak* **raised upper eyelids**, *strong* **raised cheeks**, *weak* **tightened eyelids**, *strong* **a smile**, and *weak* **a tight smile**."
S_07_03_06_1_1,07,happiness,6,1,1,The juice of lemons makes fine punch.,normal,higher,normal,front,none,none,none,none,none,weak,none,none,none,weak,none,none,none,none,none,none,none,none,"Actor 07 said “The juice of lemons makes fine punch.”, with *normal* **speech rate**, *higher* **pitch**, *normal* **loudness**, while **looking at the camera**, and *weak* **raised cheeks** and *weak* **a smile**."
S_07_03_06_2_1,07,happiness,6,2,1,The juice of lemons makes fine punch.,normal,higher,louder,front,none,none,none,none,weak,strong,weak,none,none,strong,none,none,none,none,none,none,none,none,"Actor 07 said “The juice of lemons makes fine punch.”, with *normal* **speech rate**, *higher* **pitch**, *louder* **loudness**, while **looking at the camera**, and *weak* **raised upper eyelids**, *strong* **raised cheeks**, *weak* **tightened eyelids**, and *strong* **a smile**."
S_07_03_07_1_1,07,happiness,7,1,1,The box was thrown beside the parked truck.,normal,higher,normal,front,none,none,none,none,none,weak,none,none,none,weak,none,none,none,none,none,none,none,none,"Actor 07 said “The box was thrown beside the parked truck.”, with *normal* **speech rate**, *higher* **pitch**, *normal* **loudness**, while **looking at the camera**, and *weak* **raised cheeks** and *weak* **a smile**."
S_07_03_07_2_1,07,happiness,7,2,1,The box was thrown beside the parked truck.,fast,higher,louder,up,none,weak,weak,none,strong,strong,weak,none,none,strong,weak,none,none,none,none,strong,none,none,"Actor 07 said “The box was thrown beside the parked truck.”, with *fast* **speech rate**, *higher* **pitch**, *louder* **loudness**, **gaze** *averted* (upwards), and *weak* **raised inner eyebrows**, *weak* **raised outer eyebrows**, *strong* **raised upper eyelids**, *strong* **raised cheeks**, *weak* **tightened eyelids**, *strong* **a smile**, *weak* **a tight smile**, and *strong* **parted lips**."
S_07_03_08_1_1,07,happiness,8,1,1,The hogs were fed chopped corn and garbage.,normal,higher,normal,front,none,none,none,none,none,weak,none,none,none,weak,none,none,none,none,none,none,none,none,"Actor 07 said “The hogs were fed chopped corn and garbage.”, with *normal* **speech rate**, *higher* **pitch**, *normal* **loudness**, while **looking at the camera**, and *weak* **raised cheeks** and *weak* **a smile**."
S_07_03_08_2_1,07,happiness,8,2,1,The hogs were fed chopped corn and garbage.,fast,higher,louder,front,none,none,none,none,strong,strong,weak,none,none,strong,weak,none,none,none,none,strong,none,none,"Actor 07 said “The hogs were fed chopped corn and garbage.”, with *fast* **speech rate**, *higher* **pitch**, *louder* **loudness**, while **looking at the camera**, and *strong* **raised upper eyelids**, *strong* **raised cheeks**, *weak* **tightened eyelids**, *strong* **a smile**, *weak* **a tight smile**, and *strong* **parted lips**."
S_07_03_09_1_1,07,happiness,9,1,1,Four hours of steady work faced us.,normal,higher,normal,front,none,none,none,none,none,weak,none,none,none,weak,none,none,none,none,none,none,none,none,"Actor 07 said “Four hours of steady work faced us.”, with *normal* **speech rate**, *higher* **pitch**, *normal* **loudness**, while **looking at the camera**, and *weak* **raised cheeks** and *weak* **a smile**."
S_07_03_10_1_1,07,happiness,10,1,1,A large size in stockings is hard to sell.,normal,higher,normal,front,none,none,none,none,none,weak,none,none,none,weak,none,none,none,none,none,none,none,none,"Actor 07 said “A large size in stockings is hard to sell.”, with *normal* **speech rate**, *higher* **pitch**, *normal* **loudness**, while **looking at the camera**, and *weak* **raised cheeks** and *weak* **a smile**."
S_07_04_01_1_1,07,sadness,1,1,1,The birch canoe slid on the smooth planks.,slow,lower,quieter,down,none,weak,none,weak,none,none,weak,none,none,none,none,weak,weak,none,none,none,none,moderate,"Actor 07 said “The birch canoe slid on the smooth planks.”, with *slow* **speech rate**, *lower* **pitch**, *quieter* **loudness**, **gaze** *averted* (downwards), and *weak* **raised inner eyebrows**, *weak* **lowered brows**, *weak* **tightened eyelids**, *weak* **downturned mouth corners**, *weak* **raised chin**, and *moderate* **blinking**."
S_07_04_01_2_1,07,sadness,1,2,1,The birch canoe slid on the smooth planks.,slow,lower,quieter,down,none,strong,none,strong,weak,none,weak,none,none,none,none,strong,none,none,weak,weak,none,strong,"Actor 07 said “The birch canoe slid on the smooth planks.”, with *slow* **speech rate**, *lower* **pitch**, *quieter* **loudness**, **gaze** *averted* (downwards), and *strong* **raised inner eyebrows**, *strong* **lowered brows**, *weak* **raised upper eyelids**, *weak* **tightened eyelids**, *strong* **downturned mouth corners**, *weak* **tightened lips**, *weak* **parted lips**, and *strong* **blinking**."
S_07_04_02_1_1,07,sadness,2,1,1,Glue the sheet to the dark blue background.,slow,lower,quieter,down,none,weak,none,weak,none,none,weak,none,none,none,none,weak,weak,none,none,none,none,moderate,"Actor 07 said “Glue the sheet to the dark blue background.”, with *slow* **speech rate**, *lower* **pitch**, *quieter* **loudness**, **gaze** *averted* (downwards), and *weak* **raised inner eyebrows**, *weak* **lowered brows**, *weak* **tightened eyelids**, *weak* **downturned mouth corners**, *weak* **raised chin**, and *moderate* **blinking**."
S_07_04_02_2_1,07,sadness,2,2,1,Glue the sheet to the dark blue background.,slow,lower,quieter,down,none,moderate,none,strong,none,none,none,none,weak,none,none,strong,none,none,weak,weak,none,strong,"Actor 07 said “Glue the sheet to the dark blue background.”, with *slow* **speech rate**, *lower* **pitch**, *quieter* **loudness**, **gaze** *averted* (downwards), and *moderate* **raised inner eyebrows**, *strong* **lowered brows**, *weak* **raised upper lip**, *strong* **downturned mouth corners**, *weak* **tightened lips**, *weak* **parted lips**, and *strong* **blinking**."
S_07_04_03_1_1,07,sadness,3,1,1,It's easy to tell the depth of a well.,slow,lower,quieter,down,none,weak,none,weak,none,none,none,none,none,none,none,weak,none,none,none,weak,none,none,"Actor 07 said “It's easy to tell the depth of a well.”, with *slow* **speech rate**, *lower* **pitch**, *quieter* **loudness**, **gaze** *averted* (downwards), and *weak* **raised inner eyebrows**, *weak* **lowered brows**, *weak* **downturned mouth corners**, and *weak* **parted lips**."
S_07_04_03_2_1,07,sadness,3,2,1,It's easy to tell the depth of a well.,slow,lower,quieter,down,none,strong,none,strong,weak,none,weak,none,none,none,none,strong,none,none,weak,weak,none,strong,"Actor 07 said “It's easy to tell the depth of a well.”, with *slow* **speech rate**, *lower* **pitch**, *quieter* **loudness**, **gaze** *averted* (downwards), and *strong* **raised inner eyebrows**, *strong* **lowered brows**, *weak* **raised upper eyelids**, *weak* **tightened eyelids**, *strong* **downturned mouth corners**, *weak* **tightened lips**, *weak* **parted lips**, and *strong* **blinking**."
S_07_04_04_1_1,07,sadness,4,1,1,These days a chicken leg is a rare dish.,slow,lower,quieter,down,none,weak,none,weak,none,none,none,none,none,none,none,weak,weak,none,none,none,none,moderate,"Actor 07 said “These days a chicken leg is a rare dish.”, with *slow* **speech rate**, *lower* **pitch**, *quieter* **loudness**, **gaze** *averted* (downwards), and *weak* **raised inner eyebrows**, *weak* **lowered brows**, *weak* **downturned mouth corners**, *weak* **raised chin**, and *moderate* **blinking**."
S_07_04_04_2_1,07,sadness,4,2,1,These days a chicken leg is a rare dish.,slow,lower,quieter,down,none,strong,none,strong,none,none,weak,none,none,none,none,moderate,none,none,none,moderate,none,none,"Actor 07 said “These days a chicken leg is a rare dish.”, with *slow* **speech rate**, *lower* **pitch**, *quieter* **loudness**, **gaze** *averted* (downwards), and *strong* **raised inner eyebrows**, *strong* **lowered brows**, *weak* **tightened eyelids**, *moderate* **downturned mouth corners**, and *moderate* **parted lips**."
S_07_04_05_1_1,07,sadness,5,1,1,Rice is often served in round bowls.,slow,lower,quieter,down,none,weak,none,weak,none,none,weak,none,none,none,none,weak,weak,none,none,none,none,moderate,"Actor 07 said “Rice is often served in round bowls.”, with *slow* **speech rate**, *lower* **pitch**, *quieter* **loudness**, **gaze** *averted* (downwards), and *weak* **raised inner eyebrows**, *weak* **lowered brows**, *weak* **tightened eyelids**, *weak* **downturned mouth corners**, *weak* **raised chin**, and *moderate* **blinking**."
S_07_04_05_2_1,07,sadness,5,2,1,Rice is often served in round bowls.,slow,lower,quieter,down,none,strong,none,strong,weak,none,weak,none,none,none,none,strong,none,none,weak,weak,none,strong,"Actor 07 said “Rice is often served in round bowls.”, with *slow* **speech rate**, *lower* **pitch**, *quieter* **loudness**, **gaze** *averted* (downwards), and *strong* **raised inner eyebrows**, *strong* **lowered brows**, *weak* **raised upper eyelids**, *weak* **tightened eyelids**, *strong* **downturned mouth corners**, *weak* **tightened lips**, *weak* **parted lips**, and *strong* **blinking**."
S_07_04_06_1_1,07,sadness,6,1,1,The juice of lemons makes fine punch.,slow,lower,quieter,down,none,weak,none,weak,none,none,weak,none,none,none,none,weak,weak,none,none,none,none,moderate,"Actor 07 said “The juice of lemons makes fine punch.”, with *slow* **speech rate**, *lower* **pitch**, *quieter* **loudness**, **gaze** *averted* (downwards), and *weak* **raised inner eyebrows**, *weak* **lowered brows**, *weak* **tightened eyelids**, *weak* **downturned mouth corners**, *weak* **raised chin**, and *moderate* **blinking**."
S_07_04_06_2_1,07,sadness,6,2,1,The juice of lemons makes fine punch.,slow,lower,quieter,down,none,strong,none,strong,none,none,none,none,none,none,none,strong,none,none,none,none,none,strong,"Actor 07 said “The juice of lemons makes fine punch.”, with *slow* **speech rate**, *lower* **pitch**, *quieter* **loudness**, **gaze** *averted* (downwards), and *strong* **raised inner eyebrows**, *strong* **lowered brows**, *strong* **downturned mouth corners**, and *strong* **blinking**."
S_07_04_07_1_1,07,sadness,7,1,1,The box was thrown beside the parked truck.,slow,lower,quieter,down,none,weak,none,weak,none,none,none,none,none,none,none,weak,none,none,none,none,none,moderate,"Actor 07 said “The box was thrown beside the parked truck.”, with *slow* **speech rate**, *lower* **pitch**, *quieter* **loudness**, **gaze** *averted* (downwards), and *weak* **raised inner eyebrows**, *weak* **lowered brows**, *weak* **downturned mouth corners**, and *moderate* **blinking**."
S_07_04_07_2_1,07,sadness,7,2,1,The box was thrown beside the parked truck.,slow,lower,quieter,down,none,moderate,none,strong,none,none,weak,none,none,none,none,strong,none,none,weak,weak,none,strong,"Actor 07 said “The box was thrown beside the parked truck.”, with *slow* **speech rate**, *lower* **pitch**, *quieter* **loudness**, **gaze** *averted* (downwards), and *moderate* **raised inner eyebrows**, *strong* **lowered brows**, *weak* **tightened eyelids**, *strong* **downturned mouth corners**, *weak* **tightened lips**, *weak* **parted lips**, and *strong* **blinking**."
S_07_04_08_1_1,07,sadness,8,1,1,The hogs were fed chopped corn and garbage.,slow,lower,quieter,down,none,weak,none,weak,none,none,weak,none,none,none,none,weak,weak,none,none,none,none,moderate,"Actor 07 said “The hogs were fed chopped corn and garbage.”, with *slow* **speech rate**, *lower* **pitch**, *quieter* **loudness**, **gaze** *averted* (downwards), and *weak* **raised inner eyebrows**, *weak* **lowered brows**, *weak* **tightened eyelids**, *weak* **downturned mouth corners**, *weak* **raised chin**, and *moderate* **blinking**."
S_07_04_08_2_1,07,sadness,8,2,1,The hogs were fed chopped corn and garbage.,slow,lower,quieter,down,none,strong,weak,strong,weak,none,weak,none,none,none,none,strong,none,none,weak,weak,none,strong,"Actor 07 said “The hogs were fed chopped corn and garbage.”, with *slow* **speech rate**, *lower* **pitch**, *quieter* **loudness**, **gaze** *averted* (downwards), and *strong* **raised inner eyebrows**, *weak* **raised outer eyebrows**, *strong* **lowered brows**, *weak* **raised upper eyelids**, *weak* **tightened eyelids**, *strong* **downturned mouth corners**, *weak* **tightened lips**, *weak* **parted lips**, and *strong* **blinking**."
S_07_04_09_1_1,07,sadness,9,1,1,Four hours of steady work faced us.,slow,lower,quieter,down,none,weak,none,weak,none,none,weak,none,none,none,none,weak,weak,none,none,none,none,weak,"Actor 07 said “Four hours of steady work faced us.”, with *slow* **speech rate**, *lower* **pitch**, *quieter* **loudness**, **gaze** *averted* (downwards), and *weak* **raised inner eyebrows**, *weak* **lowered brows**, *weak* **tightened eyelids**, *weak* **downturned mouth corners**, *weak* **raised chin**, and *weak* **blinking**."
S_07_04_09_2_1,07,sadness,9,2,1,Four hours of steady work faced us.,slow,lower,quieter,down,none,strong,none,strong,weak,none,weak,none,none,none,none,strong,none,none,weak,weak,none,none,"Actor 07 said “Four hours of steady work faced us.”, with *slow* **speech rate**, *lower* **pitch**, *quieter* **loudness**, **gaze** *averted* (downwards), and *strong* **raised inner eyebrows**, *strong* **lowered brows**, *weak* **raised upper eyelids**, *weak* **tightened eyelids**, *strong* **downturned mouth corners**, *weak* **tightened lips**, and *weak* **parted lips**."
S_07_04_10_1_1,07,sadness,10,1,1,A large size in stockings is hard to sell.,slow,lower,quieter,down,none,weak,none,weak,none,none,none,none,none,none,none,weak,weak,none,none,none,none,moderate,"Actor 07 said “A large size in stockings is hard to sell.”, with *slow* **speech rate**, *lower* **pitch**, *quieter* **loudness**, **gaze** *averted* (downwards), and *weak* **raised inner eyebrows**, *weak* **lowered brows**, *weak* **downturned mouth corners**, *weak* **raised chin**, and *moderate* **blinking**."
S_07_04_10_2_1,07,sadness,10,2,1,A large size in stockings is hard to sell.,slow,lower,quieter,down,none,strong,none,strong,weak,none,weak,none,none,none,none,strong,none,none,weak,weak,none,strong,"Actor 07 said “A large size in stockings is hard to sell.”, with *slow* **speech rate**, *lower* **pitch**, *quieter* **loudness**, **gaze** *averted* (downwards), and *strong* **raised inner eyebrows**, *strong* **lowered brows**, *weak* **raised upper eyelids**, *weak* **tightened eyelids**, *strong* **downturned mouth corners**, *weak* **tightened lips**, *weak* **parted lips**, and *strong* **blinking**."
S_07_05_01_1_1,07,disgust,1,1,1,The birch canoe slid on the smooth planks.,normal,lower,normal,down,none,weak,none,weak,none,none,none,weak,none,none,none,none,none,none,weak,none,none,none,"Actor 07 said “The birch canoe slid on the smooth planks.”, with *normal* **speech rate**, *lower* **pitch**, *normal* **loudness**, **gaze** *averted* (downwards), and *weak* **raised inner eyebrows**, *weak* **lowered brows**, *weak* **wrinkled nose**, and *weak* **tightened lips**."
S_07_05_02_1_1,07,disgust,2,1,1,Glue the sheet to the dark blue background.,normal,normal,normal,down,none,none,none,weak,none,none,none,moderate,none,none,none,none,none,none,none,none,none,none,"Actor 07 said “Glue the sheet to the dark blue background.”, with *normal* **speech rate**, *normal* **pitch**, *normal* **loudness**, **gaze** *averted* (downwards), and *weak* **lowered brows** and *moderate* **wrinkled nose**."
S_07_05_03_1_1,07,disgust,3,1,1,It's easy to tell the depth of a well.,slow,lower,normal,front,none,weak,none,moderate,none,none,none,weak,weak,none,none,none,none,none,none,none,none,weak,"Actor 07 said “It's easy to tell the depth of a well.”, with *slow* **speech rate**, *lower* **pitch**, *normal* **loudness**, while **looking at the camera**, and *weak* **raised inner eyebrows**, *moderate* **lowered brows**, *weak* **wrinkled nose**, *weak* **raised upper lip**, and *weak* **blinking**."
S_07_05_04_1_1,07,disgust,4,1,1,These days a chicken leg is a rare dish.,normal,normal,normal,down,none,none,none,weak,none,none,none,weak,weak,none,none,none,none,none,none,none,none,none,"Actor 07 said “These days a chicken leg is a rare dish.”, with *normal* **speech rate**, *normal* **pitch**, *normal* **loudness**, **gaze** *averted* (downwards), and *weak* **lowered brows**, *weak* **wrinkled nose**, and *weak* **raised upper lip**."
S_07_05_05_1_1,07,disgust,5,1,1,Rice is often served in round bowls.,normal,normal,normal,down,none,weak,none,weak,none,none,none,weak,none,none,none,none,none,none,none,none,none,none,"Actor 07 said “Rice is often served in round bowls.”, with *normal* **speech rate**, *normal* **pitch**, *normal* **loudness**, **gaze** *averted* (downwards), and *weak* **raised inner eyebrows**, *weak* **lowered brows**, and *weak* **wrinkled nose**."
S_07_05_06_1_1,07,disgust,6,1,1,The juice of lemons makes fine punch.,slow,lower,quieter,front,none,weak,none,weak,none,none,weak,strong,none,none,none,none,weak,none,none,none,none,weak,"Actor 07 said “The juice of lemons makes fine punch.”, with *slow* **speech rate**, *lower* **pitch**, *quieter* **loudness**, while **looking at the camera**, and *weak* **raised inner eyebrows**, *weak* **lowered brows**, *weak* **tightened eyelids**, *strong* **wrinkled nose**, *weak* **raised chin**, and *weak* **blinking**."
S_07_05_07_1_1,07,disgust,7,1,1,The box was thrown beside the parked truck.,normal,normal,normal,down,none,weak,none,weak,none,none,none,weak,none,none,none,none,none,none,weak,none,none,none,"Actor 07 said “The box was thrown beside the parked truck.”, with *normal* **speech rate**, *normal* **pitch**, *normal* **loudness**, **gaze** *averted* (downwards), and *weak* **raised inner eyebrows**, *weak* **lowered brows**, *weak* **wrinkled nose**, and *weak* **tightened lips**."
S_07_05_08_1_1,07,disgust,8,1,1,The hogs were fed chopped corn and garbage.,normal,normal,normal,down,none,none,none,weak,none,none,none,weak,none,none,none,none,none,none,none,none,none,none,"Actor 07 said “The hogs were fed chopped corn and garbage.”, with *normal* **speech rate**, *normal* **pitch**, *normal* **loudness**, **gaze** *averted* (downwards), and *weak* **lowered brows** and *weak* **wrinkled nose**."
S_07_05_08_2_1,07,disgust,8,2,1,The hogs were fed chopped corn and garbage.,normal,higher,louder,front,none,strong,none,strong,strong,none,none,strong,none,none,none,none,none,none,none,none,none,none,"Actor 07 said “The hogs were fed chopped corn and garbage.”, with *normal* **speech rate**, *higher* **pitch**, *louder* **loudness**, while **looking at the camera**, and *strong* **raised inner eyebrows**, *strong* **lowered brows**, *strong* **raised upper eyelids**, and *strong* **wrinkled nose**."
S_07_05_09_1_1,07,disgust,9,1,1,Four hours of steady work faced us.,normal,normal,normal,down,none,weak,none,weak,none,none,none,moderate,weak,none,none,none,none,none,none,none,none,none,"Actor 07 said “Four hours of steady work faced us.”, with *normal* **speech rate**, *normal* **pitch**, *normal* **loudness**, **gaze** *averted* (downwards), and *weak* **raised inner eyebrows**, *weak* **lowered brows**, *moderate* **wrinkled nose**, and *weak* **raised upper lip**."
S_07_05_10_1_1,07,disgust,10,1,1,A large size in stockings is hard to sell.,normal,normal,normal,left,none,none,none,weak,none,none,none,weak,none,none,none,none,none,none,weak,none,none,none,"Actor 07 said “A large size in stockings is hard to sell.”, with *normal* **speech rate**, *normal* **pitch**, *normal* **loudness**, **gaze** *averted* (to their left), and *weak* **lowered brows**, *weak* **wrinkled nose**, and *weak* **tightened lips**."
S_07_05_10_2_1,07,disgust,10,2,1,A large size in stockings is hard to sell.,normal,higher,louder,front,none,strong,none,strong,moderate,none,none,strong,moderate,none,none,strong,none,none,none,strong,moderate,moderate,"Actor 07 said “A large size in stockings is hard to sell.”, with *normal* **speech rate**, *higher* **pitch**, *louder* **loudness**, while **looking at the camera**, and *strong* **raised inner eyebrows**, *strong* **lowered brows**, *moderate* **raised upper eyelids**, *strong* **wrinkled nose**, *moderate* **raised upper lip**, *strong* **downturned mouth corners**, *strong* **parted lips**, *moderate* **a dropped jaw**, and *moderate* **blinking**."
S_07_06_01_1_1,07,surprise,1,1,1,The birch canoe slid on the smooth planks.,normal,higher,normal,front,none,weak,none,none,weak,none,none,none,none,none,none,none,none,none,none,none,none,none,"Actor 07 said “The birch canoe slid on the smooth planks.”, with *normal* **speech rate**, *higher* **pitch**, *normal* **loudness**, while **looking at the camera**, and *weak* **raised inner eyebrows** and *weak* **raised upper eyelids**."
S_07_06_01_2_1,07,surprise,1,2,1,The birch canoe slid on the smooth planks.,fast,higher,louder,front,none,strong,weak,strong,strong,none,weak,none,none,none,none,none,none,none,none,strong,none,none,"Actor 07 said “The birch canoe slid on the smooth planks.”, with *fast* **speech rate**, *higher* **pitch**, *louder* **loudness**, while **looking at the camera**, and *strong* **raised inner eyebrows**, *weak* **raised outer eyebrows**, *strong* **lowered brows**, *strong* **raised upper eyelids**, *weak* **tightened eyelids**, and *strong* **parted lips**."
S_07_06_02_1_1,07,surprise,2,1,1,Glue the sheet to the dark blue background.,normal,higher,normal,front,none,weak,none,none,weak,none,none,none,none,none,none,none,none,none,none,none,none,none,"Actor 07 said “Glue the sheet to the dark blue background.”, with *normal* **speech rate**, *higher* **pitch**, *normal* **loudness**, while **looking at the camera**, and *weak* **raised inner eyebrows** and *weak* **raised upper eyelids**."
S_07_06_02_2_1,07,surprise,2,2,1,Glue the sheet to the dark blue background.,fast,higher,louder,front,none,strong,weak,strong,strong,none,weak,none,none,none,none,none,none,none,none,strong,none,none,"Actor 07 said “Glue the sheet to the dark blue background.”, with *fast* **speech rate**, *higher* **pitch**, *louder* **loudness**, while **looking at the camera**, and *strong* **raised inner eyebrows**, *weak* **raised outer eyebrows**, *strong* **lowered brows**, *strong* **raised upper eyelids**, *weak* **tightened eyelids**, and *strong* **parted lips**."
S_07_06_03_1_1,07,surprise,3,1,1,It's easy to tell the depth of a well.,fast,higher,louder,front,none,weak,weak,none,weak,none,weak,none,none,none,none,none,none,none,none,none,none,none,"Actor 07 said “It's easy to tell the depth of a well.”, with *fast* **speech rate**, *higher* **pitch**, *louder* **loudness**, while **looking at the camera**, and *weak* **raised inner eyebrows**, *weak* **raised outer eyebrows**, *weak* **raised upper eyelids**, and *weak* **tightened eyelids**."
S_07_06_03_2_1,07,surprise,3,2,1,It's easy to tell the depth of a well.,fast,higher,louder,front,none,strong,weak,strong,strong,none,weak,none,none,none,none,none,none,none,none,strong,none,none,"Actor 07 said “It's easy to tell the depth of a well.”, with *fast* **speech rate**, *higher* **pitch**, *louder* **loudness**, while **looking at the camera**, and *strong* **raised inner eyebrows**, *weak* **raised outer eyebrows**, *strong* **lowered brows**, *strong* **raised upper eyelids**, *weak* **tightened eyelids**, and *strong* **parted lips**."
S_07_06_04_1_1,07,surprise,4,1,1,These days a chicken leg is a rare dish.,normal,higher,normal,front,none,weak,none,none,weak,none,none,none,none,none,none,none,none,none,none,none,none,none,"Actor 07 said “These days a chicken leg is a rare dish.”, with *normal* **speech rate**, *higher* **pitch**, *normal* **loudness**, while **looking at the camera**, and *weak* **raised inner eyebrows** and *weak* **raised upper eyelids**."
S_07_06_04_2_1,07,surprise,4,2,1,These days a chicken leg is a rare dish.,fast,higher,louder,front,none,strong,weak,strong,strong,none,none,none,none,none,none,none,none,none,none,strong,none,none,"Actor 07 said “These days a chicken leg is a rare dish.”, with *fast* **speech rate**, *higher* **pitch**, *louder* **loudness**, while **looking at the camera**, and *strong* **raised inner eyebrows**, *weak* **raised outer eyebrows**, *strong* **lowered brows**, *strong* **raised upper eyelids**, and *strong* **parted lips**."
S_07_06_05_1_1,07,surprise,5,1,1,Rice is often served in round bowls.,normal,higher,normal,front,none,weak,none,none,weak,none,none,none,none,none,none,none,none,none,none,weak,none,none,"Actor 07 said “Rice is often served in round bowls.”, with *normal* **speech rate**, *higher* **pitch**, *normal* **loudness**, while **looking at the camera**, and *weak* **raised inner eyebrows**, *weak* **raised upper eyelids**, and *weak* **parted lips**."
S_07_06_05_2_1,07,surprise,5,2,1,Rice is often served in round bowls.,fast,higher,louder,front,none,strong,weak,strong,strong,none,none,none,none,none,none,none,none,none,none,strong,none,none,"Actor 07 said “Rice is often served in round bowls.”, with *fast* **speech rate**, *higher* **pitch**, *louder* **loudness**, while **looking at the camera**, and *strong* **raised inner eyebrows**, *weak* **raised outer eyebrows**, *strong* **lowered brows**, *strong* **raised upper eyelids**, and *strong* **parted lips**."
S_07_06_06_1_1,07,surprise,6,1,1,The juice of lemons makes fine punch.,normal,higher,normal,front,none,weak,weak,none,weak,none,none,none,none,none,none,none,none,none,none,none,none,none,"Actor 07 said “The juice of lemons makes fine punch.”, with *normal* **speech rate**, *higher* **pitch**, *normal* **loudness**, while **looking at the camera**, and *weak* **raised inner eyebrows**, *weak* **raised outer eyebrows**, and *weak* **raised upper eyelids**."
S_07_06_06_2_1,07,surprise,6,2,1,The juice of lemons makes fine punch.,fast,higher,louder,front,none,strong,weak,none,strong,none,none,none,none,none,none,none,none,none,none,strong,none,none,"Actor 07 said “The juice of lemons makes fine punch.”, with *fast* **speech rate**, *higher* **pitch**, *louder* **loudness**, while **looking at the camera**, and *strong* **raised inner eyebrows**, *weak* **raised outer eyebrows**, *strong* **raised upper eyelids**, and *strong* **parted lips**."
S_07_06_07_1_1,07,surprise,7,1,1,The box was thrown beside the parked truck.,normal,higher,normal,front,none,weak,weak,none,weak,none,none,none,none,none,none,none,none,none,none,none,none,none,"Actor 07 said “The box was thrown beside the parked truck.”, with *normal* **speech rate**, *higher* **pitch**, *normal* **loudness**, while **looking at the camera**, and *weak* **raised inner eyebrows**, *weak* **raised outer eyebrows**, and *weak* **raised upper eyelids**."
S_07_06_07_2_1,07,surprise,7,2,1,The box was thrown beside the parked truck.,fast,higher,louder,front,none,strong,weak,strong,strong,none,weak,none,none,none,none,none,none,none,none,strong,none,none,"Actor 07 said “The box was thrown beside the parked truck.”, with *fast* **speech rate**, *higher* **pitch**, *louder* **loudness**, while **looking at the camera**, and *strong* **raised inner eyebrows**, *weak* **raised outer eyebrows**, *strong* **lowered brows**, *strong* **raised upper eyelids**, *weak* **tightened eyelids**, and *strong* **parted lips**."
S_07_06_08_1_1,07,surprise,8,1,1,The hogs were fed chopped corn and garbage.,normal,higher,normal,front,none,weak,none,none,weak,none,none,none,none,none,none,none,none,none,none,none,none,none,"Actor 07 said “The hogs were fed chopped corn and garbage.”, with *normal* **speech rate**, *higher* **pitch**, *normal* **loudness**, while **looking at the camera**, and *weak* **raised inner eyebrows** and *weak* **raised upper eyelids**."
S_07_06_08_2_1,07,surprise,8,2,1,The hogs were fed chopped corn and garbage.,fast,higher,louder,front,none,strong,weak,none,strong,none,none,none,none,none,none,none,none,none,none,strong,none,none,"Actor 07 said “The hogs were fed chopped corn and garbage.”, with *fast* **speech rate**, *higher* **pitch**, *louder* **loudness**, while **looking at the camera**, and *strong* **raised inner eyebrows**, *weak* **raised outer eyebrows**, *strong* **raised upper eyelids**, and *strong* **parted lips**."
S_07_06_09_1_1,07,surprise,9,1,1,Four hours of steady work faced us.,normal,higher,normal,front,none,weak,weak,none,weak,none,none,none,none,none,none,none,none,none,none,none,none,none,"Actor 07 said “Four hours of steady work faced us.”, with *normal* **speech rate**, *higher* **pitch**, *normal* **loudness**, while **looking at the camera**, and *weak* **raised inner eyebrows**, *weak* **raised outer eyebrows**, and *weak* **raised upper eyelids**."
S_07_06_09_2_1,07,surprise,9,2,1,Four hours of steady work faced us.,fast,higher,louder,front,none,strong,weak,none,strong,none,none,none,none,none,none,none,none,none,none,strong,none,none,"Actor 07 said “Four hours of steady work faced us.”, with *fast* **speech rate**, *higher* **pitch**, *louder* **loudness**, while **looking at the camera**, and *strong* **raised inner eyebrows**, *weak* **raised outer eyebrows**, *strong* **raised upper eyelids**, and *strong* **parted lips**."
S_07_06_10_1_1,07,surprise,10,1,1,A large size in stockings is hard to sell.,normal,higher,normal,front,none,weak,none,none,weak,none,none,none,none,none,none,none,none,none,none,weak,none,none,"Actor 07 said “A large size in stockings is hard to sell.”, with *normal* **speech rate**, *higher* **pitch**, *normal* **loudness**, while **looking at the camera**, and *weak* **raised inner eyebrows**, *weak* **raised upper eyelids**, and *weak* **parted lips**."
S_07_06_10_2_1,07,surprise,10,2,1,A large size in stockings is hard to sell.,fast,higher,louder,front,none,strong,weak,none,strong,none,none,none,none,none,none,none,none,none,none,strong,none,none,"Actor 07 said “A large size in stockings is hard to sell.”, with *fast* **speech rate**, *higher* **pitch**, *louder* **loudness**, while **looking at the camera**, and *strong* **raised inner eyebrows**, *weak* **raised outer eyebrows**, *strong* **raised upper eyelids**, and *strong* **parted lips**."
S_07_07_01_1_1,07,confidence,1,1,1,The birch canoe slid on the smooth planks.,normal,normal,normal,front,none,none,none,none,none,none,none,none,none,weak,none,none,none,none,none,none,none,none,"Actor 07 said “The birch canoe slid on the smooth planks.”, with *normal* **speech rate**, *normal* **pitch**, *normal* **loudness**, while **looking at the camera**, and *weak* **a smile**."
S_07_07_01_2_1,07,confidence,1,2,1,The birch canoe slid on the smooth planks.,normal,higher,louder,front,none,none,none,none,none,none,none,none,none,none,weak,none,moderate,none,none,none,none,none,"Actor 07 said “The birch canoe slid on the smooth planks.”, with *normal* **speech rate**, *higher* **pitch**, *louder* **loudness**, while **looking at the camera**, and *weak* **a tight smile** and *moderate* **raised chin**."
S_07_07_02_1_1,07,confidence,2,1,1,Glue the sheet to the dark blue background.,normal,normal,normal,front,none,none,none,none,none,none,none,none,none,none,none,none,none,none,none,none,none,none,"Actor 07 said “Glue the sheet to the dark blue background.”, with *normal* **speech rate**, *normal* **pitch**, *normal* **loudness**, and while **looking at the camera**."
S_07_07_02_2_1,07,confidence,2,2,1,Glue the sheet to the dark blue background.,normal,normal,normal,front,none,none,none,none,none,none,none,none,none,none,none,none,none,none,none,none,none,none,"Actor 07 said “Glue the sheet to the dark blue background.”, with *normal* **speech rate**, *normal* **pitch**, *normal* **loudness**, and while **looking at the camera**."
S_07_07_03_1_1,07,confidence,3,1,1,It's easy to tell the depth of a well.,normal,normal,normal,front,none,none,none,none,none,none,none,none,none,none,none,none,none,none,none,none,none,none,"Actor 07 said “It's easy to tell the depth of a well.”, with *normal* **speech rate**, *normal* **pitch**, *normal* **loudness**, and while **looking at the camera**."
S_07_07_03_2_1,07,confidence,3,2,1,It's easy to tell the depth of a well.,normal,higher,louder,front,none,none,none,none,none,none,none,none,none,strong,none,none,none,none,none,none,none,none,"Actor 07 said “It's easy to tell the depth of a well.”, with *normal* **speech rate**, *higher* **pitch**, *louder* **loudness**, while **looking at the camera**, and *strong* **a smile**."
S_07_07_04_1_1,07,confidence,4,1,1,These days a chicken leg is a rare dish.,normal,normal,normal,front,none,none,none,none,none,none,none,none,none,none,none,none,none,none,none,none,none,none,"Actor 07 said “These days a chicken leg is a rare dish.”, with *normal* **speech rate**, *normal* **pitch**, *normal* **loudness**, and while **looking at the camera**."
S_07_07_04_2_1,07,confidence,4,2,1,These days a chicken leg is a rare dish.,normal,higher,louder,front,none,none,none,none,none,none,none,none,none,none,weak,none,moderate,none,none,none,none,none,"Actor 07 said “These days a chicken leg is a rare dish.”, with *normal* **speech rate**, *higher* **pitch**, *louder* **loudness**, while **looking at the camera**, and *weak* **a tight smile** and *moderate* **raised chin**."
S_07_07_05_1_1,07,confidence,5,1,1,Rice is often served in round bowls.,normal,normal,normal,front,none,none,none,none,none,none,none,none,none,none,none,none,none,none,none,none,none,none,"Actor 07 said “Rice is often served in round bowls.”, with *normal* **speech rate**, *normal* **pitch**, *normal* **loudness**, and while **looking at the camera**."
S_07_07_05_2_1,07,confidence,5,2,1,Rice is often served in round bowls.,normal,higher,louder,front,none,none,none,none,none,none,none,none,none,strong,none,none,weak,none,none,none,none,none,"Actor 07 said “Rice is often served in round bowls.”, with *normal* **speech rate**, *higher* **pitch**, *louder* **loudness**, while **looking at the camera**, and *strong* **a smile** and *weak* **raised chin**."
S_07_07_06_1_1,07,confidence,6,1,1,The juice of lemons makes fine punch.,normal,normal,normal,front,none,none,none,none,none,none,none,none,none,none,none,none,none,none,none,none,none,none,"Actor 07 said “The juice of lemons makes fine punch.”, with *normal* **speech rate**, *normal* **pitch**, *normal* **loudness**, and while **looking at the camera**."
S_07_07_06_2_1,07,confidence,6,2,1,The juice of lemons makes fine punch.,normal,normal,normal,front,none,none,none,none,none,none,none,none,none,strong,none,none,none,none,none,none,none,none,"Actor 07 said “The juice of lemons makes fine punch.”, with *normal* **speech rate**, *normal* **pitch**, *normal* **loudness**, while **looking at the camera**, and *strong* **a smile**."
S_07_07_07_1_1,07,confidence,7,1,1,The box was thrown beside the parked truck.,normal,normal,normal,front,none,none,none,none,none,none,none,none,none,none,none,none,none,none,none,none,none,none,"Actor 07 said “The box was thrown beside the parked truck.”, with *normal* **speech rate**, *normal* **pitch**, *normal* **loudness**, and while **looking at the camera**."
S_07_07_07_2_1,07,confidence,7,2,1,The box was thrown beside the parked truck.,normal,higher,louder,front,none,none,none,none,none,none,none,none,none,strong,none,none,weak,none,none,none,none,none,"Actor 07 said “The box was thrown beside the parked truck.”, with *normal* **speech rate**, *higher* **pitch**, *louder* **loudness**, while **looking at the camera**, and *strong* **a smile** and *weak* **raised chin**."
S_07_07_08_1_1,07,confidence,8,1,1,The hogs were fed chopped corn and garbage.,normal,normal,normal,front,none,none,none,none,none,none,none,none,none,none,none,none,none,none,none,none,none,none,"Actor 07 said “The hogs were fed chopped corn and garbage.”, with *normal* **speech rate**, *normal* **pitch**, *normal* **loudness**, and while **looking at the camera**."
S_07_07_08_2_1,07,confidence,8,2,1,The hogs were fed chopped corn and garbage.,normal,higher,louder,front,none,none,none,none,none,none,none,none,none,none,weak,none,moderate,none,none,none,none,none,"Actor 07 said “The hogs were fed chopped corn and garbage.”, with *normal* **speech rate**, *higher* **pitch**, *louder* **loudness**, while **looking at the camera**, and *weak* **a tight smile** and *moderate* **raised chin**."
S_07_07_09_1_1,07,confidence,9,1,1,Four hours of steady work faced us.,normal,normal,normal,front,none,none,none,none,none,none,none,none,none,none,none,none,none,none,none,none,none,none,"Actor 07 said “Four hours of steady work faced us.”, with *normal* **speech rate**, *normal* **pitch**, *normal* **loudness**, and while **looking at the camera**."
S_07_07_09_2_1,07,confidence,9,2,1,Four hours of steady work faced us.,normal,higher,louder,front,none,none,none,none,weak,none,weak,none,none,strong,none,none,weak,none,none,none,none,none,"Actor 07 said “Four hours of steady work faced us.”, with *normal* **speech rate**, *higher* **pitch**, *louder* **loudness**, while **looking at the camera**, and *weak* **raised upper eyelids**, *weak* **tightened eyelids**, *strong* **a smile**, and *weak* **raised chin**."
S_07_07_10_1_1,07,confidence,10,1,1,A large size in stockings is hard to sell.,normal,normal,normal,front,none,none,none,none,none,none,none,none,none,none,none,none,none,none,none,none,none,none,"Actor 07 said “A large size in stockings is hard to sell.”, with *normal* **speech rate**, *normal* **pitch**, *normal* **loudness**, and while **looking at the camera**."
S_07_07_10_2_1,07,confidence,10,2,1,A large size in stockings is hard to sell.,normal,normal,louder,front,none,none,none,none,none,none,none,none,none,none,weak,none,moderate,none,none,none,none,none,"Actor 07 said “A large size in stockings is hard to sell.”, with *normal* **speech rate**, *normal* **pitch**, *louder* **loudness**, while **looking at the camera**, and *weak* **a tight smile** and *moderate* **raised chin**."
S_07_08_01_1_1,07,confusion,1,1,1,The birch canoe slid on the smooth planks.,normal,normal,normal,up,none,weak,none,weak,none,none,none,none,none,none,none,none,none,none,weak,weak,none,none,"Actor 07 said “The birch canoe slid on the smooth planks.”, with *normal* **speech rate**, *normal* **pitch**, *normal* **loudness**, **gaze** *averted* (upwards), and *weak* **raised inner eyebrows**, *weak* **lowered brows**, *weak* **tightened lips**, and *weak* **parted lips**."
S_07_08_01_2_1,07,confusion,1,2,1,The birch canoe slid on the smooth planks.,slow,lower,normal,up,tilting,strong,none,strong,none,none,weak,none,none,none,none,none,weak,none,none,none,strong,moderate,"Actor 07 said “The birch canoe slid on the smooth planks.”, with *slow* **speech rate**, *lower* **pitch**, *normal* **loudness**, **gaze** *averted* (upwards), while *tilting* their **head**, and *strong* **raised inner eyebrows**, *strong* **lowered brows**, *weak* **tightened eyelids**, *weak* **raised chin**, *strong* **a dropped jaw**, and *moderate* **blinking**."
S_07_08_02_1_1,07,confusion,2,1,1,Glue the sheet to the dark blue background.,normal,normal,normal,front,none,weak,none,none,none,none,none,none,none,none,none,none,none,none,weak,weak,none,none,"Actor 07 said “Glue the sheet to the dark blue background.”, with *normal* **speech rate**, *normal* **pitch**, *normal* **loudness**, while **looking at the camera**, and *weak* **raised inner eyebrows**, *weak* **tightened lips**, and *weak* **parted lips**."
S_07_08_02_2_1,07,confusion,2,2,1,Glue the sheet to the dark blue background.,slow,lower,quieter,front,none,strong,weak,strong,weak,none,weak,none,none,none,weak,none,none,none,weak,strong,none,none,"Actor 07 said “Glue the sheet to the dark blue background.”, with *slow* **speech rate**, *lower* **pitch**, *quieter* **loudness**, while **looking at the camera**, and *strong* **raised inner eyebrows**, *weak* **raised outer eyebrows**, *strong* **lowered brows**, *weak* **raised upper eyelids**, *weak* **tightened eyelids**, *weak* **a tight smile**, *weak* **tightened lips**, and *strong* **parted lips**."
S_07_08_03_1_1,07,confusion,3,1,1,It's easy to tell the depth of a well.,slow,lower,normal,up,tilting,weak,none,weak,none,none,none,none,none,none,none,none,none,none,none,none,none,none,"Actor 07 said “It's easy to tell the depth of a well.”, with *slow* **speech rate**, *lower* **pitch**, *normal* **loudness**, **gaze** *averted* (upwards), while *tilting* their **head**, and *weak* **raised inner eyebrows** and *weak* **lowered brows**."
S_07_08_04_1_1,07,confusion,4,1,1,These days a chicken leg is a rare dish.,normal,normal,normal,up,none,weak,none,none,none,none,none,none,none,none,none,none,none,none,none,none,none,none,"Actor 07 said “These days a chicken leg is a rare dish.”, with *normal* **speech rate**, *normal* **pitch**, *normal* **loudness**, **gaze** *averted* (upwards), and *weak* **raised inner eyebrows**."
S_07_08_04_2_1,07,confusion,4,2,1,These days a chicken leg is a rare dish.,slow,lower,normal,up,none,strong,weak,strong,weak,none,none,none,none,none,none,none,none,none,weak,strong,none,none,"Actor 07 said “These days a chicken leg is a rare dish.”, with *slow* **speech rate**, *lower* **pitch**, *normal* **loudness**, **gaze** *averted* (upwards), and *strong* **raised inner eyebrows**, *weak* **raised outer eyebrows**, *strong* **lowered brows**, *weak* **raised upper eyelids**, *weak* **tightened lips**, and *strong* **parted lips**."
S_07_08_05_1_1,07,confusion,5,1,1,Rice is often served in round bowls.,slow,lower,normal,up,tilting,weak,none,weak,none,none,none,none,none,none,none,none,none,none,none,none,none,none,"Actor 07 said “Rice is often served in round bowls.”, with *slow* **speech rate**, *lower* **pitch**, *normal* **loudness**, **gaze** *averted* (upwards), while *tilting* their **head**, and *weak* **raised inner eyebrows** and *weak* **lowered brows**."
S_07_08_05_2_1,07,confusion,5,2,1,Rice is often served in round bowls.,slow,lower,quieter,up,tilting,strong,none,strong,none,none,weak,none,none,none,none,none,weak,none,none,none,strong,moderate,"Actor 07 said “Rice is often served in round bowls.”, with *slow* **speech rate**, *lower* **pitch**, *quieter* **loudness**, **gaze** *averted* (upwards), while *tilting* their **head**, and *strong* **raised inner eyebrows**, *strong* **lowered brows**, *weak* **tightened eyelids**, *weak* **raised chin**, *strong* **a dropped jaw**, and *moderate* **blinking**."
S_07_08_06_1_1,07,confusion,6,1,1,The juice of lemons makes fine punch.,slow,lower,normal,up,tilting,weak,none,weak,none,none,none,none,none,none,none,none,none,none,none,none,none,none,"Actor 07 said “The juice of lemons makes fine punch.”, with *slow* **speech rate**, *lower* **pitch**, *normal* **loudness**, **gaze** *averted* (upwards), while *tilting* their **head**, and *weak* **raised inner eyebrows** and *weak* **lowered brows**."
S_07_08_06_2_1,07,confusion,6,2,1,The juice of lemons makes fine punch.,slow,lower,normal,left,tilting,strong,none,strong,none,none,weak,none,none,none,none,none,none,none,none,none,none,moderate,"Actor 07 said “The juice of lemons makes fine punch.”, with *slow* **speech rate**, *lower* **pitch**, *normal* **loudness**, **gaze** *averted* (to their left), while *tilting* their **head**, and *strong* **raised inner eyebrows**, *strong* **lowered brows**, *weak* **tightened eyelids**, and *moderate* **blinking**."
S_07_08_07_1_1,07,confusion,7,1,1,The box was thrown beside the parked truck.,normal,normal,normal,front,none,weak,none,weak,none,none,none,none,none,none,none,none,none,none,weak,weak,none,none,"Actor 07 said “The box was thrown beside the parked truck.”, with *normal* **speech rate**, *normal* **pitch**, *normal* **loudness**, while **looking at the camera**, and *weak* **raised inner eyebrows**, *weak* **lowered brows**, *weak* **tightened lips**, and *weak* **parted lips**."
S_07_08_07_2_1,07,confusion,7,2,1,The box was thrown beside the parked truck.,slow,lower,quieter,front,none,strong,weak,strong,weak,none,none,none,none,none,none,none,none,none,weak,strong,none,none,"Actor 07 said “The box was thrown beside the parked truck.”, with *slow* **speech rate**, *lower* **pitch**, *quieter* **loudness**, while **looking at the camera**, and *strong* **raised inner eyebrows**, *weak* **raised outer eyebrows**, *strong* **lowered brows**, *weak* **raised upper eyelids**, *weak* **tightened lips**, and *strong* **parted lips**."
S_07_08_08_1_1,07,confusion,8,1,1,The hogs were fed chopped corn and garbage.,normal,normal,normal,front,none,weak,none,weak,none,none,none,none,none,none,none,none,none,none,weak,weak,none,none,"Actor 07 said “The hogs were fed chopped corn and garbage.”, with *normal* **speech rate**, *normal* **pitch**, *normal* **loudness**, while **looking at the camera**, and *weak* **raised inner eyebrows**, *weak* **lowered brows**, *weak* **tightened lips**, and *weak* **parted lips**."
S_07_08_08_2_1,07,confusion,8,2,1,The hogs were fed chopped corn and garbage.,slow,higher,normal,up,none,strong,weak,strong,weak,none,none,none,none,none,none,none,none,none,weak,strong,none,none,"Actor 07 said “The hogs were fed chopped corn and garbage.”, with *slow* **speech rate**, *higher* **pitch**, *normal* **loudness**, **gaze** *averted* (upwards), and *strong* **raised inner eyebrows**, *weak* **raised outer eyebrows**, *strong* **lowered brows**, *weak* **raised upper eyelids**, *weak* **tightened lips**, and *strong* **parted lips**."
S_07_08_09_1_1,07,confusion,9,1,1,Four hours of steady work faced us.,normal,normal,normal,front,none,weak,none,weak,none,none,none,none,none,none,none,none,none,none,weak,weak,none,none,"Actor 07 said “Four hours of steady work faced us.”, with *normal* **speech rate**, *normal* **pitch**, *normal* **loudness**, while **looking at the camera**, and *weak* **raised inner eyebrows**, *weak* **lowered brows**, *weak* **tightened lips**, and *weak* **parted lips**."
S_07_08_09_2_1,07,confusion,9,2,1,Four hours of steady work faced us.,slow,lower,quieter,up,tilting,strong,none,strong,none,none,weak,none,none,none,none,none,none,none,none,none,strong,moderate,"Actor 07 said “Four hours of steady work faced us.”, with *slow* **speech rate**, *lower* **pitch**, *quieter* **loudness**, **gaze** *averted* (upwards), while *tilting* their **head**, and *strong* **raised inner eyebrows**, *strong* **lowered brows**, *weak* **tightened eyelids**, *strong* **a dropped jaw**, and *moderate* **blinking**."
S_07_08_10_1_1,07,confusion,10,1,1,A large size in stockings is hard to sell.,normal,normal,normal,up,none,weak,none,weak,none,none,none,none,none,none,none,none,none,none,weak,weak,none,none,"Actor 07 said “A large size in stockings is hard to sell.”, with *normal* **speech rate**, *normal* **pitch**, *normal* **loudness**, **gaze** *averted* (upwards), and *weak* **raised inner eyebrows**, *weak* **lowered brows**, *weak* **tightened lips**, and *weak* **parted lips**."
S_07_08_10_2_1,07,confusion,10,2,1,A large size in stockings is hard to sell.,slow,lower,normal,left,tilting,strong,none,strong,none,none,weak,none,none,none,none,none,weak,none,none,none,strong,moderate,"Actor 07 said “A large size in stockings is hard to sell.”, with *slow* **speech rate**, *lower* **pitch**, *normal* **loudness**, **gaze** *averted* (to their left), while *tilting* their **head**, and *strong* **raised inner eyebrows**, *strong* **lowered brows**, *weak* **tightened eyelids**, *weak* **raised chin**, *strong* **a dropped jaw**, and *moderate* **blinking**."
S_07_09_01_1_1,07,contempt,1,1,1,The birch canoe slid on the smooth planks.,normal,normal,normal,left,none,none,none,weak,none,none,none,none,none,none,none,none,none,none,weak,none,none,none,"Actor 07 said “The birch canoe slid on the smooth planks.”, with *normal* **speech rate**, *normal* **pitch**, *normal* **loudness**, **gaze** *averted* (to their left), and *weak* **lowered brows** and *weak* **tightened lips**."
S_07_09_02_1_1,07,contempt,2,1,1,Glue the sheet to the dark blue background.,normal,normal,normal,left,none,none,none,weak,none,none,none,none,none,none,none,none,none,none,weak,none,none,none,"Actor 07 said “Glue the sheet to the dark blue background.”, with *normal* **speech rate**, *normal* **pitch**, *normal* **loudness**, **gaze** *averted* (to their left), and *weak* **lowered brows** and *weak* **tightened lips**."
S_07_09_03_1_1,07,contempt,3,1,1,It's easy to tell the depth of a well.,slow,lower,normal,left,none,none,none,weak,none,none,none,none,none,none,none,none,none,none,weak,none,none,none,"Actor 07 said “It's easy to tell the depth of a well.”, with *slow* **speech rate**, *lower* **pitch**, *normal* **loudness**, **gaze** *averted* (to their left), and *weak* **lowered brows** and *weak* **tightened lips**."
S_07_09_04_1_1,07,contempt,4,1,1,These days a chicken leg is a rare dish.,slow,lower,normal,front,none,weak,none,weak,none,none,none,none,none,none,none,none,none,none,weak,none,none,none,"Actor 07 said “These days a chicken leg is a rare dish.”, with *slow* **speech rate**, *lower* **pitch**, *normal* **loudness**, while **looking at the camera**, and *weak* **raised inner eyebrows**, *weak* **lowered brows**, and *weak* **tightened lips**."
S_07_09_04_2_1,07,contempt,4,2,1,These days a chicken leg is a rare dish.,slow,lower,louder,front,none,weak,none,strong,none,none,none,none,none,none,none,none,none,none,weak,none,none,none,"Actor 07 said “These days a chicken leg is a rare dish.”, with *slow* **speech rate**, *lower* **pitch**, *louder* **loudness**, while **looking at the camera**, and *weak* **raised inner eyebrows**, *strong* **lowered brows**, and *weak* **tightened lips**."
S_07_09_05_1_1,07,contempt,5,1,1,Rice is often served in round bowls.,slow,lower,normal,front,none,none,none,weak,none,none,none,none,none,none,none,none,none,none,weak,none,none,none,"Actor 07 said “Rice is often served in round bowls.”, with *slow* **speech rate**, *lower* **pitch**, *normal* **loudness**, while **looking at the camera**, and *weak* **lowered brows** and *weak* **tightened lips**."
S_07_09_06_1_1,07,contempt,6,1,1,The juice of lemons makes fine punch.,slow,lower,quieter,front,none,weak,none,moderate,none,none,none,none,none,weak,none,none,weak,none,none,none,none,none,"Actor 07 said “The juice of lemons makes fine punch.”, with *slow* **speech rate**, *lower* **pitch**, *quieter* **loudness**, while **looking at the camera**, and *weak* **raised inner eyebrows**, *moderate* **lowered brows**, *weak* **a smile**, and *weak* **raised chin**."
S_07_09_07_1_1,07,contempt,7,1,1,The box was thrown beside the parked truck.,normal,lower,normal,front,none,none,none,weak,none,none,none,none,none,none,none,none,none,none,weak,none,none,none,"Actor 07 said “The box was thrown beside the parked truck.”, with *normal* **speech rate**, *lower* **pitch**, *normal* **loudness**, while **looking at the camera**, and *weak* **lowered brows** and *weak* **tightened lips**."
S_07_09_08_1_1,07,contempt,8,1,1,The hogs were fed chopped corn and garbage.,slow,lower,normal,left,none,none,none,weak,none,none,none,none,none,none,none,none,none,none,weak,none,none,none,"Actor 07 said “The hogs were fed chopped corn and garbage.”, with *slow* **speech rate**, *lower* **pitch**, *normal* **loudness**, **gaze** *averted* (to their left), and *weak* **lowered brows** and *weak* **tightened lips**."
S_07_09_09_1_1,07,contempt,9,1,1,Four hours of steady work faced us.,normal,normal,normal,left,none,none,none,weak,none,none,none,none,none,none,none,none,none,none,weak,none,none,none,"Actor 07 said “Four hours of steady work faced us.”, with *normal* **speech rate**, *normal* **pitch**, *normal* **loudness**, **gaze** *averted* (to their left), and *weak* **lowered brows** and *weak* **tightened lips**."
S_07_09_10_1_1,07,contempt,10,1,1,A large size in stockings is hard to sell.,normal,normal,normal,left,none,none,none,weak,none,none,none,none,none,none,none,none,none,none,weak,none,none,none,"Actor 07 said “A large size in stockings is hard to sell.”, with *normal* **speech rate**, *normal* **pitch**, *normal* **loudness**, **gaze** *averted* (to their left), and *weak* **lowered brows** and *weak* **tightened lips**."
S_07_10_01_1_1,07,empathy,1,1,1,The birch canoe slid on the smooth planks.,slow,lower,quieter,front,none,weak,none,none,none,none,none,none,none,none,none,none,none,none,none,none,none,none,"Actor 07 said “The birch canoe slid on the smooth planks.”, with *slow* **speech rate**, *lower* **pitch**, *quieter* **loudness**, while **looking at the camera**, and *weak* **raised inner eyebrows**."
S_07_10_01_2_1,07,empathy,1,2,1,The birch canoe slid on the smooth planks.,normal,lower,normal,front,none,weak,none,none,none,none,none,none,none,none,none,none,none,none,none,none,none,none,"Actor 07 said “The birch canoe slid on the smooth planks.”, with *normal* **speech rate**, *lower* **pitch**, *normal* **loudness**, while **looking at the camera**, and *weak* **raised inner eyebrows**."
S_07_10_02_1_1,07,empathy,2,1,1,Glue the sheet to the dark blue background.,slow,lower,quieter,front,none,weak,none,none,none,none,none,none,none,none,none,none,none,none,none,none,none,none,"Actor 07 said “Glue the sheet to the dark blue background.”, with *slow* **speech rate**, *lower* **pitch**, *quieter* **loudness**, while **looking at the camera**, and *weak* **raised inner eyebrows**."
S_07_10_02_2_1,07,empathy,2,2,1,Glue the sheet to the dark blue background.,slow,lower,quieter,front,none,moderate,none,weak,none,none,none,none,none,none,none,none,none,none,none,none,none,none,"Actor 07 said “Glue the sheet to the dark blue background.”, with *slow* **speech rate**, *lower* **pitch**, *quieter* **loudness**, while **looking at the camera**, and *moderate* **raised inner eyebrows** and *weak* **lowered brows**."
S_07_10_03_1_1,07,empathy,3,1,1,It's easy to tell the depth of a well.,slow,lower,quieter,front,none,weak,none,none,none,none,none,none,none,none,none,none,none,none,none,none,none,none,"Actor 07 said “It's easy to tell the depth of a well.”, with *slow* **speech rate**, *lower* **pitch**, *quieter* **loudness**, while **looking at the camera**, and *weak* **raised inner eyebrows**."
S_07_10_03_2_1,07,empathy,3,2,1,It's easy to tell the depth of a well.,slow,lower,quieter,front,none,strong,none,none,none,none,none,none,none,none,none,none,none,none,none,none,none,none,"Actor 07 said “It's easy to tell the depth of a well.”, with *slow* **speech rate**, *lower* **pitch**, *quieter* **loudness**, while **looking at the camera**, and *strong* **raised inner eyebrows**."
S_07_10_04_1_1,07,empathy,4,1,1,These days a chicken leg is a rare dish.,slow,lower,quieter,front,none,weak,none,none,none,none,none,none,none,none,none,none,none,none,none,none,none,none,"Actor 07 said “These days a chicken leg is a rare dish.”, with *slow* **speech rate**, *lower* **pitch**, *quieter* **loudness**, while **looking at the camera**, and *weak* **raised inner eyebrows**."
S_07_10_04_2_1,07,empathy,4,2,1,These days a chicken leg is a rare dish.,slow,lower,quieter,left,none,weak,none,none,none,none,none,none,none,none,none,none,none,none,none,none,none,strong,"Actor 07 said “These days a chicken leg is a rare dish.”, with *slow* **speech rate**, *lower* **pitch**, *quieter* **loudness**, **gaze** *averted* (to their left), and *weak* **raised inner eyebrows** and *strong* **blinking**."
S_07_10_05_1_1,07,empathy,5,1,1,Rice is often served in round bowls.,slow,lower,quieter,front,none,weak,none,none,none,none,none,none,none,none,none,none,none,none,none,none,none,none,"Actor 07 said “Rice is often served in round bowls.”, with *slow* **speech rate**, *lower* **pitch**, *quieter* **loudness**, while **looking at the camera**, and *weak* **raised inner eyebrows**."
S_07_10_05_2_1,07,empathy,5,2,1,Rice is often served in round bowls.,slow,lower,quieter,front,none,strong,none,none,weak,none,none,none,none,none,none,none,none,none,none,none,none,none,"Actor 07 said “Rice is often served in round bowls.”, with *slow* **speech rate**, *lower* **pitch**, *quieter* **loudness**, while **looking at the camera**, and *strong* **raised inner eyebrows** and *weak* **raised upper eyelids**."
S_07_10_06_1_1,07,empathy,6,1,1,The juice of lemons makes fine punch.,slow,lower,quieter,front,none,weak,none,none,none,none,none,none,none,none,none,none,none,none,none,none,none,none,"Actor 07 said “The juice of lemons makes fine punch.”, with *slow* **speech rate**, *lower* **pitch**, *quieter* **loudness**, while **looking at the camera**, and *weak* **raised inner eyebrows**."
S_07_10_06_2_1,07,empathy,6,2,1,The juice of lemons makes fine punch.,slow,lower,quieter,front,none,strong,none,none,none,none,none,none,none,none,none,none,none,none,weak,weak,none,none,"Actor 07 said “The juice of lemons makes fine punch.”, with *slow* **speech rate**, *lower* **pitch**, *quieter* **loudness**, while **looking at the camera**, and *strong* **raised inner eyebrows**, *weak* **tightened lips**, and *weak* **parted lips**."
S_07_10_07_1_1,07,empathy,7,1,1,The box was thrown beside the parked truck.,slow,lower,quieter,front,none,weak,none,none,none,none,none,none,none,none,none,none,none,none,none,none,none,none,"Actor 07 said “The box was thrown beside the parked truck.”, with *slow* **speech rate**, *lower* **pitch**, *quieter* **loudness**, while **looking at the camera**, and *weak* **raised inner eyebrows**."
S_07_10_07_2_1,07,empathy,7,2,1,The box was thrown beside the parked truck.,slow,lower,quieter,left,none,weak,none,none,none,none,none,none,none,none,none,none,none,none,none,weak,none,none,"Actor 07 said “The box was thrown beside the parked truck.”, with *slow* **speech rate**, *lower* **pitch**, *quieter* **loudness**, **gaze** *averted* (to their left), and *weak* **raised inner eyebrows** and *weak* **parted lips**."
S_07_10_08_1_1,07,empathy,8,1,1,The hogs were fed chopped corn and garbage.,slow,lower,quieter,front,none,weak,none,none,none,none,none,none,none,none,none,none,none,none,none,none,none,weak,"Actor 07 said “The hogs were fed chopped corn and garbage.”, with *slow* **speech rate**, *lower* **pitch**, *quieter* **loudness**, while **looking at the camera**, and *weak* **raised inner eyebrows** and *weak* **blinking**."
S_07_10_08_2_1,07,empathy,8,2,1,The hogs were fed chopped corn and garbage.,slow,lower,quieter,left,none,weak,none,moderate,none,none,none,none,none,none,none,none,none,none,none,weak,none,none,"Actor 07 said “The hogs were fed chopped corn and garbage.”, with *slow* **speech rate**, *lower* **pitch**, *quieter* **loudness**, **gaze** *averted* (to their left), and *weak* **raised inner eyebrows**, *moderate* **lowered brows**, and *weak* **parted lips**."
S_07_10_09_1_1,07,empathy,9,1,1,Four hours of steady work faced us.,slow,lower,quieter,front,none,weak,none,none,none,none,none,none,none,none,none,none,none,none,none,none,none,none,"Actor 07 said “Four hours of steady work faced us.”, with *slow* **speech rate**, *lower* **pitch**, *quieter* **loudness**, while **looking at the camera**, and *weak* **raised inner eyebrows**."
S_07_10_09_2_1,07,empathy,9,2,1,Four hours of steady work faced us.,slow,lower,quieter,front,none,moderate,none,none,none,none,none,none,none,none,none,none,none,none,none,none,none,none,"Actor 07 said “Four hours of steady work faced us.”, with *slow* **speech rate**, *lower* **pitch**, *quieter* **loudness**, while **looking at the camera**, and *moderate* **raised inner eyebrows**."
S_07_10_10_1_1,07,empathy,10,1,1,A large size in stockings is hard to sell.,slow,lower,quieter,front,none,weak,none,none,none,none,none,none,none,none,none,none,none,none,none,none,none,none,"Actor 07 said “A large size in stockings is hard to sell.”, with *slow* **speech rate**, *lower* **pitch**, *quieter* **loudness**, while **looking at the camera**, and *weak* **raised inner eyebrows**."
S_07_10_10_2_1,07,empathy,10,2,1,A large size in stockings is hard to sell.,slow,lower,quieter,front,none,moderate,none,none,none,none,none,none,none,none,none,weak,none,none,none,none,none,none,"Actor 07 said “A large size in stockings is hard to sell.”, with *slow* **speech rate**, *lower* **pitch**, *quieter* **loudness**, while **looking at the camera**, and *moderate* **raised inner eyebrows** and *weak* **downturned mouth corners**."
S_08_00_01_0_1,08,neutral,1,0,1,The birch canoe slid on the smooth planks.,normal,normal,normal,front,none,none,none,none,none,none,none,none,none,none,none,none,none,none,none,none,none,none,"Actor 08 said “The birch canoe slid on the smooth planks.”, with *normal* **speech rate**, *normal* **pitch**, *normal* **loudness**, and while **looking at the camera**."
S_08_00_02_0_1,08,neutral,2,0,1,Glue the sheet to the dark blue background.,normal,normal,normal,front,none,none,none,none,none,none,none,none,none,none,none,none,none,none,none,none,none,none,"Actor 08 said “Glue the sheet to the dark blue background.”, with *normal* **speech rate**, *normal* **pitch**, *normal* **loudness**, and while **looking at the camera**."
S_08_00_03_0_1,08,neutral,3,0,1,It's easy to tell the depth of a well.,normal,normal,normal,front,none,none,none,none,none,none,none,none,none,none,none,none,none,none,none,none,none,none,"Actor 08 said “It's easy to tell the depth of a well.”, with *normal* **speech rate**, *normal* **pitch**, *normal* **loudness**, and while **looking at the camera**."
S_08_00_04_0_1,08,neutral,4,0,1,These days a chicken leg is a rare dish.,normal,normal,normal,front,none,none,none,none,none,none,none,none,none,none,none,none,none,none,none,none,none,none,"Actor 08 said “These days a chicken leg is a rare dish.”, with *normal* **speech rate**, *normal* **pitch**, *normal* **loudness**, and while **looking at the camera**."
S_08_00_05_0_1,08,neutral,5,0,1,Rice is often served in round bowls.,normal,normal,normal,front,none,none,none,none,none,none,none,none,none,none,none,none,none,none,none,none,none,none,"Actor 08 said “Rice is often served in round bowls.”, with *normal* **speech rate**, *normal* **pitch**, *normal* **loudness**, and while **looking at the camera**."
S_08_00_06_0_1,08,neutral,6,0,1,The juice of lemons makes fine punch.,normal,normal,normal,front,none,none,none,none,none,none,none,none,none,none,none,none,none,none,none,none,none,none,"Actor 08 said “The juice of lemons makes fine punch.”, with *normal* **speech rate**, *normal* **pitch**, *normal* **loudness**, and while **looking at the camera**."
S_08_00_07_0_1,08,neutral,7,0,1,The box was thrown beside the parked truck.,normal,normal,normal,front,none,none,none,none,none,none,none,none,none,none,none,none,none,none,none,none,none,none,"Actor 08 said “The box was thrown beside the parked truck.”, with *normal* **speech rate**, *normal* **pitch**, *normal* **loudness**, and while **looking at the camera**."
S_08_00_08_0_1,08,neutral,8,0,1,The hogs were fed chopped corn and garbage.,normal,normal,normal,front,none,none,none,none,none,none,none,none,none,none,none,none,none,none,none,none,none,none,"Actor 08 said “The hogs were fed chopped corn and garbage.”, with *normal* **speech rate**, *normal* **pitch**, *normal* **loudness**, and while **looking at the camera**."
S_08_00_09_0_1,08,neutral,9,0,1,Four hours of steady work faced us.,normal,normal,normal,front,none,none,none,none,none,none,none,none,none,none,none,none,none,none,none,none,none,none,"Actor 08 said “Four hours of steady work faced us.”, with *normal* **speech rate**, *normal* **pitch**, *normal* **loudness**, and while **looking at the camera**."
S_08_00_10_0_1,08,neutral,10,0,1,A large size in stockings is hard to sell.,normal,normal,normal,front,none,none,none,none,none,none,none,none,none,none,none,none,none,none,none,none,none,none,"Actor 08 said “A large size in stockings is hard to sell.”, with *normal* **speech rate**, *normal* **pitch**, *normal* **loudness**, and while **looking at the camera**."
S_08_01_01_1_1,08,fear,1,1,1,The birch canoe slid on the smooth planks.,normal,normal,normal,front,none,weak,none,weak,none,none,none,none,none,none,none,none,none,none,none,none,weak,none,"Actor 08 said “The birch canoe slid on the smooth planks.”, with *normal* **speech rate**, *normal* **pitch**, *normal* **loudness**, while **looking at the camera**, and *weak* **raised inner eyebrows**, *weak* **lowered brows**, and *weak* **a dropped jaw**."
S_08_01_01_2_1,08,fear,1,2,1,The birch canoe slid on the smooth planks.,slow,higher,louder,front,shaking,moderate,none,strong,moderate,weak,moderate,none,none,none,none,none,none,none,none,strong,strong,strong,"Actor 08 said “The birch canoe slid on the smooth planks.”, with *slow* **speech rate**, *higher* **pitch**, *louder* **loudness**, while **looking at the camera**, while *shaking* their **head**, and *moderate* **raised inner eyebrows**, *strong* **lowered brows**, *moderate* **raised upper eyelids**, *weak* **raised cheeks**, *moderate* **tightened eyelids**, *strong* **parted lips**, *strong* **a dropped jaw**, and *strong* **blinking**."
S_08_01_02_1_1,08,fear,2,1,1,Glue the sheet to the dark blue background.,normal,higher,normal,front,none,weak,none,moderate,none,none,weak,none,none,none,none,none,none,none,none,none,none,none,"Actor 08 said “Glue the sheet to the dark blue background.”, with *normal* **speech rate**, *higher* **pitch**, *normal* **loudness**, while **looking at the camera**, and *weak* **raised inner eyebrows**, *moderate* **lowered brows**, and *weak* **tightened eyelids**."
S_08_01_02_2_1,08,fear,2,2,1,Glue the sheet to the dark blue background.,slow,higher,louder,front,none,strong,none,strong,strong,none,weak,none,none,none,none,none,none,none,none,moderate,none,moderate,"Actor 08 said “Glue the sheet to the dark blue background.”, with *slow* **speech rate**, *higher* **pitch**, *louder* **loudness**, while **looking at the camera**, and *strong* **raised inner eyebrows**, *strong* **lowered brows**, *strong* **raised upper eyelids**, *weak* **tightened eyelids**, *moderate* **parted lips**, and *moderate* **blinking**."
S_08_01_03_1_1,08,fear,3,1,1,It's easy to tell the depth of a well.,normal,lower,normal,down,none,weak,none,weak,none,none,none,none,none,none,none,none,none,none,none,none,weak,none,"Actor 08 said “It's easy to tell the depth of a well.”, with *normal* **speech rate**, *lower* **pitch**, *normal* **loudness**, **gaze** *averted* (downwards), and *weak* **raised inner eyebrows**, *weak* **lowered brows**, and *weak* **a dropped jaw**."
S_08_01_03_2_1,08,fear,3,2,1,It's easy to tell the depth of a well.,fast,higher,louder,up,shaking,moderate,moderate,strong,strong,none,strong,none,none,none,none,strong,none,none,none,none,moderate,strong,"Actor 08 said “It's easy to tell the depth of a well.”, with *fast* **speech rate**, *higher* **pitch**, *louder* **loudness**, **gaze** *averted* (upwards), while *shaking* their **head**, and *moderate* **raised inner eyebrows**, *moderate* **raised outer eyebrows**, *strong* **lowered brows**, *strong* **raised upper eyelids**, *strong* **tightened eyelids**, *strong* **downturned mouth corners**, *moderate* **a dropped jaw**, and *strong* **blinking**."
S_08_01_04_1_1,08,fear,4,1,1,These days a chicken leg is a rare dish.,normal,higher,normal,front,none,weak,none,moderate,weak,none,weak,none,none,none,none,none,none,none,none,none,none,none,"Actor 08 said “These days a chicken leg is a rare dish.”, with *normal* **speech rate**, *higher* **pitch**, *normal* **loudness**, while **looking at the camera**, and *weak* **raised inner eyebrows**, *moderate* **lowered brows**, *weak* **raised upper eyelids**, and *weak* **tightened eyelids**."
S_08_01_04_2_1,08,fear,4,2,1,These days a chicken leg is a rare dish.,slow,higher,louder,down,shaking,moderate,none,strong,moderate,weak,moderate,none,none,none,none,none,none,none,none,strong,strong,strong,"Actor 08 said “These days a chicken leg is a rare dish.”, with *slow* **speech rate**, *higher* **pitch**, *louder* **loudness**, **gaze** *averted* (downwards), while *shaking* their **head**, and *moderate* **raised inner eyebrows**, *strong* **lowered brows**, *moderate* **raised upper eyelids**, *weak* **raised cheeks**, *moderate* **tightened eyelids**, *strong* **parted lips**, *strong* **a dropped jaw**, and *strong* **blinking**."
S_08_01_05_1_1,08,fear,5,1,1,Rice is often served in round bowls.,normal,higher,normal,front,none,weak,none,weak,weak,none,weak,none,none,none,none,none,none,none,none,none,weak,none,"Actor 08 said “Rice is often served in round bowls.”, with *normal* **speech rate**, *higher* **pitch**, *normal* **loudness**, while **looking at the camera**, and *weak* **raised inner eyebrows**, *weak* **lowered brows**, *weak* **raised upper eyelids**, *weak* **tightened eyelids**, and *weak* **a dropped jaw**."
S_08_01_05_2_1,08,fear,5,2,1,Rice is often served in round bowls.,slow,higher,louder,down,shaking,moderate,none,strong,moderate,weak,moderate,none,none,none,none,none,none,none,none,strong,strong,strong,"Actor 08 said “Rice is often served in round bowls.”, with *slow* **speech rate**, *higher* **pitch**, *louder* **loudness**, **gaze** *averted* (downwards), while *shaking* their **head**, and *moderate* **raised inner eyebrows**, *strong* **lowered brows**, *moderate* **raised upper eyelids**, *weak* **raised cheeks**, *moderate* **tightened eyelids**, *strong* **parted lips**, *strong* **a dropped jaw**, and *strong* **blinking**."
S_08_01_06_1_1,08,fear,6,1,1,The juice of lemons makes fine punch.,normal,higher,normal,front,none,weak,none,moderate,weak,none,weak,none,none,none,none,none,none,none,none,none,none,none,"Actor 08 said “The juice of lemons makes fine punch.”, with *normal* **speech rate**, *higher* **pitch**, *normal* **loudness**, while **looking at the camera**, and *weak* **raised inner eyebrows**, *moderate* **lowered brows**, *weak* **raised upper eyelids**, and *weak* **tightened eyelids**."
S_08_01_06_2_1,08,fear,6,2,1,The juice of lemons makes fine punch.,fast,higher,louder,down,shaking,moderate,none,strong,moderate,weak,moderate,weak,weak,none,none,none,none,none,weak,strong,moderate,moderate,"Actor 08 said “The juice of lemons makes fine punch.”, with *fast* **speech rate**, *higher* **pitch**, *louder* **loudness**, **gaze** *averted* (downwards), while *shaking* their **head**, and *moderate* **raised inner eyebrows**, *strong* **lowered brows**, *moderate* **raised upper eyelids**, *weak* **raised cheeks**, *moderate* **tightened eyelids**, *weak* **wrinkled nose**, *weak* **raised upper lip**, *weak* **tightened lips**, *strong* **parted lips**, *moderate* **a dropped jaw**, and *moderate* **blinking**."
S_08_01_07_1_1,08,fear,7,1,1,The box was thrown beside the parked truck.,normal,normal,normal,front,none,weak,none,weak,none,none,none,none,none,none,none,none,none,none,none,none,weak,none,"Actor 08 said “The box was thrown beside the parked truck.”, with *normal* **speech rate**, *normal* **pitch**, *normal* **loudness**, while **looking at the camera**, and *weak* **raised inner eyebrows**, *weak* **lowered brows**, and *weak* **a dropped jaw**."
S_08_01_08_1_1,08,fear,8,1,1,The hogs were fed chopped corn and garbage.,normal,normal,normal,front,none,weak,none,weak,none,none,none,none,none,none,none,none,none,none,none,none,none,none,"Actor 08 said “The hogs were fed chopped corn and garbage.”, with *normal* **speech rate**, *normal* **pitch**, *normal* **loudness**, while **looking at the camera**, and *weak* **raised inner eyebrows** and *weak* **lowered brows**."
S_08_01_08_2_1,08,fear,8,2,1,The hogs were fed chopped corn and garbage.,slow,higher,louder,down,shaking,moderate,weak,strong,moderate,none,moderate,none,none,none,none,none,none,none,weak,strong,none,strong,"Actor 08 said “The hogs were fed chopped corn and garbage.”, with *slow* **speech rate**, *higher* **pitch**, *louder* **loudness**, **gaze** *averted* (downwards), while *shaking* their **head**, and *moderate* **raised inner eyebrows**, *weak* **raised outer eyebrows**, *strong* **lowered brows**, *moderate* **raised upper eyelids**, *moderate* **tightened eyelids**, *weak* **tightened lips**, *strong* **parted lips**, and *strong* **blinking**."
S_08_01_09_1_1,08,fear,9,1,1,Four hours of steady work faced us.,normal,normal,normal,front,none,weak,none,weak,none,none,none,none,none,none,none,none,none,none,none,none,none,none,"Actor 08 said “Four hours of steady work faced us.”, with *normal* **speech rate**, *normal* **pitch**, *normal* **loudness**, while **looking at the camera**, and *weak* **raised inner eyebrows** and *weak* **lowered brows**."
S_08_01_09_2_1,08,fear,9,2,1,Four hours of steady work faced us.,slow,higher,louder,front,none,strong,none,strong,strong,none,weak,none,none,none,none,none,none,none,none,moderate,none,moderate,"Actor 08 said “Four hours of steady work faced us.”, with *slow* **speech rate**, *higher* **pitch**, *louder* **loudness**, while **looking at the camera**, and *strong* **raised inner eyebrows**, *strong* **lowered brows**, *strong* **raised upper eyelids**, *weak* **tightened eyelids**, *moderate* **parted lips**, and *moderate* **blinking**."
S_08_01_10_1_1,08,fear,10,1,1,A large size in stockings is hard to sell.,normal,normal,normal,front,none,weak,none,weak,none,none,none,none,none,none,none,none,none,none,none,none,weak,none,"Actor 08 said “A large size in stockings is hard to sell.”, with *normal* **speech rate**, *normal* **pitch**, *normal* **loudness**, while **looking at the camera**, and *weak* **raised inner eyebrows**, *weak* **lowered brows**, and *weak* **a dropped jaw**."
S_08_02_01_1_1,08,anger,1,1,1,The birch canoe slid on the smooth planks.,normal,higher,louder,front,none,weak,none,weak,none,none,none,none,none,none,none,none,none,none,none,none,none,none,"Actor 08 said “The birch canoe slid on the smooth planks.”, with *normal* **speech rate**, *higher* **pitch**, *louder* **loudness**, while **looking at the camera**, and *weak* **raised inner eyebrows** and *weak* **lowered brows**."
S_08_02_02_1_1,08,anger,2,1,1,Glue the sheet to the dark blue background.,normal,higher,louder,front,none,none,none,weak,none,none,none,none,none,none,none,none,none,none,none,none,none,none,"Actor 08 said “Glue the sheet to the dark blue background.”, with *normal* **speech rate**, *higher* **pitch**, *louder* **loudness**, while **looking at the camera**, and *weak* **lowered brows**."
S_08_02_03_1_1,08,anger,3,1,1,It's easy to tell the depth of a well.,normal,higher,louder,front,none,none,none,moderate,none,none,none,none,none,none,none,none,none,none,none,none,none,none,"Actor 08 said “It's easy to tell the depth of a well.”, with *normal* **speech rate**, *higher* **pitch**, *louder* **loudness**, while **looking at the camera**, and *moderate* **lowered brows**."
S_08_02_03_2_1,08,anger,3,2,1,It's easy to tell the depth of a well.,fast,higher,louder,front,shaking,moderate,none,strong,strong,none,moderate,weak,weak,none,none,strong,none,none,strong,none,moderate,none,"Actor 08 said “It's easy to tell the depth of a well.”, with *fast* **speech rate**, *higher* **pitch**, *louder* **loudness**, while **looking at the camera**, while *shaking* their **head**, and *moderate* **raised inner eyebrows**, *strong* **lowered brows**, *strong* **raised upper eyelids**, *moderate* **tightened eyelids**, *weak* **wrinkled nose**, *weak* **raised upper lip**, *strong* **downturned mouth corners**, *strong* **tightened lips**, and *moderate* **a dropped jaw**."
S_08_02_04_1_1,08,anger,4,1,1,These days a chicken leg is a rare dish.,normal,higher,louder,front,none,weak,none,weak,none,none,none,none,none,none,none,none,none,none,none,none,none,none,"Actor 08 said “These days a chicken leg is a rare dish.”, with *normal* **speech rate**, *higher* **pitch**, *louder* **loudness**, while **looking at the camera**, and *weak* **raised inner eyebrows** and *weak* **lowered brows**."
S_08_02_04_2_1,08,anger,4,2,1,These days a chicken leg is a rare dish.,fast,higher,louder,front,shaking,moderate,none,strong,none,none,none,none,none,none,none,moderate,none,none,none,weak,none,none,"Actor 08 said “These days a chicken leg is a rare dish.”, with *fast* **speech rate**, *higher* **pitch**, *louder* **loudness**, while **looking at the camera**, while *shaking* their **head**, and *moderate* **raised inner eyebrows**, *strong* **lowered brows**, *moderate* **downturned mouth corners**, and *weak* **parted lips**."
S_08_02_05_1_1,08,anger,5,1,1,Rice is often served in round bowls.,normal,higher,louder,front,none,weak,none,strong,none,none,none,none,none,none,none,none,none,none,none,none,none,none,"Actor 08 said “Rice is often served in round bowls.”, with *normal* **speech rate**, *higher* **pitch**, *louder* **loudness**, while **looking at the camera**, and *weak* **raised inner eyebrows** and *strong* **lowered brows**."
S_08_02_06_1_1,08,anger,6,1,1,The juice of lemons makes fine punch.,normal,higher,louder,front,none,weak,none,weak,none,none,none,none,none,none,none,none,none,none,none,none,none,none,"Actor 08 said “The juice of lemons makes fine punch.”, with *normal* **speech rate**, *higher* **pitch**, *louder* **loudness**, while **looking at the camera**, and *weak* **raised inner eyebrows** and *weak* **lowered brows**."
S_08_02_06_2_1,08,anger,6,2,1,The juice of lemons makes fine punch.,fast,higher,louder,front,shaking,weak,none,strong,moderate,none,strong,none,none,none,moderate,none,none,none,none,none,none,none,"Actor 08 said “The juice of lemons makes fine punch.”, with *fast* **speech rate**, *higher* **pitch**, *louder* **loudness**, while **looking at the camera**, while *shaking* their **head**, and *weak* **raised inner eyebrows**, *strong* **lowered brows**, *moderate* **raised upper eyelids**, *strong* **tightened eyelids**, and *moderate* **a tight smile**."
S_08_02_07_1_1,08,anger,7,1,1,The box was thrown beside the parked truck.,normal,higher,louder,front,none,weak,none,weak,none,none,none,none,none,none,none,none,none,none,none,none,none,none,"Actor 08 said “The box was thrown beside the parked truck.”, with *normal* **speech rate**, *higher* **pitch**, *louder* **loudness**, while **looking at the camera**, and *weak* **raised inner eyebrows** and *weak* **lowered brows**."
S_08_02_07_2_1,08,anger,7,2,1,The box was thrown beside the parked truck.,fast,higher,louder,front,shaking,moderate,none,strong,none,none,none,none,none,none,none,moderate,strong,none,strong,none,moderate,none,"Actor 08 said “The box was thrown beside the parked truck.”, with *fast* **speech rate**, *higher* **pitch**, *louder* **loudness**, while **looking at the camera**, while *shaking* their **head**, and *moderate* **raised inner eyebrows**, *strong* **lowered brows**, *moderate* **downturned mouth corners**, *strong* **raised chin**, *strong* **tightened lips**, and *moderate* **a dropped jaw**."
S_08_02_08_1_1,08,anger,8,1,1,The hogs were fed chopped corn and garbage.,normal,higher,louder,front,none,none,none,moderate,none,none,none,none,none,none,none,weak,none,none,none,weak,none,none,"Actor 08 said “The hogs were fed chopped corn and garbage.”, with *normal* **speech rate**, *higher* **pitch**, *louder* **loudness**, while **looking at the camera**, and *moderate* **lowered brows**, *weak* **downturned mouth corners**, and *weak* **parted lips**."
S_08_02_08_2_1,08,anger,8,2,1,The hogs were fed chopped corn and garbage.,fast,higher,louder,front,shaking,moderate,none,strong,moderate,weak,moderate,none,none,none,none,none,none,none,strong,strong,none,none,"Actor 08 said “The hogs were fed chopped corn and garbage.”, with *fast* **speech rate**, *higher* **pitch**, *louder* **loudness**, while **looking at the camera**, while *shaking* their **head**, and *moderate* **raised inner eyebrows**, *strong* **lowered brows**, *moderate* **raised upper eyelids**, *weak* **raised cheeks**, *moderate* **tightened eyelids**, *strong* **tightened lips**, and *strong* **parted lips**."
S_08_02_09_1_1,08,anger,9,1,1,Four hours of steady work faced us.,normal,higher,louder,front,none,none,none,weak,none,none,none,none,none,none,none,none,none,none,none,none,none,none,"Actor 08 said “Four hours of steady work faced us.”, with *normal* **speech rate**, *higher* **pitch**, *louder* **loudness**, while **looking at the camera**, and *weak* **lowered brows**."
S_08_02_09_2_1,08,anger,9,2,1,Four hours of steady work faced us.,fast,higher,louder,front,shaking,moderate,none,strong,none,none,none,none,none,none,none,moderate,strong,none,strong,none,moderate,none,"Actor 08 said “Four hours of steady work faced us.”, with *fast* **speech rate**, *higher* **pitch**, *louder* **loudness**, while **looking at the camera**, while *shaking* their **head**, and *moderate* **raised inner eyebrows**, *strong* **lowered brows**, *moderate* **downturned mouth corners**, *strong* **raised chin**, *strong* **tightened lips**, and *moderate* **a dropped jaw**."
S_08_02_10_1_1,08,anger,10,1,1,A large size in stockings is hard to sell.,normal,higher,louder,front,none,none,none,weak,none,none,none,none,none,none,none,none,none,none,none,none,none,none,"Actor 08 said “A large size in stockings is hard to sell.”, with *normal* **speech rate**, *higher* **pitch**, *louder* **loudness**, while **looking at the camera**, and *weak* **lowered brows**."
S_08_02_10_2_1,08,anger,10,2,1,A large size in stockings is hard to sell.,fast,higher,louder,front,shaking,moderate,none,strong,none,none,none,none,none,none,none,moderate,none,none,none,weak,none,none,"Actor 08 said “A large size in stockings is hard to sell.”, with *fast* **speech rate**, *higher* **pitch**, *louder* **loudness**, while **looking at the camera**, while *shaking* their **head**, and *moderate* **raised inner eyebrows**, *strong* **lowered brows**, *moderate* **downturned mouth corners**, and *weak* **parted lips**."
S_08_03_01_1_1,08,happiness,1,1,1,The birch canoe slid on the smooth planks.,normal,higher,normal,front,none,none,none,none,none,weak,none,none,none,weak,none,none,none,none,none,none,none,none,"Actor 08 said “The birch canoe slid on the smooth planks.”, with *normal* **speech rate**, *higher* **pitch**, *normal* **loudness**, while **looking at the camera**, and *weak* **raised cheeks** and *weak* **a smile**."
S_08_03_01_2_1,08,happiness,1,2,1,The birch canoe slid on the smooth planks.,fast,higher,louder,front,none,none,none,none,none,strong,weak,none,none,strong,none,none,none,none,none,moderate,weak,none,"Actor 08 said “The birch canoe slid on the smooth planks.”, with *fast* **speech rate**, *higher* **pitch**, *louder* **loudness**, while **looking at the camera**, and *strong* **raised cheeks**, *weak* **tightened eyelids**, *strong* **a smile**, *moderate* **parted lips**, and *weak* **a dropped jaw**."
S_08_03_02_1_1,08,happiness,2,1,1,Glue the sheet to the dark blue background.,normal,normal,normal,front,none,weak,none,none,none,weak,none,none,none,weak,none,none,none,none,none,none,none,none,"Actor 08 said “Glue the sheet to the dark blue background.”, with *normal* **speech rate**, *normal* **pitch**, *normal* **loudness**, while **looking at the camera**, and *weak* **raised inner eyebrows**, *weak* **raised cheeks**, and *weak* **a smile**."
S_08_03_02_2_1,08,happiness,2,2,1,Glue the sheet to the dark blue background.,fast,higher,louder,front,nodding,weak,weak,none,strong,moderate,moderate,none,none,strong,none,none,none,none,none,none,moderate,none,"Actor 08 said “Glue the sheet to the dark blue background.”, with *fast* **speech rate**, *higher* **pitch**, *louder* **loudness**, while **looking at the camera**, while *nodding*, and *weak* **raised inner eyebrows**, *weak* **raised outer eyebrows**, *strong* **raised upper eyelids**, *moderate* **raised cheeks**, *moderate* **tightened eyelids**, *strong* **a smile**, and *moderate* **a dropped jaw**."
S_08_03_03_1_1,08,happiness,3,1,1,It's easy to tell the depth of a well.,normal,normal,normal,front,none,weak,none,none,none,weak,none,none,none,weak,none,none,none,none,none,none,none,none,"Actor 08 said “It's easy to tell the depth of a well.”, with *normal* **speech rate**, *normal* **pitch**, *normal* **loudness**, while **looking at the camera**, and *weak* **raised inner eyebrows**, *weak* **raised cheeks**, and *weak* **a smile**."
S_08_03_03_2_1,08,happiness,3,2,1,It's easy to tell the depth of a well.,fast,higher,louder,front,none,none,none,none,none,strong,weak,none,none,strong,none,none,none,none,none,moderate,weak,none,"Actor 08 said “It's easy to tell the depth of a well.”, with *fast* **speech rate**, *higher* **pitch**, *louder* **loudness**, while **looking at the camera**, and *strong* **raised cheeks**, *weak* **tightened eyelids**, *strong* **a smile**, *moderate* **parted lips**, and *weak* **a dropped jaw**."
S_08_03_04_1_1,08,happiness,4,1,1,These days a chicken leg is a rare dish.,normal,normal,normal,front,none,weak,none,none,none,weak,none,none,none,weak,none,none,none,none,none,none,none,none,"Actor 08 said “These days a chicken leg is a rare dish.”, with *normal* **speech rate**, *normal* **pitch**, *normal* **loudness**, while **looking at the camera**, and *weak* **raised inner eyebrows**, *weak* **raised cheeks**, and *weak* **a smile**."
S_08_03_04_2_1,08,happiness,4,2,1,These days a chicken leg is a rare dish.,fast,higher,louder,front,none,none,none,none,none,strong,weak,none,none,strong,none,none,none,none,none,moderate,weak,none,"Actor 08 said “These days a chicken leg is a rare dish.”, with *fast* **speech rate**, *higher* **pitch**, *louder* **loudness**, while **looking at the camera**, and *strong* **raised cheeks**, *weak* **tightened eyelids**, *strong* **a smile**, *moderate* **parted lips**, and *weak* **a dropped jaw**."
S_08_03_05_1_1,08,happiness,5,1,1,Rice is often served in round bowls.,normal,normal,normal,front,none,weak,none,none,none,weak,none,none,none,weak,none,none,none,none,none,none,none,none,"Actor 08 said “Rice is often served in round bowls.”, with *normal* **speech rate**, *normal* **pitch**, *normal* **loudness**, while **looking at the camera**, and *weak* **raised inner eyebrows**, *weak* **raised cheeks**, and *weak* **a smile**."
S_08_03_05_2_1,08,happiness,5,2,1,Rice is often served in round bowls.,normal,higher,normal,front,none,none,none,none,none,strong,weak,none,none,strong,none,none,none,none,none,none,none,none,"Actor 08 said “Rice is often served in round bowls.”, with *normal* **speech rate**, *higher* **pitch**, *normal* **loudness**, while **looking at the camera**, and *strong* **raised cheeks**, *weak* **tightened eyelids**, and *strong* **a smile**."
S_08_03_06_1_1,08,happiness,6,1,1,The juice of lemons makes fine punch.,normal,normal,normal,front,none,weak,none,none,none,weak,none,none,none,weak,none,none,none,none,none,none,none,none,"Actor 08 said “The juice of lemons makes fine punch.”, with *normal* **speech rate**, *normal* **pitch**, *normal* **loudness**, while **looking at the camera**, and *weak* **raised inner eyebrows**, *weak* **raised cheeks**, and *weak* **a smile**."
S_08_03_06_2_1,08,happiness,6,2,1,The juice of lemons makes fine punch.,normal,higher,louder,front,nodding,weak,weak,none,moderate,moderate,weak,none,none,strong,none,none,none,none,none,none,none,none,"Actor 08 said “The juice of lemons makes fine punch.”, with *normal* **speech rate**, *higher* **pitch**, *louder* **loudness**, while **looking at the camera**, while *nodding*, and *weak* **raised inner eyebrows**, *weak* **raised outer eyebrows**, *moderate* **raised upper eyelids**, *moderate* **raised cheeks**, *weak* **tightened eyelids**, and *strong* **a smile**."
S_08_03_07_1_1,08,happiness,7,1,1,The box was thrown beside the parked truck.,normal,normal,normal,front,none,weak,none,none,none,weak,none,none,none,weak,none,none,none,none,none,none,none,none,"Actor 08 said “The box was thrown beside the parked truck.”, with *normal* **speech rate**, *normal* **pitch**, *normal* **loudness**, while **looking at the camera**, and *weak* **raised inner eyebrows**, *weak* **raised cheeks**, and *weak* **a smile**."
S_08_03_08_1_1,08,happiness,8,1,1,The hogs were fed chopped corn and garbage.,normal,normal,normal,front,none,weak,none,none,none,weak,none,none,none,weak,none,none,none,none,none,none,none,none,"Actor 08 said “The hogs were fed chopped corn and garbage.”, with *normal* **speech rate**, *normal* **pitch**, *normal* **loudness**, while **looking at the camera**, and *weak* **raised inner eyebrows**, *weak* **raised cheeks**, and *weak* **a smile**."
S_08_03_08_2_1,08,happiness,8,2,1,The hogs were fed chopped corn and garbage.,fast,higher,louder,front,nodding,weak,moderate,none,none,strong,none,none,none,strong,none,none,none,none,none,moderate,none,none,"Actor 08 said “The hogs were fed chopped corn and garbage.”, with *fast* **speech rate**, *higher* **pitch**, *louder* **loudness**, while **looking at the camera**, while *nodding*, and *weak* **raised inner eyebrows**, *moderate* **raised outer eyebrows**, *strong* **raised cheeks**, *strong* **a smile**, and *moderate* **parted lips**."
S_08_03_09_1_1,08,happiness,9,1,1,Four hours of steady work faced us.,normal,normal,normal,front,none,weak,none,none,none,weak,none,none,none,weak,none,none,none,none,none,none,none,none,"Actor 08 said “Four hours of steady work faced us.”, with *normal* **speech rate**, *normal* **pitch**, *normal* **loudness**, while **looking at the camera**, and *weak* **raised inner eyebrows**, *weak* **raised cheeks**, and *weak* **a smile**."
S_08_03_09_2_1,08,happiness,9,2,1,Four hours of steady work faced us.,normal,higher,louder,front,nodding,weak,none,none,none,weak,none,none,none,strong,none,none,none,none,none,weak,none,none,"Actor 08 said “Four hours of steady work faced us.”, with *normal* **speech rate**, *higher* **pitch**, *louder* **loudness**, while **looking at the camera**, while *nodding*, and *weak* **raised inner eyebrows**, *weak* **raised cheeks**, *strong* **a smile**, and *weak* **parted lips**."
S_08_03_10_1_1,08,happiness,10,1,1,A large size in stockings is hard to sell.,normal,normal,normal,front,none,weak,none,none,none,weak,none,none,none,weak,none,none,none,none,none,none,none,none,"Actor 08 said “A large size in stockings is hard to sell.”, with *normal* **speech rate**, *normal* **pitch**, *normal* **loudness**, while **looking at the camera**, and *weak* **raised inner eyebrows**, *weak* **raised cheeks**, and *weak* **a smile**."
S_08_03_10_2_1,08,happiness,10,2,1,A large size in stockings is hard to sell.,normal,higher,louder,front,nodding,none,weak,none,moderate,moderate,weak,none,none,strong,none,none,none,none,none,none,none,none,"Actor 08 said “A large size in stockings is hard to sell.”, with *normal* **speech rate**, *higher* **pitch**, *louder* **loudness**, while **looking at the camera**, while *nodding*, and *weak* **raised outer eyebrows**, *moderate* **raised upper eyelids**, *moderate* **raised cheeks**, *weak* **tightened eyelids**, and *strong* **a smile**."
S_08_04_01_1_1,08,sadness,1,1,1,The birch canoe slid on the smooth planks.,slow,lower,quieter,down,none,weak,none,weak,none,none,none,none,none,none,none,none,none,none,none,none,none,moderate,"Actor 08 said “The birch canoe slid on the smooth planks.”, with *slow* **speech rate**, *lower* **pitch**, *quieter* **loudness**, **gaze** *averted* (downwards), and *weak* **raised inner eyebrows**, *weak* **lowered brows**, and *moderate* **blinking**."
S_08_04_01_2_1,08,sadness,1,2,1,The birch canoe slid on the smooth planks.,slow,lower,quieter,down,none,strong,none,strong,none,none,weak,none,weak,none,none,moderate,none,none,none,none,weak,moderate,"Actor 08 said “The birch canoe slid on the smooth planks.”, with *slow* **speech rate**, *lower* **pitch**, *quieter* **loudness**, **gaze** *averted* (downwards), and *strong* **raised inner eyebrows**, *strong* **lowered brows**, *weak* **tightened eyelids**, *weak* **raised upper lip**, *moderate* **downturned mouth corners**, *weak* **a dropped jaw**, and *moderate* **blinking**."
S_08_04_02_1_1,08,sadness,2,1,1,Glue the sheet to the dark blue background.,slow,lower,quieter,down,none,weak,none,weak,none,none,none,none,none,none,none,none,none,none,none,none,none,moderate,"Actor 08 said “Glue the sheet to the dark blue background.”, with *slow* **speech rate**, *lower* **pitch**, *quieter* **loudness**, **gaze** *averted* (downwards), and *weak* **raised inner eyebrows**, *weak* **lowered brows**, and *moderate* **blinking**."
S_08_04_02_2_1,08,sadness,2,2,1,Glue the sheet to the dark blue background.,slow,lower,quieter,down,none,strong,none,strong,weak,none,none,none,none,none,none,moderate,none,none,none,weak,weak,none,"Actor 08 said “Glue the sheet to the dark blue background.”, with *slow* **speech rate**, *lower* **pitch**, *quieter* **loudness**, **gaze** *averted* (downwards), and *strong* **raised inner eyebrows**, *strong* **lowered brows**, *weak* **raised upper eyelids**, *moderate* **downturned mouth corners**, *weak* **parted lips**, and *weak* **a dropped jaw**."
S_08_04_03_1_1,08,sadness,3,1,1,It's easy to tell the depth of a well.,slow,lower,quieter,down,none,weak,none,moderate,none,none,weak,none,none,none,none,none,none,none,none,none,none,moderate,"Actor 08 said “It's easy to tell the depth of a well.”, with *slow* **speech rate**, *lower* **pitch**, *quieter* **loudness**, **gaze** *averted* (downwards), and *weak* **raised inner eyebrows**, *moderate* **lowered brows**, *weak* **tightened eyelids**, and *moderate* **blinking**."
S_08_04_03_2_1,08,sadness,3,2,1,It's easy to tell the depth of a well.,slow,lower,quieter,down,none,strong,none,strong,none,none,weak,none,weak,none,none,moderate,none,none,none,weak,none,moderate,"Actor 08 said “It's easy to tell the depth of a well.”, with *slow* **speech rate**, *lower* **pitch**, *quieter* **loudness**, **gaze** *averted* (downwards), and *strong* **raised inner eyebrows**, *strong* **lowered brows**, *weak* **tightened eyelids**, *weak* **raised upper lip**, *moderate* **downturned mouth corners**, *weak* **parted lips**, and *moderate* **blinking**."
S_08_04_04_1_1,08,sadness,4,1,1,These days a chicken leg is a rare dish.,slow,lower,quieter,down,none,weak,none,weak,none,none,none,none,none,none,none,none,none,none,none,none,none,moderate,"Actor 08 said “These days a chicken leg is a rare dish.”, with *slow* **speech rate**, *lower* **pitch**, *quieter* **loudness**, **gaze** *averted* (downwards), and *weak* **raised inner eyebrows**, *weak* **lowered brows**, and *moderate* **blinking**."
S_08_04_04_2_1,08,sadness,4,2,1,These days a chicken leg is a rare dish.,slow,lower,quieter,down,none,strong,none,strong,none,none,none,none,none,none,none,strong,none,none,none,strong,none,moderate,"Actor 08 said “These days a chicken leg is a rare dish.”, with *slow* **speech rate**, *lower* **pitch**, *quieter* **loudness**, **gaze** *averted* (downwards), and *strong* **raised inner eyebrows**, *strong* **lowered brows**, *strong* **downturned mouth corners**, *strong* **parted lips**, and *moderate* **blinking**."
S_08_04_05_1_1,08,sadness,5,1,1,Rice is often served in round bowls.,slow,lower,quieter,down,none,weak,none,weak,none,none,none,none,none,none,none,none,none,none,none,none,none,none,"Actor 08 said “Rice is often served in round bowls.”, with *slow* **speech rate**, *lower* **pitch**, *quieter* **loudness**, **gaze** *averted* (downwards), and *weak* **raised inner eyebrows** and *weak* **lowered brows**."
S_08_04_05_2_1,08,sadness,5,2,1,Rice is often served in round bowls.,slow,lower,quieter,down,none,strong,none,strong,none,none,weak,none,weak,none,none,moderate,none,none,none,weak,weak,moderate,"Actor 08 said “Rice is often served in round bowls.”, with *slow* **speech rate**, *lower* **pitch**, *quieter* **loudness**, **gaze** *averted* (downwards), and *strong* **raised inner eyebrows**, *strong* **lowered brows**, *weak* **tightened eyelids**, *weak* **raised upper lip**, *moderate* **downturned mouth corners**, *weak* **parted lips**, *weak* **a dropped jaw**, and *moderate* **blinking**."
S_08_04_06_1_1,08,sadness,6,1,1,The juice of lemons makes fine punch.,slow,lower,quieter,down,none,weak,none,weak,none,none,none,none,none,none,none,none,none,none,none,none,none,weak,"Actor 08 said “The juice of lemons makes fine punch.”, with *slow* **speech rate**, *lower* **pitch**, *quieter* **loudness**, **gaze** *averted* (downwards), and *weak* **raised inner eyebrows**, *weak* **lowered brows**, and *weak* **blinking**."
S_08_04_06_2_1,08,sadness,6,2,1,The juice of lemons makes fine punch.,slow,lower,quieter,down,none,strong,none,strong,weak,none,none,none,none,none,none,moderate,none,none,none,weak,none,none,"Actor 08 said “The juice of lemons makes fine punch.”, with *slow* **speech rate**, *lower* **pitch**, *quieter* **loudness**, **gaze** *averted* (downwards), and *strong* **raised inner eyebrows**, *strong* **lowered brows**, *weak* **raised upper eyelids**, *moderate* **downturned mouth corners**, and *weak* **parted lips**."
S_08_04_07_1_1,08,sadness,7,1,1,The box was thrown beside the parked truck.,slow,lower,quieter,down,none,weak,none,weak,none,none,none,none,none,none,none,none,none,none,none,none,none,moderate,"Actor 08 said “The box was thrown beside the parked truck.”, with *slow* **speech rate**, *lower* **pitch**, *quieter* **loudness**, **gaze** *averted* (downwards), and *weak* **raised inner eyebrows**, *weak* **lowered brows**, and *moderate* **blinking**."
S_08_04_07_2_1,08,sadness,7,2,1,The box was thrown beside the parked truck.,slow,lower,quieter,down,none,strong,none,strong,weak,none,none,none,none,none,none,moderate,none,none,none,weak,weak,none,"Actor 08 said “The box was thrown beside the parked truck.”, with *slow* **speech rate**, *lower* **pitch**, *quieter* **loudness**, **gaze** *averted* (downwards), and *strong* **raised inner eyebrows**, *strong* **lowered brows**, *weak* **raised upper eyelids**, *moderate* **downturned mouth corners**, *weak* **parted lips**, and *weak* **a dropped jaw**."
S_08_04_08_1_1,08,sadness,8,1,1,The hogs were fed chopped corn and garbage.,slow,lower,quieter,down,none,weak,none,weak,none,none,none,none,none,none,none,none,none,none,none,weak,none,moderate,"Actor 08 said “The hogs were fed chopped corn and garbage.”, with *slow* **speech rate**, *lower* **pitch**, *quieter* **loudness**, **gaze** *averted* (downwards), and *weak* **raised inner eyebrows**, *weak* **lowered brows**, *weak* **parted lips**, and *moderate* **blinking**."
S_08_04_08_2_1,08,sadness,8,2,1,The hogs were fed chopped corn and garbage.,slow,lower,quieter,down,none,strong,none,strong,none,none,weak,none,weak,none,none,moderate,none,none,none,moderate,none,moderate,"Actor 08 said “The hogs were fed chopped corn and garbage.”, with *slow* **speech rate**, *lower* **pitch**, *quieter* **loudness**, **gaze** *averted* (downwards), and *strong* **raised inner eyebrows**, *strong* **lowered brows**, *weak* **tightened eyelids**, *weak* **raised upper lip**, *moderate* **downturned mouth corners**, *moderate* **parted lips**, and *moderate* **blinking**."
S_08_04_09_1_1,08,sadness,9,1,1,Four hours of steady work faced us.,slow,lower,quieter,down,none,weak,none,weak,none,none,none,none,none,none,none,none,none,none,none,none,none,weak,"Actor 08 said “Four hours of steady work faced us.”, with *slow* **speech rate**, *lower* **pitch**, *quieter* **loudness**, **gaze** *averted* (downwards), and *weak* **raised inner eyebrows**, *weak* **lowered brows**, and *weak* **blinking**."
S_08_04_09_2_1,08,sadness,9,2,1,Four hours of steady work faced us.,slow,lower,quieter,down,none,strong,none,strong,none,none,weak,none,weak,none,none,moderate,none,none,none,weak,none,moderate,"Actor 08 said “Four hours of steady work faced us.”, with *slow* **speech rate**, *lower* **pitch**, *quieter* **loudness**, **gaze** *averted* (downwards), and *strong* **raised inner eyebrows**, *strong* **lowered brows**, *weak* **tightened eyelids**, *weak* **raised upper lip**, *moderate* **downturned mouth corners**, *weak* **parted lips**, and *moderate* **blinking**."
S_08_04_10_1_1,08,sadness,10,1,1,A large size in stockings is hard to sell.,slow,lower,quieter,down,none,weak,none,weak,none,none,none,none,none,none,none,none,none,none,none,weak,none,moderate,"Actor 08 said “A large size in stockings is hard to sell.”, with *slow* **speech rate**, *lower* **pitch**, *quieter* **loudness**, **gaze** *averted* (downwards), and *weak* **raised inner eyebrows**, *weak* **lowered brows**, *weak* **parted lips**, and *moderate* **blinking**."
S_08_04_10_2_1,08,sadness,10,2,1,A large size in stockings is hard to sell.,slow,lower,quieter,down,none,strong,none,strong,none,none,weak,none,weak,none,none,strong,none,none,none,moderate,weak,moderate,"Actor 08 said “A large size in stockings is hard to sell.”, with *slow* **speech rate**, *lower* **pitch**, *quieter* **loudness**, **gaze** *averted* (downwards), and *strong* **raised inner eyebrows**, *strong* **lowered brows**, *weak* **tightened eyelids**, *weak* **raised upper lip**, *strong* **downturned mouth corners**, *moderate* **parted lips**, *weak* **a dropped jaw**, and *moderate* **blinking**."
S_08_05_01_1_1,08,disgust,1,1,1,The birch canoe slid on the smooth planks.,normal,normal,normal,front,none,none,none,weak,none,none,none,weak,none,none,none,none,none,none,none,none,none,none,"Actor 08 said “The birch canoe slid on the smooth planks.”, with *normal* **speech rate**, *normal* **pitch**, *normal* **loudness**, while **looking at the camera**, and *weak* **lowered brows** and *weak* **wrinkled nose**."
S_08_05_01_2_1,08,disgust,1,2,1,The birch canoe slid on the smooth planks.,normal,lower,normal,down,none,moderate,none,strong,none,none,strong,strong,strong,none,none,moderate,none,none,none,weak,moderate,strong,"Actor 08 said “The birch canoe slid on the smooth planks.”, with *normal* **speech rate**, *lower* **pitch**, *normal* **loudness**, **gaze** *averted* (downwards), and *moderate* **raised inner eyebrows**, *strong* **lowered brows**, *strong* **tightened eyelids**, *strong* **wrinkled nose**, *strong* **raised upper lip**, *moderate* **downturned mouth corners**, *weak* **parted lips**, *moderate* **a dropped jaw**, and *strong* **blinking**."
S_08_05_02_1_1,08,disgust,2,1,1,Glue the sheet to the dark blue background.,normal,normal,normal,front,none,none,none,weak,none,none,none,none,none,none,none,none,none,none,none,none,none,none,"Actor 08 said “Glue the sheet to the dark blue background.”, with *normal* **speech rate**, *normal* **pitch**, *normal* **loudness**, while **looking at the camera**, and *weak* **lowered brows**."
S_08_05_02_2_1,08,disgust,2,2,1,Glue the sheet to the dark blue background.,normal,lower,normal,down,none,moderate,none,strong,none,none,none,strong,strong,none,none,none,none,none,none,moderate,none,none,"Actor 08 said “Glue the sheet to the dark blue background.”, with *normal* **speech rate**, *lower* **pitch**, *normal* **loudness**, **gaze** *averted* (downwards), and *moderate* **raised inner eyebrows**, *strong* **lowered brows**, *strong* **wrinkled nose**, *strong* **raised upper lip**, and *moderate* **parted lips**."
S_08_05_03_1_1,08,disgust,3,1,1,It's easy to tell the depth of a well.,slow,lower,normal,down,none,weak,none,moderate,none,none,weak,weak,none,none,none,none,none,none,none,none,none,none,"Actor 08 said “It's easy to tell the depth of a well.”, with *slow* **speech rate**, *lower* **pitch**, *normal* **loudness**, **gaze** *averted* (downwards), and *weak* **raised inner eyebrows**, *moderate* **lowered brows**, *weak* **tightened eyelids**, and *weak* **wrinkled nose**."
S_08_05_03_2_1,08,disgust,3,2,1,It's easy to tell the depth of a well.,normal,lower,normal,down,none,moderate,none,strong,moderate,weak,moderate,strong,strong,none,none,none,none,none,moderate,strong,none,strong,"Actor 08 said “It's easy to tell the depth of a well.”, with *normal* **speech rate**, *lower* **pitch**, *normal* **loudness**, **gaze** *averted* (downwards), and *moderate* **raised inner eyebrows**, *strong* **lowered brows**, *moderate* **raised upper eyelids**, *weak* **raised cheeks**, *moderate* **tightened eyelids**, *strong* **wrinkled nose**, *strong* **raised upper lip**, *moderate* **tightened lips**, *strong* **parted lips**, and *strong* **blinking**."
S_08_05_04_1_1,08,disgust,4,1,1,These days a chicken leg is a rare dish.,normal,normal,normal,front,none,none,none,weak,none,none,none,none,weak,none,none,none,none,none,none,none,none,none,"Actor 08 said “These days a chicken leg is a rare dish.”, with *normal* **speech rate**, *normal* **pitch**, *normal* **loudness**, while **looking at the camera**, and *weak* **lowered brows** and *weak* **raised upper lip**."
S_08_05_04_2_1,08,disgust,4,2,1,These days a chicken leg is a rare dish.,slow,lower,normal,front,none,weak,none,strong,none,none,weak,moderate,none,none,none,none,none,none,moderate,none,none,strong,"Actor 08 said “These days a chicken leg is a rare dish.”, with *slow* **speech rate**, *lower* **pitch**, *normal* **loudness**, while **looking at the camera**, and *weak* **raised inner eyebrows**, *strong* **lowered brows**, *weak* **tightened eyelids**, *moderate* **wrinkled nose**, *moderate* **tightened lips**, and *strong* **blinking**."
S_08_05_05_1_1,08,disgust,5,1,1,Rice is often served in round bowls.,normal,normal,normal,front,none,none,none,weak,none,none,none,none,none,none,none,none,none,none,none,none,none,none,"Actor 08 said “Rice is often served in round bowls.”, with *normal* **speech rate**, *normal* **pitch**, *normal* **loudness**, while **looking at the camera**, and *weak* **lowered brows**."
S_08_05_06_1_1,08,disgust,6,1,1,The juice of lemons makes fine punch.,normal,normal,normal,front,none,none,none,weak,none,none,none,none,weak,none,none,none,none,none,none,none,weak,none,"Actor 08 said “The juice of lemons makes fine punch.”, with *normal* **speech rate**, *normal* **pitch**, *normal* **loudness**, while **looking at the camera**, and *weak* **lowered brows**, *weak* **raised upper lip**, and *weak* **a dropped jaw**."
S_08_05_06_2_1,08,disgust,6,2,1,The juice of lemons makes fine punch.,slow,lower,quieter,down,shaking,moderate,none,strong,weak,none,none,strong,strong,none,none,moderate,none,none,none,strong,moderate,strong,"Actor 08 said “The juice of lemons makes fine punch.”, with *slow* **speech rate**, *lower* **pitch**, *quieter* **loudness**, **gaze** *averted* (downwards), while *shaking* their **head**, and *moderate* **raised inner eyebrows**, *strong* **lowered brows**, *weak* **raised upper eyelids**, *strong* **wrinkled nose**, *strong* **raised upper lip**, *moderate* **downturned mouth corners**, *strong* **parted lips**, *moderate* **a dropped jaw**, and *strong* **blinking**."
S_08_05_07_1_1,08,disgust,7,1,1,The box was thrown beside the parked truck.,normal,normal,normal,front,none,none,none,weak,none,none,none,none,none,none,none,none,none,none,none,none,none,none,"Actor 08 said “The box was thrown beside the parked truck.”, with *normal* **speech rate**, *normal* **pitch**, *normal* **loudness**, while **looking at the camera**, and *weak* **lowered brows**."
S_08_05_07_2_1,08,disgust,7,2,1,The box was thrown beside the parked truck.,normal,higher,louder,front,none,moderate,none,strong,moderate,weak,weak,strong,moderate,none,none,none,none,none,weak,strong,none,none,"Actor 08 said “The box was thrown beside the parked truck.”, with *normal* **speech rate**, *higher* **pitch**, *louder* **loudness**, while **looking at the camera**, and *moderate* **raised inner eyebrows**, *strong* **lowered brows**, *moderate* **raised upper eyelids**, *weak* **raised cheeks**, *weak* **tightened eyelids**, *strong* **wrinkled nose**, *moderate* **raised upper lip**, *weak* **tightened lips**, and *strong* **parted lips**."
S_08_05_08_1_1,08,disgust,8,1,1,The hogs were fed chopped corn and garbage.,normal,normal,normal,front,none,none,none,weak,none,none,none,none,weak,none,none,none,none,none,none,none,weak,none,"Actor 08 said “The hogs were fed chopped corn and garbage.”, with *normal* **speech rate**, *normal* **pitch**, *normal* **loudness**, while **looking at the camera**, and *weak* **lowered brows**, *weak* **raised upper lip**, and *weak* **a dropped jaw**."
S_08_05_08_2_1,08,disgust,8,2,1,The hogs were fed chopped corn and garbage.,slow,lower,louder,front,none,weak,none,strong,none,none,weak,moderate,none,none,none,none,none,none,moderate,none,none,strong,"Actor 08 said “The hogs were fed chopped corn and garbage.”, with *slow* **speech rate**, *lower* **pitch**, *louder* **loudness**, while **looking at the camera**, and *weak* **raised inner eyebrows**, *strong* **lowered brows**, *weak* **tightened eyelids**, *moderate* **wrinkled nose**, *moderate* **tightened lips**, and *strong* **blinking**."
S_08_05_09_1_1,08,disgust,9,1,1,Four hours of steady work faced us.,normal,normal,normal,front,none,none,none,weak,none,none,none,none,none,none,none,none,none,none,none,none,none,none,"Actor 08 said “Four hours of steady work faced us.”, with *normal* **speech rate**, *normal* **pitch**, *normal* **loudness**, while **looking at the camera**, and *weak* **lowered brows**."
S_08_05_09_2_1,08,disgust,9,2,1,Four hours of steady work faced us.,normal,higher,louder,front,none,weak,none,strong,strong,none,strong,strong,strong,none,moderate,none,none,none,none,strong,none,none,"Actor 08 said “Four hours of steady work faced us.”, with *normal* **speech rate**, *higher* **pitch**, *louder* **loudness**, while **looking at the camera**, and *weak* **raised inner eyebrows**, *strong* **lowered brows**, *strong* **raised upper eyelids**, *strong* **tightened eyelids**, *strong* **wrinkled nose**, *strong* **raised upper lip**, *moderate* **a tight smile**, and *strong* **parted lips**."
S_08_05_10_1_1,08,disgust,10,1,1,A large size in stockings is hard to sell.,normal,normal,normal,front,none,none,none,weak,none,none,none,none,weak,none,none,none,none,none,none,none,none,none,"Actor 08 said “A large size in stockings is hard to sell.”, with *normal* **speech rate**, *normal* **pitch**, *normal* **loudness**, while **looking at the camera**, and *weak* **lowered brows** and *weak* **raised upper lip**."
S_08_05_10_2_1,08,disgust,10,2,1,A large size in stockings is hard to sell.,normal,lower,normal,down,none,weak,none,strong,none,none,none,moderate,weak,none,none,none,none,none,moderate,none,none,none,"Actor 08 said “A large size in stockings is hard to sell.”, with *normal* **speech rate**, *lower* **pitch**, *normal* **loudness**, **gaze** *averted* (downwards), and *weak* **raised inner eyebrows**, *strong* **lowered brows**, *moderate* **wrinkled nose**, *weak* **raised upper lip**, and *moderate* **tightened lips**."
S_08_06_01_1_1,08,surprise,1,1,1,The birch canoe slid on the smooth planks.,normal,higher,normal,front,none,weak,none,none,weak,none,none,none,none,none,none,none,none,none,none,none,weak,none,"Actor 08 said “The birch canoe slid on the smooth planks.”, with *normal* **speech rate**, *higher* **pitch**, *normal* **loudness**, while **looking at the camera**, and *weak* **raised inner eyebrows**, *weak* **raised upper eyelids**, and *weak* **a dropped jaw**."
S_08_06_01_2_1,08,surprise,1,2,1,The birch canoe slid on the smooth planks.,fast,higher,louder,front,none,weak,moderate,strong,strong,none,weak,none,none,none,none,none,none,none,none,moderate,weak,none,"Actor 08 said “The birch canoe slid on the smooth planks.”, with *fast* **speech rate**, *higher* **pitch**, *louder* **loudness**, while **looking at the camera**, and *weak* **raised inner eyebrows**, *moderate* **raised outer eyebrows**, *strong* **lowered brows**, *strong* **raised upper eyelids**, *weak* **tightened eyelids**, *moderate* **parted lips**, and *weak* **a dropped jaw**."
S_08_06_02_1_1,08,surprise,2,1,1,Glue the sheet to the dark blue background.,fast,higher,louder,front,none,weak,none,weak,weak,none,none,none,none,none,none,none,none,none,none,strong,none,none,"Actor 08 said “Glue the sheet to the dark blue background.”, with *fast* **speech rate**, *higher* **pitch**, *louder* **loudness**, while **looking at the camera**, and *weak* **raised inner eyebrows**, *weak* **lowered brows**, *weak* **raised upper eyelids**, and *strong* **parted lips**."
S_08_06_02_2_1,08,surprise,2,2,1,Glue the sheet to the dark blue background.,fast,higher,louder,front,none,strong,strong,strong,strong,none,weak,none,none,none,none,none,none,none,none,moderate,weak,none,"Actor 08 said “Glue the sheet to the dark blue background.”, with *fast* **speech rate**, *higher* **pitch**, *louder* **loudness**, while **looking at the camera**, and *strong* **raised inner eyebrows**, *strong* **raised outer eyebrows**, *strong* **lowered brows**, *strong* **raised upper eyelids**, *weak* **tightened eyelids**, *moderate* **parted lips**, and *weak* **a dropped jaw**."
S_08_06_03_1_1,08,surprise,3,1,1,It's easy to tell the depth of a well.,fast,higher,normal,front,none,weak,weak,none,weak,none,none,none,none,none,none,none,none,none,none,moderate,none,none,"Actor 08 said “It's easy to tell the depth of a well.”, with *fast* **speech rate**, *higher* **pitch**, *normal* **loudness**, while **looking at the camera**, and *weak* **raised inner eyebrows**, *weak* **raised outer eyebrows**, *weak* **raised upper eyelids**, and *moderate* **parted lips**."
S_08_06_03_2_1,08,surprise,3,2,1,It's easy to tell the depth of a well.,fast,higher,louder,front,none,weak,moderate,strong,strong,none,weak,none,none,none,none,none,none,none,none,moderate,weak,none,"Actor 08 said “It's easy to tell the depth of a well.”, with *fast* **speech rate**, *higher* **pitch**, *louder* **loudness**, while **looking at the camera**, and *weak* **raised inner eyebrows**, *moderate* **raised outer eyebrows**, *strong* **lowered brows**, *strong* **raised upper eyelids**, *weak* **tightened eyelids**, *moderate* **parted lips**, and *weak* **a dropped jaw**."
S_08_06_04_1_1,08,surprise,4,1,1,These days a chicken leg is a rare dish.,normal,higher,normal,front,none,weak,none,none,none,none,none,none,none,none,none,none,none,none,none,none,weak,none,"Actor 08 said “These days a chicken leg is a rare dish.”, with *normal* **speech rate**, *higher* **pitch**, *normal* **loudness**, while **looking at the camera**, and *weak* **raised inner eyebrows** and *weak* **a dropped jaw**."
S_08_06_04_2_1,08,surprise,4,2,1,These days a chicken leg is a rare dish.,fast,higher,louder,front,none,weak,moderate,strong,strong,none,weak,none,none,none,none,none,none,none,none,moderate,weak,moderate,"Actor 08 said “These days a chicken leg is a rare dish.”, with *fast* **speech rate**, *higher* **pitch**, *louder* **loudness**, while **looking at the camera**, and *weak* **raised inner eyebrows**, *moderate* **raised outer eyebrows**, *strong* **lowered brows**, *strong* **raised upper eyelids**, *weak* **tightened eyelids**, *moderate* **parted lips**, *weak* **a dropped jaw**, and *moderate* **blinking**."
S_08_06_05_1_1,08,surprise,5,1,1,Rice is often served in round bowls.,normal,higher,normal,front,none,weak,none,none,weak,none,none,none,none,none,none,none,none,none,none,none,weak,none,"Actor 08 said “Rice is often served in round bowls.”, with *normal* **speech rate**, *higher* **pitch**, *normal* **loudness**, while **looking at the camera**, and *weak* **raised inner eyebrows**, *weak* **raised upper eyelids**, and *weak* **a dropped jaw**."
S_08_06_05_2_1,08,surprise,5,2,1,Rice is often served in round bowls.,fast,higher,louder,front,none,weak,moderate,strong,strong,none,weak,none,none,none,none,none,none,none,none,moderate,weak,none,"Actor 08 said “Rice is often served in round bowls.”, with *fast* **speech rate**, *higher* **pitch**, *louder* **loudness**, while **looking at the camera**, and *weak* **raised inner eyebrows**, *moderate* **raised outer eyebrows**, *strong* **lowered brows**, *strong* **raised upper eyelids**, *weak* **tightened eyelids**, *moderate* **parted lips**, and *weak* **a dropped jaw**."
S_08_06_06_1_1,08,surprise,6,1,1,The juice of lemons makes fine punch.,normal,higher,normal,front,none,weak,weak,none,none,none,none,none,none,none,none,none,none,none,none,none,weak,none,"Actor 08 said “The juice of lemons makes fine punch.”, with *normal* **speech rate**, *higher* **pitch**, *normal* **loudness**, while **looking at the camera**, and *weak* **raised inner eyebrows**, *weak* **raised outer eyebrows**, and *weak* **a dropped jaw**."
S_08_06_06_2_1,08,surprise,6,2,1,The juice of lemons makes fine punch.,fast,higher,louder,up,none,weak,moderate,strong,strong,none,strong,none,none,none,none,none,none,none,none,strong,none,none,"Actor 08 said “The juice of lemons makes fine punch.”, with *fast* **speech rate**, *higher* **pitch**, *louder* **loudness**, **gaze** *averted* (upwards), and *weak* **raised inner eyebrows**, *moderate* **raised outer eyebrows**, *strong* **lowered brows**, *strong* **raised upper eyelids**, *strong* **tightened eyelids**, and *strong* **parted lips**."
S_08_06_07_1_1,08,surprise,7,1,1,The box was thrown beside the parked truck.,normal,higher,normal,front,none,weak,none,none,none,none,none,none,none,none,none,none,none,none,none,none,weak,none,"Actor 08 said “The box was thrown beside the parked truck.”, with *normal* **speech rate**, *higher* **pitch**, *normal* **loudness**, while **looking at the camera**, and *weak* **raised inner eyebrows** and *weak* **a dropped jaw**."
S_08_06_07_2_1,08,surprise,7,2,1,The box was thrown beside the parked truck.,fast,higher,louder,front,none,weak,moderate,strong,moderate,weak,none,none,none,none,none,none,none,none,none,strong,none,none,"Actor 08 said “The box was thrown beside the parked truck.”, with *fast* **speech rate**, *higher* **pitch**, *louder* **loudness**, while **looking at the camera**, and *weak* **raised inner eyebrows**, *moderate* **raised outer eyebrows**, *strong* **lowered brows**, *moderate* **raised upper eyelids**, *weak* **raised cheeks**, and *strong* **parted lips**."
S_08_06_08_1_1,08,surprise,8,1,1,The hogs were fed chopped corn and garbage.,normal,higher,normal,front,none,weak,none,none,none,none,none,none,none,none,none,none,none,none,none,none,weak,none,"Actor 08 said “The hogs were fed chopped corn and garbage.”, with *normal* **speech rate**, *higher* **pitch**, *normal* **loudness**, while **looking at the camera**, and *weak* **raised inner eyebrows** and *weak* **a dropped jaw**."
S_08_06_08_2_1,08,surprise,8,2,1,The hogs were fed chopped corn and garbage.,fast,higher,louder,front,none,weak,moderate,strong,strong,none,weak,none,none,none,none,none,none,none,none,moderate,weak,none,"Actor 08 said “The hogs were fed chopped corn and garbage.”, with *fast* **speech rate**, *higher* **pitch**, *louder* **loudness**, while **looking at the camera**, and *weak* **raised inner eyebrows**, *moderate* **raised outer eyebrows**, *strong* **lowered brows**, *strong* **raised upper eyelids**, *weak* **tightened eyelids**, *moderate* **parted lips**, and *weak* **a dropped jaw**."
S_08_06_09_1_1,08,surprise,9,1,1,Four hours of steady work faced us.,normal,higher,normal,front,none,weak,weak,none,none,none,none,none,none,none,none,none,none,none,none,none,weak,none,"Actor 08 said “Four hours of steady work faced us.”, with *normal* **speech rate**, *higher* **pitch**, *normal* **loudness**, while **looking at the camera**, and *weak* **raised inner eyebrows**, *weak* **raised outer eyebrows**, and *weak* **a dropped jaw**."
S_08_06_09_2_1,08,surprise,9,2,1,Four hours of steady work faced us.,fast,higher,louder,front,none,weak,moderate,strong,strong,none,weak,none,none,none,none,none,none,none,none,moderate,weak,none,"Actor 08 said “Four hours of steady work faced us.”, with *fast* **speech rate**, *higher* **pitch**, *louder* **loudness**, while **looking at the camera**, and *weak* **raised inner eyebrows**, *moderate* **raised outer eyebrows**, *strong* **lowered brows**, *strong* **raised upper eyelids**, *weak* **tightened eyelids**, *moderate* **parted lips**, and *weak* **a dropped jaw**."
S_08_06_10_1_1,08,surprise,10,1,1,A large size in stockings is hard to sell.,normal,higher,normal,front,none,weak,none,none,none,none,none,none,none,none,none,none,none,none,none,none,weak,none,"Actor 08 said “A large size in stockings is hard to sell.”, with *normal* **speech rate**, *higher* **pitch**, *normal* **loudness**, while **looking at the camera**, and *weak* **raised inner eyebrows** and *weak* **a dropped jaw**."
S_08_06_10_2_1,08,surprise,10,2,1,A large size in stockings is hard to sell.,fast,higher,louder,front,none,weak,moderate,strong,strong,none,weak,none,none,none,none,none,none,none,none,moderate,weak,none,"Actor 08 said “A large size in stockings is hard to sell.”, with *fast* **speech rate**, *higher* **pitch**, *louder* **loudness**, while **looking at the camera**, and *weak* **raised inner eyebrows**, *moderate* **raised outer eyebrows**, *strong* **lowered brows**, *strong* **raised upper eyelids**, *weak* **tightened eyelids**, *moderate* **parted lips**, and *weak* **a dropped jaw**."
S_08_07_01_1_1,08,confidence,1,1,1,The birch canoe slid on the smooth planks.,normal,normal,normal,front,none,none,none,none,none,none,none,none,none,moderate,none,none,none,none,none,none,none,none,"Actor 08 said “The birch canoe slid on the smooth planks.”, with *normal* **speech rate**, *normal* **pitch**, *normal* **loudness**, while **looking at the camera**, and *moderate* **a smile**."
S_08_07_01_2_1,08,confidence,1,2,1,The birch canoe slid on the smooth planks.,normal,higher,louder,front,none,none,none,none,none,none,none,none,none,strong,none,none,moderate,none,none,none,none,none,"Actor 08 said “The birch canoe slid on the smooth planks.”, with *normal* **speech rate**, *higher* **pitch**, *louder* **loudness**, while **looking at the camera**, and *strong* **a smile** and *moderate* **raised chin**."
S_08_07_02_1_1,08,confidence,2,1,1,Glue the sheet to the dark blue background.,normal,normal,normal,front,none,none,none,none,none,none,none,none,none,none,none,none,none,none,none,none,none,none,"Actor 08 said “Glue the sheet to the dark blue background.”, with *normal* **speech rate**, *normal* **pitch**, *normal* **loudness**, and while **looking at the camera**."
S_08_07_02_2_1,08,confidence,2,2,1,Glue the sheet to the dark blue background.,normal,higher,louder,front,none,none,none,weak,none,none,none,none,none,weak,none,none,none,none,none,none,none,none,"Actor 08 said “Glue the sheet to the dark blue background.”, with *normal* **speech rate**, *higher* **pitch**, *louder* **loudness**, while **looking at the camera**, and *weak* **lowered brows** and *weak* **a smile**."
S_08_07_03_1_1,08,confidence,3,1,1,It's easy to tell the depth of a well.,normal,normal,normal,front,none,none,none,none,none,none,none,none,none,none,none,none,none,none,none,none,none,none,"Actor 08 said “It's easy to tell the depth of a well.”, with *normal* **speech rate**, *normal* **pitch**, *normal* **loudness**, and while **looking at the camera**."
S_08_07_03_2_1,08,confidence,3,2,1,It's easy to tell the depth of a well.,normal,higher,louder,front,none,none,none,weak,none,none,none,none,none,weak,none,none,none,none,none,none,none,none,"Actor 08 said “It's easy to tell the depth of a well.”, with *normal* **speech rate**, *higher* **pitch**, *louder* **loudness**, while **looking at the camera**, and *weak* **lowered brows** and *weak* **a smile**."
S_08_07_04_1_1,08,confidence,4,1,1,These days a chicken leg is a rare dish.,normal,normal,normal,front,none,none,none,none,none,none,none,none,none,none,none,none,none,none,none,none,none,none,"Actor 08 said “These days a chicken leg is a rare dish.”, with *normal* **speech rate**, *normal* **pitch**, *normal* **loudness**, and while **looking at the camera**."
S_08_07_04_2_1,08,confidence,4,2,1,These days a chicken leg is a rare dish.,slow,higher,louder,front,none,none,none,none,none,none,none,none,none,weak,none,none,strong,none,none,none,none,none,"Actor 08 said “These days a chicken leg is a rare dish.”, with *slow* **speech rate**, *higher* **pitch**, *louder* **loudness**, while **looking at the camera**, and *weak* **a smile** and *strong* **raised chin**."
S_08_07_05_1_1,08,confidence,5,1,1,Rice is often served in round bowls.,normal,normal,normal,front,none,none,none,none,none,none,none,none,none,none,none,none,none,none,none,none,none,none,"Actor 08 said “Rice is often served in round bowls.”, with *normal* **speech rate**, *normal* **pitch**, *normal* **loudness**, and while **looking at the camera**."
S_08_07_05_2_1,08,confidence,5,2,1,Rice is often served in round bowls.,normal,higher,louder,front,none,none,none,weak,none,none,none,none,none,weak,none,none,none,none,none,none,none,none,"Actor 08 said “Rice is often served in round bowls.”, with *normal* **speech rate**, *higher* **pitch**, *louder* **loudness**, while **looking at the camera**, and *weak* **lowered brows** and *weak* **a smile**."
S_08_07_06_1_1,08,confidence,6,1,1,The juice of lemons makes fine punch.,normal,normal,normal,front,none,none,none,none,none,none,none,none,none,none,none,none,none,none,none,none,none,none,"Actor 08 said “The juice of lemons makes fine punch.”, with *normal* **speech rate**, *normal* **pitch**, *normal* **loudness**, and while **looking at the camera**."
S_08_07_06_2_1,08,confidence,6,2,1,The juice of lemons makes fine punch.,normal,higher,louder,front,none,none,none,none,none,none,none,none,none,strong,none,none,none,none,none,none,none,none,"Actor 08 said “The juice of lemons makes fine punch.”, with *normal* **speech rate**, *higher* **pitch**, *louder* **loudness**, while **looking at the camera**, and *strong* **a smile**."
S_08_07_07_1_1,08,confidence,7,1,1,The box was thrown beside the parked truck.,normal,normal,normal,front,none,none,none,none,none,none,none,none,none,none,none,none,none,none,none,none,none,none,"Actor 08 said “The box was thrown beside the parked truck.”, with *normal* **speech rate**, *normal* **pitch**, *normal* **loudness**, and while **looking at the camera**."
S_08_07_07_2_1,08,confidence,7,2,1,The box was thrown beside the parked truck.,normal,higher,louder,front,none,none,none,none,none,weak,none,none,none,moderate,none,none,none,none,none,none,none,none,"Actor 08 said “The box was thrown beside the parked truck.”, with *normal* **speech rate**, *higher* **pitch**, *louder* **loudness**, while **looking at the camera**, and *weak* **raised cheeks** and *moderate* **a smile**."
S_08_07_08_1_1,08,confidence,8,1,1,The hogs were fed chopped corn and garbage.,normal,normal,normal,front,none,none,none,none,none,none,none,none,none,none,none,none,none,none,none,none,none,none,"Actor 08 said “The hogs were fed chopped corn and garbage.”, with *normal* **speech rate**, *normal* **pitch**, *normal* **loudness**, and while **looking at the camera**."
S_08_07_08_2_1,08,confidence,8,2,1,The hogs were fed chopped corn and garbage.,normal,higher,louder,front,none,none,none,weak,none,none,none,none,none,weak,none,none,none,none,none,none,none,none,"Actor 08 said “The hogs were fed chopped corn and garbage.”, with *normal* **speech rate**, *higher* **pitch**, *louder* **loudness**, while **looking at the camera**, and *weak* **lowered brows** and *weak* **a smile**."
S_08_07_09_1_1,08,confidence,9,1,1,Four hours of steady work faced us.,normal,normal,normal,front,none,none,none,none,none,none,none,none,none,none,none,none,none,none,none,none,none,none,"Actor 08 said “Four hours of steady work faced us.”, with *normal* **speech rate**, *normal* **pitch**, *normal* **loudness**, and while **looking at the camera**."
S_08_07_09_2_1,08,confidence,9,2,1,Four hours of steady work faced us.,normal,higher,louder,front,none,none,none,weak,none,none,none,none,none,weak,none,none,none,none,none,none,none,none,"Actor 08 said “Four hours of steady work faced us.”, with *normal* **speech rate**, *higher* **pitch**, *louder* **loudness**, while **looking at the camera**, and *weak* **lowered brows** and *weak* **a smile**."
S_08_07_10_1_1,08,confidence,10,1,1,A large size in stockings is hard to sell.,normal,normal,normal,front,none,none,none,none,none,none,none,none,none,none,none,none,none,none,none,none,none,none,"Actor 08 said “A large size in stockings is hard to sell.”, with *normal* **speech rate**, *normal* **pitch**, *normal* **loudness**, and while **looking at the camera**."
S_08_07_10_2_1,08,confidence,10,2,1,A large size in stockings is hard to sell.,normal,higher,louder,front,none,none,none,none,none,weak,none,none,none,moderate,none,none,none,none,none,none,none,none,"Actor 08 said “A large size in stockings is hard to sell.”, with *normal* **speech rate**, *higher* **pitch**, *louder* **loudness**, while **looking at the camera**, and *weak* **raised cheeks** and *moderate* **a smile**."
S_08_08_01_1_1,08,confusion,1,1,1,The birch canoe slid on the smooth planks.,normal,normal,normal,up,tilting,weak,none,weak,none,none,none,none,none,none,none,none,none,none,none,none,none,none,"Actor 08 said “The birch canoe slid on the smooth planks.”, with *normal* **speech rate**, *normal* **pitch**, *normal* **loudness**, **gaze** *averted* (upwards), while *tilting* their **head**, and *weak* **raised inner eyebrows** and *weak* **lowered brows**."
S_08_08_01_2_1,08,confusion,1,2,1,The birch canoe slid on the smooth planks.,slow,lower,normal,front,tilting,strong,none,strong,none,none,none,none,none,none,none,none,none,none,none,strong,none,moderate,"Actor 08 said “The birch canoe slid on the smooth planks.”, with *slow* **speech rate**, *lower* **pitch**, *normal* **loudness**, while **looking at the camera**, while *tilting* their **head**, and *strong* **raised inner eyebrows**, *strong* **lowered brows**, *strong* **parted lips**, and *moderate* **blinking**."
S_08_08_02_1_1,08,confusion,2,1,1,Glue the sheet to the dark blue background.,normal,normal,normal,front,none,weak,none,weak,none,none,none,none,none,none,none,none,none,none,none,none,weak,none,"Actor 08 said “Glue the sheet to the dark blue background.”, with *normal* **speech rate**, *normal* **pitch**, *normal* **loudness**, while **looking at the camera**, and *weak* **raised inner eyebrows**, *weak* **lowered brows**, and *weak* **a dropped jaw**."
S_08_08_02_2_1,08,confusion,2,2,1,Glue the sheet to the dark blue background.,slow,higher,quieter,front,tilting,strong,weak,strong,moderate,none,moderate,none,none,none,none,none,none,none,none,weak,moderate,none,"Actor 08 said “Glue the sheet to the dark blue background.”, with *slow* **speech rate**, *higher* **pitch**, *quieter* **loudness**, while **looking at the camera**, while *tilting* their **head**, and *strong* **raised inner eyebrows**, *weak* **raised outer eyebrows**, *strong* **lowered brows**, *moderate* **raised upper eyelids**, *moderate* **tightened eyelids**, *weak* **parted lips**, and *moderate* **a dropped jaw**."
S_08_08_03_1_1,08,confusion,3,1,1,It's easy to tell the depth of a well.,normal,normal,normal,front,none,weak,none,weak,none,none,none,none,none,none,none,none,none,none,none,none,weak,none,"Actor 08 said “It's easy to tell the depth of a well.”, with *normal* **speech rate**, *normal* **pitch**, *normal* **loudness**, while **looking at the camera**, and *weak* **raised inner eyebrows**, *weak* **lowered brows**, and *weak* **a dropped jaw**."
S_08_08_03_2_1,08,confusion,3,2,1,It's easy to tell the depth of a well.,slow,higher,quieter,left,tilting,strong,weak,strong,moderate,none,moderate,weak,weak,none,none,strong,none,none,none,weak,moderate,none,"Actor 08 said “It's easy to tell the depth of a well.”, with *slow* **speech rate**, *higher* **pitch**, *quieter* **loudness**, **gaze** *averted* (to their left), while *tilting* their **head**, and *strong* **raised inner eyebrows**, *weak* **raised outer eyebrows**, *strong* **lowered brows**, *moderate* **raised upper eyelids**, *moderate* **tightened eyelids**, *weak* **wrinkled nose**, *weak* **raised upper lip**, *strong* **downturned mouth corners**, *weak* **parted lips**, and *moderate* **a dropped jaw**."
S_08_08_04_1_1,08,confusion,4,1,1,These days a chicken leg is a rare dish.,normal,normal,normal,front,none,weak,none,weak,none,none,none,none,none,none,none,none,none,none,none,none,weak,none,"Actor 08 said “These days a chicken leg is a rare dish.”, with *normal* **speech rate**, *normal* **pitch**, *normal* **loudness**, while **looking at the camera**, and *weak* **raised inner eyebrows**, *weak* **lowered brows**, and *weak* **a dropped jaw**."
S_08_08_04_2_1,08,confusion,4,2,1,These days a chicken leg is a rare dish.,slow,higher,normal,up,tilting,strong,none,strong,moderate,weak,none,none,none,none,none,none,none,none,none,strong,none,moderate,"Actor 08 said “These days a chicken leg is a rare dish.”, with *slow* **speech rate**, *higher* **pitch**, *normal* **loudness**, **gaze** *averted* (upwards), while *tilting* their **head**, and *strong* **raised inner eyebrows**, *strong* **lowered brows**, *moderate* **raised upper eyelids**, *weak* **raised cheeks**, *strong* **parted lips**, and *moderate* **blinking**."
S_08_08_05_1_1,08,confusion,5,1,1,Rice is often served in round bowls.,normal,normal,normal,front,none,weak,none,weak,none,none,none,none,none,none,none,none,none,none,none,none,weak,none,"Actor 08 said “Rice is often served in round bowls.”, with *normal* **speech rate**, *normal* **pitch**, *normal* **loudness**, while **looking at the camera**, and *weak* **raised inner eyebrows**, *weak* **lowered brows**, and *weak* **a dropped jaw**."
S_08_08_05_2_1,08,confusion,5,2,1,Rice is often served in round bowls.,slow,higher,normal,down,tilting,weak,none,strong,none,none,none,none,none,none,none,none,none,none,none,strong,none,moderate,"Actor 08 said “Rice is often served in round bowls.”, with *slow* **speech rate**, *higher* **pitch**, *normal* **loudness**, **gaze** *averted* (downwards), while *tilting* their **head**, and *weak* **raised inner eyebrows**, *strong* **lowered brows**, *strong* **parted lips**, and *moderate* **blinking**."
S_08_08_06_1_1,08,confusion,6,1,1,The juice of lemons makes fine punch.,normal,normal,normal,front,none,weak,none,weak,none,none,none,none,none,none,none,none,none,none,none,none,weak,none,"Actor 08 said “The juice of lemons makes fine punch.”, with *normal* **speech rate**, *normal* **pitch**, *normal* **loudness**, while **looking at the camera**, and *weak* **raised inner eyebrows**, *weak* **lowered brows**, and *weak* **a dropped jaw**."
S_08_08_06_2_1,08,confusion,6,2,1,The juice of lemons makes fine punch.,slow,higher,quieter,left,tilting,strong,weak,strong,weak,none,none,none,none,none,none,none,none,none,none,strong,weak,moderate,"Actor 08 said “The juice of lemons makes fine punch.”, with *slow* **speech rate**, *higher* **pitch**, *quieter* **loudness**, **gaze** *averted* (to their left), while *tilting* their **head**, and *strong* **raised inner eyebrows**, *weak* **raised outer eyebrows**, *strong* **lowered brows**, *weak* **raised upper eyelids**, *strong* **parted lips**, *weak* **a dropped jaw**, and *moderate* **blinking**."
S_08_08_07_1_1,08,confusion,7,1,1,The box was thrown beside the parked truck.,normal,normal,normal,front,none,weak,none,weak,none,none,none,none,none,none,none,none,none,none,none,none,weak,none,"Actor 08 said “The box was thrown beside the parked truck.”, with *normal* **speech rate**, *normal* **pitch**, *normal* **loudness**, while **looking at the camera**, and *weak* **raised inner eyebrows**, *weak* **lowered brows**, and *weak* **a dropped jaw**."
S_08_08_07_2_1,08,confusion,7,2,1,The box was thrown beside the parked truck.,slow,higher,quieter,left,tilting,strong,weak,strong,weak,none,none,none,none,none,none,none,none,none,none,strong,weak,moderate,"Actor 08 said “The box was thrown beside the parked truck.”, with *slow* **speech rate**, *higher* **pitch**, *quieter* **loudness**, **gaze** *averted* (to their left), while *tilting* their **head**, and *strong* **raised inner eyebrows**, *weak* **raised outer eyebrows**, *strong* **lowered brows**, *weak* **raised upper eyelids**, *strong* **parted lips**, *weak* **a dropped jaw**, and *moderate* **blinking**."
S_08_08_08_1_1,08,confusion,8,1,1,The hogs were fed chopped corn and garbage.,normal,normal,normal,front,none,weak,none,weak,none,none,none,none,none,none,none,none,none,none,none,none,weak,none,"Actor 08 said “The hogs were fed chopped corn and garbage.”, with *normal* **speech rate**, *normal* **pitch**, *normal* **loudness**, while **looking at the camera**, and *weak* **raised inner eyebrows**, *weak* **lowered brows**, and *weak* **a dropped jaw**."
S_08_08_08_2_1,08,confusion,8,2,1,The hogs were fed chopped corn and garbage.,slow,higher,normal,up,tilting,strong,weak,strong,weak,none,none,none,none,none,none,none,none,none,none,strong,weak,moderate,"Actor 08 said “The hogs were fed chopped corn and garbage.”, with *slow* **speech rate**, *higher* **pitch**, *normal* **loudness**, **gaze** *averted* (upwards), while *tilting* their **head**, and *strong* **raised inner eyebrows**, *weak* **raised outer eyebrows**, *strong* **lowered brows**, *weak* **raised upper eyelids**, *strong* **parted lips**, *weak* **a dropped jaw**, and *moderate* **blinking**."
S_08_08_09_1_1,08,confusion,9,1,1,Four hours of steady work faced us.,normal,normal,normal,front,none,weak,none,weak,none,none,none,none,none,none,none,none,none,none,none,none,weak,none,"Actor 08 said “Four hours of steady work faced us.”, with *normal* **speech rate**, *normal* **pitch**, *normal* **loudness**, while **looking at the camera**, and *weak* **raised inner eyebrows**, *weak* **lowered brows**, and *weak* **a dropped jaw**."
S_08_08_09_2_1,08,confusion,9,2,1,Four hours of steady work faced us.,slow,higher,quieter,front,tilting,strong,weak,strong,weak,none,none,none,none,none,none,none,none,none,none,strong,none,moderate,"Actor 08 said “Four hours of steady work faced us.”, with *slow* **speech rate**, *higher* **pitch**, *quieter* **loudness**, while **looking at the camera**, while *tilting* their **head**, and *strong* **raised inner eyebrows**, *weak* **raised outer eyebrows**, *strong* **lowered brows**, *weak* **raised upper eyelids**, *strong* **parted lips**, and *moderate* **blinking**."
S_08_08_10_1_1,08,confusion,10,1,1,A large size in stockings is hard to sell.,normal,normal,normal,front,none,weak,none,weak,none,none,none,none,none,none,none,none,none,none,none,none,weak,none,"Actor 08 said “A large size in stockings is hard to sell.”, with *normal* **speech rate**, *normal* **pitch**, *normal* **loudness**, while **looking at the camera**, and *weak* **raised inner eyebrows**, *weak* **lowered brows**, and *weak* **a dropped jaw**."
S_08_08_10_2_1,08,confusion,10,2,1,A large size in stockings is hard to sell.,slow,higher,normal,up,tilting,strong,weak,strong,moderate,none,moderate,none,none,none,none,none,none,none,none,weak,moderate,none,"Actor 08 said “A large size in stockings is hard to sell.”, with *slow* **speech rate**, *higher* **pitch**, *normal* **loudness**, **gaze** *averted* (upwards), while *tilting* their **head**, and *strong* **raised inner eyebrows**, *weak* **raised outer eyebrows**, *strong* **lowered brows**, *moderate* **raised upper eyelids**, *moderate* **tightened eyelids**, *weak* **parted lips**, and *moderate* **a dropped jaw**."
S_08_09_01_1_1,08,contempt,1,1,1,The birch canoe slid on the smooth planks.,slow,lower,normal,front,none,none,none,moderate,none,none,none,none,none,none,none,none,none,none,none,none,none,none,"Actor 08 said “The birch canoe slid on the smooth planks.”, with *slow* **speech rate**, *lower* **pitch**, *normal* **loudness**, while **looking at the camera**, and *moderate* **lowered brows**."
S_08_09_02_1_1,08,contempt,2,1,1,Glue the sheet to the dark blue background.,normal,normal,normal,front,none,none,none,weak,none,none,none,none,none,none,none,none,none,none,none,none,none,none,"Actor 08 said “Glue the sheet to the dark blue background.”, with *normal* **speech rate**, *normal* **pitch**, *normal* **loudness**, while **looking at the camera**, and *weak* **lowered brows**."
S_08_09_03_1_1,08,contempt,3,1,1,It's easy to tell the depth of a well.,slow,lower,normal,front,none,none,none,moderate,none,none,none,none,none,none,none,none,none,none,none,none,none,none,"Actor 08 said “It's easy to tell the depth of a well.”, with *slow* **speech rate**, *lower* **pitch**, *normal* **loudness**, while **looking at the camera**, and *moderate* **lowered brows**."
S_08_09_03_2_1,08,contempt,3,2,1,It's easy to tell the depth of a well.,normal,higher,louder,front,shaking,none,none,strong,none,none,none,weak,none,none,none,moderate,none,none,none,weak,none,none,"Actor 08 said “It's easy to tell the depth of a well.”, with *normal* **speech rate**, *higher* **pitch**, *louder* **loudness**, while **looking at the camera**, while *shaking* their **head**, and *strong* **lowered brows**, *weak* **wrinkled nose**, *moderate* **downturned mouth corners**, and *weak* **parted lips**."
S_08_09_04_1_1,08,contempt,4,1,1,These days a chicken leg is a rare dish.,slow,lower,normal,front,none,weak,none,moderate,none,none,weak,none,none,none,none,none,none,none,none,none,none,none,"Actor 08 said “These days a chicken leg is a rare dish.”, with *slow* **speech rate**, *lower* **pitch**, *normal* **loudness**, while **looking at the camera**, and *weak* **raised inner eyebrows**, *moderate* **lowered brows**, and *weak* **tightened eyelids**."
S_08_09_04_2_1,08,contempt,4,2,1,These days a chicken leg is a rare dish.,slow,lower,quieter,front,shaking,moderate,none,strong,none,none,weak,weak,none,none,none,moderate,none,none,none,weak,none,none,"Actor 08 said “These days a chicken leg is a rare dish.”, with *slow* **speech rate**, *lower* **pitch**, *quieter* **loudness**, while **looking at the camera**, while *shaking* their **head**, and *moderate* **raised inner eyebrows**, *strong* **lowered brows**, *weak* **tightened eyelids**, *weak* **wrinkled nose**, *moderate* **downturned mouth corners**, and *weak* **parted lips**."
S_08_09_05_1_1,08,contempt,5,1,1,Rice is often served in round bowls.,slow,lower,normal,down,none,weak,none,moderate,none,none,weak,none,none,none,none,none,none,none,none,none,none,none,"Actor 08 said “Rice is often served in round bowls.”, with *slow* **speech rate**, *lower* **pitch**, *normal* **loudness**, **gaze** *averted* (downwards), and *weak* **raised inner eyebrows**, *moderate* **lowered brows**, and *weak* **tightened eyelids**."
S_08_09_05_2_1,08,contempt,5,2,1,Rice is often served in round bowls.,normal,lower,normal,down,tilting,moderate,none,strong,none,none,none,strong,strong,none,none,moderate,none,none,none,none,none,moderate,"Actor 08 said “Rice is often served in round bowls.”, with *normal* **speech rate**, *lower* **pitch**, *normal* **loudness**, **gaze** *averted* (downwards), while *tilting* their **head**, and *moderate* **raised inner eyebrows**, *strong* **lowered brows**, *strong* **wrinkled nose**, *strong* **raised upper lip**, *moderate* **downturned mouth corners**, and *moderate* **blinking**."
S_08_09_06_1_1,08,contempt,6,1,1,The juice of lemons makes fine punch.,slow,lower,normal,front,none,none,none,moderate,none,none,none,none,none,none,none,none,none,none,none,none,none,none,"Actor 08 said “The juice of lemons makes fine punch.”, with *slow* **speech rate**, *lower* **pitch**, *normal* **loudness**, while **looking at the camera**, and *moderate* **lowered brows**."
S_08_09_06_2_1,08,contempt,6,2,1,The juice of lemons makes fine punch.,slow,lower,quieter,front,shaking,moderate,none,strong,none,none,weak,weak,none,none,none,moderate,none,none,none,weak,none,none,"Actor 08 said “The juice of lemons makes fine punch.”, with *slow* **speech rate**, *lower* **pitch**, *quieter* **loudness**, while **looking at the camera**, while *shaking* their **head**, and *moderate* **raised inner eyebrows**, *strong* **lowered brows**, *weak* **tightened eyelids**, *weak* **wrinkled nose**, *moderate* **downturned mouth corners**, and *weak* **parted lips**."
S_08_09_07_1_1,08,contempt,7,1,1,The box was thrown beside the parked truck.,normal,normal,normal,front,none,none,none,weak,none,none,none,none,none,none,none,moderate,none,none,none,none,none,none,"Actor 08 said “The box was thrown beside the parked truck.”, with *normal* **speech rate**, *normal* **pitch**, *normal* **loudness**, while **looking at the camera**, and *weak* **lowered brows** and *moderate* **downturned mouth corners**."
S_08_09_07_2_1,08,contempt,7,2,1,The box was thrown beside the parked truck.,normal,lower,normal,front,none,none,none,strong,none,none,none,none,none,none,none,none,none,none,none,none,none,none,"Actor 08 said “The box was thrown beside the parked truck.”, with *normal* **speech rate**, *lower* **pitch**, *normal* **loudness**, while **looking at the camera**, and *strong* **lowered brows**."
S_08_09_08_1_1,08,contempt,8,1,1,The hogs were fed chopped corn and garbage.,slow,lower,normal,front,none,none,none,moderate,none,none,none,none,none,none,none,none,none,none,none,none,none,none,"Actor 08 said “The hogs were fed chopped corn and garbage.”, with *slow* **speech rate**, *lower* **pitch**, *normal* **loudness**, while **looking at the camera**, and *moderate* **lowered brows**."
S_08_09_08_2_1,08,contempt,8,2,1,The hogs were fed chopped corn and garbage.,slow,lower,louder,down,shaking,moderate,none,strong,none,none,moderate,strong,weak,none,none,strong,none,none,strong,none,none,none,"Actor 08 said “The hogs were fed chopped corn and garbage.”, with *slow* **speech rate**, *lower* **pitch**, *louder* **loudness**, **gaze** *averted* (downwards), while *shaking* their **head**, and *moderate* **raised inner eyebrows**, *strong* **lowered brows**, *moderate* **tightened eyelids**, *strong* **wrinkled nose**, *weak* **raised upper lip**, *strong* **downturned mouth corners**, and *strong* **tightened lips**."
S_08_09_09_1_1,08,contempt,9,1,1,Four hours of steady work faced us.,normal,normal,normal,front,none,none,none,weak,none,none,none,none,none,none,none,none,none,none,none,none,none,none,"Actor 08 said “Four hours of steady work faced us.”, with *normal* **speech rate**, *normal* **pitch**, *normal* **loudness**, while **looking at the camera**, and *weak* **lowered brows**."
S_08_09_09_2_1,08,contempt,9,2,1,Four hours of steady work faced us.,normal,higher,louder,front,shaking,none,none,strong,none,none,none,weak,none,none,none,moderate,none,none,none,none,none,none,"Actor 08 said “Four hours of steady work faced us.”, with *normal* **speech rate**, *higher* **pitch**, *louder* **loudness**, while **looking at the camera**, while *shaking* their **head**, and *strong* **lowered brows**, *weak* **wrinkled nose**, and *moderate* **downturned mouth corners**."
S_08_09_10_1_1,08,contempt,10,1,1,A large size in stockings is hard to sell.,normal,normal,normal,front,none,none,none,weak,none,none,none,none,none,none,none,none,none,none,none,none,none,none,"Actor 08 said “A large size in stockings is hard to sell.”, with *normal* **speech rate**, *normal* **pitch**, *normal* **loudness**, while **looking at the camera**, and *weak* **lowered brows**."
S_08_09_10_2_1,08,contempt,10,2,1,A large size in stockings is hard to sell.,normal,higher,louder,front,shaking,none,none,strong,none,none,none,weak,none,none,none,moderate,none,none,none,none,none,none,"Actor 08 said “A large size in stockings is hard to sell.”, with *normal* **speech rate**, *higher* **pitch**, *louder* **loudness**, while **looking at the camera**, while *shaking* their **head**, and *strong* **lowered brows**, *weak* **wrinkled nose**, and *moderate* **downturned mouth corners**."
S_08_10_01_1_1,08,empathy,1,1,1,The birch canoe slid on the smooth planks.,slow,lower,normal,front,none,weak,none,none,none,none,none,none,none,none,none,none,none,none,none,none,none,none,"Actor 08 said “The birch canoe slid on the smooth planks.”, with *slow* **speech rate**, *lower* **pitch**, *normal* **loudness**, while **looking at the camera**, and *weak* **raised inner eyebrows**."
S_08_10_01_2_1,08,empathy,1,2,1,The birch canoe slid on the smooth planks.,slow,lower,quieter,down,none,weak,none,none,none,none,none,none,none,none,none,none,none,none,none,none,weak,none,"Actor 08 said “The birch canoe slid on the smooth planks.”, with *slow* **speech rate**, *lower* **pitch**, *quieter* **loudness**, **gaze** *averted* (downwards), and *weak* **raised inner eyebrows** and *weak* **a dropped jaw**."
S_08_10_02_1_1,08,empathy,2,1,1,Glue the sheet to the dark blue background.,slow,lower,quieter,front,none,weak,none,none,none,none,none,none,none,none,none,none,none,none,none,none,none,none,"Actor 08 said “Glue the sheet to the dark blue background.”, with *slow* **speech rate**, *lower* **pitch**, *quieter* **loudness**, while **looking at the camera**, and *weak* **raised inner eyebrows**."
S_08_10_02_2_1,08,empathy,2,2,1,Glue the sheet to the dark blue background.,slow,lower,quieter,down,none,weak,none,none,none,none,none,none,none,none,none,none,none,none,none,none,weak,none,"Actor 08 said “Glue the sheet to the dark blue background.”, with *slow* **speech rate**, *lower* **pitch**, *quieter* **loudness**, **gaze** *averted* (downwards), and *weak* **raised inner eyebrows** and *weak* **a dropped jaw**."
S_08_10_03_1_1,08,empathy,3,1,1,It's easy to tell the depth of a well.,slow,lower,normal,down,none,weak,none,none,none,none,none,none,none,none,none,none,none,none,none,none,weak,none,"Actor 08 said “It's easy to tell the depth of a well.”, with *slow* **speech rate**, *lower* **pitch**, *normal* **loudness**, **gaze** *averted* (downwards), and *weak* **raised inner eyebrows** and *weak* **a dropped jaw**."
S_08_10_03_2_1,08,empathy,3,2,1,It's easy to tell the depth of a well.,slow,lower,quieter,down,none,weak,none,moderate,none,none,weak,none,none,none,none,none,none,none,none,none,none,moderate,"Actor 08 said “It's easy to tell the depth of a well.”, with *slow* **speech rate**, *lower* **pitch**, *quieter* **loudness**, **gaze** *averted* (downwards), and *weak* **raised inner eyebrows**, *moderate* **lowered brows**, *weak* **tightened eyelids**, and *moderate* **blinking**."
S_08_10_04_1_1,08,empathy,4,1,1,These days a chicken leg is a rare dish.,slow,lower,quieter,front,none,weak,none,none,none,none,none,none,none,none,none,none,none,none,none,none,weak,none,"Actor 08 said “These days a chicken leg is a rare dish.”, with *slow* **speech rate**, *lower* **pitch**, *quieter* **loudness**, while **looking at the camera**, and *weak* **raised inner eyebrows** and *weak* **a dropped jaw**."
S_08_10_04_2_1,08,empathy,4,2,1,These days a chicken leg is a rare dish.,slow,lower,quieter,down,none,weak,none,moderate,none,none,weak,none,none,none,none,none,none,none,none,none,none,moderate,"Actor 08 said “These days a chicken leg is a rare dish.”, with *slow* **speech rate**, *lower* **pitch**, *quieter* **loudness**, **gaze** *averted* (downwards), and *weak* **raised inner eyebrows**, *moderate* **lowered brows**, *weak* **tightened eyelids**, and *moderate* **blinking**."
S_08_10_05_1_1,08,empathy,5,1,1,Rice is often served in round bowls.,slow,lower,normal,front,none,weak,none,none,none,none,none,none,none,none,none,none,none,none,none,none,none,none,"Actor 08 said “Rice is often served in round bowls.”, with *slow* **speech rate**, *lower* **pitch**, *normal* **loudness**, while **looking at the camera**, and *weak* **raised inner eyebrows**."
S_08_10_05_2_1,08,empathy,5,2,1,Rice is often served in round bowls.,slow,lower,quieter,down,none,weak,none,moderate,none,none,weak,none,none,none,none,none,none,none,none,none,none,moderate,"Actor 08 said “Rice is often served in round bowls.”, with *slow* **speech rate**, *lower* **pitch**, *quieter* **loudness**, **gaze** *averted* (downwards), and *weak* **raised inner eyebrows**, *moderate* **lowered brows**, *weak* **tightened eyelids**, and *moderate* **blinking**."
S_08_10_06_1_1,08,empathy,6,1,1,The juice of lemons makes fine punch.,slow,lower,quieter,front,none,weak,none,none,none,none,none,none,none,none,none,none,none,none,none,none,weak,none,"Actor 08 said “The juice of lemons makes fine punch.”, with *slow* **speech rate**, *lower* **pitch**, *quieter* **loudness**, while **looking at the camera**, and *weak* **raised inner eyebrows** and *weak* **a dropped jaw**."
S_08_10_06_2_1,08,empathy,6,2,1,The juice of lemons makes fine punch.,normal,lower,normal,front,none,moderate,none,none,none,none,none,none,none,none,none,none,none,none,none,none,none,none,"Actor 08 said “The juice of lemons makes fine punch.”, with *normal* **speech rate**, *lower* **pitch**, *normal* **loudness**, while **looking at the camera**, and *moderate* **raised inner eyebrows**."
S_08_10_07_1_1,08,empathy,7,1,1,The box was thrown beside the parked truck.,slow,lower,quieter,front,none,weak,none,none,none,none,none,none,none,none,none,none,none,none,none,none,weak,none,"Actor 08 said “The box was thrown beside the parked truck.”, with *slow* **speech rate**, *lower* **pitch**, *quieter* **loudness**, while **looking at the camera**, and *weak* **raised inner eyebrows** and *weak* **a dropped jaw**."
S_08_10_07_2_1,08,empathy,7,2,1,The box was thrown beside the parked truck.,slow,lower,quieter,down,none,weak,none,moderate,none,none,weak,none,none,none,none,none,none,none,none,none,none,moderate,"Actor 08 said “The box was thrown beside the parked truck.”, with *slow* **speech rate**, *lower* **pitch**, *quieter* **loudness**, **gaze** *averted* (downwards), and *weak* **raised inner eyebrows**, *moderate* **lowered brows**, *weak* **tightened eyelids**, and *moderate* **blinking**."
S_08_10_08_1_1,08,empathy,8,1,1,The hogs were fed chopped corn and garbage.,slow,lower,quieter,front,none,weak,none,weak,none,none,none,none,none,none,none,none,none,none,none,none,none,none,"Actor 08 said “The hogs were fed chopped corn and garbage.”, with *slow* **speech rate**, *lower* **pitch**, *quieter* **loudness**, while **looking at the camera**, and *weak* **raised inner eyebrows** and *weak* **lowered brows**."
S_08_10_08_2_1,08,empathy,8,2,1,The hogs were fed chopped corn and garbage.,slow,lower,quieter,down,none,weak,none,none,none,none,none,none,none,none,none,none,none,none,none,none,weak,none,"Actor 08 said “The hogs were fed chopped corn and garbage.”, with *slow* **speech rate**, *lower* **pitch**, *quieter* **loudness**, **gaze** *averted* (downwards), and *weak* **raised inner eyebrows** and *weak* **a dropped jaw**."
S_08_10_09_1_1,08,empathy,9,1,1,Four hours of steady work faced us.,slow,lower,quieter,front,none,weak,none,none,none,none,none,none,none,none,none,none,none,none,none,none,weak,none,"Actor 08 said “Four hours of steady work faced us.”, with *slow* **speech rate**, *lower* **pitch**, *quieter* **loudness**, while **looking at the camera**, and *weak* **raised inner eyebrows** and *weak* **a dropped jaw**."
S_08_10_09_2_1,08,empathy,9,2,1,Four hours of steady work faced us.,slow,lower,quieter,down,none,weak,none,moderate,none,none,weak,none,none,none,none,none,none,none,none,none,none,moderate,"Actor 08 said “Four hours of steady work faced us.”, with *slow* **speech rate**, *lower* **pitch**, *quieter* **loudness**, **gaze** *averted* (downwards), and *weak* **raised inner eyebrows**, *moderate* **lowered brows**, *weak* **tightened eyelids**, and *moderate* **blinking**."
S_08_10_10_1_1,08,empathy,10,1,1,A large size in stockings is hard to sell.,slow,lower,normal,front,none,weak,none,none,none,none,none,none,none,none,none,none,none,none,none,none,weak,none,"Actor 08 said “A large size in stockings is hard to sell.”, with *slow* **speech rate**, *lower* **pitch**, *normal* **loudness**, while **looking at the camera**, and *weak* **raised inner eyebrows** and *weak* **a dropped jaw**."
S_08_10_10_2_1,08,empathy,10,2,1,A large size in stockings is hard to sell.,slow,lower,quieter,down,none,weak,none,moderate,none,none,weak,none,none,none,none,none,none,none,none,none,none,moderate,"Actor 08 said “A large size in stockings is hard to sell.”, with *slow* **speech rate**, *lower* **pitch**, *quieter* **loudness**, **gaze** *averted* (downwards), and *weak* **raised inner eyebrows**, *moderate* **lowered brows**, *weak* **tightened eyelids**, and *moderate* **blinking**."
S_09_00_01_0_1,09,neutral,1,0,1,The birch canoe slid on the smooth planks.,normal,normal,normal,front,none,none,none,none,none,none,none,none,none,none,none,none,none,none,none,none,none,none,"Actor 09 said “The birch canoe slid on the smooth planks.”, with *normal* **speech rate**, *normal* **pitch**, *normal* **loudness**, and while **looking at the camera**."
S_09_00_02_0_1,09,neutral,2,0,1,Glue the sheet to the dark blue background.,normal,normal,normal,front,none,none,none,none,none,none,none,none,none,none,none,none,none,none,none,none,none,none,"Actor 09 said “Glue the sheet to the dark blue background.”, with *normal* **speech rate**, *normal* **pitch**, *normal* **loudness**, and while **looking at the camera**."
S_09_00_03_0_1,09,neutral,3,0,1,It's easy to tell the depth of a well.,normal,normal,normal,front,none,none,none,none,none,none,none,none,none,none,none,none,none,none,none,none,none,none,"Actor 09 said “It's easy to tell the depth of a well.”, with *normal* **speech rate**, *normal* **pitch**, *normal* **loudness**, and while **looking at the camera**."
S_09_00_04_0_1,09,neutral,4,0,1,These days a chicken leg is a rare dish.,normal,normal,normal,front,none,none,none,none,none,none,none,none,none,none,none,none,none,none,none,none,none,none,"Actor 09 said “These days a chicken leg is a rare dish.”, with *normal* **speech rate**, *normal* **pitch**, *normal* **loudness**, and while **looking at the camera**."
S_09_00_05_0_1,09,neutral,5,0,1,Rice is often served in round bowls.,normal,normal,normal,front,none,none,none,none,none,none,none,none,none,none,none,none,none,none,none,none,none,none,"Actor 09 said “Rice is often served in round bowls.”, with *normal* **speech rate**, *normal* **pitch**, *normal* **loudness**, and while **looking at the camera**."
S_09_00_06_0_1,09,neutral,6,0,1,The juice of lemons makes fine punch.,normal,normal,normal,front,none,none,none,none,none,none,none,none,none,none,none,none,none,none,none,none,none,none,"Actor 09 said “The juice of lemons makes fine punch.”, with *normal* **speech rate**, *normal* **pitch**, *normal* **loudness**, and while **looking at the camera**."
S_09_00_07_0_1,09,neutral,7,0,1,The box was thrown beside the parked truck.,normal,normal,normal,front,none,none,none,none,none,none,none,none,none,none,none,none,none,none,none,none,none,none,"Actor 09 said “The box was thrown beside the parked truck.”, with *normal* **speech rate**, *normal* **pitch**, *normal* **loudness**, and while **looking at the camera**."
S_09_00_08_0_1,09,neutral,8,0,1,The hogs were fed chopped corn and garbage.,normal,normal,normal,front,none,none,none,none,none,none,none,none,none,none,none,none,none,none,none,none,none,none,"Actor 09 said “The hogs were fed chopped corn and garbage.”, with *normal* **speech rate**, *normal* **pitch**, *normal* **loudness**, and while **looking at the camera**."
S_09_00_09_0_1,09,neutral,9,0,1,Four hours of steady work faced us.,normal,normal,normal,front,none,none,none,none,none,none,none,none,none,none,none,none,none,none,none,none,none,none,"Actor 09 said “Four hours of steady work faced us.”, with *normal* **speech rate**, *normal* **pitch**, *normal* **loudness**, and while **looking at the camera**."
S_09_00_10_0_1,09,neutral,10,0,1,A large size in stockings is hard to sell.,normal,normal,normal,front,none,none,none,none,none,none,none,none,none,none,none,none,none,none,none,none,none,none,"Actor 09 said “A large size in stockings is hard to sell.”, with *normal* **speech rate**, *normal* **pitch**, *normal* **loudness**, and while **looking at the camera**."
S_09_01_01_1_1,09,fear,1,1,1,The birch canoe slid on the smooth planks.,slow,normal,quieter,front,none,weak,none,weak,weak,none,none,none,none,none,none,none,none,none,weak,weak,none,none,"Actor 09 said “The birch canoe slid on the smooth planks.”, with *slow* **speech rate**, *normal* **pitch**, *quieter* **loudness**, while **looking at the camera**, and *weak* **raised inner eyebrows**, *weak* **lowered brows**, *weak* **raised upper eyelids**, *weak* **tightened lips**, and *weak* **parted lips**."
S_09_01_01_2_1,09,fear,1,2,1,The birch canoe slid on the smooth planks.,fast,higher,louder,front,none,strong,strong,strong,strong,none,strong,none,weak,none,none,none,none,none,weak,moderate,none,none,"Actor 09 said “The birch canoe slid on the smooth planks.”, with *fast* **speech rate**, *higher* **pitch**, *louder* **loudness**, while **looking at the camera**, and *strong* **raised inner eyebrows**, *strong* **raised outer eyebrows**, *strong* **lowered brows**, *strong* **raised upper eyelids**, *strong* **tightened eyelids**, *weak* **raised upper lip**, *weak* **tightened lips**, and *moderate* **parted lips**."
S_09_01_02_1_1,09,fear,2,1,1,Glue the sheet to the dark blue background.,slow,lower,quieter,left,none,weak,none,weak,weak,none,none,none,none,none,none,none,none,none,weak,weak,none,none,"Actor 09 said “Glue the sheet to the dark blue background.”, with *slow* **speech rate**, *lower* **pitch**, *quieter* **loudness**, **gaze** *averted* (to their left), and *weak* **raised inner eyebrows**, *weak* **lowered brows**, *weak* **raised upper eyelids**, *weak* **tightened lips**, and *weak* **parted lips**."
S_09_01_02_2_1,09,fear,2,2,1,Glue the sheet to the dark blue background.,slow,higher,louder,left,none,strong,weak,strong,strong,none,strong,none,weak,none,none,none,none,none,weak,moderate,none,none,"Actor 09 said “Glue the sheet to the dark blue background.”, with *slow* **speech rate**, *higher* **pitch**, *louder* **loudness**, **gaze** *averted* (to their left), and *strong* **raised inner eyebrows**, *weak* **raised outer eyebrows**, *strong* **lowered brows**, *strong* **raised upper eyelids**, *strong* **tightened eyelids**, *weak* **raised upper lip**, *weak* **tightened lips**, and *moderate* **parted lips**."
S_09_01_03_1_1,09,fear,3,1,1,It's easy to tell the depth of a well.,slow,normal,quieter,front,none,weak,none,weak,weak,none,none,none,none,none,none,none,none,none,weak,weak,none,none,"Actor 09 said “It's easy to tell the depth of a well.”, with *slow* **speech rate**, *normal* **pitch**, *quieter* **loudness**, while **looking at the camera**, and *weak* **raised inner eyebrows**, *weak* **lowered brows**, *weak* **raised upper eyelids**, *weak* **tightened lips**, and *weak* **parted lips**."
S_09_01_03_2_1,09,fear,3,2,1,It's easy to tell the depth of a well.,slow,higher,louder,down,none,strong,weak,strong,strong,none,strong,none,weak,none,none,none,none,none,weak,moderate,none,none,"Actor 09 said “It's easy to tell the depth of a well.”, with *slow* **speech rate**, *higher* **pitch**, *louder* **loudness**, **gaze** *averted* (downwards), and *strong* **raised inner eyebrows**, *weak* **raised outer eyebrows**, *strong* **lowered brows**, *strong* **raised upper eyelids**, *strong* **tightened eyelids**, *weak* **raised upper lip**, *weak* **tightened lips**, and *moderate* **parted lips**."
S_09_01_04_1_1,09,fear,4,1,1,These days a chicken leg is a rare dish.,slow,normal,quieter,left,none,weak,none,weak,weak,none,none,none,weak,none,none,weak,none,none,weak,weak,none,none,"Actor 09 said “These days a chicken leg is a rare dish.”, with *slow* **speech rate**, *normal* **pitch**, *quieter* **loudness**, **gaze** *averted* (to their left), and *weak* **raised inner eyebrows**, *weak* **lowered brows**, *weak* **raised upper eyelids**, *weak* **raised upper lip**, *weak* **downturned mouth corners**, *weak* **tightened lips**, and *weak* **parted lips**."
S_09_01_04_2_1,09,fear,4,2,1,These days a chicken leg is a rare dish.,fast,higher,louder,front,none,strong,weak,strong,strong,none,strong,none,weak,none,none,none,none,none,weak,moderate,none,none,"Actor 09 said “These days a chicken leg is a rare dish.”, with *fast* **speech rate**, *higher* **pitch**, *louder* **loudness**, while **looking at the camera**, and *strong* **raised inner eyebrows**, *weak* **raised outer eyebrows**, *strong* **lowered brows**, *strong* **raised upper eyelids**, *strong* **tightened eyelids**, *weak* **raised upper lip**, *weak* **tightened lips**, and *moderate* **parted lips**."
S_09_01_05_1_1,09,fear,5,1,1,Rice is often served in round bowls.,slow,lower,quieter,front,none,weak,none,weak,weak,none,none,none,none,none,none,none,none,none,weak,weak,none,none,"Actor 09 said “Rice is often served in round bowls.”, with *slow* **speech rate**, *lower* **pitch**, *quieter* **loudness**, while **looking at the camera**, and *weak* **raised inner eyebrows**, *weak* **lowered brows**, *weak* **raised upper eyelids**, *weak* **tightened lips**, and *weak* **parted lips**."
S_09_01_05_2_1,09,fear,5,2,1,Rice is often served in round bowls.,slow,higher,louder,left,none,strong,weak,strong,strong,none,strong,none,weak,none,none,none,none,none,weak,moderate,none,none,"Actor 09 said “Rice is often served in round bowls.”, with *slow* **speech rate**, *higher* **pitch**, *louder* **loudness**, **gaze** *averted* (to their left), and *strong* **raised inner eyebrows**, *weak* **raised outer eyebrows**, *strong* **lowered brows**, *strong* **raised upper eyelids**, *strong* **tightened eyelids**, *weak* **raised upper lip**, *weak* **tightened lips**, and *moderate* **parted lips**."
S_09_01_06_1_1,09,fear,6,1,1,The juice of lemons makes fine punch.,slow,normal,quieter,front,none,weak,none,weak,weak,none,none,none,weak,none,none,none,none,none,weak,weak,none,none,"Actor 09 said “The juice of lemons makes fine punch.”, with *slow* **speech rate**, *normal* **pitch**, *quieter* **loudness**, while **looking at the camera**, and *weak* **raised inner eyebrows**, *weak* **lowered brows**, *weak* **raised upper eyelids**, *weak* **raised upper lip**, *weak* **tightened lips**, and *weak* **parted lips**."
S_09_01_06_2_1,09,fear,6,2,1,The juice of lemons makes fine punch.,slow,higher,louder,left,none,strong,weak,strong,strong,none,strong,none,weak,none,none,none,none,none,weak,moderate,none,none,"Actor 09 said “The juice of lemons makes fine punch.”, with *slow* **speech rate**, *higher* **pitch**, *louder* **loudness**, **gaze** *averted* (to their left), and *strong* **raised inner eyebrows**, *weak* **raised outer eyebrows**, *strong* **lowered brows**, *strong* **raised upper eyelids**, *strong* **tightened eyelids**, *weak* **raised upper lip**, *weak* **tightened lips**, and *moderate* **parted lips**."
S_09_01_07_1_1,09,fear,7,1,1,The box was thrown beside the parked truck.,slow,lower,quieter,left,none,weak,none,weak,weak,none,none,none,none,none,none,none,none,none,weak,weak,none,none,"Actor 09 said “The box was thrown beside the parked truck.”, with *slow* **speech rate**, *lower* **pitch**, *quieter* **loudness**, **gaze** *averted* (to their left), and *weak* **raised inner eyebrows**, *weak* **lowered brows**, *weak* **raised upper eyelids**, *weak* **tightened lips**, and *weak* **parted lips**."
S_09_01_07_2_1,09,fear,7,2,1,The box was thrown beside the parked truck.,fast,higher,louder,front,none,strong,weak,strong,strong,none,strong,none,weak,none,none,none,none,none,weak,moderate,none,none,"Actor 09 said “The box was thrown beside the parked truck.”, with *fast* **speech rate**, *higher* **pitch**, *louder* **loudness**, while **looking at the camera**, and *strong* **raised inner eyebrows**, *weak* **raised outer eyebrows**, *strong* **lowered brows**, *strong* **raised upper eyelids**, *strong* **tightened eyelids**, *weak* **raised upper lip**, *weak* **tightened lips**, and *moderate* **parted lips**."
S_09_01_08_1_1,09,fear,8,1,1,The hogs were fed chopped corn and garbage.,slow,normal,quieter,left,none,weak,none,weak,weak,none,none,none,weak,none,none,weak,none,none,weak,weak,none,none,"Actor 09 said “The hogs were fed chopped corn and garbage.”, with *slow* **speech rate**, *normal* **pitch**, *quieter* **loudness**, **gaze** *averted* (to their left), and *weak* **raised inner eyebrows**, *weak* **lowered brows**, *weak* **raised upper eyelids**, *weak* **raised upper lip**, *weak* **downturned mouth corners**, *weak* **tightened lips**, and *weak* **parted lips**."
S_09_01_08_2_1,09,fear,8,2,1,The hogs were fed chopped corn and garbage.,fast,higher,louder,front,none,strong,weak,strong,strong,none,strong,none,weak,none,none,none,none,none,weak,moderate,none,none,"Actor 09 said “The hogs were fed chopped corn and garbage.”, with *fast* **speech rate**, *higher* **pitch**, *louder* **loudness**, while **looking at the camera**, and *strong* **raised inner eyebrows**, *weak* **raised outer eyebrows**, *strong* **lowered brows**, *strong* **raised upper eyelids**, *strong* **tightened eyelids**, *weak* **raised upper lip**, *weak* **tightened lips**, and *moderate* **parted lips**."
S_09_01_09_1_1,09,fear,9,1,1,Four hours of steady work faced us.,slow,lower,quieter,front,none,weak,weak,weak,weak,none,none,none,weak,none,none,weak,none,none,weak,weak,none,weak,"Actor 09 said “Four hours of steady work faced us.”, with *slow* **speech rate**, *lower* **pitch**, *quieter* **loudness**, while **looking at the camera**, and *weak* **raised inner eyebrows**, *weak* **raised outer eyebrows**, *weak* **lowered brows**, *weak* **raised upper eyelids**, *weak* **raised upper lip**, *weak* **downturned mouth corners**, *weak* **tightened lips**, *weak* **parted lips**, and *weak* **blinking**."
S_09_01_09_2_1,09,fear,9,2,1,Four hours of steady work faced us.,slow,lower,quieter,left,none,strong,weak,strong,strong,none,strong,none,weak,none,none,none,none,none,weak,moderate,none,none,"Actor 09 said “Four hours of steady work faced us.”, with *slow* **speech rate**, *lower* **pitch**, *quieter* **loudness**, **gaze** *averted* (to their left), and *strong* **raised inner eyebrows**, *weak* **raised outer eyebrows**, *strong* **lowered brows**, *strong* **raised upper eyelids**, *strong* **tightened eyelids**, *weak* **raised upper lip**, *weak* **tightened lips**, and *moderate* **parted lips**."
S_09_01_10_1_1,09,fear,10,1,1,A large size in stockings is hard to sell.,slow,lower,quieter,front,none,weak,none,weak,weak,none,none,none,weak,none,none,weak,none,none,weak,weak,none,none,"Actor 09 said “A large size in stockings is hard to sell.”, with *slow* **speech rate**, *lower* **pitch**, *quieter* **loudness**, while **looking at the camera**, and *weak* **raised inner eyebrows**, *weak* **lowered brows**, *weak* **raised upper eyelids**, *weak* **raised upper lip**, *weak* **downturned mouth corners**, *weak* **tightened lips**, and *weak* **parted lips**."
S_09_01_10_2_1,09,fear,10,2,1,A large size in stockings is hard to sell.,slow,higher,louder,right,none,strong,moderate,strong,strong,none,strong,weak,none,none,none,none,none,none,moderate,moderate,strong,moderate,"Actor 09 said “A large size in stockings is hard to sell.”, with *slow* **speech rate**, *higher* **pitch**, *louder* **loudness**, **gaze** *averted* (to their right), and *strong* **raised inner eyebrows**, *moderate* **raised outer eyebrows**, *strong* **lowered brows**, *strong* **raised upper eyelids**, *strong* **tightened eyelids**, *weak* **wrinkled nose**, *moderate* **tightened lips**, *moderate* **parted lips**, *strong* **a dropped jaw**, and *moderate* **blinking**."
S_09_02_01_1_1,09,anger,1,1,1,The birch canoe slid on the smooth planks.,fast,higher,louder,front,none,weak,none,strong,none,none,none,weak,none,none,none,none,none,none,moderate,moderate,none,none,"Actor 09 said “The birch canoe slid on the smooth planks.”, with *fast* **speech rate**, *higher* **pitch**, *louder* **loudness**, while **looking at the camera**, and *weak* **raised inner eyebrows**, *strong* **lowered brows**, *weak* **wrinkled nose**, *moderate* **tightened lips**, and *moderate* **parted lips**."
S_09_02_02_1_1,09,anger,2,1,1,Glue the sheet to the dark blue background.,fast,higher,louder,front,none,none,none,moderate,none,none,none,none,none,none,none,none,none,none,none,none,none,none,"Actor 09 said “Glue the sheet to the dark blue background.”, with *fast* **speech rate**, *higher* **pitch**, *louder* **loudness**, while **looking at the camera**, and *moderate* **lowered brows**."
S_09_02_03_1_1,09,anger,3,1,1,It's easy to tell the depth of a well.,normal,higher,louder,front,none,none,none,moderate,none,none,none,none,none,none,none,none,none,none,none,none,none,none,"Actor 09 said “It's easy to tell the depth of a well.”, with *normal* **speech rate**, *higher* **pitch**, *louder* **loudness**, while **looking at the camera**, and *moderate* **lowered brows**."
S_09_02_03_2_1,09,anger,3,2,1,It's easy to tell the depth of a well.,fast,higher,louder,front,shaking,strong,moderate,strong,weak,none,strong,weak,none,none,none,strong,none,none,moderate,moderate,none,none,"Actor 09 said “It's easy to tell the depth of a well.”, with *fast* **speech rate**, *higher* **pitch**, *louder* **loudness**, while **looking at the camera**, while *shaking* their **head**, and *strong* **raised inner eyebrows**, *moderate* **raised outer eyebrows**, *strong* **lowered brows**, *weak* **raised upper eyelids**, *strong* **tightened eyelids**, *weak* **wrinkled nose**, *strong* **downturned mouth corners**, *moderate* **tightened lips**, and *moderate* **parted lips**."
S_09_02_04_1_1,09,anger,4,1,1,These days a chicken leg is a rare dish.,normal,higher,louder,front,none,none,none,moderate,none,none,none,none,none,none,none,weak,none,none,none,none,none,none,"Actor 09 said “These days a chicken leg is a rare dish.”, with *normal* **speech rate**, *higher* **pitch**, *louder* **loudness**, while **looking at the camera**, and *moderate* **lowered brows** and *weak* **downturned mouth corners**."
S_09_02_04_2_1,09,anger,4,2,1,These days a chicken leg is a rare dish.,fast,higher,louder,front,shaking,strong,weak,strong,strong,none,strong,none,weak,none,none,strong,none,none,weak,moderate,moderate,none,"Actor 09 said “These days a chicken leg is a rare dish.”, with *fast* **speech rate**, *higher* **pitch**, *louder* **loudness**, while **looking at the camera**, while *shaking* their **head**, and *strong* **raised inner eyebrows**, *weak* **raised outer eyebrows**, *strong* **lowered brows**, *strong* **raised upper eyelids**, *strong* **tightened eyelids**, *weak* **raised upper lip**, *strong* **downturned mouth corners**, *weak* **tightened lips**, *moderate* **parted lips**, and *moderate* **a dropped jaw**."
S_09_02_05_1_1,09,anger,5,1,1,Rice is often served in round bowls.,fast,higher,louder,front,none,weak,none,moderate,none,none,none,none,none,none,none,weak,none,none,none,none,none,none,"Actor 09 said “Rice is often served in round bowls.”, with *fast* **speech rate**, *higher* **pitch**, *louder* **loudness**, while **looking at the camera**, and *weak* **raised inner eyebrows**, *moderate* **lowered brows**, and *weak* **downturned mouth corners**."
S_09_02_06_1_1,09,anger,6,1,1,The juice of lemons makes fine punch.,normal,higher,louder,front,none,none,none,moderate,none,none,none,none,none,none,none,weak,none,none,none,none,none,none,"Actor 09 said “The juice of lemons makes fine punch.”, with *normal* **speech rate**, *higher* **pitch**, *louder* **loudness**, while **looking at the camera**, and *moderate* **lowered brows** and *weak* **downturned mouth corners**."
S_09_02_07_1_1,09,anger,7,1,1,The box was thrown beside the parked truck.,normal,higher,louder,front,none,none,none,moderate,none,none,none,none,none,none,none,none,none,none,none,none,none,none,"Actor 09 said “The box was thrown beside the parked truck.”, with *normal* **speech rate**, *higher* **pitch**, *louder* **loudness**, while **looking at the camera**, and *moderate* **lowered brows**."
S_09_02_07_2_1,09,anger,7,2,1,The box was thrown beside the parked truck.,fast,higher,louder,front,shaking,strong,moderate,strong,weak,none,strong,weak,none,none,none,strong,none,none,moderate,strong,none,weak,"Actor 09 said “The box was thrown beside the parked truck.”, with *fast* **speech rate**, *higher* **pitch**, *louder* **loudness**, while **looking at the camera**, while *shaking* their **head**, and *strong* **raised inner eyebrows**, *moderate* **raised outer eyebrows**, *strong* **lowered brows**, *weak* **raised upper eyelids**, *strong* **tightened eyelids**, *weak* **wrinkled nose**, *strong* **downturned mouth corners**, *moderate* **tightened lips**, *strong* **parted lips**, and *weak* **blinking**."
S_09_02_08_1_1,09,anger,8,1,1,The hogs were fed chopped corn and garbage.,normal,higher,louder,front,none,weak,none,weak,none,none,none,weak,none,none,none,none,none,none,none,none,none,none,"Actor 09 said “The hogs were fed chopped corn and garbage.”, with *normal* **speech rate**, *higher* **pitch**, *louder* **loudness**, while **looking at the camera**, and *weak* **raised inner eyebrows**, *weak* **lowered brows**, and *weak* **wrinkled nose**."
S_09_02_08_2_1,09,anger,8,2,1,The hogs were fed chopped corn and garbage.,fast,higher,louder,front,shaking,strong,moderate,strong,strong,none,strong,weak,none,none,none,strong,none,none,moderate,moderate,none,none,"Actor 09 said “The hogs were fed chopped corn and garbage.”, with *fast* **speech rate**, *higher* **pitch**, *louder* **loudness**, while **looking at the camera**, while *shaking* their **head**, and *strong* **raised inner eyebrows**, *moderate* **raised outer eyebrows**, *strong* **lowered brows**, *strong* **raised upper eyelids**, *strong* **tightened eyelids**, *weak* **wrinkled nose**, *strong* **downturned mouth corners**, *moderate* **tightened lips**, and *moderate* **parted lips**."
S_09_02_09_1_1,09,anger,9,1,1,Four hours of steady work faced us.,normal,higher,louder,front,none,none,none,moderate,none,none,none,none,none,none,none,none,none,none,none,none,none,none,"Actor 09 said “Four hours of steady work faced us.”, with *normal* **speech rate**, *higher* **pitch**, *louder* **loudness**, while **looking at the camera**, and *moderate* **lowered brows**."
S_09_02_10_1_1,09,anger,10,1,1,A large size in stockings is hard to sell.,normal,higher,louder,front,none,weak,none,moderate,none,none,none,none,none,none,none,weak,none,none,none,none,none,none,"Actor 09 said “A large size in stockings is hard to sell.”, with *normal* **speech rate**, *higher* **pitch**, *louder* **loudness**, while **looking at the camera**, and *weak* **raised inner eyebrows**, *moderate* **lowered brows**, and *weak* **downturned mouth corners**."
S_09_02_10_2_1,09,anger,10,2,1,A large size in stockings is hard to sell.,fast,higher,louder,front,shaking,strong,moderate,strong,strong,none,strong,weak,none,none,none,strong,none,none,moderate,moderate,none,none,"Actor 09 said “A large size in stockings is hard to sell.”, with *fast* **speech rate**, *higher* **pitch**, *louder* **loudness**, while **looking at the camera**, while *shaking* their **head**, and *strong* **raised inner eyebrows**, *moderate* **raised outer eyebrows**, *strong* **lowered brows**, *strong* **raised upper eyelids**, *strong* **tightened eyelids**, *weak* **wrinkled nose**, *strong* **downturned mouth corners**, *moderate* **tightened lips**, and *moderate* **parted lips**."
S_09_03_01_1_1,09,happiness,1,1,1,The birch canoe slid on the smooth planks.,normal,higher,normal,front,none,weak,none,none,none,none,none,none,none,weak,none,none,none,none,none,none,none,none,"Actor 09 said “The birch canoe slid on the smooth planks.”, with *normal* **speech rate**, *higher* **pitch**, *normal* **loudness**, while **looking at the camera**, and *weak* **raised inner eyebrows** and *weak* **a smile**."
S_09_03_01_2_1,09,happiness,1,2,1,The birch canoe slid on the smooth planks.,fast,higher,louder,front,nodding,none,weak,none,weak,strong,none,none,weak,strong,none,none,none,none,none,moderate,moderate,none,"Actor 09 said “The birch canoe slid on the smooth planks.”, with *fast* **speech rate**, *higher* **pitch**, *louder* **loudness**, while **looking at the camera**, while *nodding*, and *weak* **raised outer eyebrows**, *weak* **raised upper eyelids**, *strong* **raised cheeks**, *weak* **raised upper lip**, *strong* **a smile**, *moderate* **parted lips**, and *moderate* **a dropped jaw**."
S_09_03_02_1_1,09,happiness,2,1,1,Glue the sheet to the dark blue background.,normal,higher,normal,front,none,weak,none,none,none,weak,none,none,none,weak,none,none,none,none,none,none,none,none,"Actor 09 said “Glue the sheet to the dark blue background.”, with *normal* **speech rate**, *higher* **pitch**, *normal* **loudness**, while **looking at the camera**, and *weak* **raised inner eyebrows**, *weak* **raised cheeks**, and *weak* **a smile**."
S_09_03_02_2_1,09,happiness,2,2,1,Glue the sheet to the dark blue background.,fast,higher,louder,front,none,weak,weak,none,weak,strong,none,none,weak,strong,none,none,none,none,none,moderate,moderate,none,"Actor 09 said “Glue the sheet to the dark blue background.”, with *fast* **speech rate**, *higher* **pitch**, *louder* **loudness**, while **looking at the camera**, and *weak* **raised inner eyebrows**, *weak* **raised outer eyebrows**, *weak* **raised upper eyelids**, *strong* **raised cheeks**, *weak* **raised upper lip**, *strong* **a smile**, *moderate* **parted lips**, and *moderate* **a dropped jaw**."
S_09_03_03_1_1,09,happiness,3,1,1,It's easy to tell the depth of a well.,normal,higher,normal,front,none,none,none,none,none,weak,none,none,none,weak,none,none,none,none,none,none,none,none,"Actor 09 said “It's easy to tell the depth of a well.”, with *normal* **speech rate**, *higher* **pitch**, *normal* **loudness**, while **looking at the camera**, and *weak* **raised cheeks** and *weak* **a smile**."
S_09_03_03_2_1,09,happiness,3,2,1,It's easy to tell the depth of a well.,fast,higher,louder,front,nodding,strong,strong,none,strong,strong,none,none,weak,strong,none,none,none,none,none,moderate,moderate,none,"Actor 09 said “It's easy to tell the depth of a well.”, with *fast* **speech rate**, *higher* **pitch**, *louder* **loudness**, while **looking at the camera**, while *nodding*, and *strong* **raised inner eyebrows**, *strong* **raised outer eyebrows**, *strong* **raised upper eyelids**, *strong* **raised cheeks**, *weak* **raised upper lip**, *strong* **a smile**, *moderate* **parted lips**, and *moderate* **a dropped jaw**."
S_09_03_04_1_1,09,happiness,4,1,1,These days a chicken leg is a rare dish.,normal,higher,normal,front,none,weak,none,none,none,none,none,none,none,weak,none,none,none,none,none,none,none,none,"Actor 09 said “These days a chicken leg is a rare dish.”, with *normal* **speech rate**, *higher* **pitch**, *normal* **loudness**, while **looking at the camera**, and *weak* **raised inner eyebrows** and *weak* **a smile**."
S_09_03_04_2_1,09,happiness,4,2,1,These days a chicken leg is a rare dish.,fast,higher,louder,front,nodding,weak,weak,none,weak,strong,none,none,weak,strong,none,none,none,none,none,moderate,moderate,none,"Actor 09 said “These days a chicken leg is a rare dish.”, with *fast* **speech rate**, *higher* **pitch**, *louder* **loudness**, while **looking at the camera**, while *nodding*, and *weak* **raised inner eyebrows**, *weak* **raised outer eyebrows**, *weak* **raised upper eyelids**, *strong* **raised cheeks**, *weak* **raised upper lip**, *strong* **a smile**, *moderate* **parted lips**, and *moderate* **a dropped jaw**."
S_09_03_05_1_1,09,happiness,5,1,1,Rice is often served in round bowls.,normal,higher,normal,front,none,weak,none,none,none,none,none,none,none,weak,none,none,none,none,none,none,none,none,"Actor 09 said “Rice is often served in round bowls.”, with *normal* **speech rate**, *higher* **pitch**, *normal* **loudness**, while **looking at the camera**, and *weak* **raised inner eyebrows** and *weak* **a smile**."
S_09_03_05_2_1,09,happiness,5,2,1,Rice is often served in round bowls.,fast,higher,louder,front,none,weak,weak,none,weak,strong,none,none,weak,strong,none,none,none,none,none,moderate,moderate,none,"Actor 09 said “Rice is often served in round bowls.”, with *fast* **speech rate**, *higher* **pitch**, *louder* **loudness**, while **looking at the camera**, and *weak* **raised inner eyebrows**, *weak* **raised outer eyebrows**, *weak* **raised upper eyelids**, *strong* **raised cheeks**, *weak* **raised upper lip**, *strong* **a smile**, *moderate* **parted lips**, and *moderate* **a dropped jaw**."
S_09_03_06_1_1,09,happiness,6,1,1,The juice of lemons makes fine punch.,normal,higher,normal,front,none,weak,none,none,none,none,none,none,none,weak,none,none,none,none,none,none,none,none,"Actor 09 said “The juice of lemons makes fine punch.”, with *normal* **speech rate**, *higher* **pitch**, *normal* **loudness**, while **looking at the camera**, and *weak* **raised inner eyebrows** and *weak* **a smile**."
S_09_03_06_2_1,09,happiness,6,2,1,The juice of lemons makes fine punch.,fast,higher,louder,front,nodding,weak,weak,none,weak,strong,none,none,weak,strong,none,none,none,none,none,moderate,moderate,none,"Actor 09 said “The juice of lemons makes fine punch.”, with *fast* **speech rate**, *higher* **pitch**, *louder* **loudness**, while **looking at the camera**, while *nodding*, and *weak* **raised inner eyebrows**, *weak* **raised outer eyebrows**, *weak* **raised upper eyelids**, *strong* **raised cheeks**, *weak* **raised upper lip**, *strong* **a smile**, *moderate* **parted lips**, and *moderate* **a dropped jaw**."
S_09_03_07_1_1,09,happiness,7,1,1,The box was thrown beside the parked truck.,normal,higher,normal,front,none,weak,none,none,none,none,none,none,none,weak,none,none,none,none,none,none,none,none,"Actor 09 said “The box was thrown beside the parked truck.”, with *normal* **speech rate**, *higher* **pitch**, *normal* **loudness**, while **looking at the camera**, and *weak* **raised inner eyebrows** and *weak* **a smile**."
S_09_03_07_2_1,09,happiness,7,2,1,The box was thrown beside the parked truck.,fast,higher,louder,front,nodding,moderate,weak,none,moderate,strong,none,none,none,strong,none,none,none,none,none,moderate,none,none,"Actor 09 said “The box was thrown beside the parked truck.”, with *fast* **speech rate**, *higher* **pitch**, *louder* **loudness**, while **looking at the camera**, while *nodding*, and *moderate* **raised inner eyebrows**, *weak* **raised outer eyebrows**, *moderate* **raised upper eyelids**, *strong* **raised cheeks**, *strong* **a smile**, and *moderate* **parted lips**."
S_09_03_08_1_1,09,happiness,8,1,1,The hogs were fed chopped corn and garbage.,normal,higher,normal,front,none,weak,none,none,none,none,none,none,none,weak,none,none,none,none,none,none,none,none,"Actor 09 said “The hogs were fed chopped corn and garbage.”, with *normal* **speech rate**, *higher* **pitch**, *normal* **loudness**, while **looking at the camera**, and *weak* **raised inner eyebrows** and *weak* **a smile**."
S_09_03_08_2_1,09,happiness,8,2,1,The hogs were fed chopped corn and garbage.,fast,higher,louder,front,none,none,none,none,weak,strong,none,none,weak,strong,none,none,none,none,none,moderate,moderate,none,"Actor 09 said “The hogs were fed chopped corn and garbage.”, with *fast* **speech rate**, *higher* **pitch**, *louder* **loudness**, while **looking at the camera**, and *weak* **raised upper eyelids**, *strong* **raised cheeks**, *weak* **raised upper lip**, *strong* **a smile**, *moderate* **parted lips**, and *moderate* **a dropped jaw**."
S_09_03_09_1_1,09,happiness,9,1,1,Four hours of steady work faced us.,normal,higher,normal,front,none,weak,none,none,none,none,none,none,none,weak,none,none,none,none,none,none,none,none,"Actor 09 said “Four hours of steady work faced us.”, with *normal* **speech rate**, *higher* **pitch**, *normal* **loudness**, while **looking at the camera**, and *weak* **raised inner eyebrows** and *weak* **a smile**."
S_09_03_09_2_1,09,happiness,9,2,1,Four hours of steady work faced us.,fast,higher,louder,front,none,weak,weak,none,weak,strong,none,none,weak,strong,none,none,none,none,none,moderate,moderate,none,"Actor 09 said “Four hours of steady work faced us.”, with *fast* **speech rate**, *higher* **pitch**, *louder* **loudness**, while **looking at the camera**, and *weak* **raised inner eyebrows**, *weak* **raised outer eyebrows**, *weak* **raised upper eyelids**, *strong* **raised cheeks**, *weak* **raised upper lip**, *strong* **a smile**, *moderate* **parted lips**, and *moderate* **a dropped jaw**."
S_09_03_10_1_1,09,happiness,10,1,1,A large size in stockings is hard to sell.,normal,higher,normal,front,none,weak,none,none,none,none,none,none,none,weak,none,none,none,none,none,none,none,none,"Actor 09 said “A large size in stockings is hard to sell.”, with *normal* **speech rate**, *higher* **pitch**, *normal* **loudness**, while **looking at the camera**, and *weak* **raised inner eyebrows** and *weak* **a smile**."
S_09_03_10_2_1,09,happiness,10,2,1,A large size in stockings is hard to sell.,fast,higher,louder,front,none,weak,weak,none,weak,strong,none,none,weak,strong,none,none,none,none,none,moderate,moderate,none,"Actor 09 said “A large size in stockings is hard to sell.”, with *fast* **speech rate**, *higher* **pitch**, *louder* **loudness**, while **looking at the camera**, and *weak* **raised inner eyebrows**, *weak* **raised outer eyebrows**, *weak* **raised upper eyelids**, *strong* **raised cheeks**, *weak* **raised upper lip**, *strong* **a smile**, *moderate* **parted lips**, and *moderate* **a dropped jaw**."
S_09_04_01_1_1,09,sadness,1,1,1,The birch canoe slid on the smooth planks.,slow,lower,quieter,down,none,none,none,weak,none,none,none,none,none,none,none,none,none,none,none,weak,none,none,"Actor 09 said “The birch canoe slid on the smooth planks.”, with *slow* **speech rate**, *lower* **pitch**, *quieter* **loudness**, **gaze** *averted* (downwards), and *weak* **lowered brows** and *weak* **parted lips**."
S_09_04_01_2_1,09,sadness,1,2,1,The birch canoe slid on the smooth planks.,slow,lower,quieter,down,none,strong,none,strong,weak,none,none,none,weak,none,none,strong,none,none,weak,moderate,moderate,none,"Actor 09 said “The birch canoe slid on the smooth planks.”, with *slow* **speech rate**, *lower* **pitch**, *quieter* **loudness**, **gaze** *averted* (downwards), and *strong* **raised inner eyebrows**, *strong* **lowered brows**, *weak* **raised upper eyelids**, *weak* **raised upper lip**, *strong* **downturned mouth corners**, *weak* **tightened lips**, *moderate* **parted lips**, and *moderate* **a dropped jaw**."
S_09_04_02_1_1,09,sadness,2,1,1,Glue the sheet to the dark blue background.,slow,lower,quieter,down,none,none,none,weak,none,none,none,none,none,none,none,none,none,none,none,weak,none,weak,"Actor 09 said “Glue the sheet to the dark blue background.”, with *slow* **speech rate**, *lower* **pitch**, *quieter* **loudness**, **gaze** *averted* (downwards), and *weak* **lowered brows**, *weak* **parted lips**, and *weak* **blinking**."
S_09_04_02_2_1,09,sadness,2,2,1,Glue the sheet to the dark blue background.,slow,lower,quieter,down,none,moderate,weak,strong,weak,none,none,none,weak,none,none,strong,none,none,weak,moderate,weak,weak,"Actor 09 said “Glue the sheet to the dark blue background.”, with *slow* **speech rate**, *lower* **pitch**, *quieter* **loudness**, **gaze** *averted* (downwards), and *moderate* **raised inner eyebrows**, *weak* **raised outer eyebrows**, *strong* **lowered brows**, *weak* **raised upper eyelids**, *weak* **raised upper lip**, *strong* **downturned mouth corners**, *weak* **tightened lips**, *moderate* **parted lips**, *weak* **a dropped jaw**, and *weak* **blinking**."
S_09_04_03_1_1,09,sadness,3,1,1,It's easy to tell the depth of a well.,slow,lower,quieter,down,none,weak,none,weak,none,none,none,none,weak,none,none,weak,none,none,none,weak,none,none,"Actor 09 said “It's easy to tell the depth of a well.”, with *slow* **speech rate**, *lower* **pitch**, *quieter* **loudness**, **gaze** *averted* (downwards), and *weak* **raised inner eyebrows**, *weak* **lowered brows**, *weak* **raised upper lip**, *weak* **downturned mouth corners**, and *weak* **parted lips**."
S_09_04_03_2_1,09,sadness,3,2,1,It's easy to tell the depth of a well.,slow,lower,quieter,down,none,strong,none,strong,weak,none,none,none,weak,none,none,strong,none,none,weak,moderate,moderate,none,"Actor 09 said “It's easy to tell the depth of a well.”, with *slow* **speech rate**, *lower* **pitch**, *quieter* **loudness**, **gaze** *averted* (downwards), and *strong* **raised inner eyebrows**, *strong* **lowered brows**, *weak* **raised upper eyelids**, *weak* **raised upper lip**, *strong* **downturned mouth corners**, *weak* **tightened lips**, *moderate* **parted lips**, and *moderate* **a dropped jaw**."
S_09_04_04_1_1,09,sadness,4,1,1,These days a chicken leg is a rare dish.,slow,lower,quieter,down,none,none,none,weak,none,none,none,none,none,none,none,none,none,none,none,weak,none,weak,"Actor 09 said “These days a chicken leg is a rare dish.”, with *slow* **speech rate**, *lower* **pitch**, *quieter* **loudness**, **gaze** *averted* (downwards), and *weak* **lowered brows**, *weak* **parted lips**, and *weak* **blinking**."
S_09_04_04_2_1,09,sadness,4,2,1,These days a chicken leg is a rare dish.,slow,lower,quieter,down,none,strong,none,strong,weak,none,none,none,weak,none,none,strong,none,none,weak,moderate,weak,none,"Actor 09 said “These days a chicken leg is a rare dish.”, with *slow* **speech rate**, *lower* **pitch**, *quieter* **loudness**, **gaze** *averted* (downwards), and *strong* **raised inner eyebrows**, *strong* **lowered brows**, *weak* **raised upper eyelids**, *weak* **raised upper lip**, *strong* **downturned mouth corners**, *weak* **tightened lips**, *moderate* **parted lips**, and *weak* **a dropped jaw**."
S_09_04_05_1_1,09,sadness,5,1,1,Rice is often served in round bowls.,slow,lower,quieter,down,none,none,none,weak,none,none,none,none,none,none,none,none,none,none,none,weak,none,none,"Actor 09 said “Rice is often served in round bowls.”, with *slow* **speech rate**, *lower* **pitch**, *quieter* **loudness**, **gaze** *averted* (downwards), and *weak* **lowered brows** and *weak* **parted lips**."
S_09_04_05_2_1,09,sadness,5,2,1,Rice is often served in round bowls.,slow,lower,quieter,down,none,strong,none,strong,weak,none,none,none,weak,none,none,strong,none,none,weak,moderate,moderate,strong,"Actor 09 said “Rice is often served in round bowls.”, with *slow* **speech rate**, *lower* **pitch**, *quieter* **loudness**, **gaze** *averted* (downwards), and *strong* **raised inner eyebrows**, *strong* **lowered brows**, *weak* **raised upper eyelids**, *weak* **raised upper lip**, *strong* **downturned mouth corners**, *weak* **tightened lips**, *moderate* **parted lips**, *moderate* **a dropped jaw**, and *strong* **blinking**."
S_09_04_06_1_1,09,sadness,6,1,1,The juice of lemons makes fine punch.,slow,lower,quieter,down,none,none,none,weak,none,none,none,none,none,none,none,none,none,none,none,weak,none,none,"Actor 09 said “The juice of lemons makes fine punch.”, with *slow* **speech rate**, *lower* **pitch**, *quieter* **loudness**, **gaze** *averted* (downwards), and *weak* **lowered brows** and *weak* **parted lips**."
S_09_04_06_2_1,09,sadness,6,2,1,The juice of lemons makes fine punch.,slow,lower,quieter,down,none,moderate,weak,strong,weak,none,none,none,weak,none,none,strong,none,none,weak,moderate,none,weak,"Actor 09 said “The juice of lemons makes fine punch.”, with *slow* **speech rate**, *lower* **pitch**, *quieter* **loudness**, **gaze** *averted* (downwards), and *moderate* **raised inner eyebrows**, *weak* **raised outer eyebrows**, *strong* **lowered brows**, *weak* **raised upper eyelids**, *weak* **raised upper lip**, *strong* **downturned mouth corners**, *weak* **tightened lips**, *moderate* **parted lips**, and *weak* **blinking**."
S_09_04_07_1_1,09,sadness,7,1,1,The box was thrown beside the parked truck.,slow,lower,quieter,down,none,none,none,weak,none,none,none,none,none,none,none,none,none,none,none,weak,none,none,"Actor 09 said “The box was thrown beside the parked truck.”, with *slow* **speech rate**, *lower* **pitch**, *quieter* **loudness**, **gaze** *averted* (downwards), and *weak* **lowered brows** and *weak* **parted lips**."
S_09_04_07_2_1,09,sadness,7,2,1,The box was thrown beside the parked truck.,slow,lower,quieter,down,none,strong,weak,strong,weak,none,none,none,weak,none,none,strong,none,none,weak,moderate,weak,none,"Actor 09 said “The box was thrown beside the parked truck.”, with *slow* **speech rate**, *lower* **pitch**, *quieter* **loudness**, **gaze** *averted* (downwards), and *strong* **raised inner eyebrows**, *weak* **raised outer eyebrows**, *strong* **lowered brows**, *weak* **raised upper eyelids**, *weak* **raised upper lip**, *strong* **downturned mouth corners**, *weak* **tightened lips**, *moderate* **parted lips**, and *weak* **a dropped jaw**."
S_09_04_08_1_1,09,sadness,8,1,1,The hogs were fed chopped corn and garbage.,slow,lower,quieter,down,none,none,none,weak,none,none,none,none,none,none,none,none,none,none,none,weak,none,none,"Actor 09 said “The hogs were fed chopped corn and garbage.”, with *slow* **speech rate**, *lower* **pitch**, *quieter* **loudness**, **gaze** *averted* (downwards), and *weak* **lowered brows** and *weak* **parted lips**."
S_09_04_08_2_1,09,sadness,8,2,1,The hogs were fed chopped corn and garbage.,slow,lower,quieter,down,none,strong,none,strong,weak,none,none,none,weak,none,none,strong,none,none,weak,moderate,weak,none,"Actor 09 said “The hogs were fed chopped corn and garbage.”, with *slow* **speech rate**, *lower* **pitch**, *quieter* **loudness**, **gaze** *averted* (downwards), and *strong* **raised inner eyebrows**, *strong* **lowered brows**, *weak* **raised upper eyelids**, *weak* **raised upper lip**, *strong* **downturned mouth corners**, *weak* **tightened lips**, *moderate* **parted lips**, and *weak* **a dropped jaw**."
S_09_04_09_1_1,09,sadness,9,1,1,Four hours of steady work faced us.,slow,lower,quieter,down,none,weak,none,weak,none,none,none,none,weak,none,none,weak,none,none,none,weak,none,none,"Actor 09 said “Four hours of steady work faced us.”, with *slow* **speech rate**, *lower* **pitch**, *quieter* **loudness**, **gaze** *averted* (downwards), and *weak* **raised inner eyebrows**, *weak* **lowered brows**, *weak* **raised upper lip**, *weak* **downturned mouth corners**, and *weak* **parted lips**."
S_09_04_09_2_1,09,sadness,9,2,1,Four hours of steady work faced us.,slow,lower,quieter,down,none,strong,none,strong,weak,none,none,none,weak,none,none,strong,none,none,weak,moderate,moderate,none,"Actor 09 said “Four hours of steady work faced us.”, with *slow* **speech rate**, *lower* **pitch**, *quieter* **loudness**, **gaze** *averted* (downwards), and *strong* **raised inner eyebrows**, *strong* **lowered brows**, *weak* **raised upper eyelids**, *weak* **raised upper lip**, *strong* **downturned mouth corners**, *weak* **tightened lips**, *moderate* **parted lips**, and *moderate* **a dropped jaw**."
S_09_04_10_1_1,09,sadness,10,1,1,A large size in stockings is hard to sell.,slow,lower,quieter,down,none,none,none,weak,none,none,none,none,none,none,none,none,none,none,none,weak,none,weak,"Actor 09 said “A large size in stockings is hard to sell.”, with *slow* **speech rate**, *lower* **pitch**, *quieter* **loudness**, **gaze** *averted* (downwards), and *weak* **lowered brows**, *weak* **parted lips**, and *weak* **blinking**."
S_09_04_10_2_1,09,sadness,10,2,1,A large size in stockings is hard to sell.,slow,lower,quieter,down,none,moderate,weak,strong,weak,none,none,none,weak,none,none,strong,none,none,weak,moderate,none,weak,"Actor 09 said “A large size in stockings is hard to sell.”, with *slow* **speech rate**, *lower* **pitch**, *quieter* **loudness**, **gaze** *averted* (downwards), and *moderate* **raised inner eyebrows**, *weak* **raised outer eyebrows**, *strong* **lowered brows**, *weak* **raised upper eyelids**, *weak* **raised upper lip**, *strong* **downturned mouth corners**, *weak* **tightened lips**, *moderate* **parted lips**, and *weak* **blinking**."
S_09_05_01_1_1,09,disgust,1,1,1,The birch canoe slid on the smooth planks.,normal,normal,normal,front,none,weak,none,weak,none,none,none,moderate,none,none,none,none,none,none,weak,none,none,none,"Actor 09 said “The birch canoe slid on the smooth planks.”, with *normal* **speech rate**, *normal* **pitch**, *normal* **loudness**, while **looking at the camera**, and *weak* **raised inner eyebrows**, *weak* **lowered brows**, *moderate* **wrinkled nose**, and *weak* **tightened lips**."
S_09_05_01_2_1,09,disgust,1,2,1,The birch canoe slid on the smooth planks.,slow,lower,quieter,down,none,weak,none,strong,none,none,none,strong,weak,none,none,none,none,none,weak,moderate,moderate,strong,"Actor 09 said “The birch canoe slid on the smooth planks.”, with *slow* **speech rate**, *lower* **pitch**, *quieter* **loudness**, **gaze** *averted* (downwards), and *weak* **raised inner eyebrows**, *strong* **lowered brows**, *strong* **wrinkled nose**, *weak* **raised upper lip**, *weak* **tightened lips**, *moderate* **parted lips**, *moderate* **a dropped jaw**, and *strong* **blinking**."
S_09_05_02_1_1,09,disgust,2,1,1,Glue the sheet to the dark blue background.,normal,normal,normal,front,none,weak,none,weak,none,none,none,moderate,none,none,none,none,none,none,weak,weak,none,none,"Actor 09 said “Glue the sheet to the dark blue background.”, with *normal* **speech rate**, *normal* **pitch**, *normal* **loudness**, while **looking at the camera**, and *weak* **raised inner eyebrows**, *weak* **lowered brows**, *moderate* **wrinkled nose**, *weak* **tightened lips**, and *weak* **parted lips**."
S_09_05_02_2_1,09,disgust,2,2,1,Glue the sheet to the dark blue background.,slow,lower,quieter,down,none,weak,none,strong,none,none,none,strong,weak,none,none,none,none,none,weak,moderate,none,strong,"Actor 09 said “Glue the sheet to the dark blue background.”, with *slow* **speech rate**, *lower* **pitch**, *quieter* **loudness**, **gaze** *averted* (downwards), and *weak* **raised inner eyebrows**, *strong* **lowered brows**, *strong* **wrinkled nose**, *weak* **raised upper lip**, *weak* **tightened lips**, *moderate* **parted lips**, and *strong* **blinking**."
S_09_05_03_1_1,09,disgust,3,1,1,It's easy to tell the depth of a well.,normal,lower,quieter,front,none,weak,none,moderate,none,none,none,weak,weak,none,none,none,none,none,none,none,none,none,"Actor 09 said “It's easy to tell the depth of a well.”, with *normal* **speech rate**, *lower* **pitch**, *quieter* **loudness**, while **looking at the camera**, and *weak* **raised inner eyebrows**, *moderate* **lowered brows**, *weak* **wrinkled nose**, and *weak* **raised upper lip**."
S_09_05_03_2_1,09,disgust,3,2,1,It's easy to tell the depth of a well.,slow,lower,quieter,down,none,strong,none,strong,none,none,none,strong,weak,none,none,none,none,none,weak,moderate,moderate,strong,"Actor 09 said “It's easy to tell the depth of a well.”, with *slow* **speech rate**, *lower* **pitch**, *quieter* **loudness**, **gaze** *averted* (downwards), and *strong* **raised inner eyebrows**, *strong* **lowered brows**, *strong* **wrinkled nose**, *weak* **raised upper lip**, *weak* **tightened lips**, *moderate* **parted lips**, *moderate* **a dropped jaw**, and *strong* **blinking**."
S_09_05_04_1_1,09,disgust,4,1,1,These days a chicken leg is a rare dish.,slow,lower,quieter,front,none,none,none,weak,none,none,none,weak,weak,none,none,none,none,none,weak,weak,none,none,"Actor 09 said “These days a chicken leg is a rare dish.”, with *slow* **speech rate**, *lower* **pitch**, *quieter* **loudness**, while **looking at the camera**, and *weak* **lowered brows**, *weak* **wrinkled nose**, *weak* **raised upper lip**, *weak* **tightened lips**, and *weak* **parted lips**."
S_09_05_04_2_1,09,disgust,4,2,1,These days a chicken leg is a rare dish.,slow,lower,quieter,down,none,strong,none,strong,none,none,none,strong,weak,none,none,strong,none,none,weak,moderate,moderate,strong,"Actor 09 said “These days a chicken leg is a rare dish.”, with *slow* **speech rate**, *lower* **pitch**, *quieter* **loudness**, **gaze** *averted* (downwards), and *strong* **raised inner eyebrows**, *strong* **lowered brows**, *strong* **wrinkled nose**, *weak* **raised upper lip**, *strong* **downturned mouth corners**, *weak* **tightened lips**, *moderate* **parted lips**, *moderate* **a dropped jaw**, and *strong* **blinking**."
S_09_05_05_1_1,09,disgust,5,1,1,Rice is often served in round bowls.,normal,normal,normal,front,none,weak,none,weak,none,none,none,weak,weak,none,none,none,none,none,weak,none,none,none,"Actor 09 said “Rice is often served in round bowls.”, with *normal* **speech rate**, *normal* **pitch**, *normal* **loudness**, while **looking at the camera**, and *weak* **raised inner eyebrows**, *weak* **lowered brows**, *weak* **wrinkled nose**, *weak* **raised upper lip**, and *weak* **tightened lips**."
S_09_05_06_1_1,09,disgust,6,1,1,The juice of lemons makes fine punch.,slow,lower,quieter,front,none,weak,none,weak,none,none,none,moderate,none,none,none,none,none,none,weak,weak,none,none,"Actor 09 said “The juice of lemons makes fine punch.”, with *slow* **speech rate**, *lower* **pitch**, *quieter* **loudness**, while **looking at the camera**, and *weak* **raised inner eyebrows**, *weak* **lowered brows**, *moderate* **wrinkled nose**, *weak* **tightened lips**, and *weak* **parted lips**."
S_09_05_07_1_1,09,disgust,7,1,1,The box was thrown beside the parked truck.,normal,normal,quieter,front,none,none,none,weak,none,none,none,weak,weak,none,none,none,none,none,weak,none,none,none,"Actor 09 said “The box was thrown beside the parked truck.”, with *normal* **speech rate**, *normal* **pitch**, *quieter* **loudness**, while **looking at the camera**, and *weak* **lowered brows**, *weak* **wrinkled nose**, *weak* **raised upper lip**, and *weak* **tightened lips**."
S_09_05_07_2_1,09,disgust,7,2,1,The box was thrown beside the parked truck.,slow,lower,quieter,down,none,weak,none,strong,none,none,none,strong,weak,none,none,none,none,none,weak,moderate,none,none,"Actor 09 said “The box was thrown beside the parked truck.”, with *slow* **speech rate**, *lower* **pitch**, *quieter* **loudness**, **gaze** *averted* (downwards), and *weak* **raised inner eyebrows**, *strong* **lowered brows**, *strong* **wrinkled nose**, *weak* **raised upper lip**, *weak* **tightened lips**, and *moderate* **parted lips**."
S_09_05_08_1_1,09,disgust,8,1,1,The hogs were fed chopped corn and garbage.,normal,normal,normal,front,none,none,none,none,none,none,none,weak,weak,none,none,none,none,none,none,none,none,none,"Actor 09 said “The hogs were fed chopped corn and garbage.”, with *normal* **speech rate**, *normal* **pitch**, *normal* **loudness**, while **looking at the camera**, and *weak* **wrinkled nose** and *weak* **raised upper lip**."
S_09_05_08_2_1,09,disgust,8,2,1,The hogs were fed chopped corn and garbage.,slow,higher,louder,down,none,strong,none,strong,none,none,none,strong,moderate,none,none,moderate,none,none,none,moderate,none,weak,"Actor 09 said “The hogs were fed chopped corn and garbage.”, with *slow* **speech rate**, *higher* **pitch**, *louder* **loudness**, **gaze** *averted* (downwards), and *strong* **raised inner eyebrows**, *strong* **lowered brows**, *strong* **wrinkled nose**, *moderate* **raised upper lip**, *moderate* **downturned mouth corners**, *moderate* **parted lips**, and *weak* **blinking**."
S_09_05_09_1_1,09,disgust,9,1,1,Four hours of steady work faced us.,normal,normal,normal,front,none,weak,none,weak,none,none,none,none,weak,none,none,none,none,none,weak,none,none,none,"Actor 09 said “Four hours of steady work faced us.”, with *normal* **speech rate**, *normal* **pitch**, *normal* **loudness**, while **looking at the camera**, and *weak* **raised inner eyebrows**, *weak* **lowered brows**, *weak* **raised upper lip**, and *weak* **tightened lips**."
S_09_05_09_2_1,09,disgust,9,2,1,Four hours of steady work faced us.,slow,lower,louder,down,none,strong,none,strong,none,none,none,strong,none,none,none,none,none,none,none,moderate,weak,none,"Actor 09 said “Four hours of steady work faced us.”, with *slow* **speech rate**, *lower* **pitch**, *louder* **loudness**, **gaze** *averted* (downwards), and *strong* **raised inner eyebrows**, *strong* **lowered brows**, *strong* **wrinkled nose**, *moderate* **parted lips**, and *weak* **a dropped jaw**."
S_09_05_10_1_1,09,disgust,10,1,1,A large size in stockings is hard to sell.,normal,normal,normal,front,none,weak,none,weak,none,none,none,weak,weak,none,none,none,none,none,weak,none,none,none,"Actor 09 said “A large size in stockings is hard to sell.”, with *normal* **speech rate**, *normal* **pitch**, *normal* **loudness**, while **looking at the camera**, and *weak* **raised inner eyebrows**, *weak* **lowered brows**, *weak* **wrinkled nose**, *weak* **raised upper lip**, and *weak* **tightened lips**."
S_09_05_10_2_1,09,disgust,10,2,1,A large size in stockings is hard to sell.,slow,lower,quieter,down,none,weak,none,strong,none,none,none,strong,weak,none,none,strong,none,none,weak,moderate,moderate,strong,"Actor 09 said “A large size in stockings is hard to sell.”, with *slow* **speech rate**, *lower* **pitch**, *quieter* **loudness**, **gaze** *averted* (downwards), and *weak* **raised inner eyebrows**, *strong* **lowered brows**, *strong* **wrinkled nose**, *weak* **raised upper lip**, *strong* **downturned mouth corners**, *weak* **tightened lips**, *moderate* **parted lips**, *moderate* **a dropped jaw**, and *strong* **blinking**."
S_09_06_01_1_1,09,surprise,1,1,1,The birch canoe slid on the smooth planks.,fast,higher,normal,front,none,weak,weak,none,weak,none,none,none,none,none,none,none,none,none,none,moderate,none,none,"Actor 09 said “The birch canoe slid on the smooth planks.”, with *fast* **speech rate**, *higher* **pitch**, *normal* **loudness**, while **looking at the camera**, and *weak* **raised inner eyebrows**, *weak* **raised outer eyebrows**, *weak* **raised upper eyelids**, and *moderate* **parted lips**."
S_09_06_01_2_1,09,surprise,1,2,1,The birch canoe slid on the smooth planks.,fast,higher,louder,front,none,strong,strong,none,strong,none,none,none,none,none,none,none,none,none,none,strong,moderate,none,"Actor 09 said “The birch canoe slid on the smooth planks.”, with *fast* **speech rate**, *higher* **pitch**, *louder* **loudness**, while **looking at the camera**, and *strong* **raised inner eyebrows**, *strong* **raised outer eyebrows**, *strong* **raised upper eyelids**, *strong* **parted lips**, and *moderate* **a dropped jaw**."
S_09_06_02_1_1,09,surprise,2,1,1,Glue the sheet to the dark blue background.,fast,higher,louder,front,none,none,none,none,weak,none,none,none,none,none,none,none,none,none,none,weak,none,none,"Actor 09 said “Glue the sheet to the dark blue background.”, with *fast* **speech rate**, *higher* **pitch**, *louder* **loudness**, while **looking at the camera**, and *weak* **raised upper eyelids** and *weak* **parted lips**."
S_09_06_02_2_1,09,surprise,2,2,1,Glue the sheet to the dark blue background.,fast,higher,louder,front,none,strong,strong,none,strong,none,none,none,none,none,none,none,none,none,none,moderate,none,none,"Actor 09 said “Glue the sheet to the dark blue background.”, with *fast* **speech rate**, *higher* **pitch**, *louder* **loudness**, while **looking at the camera**, and *strong* **raised inner eyebrows**, *strong* **raised outer eyebrows**, *strong* **raised upper eyelids**, and *moderate* **parted lips**."
S_09_06_03_1_1,09,surprise,3,1,1,It's easy to tell the depth of a well.,normal,higher,normal,front,none,weak,weak,none,weak,none,none,none,none,none,none,none,none,none,none,none,none,none,"Actor 09 said “It's easy to tell the depth of a well.”, with *normal* **speech rate**, *higher* **pitch**, *normal* **loudness**, while **looking at the camera**, and *weak* **raised inner eyebrows**, *weak* **raised outer eyebrows**, and *weak* **raised upper eyelids**."
S_09_06_03_2_1,09,surprise,3,2,1,It's easy to tell the depth of a well.,fast,higher,louder,front,none,strong,strong,none,strong,none,none,none,none,none,none,none,none,none,none,moderate,none,none,"Actor 09 said “It's easy to tell the depth of a well.”, with *fast* **speech rate**, *higher* **pitch**, *louder* **loudness**, while **looking at the camera**, and *strong* **raised inner eyebrows**, *strong* **raised outer eyebrows**, *strong* **raised upper eyelids**, and *moderate* **parted lips**."
S_09_06_04_1_1,09,surprise,4,1,1,These days a chicken leg is a rare dish.,fast,higher,normal,front,none,weak,weak,none,weak,none,none,none,none,none,none,none,none,none,none,moderate,none,none,"Actor 09 said “These days a chicken leg is a rare dish.”, with *fast* **speech rate**, *higher* **pitch**, *normal* **loudness**, while **looking at the camera**, and *weak* **raised inner eyebrows**, *weak* **raised outer eyebrows**, *weak* **raised upper eyelids**, and *moderate* **parted lips**."
S_09_06_04_2_1,09,surprise,4,2,1,These days a chicken leg is a rare dish.,fast,higher,louder,front,none,strong,strong,none,strong,none,none,none,weak,none,none,none,none,none,none,moderate,moderate,none,"Actor 09 said “These days a chicken leg is a rare dish.”, with *fast* **speech rate**, *higher* **pitch**, *louder* **loudness**, while **looking at the camera**, and *strong* **raised inner eyebrows**, *strong* **raised outer eyebrows**, *strong* **raised upper eyelids**, *weak* **raised upper lip**, *moderate* **parted lips**, and *moderate* **a dropped jaw**."
S_09_06_05_1_1,09,surprise,5,1,1,Rice is often served in round bowls.,fast,higher,louder,right,none,weak,none,none,none,none,none,none,none,none,none,none,none,none,none,moderate,none,none,"Actor 09 said “Rice is often served in round bowls.”, with *fast* **speech rate**, *higher* **pitch**, *louder* **loudness**, **gaze** *averted* (to their right), and *weak* **raised inner eyebrows** and *moderate* **parted lips**."
S_09_06_05_2_1,09,surprise,5,2,1,Rice is often served in round bowls.,fast,higher,louder,front,none,strong,strong,none,strong,none,none,none,weak,none,none,none,none,none,none,moderate,none,none,"Actor 09 said “Rice is often served in round bowls.”, with *fast* **speech rate**, *higher* **pitch**, *louder* **loudness**, while **looking at the camera**, and *strong* **raised inner eyebrows**, *strong* **raised outer eyebrows**, *strong* **raised upper eyelids**, *weak* **raised upper lip**, and *moderate* **parted lips**."
S_09_06_06_1_1,09,surprise,6,1,1,The juice of lemons makes fine punch.,fast,higher,louder,front,none,weak,none,none,none,none,none,none,none,none,none,none,none,none,none,none,none,none,"Actor 09 said “The juice of lemons makes fine punch.”, with *fast* **speech rate**, *higher* **pitch**, *louder* **loudness**, while **looking at the camera**, and *weak* **raised inner eyebrows**."
S_09_06_06_2_1,09,surprise,6,2,1,The juice of lemons makes fine punch.,fast,higher,louder,up,none,weak,strong,none,strong,none,none,none,none,none,none,none,none,none,none,moderate,moderate,none,"Actor 09 said “The juice of lemons makes fine punch.”, with *fast* **speech rate**, *higher* **pitch**, *louder* **loudness**, **gaze** *averted* (upwards), and *weak* **raised inner eyebrows**, *strong* **raised outer eyebrows**, *strong* **raised upper eyelids**, *moderate* **parted lips**, and *moderate* **a dropped jaw**."
S_09_06_07_1_1,09,surprise,7,1,1,The box was thrown beside the parked truck.,fast,higher,normal,front,none,weak,weak,none,weak,none,none,none,none,none,none,none,none,none,none,moderate,none,none,"Actor 09 said “The box was thrown beside the parked truck.”, with *fast* **speech rate**, *higher* **pitch**, *normal* **loudness**, while **looking at the camera**, and *weak* **raised inner eyebrows**, *weak* **raised outer eyebrows**, *weak* **raised upper eyelids**, and *moderate* **parted lips**."
S_09_06_07_2_1,09,surprise,7,2,1,The box was thrown beside the parked truck.,fast,higher,louder,front,none,strong,strong,none,strong,none,none,none,none,none,none,none,none,none,none,moderate,moderate,none,"Actor 09 said “The box was thrown beside the parked truck.”, with *fast* **speech rate**, *higher* **pitch**, *louder* **loudness**, while **looking at the camera**, and *strong* **raised inner eyebrows**, *strong* **raised outer eyebrows**, *strong* **raised upper eyelids**, *moderate* **parted lips**, and *moderate* **a dropped jaw**."
S_09_06_08_1_1,09,surprise,8,1,1,The hogs were fed chopped corn and garbage.,fast,higher,louder,front,none,none,weak,none,weak,none,none,none,none,none,none,none,none,none,none,moderate,weak,none,"Actor 09 said “The hogs were fed chopped corn and garbage.”, with *fast* **speech rate**, *higher* **pitch**, *louder* **loudness**, while **looking at the camera**, and *weak* **raised outer eyebrows**, *weak* **raised upper eyelids**, *moderate* **parted lips**, and *weak* **a dropped jaw**."
S_09_06_08_2_1,09,surprise,8,2,1,The hogs were fed chopped corn and garbage.,fast,higher,louder,front,none,strong,strong,none,strong,none,none,none,weak,none,none,none,none,none,none,moderate,moderate,none,"Actor 09 said “The hogs were fed chopped corn and garbage.”, with *fast* **speech rate**, *higher* **pitch**, *louder* **loudness**, while **looking at the camera**, and *strong* **raised inner eyebrows**, *strong* **raised outer eyebrows**, *strong* **raised upper eyelids**, *weak* **raised upper lip**, *moderate* **parted lips**, and *moderate* **a dropped jaw**."
S_09_06_09_1_1,09,surprise,9,1,1,Four hours of steady work faced us.,fast,higher,normal,front,none,weak,weak,none,weak,none,none,none,none,none,none,none,none,none,none,none,none,none,"Actor 09 said “Four hours of steady work faced us.”, with *fast* **speech rate**, *higher* **pitch**, *normal* **loudness**, while **looking at the camera**, and *weak* **raised inner eyebrows**, *weak* **raised outer eyebrows**, and *weak* **raised upper eyelids**."
S_09_06_09_2_1,09,surprise,9,2,1,Four hours of steady work faced us.,fast,higher,louder,front,none,strong,strong,none,strong,none,none,none,none,none,none,none,none,none,none,moderate,moderate,none,"Actor 09 said “Four hours of steady work faced us.”, with *fast* **speech rate**, *higher* **pitch**, *louder* **loudness**, while **looking at the camera**, and *strong* **raised inner eyebrows**, *strong* **raised outer eyebrows**, *strong* **raised upper eyelids**, *moderate* **parted lips**, and *moderate* **a dropped jaw**."
S_09_06_10_1_1,09,surprise,10,1,1,A large size in stockings is hard to sell.,fast,higher,louder,front,none,weak,none,none,none,none,none,none,none,none,none,none,none,none,none,weak,none,none,"Actor 09 said “A large size in stockings is hard to sell.”, with *fast* **speech rate**, *higher* **pitch**, *louder* **loudness**, while **looking at the camera**, and *weak* **raised inner eyebrows** and *weak* **parted lips**."
S_09_06_10_2_1,09,surprise,10,2,1,A large size in stockings is hard to sell.,fast,higher,louder,up,none,strong,strong,none,strong,none,none,none,weak,none,none,none,none,none,none,moderate,none,none,"Actor 09 said “A large size in stockings is hard to sell.”, with *fast* **speech rate**, *higher* **pitch**, *louder* **loudness**, **gaze** *averted* (upwards), and *strong* **raised inner eyebrows**, *strong* **raised outer eyebrows**, *strong* **raised upper eyelids**, *weak* **raised upper lip**, and *moderate* **parted lips**."
S_09_07_01_1_1,09,confidence,1,1,1,The birch canoe slid on the smooth planks.,normal,normal,normal,front,none,none,none,none,none,none,none,none,none,weak,none,none,none,none,none,none,none,none,"Actor 09 said “The birch canoe slid on the smooth planks.”, with *normal* **speech rate**, *normal* **pitch**, *normal* **loudness**, while **looking at the camera**, and *weak* **a smile**."
S_09_07_01_2_1,09,confidence,1,2,1,The birch canoe slid on the smooth planks.,normal,higher,normal,front,none,none,none,none,none,none,none,none,none,moderate,none,none,none,none,none,none,none,none,"Actor 09 said “The birch canoe slid on the smooth planks.”, with *normal* **speech rate**, *higher* **pitch**, *normal* **loudness**, while **looking at the camera**, and *moderate* **a smile**."
S_09_07_02_1_1,09,confidence,2,1,1,Glue the sheet to the dark blue background.,normal,normal,normal,front,none,none,none,none,none,none,none,none,none,none,none,none,none,none,none,none,none,none,"Actor 09 said “Glue the sheet to the dark blue background.”, with *normal* **speech rate**, *normal* **pitch**, *normal* **loudness**, and while **looking at the camera**."
S_09_07_02_2_1,09,confidence,2,2,1,Glue the sheet to the dark blue background.,normal,normal,normal,front,none,none,none,none,none,none,none,none,none,moderate,none,none,none,none,none,none,none,none,"Actor 09 said “Glue the sheet to the dark blue background.”, with *normal* **speech rate**, *normal* **pitch**, *normal* **loudness**, while **looking at the camera**, and *moderate* **a smile**."
S_09_07_03_1_1,09,confidence,3,1,1,It's easy to tell the depth of a well.,normal,normal,normal,front,none,none,none,none,none,none,none,none,none,weak,none,none,none,none,none,none,none,none,"Actor 09 said “It's easy to tell the depth of a well.”, with *normal* **speech rate**, *normal* **pitch**, *normal* **loudness**, while **looking at the camera**, and *weak* **a smile**."
S_09_07_03_2_1,09,confidence,3,2,1,It's easy to tell the depth of a well.,normal,higher,louder,front,none,none,none,none,none,none,none,none,none,strong,none,none,none,none,none,none,none,none,"Actor 09 said “It's easy to tell the depth of a well.”, with *normal* **speech rate**, *higher* **pitch**, *louder* **loudness**, while **looking at the camera**, and *strong* **a smile**."
S_09_07_04_1_1,09,confidence,4,1,1,These days a chicken leg is a rare dish.,normal,normal,normal,front,none,none,none,none,none,none,none,none,none,weak,none,none,none,none,none,none,none,none,"Actor 09 said “These days a chicken leg is a rare dish.”, with *normal* **speech rate**, *normal* **pitch**, *normal* **loudness**, while **looking at the camera**, and *weak* **a smile**."
S_09_07_04_2_1,09,confidence,4,2,1,These days a chicken leg is a rare dish.,normal,higher,normal,front,none,none,none,none,none,weak,none,none,none,strong,none,none,none,none,none,none,none,none,"Actor 09 said “These days a chicken leg is a rare dish.”, with *normal* **speech rate**, *higher* **pitch**, *normal* **loudness**, while **looking at the camera**, and *weak* **raised cheeks** and *strong* **a smile**."
S_09_07_05_1_1,09,confidence,5,1,1,Rice is often served in round bowls.,normal,normal,normal,front,none,none,none,none,none,none,none,none,none,weak,none,none,none,none,none,none,none,none,"Actor 09 said “Rice is often served in round bowls.”, with *normal* **speech rate**, *normal* **pitch**, *normal* **loudness**, while **looking at the camera**, and *weak* **a smile**."
S_09_07_05_2_1,09,confidence,5,2,1,Rice is often served in round bowls.,normal,higher,louder,front,none,none,none,none,none,none,none,none,none,strong,none,none,none,none,none,none,none,none,"Actor 09 said “Rice is often served in round bowls.”, with *normal* **speech rate**, *higher* **pitch**, *louder* **loudness**, while **looking at the camera**, and *strong* **a smile**."
S_09_07_06_1_1,09,confidence,6,1,1,The juice of lemons makes fine punch.,normal,normal,normal,front,none,none,none,none,none,none,none,none,none,weak,none,none,none,none,none,none,none,none,"Actor 09 said “The juice of lemons makes fine punch.”, with *normal* **speech rate**, *normal* **pitch**, *normal* **loudness**, while **looking at the camera**, and *weak* **a smile**."
S_09_07_06_2_1,09,confidence,6,2,1,The juice of lemons makes fine punch.,normal,normal,normal,front,none,none,none,none,none,none,none,none,weak,strong,none,none,none,none,none,none,none,none,"Actor 09 said “The juice of lemons makes fine punch.”, with *normal* **speech rate**, *normal* **pitch**, *normal* **loudness**, while **looking at the camera**, and *weak* **raised upper lip** and *strong* **a smile**."
S_09_07_07_1_1,09,confidence,7,1,1,The box was thrown beside the parked truck.,normal,normal,normal,front,none,none,none,none,none,none,none,none,none,weak,none,none,none,none,none,none,none,none,"Actor 09 said “The box was thrown beside the parked truck.”, with *normal* **speech rate**, *normal* **pitch**, *normal* **loudness**, while **looking at the camera**, and *weak* **a smile**."
S_09_07_07_2_1,09,confidence,7,2,1,The box was thrown beside the parked truck.,normal,higher,normal,front,none,none,weak,none,none,none,none,none,none,strong,none,none,none,none,none,none,none,none,"Actor 09 said “The box was thrown beside the parked truck.”, with *normal* **speech rate**, *higher* **pitch**, *normal* **loudness**, while **looking at the camera**, and *weak* **raised outer eyebrows** and *strong* **a smile**."
S_09_07_08_1_1,09,confidence,8,1,1,The hogs were fed chopped corn and garbage.,normal,normal,normal,front,none,none,none,none,none,none,none,none,none,weak,none,none,none,none,none,none,none,none,"Actor 09 said “The hogs were fed chopped corn and garbage.”, with *normal* **speech rate**, *normal* **pitch**, *normal* **loudness**, while **looking at the camera**, and *weak* **a smile**."
S_09_07_08_2_1,09,confidence,8,2,1,The hogs were fed chopped corn and garbage.,normal,higher,louder,front,none,none,none,none,none,none,none,none,none,strong,none,none,none,none,none,none,none,none,"Actor 09 said “The hogs were fed chopped corn and garbage.”, with *normal* **speech rate**, *higher* **pitch**, *louder* **loudness**, while **looking at the camera**, and *strong* **a smile**."
S_09_07_09_1_1,09,confidence,9,1,1,Four hours of steady work faced us.,normal,normal,normal,front,none,none,none,none,none,none,none,none,none,weak,none,none,none,none,none,none,none,none,"Actor 09 said “Four hours of steady work faced us.”, with *normal* **speech rate**, *normal* **pitch**, *normal* **loudness**, while **looking at the camera**, and *weak* **a smile**."
S_09_07_09_2_1,09,confidence,9,2,1,Four hours of steady work faced us.,normal,higher,louder,front,none,none,none,none,none,none,none,none,none,strong,none,none,none,none,none,none,none,none,"Actor 09 said “Four hours of steady work faced us.”, with *normal* **speech rate**, *higher* **pitch**, *louder* **loudness**, while **looking at the camera**, and *strong* **a smile**."
S_09_07_10_1_1,09,confidence,10,1,1,A large size in stockings is hard to sell.,normal,normal,normal,front,none,none,none,none,none,none,none,none,none,weak,none,none,none,none,none,none,none,none,"Actor 09 said “A large size in stockings is hard to sell.”, with *normal* **speech rate**, *normal* **pitch**, *normal* **loudness**, while **looking at the camera**, and *weak* **a smile**."
S_09_07_10_2_1,09,confidence,10,2,1,A large size in stockings is hard to sell.,normal,normal,normal,front,none,weak,none,none,none,none,none,none,none,strong,none,none,none,none,none,none,none,none,"Actor 09 said “A large size in stockings is hard to sell.”, with *normal* **speech rate**, *normal* **pitch**, *normal* **loudness**, while **looking at the camera**, and *weak* **raised inner eyebrows** and *strong* **a smile**."
S_09_08_01_1_1,09,confusion,1,1,1,The birch canoe slid on the smooth planks.,slow,lower,quieter,left,tilting,none,none,weak,none,none,none,none,none,none,none,none,none,none,none,weak,none,none,"Actor 09 said “The birch canoe slid on the smooth planks.”, with *slow* **speech rate**, *lower* **pitch**, *quieter* **loudness**, **gaze** *averted* (to their left), while *tilting* their **head**, and *weak* **lowered brows** and *weak* **parted lips**."
S_09_08_01_2_1,09,confusion,1,2,1,The birch canoe slid on the smooth planks.,slow,lower,quieter,left,tilting,strong,none,strong,none,none,none,none,none,none,none,none,none,none,none,moderate,weak,none,"Actor 09 said “The birch canoe slid on the smooth planks.”, with *slow* **speech rate**, *lower* **pitch**, *quieter* **loudness**, **gaze** *averted* (to their left), while *tilting* their **head**, and *strong* **raised inner eyebrows**, *strong* **lowered brows**, *moderate* **parted lips**, and *weak* **a dropped jaw**."
S_09_08_02_1_1,09,confusion,2,1,1,Glue the sheet to the dark blue background.,slow,lower,quieter,left,tilting,none,none,weak,none,none,none,none,none,none,none,none,none,none,none,weak,none,none,"Actor 09 said “Glue the sheet to the dark blue background.”, with *slow* **speech rate**, *lower* **pitch**, *quieter* **loudness**, **gaze** *averted* (to their left), while *tilting* their **head**, and *weak* **lowered brows** and *weak* **parted lips**."
S_09_08_02_2_1,09,confusion,2,2,1,Glue the sheet to the dark blue background.,slow,lower,quieter,left,tilting,strong,moderate,strong,moderate,none,none,none,none,none,none,none,moderate,none,none,strong,none,moderate,"Actor 09 said “Glue the sheet to the dark blue background.”, with *slow* **speech rate**, *lower* **pitch**, *quieter* **loudness**, **gaze** *averted* (to their left), while *tilting* their **head**, and *strong* **raised inner eyebrows**, *moderate* **raised outer eyebrows**, *strong* **lowered brows**, *moderate* **raised upper eyelids**, *moderate* **raised chin**, *strong* **parted lips**, and *moderate* **blinking**."
S_09_08_03_1_1,09,confusion,3,1,1,It's easy to tell the depth of a well.,slow,lower,quieter,left,tilting,none,none,weak,none,none,none,none,none,none,none,none,none,none,none,weak,none,none,"Actor 09 said “It's easy to tell the depth of a well.”, with *slow* **speech rate**, *lower* **pitch**, *quieter* **loudness**, **gaze** *averted* (to their left), while *tilting* their **head**, and *weak* **lowered brows** and *weak* **parted lips**."
S_09_08_03_2_1,09,confusion,3,2,1,It's easy to tell the depth of a well.,slow,lower,quieter,left,tilting,strong,moderate,strong,moderate,none,none,none,none,none,none,none,moderate,none,none,strong,none,moderate,"Actor 09 said “It's easy to tell the depth of a well.”, with *slow* **speech rate**, *lower* **pitch**, *quieter* **loudness**, **gaze** *averted* (to their left), while *tilting* their **head**, and *strong* **raised inner eyebrows**, *moderate* **raised outer eyebrows**, *strong* **lowered brows**, *moderate* **raised upper eyelids**, *moderate* **raised chin**, *strong* **parted lips**, and *moderate* **blinking**."
S_09_08_04_1_1,09,confusion,4,1,1,These days a chicken leg is a rare dish.,slow,lower,quieter,left,tilting,none,none,weak,none,none,none,none,none,none,none,none,none,none,none,weak,none,none,"Actor 09 said “These days a chicken leg is a rare dish.”, with *slow* **speech rate**, *lower* **pitch**, *quieter* **loudness**, **gaze** *averted* (to their left), while *tilting* their **head**, and *weak* **lowered brows** and *weak* **parted lips**."
S_09_08_04_2_1,09,confusion,4,2,1,These days a chicken leg is a rare dish.,slow,lower,quieter,left,tilting,strong,moderate,strong,moderate,none,none,none,none,none,none,none,weak,none,none,moderate,strong,moderate,"Actor 09 said “These days a chicken leg is a rare dish.”, with *slow* **speech rate**, *lower* **pitch**, *quieter* **loudness**, **gaze** *averted* (to their left), while *tilting* their **head**, and *strong* **raised inner eyebrows**, *moderate* **raised outer eyebrows**, *strong* **lowered brows**, *moderate* **raised upper eyelids**, *weak* **raised chin**, *moderate* **parted lips**, *strong* **a dropped jaw**, and *moderate* **blinking**."
S_09_08_05_1_1,09,confusion,5,1,1,Rice is often served in round bowls.,slow,lower,quieter,left,tilting,none,none,weak,none,none,none,none,none,none,none,none,none,none,none,weak,none,none,"Actor 09 said “Rice is often served in round bowls.”, with *slow* **speech rate**, *lower* **pitch**, *quieter* **loudness**, **gaze** *averted* (to their left), while *tilting* their **head**, and *weak* **lowered brows** and *weak* **parted lips**."
S_09_08_05_2_1,09,confusion,5,2,1,Rice is often served in round bowls.,slow,lower,quieter,left,tilting,strong,moderate,strong,moderate,none,none,none,none,none,none,none,none,none,none,moderate,strong,moderate,"Actor 09 said “Rice is often served in round bowls.”, with *slow* **speech rate**, *lower* **pitch**, *quieter* **loudness**, **gaze** *averted* (to their left), while *tilting* their **head**, and *strong* **raised inner eyebrows**, *moderate* **raised outer eyebrows**, *strong* **lowered brows**, *moderate* **raised upper eyelids**, *moderate* **parted lips**, *strong* **a dropped jaw**, and *moderate* **blinking**."
S_09_08_06_1_1,09,confusion,6,1,1,The juice of lemons makes fine punch.,slow,lower,quieter,left,tilting,none,none,moderate,none,none,none,none,none,none,none,none,none,none,none,weak,weak,none,"Actor 09 said “The juice of lemons makes fine punch.”, with *slow* **speech rate**, *lower* **pitch**, *quieter* **loudness**, **gaze** *averted* (to their left), while *tilting* their **head**, and *moderate* **lowered brows**, *weak* **parted lips**, and *weak* **a dropped jaw**."
S_09_08_06_2_1,09,confusion,6,2,1,The juice of lemons makes fine punch.,slow,lower,quieter,left,tilting,strong,moderate,strong,moderate,none,none,none,none,none,none,none,none,weak,moderate,weak,none,moderate,"Actor 09 said “The juice of lemons makes fine punch.”, with *slow* **speech rate**, *lower* **pitch**, *quieter* **loudness**, **gaze** *averted* (to their left), while *tilting* their **head**, and *strong* **raised inner eyebrows**, *moderate* **raised outer eyebrows**, *strong* **lowered brows**, *moderate* **raised upper eyelids**, *weak* **stretched lips**, *moderate* **tightened lips**, *weak* **parted lips**, and *moderate* **blinking**."
S_09_08_07_1_1,09,confusion,7,1,1,The box was thrown beside the parked truck.,slow,lower,quieter,left,tilting,none,none,weak,none,none,none,none,none,none,none,none,none,none,none,weak,none,none,"Actor 09 said “The box was thrown beside the parked truck.”, with *slow* **speech rate**, *lower* **pitch**, *quieter* **loudness**, **gaze** *averted* (to their left), while *tilting* their **head**, and *weak* **lowered brows** and *weak* **parted lips**."
S_09_08_07_2_1,09,confusion,7,2,1,The box was thrown beside the parked truck.,slow,lower,quieter,left,tilting,strong,moderate,strong,moderate,none,none,none,none,none,none,none,weak,none,moderate,weak,none,moderate,"Actor 09 said “The box was thrown beside the parked truck.”, with *slow* **speech rate**, *lower* **pitch**, *quieter* **loudness**, **gaze** *averted* (to their left), while *tilting* their **head**, and *strong* **raised inner eyebrows**, *moderate* **raised outer eyebrows**, *strong* **lowered brows**, *moderate* **raised upper eyelids**, *weak* **raised chin**, *moderate* **tightened lips**, *weak* **parted lips**, and *moderate* **blinking**."
S_09_08_08_1_1,09,confusion,8,1,1,The hogs were fed chopped corn and garbage.,slow,lower,quieter,left,tilting,none,none,weak,none,none,none,none,none,none,none,none,none,none,none,weak,none,none,"Actor 09 said “The hogs were fed chopped corn and garbage.”, with *slow* **speech rate**, *lower* **pitch**, *quieter* **loudness**, **gaze** *averted* (to their left), while *tilting* their **head**, and *weak* **lowered brows** and *weak* **parted lips**."
S_09_08_08_2_1,09,confusion,8,2,1,The hogs were fed chopped corn and garbage.,slow,lower,quieter,left,tilting,strong,moderate,strong,moderate,none,none,none,none,none,none,none,weak,none,moderate,weak,none,moderate,"Actor 09 said “The hogs were fed chopped corn and garbage.”, with *slow* **speech rate**, *lower* **pitch**, *quieter* **loudness**, **gaze** *averted* (to their left), while *tilting* their **head**, and *strong* **raised inner eyebrows**, *moderate* **raised outer eyebrows**, *strong* **lowered brows**, *moderate* **raised upper eyelids**, *weak* **raised chin**, *moderate* **tightened lips**, *weak* **parted lips**, and *moderate* **blinking**."
S_09_08_09_1_1,09,confusion,9,1,1,Four hours of steady work faced us.,slow,lower,quieter,left,tilting,none,none,weak,none,none,none,none,none,none,none,none,none,none,none,weak,none,none,"Actor 09 said “Four hours of steady work faced us.”, with *slow* **speech rate**, *lower* **pitch**, *quieter* **loudness**, **gaze** *averted* (to their left), while *tilting* their **head**, and *weak* **lowered brows** and *weak* **parted lips**."
S_09_08_09_2_1,09,confusion,9,2,1,Four hours of steady work faced us.,slow,lower,quieter,left,tilting,strong,moderate,strong,moderate,none,none,none,none,none,none,none,none,none,none,moderate,strong,moderate,"Actor 09 said “Four hours of steady work faced us.”, with *slow* **speech rate**, *lower* **pitch**, *quieter* **loudness**, **gaze** *averted* (to their left), while *tilting* their **head**, and *strong* **raised inner eyebrows**, *moderate* **raised outer eyebrows**, *strong* **lowered brows**, *moderate* **raised upper eyelids**, *moderate* **parted lips**, *strong* **a dropped jaw**, and *moderate* **blinking**."
S_09_08_10_1_1,09,confusion,10,1,1,A large size in stockings is hard to sell.,slow,lower,quieter,up,tilting,none,none,weak,none,none,none,none,none,none,none,none,none,none,none,weak,none,none,"Actor 09 said “A large size in stockings is hard to sell.”, with *slow* **speech rate**, *lower* **pitch**, *quieter* **loudness**, **gaze** *averted* (upwards), while *tilting* their **head**, and *weak* **lowered brows** and *weak* **parted lips**."
S_09_08_10_2_1,09,confusion,10,2,1,A large size in stockings is hard to sell.,slow,lower,quieter,left,tilting,strong,none,strong,none,none,none,none,none,none,none,none,none,none,none,moderate,weak,none,"Actor 09 said “A large size in stockings is hard to sell.”, with *slow* **speech rate**, *lower* **pitch**, *quieter* **loudness**, **gaze** *averted* (to their left), while *tilting* their **head**, and *strong* **raised inner eyebrows**, *strong* **lowered brows**, *moderate* **parted lips**, and *weak* **a dropped jaw**."
S_09_09_01_1_1,09,contempt,1,1,1,The birch canoe slid on the smooth planks.,normal,normal,normal,front,none,none,none,weak,none,none,none,none,none,none,none,none,none,none,none,none,none,none,"Actor 09 said “The birch canoe slid on the smooth planks.”, with *normal* **speech rate**, *normal* **pitch**, *normal* **loudness**, while **looking at the camera**, and *weak* **lowered brows**."
S_09_09_01_2_1,09,contempt,1,2,1,The birch canoe slid on the smooth planks.,slow,lower,normal,right,shaking,weak,none,strong,none,none,none,none,weak,none,none,strong,none,none,weak,moderate,none,none,"Actor 09 said “The birch canoe slid on the smooth planks.”, with *slow* **speech rate**, *lower* **pitch**, *normal* **loudness**, **gaze** *averted* (to their right), while *shaking* their **head**, and *weak* **raised inner eyebrows**, *strong* **lowered brows**, *weak* **raised upper lip**, *strong* **downturned mouth corners**, *weak* **tightened lips**, and *moderate* **parted lips**."
S_09_09_02_1_1,09,contempt,2,1,1,Glue the sheet to the dark blue background.,normal,normal,normal,front,none,none,none,weak,none,none,none,none,none,none,none,none,none,none,none,none,none,none,"Actor 09 said “Glue the sheet to the dark blue background.”, with *normal* **speech rate**, *normal* **pitch**, *normal* **loudness**, while **looking at the camera**, and *weak* **lowered brows**."
S_09_09_02_2_1,09,contempt,2,2,1,Glue the sheet to the dark blue background.,slow,lower,quieter,left,shaking,weak,none,strong,none,none,none,none,weak,none,none,strong,none,none,weak,moderate,none,none,"Actor 09 said “Glue the sheet to the dark blue background.”, with *slow* **speech rate**, *lower* **pitch**, *quieter* **loudness**, **gaze** *averted* (to their left), while *shaking* their **head**, and *weak* **raised inner eyebrows**, *strong* **lowered brows**, *weak* **raised upper lip**, *strong* **downturned mouth corners**, *weak* **tightened lips**, and *moderate* **parted lips**."
S_09_09_03_1_1,09,contempt,3,1,1,It's easy to tell the depth of a well.,normal,lower,quieter,left,none,weak,none,weak,none,none,none,none,weak,none,none,weak,none,none,weak,none,none,none,"Actor 09 said “It's easy to tell the depth of a well.”, with *normal* **speech rate**, *lower* **pitch**, *quieter* **loudness**, **gaze** *averted* (to their left), and *weak* **raised inner eyebrows**, *weak* **lowered brows**, *weak* **raised upper lip**, *weak* **downturned mouth corners**, and *weak* **tightened lips**."
S_09_09_03_2_1,09,contempt,3,2,1,It's easy to tell the depth of a well.,slow,lower,normal,down,shaking,weak,none,strong,none,none,none,none,weak,none,none,strong,none,none,weak,moderate,none,none,"Actor 09 said “It's easy to tell the depth of a well.”, with *slow* **speech rate**, *lower* **pitch**, *normal* **loudness**, **gaze** *averted* (downwards), while *shaking* their **head**, and *weak* **raised inner eyebrows**, *strong* **lowered brows**, *weak* **raised upper lip**, *strong* **downturned mouth corners**, *weak* **tightened lips**, and *moderate* **parted lips**."
S_09_09_04_1_1,09,contempt,4,1,1,These days a chicken leg is a rare dish.,normal,lower,quieter,front,none,none,none,weak,none,none,none,none,none,none,none,none,none,none,weak,none,none,none,"Actor 09 said “These days a chicken leg is a rare dish.”, with *normal* **speech rate**, *lower* **pitch**, *quieter* **loudness**, while **looking at the camera**, and *weak* **lowered brows** and *weak* **tightened lips**."
S_09_09_04_2_1,09,contempt,4,2,1,These days a chicken leg is a rare dish.,slow,lower,louder,left,shaking,weak,none,strong,none,none,none,none,weak,none,none,strong,none,none,weak,moderate,none,none,"Actor 09 said “These days a chicken leg is a rare dish.”, with *slow* **speech rate**, *lower* **pitch**, *louder* **loudness**, **gaze** *averted* (to their left), while *shaking* their **head**, and *weak* **raised inner eyebrows**, *strong* **lowered brows**, *weak* **raised upper lip**, *strong* **downturned mouth corners**, *weak* **tightened lips**, and *moderate* **parted lips**."
S_09_09_05_1_1,09,contempt,5,1,1,Rice is often served in round bowls.,normal,lower,quieter,front,none,weak,none,weak,none,none,none,none,weak,none,none,weak,none,none,weak,none,none,none,"Actor 09 said “Rice is often served in round bowls.”, with *normal* **speech rate**, *lower* **pitch**, *quieter* **loudness**, while **looking at the camera**, and *weak* **raised inner eyebrows**, *weak* **lowered brows**, *weak* **raised upper lip**, *weak* **downturned mouth corners**, and *weak* **tightened lips**."
S_09_09_05_2_1,09,contempt,5,2,1,Rice is often served in round bowls.,slow,lower,quieter,left,shaking,weak,none,strong,none,none,none,none,none,none,none,none,none,none,none,none,none,none,"Actor 09 said “Rice is often served in round bowls.”, with *slow* **speech rate**, *lower* **pitch**, *quieter* **loudness**, **gaze** *averted* (to their left), while *shaking* their **head**, and *weak* **raised inner eyebrows** and *strong* **lowered brows**."
S_09_09_06_1_1,09,contempt,6,1,1,The juice of lemons makes fine punch.,normal,lower,quieter,left,none,none,none,weak,none,none,none,none,weak,none,none,weak,none,none,weak,none,none,none,"Actor 09 said “The juice of lemons makes fine punch.”, with *normal* **speech rate**, *lower* **pitch**, *quieter* **loudness**, **gaze** *averted* (to their left), and *weak* **lowered brows**, *weak* **raised upper lip**, *weak* **downturned mouth corners**, and *weak* **tightened lips**."
S_09_09_06_2_1,09,contempt,6,2,1,The juice of lemons makes fine punch.,slow,lower,quieter,left,shaking,weak,none,strong,none,none,none,none,none,none,none,none,none,none,none,none,none,none,"Actor 09 said “The juice of lemons makes fine punch.”, with *slow* **speech rate**, *lower* **pitch**, *quieter* **loudness**, **gaze** *averted* (to their left), while *shaking* their **head**, and *weak* **raised inner eyebrows** and *strong* **lowered brows**."
S_09_09_07_1_1,09,contempt,7,1,1,The box was thrown beside the parked truck.,normal,lower,quieter,left,none,weak,none,weak,none,none,none,none,weak,none,none,weak,none,none,weak,none,none,none,"Actor 09 said “The box was thrown beside the parked truck.”, with *normal* **speech rate**, *lower* **pitch**, *quieter* **loudness**, **gaze** *averted* (to their left), and *weak* **raised inner eyebrows**, *weak* **lowered brows**, *weak* **raised upper lip**, *weak* **downturned mouth corners**, and *weak* **tightened lips**."
S_09_09_07_2_1,09,contempt,7,2,1,The box was thrown beside the parked truck.,slow,lower,quieter,left,shaking,weak,none,strong,none,none,none,none,weak,none,none,strong,none,none,weak,moderate,none,none,"Actor 09 said “The box was thrown beside the parked truck.”, with *slow* **speech rate**, *lower* **pitch**, *quieter* **loudness**, **gaze** *averted* (to their left), while *shaking* their **head**, and *weak* **raised inner eyebrows**, *strong* **lowered brows**, *weak* **raised upper lip**, *strong* **downturned mouth corners**, *weak* **tightened lips**, and *moderate* **parted lips**."
S_09_09_08_1_1,09,contempt,8,1,1,The hogs were fed chopped corn and garbage.,normal,lower,quieter,left,none,weak,none,weak,none,none,none,none,weak,none,none,weak,none,none,weak,none,none,none,"Actor 09 said “The hogs were fed chopped corn and garbage.”, with *normal* **speech rate**, *lower* **pitch**, *quieter* **loudness**, **gaze** *averted* (to their left), and *weak* **raised inner eyebrows**, *weak* **lowered brows**, *weak* **raised upper lip**, *weak* **downturned mouth corners**, and *weak* **tightened lips**."
S_09_09_08_2_1,09,contempt,8,2,1,The hogs were fed chopped corn and garbage.,slow,lower,louder,front,shaking,strong,none,strong,none,none,none,none,none,none,none,none,none,none,none,none,none,none,"Actor 09 said “The hogs were fed chopped corn and garbage.”, with *slow* **speech rate**, *lower* **pitch**, *louder* **loudness**, while **looking at the camera**, while *shaking* their **head**, and *strong* **raised inner eyebrows** and *strong* **lowered brows**."
S_09_09_09_1_1,09,contempt,9,1,1,Four hours of steady work faced us.,normal,normal,normal,front,none,none,none,weak,none,none,none,none,none,none,none,none,none,none,none,none,none,none,"Actor 09 said “Four hours of steady work faced us.”, with *normal* **speech rate**, *normal* **pitch**, *normal* **loudness**, while **looking at the camera**, and *weak* **lowered brows**."
S_09_09_09_2_1,09,contempt,9,2,1,Four hours of steady work faced us.,slow,lower,louder,left,shaking,strong,none,strong,none,none,none,none,none,none,none,none,none,none,none,none,none,none,"Actor 09 said “Four hours of steady work faced us.”, with *slow* **speech rate**, *lower* **pitch**, *louder* **loudness**, **gaze** *averted* (to their left), while *shaking* their **head**, and *strong* **raised inner eyebrows** and *strong* **lowered brows**."
S_09_09_10_1_1,09,contempt,10,1,1,A large size in stockings is hard to sell.,normal,normal,normal,front,none,none,none,weak,none,none,none,none,none,none,none,weak,none,none,weak,none,none,none,"Actor 09 said “A large size in stockings is hard to sell.”, with *normal* **speech rate**, *normal* **pitch**, *normal* **loudness**, while **looking at the camera**, and *weak* **lowered brows**, *weak* **downturned mouth corners**, and *weak* **tightened lips**."
S_09_09_10_2_1,09,contempt,10,2,1,A large size in stockings is hard to sell.,slow,lower,louder,left,shaking,strong,none,strong,none,none,none,none,none,none,none,none,none,none,none,none,none,none,"Actor 09 said “A large size in stockings is hard to sell.”, with *slow* **speech rate**, *lower* **pitch**, *louder* **loudness**, **gaze** *averted* (to their left), while *shaking* their **head**, and *strong* **raised inner eyebrows** and *strong* **lowered brows**."
S_09_10_01_1_1,09,empathy,1,1,1,The birch canoe slid on the smooth planks.,normal,lower,quieter,front,none,weak,none,none,none,none,none,none,none,none,none,none,none,none,none,none,none,none,"Actor 09 said “The birch canoe slid on the smooth planks.”, with *normal* **speech rate**, *lower* **pitch**, *quieter* **loudness**, while **looking at the camera**, and *weak* **raised inner eyebrows**."
S_09_10_01_2_1,09,empathy,1,2,1,The birch canoe slid on the smooth planks.,slow,lower,quieter,front,none,moderate,none,none,none,none,none,none,none,none,none,none,none,none,none,none,moderate,none,"Actor 09 said “The birch canoe slid on the smooth planks.”, with *slow* **speech rate**, *lower* **pitch**, *quieter* **loudness**, while **looking at the camera**, and *moderate* **raised inner eyebrows** and *moderate* **a dropped jaw**."
S_09_10_02_1_1,09,empathy,2,1,1,Glue the sheet to the dark blue background.,slow,lower,quieter,front,none,weak,none,none,none,none,none,none,none,none,none,none,none,none,none,none,none,none,"Actor 09 said “Glue the sheet to the dark blue background.”, with *slow* **speech rate**, *lower* **pitch**, *quieter* **loudness**, while **looking at the camera**, and *weak* **raised inner eyebrows**."
S_09_10_02_2_1,09,empathy,2,2,1,Glue the sheet to the dark blue background.,slow,lower,quieter,front,none,moderate,weak,none,none,none,none,none,weak,none,none,weak,none,none,none,none,none,none,"Actor 09 said “Glue the sheet to the dark blue background.”, with *slow* **speech rate**, *lower* **pitch**, *quieter* **loudness**, while **looking at the camera**, and *moderate* **raised inner eyebrows**, *weak* **raised outer eyebrows**, *weak* **raised upper lip**, and *weak* **downturned mouth corners**."
S_09_10_03_1_1,09,empathy,3,1,1,It's easy to tell the depth of a well.,slow,lower,quieter,front,none,weak,none,none,none,none,none,none,weak,none,none,weak,none,none,none,none,none,none,"Actor 09 said “It's easy to tell the depth of a well.”, with *slow* **speech rate**, *lower* **pitch**, *quieter* **loudness**, while **looking at the camera**, and *weak* **raised inner eyebrows**, *weak* **raised upper lip**, and *weak* **downturned mouth corners**."
S_09_10_03_2_1,09,empathy,3,2,1,It's easy to tell the depth of a well.,slow,lower,quieter,front,none,weak,none,none,none,none,none,none,weak,none,none,weak,none,none,none,moderate,weak,none,"Actor 09 said “It's easy to tell the depth of a well.”, with *slow* **speech rate**, *lower* **pitch**, *quieter* **loudness**, while **looking at the camera**, and *weak* **raised inner eyebrows**, *weak* **raised upper lip**, *weak* **downturned mouth corners**, *moderate* **parted lips**, and *weak* **a dropped jaw**."
S_09_10_04_1_1,09,empathy,4,1,1,These days a chicken leg is a rare dish.,slow,lower,quieter,front,none,weak,none,none,none,none,none,none,weak,none,none,weak,none,none,none,weak,none,none,"Actor 09 said “These days a chicken leg is a rare dish.”, with *slow* **speech rate**, *lower* **pitch**, *quieter* **loudness**, while **looking at the camera**, and *weak* **raised inner eyebrows**, *weak* **raised upper lip**, *weak* **downturned mouth corners**, and *weak* **parted lips**."
S_09_10_04_2_1,09,empathy,4,2,1,These days a chicken leg is a rare dish.,slow,lower,quieter,front,none,moderate,none,weak,none,none,none,none,none,none,none,none,none,none,none,weak,moderate,none,"Actor 09 said “These days a chicken leg is a rare dish.”, with *slow* **speech rate**, *lower* **pitch**, *quieter* **loudness**, while **looking at the camera**, and *moderate* **raised inner eyebrows**, *weak* **lowered brows**, *weak* **parted lips**, and *moderate* **a dropped jaw**."
S_09_10_05_1_1,09,empathy,5,1,1,Rice is often served in round bowls.,normal,lower,quieter,front,none,weak,none,none,none,none,none,none,none,none,none,none,none,none,none,none,none,none,"Actor 09 said “Rice is often served in round bowls.”, with *normal* **speech rate**, *lower* **pitch**, *quieter* **loudness**, while **looking at the camera**, and *weak* **raised inner eyebrows**."
S_09_10_05_2_1,09,empathy,5,2,1,Rice is often served in round bowls.,slow,lower,quieter,front,none,weak,none,none,none,none,none,none,weak,none,none,weak,none,none,none,none,none,none,"Actor 09 said “Rice is often served in round bowls.”, with *slow* **speech rate**, *lower* **pitch**, *quieter* **loudness**, while **looking at the camera**, and *weak* **raised inner eyebrows**, *weak* **raised upper lip**, and *weak* **downturned mouth corners**."
S_09_10_06_1_1,09,empathy,6,1,1,The juice of lemons makes fine punch.,normal,lower,quieter,front,none,weak,none,none,none,none,none,none,weak,none,none,none,none,none,none,none,none,none,"Actor 09 said “The juice of lemons makes fine punch.”, with *normal* **speech rate**, *lower* **pitch**, *quieter* **loudness**, while **looking at the camera**, and *weak* **raised inner eyebrows** and *weak* **raised upper lip**."
S_09_10_06_2_1,09,empathy,6,2,1,The juice of lemons makes fine punch.,slow,lower,quieter,front,none,moderate,weak,none,none,none,none,none,weak,none,none,weak,none,none,none,moderate,weak,none,"Actor 09 said “The juice of lemons makes fine punch.”, with *slow* **speech rate**, *lower* **pitch**, *quieter* **loudness**, while **looking at the camera**, and *moderate* **raised inner eyebrows**, *weak* **raised outer eyebrows**, *weak* **raised upper lip**, *weak* **downturned mouth corners**, *moderate* **parted lips**, and *weak* **a dropped jaw**."
S_09_10_07_1_1,09,empathy,7,1,1,The box was thrown beside the parked truck.,normal,lower,quieter,front,none,none,none,none,none,none,none,none,weak,none,none,weak,none,none,none,none,none,none,"Actor 09 said “The box was thrown beside the parked truck.”, with *normal* **speech rate**, *lower* **pitch**, *quieter* **loudness**, while **looking at the camera**, and *weak* **raised upper lip** and *weak* **downturned mouth corners**."
S_09_10_07_2_1,09,empathy,7,2,1,The box was thrown beside the parked truck.,slow,lower,quieter,front,none,moderate,none,weak,none,none,none,none,weak,none,none,weak,none,none,none,moderate,weak,none,"Actor 09 said “The box was thrown beside the parked truck.”, with *slow* **speech rate**, *lower* **pitch**, *quieter* **loudness**, while **looking at the camera**, and *moderate* **raised inner eyebrows**, *weak* **lowered brows**, *weak* **raised upper lip**, *weak* **downturned mouth corners**, *moderate* **parted lips**, and *weak* **a dropped jaw**."
S_09_10_08_1_1,09,empathy,8,1,1,The hogs were fed chopped corn and garbage.,normal,normal,normal,front,none,weak,none,none,none,none,none,none,weak,none,none,none,none,none,none,none,none,none,"Actor 09 said “The hogs were fed chopped corn and garbage.”, with *normal* **speech rate**, *normal* **pitch**, *normal* **loudness**, while **looking at the camera**, and *weak* **raised inner eyebrows** and *weak* **raised upper lip**."
S_09_10_08_2_1,09,empathy,8,2,1,The hogs were fed chopped corn and garbage.,slow,lower,quieter,front,none,weak,none,none,none,none,none,none,weak,none,none,weak,none,none,none,moderate,weak,none,"Actor 09 said “The hogs were fed chopped corn and garbage.”, with *slow* **speech rate**, *lower* **pitch**, *quieter* **loudness**, while **looking at the camera**, and *weak* **raised inner eyebrows**, *weak* **raised upper lip**, *weak* **downturned mouth corners**, *moderate* **parted lips**, and *weak* **a dropped jaw**."
S_09_10_09_1_1,09,empathy,9,1,1,Four hours of steady work faced us.,slow,lower,quieter,front,none,weak,none,none,none,none,none,none,weak,none,none,weak,none,none,none,none,none,none,"Actor 09 said “Four hours of steady work faced us.”, with *slow* **speech rate**, *lower* **pitch**, *quieter* **loudness**, while **looking at the camera**, and *weak* **raised inner eyebrows**, *weak* **raised upper lip**, and *weak* **downturned mouth corners**."
S_09_10_09_2_1,09,empathy,9,2,1,Four hours of steady work faced us.,slow,lower,quieter,front,none,moderate,weak,none,none,none,none,none,weak,none,none,moderate,none,none,none,none,none,weak,"Actor 09 said “Four hours of steady work faced us.”, with *slow* **speech rate**, *lower* **pitch**, *quieter* **loudness**, while **looking at the camera**, and *moderate* **raised inner eyebrows**, *weak* **raised outer eyebrows**, *weak* **raised upper lip**, *moderate* **downturned mouth corners**, and *weak* **blinking**."
S_09_10_10_1_1,09,empathy,10,1,1,A large size in stockings is hard to sell.,normal,lower,quieter,front,none,weak,none,none,none,none,none,none,none,none,none,none,none,none,none,none,none,none,"Actor 09 said “A large size in stockings is hard to sell.”, with *normal* **speech rate**, *lower* **pitch**, *quieter* **loudness**, while **looking at the camera**, and *weak* **raised inner eyebrows**."
S_09_10_10_2_1,09,empathy,10,2,1,A large size in stockings is hard to sell.,slow,lower,quieter,front,none,moderate,weak,none,none,none,none,none,weak,none,none,moderate,none,none,none,none,none,weak,"Actor 09 said “A large size in stockings is hard to sell.”, with *slow* **speech rate**, *lower* **pitch**, *quieter* **loudness**, while **looking at the camera**, and *moderate* **raised inner eyebrows**, *weak* **raised outer eyebrows**, *weak* **raised upper lip**, *moderate* **downturned mouth corners**, and *weak* **blinking**."
S_10_00_01_0_1,10,neutral,1,0,1,The birch canoe slid on the smooth planks.,normal,normal,normal,front,none,none,none,none,none,none,none,none,none,none,none,none,none,none,none,none,none,none,"Actor 10 said “The birch canoe slid on the smooth planks.”, with *normal* **speech rate**, *normal* **pitch**, *normal* **loudness**, and while **looking at the camera**."
S_10_00_02_0_1,10,neutral,2,0,1,Glue the sheet to the dark blue background.,normal,normal,normal,front,none,none,none,none,none,none,none,none,none,none,none,none,none,none,none,none,none,none,"Actor 10 said “Glue the sheet to the dark blue background.”, with *normal* **speech rate**, *normal* **pitch**, *normal* **loudness**, and while **looking at the camera**."
S_10_00_03_0_1,10,neutral,3,0,1,It's easy to tell the depth of a well.,normal,normal,normal,front,none,none,none,none,none,none,none,none,none,none,none,none,none,none,none,none,none,none,"Actor 10 said “It's easy to tell the depth of a well.”, with *normal* **speech rate**, *normal* **pitch**, *normal* **loudness**, and while **looking at the camera**."
S_10_00_04_0_1,10,neutral,4,0,1,These days a chicken leg is a rare dish.,normal,normal,normal,front,none,none,none,none,none,none,none,none,none,none,none,none,none,none,none,none,none,none,"Actor 10 said “These days a chicken leg is a rare dish.”, with *normal* **speech rate**, *normal* **pitch**, *normal* **loudness**, and while **looking at the camera**."
S_10_00_05_0_1,10,neutral,5,0,1,Rice is often served in round bowls.,normal,normal,normal,front,none,none,none,none,none,none,none,none,none,none,none,none,none,none,none,none,none,none,"Actor 10 said “Rice is often served in round bowls.”, with *normal* **speech rate**, *normal* **pitch**, *normal* **loudness**, and while **looking at the camera**."
S_10_00_06_0_1,10,neutral,6,0,1,The juice of lemons makes fine punch.,normal,normal,normal,front,none,none,none,none,none,none,none,none,none,none,none,none,none,none,none,none,none,none,"Actor 10 said “The juice of lemons makes fine punch.”, with *normal* **speech rate**, *normal* **pitch**, *normal* **loudness**, and while **looking at the camera**."
S_10_00_07_0_1,10,neutral,7,0,1,The box was thrown beside the parked truck.,normal,normal,normal,front,none,none,none,none,none,none,none,none,none,none,none,none,none,none,none,none,none,none,"Actor 10 said “The box was thrown beside the parked truck.”, with *normal* **speech rate**, *normal* **pitch**, *normal* **loudness**, and while **looking at the camera**."
S_10_00_08_0_1,10,neutral,8,0,1,The hogs were fed chopped corn and garbage.,normal,normal,normal,front,none,none,none,none,none,none,none,none,none,none,none,none,none,none,none,none,none,none,"Actor 10 said “The hogs were fed chopped corn and garbage.”, with *normal* **speech rate**, *normal* **pitch**, *normal* **loudness**, and while **looking at the camera**."
S_10_00_09_0_1,10,neutral,9,0,1,Four hours of steady work faced us.,normal,normal,normal,front,none,none,none,none,none,none,none,none,none,none,none,none,none,none,none,none,none,none,"Actor 10 said “Four hours of steady work faced us.”, with *normal* **speech rate**, *normal* **pitch**, *normal* **loudness**, and while **looking at the camera**."
S_10_00_10_0_1,10,neutral,10,0,1,A large size in stockings is hard to sell.,normal,normal,normal,front,none,none,none,none,none,none,none,none,none,none,none,none,none,none,none,none,none,none,"Actor 10 said “A large size in stockings is hard to sell.”, with *normal* **speech rate**, *normal* **pitch**, *normal* **loudness**, and while **looking at the camera**."
S_10_01_01_2_1,10,fear,1,2,1,The birch canoe slid on the smooth planks.,normal,higher,louder,front,tilting,moderate,none,strong,moderate,none,weak,none,none,none,none,none,none,none,none,strong,none,none,"Actor 10 said “The birch canoe slid on the smooth planks.”, with *normal* **speech rate**, *higher* **pitch**, *louder* **loudness**, while **looking at the camera**, while *tilting* their **head**, and *moderate* **raised inner eyebrows**, *strong* **lowered brows**, *moderate* **raised upper eyelids**, *weak* **tightened eyelids**, and *strong* **parted lips**."
S_10_01_02_2_1,10,fear,2,2,1,Glue the sheet to the dark blue background.,slow,higher,louder,front,none,strong,weak,strong,moderate,none,moderate,none,none,none,none,none,none,none,weak,moderate,none,weak,"Actor 10 said “Glue the sheet to the dark blue background.”, with *slow* **speech rate**, *higher* **pitch**, *louder* **loudness**, while **looking at the camera**, and *strong* **raised inner eyebrows**, *weak* **raised outer eyebrows**, *strong* **lowered brows**, *moderate* **raised upper eyelids**, *moderate* **tightened eyelids**, *weak* **tightened lips**, *moderate* **parted lips**, and *weak* **blinking**."
S_10_01_03_2_1,10,fear,3,2,1,It's easy to tell the depth of a well.,slow,higher,louder,front,none,strong,weak,strong,moderate,none,strong,none,none,none,none,none,none,none,none,strong,strong,none,"Actor 10 said “It's easy to tell the depth of a well.”, with *slow* **speech rate**, *higher* **pitch**, *louder* **loudness**, while **looking at the camera**, and *strong* **raised inner eyebrows**, *weak* **raised outer eyebrows**, *strong* **lowered brows**, *moderate* **raised upper eyelids**, *strong* **tightened eyelids**, *strong* **parted lips**, and *strong* **a dropped jaw**."
S_10_01_04_2_1,10,fear,4,2,1,These days a chicken leg is a rare dish.,normal,higher,louder,front,tilting,moderate,weak,strong,moderate,none,weak,none,none,none,none,weak,none,none,none,strong,none,none,"Actor 10 said “These days a chicken leg is a rare dish.”, with *normal* **speech rate**, *higher* **pitch**, *louder* **loudness**, while **looking at the camera**, while *tilting* their **head**, and *moderate* **raised inner eyebrows**, *weak* **raised outer eyebrows**, *strong* **lowered brows**, *moderate* **raised upper eyelids**, *weak* **tightened eyelids**, *weak* **downturned mouth corners**, and *strong* **parted lips**."
S_10_01_05_1_1,10,fear,5,1,1,Rice is often served in round bowls.,normal,normal,normal,front,none,weak,none,moderate,weak,none,none,none,none,none,none,none,none,none,none,none,none,weak,"Actor 10 said “Rice is often served in round bowls.”, with *normal* **speech rate**, *normal* **pitch**, *normal* **loudness**, while **looking at the camera**, and *weak* **raised inner eyebrows**, *moderate* **lowered brows**, *weak* **raised upper eyelids**, and *weak* **blinking**."
S_10_01_05_2_1,10,fear,5,2,1,Rice is often served in round bowls.,normal,higher,louder,front,tilting,moderate,none,strong,moderate,none,weak,none,none,none,none,weak,none,none,none,none,none,none,"Actor 10 said “Rice is often served in round bowls.”, with *normal* **speech rate**, *higher* **pitch**, *louder* **loudness**, while **looking at the camera**, while *tilting* their **head**, and *moderate* **raised inner eyebrows**, *strong* **lowered brows**, *moderate* **raised upper eyelids**, *weak* **tightened eyelids**, and *weak* **downturned mouth corners**."
S_10_01_06_1_1,10,fear,6,1,1,The juice of lemons makes fine punch.,slow,lower,quieter,front,none,moderate,none,moderate,weak,none,none,none,none,none,none,none,none,none,none,none,none,none,"Actor 10 said “The juice of lemons makes fine punch.”, with *slow* **speech rate**, *lower* **pitch**, *quieter* **loudness**, while **looking at the camera**, and *moderate* **raised inner eyebrows**, *moderate* **lowered brows**, and *weak* **raised upper eyelids**."
S_10_01_06_2_1,10,fear,6,2,1,The juice of lemons makes fine punch.,fast,higher,louder,front,tilting,moderate,none,strong,moderate,none,weak,none,none,none,none,weak,none,none,none,strong,none,none,"Actor 10 said “The juice of lemons makes fine punch.”, with *fast* **speech rate**, *higher* **pitch**, *louder* **loudness**, while **looking at the camera**, while *tilting* their **head**, and *moderate* **raised inner eyebrows**, *strong* **lowered brows**, *moderate* **raised upper eyelids**, *weak* **tightened eyelids**, *weak* **downturned mouth corners**, and *strong* **parted lips**."
S_10_01_07_2_1,10,fear,7,2,1,The box was thrown beside the parked truck.,fast,higher,louder,left,tilting,strong,weak,strong,strong,moderate,strong,weak,none,none,none,strong,none,none,moderate,strong,none,none,"Actor 10 said “The box was thrown beside the parked truck.”, with *fast* **speech rate**, *higher* **pitch**, *louder* **loudness**, **gaze** *averted* (to their left), while *tilting* their **head**, and *strong* **raised inner eyebrows**, *weak* **raised outer eyebrows**, *strong* **lowered brows**, *strong* **raised upper eyelids**, *moderate* **raised cheeks**, *strong* **tightened eyelids**, *weak* **wrinkled nose**, *strong* **downturned mouth corners**, *moderate* **tightened lips**, and *strong* **parted lips**."
S_10_01_08_1_1,10,fear,8,1,1,The hogs were fed chopped corn and garbage.,slow,lower,quieter,front,none,moderate,none,moderate,weak,none,none,none,none,none,none,none,none,none,none,none,none,none,"Actor 10 said “The hogs were fed chopped corn and garbage.”, with *slow* **speech rate**, *lower* **pitch**, *quieter* **loudness**, while **looking at the camera**, and *moderate* **raised inner eyebrows**, *moderate* **lowered brows**, and *weak* **raised upper eyelids**."
S_10_01_08_2_1,10,fear,8,2,1,The hogs were fed chopped corn and garbage.,fast,higher,louder,front,tilting,moderate,none,strong,moderate,none,strong,none,none,none,none,none,none,none,none,strong,none,none,"Actor 10 said “The hogs were fed chopped corn and garbage.”, with *fast* **speech rate**, *higher* **pitch**, *louder* **loudness**, while **looking at the camera**, while *tilting* their **head**, and *moderate* **raised inner eyebrows**, *strong* **lowered brows**, *moderate* **raised upper eyelids**, *strong* **tightened eyelids**, and *strong* **parted lips**."
S_10_01_09_2_1,10,fear,9,2,1,Four hours of steady work faced us.,slow,higher,louder,front,none,strong,weak,strong,moderate,none,moderate,none,none,none,none,none,none,none,none,strong,strong,none,"Actor 10 said “Four hours of steady work faced us.”, with *slow* **speech rate**, *higher* **pitch**, *louder* **loudness**, while **looking at the camera**, and *strong* **raised inner eyebrows**, *weak* **raised outer eyebrows**, *strong* **lowered brows**, *moderate* **raised upper eyelids**, *moderate* **tightened eyelids**, *strong* **parted lips**, and *strong* **a dropped jaw**."
S_10_01_10_2_1,10,fear,10,2,1,A large size in stockings is hard to sell.,normal,higher,louder,front,tilting,moderate,none,strong,moderate,none,weak,none,none,none,none,weak,none,none,none,strong,none,none,"Actor 10 said “A large size in stockings is hard to sell.”, with *normal* **speech rate**, *higher* **pitch**, *louder* **loudness**, while **looking at the camera**, while *tilting* their **head**, and *moderate* **raised inner eyebrows**, *strong* **lowered brows**, *moderate* **raised upper eyelids**, *weak* **tightened eyelids**, *weak* **downturned mouth corners**, and *strong* **parted lips**."
S_10_02_01_1_1,10,anger,1,1,1,The birch canoe slid on the smooth planks.,normal,normal,normal,front,none,weak,none,moderate,none,none,none,none,none,none,none,none,none,none,weak,none,none,none,"Actor 10 said “The birch canoe slid on the smooth planks.”, with *normal* **speech rate**, *normal* **pitch**, *normal* **loudness**, while **looking at the camera**, and *weak* **raised inner eyebrows**, *moderate* **lowered brows**, and *weak* **tightened lips**."
S_10_02_01_2_1,10,anger,1,2,1,The birch canoe slid on the smooth planks.,fast,higher,louder,front,shaking,strong,weak,strong,moderate,none,strong,none,none,none,none,strong,none,none,none,strong,none,none,"Actor 10 said “The birch canoe slid on the smooth planks.”, with *fast* **speech rate**, *higher* **pitch**, *louder* **loudness**, while **looking at the camera**, while *shaking* their **head**, and *strong* **raised inner eyebrows**, *weak* **raised outer eyebrows**, *strong* **lowered brows**, *moderate* **raised upper eyelids**, *strong* **tightened eyelids**, *strong* **downturned mouth corners**, and *strong* **parted lips**."
S_10_02_02_1_1,10,anger,2,1,1,Glue the sheet to the dark blue background.,normal,higher,louder,front,tilting,none,none,moderate,none,none,none,none,none,none,none,none,none,none,none,none,none,none,"Actor 10 said “Glue the sheet to the dark blue background.”, with *normal* **speech rate**, *higher* **pitch**, *louder* **loudness**, while **looking at the camera**, while *tilting* their **head**, and *moderate* **lowered brows**."
S_10_02_02_2_1,10,anger,2,2,1,Glue the sheet to the dark blue background.,fast,higher,louder,front,shaking,strong,weak,strong,moderate,none,strong,none,none,none,none,none,none,none,none,strong,strong,none,"Actor 10 said “Glue the sheet to the dark blue background.”, with *fast* **speech rate**, *higher* **pitch**, *louder* **loudness**, while **looking at the camera**, while *shaking* their **head**, and *strong* **raised inner eyebrows**, *weak* **raised outer eyebrows**, *strong* **lowered brows**, *moderate* **raised upper eyelids**, *strong* **tightened eyelids**, *strong* **parted lips**, and *strong* **a dropped jaw**."
S_10_02_03_1_1,10,anger,3,1,1,It's easy to tell the depth of a well.,normal,normal,normal,front,none,none,none,weak,none,none,none,none,none,none,none,none,none,none,none,none,none,none,"Actor 10 said “It's easy to tell the depth of a well.”, with *normal* **speech rate**, *normal* **pitch**, *normal* **loudness**, while **looking at the camera**, and *weak* **lowered brows**."
S_10_02_03_2_1,10,anger,3,2,1,It's easy to tell the depth of a well.,fast,higher,louder,front,shaking,moderate,none,strong,strong,none,none,none,none,none,none,strong,none,none,moderate,moderate,none,none,"Actor 10 said “It's easy to tell the depth of a well.”, with *fast* **speech rate**, *higher* **pitch**, *louder* **loudness**, while **looking at the camera**, while *shaking* their **head**, and *moderate* **raised inner eyebrows**, *strong* **lowered brows**, *strong* **raised upper eyelids**, *strong* **downturned mouth corners**, *moderate* **tightened lips**, and *moderate* **parted lips**."
S_10_02_04_1_1,10,anger,4,1,1,These days a chicken leg is a rare dish.,normal,higher,louder,front,tilting,none,none,moderate,none,none,none,none,none,none,none,none,none,none,none,none,none,weak,"Actor 10 said “These days a chicken leg is a rare dish.”, with *normal* **speech rate**, *higher* **pitch**, *louder* **loudness**, while **looking at the camera**, while *tilting* their **head**, and *moderate* **lowered brows** and *weak* **blinking**."
S_10_02_04_2_1,10,anger,4,2,1,These days a chicken leg is a rare dish.,fast,higher,louder,front,shaking,strong,weak,strong,moderate,none,strong,none,none,none,none,none,none,none,none,strong,strong,none,"Actor 10 said “These days a chicken leg is a rare dish.”, with *fast* **speech rate**, *higher* **pitch**, *louder* **loudness**, while **looking at the camera**, while *shaking* their **head**, and *strong* **raised inner eyebrows**, *weak* **raised outer eyebrows**, *strong* **lowered brows**, *moderate* **raised upper eyelids**, *strong* **tightened eyelids**, *strong* **parted lips**, and *strong* **a dropped jaw**."
S_10_02_05_1_1,10,anger,5,1,1,Rice is often served in round bowls.,normal,higher,louder,front,tilting,none,none,moderate,none,none,none,none,none,none,none,none,none,none,none,none,none,none,"Actor 10 said “Rice is often served in round bowls.”, with *normal* **speech rate**, *higher* **pitch**, *louder* **loudness**, while **looking at the camera**, while *tilting* their **head**, and *moderate* **lowered brows**."
S_10_02_05_2_1,10,anger,5,2,1,Rice is often served in round bowls.,fast,higher,louder,front,shaking,strong,weak,strong,moderate,none,strong,none,none,none,none,none,none,none,none,strong,strong,none,"Actor 10 said “Rice is often served in round bowls.”, with *fast* **speech rate**, *higher* **pitch**, *louder* **loudness**, while **looking at the camera**, while *shaking* their **head**, and *strong* **raised inner eyebrows**, *weak* **raised outer eyebrows**, *strong* **lowered brows**, *moderate* **raised upper eyelids**, *strong* **tightened eyelids**, *strong* **parted lips**, and *strong* **a dropped jaw**."
S_10_02_06_1_1,10,anger,6,1,1,The juice of lemons makes fine punch.,normal,normal,normal,front,none,weak,none,weak,none,none,none,none,none,none,none,weak,none,none,none,none,none,none,"Actor 10 said “The juice of lemons makes fine punch.”, with *normal* **speech rate**, *normal* **pitch**, *normal* **loudness**, while **looking at the camera**, and *weak* **raised inner eyebrows**, *weak* **lowered brows**, and *weak* **downturned mouth corners**."
S_10_02_06_2_1,10,anger,6,2,1,The juice of lemons makes fine punch.,fast,higher,louder,front,shaking,strong,none,strong,strong,moderate,strong,weak,none,none,none,strong,none,none,moderate,strong,weak,none,"Actor 10 said “The juice of lemons makes fine punch.”, with *fast* **speech rate**, *higher* **pitch**, *louder* **loudness**, while **looking at the camera**, while *shaking* their **head**, and *strong* **raised inner eyebrows**, *strong* **lowered brows**, *strong* **raised upper eyelids**, *moderate* **raised cheeks**, *strong* **tightened eyelids**, *weak* **wrinkled nose**, *strong* **downturned mouth corners**, *moderate* **tightened lips**, *strong* **parted lips**, and *weak* **a dropped jaw**."
S_10_02_07_1_1,10,anger,7,1,1,The box was thrown beside the parked truck.,normal,higher,louder,front,tilting,none,none,moderate,none,none,none,none,none,none,none,none,none,none,none,none,none,weak,"Actor 10 said “The box was thrown beside the parked truck.”, with *normal* **speech rate**, *higher* **pitch**, *louder* **loudness**, while **looking at the camera**, while *tilting* their **head**, and *moderate* **lowered brows** and *weak* **blinking**."
S_10_02_07_2_1,10,anger,7,2,1,The box was thrown beside the parked truck.,fast,higher,louder,front,shaking,moderate,none,strong,strong,none,none,none,none,none,none,strong,none,none,moderate,strong,moderate,none,"Actor 10 said “The box was thrown beside the parked truck.”, with *fast* **speech rate**, *higher* **pitch**, *louder* **loudness**, while **looking at the camera**, while *shaking* their **head**, and *moderate* **raised inner eyebrows**, *strong* **lowered brows**, *strong* **raised upper eyelids**, *strong* **downturned mouth corners**, *moderate* **tightened lips**, *strong* **parted lips**, and *moderate* **a dropped jaw**."
S_10_02_08_1_1,10,anger,8,1,1,The hogs were fed chopped corn and garbage.,normal,normal,louder,front,none,none,none,weak,none,none,none,none,none,none,none,weak,none,none,none,none,none,none,"Actor 10 said “The hogs were fed chopped corn and garbage.”, with *normal* **speech rate**, *normal* **pitch**, *louder* **loudness**, while **looking at the camera**, and *weak* **lowered brows** and *weak* **downturned mouth corners**."
S_10_02_08_2_1,10,anger,8,2,1,The hogs were fed chopped corn and garbage.,fast,higher,louder,front,shaking,strong,weak,strong,moderate,none,strong,none,none,none,none,none,none,none,none,strong,strong,none,"Actor 10 said “The hogs were fed chopped corn and garbage.”, with *fast* **speech rate**, *higher* **pitch**, *louder* **loudness**, while **looking at the camera**, while *shaking* their **head**, and *strong* **raised inner eyebrows**, *weak* **raised outer eyebrows**, *strong* **lowered brows**, *moderate* **raised upper eyelids**, *strong* **tightened eyelids**, *strong* **parted lips**, and *strong* **a dropped jaw**."
S_10_02_09_1_1,10,anger,9,1,1,Four hours of steady work faced us.,normal,normal,louder,front,none,weak,none,moderate,none,none,none,none,none,none,none,none,none,none,weak,none,none,none,"Actor 10 said “Four hours of steady work faced us.”, with *normal* **speech rate**, *normal* **pitch**, *louder* **loudness**, while **looking at the camera**, and *weak* **raised inner eyebrows**, *moderate* **lowered brows**, and *weak* **tightened lips**."
S_10_02_09_2_1,10,anger,9,2,1,Four hours of steady work faced us.,fast,higher,louder,left,shaking,moderate,none,strong,strong,none,none,none,none,none,none,strong,none,none,moderate,moderate,none,none,"Actor 10 said “Four hours of steady work faced us.”, with *fast* **speech rate**, *higher* **pitch**, *louder* **loudness**, **gaze** *averted* (to their left), while *shaking* their **head**, and *moderate* **raised inner eyebrows**, *strong* **lowered brows**, *strong* **raised upper eyelids**, *strong* **downturned mouth corners**, *moderate* **tightened lips**, and *moderate* **parted lips**."
S_10_02_10_1_1,10,anger,10,1,1,A large size in stockings is hard to sell.,normal,higher,louder,front,tilting,none,none,moderate,none,none,none,none,none,none,none,none,none,none,none,none,none,none,"Actor 10 said “A large size in stockings is hard to sell.”, with *normal* **speech rate**, *higher* **pitch**, *louder* **loudness**, while **looking at the camera**, while *tilting* their **head**, and *moderate* **lowered brows**."
S_10_02_10_2_1,10,anger,10,2,1,A large size in stockings is hard to sell.,fast,higher,louder,front,shaking,moderate,none,strong,moderate,none,strong,none,none,none,none,strong,none,none,none,strong,none,none,"Actor 10 said “A large size in stockings is hard to sell.”, with *fast* **speech rate**, *higher* **pitch**, *louder* **loudness**, while **looking at the camera**, while *shaking* their **head**, and *moderate* **raised inner eyebrows**, *strong* **lowered brows**, *moderate* **raised upper eyelids**, *strong* **tightened eyelids**, *strong* **downturned mouth corners**, and *strong* **parted lips**."
S_10_03_01_1_1,10,happiness,1,1,1,The birch canoe slid on the smooth planks.,normal,higher,normal,front,none,weak,none,none,none,weak,none,none,none,weak,none,none,none,none,none,none,none,none,"Actor 10 said “The birch canoe slid on the smooth planks.”, with *normal* **speech rate**, *higher* **pitch**, *normal* **loudness**, while **looking at the camera**, and *weak* **raised inner eyebrows**, *weak* **raised cheeks**, and *weak* **a smile**."
S_10_03_01_2_1,10,happiness,1,2,1,The birch canoe slid on the smooth planks.,fast,higher,louder,front,none,weak,weak,none,none,moderate,none,none,none,strong,none,none,none,none,none,moderate,none,none,"Actor 10 said “The birch canoe slid on the smooth planks.”, with *fast* **speech rate**, *higher* **pitch**, *louder* **loudness**, while **looking at the camera**, and *weak* **raised inner eyebrows**, *weak* **raised outer eyebrows**, *moderate* **raised cheeks**, *strong* **a smile**, and *moderate* **parted lips**."
S_10_03_02_1_1,10,happiness,2,1,1,Glue the sheet to the dark blue background.,normal,higher,normal,front,none,none,none,none,none,weak,none,none,none,moderate,none,none,none,none,none,none,none,none,"Actor 10 said “Glue the sheet to the dark blue background.”, with *normal* **speech rate**, *higher* **pitch**, *normal* **loudness**, while **looking at the camera**, and *weak* **raised cheeks** and *moderate* **a smile**."
S_10_03_02_2_1,10,happiness,2,2,1,Glue the sheet to the dark blue background.,fast,higher,louder,front,nodding,weak,weak,none,strong,moderate,weak,none,none,strong,none,none,none,none,none,moderate,weak,none,"Actor 10 said “Glue the sheet to the dark blue background.”, with *fast* **speech rate**, *higher* **pitch**, *louder* **loudness**, while **looking at the camera**, while *nodding*, and *weak* **raised inner eyebrows**, *weak* **raised outer eyebrows**, *strong* **raised upper eyelids**, *moderate* **raised cheeks**, *weak* **tightened eyelids**, *strong* **a smile**, *moderate* **parted lips**, and *weak* **a dropped jaw**."
S_10_03_03_1_1,10,happiness,3,1,1,It's easy to tell the depth of a well.,normal,higher,normal,front,none,weak,none,none,none,weak,none,none,none,weak,none,none,none,none,none,none,none,none,"Actor 10 said “It's easy to tell the depth of a well.”, with *normal* **speech rate**, *higher* **pitch**, *normal* **loudness**, while **looking at the camera**, and *weak* **raised inner eyebrows**, *weak* **raised cheeks**, and *weak* **a smile**."
S_10_03_03_2_1,10,happiness,3,2,1,It's easy to tell the depth of a well.,fast,higher,louder,front,none,moderate,none,none,strong,moderate,weak,none,none,strong,none,none,none,none,none,moderate,weak,none,"Actor 10 said “It's easy to tell the depth of a well.”, with *fast* **speech rate**, *higher* **pitch**, *louder* **loudness**, while **looking at the camera**, and *moderate* **raised inner eyebrows**, *strong* **raised upper eyelids**, *moderate* **raised cheeks**, *weak* **tightened eyelids**, *strong* **a smile**, *moderate* **parted lips**, and *weak* **a dropped jaw**."
S_10_03_04_1_1,10,happiness,4,1,1,These days a chicken leg is a rare dish.,normal,normal,normal,front,none,weak,none,none,none,weak,none,none,none,weak,none,none,none,none,none,none,none,none,"Actor 10 said “These days a chicken leg is a rare dish.”, with *normal* **speech rate**, *normal* **pitch**, *normal* **loudness**, while **looking at the camera**, and *weak* **raised inner eyebrows**, *weak* **raised cheeks**, and *weak* **a smile**."
S_10_03_04_2_1,10,happiness,4,2,1,These days a chicken leg is a rare dish.,fast,higher,louder,front,none,moderate,none,none,strong,moderate,weak,none,none,strong,none,none,none,none,none,moderate,weak,none,"Actor 10 said “These days a chicken leg is a rare dish.”, with *fast* **speech rate**, *higher* **pitch**, *louder* **loudness**, while **looking at the camera**, and *moderate* **raised inner eyebrows**, *strong* **raised upper eyelids**, *moderate* **raised cheeks**, *weak* **tightened eyelids**, *strong* **a smile**, *moderate* **parted lips**, and *weak* **a dropped jaw**."
S_10_03_05_1_1,10,happiness,5,1,1,Rice is often served in round bowls.,normal,higher,normal,front,none,weak,none,none,none,weak,none,none,none,weak,none,none,none,none,none,none,none,none,"Actor 10 said “Rice is often served in round bowls.”, with *normal* **speech rate**, *higher* **pitch**, *normal* **loudness**, while **looking at the camera**, and *weak* **raised inner eyebrows**, *weak* **raised cheeks**, and *weak* **a smile**."
S_10_03_05_2_1,10,happiness,5,2,1,Rice is often served in round bowls.,normal,higher,louder,front,nodding,weak,none,none,moderate,strong,none,none,none,strong,none,none,none,none,none,moderate,none,none,"Actor 10 said “Rice is often served in round bowls.”, with *normal* **speech rate**, *higher* **pitch**, *louder* **loudness**, while **looking at the camera**, while *nodding*, and *weak* **raised inner eyebrows**, *moderate* **raised upper eyelids**, *strong* **raised cheeks**, *strong* **a smile**, and *moderate* **parted lips**."
S_10_03_06_1_1,10,happiness,6,1,1,The juice of lemons makes fine punch.,normal,higher,normal,front,none,weak,none,none,none,weak,none,none,none,weak,none,none,none,none,none,none,none,none,"Actor 10 said “The juice of lemons makes fine punch.”, with *normal* **speech rate**, *higher* **pitch**, *normal* **loudness**, while **looking at the camera**, and *weak* **raised inner eyebrows**, *weak* **raised cheeks**, and *weak* **a smile**."
S_10_03_06_2_1,10,happiness,6,2,1,The juice of lemons makes fine punch.,fast,higher,louder,front,none,weak,weak,none,none,moderate,none,none,none,strong,none,none,none,none,none,moderate,none,none,"Actor 10 said “The juice of lemons makes fine punch.”, with *fast* **speech rate**, *higher* **pitch**, *louder* **loudness**, while **looking at the camera**, and *weak* **raised inner eyebrows**, *weak* **raised outer eyebrows**, *moderate* **raised cheeks**, *strong* **a smile**, and *moderate* **parted lips**."
S_10_03_07_1_1,10,happiness,7,1,1,The box was thrown beside the parked truck.,normal,higher,normal,front,none,weak,none,none,none,weak,none,none,none,weak,none,none,none,none,none,none,none,none,"Actor 10 said “The box was thrown beside the parked truck.”, with *normal* **speech rate**, *higher* **pitch**, *normal* **loudness**, while **looking at the camera**, and *weak* **raised inner eyebrows**, *weak* **raised cheeks**, and *weak* **a smile**."
S_10_03_07_2_1,10,happiness,7,2,1,The box was thrown beside the parked truck.,fast,higher,louder,front,none,weak,weak,none,moderate,strong,none,none,none,strong,none,none,none,none,none,none,none,none,"Actor 10 said “The box was thrown beside the parked truck.”, with *fast* **speech rate**, *higher* **pitch**, *louder* **loudness**, while **looking at the camera**, and *weak* **raised inner eyebrows**, *weak* **raised outer eyebrows**, *moderate* **raised upper eyelids**, *strong* **raised cheeks**, and *strong* **a smile**."
S_10_03_08_1_1,10,happiness,8,1,1,The hogs were fed chopped corn and garbage.,normal,normal,normal,front,none,weak,none,none,none,weak,none,none,none,weak,none,none,none,none,none,none,none,none,"Actor 10 said “The hogs were fed chopped corn and garbage.”, with *normal* **speech rate**, *normal* **pitch**, *normal* **loudness**, while **looking at the camera**, and *weak* **raised inner eyebrows**, *weak* **raised cheeks**, and *weak* **a smile**."
S_10_03_08_2_1,10,happiness,8,2,1,The hogs were fed chopped corn and garbage.,fast,higher,louder,front,nodding,weak,moderate,none,strong,strong,none,none,none,strong,none,none,none,none,none,moderate,weak,none,"Actor 10 said “The hogs were fed chopped corn and garbage.”, with *fast* **speech rate**, *higher* **pitch**, *louder* **loudness**, while **looking at the camera**, while *nodding*, and *weak* **raised inner eyebrows**, *moderate* **raised outer eyebrows**, *strong* **raised upper eyelids**, *strong* **raised cheeks**, *strong* **a smile**, *moderate* **parted lips**, and *weak* **a dropped jaw**."
S_10_03_09_1_1,10,happiness,9,1,1,Four hours of steady work faced us.,normal,normal,normal,front,none,weak,none,none,none,weak,none,none,none,weak,none,none,none,none,none,none,none,none,"Actor 10 said “Four hours of steady work faced us.”, with *normal* **speech rate**, *normal* **pitch**, *normal* **loudness**, while **looking at the camera**, and *weak* **raised inner eyebrows**, *weak* **raised cheeks**, and *weak* **a smile**."
S_10_03_09_2_1,10,happiness,9,2,1,Four hours of steady work faced us.,normal,higher,louder,front,nodding,weak,none,none,moderate,strong,moderate,none,none,strong,none,none,none,none,none,none,none,none,"Actor 10 said “Four hours of steady work faced us.”, with *normal* **speech rate**, *higher* **pitch**, *louder* **loudness**, while **looking at the camera**, while *nodding*, and *weak* **raised inner eyebrows**, *moderate* **raised upper eyelids**, *strong* **raised cheeks**, *moderate* **tightened eyelids**, and *strong* **a smile**."
S_10_03_10_1_1,10,happiness,10,1,1,A large size in stockings is hard to sell.,normal,normal,normal,front,none,none,none,none,none,weak,none,none,none,weak,none,none,none,none,none,none,none,none,"Actor 10 said “A large size in stockings is hard to sell.”, with *normal* **speech rate**, *normal* **pitch**, *normal* **loudness**, while **looking at the camera**, and *weak* **raised cheeks** and *weak* **a smile**."
S_10_03_10_2_1,10,happiness,10,2,1,A large size in stockings is hard to sell.,normal,higher,louder,front,tilting,none,none,none,moderate,strong,moderate,none,none,strong,none,none,none,none,none,none,none,none,"Actor 10 said “A large size in stockings is hard to sell.”, with *normal* **speech rate**, *higher* **pitch**, *louder* **loudness**, while **looking at the camera**, while *tilting* their **head**, and *moderate* **raised upper eyelids**, *strong* **raised cheeks**, *moderate* **tightened eyelids**, and *strong* **a smile**."
S_10_04_01_1_1,10,sadness,1,1,1,The birch canoe slid on the smooth planks.,slow,lower,quieter,down,none,weak,none,moderate,none,none,none,none,none,none,none,weak,none,none,none,none,none,none,"Actor 10 said “The birch canoe slid on the smooth planks.”, with *slow* **speech rate**, *lower* **pitch**, *quieter* **loudness**, **gaze** *averted* (downwards), and *weak* **raised inner eyebrows**, *moderate* **lowered brows**, and *weak* **downturned mouth corners**."
S_10_04_01_2_1,10,sadness,1,2,1,The birch canoe slid on the smooth planks.,slow,lower,quieter,down,none,strong,weak,strong,none,none,none,none,weak,none,none,strong,none,none,none,moderate,moderate,moderate,"Actor 10 said “The birch canoe slid on the smooth planks.”, with *slow* **speech rate**, *lower* **pitch**, *quieter* **loudness**, **gaze** *averted* (downwards), and *strong* **raised inner eyebrows**, *weak* **raised outer eyebrows**, *strong* **lowered brows**, *weak* **raised upper lip**, *strong* **downturned mouth corners**, *moderate* **parted lips**, *moderate* **a dropped jaw**, and *moderate* **blinking**."
S_10_04_02_1_1,10,sadness,2,1,1,Glue the sheet to the dark blue background.,slow,lower,quieter,down,none,weak,none,moderate,none,none,none,none,none,none,none,weak,none,none,none,none,none,none,"Actor 10 said “Glue the sheet to the dark blue background.”, with *slow* **speech rate**, *lower* **pitch**, *quieter* **loudness**, **gaze** *averted* (downwards), and *weak* **raised inner eyebrows**, *moderate* **lowered brows**, and *weak* **downturned mouth corners**."
S_10_04_02_2_1,10,sadness,2,2,1,Glue the sheet to the dark blue background.,slow,lower,quieter,down,none,strong,none,strong,none,none,moderate,none,none,none,none,strong,none,none,none,moderate,none,moderate,"Actor 10 said “Glue the sheet to the dark blue background.”, with *slow* **speech rate**, *lower* **pitch**, *quieter* **loudness**, **gaze** *averted* (downwards), and *strong* **raised inner eyebrows**, *strong* **lowered brows**, *moderate* **tightened eyelids**, *strong* **downturned mouth corners**, *moderate* **parted lips**, and *moderate* **blinking**."
S_10_04_03_1_1,10,sadness,3,1,1,It's easy to tell the depth of a well.,slow,lower,quieter,down,none,weak,none,moderate,none,none,none,none,none,none,none,none,none,none,none,none,none,none,"Actor 10 said “It's easy to tell the depth of a well.”, with *slow* **speech rate**, *lower* **pitch**, *quieter* **loudness**, **gaze** *averted* (downwards), and *weak* **raised inner eyebrows** and *moderate* **lowered brows**."
S_10_04_03_2_1,10,sadness,3,2,1,It's easy to tell the depth of a well.,slow,lower,quieter,down,none,strong,none,strong,none,none,none,none,weak,none,none,strong,none,none,none,moderate,moderate,none,"Actor 10 said “It's easy to tell the depth of a well.”, with *slow* **speech rate**, *lower* **pitch**, *quieter* **loudness**, **gaze** *averted* (downwards), and *strong* **raised inner eyebrows**, *strong* **lowered brows**, *weak* **raised upper lip**, *strong* **downturned mouth corners**, *moderate* **parted lips**, and *moderate* **a dropped jaw**."
S_10_04_04_1_1,10,sadness,4,1,1,These days a chicken leg is a rare dish.,slow,lower,quieter,down,none,weak,none,moderate,none,none,none,none,none,none,none,none,none,none,none,none,none,none,"Actor 10 said “These days a chicken leg is a rare dish.”, with *slow* **speech rate**, *lower* **pitch**, *quieter* **loudness**, **gaze** *averted* (downwards), and *weak* **raised inner eyebrows** and *moderate* **lowered brows**."
S_10_04_04_2_1,10,sadness,4,2,1,These days a chicken leg is a rare dish.,slow,lower,quieter,down,none,strong,none,strong,none,none,none,none,none,none,none,strong,none,none,none,moderate,none,moderate,"Actor 10 said “These days a chicken leg is a rare dish.”, with *slow* **speech rate**, *lower* **pitch**, *quieter* **loudness**, **gaze** *averted* (downwards), and *strong* **raised inner eyebrows**, *strong* **lowered brows**, *strong* **downturned mouth corners**, *moderate* **parted lips**, and *moderate* **blinking**."
S_10_04_05_1_1,10,sadness,5,1,1,Rice is often served in round bowls.,slow,lower,quieter,down,none,weak,none,moderate,none,none,none,none,none,none,none,weak,none,none,none,none,none,none,"Actor 10 said “Rice is often served in round bowls.”, with *slow* **speech rate**, *lower* **pitch**, *quieter* **loudness**, **gaze** *averted* (downwards), and *weak* **raised inner eyebrows**, *moderate* **lowered brows**, and *weak* **downturned mouth corners**."
S_10_04_05_2_1,10,sadness,5,2,1,Rice is often served in round bowls.,slow,lower,quieter,down,none,strong,weak,strong,none,none,none,none,none,none,none,strong,none,none,none,moderate,none,moderate,"Actor 10 said “Rice is often served in round bowls.”, with *slow* **speech rate**, *lower* **pitch**, *quieter* **loudness**, **gaze** *averted* (downwards), and *strong* **raised inner eyebrows**, *weak* **raised outer eyebrows**, *strong* **lowered brows**, *strong* **downturned mouth corners**, *moderate* **parted lips**, and *moderate* **blinking**."
S_10_04_06_1_1,10,sadness,6,1,1,The juice of lemons makes fine punch.,slow,lower,quieter,down,none,weak,none,moderate,none,none,none,none,none,none,none,weak,none,none,none,none,none,none,"Actor 10 said “The juice of lemons makes fine punch.”, with *slow* **speech rate**, *lower* **pitch**, *quieter* **loudness**, **gaze** *averted* (downwards), and *weak* **raised inner eyebrows**, *moderate* **lowered brows**, and *weak* **downturned mouth corners**."
S_10_04_06_2_1,10,sadness,6,2,1,The juice of lemons makes fine punch.,slow,lower,quieter,down,none,strong,none,strong,none,none,moderate,none,none,none,none,strong,none,none,none,moderate,moderate,none,"Actor 10 said “The juice of lemons makes fine punch.”, with *slow* **speech rate**, *lower* **pitch**, *quieter* **loudness**, **gaze** *averted* (downwards), and *strong* **raised inner eyebrows**, *strong* **lowered brows**, *moderate* **tightened eyelids**, *strong* **downturned mouth corners**, *moderate* **parted lips**, and *moderate* **a dropped jaw**."
S_10_04_07_1_1,10,sadness,7,1,1,The box was thrown beside the parked truck.,slow,lower,quieter,down,none,weak,none,moderate,none,none,none,none,none,none,none,weak,none,none,none,none,none,none,"Actor 10 said “The box was thrown beside the parked truck.”, with *slow* **speech rate**, *lower* **pitch**, *quieter* **loudness**, **gaze** *averted* (downwards), and *weak* **raised inner eyebrows**, *moderate* **lowered brows**, and *weak* **downturned mouth corners**."
S_10_04_07_2_1,10,sadness,7,2,1,The box was thrown beside the parked truck.,slow,lower,quieter,down,none,strong,none,strong,moderate,none,none,none,none,none,none,strong,none,none,none,moderate,moderate,none,"Actor 10 said “The box was thrown beside the parked truck.”, with *slow* **speech rate**, *lower* **pitch**, *quieter* **loudness**, **gaze** *averted* (downwards), and *strong* **raised inner eyebrows**, *strong* **lowered brows**, *moderate* **raised upper eyelids**, *strong* **downturned mouth corners**, *moderate* **parted lips**, and *moderate* **a dropped jaw**."
S_10_04_08_1_1,10,sadness,8,1,1,The hogs were fed chopped corn and garbage.,slow,lower,quieter,down,none,weak,none,moderate,none,none,none,none,none,none,none,weak,none,none,none,none,none,none,"Actor 10 said “The hogs were fed chopped corn and garbage.”, with *slow* **speech rate**, *lower* **pitch**, *quieter* **loudness**, **gaze** *averted* (downwards), and *weak* **raised inner eyebrows**, *moderate* **lowered brows**, and *weak* **downturned mouth corners**."
S_10_04_08_2_1,10,sadness,8,2,1,The hogs were fed chopped corn and garbage.,slow,lower,quieter,down,none,strong,weak,strong,none,none,none,none,weak,none,none,strong,none,none,none,moderate,weak,moderate,"Actor 10 said “The hogs were fed chopped corn and garbage.”, with *slow* **speech rate**, *lower* **pitch**, *quieter* **loudness**, **gaze** *averted* (downwards), and *strong* **raised inner eyebrows**, *weak* **raised outer eyebrows**, *strong* **lowered brows**, *weak* **raised upper lip**, *strong* **downturned mouth corners**, *moderate* **parted lips**, *weak* **a dropped jaw**, and *moderate* **blinking**."
S_10_04_09_1_1,10,sadness,9,1,1,Four hours of steady work faced us.,slow,lower,quieter,down,none,weak,none,moderate,none,none,none,none,none,none,none,none,none,none,none,none,none,none,"Actor 10 said “Four hours of steady work faced us.”, with *slow* **speech rate**, *lower* **pitch**, *quieter* **loudness**, **gaze** *averted* (downwards), and *weak* **raised inner eyebrows** and *moderate* **lowered brows**."
S_10_04_09_2_1,10,sadness,9,2,1,Four hours of steady work faced us.,slow,lower,quieter,down,none,strong,weak,strong,none,none,none,none,none,none,none,strong,none,none,none,moderate,weak,moderate,"Actor 10 said “Four hours of steady work faced us.”, with *slow* **speech rate**, *lower* **pitch**, *quieter* **loudness**, **gaze** *averted* (downwards), and *strong* **raised inner eyebrows**, *weak* **raised outer eyebrows**, *strong* **lowered brows**, *strong* **downturned mouth corners**, *moderate* **parted lips**, *weak* **a dropped jaw**, and *moderate* **blinking**."
S_10_04_10_1_1,10,sadness,10,1,1,A large size in stockings is hard to sell.,slow,lower,quieter,down,none,weak,none,weak,none,none,none,none,none,none,none,none,none,none,none,none,none,none,"Actor 10 said “A large size in stockings is hard to sell.”, with *slow* **speech rate**, *lower* **pitch**, *quieter* **loudness**, **gaze** *averted* (downwards), and *weak* **raised inner eyebrows** and *weak* **lowered brows**."
S_10_04_10_2_1,10,sadness,10,2,1,A large size in stockings is hard to sell.,slow,lower,quieter,down,none,strong,none,strong,none,none,none,none,none,none,none,strong,none,none,none,moderate,moderate,none,"Actor 10 said “A large size in stockings is hard to sell.”, with *slow* **speech rate**, *lower* **pitch**, *quieter* **loudness**, **gaze** *averted* (downwards), and *strong* **raised inner eyebrows**, *strong* **lowered brows**, *strong* **downturned mouth corners**, *moderate* **parted lips**, and *moderate* **a dropped jaw**."
S_10_05_01_1_1,10,disgust,1,1,1,The birch canoe slid on the smooth planks.,normal,normal,normal,front,none,none,none,weak,none,none,none,weak,none,none,none,none,none,none,none,none,none,none,"Actor 10 said “The birch canoe slid on the smooth planks.”, with *normal* **speech rate**, *normal* **pitch**, *normal* **loudness**, while **looking at the camera**, and *weak* **lowered brows** and *weak* **wrinkled nose**."
S_10_05_01_2_1,10,disgust,1,2,1,The birch canoe slid on the smooth planks.,normal,normal,louder,front,none,strong,weak,strong,none,none,none,strong,weak,none,none,strong,none,none,none,moderate,moderate,none,"Actor 10 said “The birch canoe slid on the smooth planks.”, with *normal* **speech rate**, *normal* **pitch**, *louder* **loudness**, while **looking at the camera**, and *strong* **raised inner eyebrows**, *weak* **raised outer eyebrows**, *strong* **lowered brows**, *strong* **wrinkled nose**, *weak* **raised upper lip**, *strong* **downturned mouth corners**, *moderate* **parted lips**, and *moderate* **a dropped jaw**."
S_10_05_02_1_1,10,disgust,2,1,1,Glue the sheet to the dark blue background.,normal,normal,normal,front,none,none,none,weak,none,none,none,none,none,none,none,none,none,none,none,none,none,none,"Actor 10 said “Glue the sheet to the dark blue background.”, with *normal* **speech rate**, *normal* **pitch**, *normal* **loudness**, while **looking at the camera**, and *weak* **lowered brows**."
S_10_05_02_2_1,10,disgust,2,2,1,Glue the sheet to the dark blue background.,slow,lower,quieter,down,tilting,strong,none,strong,strong,moderate,weak,strong,none,none,none,strong,none,none,moderate,moderate,none,weak,"Actor 10 said “Glue the sheet to the dark blue background.”, with *slow* **speech rate**, *lower* **pitch**, *quieter* **loudness**, **gaze** *averted* (downwards), while *tilting* their **head**, and *strong* **raised inner eyebrows**, *strong* **lowered brows**, *strong* **raised upper eyelids**, *moderate* **raised cheeks**, *weak* **tightened eyelids**, *strong* **wrinkled nose**, *strong* **downturned mouth corners**, *moderate* **tightened lips**, *moderate* **parted lips**, and *weak* **blinking**."
S_10_05_03_1_1,10,disgust,3,1,1,It's easy to tell the depth of a well.,normal,normal,normal,front,none,none,none,weak,none,none,none,none,none,none,none,none,none,none,none,none,none,none,"Actor 10 said “It's easy to tell the depth of a well.”, with *normal* **speech rate**, *normal* **pitch**, *normal* **loudness**, while **looking at the camera**, and *weak* **lowered brows**."
S_10_05_03_2_1,10,disgust,3,2,1,It's easy to tell the depth of a well.,slow,lower,quieter,down,shaking,strong,none,strong,none,moderate,weak,strong,none,none,none,strong,none,none,none,strong,none,weak,"Actor 10 said “It's easy to tell the depth of a well.”, with *slow* **speech rate**, *lower* **pitch**, *quieter* **loudness**, **gaze** *averted* (downwards), while *shaking* their **head**, and *strong* **raised inner eyebrows**, *strong* **lowered brows**, *moderate* **raised cheeks**, *weak* **tightened eyelids**, *strong* **wrinkled nose**, *strong* **downturned mouth corners**, *strong* **parted lips**, and *weak* **blinking**."
S_10_05_04_2_1,10,disgust,4,2,1,These days a chicken leg is a rare dish.,slow,lower,quieter,front,none,moderate,none,strong,moderate,none,moderate,strong,strong,none,none,none,none,none,none,moderate,none,strong,"Actor 10 said “These days a chicken leg is a rare dish.”, with *slow* **speech rate**, *lower* **pitch**, *quieter* **loudness**, while **looking at the camera**, and *moderate* **raised inner eyebrows**, *strong* **lowered brows**, *moderate* **raised upper eyelids**, *moderate* **tightened eyelids**, *strong* **wrinkled nose**, *strong* **raised upper lip**, *moderate* **parted lips**, and *strong* **blinking**."
S_10_05_05_1_1,10,disgust,5,1,1,Rice is often served in round bowls.,normal,normal,normal,front,none,none,none,weak,none,none,none,none,none,none,none,none,none,none,none,none,none,none,"Actor 10 said “Rice is often served in round bowls.”, with *normal* **speech rate**, *normal* **pitch**, *normal* **loudness**, while **looking at the camera**, and *weak* **lowered brows**."
S_10_05_05_2_1,10,disgust,5,2,1,Rice is often served in round bowls.,slow,lower,quieter,down,shaking,moderate,none,strong,moderate,none,moderate,strong,weak,none,none,none,none,none,none,moderate,none,strong,"Actor 10 said “Rice is often served in round bowls.”, with *slow* **speech rate**, *lower* **pitch**, *quieter* **loudness**, **gaze** *averted* (downwards), while *shaking* their **head**, and *moderate* **raised inner eyebrows**, *strong* **lowered brows**, *moderate* **raised upper eyelids**, *moderate* **tightened eyelids**, *strong* **wrinkled nose**, *weak* **raised upper lip**, *moderate* **parted lips**, and *strong* **blinking**."
S_10_05_06_2_1,10,disgust,6,2,1,The juice of lemons makes fine punch.,slow,lower,quieter,down,tilting,moderate,none,strong,moderate,none,moderate,strong,weak,none,none,none,none,none,strong,moderate,none,strong,"Actor 10 said “The juice of lemons makes fine punch.”, with *slow* **speech rate**, *lower* **pitch**, *quieter* **loudness**, **gaze** *averted* (downwards), while *tilting* their **head**, and *moderate* **raised inner eyebrows**, *strong* **lowered brows**, *moderate* **raised upper eyelids**, *moderate* **tightened eyelids**, *strong* **wrinkled nose**, *weak* **raised upper lip**, *strong* **tightened lips**, *moderate* **parted lips**, and *strong* **blinking**."
S_10_05_07_2_1,10,disgust,7,2,1,The box was thrown beside the parked truck.,normal,lower,quieter,front,none,moderate,none,strong,moderate,none,moderate,strong,strong,none,none,none,none,none,moderate,weak,none,none,"Actor 10 said “The box was thrown beside the parked truck.”, with *normal* **speech rate**, *lower* **pitch**, *quieter* **loudness**, while **looking at the camera**, and *moderate* **raised inner eyebrows**, *strong* **lowered brows**, *moderate* **raised upper eyelids**, *moderate* **tightened eyelids**, *strong* **wrinkled nose**, *strong* **raised upper lip**, *moderate* **tightened lips**, and *weak* **parted lips**."
S_10_05_08_1_1,10,disgust,8,1,1,The hogs were fed chopped corn and garbage.,normal,normal,normal,front,none,none,none,weak,none,none,none,none,weak,none,none,none,none,none,none,none,none,none,"Actor 10 said “The hogs were fed chopped corn and garbage.”, with *normal* **speech rate**, *normal* **pitch**, *normal* **loudness**, while **looking at the camera**, and *weak* **lowered brows** and *weak* **raised upper lip**."
S_10_05_08_2_1,10,disgust,8,2,1,The hogs were fed chopped corn and garbage.,slow,lower,louder,front,none,strong,weak,strong,moderate,none,strong,strong,strong,none,none,none,none,none,none,moderate,none,none,"Actor 10 said “The hogs were fed chopped corn and garbage.”, with *slow* **speech rate**, *lower* **pitch**, *louder* **loudness**, while **looking at the camera**, and *strong* **raised inner eyebrows**, *weak* **raised outer eyebrows**, *strong* **lowered brows**, *moderate* **raised upper eyelids**, *strong* **tightened eyelids**, *strong* **wrinkled nose**, *strong* **raised upper lip**, and *moderate* **parted lips**."
S_10_05_09_2_1,10,disgust,9,2,1,Four hours of steady work faced us.,slow,lower,quieter,down,tilting,strong,none,strong,none,moderate,weak,strong,none,none,none,strong,none,none,moderate,strong,none,none,"Actor 10 said “Four hours of steady work faced us.”, with *slow* **speech rate**, *lower* **pitch**, *quieter* **loudness**, **gaze** *averted* (downwards), while *tilting* their **head**, and *strong* **raised inner eyebrows**, *strong* **lowered brows**, *moderate* **raised cheeks**, *weak* **tightened eyelids**, *strong* **wrinkled nose**, *strong* **downturned mouth corners**, *moderate* **tightened lips**, and *strong* **parted lips**."
S_10_05_10_1_1,10,disgust,10,1,1,A large size in stockings is hard to sell.,normal,normal,normal,front,none,none,none,weak,none,none,none,weak,none,none,none,none,none,none,none,none,none,none,"Actor 10 said “A large size in stockings is hard to sell.”, with *normal* **speech rate**, *normal* **pitch**, *normal* **loudness**, while **looking at the camera**, and *weak* **lowered brows** and *weak* **wrinkled nose**."
S_10_05_10_2_1,10,disgust,10,2,1,A large size in stockings is hard to sell.,normal,lower,louder,front,none,strong,weak,strong,moderate,none,strong,strong,none,none,none,none,none,none,none,strong,strong,none,"Actor 10 said “A large size in stockings is hard to sell.”, with *normal* **speech rate**, *lower* **pitch**, *louder* **loudness**, while **looking at the camera**, and *strong* **raised inner eyebrows**, *weak* **raised outer eyebrows**, *strong* **lowered brows**, *moderate* **raised upper eyelids**, *strong* **tightened eyelids**, *strong* **wrinkled nose**, *strong* **parted lips**, and *strong* **a dropped jaw**."
S_10_06_01_1_1,10,surprise,1,1,1,The birch canoe slid on the smooth planks.,normal,higher,normal,front,none,none,weak,none,none,none,none,none,none,none,none,none,none,none,none,none,none,none,"Actor 10 said “The birch canoe slid on the smooth planks.”, with *normal* **speech rate**, *higher* **pitch**, *normal* **loudness**, while **looking at the camera**, and *weak* **raised outer eyebrows**."
S_10_06_01_2_1,10,surprise,1,2,1,The birch canoe slid on the smooth planks.,fast,higher,louder,up,none,strong,weak,strong,strong,moderate,moderate,none,none,none,none,none,none,none,none,strong,strong,none,"Actor 10 said “The birch canoe slid on the smooth planks.”, with *fast* **speech rate**, *higher* **pitch**, *louder* **loudness**, **gaze** *averted* (upwards), and *strong* **raised inner eyebrows**, *weak* **raised outer eyebrows**, *strong* **lowered brows**, *strong* **raised upper eyelids**, *moderate* **raised cheeks**, *moderate* **tightened eyelids**, *strong* **parted lips**, and *strong* **a dropped jaw**."
S_10_06_02_1_1,10,surprise,2,1,1,Glue the sheet to the dark blue background.,normal,higher,normal,front,none,none,weak,none,none,none,none,none,none,none,none,none,none,none,none,none,none,none,"Actor 10 said “Glue the sheet to the dark blue background.”, with *normal* **speech rate**, *higher* **pitch**, *normal* **loudness**, while **looking at the camera**, and *weak* **raised outer eyebrows**."
S_10_06_02_2_1,10,surprise,2,2,1,Glue the sheet to the dark blue background.,fast,higher,louder,up,none,strong,weak,strong,strong,moderate,moderate,none,none,none,none,none,none,none,none,strong,strong,none,"Actor 10 said “Glue the sheet to the dark blue background.”, with *fast* **speech rate**, *higher* **pitch**, *louder* **loudness**, **gaze** *averted* (upwards), and *strong* **raised inner eyebrows**, *weak* **raised outer eyebrows**, *strong* **lowered brows**, *strong* **raised upper eyelids**, *moderate* **raised cheeks**, *moderate* **tightened eyelids**, *strong* **parted lips**, and *strong* **a dropped jaw**."
S_10_06_03_1_1,10,surprise,3,1,1,It's easy to tell the depth of a well.,fast,higher,louder,front,tilting,weak,none,none,moderate,none,none,none,none,none,none,none,none,none,none,moderate,none,none,"Actor 10 said “It's easy to tell the depth of a well.”, with *fast* **speech rate**, *higher* **pitch**, *louder* **loudness**, while **looking at the camera**, while *tilting* their **head**, and *weak* **raised inner eyebrows**, *moderate* **raised upper eyelids**, and *moderate* **parted lips**."
S_10_06_03_2_1,10,surprise,3,2,1,It's easy to tell the depth of a well.,fast,higher,louder,up,none,strong,weak,strong,strong,moderate,moderate,none,none,none,none,none,none,none,none,strong,strong,none,"Actor 10 said “It's easy to tell the depth of a well.”, with *fast* **speech rate**, *higher* **pitch**, *louder* **loudness**, **gaze** *averted* (upwards), and *strong* **raised inner eyebrows**, *weak* **raised outer eyebrows**, *strong* **lowered brows**, *strong* **raised upper eyelids**, *moderate* **raised cheeks**, *moderate* **tightened eyelids**, *strong* **parted lips**, and *strong* **a dropped jaw**."
S_10_06_04_1_1,10,surprise,4,1,1,These days a chicken leg is a rare dish.,normal,higher,normal,front,none,none,weak,none,none,none,none,none,none,none,none,none,none,none,none,none,none,none,"Actor 10 said “These days a chicken leg is a rare dish.”, with *normal* **speech rate**, *higher* **pitch**, *normal* **loudness**, while **looking at the camera**, and *weak* **raised outer eyebrows**."
S_10_06_04_2_1,10,surprise,4,2,1,These days a chicken leg is a rare dish.,fast,higher,louder,up,none,strong,weak,strong,strong,moderate,moderate,none,none,none,none,none,none,none,none,strong,strong,none,"Actor 10 said “These days a chicken leg is a rare dish.”, with *fast* **speech rate**, *higher* **pitch**, *louder* **loudness**, **gaze** *averted* (upwards), and *strong* **raised inner eyebrows**, *weak* **raised outer eyebrows**, *strong* **lowered brows**, *strong* **raised upper eyelids**, *moderate* **raised cheeks**, *moderate* **tightened eyelids**, *strong* **parted lips**, and *strong* **a dropped jaw**."
S_10_06_05_1_1,10,surprise,5,1,1,Rice is often served in round bowls.,normal,higher,normal,front,none,none,weak,none,none,none,none,none,none,none,none,none,none,none,none,none,none,none,"Actor 10 said “Rice is often served in round bowls.”, with *normal* **speech rate**, *higher* **pitch**, *normal* **loudness**, while **looking at the camera**, and *weak* **raised outer eyebrows**."
S_10_06_05_2_1,10,surprise,5,2,1,Rice is often served in round bowls.,fast,higher,louder,front,none,strong,weak,strong,strong,moderate,moderate,none,none,none,none,none,none,none,none,strong,strong,none,"Actor 10 said “Rice is often served in round bowls.”, with *fast* **speech rate**, *higher* **pitch**, *louder* **loudness**, while **looking at the camera**, and *strong* **raised inner eyebrows**, *weak* **raised outer eyebrows**, *strong* **lowered brows**, *strong* **raised upper eyelids**, *moderate* **raised cheeks**, *moderate* **tightened eyelids**, *strong* **parted lips**, and *strong* **a dropped jaw**."
S_10_06_06_1_1,10,surprise,6,1,1,The juice of lemons makes fine punch.,normal,higher,normal,front,none,none,weak,none,none,none,none,none,none,none,none,none,none,none,none,none,none,none,"Actor 10 said “The juice of lemons makes fine punch.”, with *normal* **speech rate**, *higher* **pitch**, *normal* **loudness**, while **looking at the camera**, and *weak* **raised outer eyebrows**."
S_10_06_06_2_1,10,surprise,6,2,1,The juice of lemons makes fine punch.,fast,higher,louder,up,none,strong,weak,strong,strong,moderate,moderate,none,none,none,none,none,none,none,none,strong,strong,none,"Actor 10 said “The juice of lemons makes fine punch.”, with *fast* **speech rate**, *higher* **pitch**, *louder* **loudness**, **gaze** *averted* (upwards), and *strong* **raised inner eyebrows**, *weak* **raised outer eyebrows**, *strong* **lowered brows**, *strong* **raised upper eyelids**, *moderate* **raised cheeks**, *moderate* **tightened eyelids**, *strong* **parted lips**, and *strong* **a dropped jaw**."
S_10_06_07_1_1,10,surprise,7,1,1,The box was thrown beside the parked truck.,normal,higher,normal,front,none,none,weak,none,none,none,none,none,none,none,none,none,none,none,none,none,none,none,"Actor 10 said “The box was thrown beside the parked truck.”, with *normal* **speech rate**, *higher* **pitch**, *normal* **loudness**, while **looking at the camera**, and *weak* **raised outer eyebrows**."
S_10_06_07_2_1,10,surprise,7,2,1,The box was thrown beside the parked truck.,fast,higher,louder,up,none,strong,weak,strong,moderate,none,none,none,none,none,none,none,none,none,none,moderate,strong,none,"Actor 10 said “The box was thrown beside the parked truck.”, with *fast* **speech rate**, *higher* **pitch**, *louder* **loudness**, **gaze** *averted* (upwards), and *strong* **raised inner eyebrows**, *weak* **raised outer eyebrows**, *strong* **lowered brows**, *moderate* **raised upper eyelids**, *moderate* **parted lips**, and *strong* **a dropped jaw**."
S_10_06_08_1_1,10,surprise,8,1,1,The hogs were fed chopped corn and garbage.,normal,higher,normal,front,none,none,weak,none,none,none,none,none,none,none,none,none,none,none,none,none,none,none,"Actor 10 said “The hogs were fed chopped corn and garbage.”, with *normal* **speech rate**, *higher* **pitch**, *normal* **loudness**, while **looking at the camera**, and *weak* **raised outer eyebrows**."
S_10_06_08_2_1,10,surprise,8,2,1,The hogs were fed chopped corn and garbage.,fast,higher,louder,up,none,strong,weak,strong,strong,moderate,moderate,none,none,none,none,none,none,none,none,strong,strong,none,"Actor 10 said “The hogs were fed chopped corn and garbage.”, with *fast* **speech rate**, *higher* **pitch**, *louder* **loudness**, **gaze** *averted* (upwards), and *strong* **raised inner eyebrows**, *weak* **raised outer eyebrows**, *strong* **lowered brows**, *strong* **raised upper eyelids**, *moderate* **raised cheeks**, *moderate* **tightened eyelids**, *strong* **parted lips**, and *strong* **a dropped jaw**."
S_10_06_09_1_1,10,surprise,9,1,1,Four hours of steady work faced us.,normal,higher,normal,front,none,none,weak,none,none,none,none,none,none,none,none,none,none,none,none,none,none,none,"Actor 10 said “Four hours of steady work faced us.”, with *normal* **speech rate**, *higher* **pitch**, *normal* **loudness**, while **looking at the camera**, and *weak* **raised outer eyebrows**."
S_10_06_09_2_1,10,surprise,9,2,1,Four hours of steady work faced us.,fast,higher,louder,up,none,strong,weak,strong,strong,moderate,moderate,none,none,none,none,none,none,none,none,strong,strong,none,"Actor 10 said “Four hours of steady work faced us.”, with *fast* **speech rate**, *higher* **pitch**, *louder* **loudness**, **gaze** *averted* (upwards), and *strong* **raised inner eyebrows**, *weak* **raised outer eyebrows**, *strong* **lowered brows**, *strong* **raised upper eyelids**, *moderate* **raised cheeks**, *moderate* **tightened eyelids**, *strong* **parted lips**, and *strong* **a dropped jaw**."
S_10_06_10_1_1,10,surprise,10,1,1,A large size in stockings is hard to sell.,normal,higher,normal,front,none,none,weak,none,none,none,none,none,none,none,none,none,none,none,none,none,none,none,"Actor 10 said “A large size in stockings is hard to sell.”, with *normal* **speech rate**, *higher* **pitch**, *normal* **loudness**, while **looking at the camera**, and *weak* **raised outer eyebrows**."
S_10_06_10_2_1,10,surprise,10,2,1,A large size in stockings is hard to sell.,fast,higher,louder,front,none,strong,weak,strong,moderate,none,none,none,none,none,none,none,none,none,none,strong,strong,none,"Actor 10 said “A large size in stockings is hard to sell.”, with *fast* **speech rate**, *higher* **pitch**, *louder* **loudness**, while **looking at the camera**, and *strong* **raised inner eyebrows**, *weak* **raised outer eyebrows**, *strong* **lowered brows**, *moderate* **raised upper eyelids**, *strong* **parted lips**, and *strong* **a dropped jaw**."
S_10_07_01_1_1,10,confidence,1,1,1,The birch canoe slid on the smooth planks.,normal,normal,normal,front,none,none,none,none,none,none,none,none,none,none,none,none,none,none,none,none,none,none,"Actor 10 said “The birch canoe slid on the smooth planks.”, with *normal* **speech rate**, *normal* **pitch**, *normal* **loudness**, and while **looking at the camera**."
S_10_07_01_2_1,10,confidence,1,2,1,The birch canoe slid on the smooth planks.,normal,higher,louder,front,none,weak,none,none,none,moderate,none,none,none,strong,none,none,none,none,none,none,none,none,"Actor 10 said “The birch canoe slid on the smooth planks.”, with *normal* **speech rate**, *higher* **pitch**, *louder* **loudness**, while **looking at the camera**, and *weak* **raised inner eyebrows**, *moderate* **raised cheeks**, and *strong* **a smile**."
S_10_07_02_1_1,10,confidence,2,1,1,Glue the sheet to the dark blue background.,normal,normal,normal,front,none,weak,none,none,none,none,none,none,none,none,none,none,none,none,none,none,none,none,"Actor 10 said “Glue the sheet to the dark blue background.”, with *normal* **speech rate**, *normal* **pitch**, *normal* **loudness**, while **looking at the camera**, and *weak* **raised inner eyebrows**."
S_10_07_02_2_1,10,confidence,2,2,1,Glue the sheet to the dark blue background.,normal,normal,normal,front,none,none,none,none,none,none,none,none,none,strong,none,none,none,none,none,none,none,none,"Actor 10 said “Glue the sheet to the dark blue background.”, with *normal* **speech rate**, *normal* **pitch**, *normal* **loudness**, while **looking at the camera**, and *strong* **a smile**."
S_10_07_03_1_1,10,confidence,3,1,1,It's easy to tell the depth of a well.,normal,normal,normal,front,none,weak,none,none,none,none,none,none,none,none,none,none,none,none,none,none,none,none,"Actor 10 said “It's easy to tell the depth of a well.”, with *normal* **speech rate**, *normal* **pitch**, *normal* **loudness**, while **looking at the camera**, and *weak* **raised inner eyebrows**."
S_10_07_03_2_1,10,confidence,3,2,1,It's easy to tell the depth of a well.,normal,higher,louder,front,none,none,none,none,none,moderate,weak,none,none,moderate,none,none,none,none,none,none,none,none,"Actor 10 said “It's easy to tell the depth of a well.”, with *normal* **speech rate**, *higher* **pitch**, *louder* **loudness**, while **looking at the camera**, and *moderate* **raised cheeks**, *weak* **tightened eyelids**, and *moderate* **a smile**."
S_10_07_04_1_1,10,confidence,4,1,1,These days a chicken leg is a rare dish.,normal,normal,normal,front,none,weak,none,none,none,none,none,none,none,none,none,none,none,none,none,none,none,none,"Actor 10 said “These days a chicken leg is a rare dish.”, with *normal* **speech rate**, *normal* **pitch**, *normal* **loudness**, while **looking at the camera**, and *weak* **raised inner eyebrows**."
S_10_07_04_2_1,10,confidence,4,2,1,These days a chicken leg is a rare dish.,normal,higher,louder,front,none,none,none,none,none,none,none,none,none,moderate,none,none,none,none,none,none,none,none,"Actor 10 said “These days a chicken leg is a rare dish.”, with *normal* **speech rate**, *higher* **pitch**, *louder* **loudness**, while **looking at the camera**, and *moderate* **a smile**."
S_10_07_05_1_1,10,confidence,5,1,1,Rice is often served in round bowls.,normal,normal,normal,front,none,weak,none,none,none,none,none,none,none,none,none,none,none,none,none,none,none,none,"Actor 10 said “Rice is often served in round bowls.”, with *normal* **speech rate**, *normal* **pitch**, *normal* **loudness**, while **looking at the camera**, and *weak* **raised inner eyebrows**."
S_10_07_05_2_1,10,confidence,5,2,1,Rice is often served in round bowls.,normal,higher,louder,front,none,none,none,none,none,moderate,weak,none,none,strong,none,none,none,none,none,none,none,none,"Actor 10 said “Rice is often served in round bowls.”, with *normal* **speech rate**, *higher* **pitch**, *louder* **loudness**, while **looking at the camera**, and *moderate* **raised cheeks**, *weak* **tightened eyelids**, and *strong* **a smile**."
S_10_07_06_1_1,10,confidence,6,1,1,The juice of lemons makes fine punch.,normal,normal,normal,front,none,weak,none,none,none,none,none,none,none,none,none,none,none,none,none,none,none,none,"Actor 10 said “The juice of lemons makes fine punch.”, with *normal* **speech rate**, *normal* **pitch**, *normal* **loudness**, while **looking at the camera**, and *weak* **raised inner eyebrows**."
S_10_07_06_2_1,10,confidence,6,2,1,The juice of lemons makes fine punch.,normal,higher,louder,front,none,none,none,none,none,moderate,none,none,none,strong,none,none,none,none,none,none,none,none,"Actor 10 said “The juice of lemons makes fine punch.”, with *normal* **speech rate**, *higher* **pitch**, *louder* **loudness**, while **looking at the camera**, and *moderate* **raised cheeks** and *strong* **a smile**."
S_10_07_07_1_1,10,confidence,7,1,1,The box was thrown beside the parked truck.,normal,normal,normal,front,none,weak,none,none,none,none,none,none,none,none,none,none,none,none,none,none,none,none,"Actor 10 said “The box was thrown beside the parked truck.”, with *normal* **speech rate**, *normal* **pitch**, *normal* **loudness**, while **looking at the camera**, and *weak* **raised inner eyebrows**."
S_10_07_07_2_1,10,confidence,7,2,1,The box was thrown beside the parked truck.,normal,higher,louder,front,none,none,none,none,none,none,none,none,none,strong,none,none,none,none,none,none,none,none,"Actor 10 said “The box was thrown beside the parked truck.”, with *normal* **speech rate**, *higher* **pitch**, *louder* **loudness**, while **looking at the camera**, and *strong* **a smile**."
S_10_07_08_1_1,10,confidence,8,1,1,The hogs were fed chopped corn and garbage.,normal,normal,normal,front,none,weak,none,none,none,none,none,none,none,none,none,none,none,none,none,none,none,none,"Actor 10 said “The hogs were fed chopped corn and garbage.”, with *normal* **speech rate**, *normal* **pitch**, *normal* **loudness**, while **looking at the camera**, and *weak* **raised inner eyebrows**."
S_10_07_08_2_1,10,confidence,8,2,1,The hogs were fed chopped corn and garbage.,normal,normal,normal,front,none,none,none,none,none,none,none,none,none,strong,none,none,none,none,none,none,none,none,"Actor 10 said “The hogs were fed chopped corn and garbage.”, with *normal* **speech rate**, *normal* **pitch**, *normal* **loudness**, while **looking at the camera**, and *strong* **a smile**."
S_10_07_09_1_1,10,confidence,9,1,1,Four hours of steady work faced us.,normal,normal,normal,front,none,weak,none,none,none,none,none,none,none,none,none,none,none,none,none,none,none,none,"Actor 10 said “Four hours of steady work faced us.”, with *normal* **speech rate**, *normal* **pitch**, *normal* **loudness**, while **looking at the camera**, and *weak* **raised inner eyebrows**."
S_10_07_09_2_1,10,confidence,9,2,1,Four hours of steady work faced us.,normal,higher,louder,front,none,none,none,none,none,moderate,weak,none,none,moderate,none,none,none,none,none,none,none,none,"Actor 10 said “Four hours of steady work faced us.”, with *normal* **speech rate**, *higher* **pitch**, *louder* **loudness**, while **looking at the camera**, and *moderate* **raised cheeks**, *weak* **tightened eyelids**, and *moderate* **a smile**."
S_10_07_10_1_1,10,confidence,10,1,1,A large size in stockings is hard to sell.,normal,normal,normal,front,none,weak,none,none,none,none,none,none,none,none,none,none,none,none,none,none,none,none,"Actor 10 said “A large size in stockings is hard to sell.”, with *normal* **speech rate**, *normal* **pitch**, *normal* **loudness**, while **looking at the camera**, and *weak* **raised inner eyebrows**."
S_10_07_10_2_1,10,confidence,10,2,1,A large size in stockings is hard to sell.,normal,higher,louder,front,none,weak,none,none,none,moderate,none,none,none,strong,none,none,none,none,none,none,none,none,"Actor 10 said “A large size in stockings is hard to sell.”, with *normal* **speech rate**, *higher* **pitch**, *louder* **loudness**, while **looking at the camera**, and *weak* **raised inner eyebrows**, *moderate* **raised cheeks**, and *strong* **a smile**."
S_10_08_01_1_1,10,confusion,1,1,1,The birch canoe slid on the smooth planks.,normal,normal,normal,left,tilting,weak,none,weak,none,none,none,none,none,none,none,none,none,none,none,none,none,none,"Actor 10 said “The birch canoe slid on the smooth planks.”, with *normal* **speech rate**, *normal* **pitch**, *normal* **loudness**, **gaze** *averted* (to their left), while *tilting* their **head**, and *weak* **raised inner eyebrows** and *weak* **lowered brows**."
S_10_08_01_2_1,10,confusion,1,2,1,The birch canoe slid on the smooth planks.,slow,lower,quieter,front,tilting,strong,weak,strong,weak,none,none,none,none,none,none,none,none,none,none,moderate,none,weak,"Actor 10 said “The birch canoe slid on the smooth planks.”, with *slow* **speech rate**, *lower* **pitch**, *quieter* **loudness**, while **looking at the camera**, while *tilting* their **head**, and *strong* **raised inner eyebrows**, *weak* **raised outer eyebrows**, *strong* **lowered brows**, *weak* **raised upper eyelids**, *moderate* **parted lips**, and *weak* **blinking**."
S_10_08_02_1_1,10,confusion,2,1,1,Glue the sheet to the dark blue background.,slow,normal,normal,left,tilting,weak,none,weak,none,none,none,none,none,none,none,none,none,none,none,none,none,none,"Actor 10 said “Glue the sheet to the dark blue background.”, with *slow* **speech rate**, *normal* **pitch**, *normal* **loudness**, **gaze** *averted* (to their left), while *tilting* their **head**, and *weak* **raised inner eyebrows** and *weak* **lowered brows**."
S_10_08_02_2_1,10,confusion,2,2,1,Glue the sheet to the dark blue background.,slow,lower,quieter,front,tilting,strong,weak,strong,weak,none,none,none,none,none,none,none,none,none,none,strong,strong,none,"Actor 10 said “Glue the sheet to the dark blue background.”, with *slow* **speech rate**, *lower* **pitch**, *quieter* **loudness**, while **looking at the camera**, while *tilting* their **head**, and *strong* **raised inner eyebrows**, *weak* **raised outer eyebrows**, *strong* **lowered brows**, *weak* **raised upper eyelids**, *strong* **parted lips**, and *strong* **a dropped jaw**."
S_10_08_03_1_1,10,confusion,3,1,1,It's easy to tell the depth of a well.,slow,lower,quieter,front,tilting,weak,none,moderate,none,none,none,none,none,none,none,none,none,none,none,none,none,none,"Actor 10 said “It's easy to tell the depth of a well.”, with *slow* **speech rate**, *lower* **pitch**, *quieter* **loudness**, while **looking at the camera**, while *tilting* their **head**, and *weak* **raised inner eyebrows** and *moderate* **lowered brows**."
S_10_08_03_2_1,10,confusion,3,2,1,It's easy to tell the depth of a well.,slow,lower,quieter,front,tilting,strong,weak,strong,weak,none,none,none,none,none,none,none,none,none,none,moderate,none,weak,"Actor 10 said “It's easy to tell the depth of a well.”, with *slow* **speech rate**, *lower* **pitch**, *quieter* **loudness**, while **looking at the camera**, while *tilting* their **head**, and *strong* **raised inner eyebrows**, *weak* **raised outer eyebrows**, *strong* **lowered brows**, *weak* **raised upper eyelids**, *moderate* **parted lips**, and *weak* **blinking**."
S_10_08_04_2_1,10,confusion,4,2,1,These days a chicken leg is a rare dish.,slow,lower,quieter,front,tilting,strong,none,strong,weak,none,none,none,none,none,none,none,none,none,none,moderate,none,none,"Actor 10 said “These days a chicken leg is a rare dish.”, with *slow* **speech rate**, *lower* **pitch**, *quieter* **loudness**, while **looking at the camera**, while *tilting* their **head**, and *strong* **raised inner eyebrows**, *strong* **lowered brows**, *weak* **raised upper eyelids**, and *moderate* **parted lips**."
S_10_08_05_1_1,10,confusion,5,1,1,Rice is often served in round bowls.,slow,lower,quieter,front,none,moderate,none,weak,none,none,none,none,none,none,none,none,none,none,none,none,none,none,"Actor 10 said “Rice is often served in round bowls.”, with *slow* **speech rate**, *lower* **pitch**, *quieter* **loudness**, while **looking at the camera**, and *moderate* **raised inner eyebrows** and *weak* **lowered brows**."
S_10_08_05_2_1,10,confusion,5,2,1,Rice is often served in round bowls.,slow,lower,quieter,front,tilting,strong,weak,strong,weak,none,none,none,none,none,none,none,none,none,none,moderate,none,weak,"Actor 10 said “Rice is often served in round bowls.”, with *slow* **speech rate**, *lower* **pitch**, *quieter* **loudness**, while **looking at the camera**, while *tilting* their **head**, and *strong* **raised inner eyebrows**, *weak* **raised outer eyebrows**, *strong* **lowered brows**, *weak* **raised upper eyelids**, *moderate* **parted lips**, and *weak* **blinking**."
S_10_08_06_1_1,10,confusion,6,1,1,The juice of lemons makes fine punch.,slow,lower,quieter,front,tilting,weak,none,weak,none,none,none,none,none,none,none,none,none,none,none,none,none,none,"Actor 10 said “The juice of lemons makes fine punch.”, with *slow* **speech rate**, *lower* **pitch**, *quieter* **loudness**, while **looking at the camera**, while *tilting* their **head**, and *weak* **raised inner eyebrows** and *weak* **lowered brows**."
S_10_08_06_2_1,10,confusion,6,2,1,The juice of lemons makes fine punch.,slow,lower,quieter,front,tilting,strong,weak,strong,weak,none,none,none,none,none,none,none,none,none,none,moderate,none,weak,"Actor 10 said “The juice of lemons makes fine punch.”, with *slow* **speech rate**, *lower* **pitch**, *quieter* **loudness**, while **looking at the camera**, while *tilting* their **head**, and *strong* **raised inner eyebrows**, *weak* **raised outer eyebrows**, *strong* **lowered brows**, *weak* **raised upper eyelids**, *moderate* **parted lips**, and *weak* **blinking**."
S_10_08_07_1_1,10,confusion,7,1,1,The box was thrown beside the parked truck.,normal,normal,normal,left,tilting,weak,none,moderate,none,none,none,none,none,none,none,none,none,none,none,none,none,weak,"Actor 10 said “The box was thrown beside the parked truck.”, with *normal* **speech rate**, *normal* **pitch**, *normal* **loudness**, **gaze** *averted* (to their left), while *tilting* their **head**, and *weak* **raised inner eyebrows**, *moderate* **lowered brows**, and *weak* **blinking**."
S_10_08_07_2_1,10,confusion,7,2,1,The box was thrown beside the parked truck.,slow,lower,quieter,front,tilting,strong,weak,strong,weak,none,none,none,none,none,none,none,none,none,none,moderate,none,weak,"Actor 10 said “The box was thrown beside the parked truck.”, with *slow* **speech rate**, *lower* **pitch**, *quieter* **loudness**, while **looking at the camera**, while *tilting* their **head**, and *strong* **raised inner eyebrows**, *weak* **raised outer eyebrows**, *strong* **lowered brows**, *weak* **raised upper eyelids**, *moderate* **parted lips**, and *weak* **blinking**."
S_10_08_08_1_1,10,confusion,8,1,1,The hogs were fed chopped corn and garbage.,normal,normal,normal,front,none,weak,none,weak,none,none,none,none,none,none,none,none,none,none,none,weak,none,none,"Actor 10 said “The hogs were fed chopped corn and garbage.”, with *normal* **speech rate**, *normal* **pitch**, *normal* **loudness**, while **looking at the camera**, and *weak* **raised inner eyebrows**, *weak* **lowered brows**, and *weak* **parted lips**."
S_10_08_08_2_1,10,confusion,8,2,1,The hogs were fed chopped corn and garbage.,slow,lower,quieter,front,tilting,strong,weak,strong,weak,none,none,none,none,none,none,none,none,none,none,moderate,none,weak,"Actor 10 said “The hogs were fed chopped corn and garbage.”, with *slow* **speech rate**, *lower* **pitch**, *quieter* **loudness**, while **looking at the camera**, while *tilting* their **head**, and *strong* **raised inner eyebrows**, *weak* **raised outer eyebrows**, *strong* **lowered brows**, *weak* **raised upper eyelids**, *moderate* **parted lips**, and *weak* **blinking**."
S_10_08_09_1_1,10,confusion,9,1,1,Four hours of steady work faced us.,normal,normal,normal,front,none,none,none,weak,none,none,none,none,none,none,none,none,none,none,none,none,none,none,"Actor 10 said “Four hours of steady work faced us.”, with *normal* **speech rate**, *normal* **pitch**, *normal* **loudness**, while **looking at the camera**, and *weak* **lowered brows**."
S_10_08_09_2_1,10,confusion,9,2,1,Four hours of steady work faced us.,slow,lower,quieter,front,tilting,strong,weak,strong,weak,none,none,none,none,none,none,none,none,none,none,moderate,none,weak,"Actor 10 said “Four hours of steady work faced us.”, with *slow* **speech rate**, *lower* **pitch**, *quieter* **loudness**, while **looking at the camera**, while *tilting* their **head**, and *strong* **raised inner eyebrows**, *weak* **raised outer eyebrows**, *strong* **lowered brows**, *weak* **raised upper eyelids**, *moderate* **parted lips**, and *weak* **blinking**."
S_10_08_10_1_1,10,confusion,10,1,1,A large size in stockings is hard to sell.,slow,normal,normal,up,tilting,weak,none,weak,none,none,none,none,none,none,none,none,none,none,none,weak,none,none,"Actor 10 said “A large size in stockings is hard to sell.”, with *slow* **speech rate**, *normal* **pitch**, *normal* **loudness**, **gaze** *averted* (upwards), while *tilting* their **head**, and *weak* **raised inner eyebrows**, *weak* **lowered brows**, and *weak* **parted lips**."
S_10_08_10_2_1,10,confusion,10,2,1,A large size in stockings is hard to sell.,slow,lower,quieter,front,tilting,strong,none,strong,weak,none,none,none,none,none,none,none,none,none,none,moderate,none,none,"Actor 10 said “A large size in stockings is hard to sell.”, with *slow* **speech rate**, *lower* **pitch**, *quieter* **loudness**, while **looking at the camera**, while *tilting* their **head**, and *strong* **raised inner eyebrows**, *strong* **lowered brows**, *weak* **raised upper eyelids**, and *moderate* **parted lips**."
S_10_09_01_1_1,10,contempt,1,1,1,The birch canoe slid on the smooth planks.,normal,normal,normal,front,none,none,none,weak,none,none,none,none,none,none,none,none,none,none,none,none,none,none,"Actor 10 said “The birch canoe slid on the smooth planks.”, with *normal* **speech rate**, *normal* **pitch**, *normal* **loudness**, while **looking at the camera**, and *weak* **lowered brows**."
S_10_09_01_2_1,10,contempt,1,2,1,The birch canoe slid on the smooth planks.,normal,normal,normal,left,tilting,weak,none,strong,none,none,none,none,none,none,none,none,none,none,none,none,none,none,"Actor 10 said “The birch canoe slid on the smooth planks.”, with *normal* **speech rate**, *normal* **pitch**, *normal* **loudness**, **gaze** *averted* (to their left), while *tilting* their **head**, and *weak* **raised inner eyebrows** and *strong* **lowered brows**."
S_10_09_02_1_1,10,contempt,2,1,1,Glue the sheet to the dark blue background.,normal,normal,normal,front,none,none,none,weak,none,none,none,none,none,none,none,none,none,none,none,none,none,none,"Actor 10 said “Glue the sheet to the dark blue background.”, with *normal* **speech rate**, *normal* **pitch**, *normal* **loudness**, while **looking at the camera**, and *weak* **lowered brows**."
S_10_09_02_2_1,10,contempt,2,2,1,Glue the sheet to the dark blue background.,normal,lower,normal,left,shaking,weak,none,strong,none,none,none,none,none,none,none,none,none,none,none,none,none,none,"Actor 10 said “Glue the sheet to the dark blue background.”, with *normal* **speech rate**, *lower* **pitch**, *normal* **loudness**, **gaze** *averted* (to their left), while *shaking* their **head**, and *weak* **raised inner eyebrows** and *strong* **lowered brows**."
S_10_09_03_1_1,10,contempt,3,1,1,It's easy to tell the depth of a well.,slow,lower,quieter,front,none,none,none,weak,none,none,none,none,none,none,none,none,none,none,none,none,none,none,"Actor 10 said “It's easy to tell the depth of a well.”, with *slow* **speech rate**, *lower* **pitch**, *quieter* **loudness**, while **looking at the camera**, and *weak* **lowered brows**."
S_10_09_03_2_1,10,contempt,3,2,1,It's easy to tell the depth of a well.,slow,lower,quieter,front,shaking,moderate,none,strong,weak,none,none,weak,none,none,none,strong,none,none,none,none,none,weak,"Actor 10 said “It's easy to tell the depth of a well.”, with *slow* **speech rate**, *lower* **pitch**, *quieter* **loudness**, while **looking at the camera**, while *shaking* their **head**, and *moderate* **raised inner eyebrows**, *strong* **lowered brows**, *weak* **raised upper eyelids**, *weak* **wrinkled nose**, *strong* **downturned mouth corners**, and *weak* **blinking**."
S_10_09_04_1_1,10,contempt,4,1,1,These days a chicken leg is a rare dish.,normal,normal,normal,front,none,weak,none,weak,none,none,none,none,none,none,none,none,none,none,none,none,none,none,"Actor 10 said “These days a chicken leg is a rare dish.”, with *normal* **speech rate**, *normal* **pitch**, *normal* **loudness**, while **looking at the camera**, and *weak* **raised inner eyebrows** and *weak* **lowered brows**."
S_10_09_04_2_1,10,contempt,4,2,1,These days a chicken leg is a rare dish.,slow,lower,louder,down,shaking,moderate,none,strong,none,none,weak,weak,none,none,none,strong,none,none,moderate,moderate,none,none,"Actor 10 said “These days a chicken leg is a rare dish.”, with *slow* **speech rate**, *lower* **pitch**, *louder* **loudness**, **gaze** *averted* (downwards), while *shaking* their **head**, and *moderate* **raised inner eyebrows**, *strong* **lowered brows**, *weak* **tightened eyelids**, *weak* **wrinkled nose**, *strong* **downturned mouth corners**, *moderate* **tightened lips**, and *moderate* **parted lips**."
S_10_09_05_1_1,10,contempt,5,1,1,Rice is often served in round bowls.,slow,lower,quieter,front,none,none,none,weak,none,none,none,none,none,none,none,weak,none,none,none,none,none,none,"Actor 10 said “Rice is often served in round bowls.”, with *slow* **speech rate**, *lower* **pitch**, *quieter* **loudness**, while **looking at the camera**, and *weak* **lowered brows** and *weak* **downturned mouth corners**."
S_10_09_05_2_1,10,contempt,5,2,1,Rice is often served in round bowls.,slow,lower,quieter,front,shaking,moderate,none,strong,weak,none,none,weak,none,none,none,strong,none,none,none,none,none,weak,"Actor 10 said “Rice is often served in round bowls.”, with *slow* **speech rate**, *lower* **pitch**, *quieter* **loudness**, while **looking at the camera**, while *shaking* their **head**, and *moderate* **raised inner eyebrows**, *strong* **lowered brows**, *weak* **raised upper eyelids**, *weak* **wrinkled nose**, *strong* **downturned mouth corners**, and *weak* **blinking**."
S_10_09_06_1_1,10,contempt,6,1,1,The juice of lemons makes fine punch.,slow,lower,quieter,front,none,weak,none,moderate,none,none,none,none,none,none,none,none,none,none,weak,none,none,none,"Actor 10 said “The juice of lemons makes fine punch.”, with *slow* **speech rate**, *lower* **pitch**, *quieter* **loudness**, while **looking at the camera**, and *weak* **raised inner eyebrows**, *moderate* **lowered brows**, and *weak* **tightened lips**."
S_10_09_06_2_1,10,contempt,6,2,1,The juice of lemons makes fine punch.,slow,lower,quieter,front,shaking,weak,none,strong,none,none,none,none,none,none,none,none,none,none,none,none,none,none,"Actor 10 said “The juice of lemons makes fine punch.”, with *slow* **speech rate**, *lower* **pitch**, *quieter* **loudness**, while **looking at the camera**, while *shaking* their **head**, and *weak* **raised inner eyebrows** and *strong* **lowered brows**."
S_10_09_07_1_1,10,contempt,7,1,1,The box was thrown beside the parked truck.,normal,normal,normal,front,none,none,none,weak,none,none,none,none,none,none,none,none,none,none,none,none,none,none,"Actor 10 said “The box was thrown beside the parked truck.”, with *normal* **speech rate**, *normal* **pitch**, *normal* **loudness**, while **looking at the camera**, and *weak* **lowered brows**."
S_10_09_07_2_1,10,contempt,7,2,1,The box was thrown beside the parked truck.,normal,lower,normal,left,shaking,weak,none,strong,none,none,none,none,none,none,none,none,none,none,none,none,none,none,"Actor 10 said “The box was thrown beside the parked truck.”, with *normal* **speech rate**, *lower* **pitch**, *normal* **loudness**, **gaze** *averted* (to their left), while *shaking* their **head**, and *weak* **raised inner eyebrows** and *strong* **lowered brows**."
S_10_09_08_1_1,10,contempt,8,1,1,The hogs were fed chopped corn and garbage.,normal,normal,normal,front,none,none,none,weak,none,none,none,none,none,none,none,weak,none,none,none,none,none,none,"Actor 10 said “The hogs were fed chopped corn and garbage.”, with *normal* **speech rate**, *normal* **pitch**, *normal* **loudness**, while **looking at the camera**, and *weak* **lowered brows** and *weak* **downturned mouth corners**."
S_10_09_08_2_1,10,contempt,8,2,1,The hogs were fed chopped corn and garbage.,slow,lower,louder,right,shaking,moderate,none,strong,weak,none,none,weak,none,none,none,strong,none,none,none,none,none,weak,"Actor 10 said “The hogs were fed chopped corn and garbage.”, with *slow* **speech rate**, *lower* **pitch**, *louder* **loudness**, **gaze** *averted* (to their right), while *shaking* their **head**, and *moderate* **raised inner eyebrows**, *strong* **lowered brows**, *weak* **raised upper eyelids**, *weak* **wrinkled nose**, *strong* **downturned mouth corners**, and *weak* **blinking**."
S_10_09_09_1_1,10,contempt,9,1,1,Four hours of steady work faced us.,normal,normal,normal,front,none,none,none,weak,none,none,none,none,none,none,none,none,none,none,none,none,none,none,"Actor 10 said “Four hours of steady work faced us.”, with *normal* **speech rate**, *normal* **pitch**, *normal* **loudness**, while **looking at the camera**, and *weak* **lowered brows**."
S_10_09_09_2_1,10,contempt,9,2,1,Four hours of steady work faced us.,normal,normal,normal,front,none,weak,none,strong,none,none,none,none,none,none,none,none,none,none,none,none,none,none,"Actor 10 said “Four hours of steady work faced us.”, with *normal* **speech rate**, *normal* **pitch**, *normal* **loudness**, while **looking at the camera**, and *weak* **raised inner eyebrows** and *strong* **lowered brows**."
S_10_09_10_1_1,10,contempt,10,1,1,A large size in stockings is hard to sell.,slow,normal,normal,left,none,none,none,weak,none,none,none,none,none,none,none,weak,none,none,none,none,none,none,"Actor 10 said “A large size in stockings is hard to sell.”, with *slow* **speech rate**, *normal* **pitch**, *normal* **loudness**, **gaze** *averted* (to their left), and *weak* **lowered brows** and *weak* **downturned mouth corners**."
S_10_09_10_2_1,10,contempt,10,2,1,A large size in stockings is hard to sell.,normal,lower,louder,front,none,moderate,none,strong,none,none,none,moderate,none,none,none,none,none,none,none,none,none,none,"Actor 10 said “A large size in stockings is hard to sell.”, with *normal* **speech rate**, *lower* **pitch**, *louder* **loudness**, while **looking at the camera**, and *moderate* **raised inner eyebrows**, *strong* **lowered brows**, and *moderate* **wrinkled nose**."
S_10_10_01_2_1,10,empathy,1,2,1,The birch canoe slid on the smooth planks.,slow,lower,quieter,front,none,weak,none,weak,none,none,none,none,none,none,none,moderate,none,none,none,none,none,none,"Actor 10 said “The birch canoe slid on the smooth planks.”, with *slow* **speech rate**, *lower* **pitch**, *quieter* **loudness**, while **looking at the camera**, and *weak* **raised inner eyebrows**, *weak* **lowered brows**, and *moderate* **downturned mouth corners**."
S_10_10_02_2_1,10,empathy,2,2,1,Glue the sheet to the dark blue background.,slow,lower,quieter,front,none,moderate,none,weak,none,none,none,none,none,none,none,moderate,none,none,none,none,none,none,"Actor 10 said “Glue the sheet to the dark blue background.”, with *slow* **speech rate**, *lower* **pitch**, *quieter* **loudness**, while **looking at the camera**, and *moderate* **raised inner eyebrows**, *weak* **lowered brows**, and *moderate* **downturned mouth corners**."
S_10_10_03_2_1,10,empathy,3,2,1,It's easy to tell the depth of a well.,slow,lower,quieter,front,none,weak,none,weak,none,none,none,none,none,none,none,moderate,none,none,none,moderate,none,none,"Actor 10 said “It's easy to tell the depth of a well.”, with *slow* **speech rate**, *lower* **pitch**, *quieter* **loudness**, while **looking at the camera**, and *weak* **raised inner eyebrows**, *weak* **lowered brows**, *moderate* **downturned mouth corners**, and *moderate* **parted lips**."
S_10_10_04_2_1,10,empathy,4,2,1,These days a chicken leg is a rare dish.,slow,lower,quieter,front,none,moderate,none,moderate,none,none,none,none,none,none,none,none,none,none,none,none,none,weak,"Actor 10 said “These days a chicken leg is a rare dish.”, with *slow* **speech rate**, *lower* **pitch**, *quieter* **loudness**, while **looking at the camera**, and *moderate* **raised inner eyebrows**, *moderate* **lowered brows**, and *weak* **blinking**."
S_10_10_05_1_1,10,empathy,5,1,1,Rice is often served in round bowls.,slow,normal,normal,front,none,weak,none,none,none,none,none,none,none,none,none,none,none,none,none,none,none,none,"Actor 10 said “Rice is often served in round bowls.”, with *slow* **speech rate**, *normal* **pitch**, *normal* **loudness**, while **looking at the camera**, and *weak* **raised inner eyebrows**."
S_10_10_06_1_1,10,empathy,6,1,1,The juice of lemons makes fine punch.,slow,normal,normal,front,none,weak,none,none,none,none,none,none,none,none,none,none,none,none,none,none,none,none,"Actor 10 said “The juice of lemons makes fine punch.”, with *slow* **speech rate**, *normal* **pitch**, *normal* **loudness**, while **looking at the camera**, and *weak* **raised inner eyebrows**."
S_10_10_06_2_1,10,empathy,6,2,1,The juice of lemons makes fine punch.,slow,lower,quieter,front,none,weak,none,none,none,none,none,none,none,none,none,moderate,none,none,none,none,none,none,"Actor 10 said “The juice of lemons makes fine punch.”, with *slow* **speech rate**, *lower* **pitch**, *quieter* **loudness**, while **looking at the camera**, and *weak* **raised inner eyebrows** and *moderate* **downturned mouth corners**."
S_10_10_08_2_1,10,empathy,8,2,1,The hogs were fed chopped corn and garbage.,slow,lower,quieter,left,none,moderate,none,none,none,none,none,none,none,none,none,none,none,none,none,none,none,none,"Actor 10 said “The hogs were fed chopped corn and garbage.”, with *slow* **speech rate**, *lower* **pitch**, *quieter* **loudness**, **gaze** *averted* (to their left), and *moderate* **raised inner eyebrows**."
S_10_10_09_2_1,10,empathy,9,2,1,Four hours of steady work faced us.,slow,lower,quieter,front,none,moderate,none,weak,none,none,none,none,none,none,none,moderate,none,none,none,none,none,none,"Actor 10 said “Four hours of steady work faced us.”, with *slow* **speech rate**, *lower* **pitch**, *quieter* **loudness**, while **looking at the camera**, and *moderate* **raised inner eyebrows**, *weak* **lowered brows**, and *moderate* **downturned mouth corners**."
S_10_10_10_1_1,10,empathy,10,1,1,A large size in stockings is hard to sell.,normal,normal,normal,front,none,none,none,none,none,none,none,none,none,none,none,none,none,none,none,none,none,none,"Actor 10 said “A large size in stockings is hard to sell.”, with *normal* **speech rate**, *normal* **pitch**, *normal* **loudness**, and while **looking at the camera**."
S_10_10_10_2_1,10,empathy,10,2,1,A large size in stockings is hard to sell.,slow,lower,quieter,front,none,moderate,none,weak,none,none,none,none,none,none,none,moderate,none,none,none,none,none,none,"Actor 10 said “A large size in stockings is hard to sell.”, with *slow* **speech rate**, *lower* **pitch**, *quieter* **loudness**, while **looking at the camera**, and *moderate* **raised inner eyebrows**, *weak* **lowered brows**, and *moderate* **downturned mouth corners**."
