clip,condition,emotion,intensity,raw
s10_an_1,behaviour_only,anger,high,"{""emotion"": ""anger"", ""intensity"": ""high""}"
s10_an_2,behaviour_only,anger,high,"{""emotion"": ""anger"", ""intensity"": ""high""}"
s10_an_3,behaviour_only,surprise,high,"{""emotion"": ""surprise"", ""intensity"": ""high""}"
s10_an_4,behaviour_only,anger,high,"{""emotion"": ""anger"", ""intensity"": ""high""}"
s10_an_5,behaviour_only,disgust,low,"{""emotion"": ""disgust"", ""intensity"": ""moderate""}"
s10_di_1,behaviour_only,happiness,low,"{""emotion"": ""happiness"", ""intensity"": ""low""}"
s10_di_2,behaviour_only,disgust,high,"{""emotion"": ""disgust"", ""intensity"": ""high""}"
s10_di_3,behaviour_only,sadness,high,"{""emotion"": ""sadness"", ""intensity"": ""high""}"
s10_di_4,behaviour_only,happiness,high,"{""emotion"": ""happiness"", ""intensity"": ""high""}"
s10_di_5,behaviour_only,sadness,high,"{""emotion"": ""sadness"", ""intensity"": ""high""}"
s10_fe_1,behaviour_only,sadness,low,"{""emotion"": ""sadness"", ""intensity"": ""low""}"
s10_fe_2,behaviour_only,sadness,low,"{""emotion"": ""sadness"", ""intensity"": ""low""}"
s10_fe_3,behaviour_only,sadness,high,"{""emotion"": ""sadness"", ""intensity"": ""high""}"
s10_fe_4,behaviour_only,anger,high,"{""emotion"": ""anger"", ""intensity"": ""high""}"
s10_fe_5,behaviour_only,anger,high,"{""emotion"": ""anger"", ""intensity"": ""high""}"
s10_ha_1,behaviour_only,surprise,high,"{""emotion"": ""surprise"", ""intensity"": ""high""}"
s10_ha_2,behaviour_only,fear,high,"{""emotion"": ""fear"", ""intensity"": ""high""}"
s10_ha_3,behaviour_only,sadness,high,"{""emotion"": ""sadness"", ""intensity"": ""high""}"
s10_ha_4,behaviour_only,surprise,high,"{""emotion"": ""surprise"", ""intensity"": ""high""}"
s10_ha_5,behaviour_only,anger,high,"{""emotion"": ""anger"", ""intensity"": ""high""}"
s10_sa_1,behaviour_only,sadness,low,"{""emotion"": ""sadness"", ""intensity"": ""moderate""}"
s10_sa_2,behaviour_only,sadness,high,"{""emotion"": ""sadness"", ""intensity"": ""high""}"
s10_sa_3,behaviour_only,sadness,high,"{""emotion"": ""sadness"", ""intensity"": ""high""}"
s10_sa_4,behaviour_only,sadness,high,"{""emotion"": ""sadness"", ""intensity"": ""high""}"
s10_sa_5,behaviour_only,sadness,high,"{""emotion"": ""sadness"", ""intensity"": ""high""}"
s10_su_1,behaviour_only,fear,high,"{""emotion"": ""fear"", ""intensity"": ""high""}"
s10_su_2,behaviour_only,surprise,low,"{""emotion"": ""surprise"", ""intensity"": ""moderate""}"
s10_su_3,behaviour_only,sadness,low,"{""emotion"": ""sadness"", ""intensity"": ""moderate""}"
s10_su_4,behaviour_only,surprise,low,"{""emotion"": ""surprise"", ""intensity"": ""low""}"
s10_su_5,behaviour_only,,,"{""emotion"": ""neutral"", ""intensity"": ""none""}"
s13_an_1,behaviour_only,anger,high,"{""emotion"": ""anger"", ""intensity"": ""high""}"
s13_an_2,behaviour_only,anger,high,"{""emotion"": ""anger"", ""intensity"": ""high""}"
s13_an_3,behaviour_only,anger,high,"{""emotion"": ""anger"", ""intensity"": ""high""}"
s13_an_4,behaviour_only,anger,high,"{""emotion"": ""anger"", ""intensity"": ""high""}"
s13_an_5,behaviour_only,anger,high,"{""emotion"": ""anger"", ""intensity"": ""high""}"
s13_di_1,behaviour_only,anger,high,"{""emotion"": ""anger"", ""intensity"": ""high""}"
s13_di_2,behaviour_only,sadness,low,"{""emotion"": ""sadness"", ""intensity"": ""moderate""}"
s13_di_3,behaviour_only,anger,high,"{""emotion"": ""anger"", ""intensity"": ""high""}"
s13_di_4,behaviour_only,anger,high,"{""emotion"": ""anger"", ""intensity"": ""high""}"
s13_di_5,behaviour_only,sadness,high,"{""emotion"": ""sadness"", ""intensity"": ""high""}"
s13_fe_1,behaviour_only,sadness,high,"{""emotion"": ""sadness"", ""intensity"": ""high""}"
s13_fe_2,behaviour_only,sadness,high,"{""emotion"": ""sadness"", ""intensity"": ""high""}"
s13_fe_3,behaviour_only,anger,low,"{""emotion"": ""anger"", ""intensity"": ""low""}"
s13_fe_4,behaviour_only,anger,low,"{""emotion"": ""anger"", ""intensity"": ""moderate""}"
s13_fe_5,behaviour_only,anger,high,"{""emotion"": ""anger"", ""intensity"": ""high""}"
s13_ha_1,behaviour_only,anger,high,"{""emotion"": ""anger"", ""intensity"": ""high""}"
s13_ha_2,behaviour_only,happiness,low,"{""emotion"": ""happiness"", ""intensity"": ""low""}"
s13_ha_3,behaviour_only,happiness,low,"{""emotion"": ""happiness"", ""intensity"": ""low""}"
s13_ha_4,behaviour_only,anger,high,"{""emotion"": ""anger"", ""intensity"": ""high""}"
s13_ha_5,behaviour_only,happiness,high,"{""emotion"": ""happiness"", ""intensity"": ""high""}"
s13_sa_1,behaviour_only,sadness,high,"{""emotion"": ""sadness"", ""intensity"": ""high""}"
s13_sa_2,behaviour_only,sadness,high,"{""emotion"": ""sadness"", ""intensity"": ""high""}"
s13_sa_3,behaviour_only,sadness,high,"{""emotion"": ""sadness"", ""intensity"": ""high""}"
s13_sa_4,behaviour_only,sadness,low,"{""emotion"": ""sadness"", ""intensity"": ""low""}"
s13_sa_5,behaviour_only,anger,high,"{""emotion"": ""anger"", ""intensity"": ""high""}"
s13_su_1,behaviour_only,,,"{""emotion"": ""none"", ""intensity"": ""none""}"
s13_su_2,behaviour_only,,,"{""emotion"": ""none"", ""intensity"": ""none""}"
s13_su_3,behaviour_only,anger,high,"{""emotion"": ""anger"", ""intensity"": ""high""}"
s13_su_4,behaviour_only,sadness,high,"{""emotion"": ""sadness"", ""intensity"": ""high""}"
s13_su_5,behaviour_only,anger,high,"{""emotion"": ""anger"", ""intensity"": ""high""}"
s14_an_1,behaviour_only,anger,high,"{""emotion"": ""anger"", ""intensity"": ""high""}"
s14_an_2,behaviour_only,happiness,high,"{""emotion"": ""happiness"", ""intensity"": ""high""}"
s14_an_3,behaviour_only,anger,high,"{""emotion"": ""anger"", ""intensity"": ""high""}"
s14_an_4,behaviour_only,anger,high,"{""emotion"": ""anger"", ""intensity"": ""high""}"
s14_an_5,behaviour_only,anger,high,"{""emotion"": ""anger"", ""intensity"": ""high""}"
s14_di_1,behaviour_only,fear,high,"{""emotion"": ""fear"", ""intensity"": ""high""}"
s14_di_2,behaviour_only,sadness,low,"{""emotion"": ""sadness"", ""intensity"": ""low""}"
s14_di_3,behaviour_only,anger,high,"{""emotion"": ""anger"", ""intensity"": ""high""}"
s14_di_4,behaviour_only,anger,high,"{""emotion"": ""anger"", ""intensity"": ""high""}"
s14_di_5,behaviour_only,sadness,high,"{""emotion"": ""sadness"", ""intensity"": ""high""}"
s14_fe_1,behaviour_only,fear,high,"{""emotion"": ""fear"", ""intensity"": ""high""}"
s14_fe_2,behaviour_only,sadness,high,"{""emotion"": ""sadness"", ""intensity"": ""high""}"
s14_fe_3,behaviour_only,anger,high,"{""emotion"": ""anger"", ""intensity"": ""high""}"
s14_fe_4,behaviour_only,sadness,low,"{""emotion"": ""sadness"", ""intensity"": ""low""}"
s14_fe_5,behaviour_only,anger,high,"{""emotion"": ""anger"", ""intensity"": ""high""}"
s14_ha_1,behaviour_only,happiness,low,"{""emotion"": ""happiness"", ""intensity"": ""low""}"
s14_ha_2,behaviour_only,anger,high,"{""emotion"": ""anger"", ""intensity"": ""high""}"
s14_ha_3,behaviour_only,fear,high,"{""emotion"": ""fear"", ""intensity"": ""high""}"
s14_ha_4,behaviour_only,fear,high,"{""emotion"": ""fear"", ""intensity"": ""high""}"
s14_ha_5,behaviour_only,sadness,high,"{""emotion"": ""sadness"", ""intensity"": ""high""}"
s14_sa_1,behaviour_only,sadness,high,"{""emotion"": ""sadness"", ""intensity"": ""high""}"
s14_sa_2,behaviour_only,sadness,high,"{""emotion"": ""sadness"", ""intensity"": ""high""}"
s14_sa_3,behaviour_only,sadness,low,"{""emotion"": ""sadness"", ""intensity"": ""low""}"
s14_sa_4,behaviour_only,sadness,high,"{""emotion"": ""sadness"", ""intensity"": ""high""}"
s14_sa_5,behaviour_only,fear,high,"{""emotion"": ""fear"", ""intensity"": ""high""}"
s14_su_1,behaviour_only,sadness,low,"{""emotion"": ""sadness"", ""intensity"": ""low""}"
s14_su_2,behaviour_only,sadness,high,"{""emotion"": ""sadness"", ""intensity"": ""high""}"
s14_su_3,behaviour_only,sadness,low,"{""emotion"": ""sadness"", ""intensity"": ""low""}"
s14_su_4,behaviour_only,sadness,high,"{""emotion"": ""sadness"", ""intensity"": ""high""}"
s14_su_5,behaviour_only,sadness,low,"{""emotion"": ""sadness"", ""intensity"": ""low""}"
s15_an_1,behaviour_only,anger,high,"{""emotion"": ""anger"", ""intensity"": ""high""}"
s15_an_2,behaviour_only,anger,high,"{""emotion"": ""anger"", ""intensity"": ""high""}"
s15_an_3,behaviour_only,fear,high,"{""emotion"": ""fear"", ""intensity"": ""high""}"
s15_an_4,behaviour_only,anger,high,"{""emotion"": ""anger"", ""intensity"": ""high""}"
s15_an_5,behaviour_only,fear,high,"{""emotion"": ""fear"", ""intensity"": ""high""}"
s15_di_1,behaviour_only,happiness,low,"{""emotion"": ""happiness"", ""intensity"": ""low""}"
s15_di_2,behaviour_only,sadness,low,"{""emotion"": ""sadness"", ""intensity"": ""moderate""}"
s15_di_3,behaviour_only,sadness,high,"{""emotion"": ""sadness"", ""intensity"": ""high""}"
s15_di_4,behaviour_only,sadness,high,"{""emotion"": ""sadness"", ""intensity"": ""high""}"
s15_di_5,behaviour_only,sadness,low,"{""emotion"": ""sadness"", ""intensity"": ""moderate""}"
s15_fe_1,behaviour_only,sadness,low,"{""emotion"": ""sadness"", ""intensity"": ""low""}"
s15_fe_2,behaviour_only,sadness,low,"{""emotion"": ""sadness"", ""intensity"": ""low""}"
s15_fe_3,behaviour_only,sadness,low,"{""emotion"": ""sadness"", ""intensity"": ""low""}"
s15_fe_4,behaviour_only,surprise,high,"{""emotion"": ""surprise"", ""intensity"": ""high""}"
s15_fe_5,behaviour_only,surprise,low,"{""emotion"": ""surprise"", ""intensity"": ""low""}"
s15_ha_1,behaviour_only,happiness,low,"{""emotion"": ""happiness"", ""intensity"": ""moderate""}"
s15_ha_2,behaviour_only,happiness,high,"{""emotion"": ""happiness"", ""intensity"": ""high""}"
s15_ha_3,behaviour_only,surprise,high,"{""emotion"": ""surprise"", ""intensity"": ""high""}"
s15_ha_4,behaviour_only,happiness,high,"{""emotion"": ""happiness"", ""intensity"": ""high""}"
s15_ha_5,behaviour_only,surprise,high,"{""emotion"": ""surprise"", ""intensity"": ""high""}"
s15_sa_1,behaviour_only,fear,high,"{""emotion"": ""fear"", ""intensity"": ""high""}"
s15_sa_2,behaviour_only,sadness,high,"{""emotion"": ""sadness"", ""intensity"": ""high""}"
s15_sa_3,behaviour_only,sadness,high,"{""emotion"": ""sadness"", ""intensity"": ""high""}"
s15_sa_4,behaviour_only,sadness,low,"{""emotion"": ""sadness"", ""intensity"": ""low""}"
s15_sa_5,behaviour_only,sadness,high,"{""emotion"": ""sadness"", ""intensity"": ""high""}"
s15_su_1,behaviour_only,sadness,low,"{""emotion"": ""sadness"", ""intensity"": ""low""}"
s15_su_2,behaviour_only,sadness,high,"{""emotion"": ""sadness"", ""intensity"": ""high""}"
s15_su_3,behaviour_only,sadness,low,"{""emotion"": ""sadness"", ""intensity"": ""low""}"
s15_su_4,behaviour_only,surprise,low,"{""emotion"": ""surprise"", ""intensity"": ""low""}"
s15_su_5,behaviour_only,sadness,low,"{""emotion"": ""sadness"", ""intensity"": ""low""}"
s16_an_1,behaviour_only,disgust,low,"{""emotion"": ""disgust"", ""intensity"": ""moderate""}"
s16_an_2,behaviour_only,anger,high,"{""emotion"": ""anger"", ""intensity"": ""high""}"
s16_an_3,behaviour_only,disgust,low,"{""emotion"": ""disgust"", ""intensity"": ""moderate""}"
s16_an_4,behaviour_only,sadness,high,"{""emotion"": ""sadness"", ""intensity"": ""high""}"
s16_an_5,behaviour_only,disgust,low,"{""emotion"": ""disgust"", ""intensity"": ""moderate""}"
s16_di_1,behaviour_only,happiness,high,"{""emotion"": ""happiness"", ""intensity"": ""high""}"
s16_di_2,behaviour_only,anger,high,"{""emotion"": ""anger"", ""intensity"": ""high""}"
s16_di_3,behaviour_only,happiness,high,"{""emotion"": ""happiness"", ""intensity"": ""high""}"
s16_di_4,behaviour_only,sadness,high,"{""emotion"": ""sadness"", ""intensity"": ""high""}"
s16_di_5,behaviour_only,sadness,high,"{""emotion"": ""sadness"", ""intensity"": ""high""}"
s16_fe_1,behaviour_only,happiness,low,"{""emotion"": ""happiness"", ""intensity"": ""low""}"
s16_fe_2,behaviour_only,happiness,low,"{""emotion"": ""happiness"", ""intensity"": ""low""}"
s16_fe_3,behaviour_only,happiness,low,"{""emotion"": ""happiness"", ""intensity"": ""low""}"
s16_fe_4,behaviour_only,disgust,high,"{""emotion"": ""disgust"", ""intensity"": ""high""}"
s16_fe_5,behaviour_only,happiness,low,"{""emotion"": ""happiness"", ""intensity"": ""low""}"
s16_ha_1,behaviour_only,surprise,high,"{""emotion"": ""surprise"", ""intensity"": ""high""}"
s16_ha_2,behaviour_only,happiness,high,"{""emotion"": ""happiness"", ""intensity"": ""high""}"
s16_ha_3,behaviour_only,happiness,high,"{""emotion"": ""happiness"", ""intensity"": ""high""}"
s16_ha_4,behaviour_only,happiness,high,"{""emotion"": ""happiness"", ""intensity"": ""high""}"
s16_ha_5,behaviour_only,disgust,low,"{""emotion"": ""disgust"", ""intensity"": ""moderate""}"
s16_sa_1,behaviour_only,sadness,low,"{""emotion"": ""sadness"", ""intensity"": ""low""}"
s16_sa_2,behaviour_only,disgust,low,"{""emotion"": ""disgust"", ""intensity"": ""moderate""}"
s16_sa_3,behaviour_only,sadness,high,"{""emotion"": ""sadness"", ""intensity"": ""high""}"
s16_sa_4,behaviour_only,disgust,high,"{""emotion"": ""disgust"", ""intensity"": ""high""}"
s16_sa_5,behaviour_only,sadness,low,"{""emotion"": ""sadness"", ""intensity"": ""moderate""}"
s16_su_1,behaviour_only,fear,high,"{""emotion"": ""fear"", ""intensity"": ""high""}"
s16_su_2,behaviour_only,sadness,high,"{""emotion"": ""sadness"", ""intensity"": ""high""}"
s16_su_3avi,behaviour_only,sadness,low,"{""emotion"": ""sadness"", ""intensity"": ""low""}"
s16_su_4,behaviour_only,happiness,high,"{""emotion"": ""happiness"", ""intensity"": ""high""}"
s16_su_5,behaviour_only,happiness,low,"{""emotion"": ""happiness"", ""intensity"": ""low""}"
s17_an_1,behaviour_only,fear,high,"{""emotion"": ""fear"", ""intensity"": ""high""}"
s17_an_2,behaviour_only,sadness,high,"{""emotion"": ""sadness"", ""intensity"": ""high""}"
s17_an_3,behaviour_only,anger,high,"{""emotion"": ""anger"", ""intensity"": ""high""}"
s17_an_4,behaviour_only,fear,low,"{""emotion"": ""fear"", ""intensity"": ""low""}"
s17_an_5,behaviour_only,sadness,low,"{""emotion"": ""sadness"", ""intensity"": ""moderate""}"
s17_di_1,behaviour_only,disgust,high,"{""emotion"": ""disgust"", ""intensity"": ""high""}"
s17_di_2,behaviour_only,happiness,high,"{""emotion"": ""happiness"", ""intensity"": ""high""}"
s17_di_3,behaviour_only,happiness,high,"{""emotion"": ""happiness"", ""intensity"": ""high""}"
s17_di_4,behaviour_only,sadness,high,"{""emotion"": ""sadness"", ""intensity"": ""high""}"
s17_di_5,behaviour_only,happiness,high,"{""emotion"": ""happiness"", ""intensity"": ""high""}"
s17_fe_1,behaviour_only,sadness,high,"{""emotion"": ""sadness"", ""intensity"": ""high""}"
s17_fe_2,behaviour_only,sadness,high,"{""emotion"": ""sadness"", ""intensity"": ""high""}"
s17_fe_3,behaviour_only,happiness,low,"{""emotion"": ""happiness"", ""intensity"": ""moderate""}"
s17_fe_4,behaviour_only,fear,high,"{""emotion"": ""fear"", ""intensity"": ""high""}"
s17_fe_5,behaviour_only,happiness,low,"{""emotion"": ""happiness"", ""intensity"": ""moderate""}"
s17_ha_1,behaviour_only,sadness,high,"{""emotion"": ""sadness"", ""intensity"": ""high""}"
s17_ha_2,behaviour_only,happiness,high,"{""emotion"": ""happiness"", ""intensity"": ""high""}"
s17_ha_3,behaviour_only,happiness,high,"{""emotion"": ""happiness"", ""intensity"": ""high""}"
s17_ha_4,behaviour_only,happiness,low,"{""emotion"": ""happiness"", ""intensity"": ""low""}"
s17_ha_5,behaviour_only,happiness,low,"{""emotion"": ""happiness"", ""intensity"": ""low""}"
s17_sa_1,behaviour_only,sadness,low,"{""emotion"": ""sadness"", ""intensity"": ""moderate""}"
s17_sa_2,behaviour_only,sadness,low,"{""emotion"": ""sadness"", ""intensity"": ""low""}"
s17_sa_3,behaviour_only,happiness,low,"{""emotion"": ""happiness"", ""intensity"": ""low""}"
s17_sa_4,behaviour_only,happiness,high,"{""emotion"": ""happiness"", ""intensity"": ""high""}"
s17_sa_5,behaviour_only,happiness,low,"{""emotion"": ""happiness"", ""intensity"": ""low""}"
s17_su_1,behaviour_only,fear,high,"{""emotion"": ""fear"", ""intensity"": ""high""}"
s17_su_2,behaviour_only,sadness,high,"{""emotion"": ""sadness"", ""intensity"": ""high""}"
s17_su_3,behaviour_only,sadness,high,"{""emotion"": ""sadness"", ""intensity"": ""high""}"
s17_su_4,behaviour_only,sadness,low,"{""emotion"": ""sadness"", ""intensity"": ""low""}"
s17_su_5,behaviour_only,anger,high,"{""emotion"": ""anger"", ""intensity"": ""high""}"
s18_an_1,behaviour_only,happiness,low,"{""emotion"": ""happiness"", ""intensity"": ""moderate""}"
s18_an_2,behaviour_only,disgust,low,"{""emotion"": ""disgust"", ""intensity"": ""moderate""}"
s18_an_3,behaviour_only,happiness,low,"{""emotion"": ""happiness"", ""intensity"": ""low""}"
s18_an_4,behaviour_only,sadness,high,"{""emotion"": ""sadness"", ""intensity"": ""high""}"
s18_an_5,behaviour_only,disgust,low,"{""emotion"": ""disgust"", ""intensity"": ""moderate""}"
s18_di_1,behaviour_only,disgust,high,"{""emotion"": ""disgust"", ""intensity"": ""high""}"
s18_di_2,behaviour_only,sadness,high,"{""emotion"": ""sadness"", ""intensity"": ""high""}"
s18_di_3,behaviour_only,sadness,high,"{""emotion"": ""sadness"", ""intensity"": ""high""}"
s18_di_4,behaviour_only,happiness,low,"{""emotion"": ""happiness"", ""intensity"": ""low""}"
s18_di_5,behaviour_only,sadness,high,"{""emotion"": ""sadness"", ""intensity"": ""high""}"
s18_fe_1,behaviour_only,sadness,high,"{""emotion"": ""sadness"", ""intensity"": ""high""}"
s18_fe_2,behaviour_only,disgust,low,"{""emotion"": ""disgust"", ""intensity"": ""low""}"
s18_fe_3,behaviour_only,fear,high,"{""emotion"": ""fear"", ""intensity"": ""high""}"
s18_fe_4,behaviour_only,surprise,high,"{""emotion"": ""surprise"", ""intensity"": ""high""}"
s18_fe_5,behaviour_only,anger,high,"{""emotion"": ""anger"", ""intensity"": ""high""}"
s18_ha_1,behaviour_only,happiness,high,"{""emotion"": ""happiness"", ""intensity"": ""high""}"
s18_ha_2,behaviour_only,surprise,high,"{""emotion"": ""surprise"", ""intensity"": ""high""}"
s18_ha_3,behaviour_only,sadness,high,"{""emotion"": ""sadness"", ""intensity"": ""high""}"
s18_ha_4,behaviour_only,happiness,high,"{""emotion"": ""happiness"", ""intensity"": ""high""}"
s18_ha_5,behaviour_only,happiness,high,"{""emotion"": ""happiness"", ""intensity"": ""high""}"
s18_sa_1,behaviour_only,sadness,low,"{""emotion"": ""sadness"", ""intensity"": ""low""}"
s18_sa_2,behaviour_only,sadness,high,"{""emotion"": ""sadness"", ""intensity"": ""high""}"
s18_sa_3,behaviour_only,happiness,low,"{""emotion"": ""happiness"", ""intensity"": ""low""}"
s18_sa_4,behaviour_only,sadness,high,"{""emotion"": ""sadness"", ""intensity"": ""high""}"
s18_sa_5,behaviour_only,anger,high,"{""emotion"": ""anger"", ""intensity"": ""high""}"
s18_su_1,behaviour_only,fear,high,"{""emotion"": ""fear"", ""intensity"": ""high""}"
s18_su_2,behaviour_only,anger,high,"{""emotion"": ""anger"", ""intensity"": ""high""}"
s18_su_3,behaviour_only,happiness,low,"{""emotion"": ""happiness"", ""intensity"": ""low""}"
s18_su_4,behaviour_only,happiness,low,"{""emotion"": ""happiness"", ""intensity"": ""low""}"
s18_su_5,behaviour_only,disgust,high,"{""emotion"": ""disgust"", ""intensity"": ""high""}"
s19_an_1,behaviour_only,anger,high,"{""emotion"": ""anger"", ""intensity"": ""high""}"
s19_an_2,behaviour_only,surprise,high,"{""emotion"": ""surprise"", ""intensity"": ""high""}"
s19_an_3,behaviour_only,anger,high,"{""emotion"": ""anger"", ""intensity"": ""high""}"
s19_an_4,behaviour_only,anger,high,"{""emotion"": ""anger"", ""intensity"": ""high""}"
s19_an_5,behaviour_only,anger,high,"{""emotion"": ""anger"", ""intensity"": ""high""}"
s19_di_1,behaviour_only,happiness,low,"{""emotion"": ""happiness"", ""intensity"": ""low""}"
s19_di_2,behaviour_only,surprise,high,"{""emotion"": ""surprise"", ""intensity"": ""high""}"
s19_di_3,behaviour_only,anger,high,"{""emotion"": ""anger"", ""intensity"": ""high""}"
s19_di_4,behaviour_only,happiness,low,"{""emotion"": ""happiness"", ""intensity"": ""low""}"
s19_di_5,behaviour_only,sadness,high,"{""emotion"": ""sadness"", ""intensity"": ""high""}"
s19_fe_1,behaviour_only,surprise,low,"{""emotion"": ""surprise"", ""intensity"": ""low""}"
s19_fe_2,behaviour_only,sadness,low,"{""emotion"": ""sadness"", ""intensity"": ""low""}"
s19_fe_3,behaviour_only,surprise,low,"{""emotion"": ""surprise"", ""intensity"": ""low""}"
s19_fe_4,behaviour_only,sadness,low,"{""emotion"": ""sadness"", ""intensity"": ""low""}"
s19_fe_5,behaviour_only,sadness,low,"{""emotion"": ""sadness"", ""intensity"": ""low""}"
s19_ha_1,behaviour_only,happiness,low,"{""emotion"": ""happiness"", ""intensity"": ""low""}"
s19_ha_2,behaviour_only,happiness,low,"{""emotion"": ""happiness"", ""intensity"": ""low""}"
s19_ha_3,behaviour_only,surprise,low,"{""emotion"": ""surprise"", ""intensity"": ""moderate""}"
s19_ha_4,behaviour_only,surprise,low,"{""emotion"": ""surprise"", ""intensity"": ""low""}"
s19_ha_5,behaviour_only,happiness,low,"{""emotion"": ""happiness"", ""intensity"": ""low""}"
s19_sa_1,behaviour_only,sadness,low,"{""emotion"": ""sadness"", ""intensity"": ""low""}"
s19_sa_2,behaviour_only,sadness,high,"{""emotion"": ""sadness"", ""intensity"": ""high""}"
s19_sa_3,behaviour_only,sadness,high,"{""emotion"": ""sadness"", ""intensity"": ""high""}"
s19_sa_4,behaviour_only,sadness,low,"{""emotion"": ""sadness"", ""intensity"": ""low""}"
s19_sa_5,behaviour_only,sadness,high,"{""emotion"": ""sadness"", ""intensity"": ""high""}"
s19_su_1,behaviour_only,anger,high,"{""emotion"": ""anger"", ""intensity"": ""high""}"
s19_su_2,behaviour_only,happiness,low,"{""emotion"": ""happiness"", ""intensity"": ""low""}"
s19_su_3,behaviour_only,anger,low,"{""emotion"": ""anger"", ""intensity"": ""moderate""}"
s19_su_4,behaviour_only,,,"{""emotion"": ""neutral"", ""intensity"": ""none""}"
s19_su_5,behaviour_only,sadness,low,"{""emotion"": ""sadness"", ""intensity"": ""low""}"
s1_an_1,behaviour_only,happiness,high,"{""emotion"": ""happiness"", ""intensity"": ""high""}"
s1_an_2,behaviour_only,anger,low,"{""emotion"": ""anger"", ""intensity"": ""low""}"
s1_an_3,behaviour_only,sadness,low,"{""emotion"": ""sadness"", ""intensity"": ""low""}"
s1_an_4,behaviour_only,fear,high,"{""emotion"": ""fear"", ""intensity"": ""high""}"
s1_an_5,behaviour_only,happiness,high,"{""emotion"": ""happiness"", ""intensity"": ""high""}"
s1_di_1,behaviour_only,sadness,high,"{""emotion"": ""sadness"", ""intensity"": ""high""}"
s1_di_2,behaviour_only,sadness,low,"{""emotion"": ""sadness"", ""intensity"": ""low""}"
s1_di_3,behaviour_only,sadness,low,"{""emotion"": ""sadness"", ""intensity"": ""low""}"
s1_di_4,behaviour_only,sadness,high,"{""emotion"": ""sadness"", ""intensity"": ""high""}"
s1_di_5,behaviour_only,sadness,high,"{""emotion"": ""sadness"", ""intensity"": ""high""}"
s1_fe_1,behaviour_only,anger,high,"{""emotion"": ""anger"", ""intensity"": ""high""}"
s1_fe_2,behaviour_only,disgust,high,"{""emotion"": ""disgust"", ""intensity"": ""high""}"
s1_fe_3,behaviour_only,disgust,low,"{""emotion"": ""disgust"", ""intensity"": ""moderate""}"
s1_fe_4,behaviour_only,disgust,low,"{""emotion"": ""disgust"", ""intensity"": ""moderate""}"
s1_fe_5,behaviour_only,disgust,high,"{""emotion"": ""disgust"", ""intensity"": ""high""}"
s1_ha_1,behaviour_only,happiness,low,"{""emotion"": ""happiness"", ""intensity"": ""moderate""}"
s1_ha_2,behaviour_only,happiness,low,"{""emotion"": ""happiness"", ""intensity"": ""low""}"
s1_ha_3,behaviour_only,happiness,high,"{""emotion"": ""happiness"", ""intensity"": ""high""}"
s1_ha_4,behaviour_only,happiness,low,"{""emotion"": ""happiness"", ""intensity"": ""moderate""}"
s1_ha_5,behaviour_only,happiness,low,"{""emotion"": ""happiness"", ""intensity"": ""moderate""}"
s1_sa_1,behaviour_only,anger,high,"{""emotion"": ""anger"", ""intensity"": ""high""}"
s1_sa_2,behaviour_only,sadness,high,"{""emotion"": ""sadness"", ""intensity"": ""high""}"
s1_sa_3,behaviour_only,sadness,high,"{""emotion"": ""sadness"", ""intensity"": ""high""}"
s1_sa_4,behaviour_only,sadness,high,"{""emotion"": ""sadness"", ""intensity"": ""high""}"
s1_sa_5,behaviour_only,disgust,high,"{""emotion"": ""disgust"", ""intensity"": ""high""}"
s1_su_1,behaviour_only,,,"{""emotion"": ""neutral"", ""intensity"": ""none""}"
s1_su_2,behaviour_only,happiness,low,"{""emotion"": ""happiness"", ""intensity"": ""low""}"
s1_su_3,behaviour_only,happiness,low,"{""emotion"": ""happiness"", ""intensity"": ""low""}"
s1_su_4,behaviour_only,happiness,low,"{""emotion"": ""happiness"", ""intensity"": ""low""}"
s1_su_5,behaviour_only,surprise,low,"{""emotion"": ""surprise"", ""intensity"": ""moderate""}"
s20_an_1,behaviour_only,anger,high,"{""emotion"": ""anger"", ""intensity"": ""high""}"
s20_an_2,behaviour_only,anger,high,"{""emotion"": ""anger"", ""intensity"": ""high""}"
s20_an_3,behaviour_only,anger,high,"{""emotion"": ""anger"", ""intensity"": ""high""}"
s20_an_4,behaviour_only,happiness,low,"{""emotion"": ""happiness"", ""intensity"": ""low""}"
s20_an_5,behaviour_only,anger,high,"{""emotion"": ""anger"", ""intensity"": ""high""}"
s20_di_1,behaviour_only,sadness,low,"{""emotion"": ""sadness"", ""intensity"": ""low""}"
s20_di_2,behaviour_only,sadness,high,"{""emotion"": ""sadness"", ""intensity"": ""high""}"
s20_di_3,behaviour_only,sadness,high,"{""emotion"": ""sadness"", ""intensity"": ""high""}"
s20_di_4,behaviour_only,sadness,high,"{""emotion"": ""sadness"", ""intensity"": ""high""}"
s20_di_5,behaviour_only,sadness,high,"{""emotion"": ""sadness"", ""intensity"": ""high""}"
s20_fe_1,behaviour_only,anger,high,"{""emotion"": ""anger"", ""intensity"": ""high""}"
s20_fe_2,behaviour_only,anger,high,"{""emotion"": ""anger"", ""intensity"": ""high""}"
s20_fe_3,behaviour_only,anger,high,"{""emotion"": ""anger"", ""intensity"": ""high""}"
s20_fe_4,behaviour_only,anger,high,"{""emotion"": ""anger"", ""intensity"": ""high""}"
s20_fe_5,behaviour_only,fear,high,"{""emotion"": ""fear"", ""intensity"": ""high""}"
s20_ha_1,behaviour_only,anger,high,"{""emotion"": ""anger"", ""intensity"": ""high""}"
s20_ha_2,behaviour_only,surprise,low,"{""emotion"": ""surprise"", ""intensity"": ""moderate""}"
s20_ha_3,behaviour_only,fear,high,"{""emotion"": ""fear"", ""intensity"": ""high""}"
s20_ha_4,behaviour_only,sadness,high,"{""emotion"": ""sadness"", ""intensity"": ""high""}"
s20_ha_5,behaviour_only,anger,high,"{""emotion"": ""anger"", ""intensity"": ""high""}"
s20_sa_1,behaviour_only,sadness,high,"{""emotion"": ""sadness"", ""intensity"": ""high""}"
s20_sa_2,behaviour_only,anger,high,"{""emotion"": ""anger"", ""intensity"": ""high""}"
s20_sa_3,behaviour_only,sadness,low,"{""emotion"": ""sadness"", ""intensity"": ""low""}"
s20_sa_4,behaviour_only,sadness,high,"{""emotion"": ""sadness"", ""intensity"": ""high""}"
s20_sa_5,behaviour_only,anger,high,"{""emotion"": ""anger"", ""intensity"": ""high""}"
s20_su_1,behaviour_only,fear,high,"{""emotion"": ""fear"", ""intensity"": ""high""}"
s20_su_2,behaviour_only,sadness,low,"{""emotion"": ""sadness"", ""intensity"": ""low""}"
s20_su_3,behaviour_only,sadness,high,"{""emotion"": ""sadness"", ""intensity"": ""high""}"
s20_su_4,behaviour_only,anger,high,"{""emotion"": ""anger"", ""intensity"": ""high""}"
s20_su_5,behaviour_only,anger,high,"{""emotion"": ""anger"", ""intensity"": ""high""}"
s21_an_1,behaviour_only,happiness,low,"{""emotion"": ""happiness"", ""intensity"": ""low""}"
s21_an_2,behaviour_only,anger,low,"{""emotion"": ""anger"", ""intensity"": ""moderate""}"
s21_an_3,behaviour_only,happiness,low,"{""emotion"": ""happiness"", ""intensity"": ""low""}"
s21_an_4,behaviour_only,anger,high,"{""emotion"": ""anger"", ""intensity"": ""high""}"
s21_an_5,behaviour_only,anger,high,"{""emotion"": ""anger"", ""intensity"": ""high""}"
s21_di_1,behaviour_only,anger,low,"{""emotion"": ""anger"", ""intensity"": ""low""}"
s21_di_2,behaviour_only,anger,high,"{""emotion"": ""anger"", ""intensity"": ""high""}"
s21_di_3,behaviour_only,anger,high,"{""emotion"": ""anger"", ""intensity"": ""high""}"
s21_di_4,behaviour_only,fear,high,"{""emotion"": ""fear"", ""intensity"": ""high""}"
s21_di_5,behaviour_only,sadness,high,"{""emotion"": ""sadness"", ""intensity"": ""high""}"
s21_fe_1,behaviour_only,fear,low,"{""emotion"": ""fear"", ""intensity"": ""low""}"
s21_fe_2,behaviour_only,sadness,low,"{""emotion"": ""sadness"", ""intensity"": ""low""}"
s21_fe_3,behaviour_only,sadness,low,"{""emotion"": ""sadness"", ""intensity"": ""low""}"
s21_fe_4,behaviour_only,anger,low,"{""emotion"": ""anger"", ""intensity"": ""low""}"
s21_fe_5,behaviour_only,anger,low,"{""emotion"": ""anger"", ""intensity"": ""low""}"
s21_ha_1,behaviour_only,happiness,low,"{""emotion"": ""happiness"", ""intensity"": ""moderate""}"
s21_ha_2,behaviour_only,surprise,high,"{""emotion"": ""surprise"", ""intensity"": ""high""}"
s21_ha_3,behaviour_only,happiness,high,"{""emotion"": ""happiness"", ""intensity"": ""high""}"
s21_ha_4,behaviour_only,happiness,low,"{""emotion"": ""happiness"", ""intensity"": ""low""}"
s21_ha_5,behaviour_only,sadness,low,"{""emotion"": ""sadness"", ""intensity"": ""low""}"
s21_sa_1,behaviour_only,sadness,high,"{""emotion"": ""sadness"", ""intensity"": ""high""}"
s21_sa_2,behaviour_only,anger,high,"{""emotion"": ""anger"", ""intensity"": ""high""}"
s21_sa_3,behaviour_only,sadness,high,"{""emotion"": ""sadness"", ""intensity"": ""high""}"
s21_sa_4,behaviour_only,fear,high,"{""emotion"": ""fear"", ""intensity"": ""high""}"
s21_sa_5,behaviour_only,anger,high,"{""emotion"": ""anger"", ""intensity"": ""high""}"
s21_su_1,behaviour_only,fear,high,"{""emotion"": ""fear"", ""intensity"": ""high""}"
s21_su_2,behaviour_only,sadness,high,"{""emotion"": ""sadness"", ""intensity"": ""high""}"
s21_su_3,behaviour_only,sadness,low,"{""emotion"": ""sadness"", ""intensity"": ""low""}"
s21_su_4,behaviour_only,surprise,low,"{""emotion"": ""surprise"", ""intensity"": ""low""}"
s21_su_5,behaviour_only,sadness,low,"{""emotion"": ""sadness"", ""intensity"": ""low""}"
s22_an_1,behaviour_only,happiness,low,"{""emotion"": ""happiness"", ""intensity"": ""low""}"
s22_an_2,behaviour_only,happiness,high,"{""emotion"": ""happiness"", ""intensity"": ""high""}"
s22_an_3,behaviour_only,happiness,high,"{""emotion"": ""happiness"", ""intensity"": ""high""}"
s22_an_4,behaviour_only,anger,high,"{""emotion"": ""anger"", ""intensity"": ""high""}"
s22_an_5,behaviour_only,anger,high,"{""emotion"": ""anger"", ""intensity"": ""high""}"
s22_di_1,behaviour_only,sadness,low,"{""emotion"": ""sadness"", ""intensity"": ""moderate""}"
s22_di_2,behaviour_only,happiness,high,"{""emotion"": ""happiness"", ""intensity"": ""high""}"
s22_di_3,behaviour_only,happiness,high,"{""emotion"": ""happiness"", ""intensity"": ""high""}"
s22_di_4,behaviour_only,anger,high,"{""emotion"": ""anger"", ""intensity"": ""high""}"
s22_di_5,behaviour_only,happiness,high,"{""emotion"": ""happiness"", ""intensity"": ""high""}"
s22_fe_1,behaviour_only,happiness,high,"{""emotion"": ""happiness"", ""intensity"": ""high""}"
s22_fe_2,behaviour_only,sadness,high,"{""emotion"": ""sadness"", ""intensity"": ""high""}"
s22_fe_3,behaviour_only,anger,high,"{""emotion"": ""anger"", ""intensity"": ""high""}"
s22_fe_4,behaviour_only,anger,high,"{""emotion"": ""anger"", ""intensity"": ""high""}"
s22_fe_5,behaviour_only,fear,high,"{""emotion"": ""fear"", ""intensity"": ""high""}"
s22_ha_1,behaviour_only,happiness,low,"{""emotion"": ""happiness"", ""intensity"": ""low""}"
s22_ha_2,behaviour_only,happiness,high,"{""emotion"": ""happiness"", ""intensity"": ""high""}"
s22_ha_3,behaviour_only,happiness,high,"{""emotion"": ""happiness"", ""intensity"": ""high""}"
s22_ha_4,behaviour_only,happiness,low,"{""emotion"": ""happiness"", ""intensity"": ""low""}"
s22_ha_5,behaviour_only,happiness,high,"{""emotion"": ""happiness"", ""intensity"": ""high""}"
s22_sa_1,behaviour_only,happiness,low,"{""emotion"": ""happiness"", ""intensity"": ""low""}"
s22_sa_2,behaviour_only,fear,high,"{""emotion"": ""fear"", ""intensity"": ""high""}"
s22_sa_3,behaviour_only,sadness,low,"{""emotion"": ""sadness"", ""intensity"": ""low""}"
s22_sa_4,behaviour_only,fear,high,"{""emotion"": ""fear"", ""intensity"": ""high""}"
s22_sa_5,behaviour_only,sadness,low,"{""emotion"": ""sadness"", ""intensity"": ""low""}"
s22_su_1,behaviour_only,surprise,high,"{""emotion"": ""surprise"", ""intensity"": ""high""}"
s22_su_2,behaviour_only,happiness,low,"{""emotion"": ""happiness"", ""intensity"": ""low""}"
s22_su_3,behaviour_only,anger,low,"{""emotion"": ""anger"", ""intensity"": ""low""}"
s22_su_4,behaviour_only,anger,high,"{""emotion"": ""anger"", ""intensity"": ""high""}"
s22_su_5,behaviour_only,happiness,low,"{""emotion"": ""happiness"", ""intensity"": ""moderate""}"
s23_an_1,behaviour_only,happiness,low,"{""emotion"": ""happiness"", ""intensity"": ""low""}"
s23_an_2,behaviour_only,happiness,low,"{""emotion"": ""happiness"", ""intensity"": ""low""}"
s23_an_3,behaviour_only,happiness,low,"{""emotion"": ""happiness"", ""intensity"": ""low""}"
s23_an_4,behaviour_only,anger,high,"{""emotion"": ""anger"", ""intensity"": ""high""}"
s23_an_5,behaviour_only,anger,high,"{""emotion"": ""anger"", ""intensity"": ""high""}"
s23_di_1,behaviour_only,happiness,low,"{""emotion"": ""happiness"", ""intensity"": ""low""}"
s23_di_2,behaviour_only,anger,high,"{""emotion"": ""anger"", ""intensity"": ""high""}"
s23_di_3,behaviour_only,happiness,high,"{""emotion"": ""happiness"", ""intensity"": ""high""}"
s23_di_4,behaviour_only,happiness,high,"{""emotion"": ""happiness"", ""intensity"": ""high""}"
s23_di_5,behaviour_only,sadness,high,"{""emotion"": ""sadness"", ""intensity"": ""high""}"
s23_fe_1,behaviour_only,sadness,low,"{""emotion"": ""sadness"", ""intensity"": ""low""}"
s23_fe_2,behaviour_only,happiness,low,"{""emotion"": ""happiness"", ""intensity"": ""low""}"
s23_fe_3,behaviour_only,happiness,low,"{""emotion"": ""happiness"", ""intensity"": ""low""}"
s23_fe_4,behaviour_only,anger,high,"{""emotion"": ""anger"", ""intensity"": ""high""}"
s23_fe_5,behaviour_only,sadness,low,"{""emotion"": ""sadness"", ""intensity"": ""low""}"
s23_ha_4,behaviour_only,happiness,high,"{""emotion"": ""happiness"", ""intensity"": ""high""}"
s23_ha_5,behaviour_only,happiness,high,"{""emotion"": ""happiness"", ""intensity"": ""high""}"
s23_sa_1,behaviour_only,fear,high,"{""emotion"": ""fear"", ""intensity"": ""high""}"
s23_sa_2,behaviour_only,sadness,low,"{""emotion"": ""sadness"", ""intensity"": ""low""}"
s23_sa_3,behaviour_only,sadness,low,"{""emotion"": ""sadness"", ""intensity"": ""low""}"
s23_sa_4,behaviour_only,sadness,low,"{""emotion"": ""sadness"", ""intensity"": ""low""}"
s23_sa_5,behaviour_only,fear,high,"{""emotion"": ""fear"", ""intensity"": ""high""}"
s23_su_1,behaviour_only,happiness,low,"{""emotion"": ""happiness"", ""intensity"": ""low""}"
s23_su_2,behaviour_only,happiness,low,"{""emotion"": ""happiness"", ""intensity"": ""moderate""}"
s23_su_3,behaviour_only,happiness,low,"{""emotion"": ""happiness"", ""intensity"": ""low""}"
s23_su_4,behaviour_only,happiness,low,"{""emotion"": ""happiness"", ""intensity"": ""low""}"
s23_su_5,behaviour_only,surprise,high,"{""emotion"": ""surprise"", ""intensity"": ""high""}"
s24_an_1,behaviour_only,happiness,low,"{""emotion"": ""happiness"", ""intensity"": ""low""}"
s24_an_2,behaviour_only,anger,high,"{""emotion"": ""anger"", ""intensity"": ""high""}"
s24_an_3,behaviour_only,sadness,low,"{""emotion"": ""sadness"", ""intensity"": ""low""}"
s24_an_4,behaviour_only,happiness,high,"{""emotion"": ""happiness"", ""intensity"": ""high""}"
s24_an_5,behaviour_only,sadness,high,"{""emotion"": ""sadness"", ""intensity"": ""high""}"
s24_di_1,behaviour_only,sadness,high,"{""emotion"": ""sadness"", ""intensity"": ""high""}"
s24_di_2,behaviour_only,anger,low,"{""emotion"": ""anger"", ""intensity"": ""low""}"
s24_di_3,behaviour_only,happiness,low,"{""emotion"": ""happiness"", ""intensity"": ""low""}"
s24_di_4,behaviour_only,happiness,high,"{""emotion"": ""happiness"", ""intensity"": ""high""}"
s24_di_5,behaviour_only,sadness,high,"{""emotion"": ""sadness"", ""intensity"": ""high""}"
s24_fe_1,behaviour_only,sadness,low,"{""emotion"": ""sadness"", ""intensity"": ""low""}"
s24_fe_2,behaviour_only,sadness,high,"{""emotion"": ""sadness"", ""intensity"": ""high""}"
s24_fe_3,behaviour_only,sadness,low,"{""emotion"": ""sadness"", ""intensity"": ""low""}"
s24_fe_4,behaviour_only,fear,high,"{""emotion"": ""fear"", ""intensity"": ""high""}"
s24_fe_5,behaviour_only,happiness,high,"{""emotion"": ""happiness"", ""intensity"": ""high""}"
s24_ha_1,behaviour_only,anger,high,"{""emotion"": ""anger"", ""intensity"": ""high""}"
s24_ha_2,behaviour_only,happiness,low,"{""emotion"": ""happiness"", ""intensity"": ""moderate""}"
s24_ha_3,behaviour_only,fear,high,"{""emotion"": ""fear"", ""intensity"": ""high""}"
s24_ha_4,behaviour_only,sadness,low,"{""emotion"": ""sadness"", ""intensity"": ""low""}"
s24_ha_5,behaviour_only,sadness,low,"{""emotion"": ""sadness"", ""intensity"": ""low""}"
s24_sa_1,behaviour_only,sadness,low,"{""emotion"": ""sadness"", ""intensity"": ""low""}"
s24_sa_2,behaviour_only,sadness,low,"{""emotion"": ""sadness"", ""intensity"": ""low""}"
s24_sa_3,behaviour_only,,,"{""emotion"": ""none"", ""intensity"": ""none""}"
s24_sa_4,behaviour_only,disgust,low,"{""emotion"": ""disgust"", ""intensity"": ""low""}"
s24_sa_5,behaviour_only,,,"{""emotion"": ""none"", ""intensity"": ""none""}"
s24_su_1,behaviour_only,sadness,low,"{""emotion"": ""sadness"", ""intensity"": ""low""}"
s24_su_2,behaviour_only,fear,high,"{""emotion"": ""fear"", ""intensity"": ""high""}"
s24_su_3,behaviour_only,,,"{""emotion"": ""none"", ""intensity"": ""none""}"
s24_su_4,behaviour_only,disgust,low,"{""emotion"": ""disgust"", ""intensity"": ""low""}"
s24_su_5,behaviour_only,sadness,low,"{""emotion"": ""sadness"", ""intensity"": ""low""}"
s25_an_1,behaviour_only,happiness,high,"{""emotion"": ""happiness"", ""intensity"": ""high""}"
s25_an_2,behaviour_only,happiness,low,"{""emotion"": ""happiness"", ""intensity"": ""moderate""}"
s25_an_3,behaviour_only,anger,high,"{""emotion"": ""anger"", ""intensity"": ""high""}"
s25_an_4,behaviour_only,anger,high,"{""emotion"": ""anger"", ""intensity"": ""high""}"
s25_an_5,behaviour_only,anger,high,"{""emotion"": ""anger"", ""intensity"": ""high""}"
s25_di_1,behaviour_only,disgust,high,"{""emotion"": ""disgust"", ""intensity"": ""high""}"
s25_di_2,behaviour_only,anger,high,"{""emotion"": ""anger"", ""intensity"": ""high""}"
s25_di_3,behaviour_only,disgust,high,"{""emotion"": ""disgust"", ""intensity"": ""high""}"
s25_di_4,behaviour_only,happiness,low,"{""emotion"": ""happiness"", ""intensity"": ""moderate""}"
s25_di_5,behaviour_only,sadness,low,"{""emotion"": ""sadness"", ""intensity"": ""moderate""}"
s25_fe_1,behaviour_only,fear,high,"{""emotion"": ""fear"", ""intensity"": ""high""}"
s25_fe_2,behaviour_only,sadness,low,"{""emotion"": ""sadness"", ""intensity"": ""low""}"
s25_fe_3,behaviour_only,disgust,high,"{""emotion"": ""disgust"", ""intensity"": ""high""}"
s25_fe_4,behaviour_only,anger,high,"{""emotion"": ""anger"", ""intensity"": ""high""}"
s25_fe_5,behaviour_only,anger,high,"{""emotion"": ""anger"", ""intensity"": ""high""}"
s25_ha_1,behaviour_only,sadness,low,"{""emotion"": ""sadness"", ""intensity"": ""moderate""}"
s25_ha_2,behaviour_only,happiness,high,"{""emotion"": ""happiness"", ""intensity"": ""high""}"
s25_ha_3,behaviour_only,happiness,high,"{""emotion"": ""happiness"", ""intensity"": ""high""}"
s25_ha_4,behaviour_only,happiness,high,"{""emotion"": ""happiness"", ""intensity"": ""high""}"
s25_ha_5,behaviour_only,happiness,high,"{""emotion"": ""happiness"", ""intensity"": ""high""}"
s25_sa_1,behaviour_only,disgust,high,"{""emotion"": ""disgust"", ""intensity"": ""high""}"
s25_sa_2,behaviour_only,anger,high,"{""emotion"": ""anger"", ""intensity"": ""high""}"
s25_sa_3,behaviour_only,disgust,low,"{""emotion"": ""disgust"", ""intensity"": ""moderate""}"
s25_sa_4,behaviour_only,happiness,low,"{""emotion"": ""happiness"", ""intensity"": ""moderate""}"
s25_sa_5,behaviour_only,anger,high,"{""emotion"": ""anger"", ""intensity"": ""high""}"
s25_su_1,behaviour_only,fear,high,"{""emotion"": ""fear"", ""intensity"": ""high""}"
s25_su_2,behaviour_only,happiness,high,"{""emotion"": ""happiness"", ""intensity"": ""high""}"
s25_su_3,behaviour_only,anger,high,"{""emotion"": ""anger"", ""intensity"": ""high""}"
s25_su_4,behaviour_only,happiness,low,"{""emotion"": ""happiness"", ""intensity"": ""low""}"
s25_su_5,behaviour_only,anger,high,"{""emotion"": ""anger"", ""intensity"": ""high""}"
s26_an_1,behaviour_only,happiness,low,"{""emotion"": ""happiness"", ""intensity"": ""low""}"
s26_an_2,behaviour_only,anger,low,"{""emotion"": ""anger"", ""intensity"": ""low""}"
s26_an_3,behaviour_only,anger,high,"{""emotion"": ""anger"", ""intensity"": ""high""}"
s26_an_4,behaviour_only,anger,high,"{""emotion"": ""anger"", ""intensity"": ""high""}"
s26_an_5,behaviour_only,anger,high,"{""emotion"": ""anger"", ""intensity"": ""high""}"
s26_di_1,behaviour_only,anger,high,"{""emotion"": ""anger"", ""intensity"": ""high""}"
s26_di_2,behaviour_only,happiness,high,"{""emotion"": ""happiness"", ""intensity"": ""high""}"
s26_di_3,behaviour_only,happiness,high,"{""emotion"": ""happiness"", ""intensity"": ""high""}"
s26_di_4,behaviour_only,happiness,high,"{""emotion"": ""happiness"", ""intensity"": ""high""}"
s26_di_5,behaviour_only,happiness,high,"{""emotion"": ""happiness"", ""intensity"": ""high""}"
s26_fe_1,behaviour_only,anger,high,"{""emotion"": ""anger"", ""intensity"": ""high""}"
s26_fe_2,behaviour_only,anger,high,"{""emotion"": ""anger"", ""intensity"": ""high""}"
s26_fe_3,behaviour_only,sadness,high,"{""emotion"": ""sadness"", ""intensity"": ""high""}"
s26_fe_4,behaviour_only,anger,high,"{""emotion"": ""anger"", ""intensity"": ""high""}"
s26_fe_5,behaviour_only,anger,high,"{""emotion"": ""anger"", ""intensity"": ""high""}"
s26_ha_1,behaviour_only,happiness,low,"{""emotion"": ""happiness"", ""intensity"": ""moderate""}"
s26_ha_2,behaviour_only,happiness,high,"{""emotion"": ""happiness"", ""intensity"": ""high""}"
s26_ha_3,behaviour_only,sadness,high,"{""emotion"": ""sadness"", ""intensity"": ""high""}"
s26_ha_4,behaviour_only,happiness,low,"{""emotion"": ""happiness"", ""intensity"": ""low""}"
s26_ha_5,behaviour_only,happiness,high,"{""emotion"": ""happiness"", ""intensity"": ""high""}"
s26_sa_1,behaviour_only,sadness,high,"{""emotion"": ""sadness"", ""intensity"": ""high""}"
s26_sa_2,behaviour_only,sadness,low,"{""emotion"": ""sadness"", ""intensity"": ""low""}"
s26_sa_3,behaviour_only,sadness,high,"{""emotion"": ""sadness"", ""intensity"": ""high""}"
s26_sa_4,behaviour_only,sadness,low,"{""emotion"": ""sadness"", ""intensity"": ""low""}"
s26_sa_5,behaviour_only,anger,low,"{""emotion"": ""anger"", ""intensity"": ""low""}"
s26_su_1,behaviour_only,anger,high,"{""emotion"": ""anger"", ""intensity"": ""high""}"
s26_su_2,behaviour_only,sadness,low,"{""emotion"": ""sadness"", ""intensity"": ""low""}"
s26_su_3,behaviour_only,sadness,high,"{""emotion"": ""sadness"", ""intensity"": ""high""}"
s26_su_4,behaviour_only,sadness,low,"{""emotion"": ""sadness"", ""intensity"": ""moderate""}"
s26_su_5,behaviour_only,sadness,high,"{""emotion"": ""sadness"", ""intensity"": ""high""}"
s27_an_1,behaviour_only,anger,high,"{""emotion"": ""anger"", ""intensity"": ""high""}"
s27_an_2,behaviour_only,anger,high,"{""emotion"": ""anger"", ""intensity"": ""high""}"
s27_an_3,behaviour_only,anger,high,"{""emotion"": ""anger"", ""intensity"": ""high""}"
s27_an_4,behaviour_only,anger,high,"{""emotion"": ""anger"", ""intensity"": ""high""}"
s27_an_5,behaviour_only,anger,high,"{""emotion"": ""anger"", ""intensity"": ""high""}"
s27_di_1,behaviour_only,sadness,low,"{""emotion"": ""sadness"", ""intensity"": ""moderate""}"
s27_di_2,behaviour_only,happiness,high,"{""emotion"": ""happiness"", ""intensity"": ""high""}"
s27_di_3,behaviour_only,happiness,low,"{""emotion"": ""happiness"", ""intensity"": ""low""}"
s27_di_4,behaviour_only,sadness,high,"{""emotion"": ""sadness"", ""intensity"": ""high""}"
s27_di_5,behaviour_only,anger,high,"{""emotion"": ""anger"", ""intensity"": ""high""}"
s27_fe_1,behaviour_only,anger,high,"{""emotion"": ""anger"", ""intensity"": ""high""}"
s27_fe_2,behaviour_only,anger,high,"{""emotion"": ""anger"", ""intensity"": ""high""}"
s27_fe_3,behaviour_only,sadness,high,"{""emotion"": ""sadness"", ""intensity"": ""high""}"
s27_fe_4,behaviour_only,anger,high,"{""emotion"": ""anger"", ""intensity"": ""high""}"
s27_fe_5,behaviour_only,anger,high,"{""emotion"": ""anger"", ""intensity"": ""high""}"
s27_ha_1,behaviour_only,happiness,high,"{""emotion"": ""happiness"", ""intensity"": ""high""}"
s27_ha_2,behaviour_only,sadness,low,"{""emotion"": ""sadness"", ""intensity"": ""low""}"
s27_ha_3,behaviour_only,anger,high,"{""emotion"": ""anger"", ""intensity"": ""high""}"
s27_ha_4,behaviour_only,happiness,low,"{""emotion"": ""happiness"", ""intensity"": ""moderate""}"
s27_ha_5,behaviour_only,sadness,high,"{""emotion"": ""sadness"", ""intensity"": ""high""}"
s27_sa_1,behaviour_only,anger,high,"{""emotion"": ""anger"", ""intensity"": ""high""}"
s27_sa_2,behaviour_only,anger,high,"{""emotion"": ""anger"", ""intensity"": ""high""}"
s27_sa_3,behaviour_only,sadness,high,"{""emotion"": ""sadness"", ""intensity"": ""high""}"
s27_sa_4,behaviour_only,sadness,high,"{""emotion"": ""sadness"", ""intensity"": ""high""}"
s27_sa_5,behaviour_only,sadness,high,"{""emotion"": ""sadness"", ""intensity"": ""high""}"
s27_su_1,behaviour_only,anger,high,"{""emotion"": ""anger"", ""intensity"": ""high""}"
s27_su_2,behaviour_only,anger,high,"{""emotion"": ""anger"", ""intensity"": ""high""}"
s27_su_3,behaviour_only,sadness,high,"{""emotion"": ""sadness"", ""intensity"": ""high""}"
s27_su_4,behaviour_only,sadness,low,"{""emotion"": ""sadness"", ""intensity"": ""low""}"
s27_su_5,behaviour_only,sadness,high,"{""emotion"": ""sadness"", ""intensity"": ""high""}"
s28_an_1,behaviour_only,sadness,low,"{""emotion"": ""sadness"", ""intensity"": ""low""}"
s28_an_2,behaviour_only,disgust,low,"{""emotion"": ""disgust"", ""intensity"": ""low""}"
s28_an_3,behaviour_only,fear,high,"{""emotion"": ""fear"", ""intensity"": ""high""}"
s28_an_4,behaviour_only,surprise,low,"{""emotion"": ""surprise"", ""intensity"": ""low""}"
s28_an_5,behaviour_only,happiness,low,"{""emotion"": ""happiness"", ""intensity"": ""low""}"
s28_di_1,behaviour_only,sadness,low,"{""emotion"": ""sadness"", ""intensity"": ""low""}"
s28_di_2,behaviour_only,disgust,low,"{""emotion"": ""disgust"", ""intensity"": ""moderate""}"
s28_di_3,behaviour_only,sadness,high,"{""emotion"": ""sadness"", ""intensity"": ""high""}"
s28_di_4,behaviour_only,happiness,high,"{""emotion"": ""happiness"", ""intensity"": ""high""}"
s28_di_5,behaviour_only,disgust,high,"{""emotion"": ""disgust"", ""intensity"": ""high""}"
s28_fe_1,behaviour_only,surprise,high,"{""emotion"": ""surprise"", ""intensity"": ""high""}"
s28_fe_2,behaviour_only,disgust,low,"{""emotion"": ""disgust"", ""intensity"": ""low""}"
s28_fe_3,behaviour_only,happiness,low,"{""emotion"": ""happiness"", ""intensity"": ""low""}"
s28_fe_4,behaviour_only,sadness,low,"{""emotion"": ""sadness"", ""intensity"": ""low""}"
s28_fe_5,behaviour_only,,,"{""emotion"": ""neutral"", ""intensity"": ""none""}"
s28_ha_1,behaviour_only,happiness,high,"{""emotion"": ""happiness"", ""intensity"": ""high""}"
s28_ha_2,behaviour_only,anger,high,"{""emotion"": ""anger"", ""intensity"": ""high""}"
s28_ha_3,behaviour_only,surprise,low,"{""emotion"": ""surprise"", ""intensity"": ""moderate""}"
s28_ha_4,behaviour_only,sadness,high,"{""emotion"": ""sadness"", ""intensity"": ""high""}"
s28_ha_5,behaviour_only,happiness,low,"{""emotion"": ""happiness"", ""intensity"": ""low""}"
s28_sa_1,behaviour_only,sadness,low,"{""emotion"": ""sadness"", ""intensity"": ""low""}"
s28_sa_2,behaviour_only,,,"{""emotion"": ""none"", ""intensity"": ""none""}"
s28_sa_3,behaviour_only,happiness,low,"{""emotion"": ""happiness"", ""intensity"": ""low""}"
s28_sa_4,behaviour_only,disgust,low,"{""emotion"": ""disgust"", ""intensity"": ""low""}"
s28_sa_5,behaviour_only,sadness,low,"{""emotion"": ""sadness"", ""intensity"": ""low""}"
s28_su_1,behaviour_only,happiness,high,"{""emotion"": ""happiness"", ""intensity"": ""high""}"
s28_su_2,behaviour_only,,,"{""emotion"": ""neutral"", ""intensity"": ""none""}"
s28_su_3,behaviour_only,anger,high,"{""emotion"": ""anger"", ""intensity"": ""high""}"
s28_su_4,behaviour_only,happiness,high,"{""emotion"": ""happiness"", ""intensity"": ""high""}"
s28_su_5,behaviour_only,sadness,low,"{""emotion"": ""sadness"", ""intensity"": ""low""}"
s29_an_1,behaviour_only,happiness,low,"{""emotion"": ""happiness"", ""intensity"": ""low""}"
s29_an_2,behaviour_only,happiness,high,"{""emotion"": ""happiness"", ""intensity"": ""high""}"
s29_an_3,behaviour_only,happiness,high,"{""emotion"": ""happiness"", ""intensity"": ""high""}"
s29_an_4,behaviour_only,sadness,low,"{""emotion"": ""sadness"", ""intensity"": ""low""}"
s29_an_5,behaviour_only,happiness,low,"{""emotion"": ""happiness"", ""intensity"": ""low""}"
s29_di_1,behaviour_only,happiness,high,"{""emotion"": ""happiness"", ""intensity"": ""high""}"
s29_di_2,behaviour_only,happiness,high,"{""emotion"": ""happiness"", ""intensity"": ""high""}"
s29_di_3,behaviour_only,happiness,high,"{""emotion"": ""happiness"", ""intensity"": ""high""}"
s29_di_4,behaviour_only,happiness,high,"{""emotion"": ""happiness"", ""intensity"": ""high""}"
s29_di_5,behaviour_only,happiness,high,"{""emotion"": ""happiness"", ""intensity"": ""high""}"
s29_fe_1,behaviour_only,happiness,low,"{""emotion"": ""happiness"", ""intensity"": ""moderate""}"
s29_fe_2,behaviour_only,happiness,low,"{""emotion"": ""happiness"", ""intensity"": ""low""}"
s29_fe_3,behaviour_only,happiness,high,"{""emotion"": ""happiness"", ""intensity"": ""high""}"
s29_fe_4,behaviour_only,happiness,low,"{""emotion"": ""happiness"", ""intensity"": ""low""}"
s29_fe_5,behaviour_only,happiness,low,"{""emotion"": ""happiness"", ""intensity"": ""moderate""}"
s29_ha_1,behaviour_only,happiness,high,"{""emotion"": ""happiness"", ""intensity"": ""high""}"
s29_ha_2,behaviour_only,surprise,high,"{""emotion"": ""surprise"", ""intensity"": ""high""}"
s29_ha_3,behaviour_only,happiness,high,"{""emotion"": ""happiness"", ""intensity"": ""high""}"
s29_ha_4,behaviour_only,happiness,low,"{""emotion"": ""happiness"", ""intensity"": ""low""}"
s29_ha_5,behaviour_only,disgust,low,"{""emotion"": ""disgust"", ""intensity"": ""low""}"
s29_sa_1,behaviour_only,happiness,low,"{""emotion"": ""happiness"", ""intensity"": ""low""}"
s29_sa_2,behaviour_only,happiness,low,"{""emotion"": ""happiness"", ""intensity"": ""low""}"
s29_sa_3,behaviour_only,happiness,low,"{""emotion"": ""happiness"", ""intensity"": ""low""}"
s29_sa_4,behaviour_only,sadness,low,"{""emotion"": ""sadness"", ""intensity"": ""low""}"
s29_sa_5,behaviour_only,happiness,high,"{""emotion"": ""happiness"", ""intensity"": ""high""}"
s29_su_1,behaviour_only,happiness,low,"{""emotion"": ""happiness"", ""intensity"": ""moderate""}"
s29_su_2,behaviour_only,surprise,high,"{""emotion"": ""surprise"", ""intensity"": ""high""}"
s29_su_3,behaviour_only,sadness,low,"{""emotion"": ""sadness"", ""intensity"": ""low""}"
s29_su_4,behaviour_only,happiness,high,"{""emotion"": ""happiness"", ""intensity"": ""high""}"
s29_su_5,behaviour_only,sadness,low,"{""emotion"": ""sadness"", ""intensity"": ""low""}"
s2_an_1,behaviour_only,sadness,low,"{""emotion"": ""sadness"", ""intensity"": ""moderate""}"
s2_an_2,behaviour_only,anger,high,"{""emotion"": ""anger"", ""intensity"": ""high""}"
s2_an_3,behaviour_only,happiness,low,"{""emotion"": ""happiness"", ""intensity"": ""low""}"
s2_an_4,behaviour_only,sadness,low,"{""emotion"": ""sadness"", ""intensity"": ""low""}"
s2_an_5,behaviour_only,anger,high,"{""emotion"": ""anger"", ""intensity"": ""high""}"
s2_di_1,behaviour_only,disgust,high,"{""emotion"": ""disgust"", ""intensity"": ""high""}"
s2_di_2,behaviour_only,sadness,low,"{""emotion"": ""sadness"", ""intensity"": ""low""}"
s2_di_3,behaviour_only,sadness,high,"{""emotion"": ""sadness"", ""intensity"": ""high""}"
s2_di_4,behaviour_only,sadness,high,"{""emotion"": ""sadness"", ""intensity"": ""high""}"
s2_di_5,behaviour_only,sadness,low,"{""emotion"": ""sadness"", ""intensity"": ""low""}"
s2_fe_1,behaviour_only,fear,high,"{""emotion"": ""fear"", ""intensity"": ""high""}"
s2_fe_2,behaviour_only,sadness,low,"{""emotion"": ""sadness"", ""intensity"": ""low""}"
s2_fe_3,behaviour_only,sadness,low,"{""emotion"": ""sadness"", ""intensity"": ""low""}"
s2_fe_4,behaviour_only,fear,high,"{""emotion"": ""fear"", ""intensity"": ""high""}"
s2_fe_5,behaviour_only,sadness,low,"{""emotion"": ""sadness"", ""intensity"": ""low""}"
s2_ha_1,behaviour_only,happiness,high,"{""emotion"": ""happiness"", ""intensity"": ""high""}"
s2_ha_2,behaviour_only,surprise,low,"{""emotion"": ""surprise"", ""intensity"": ""moderate""}"
s2_ha_3,behaviour_only,happiness,low,"{""emotion"": ""happiness"", ""intensity"": ""moderate""}"
s2_ha_4,behaviour_only,fear,high,"{""emotion"": ""fear"", ""intensity"": ""high""}"
s2_ha_5,behaviour_only,surprise,high,"{""emotion"": ""surprise"", ""intensity"": ""high""}"
s2_sa_1,behaviour_only,sadness,low,"{""emotion"": ""sadness"", ""intensity"": ""moderate""}"
s2_sa_2,behaviour_only,happiness,low,"{""emotion"": ""happiness"", ""intensity"": ""low""}"
s2_sa_3,behaviour_only,fear,low,"{""emotion"": ""fear"", ""intensity"": ""low""}"
s2_sa_4,behaviour_only,sadness,low,"{""emotion"": ""sadness"", ""intensity"": ""low""}"
s2_sa_5,behaviour_only,sadness,high,"{""emotion"": ""sadness"", ""intensity"": ""high""}"
s2_su_1,behaviour_only,surprise,high,"{""emotion"": ""surprise"", ""intensity"": ""high""}"
s2_su_2,behaviour_only,sadness,high,"{""emotion"": ""sadness"", ""intensity"": ""high""}"
s2_su_3,behaviour_only,sadness,high,"{""emotion"": ""sadness"", ""intensity"": ""high""}"
s2_su_4,behaviour_only,sadness,high,"{""emotion"": ""sadness"", ""intensity"": ""high""}"
s2_su_5,behaviour_only,sadness,high,"{""emotion"": ""sadness"", ""intensity"": ""high""}"
s30_an_1,behaviour_only,sadness,high,"{""emotion"": ""sadness"", ""intensity"": ""high""}"
s30_an_2,behaviour_only,sadness,high,"{""emotion"": ""sadness"", ""intensity"": ""high""}"
s30_an_3,behaviour_only,anger,high,"{""emotion"": ""anger"", ""intensity"": ""high""}"
s30_an_4,behaviour_only,anger,high,"{""emotion"": ""anger"", ""intensity"": ""high""}"
s30_an_5,behaviour_only,sadness,low,"{""emotion"": ""sadness"", ""intensity"": ""low""}"
s30_di_1,behaviour_only,anger,high,"{""emotion"": ""anger"", ""intensity"": ""high""}"
s30_di_2,behaviour_only,anger,high,"{""emotion"": ""anger"", ""intensity"": ""high""}"
s30_di_3,behaviour_only,fear,high,"{""emotion"": ""fear"", ""intensity"": ""high""}"
s30_di_4,behaviour_only,sadness,high,"{""emotion"": ""sadness"", ""intensity"": ""high""}"
s30_di_5,behaviour_only,sadness,high,"{""emotion"": ""sadness"", ""intensity"": ""high""}"
s30_fe_1,behaviour_only,anger,high,"{""emotion"": ""anger"", ""intensity"": ""high""}"
s30_fe_2,behaviour_only,sadness,high,"{""emotion"": ""sadness"", ""intensity"": ""high""}"
s30_fe_3,behaviour_only,anger,high,"{""emotion"": ""anger"", ""intensity"": ""high""}"
s30_fe_4,behaviour_only,happiness,low,"{""emotion"": ""happiness"", ""intensity"": ""low""}"
s30_fe_5,behaviour_only,fear,high,"{""emotion"": ""fear"", ""intensity"": ""high""}"
s30_ha_1,behaviour_only,anger,high,"{""emotion"": ""anger"", ""intensity"": ""high""}"
s30_ha_2,behaviour_only,anger,high,"{""emotion"": ""anger"", ""intensity"": ""high""}"
s30_ha_3,behaviour_only,surprise,high,"{""emotion"": ""surprise"", ""intensity"": ""high""}"
s30_ha_4,behaviour_only,sadness,high,"{""emotion"": ""sadness"", ""intensity"": ""high""}"
s30_ha_5,behaviour_only,sadness,low,"{""emotion"": ""sadness"", ""intensity"": ""low""}"
s30_sa_1,behaviour_only,sadness,high,"{""emotion"": ""sadness"", ""intensity"": ""high""}"
s30_sa_2,behaviour_only,fear,high,"{""emotion"": ""fear"", ""intensity"": ""high""}"
s30_sa_3,behaviour_only,anger,low,"{""emotion"": ""anger"", ""intensity"": ""moderate""}"
s30_sa_4,behaviour_only,sadness,high,"{""emotion"": ""sadness"", ""intensity"": ""high""}"
s30_sa_5,behaviour_only,fear,high,"{""emotion"": ""fear"", ""intensity"": ""high""}"
s30_su_1,behaviour_only,anger,low,"{""emotion"": ""anger"", ""intensity"": ""low""}"
s30_su_2,behaviour_only,happiness,high,"{""emotion"": ""happiness"", ""intensity"": ""high""}"
s30_su_3,behaviour_only,happiness,high,"{""emotion"": ""happiness"", ""intensity"": ""high""}"
s30_su_4,behaviour_only,anger,low,"{""emotion"": ""anger"", ""intensity"": ""low""}"
s30_su_5,behaviour_only,anger,high,"{""emotion"": ""anger"", ""intensity"": ""high""}"
s31_an_1,behaviour_only,happiness,low,"{""emotion"": ""happiness"", ""intensity"": ""low""}"
s31_an_2,behaviour_only,anger,high,"{""emotion"": ""anger"", ""intensity"": ""high""}"
s31_an_3,behaviour_only,happiness,high,"{""emotion"": ""happiness"", ""intensity"": ""high""}"
s31_an_4,behaviour_only,happiness,high,"{""emotion"": ""happiness"", ""intensity"": ""high""}"
s31_an_5,behaviour_only,happiness,high,"{""emotion"": ""happiness"", ""intensity"": ""high""}"
s31_di_1,behaviour_only,happiness,low,"{""emotion"": ""happiness"", ""intensity"": ""moderate""}"
s31_di_2,behaviour_only,happiness,high,"{""emotion"": ""happiness"", ""intensity"": ""high""}"
s31_di_3,behaviour_only,happiness,high,"{""emotion"": ""happiness"", ""intensity"": ""high""}"
s31_di_4,behaviour_only,happiness,low,"{""emotion"": ""happiness"", ""intensity"": ""low""}"
s31_di_5,behaviour_only,happiness,low,"{""emotion"": ""happiness"", ""intensity"": ""low""}"
s31_fe_1,behaviour_only,happiness,high,"{""emotion"": ""happiness"", ""intensity"": ""high""}"
s31_fe_2,behaviour_only,sadness,high,"{""emotion"": ""sadness"", ""intensity"": ""high""}"
s31_fe_3,behaviour_only,sadness,high,"{""emotion"": ""sadness"", ""intensity"": ""high""}"
s31_fe_4,behaviour_only,fear,high,"{""emotion"": ""fear"", ""intensity"": ""high""}"
s31_fe_5,behaviour_only,happiness,low,"{""emotion"": ""happiness"", ""intensity"": ""low""}"
s31_ha_1,behaviour_only,happiness,low,"{""emotion"": ""happiness"", ""intensity"": ""low""}"
s31_ha_2,behaviour_only,happiness,high,"{""emotion"": ""happiness"", ""intensity"": ""high""}"
s31_ha_3,behaviour_only,happiness,low,"{""emotion"": ""happiness"", ""intensity"": ""low""}"
s31_ha_4,behaviour_only,happiness,high,"{""emotion"": ""happiness"", ""intensity"": ""high""}"
s31_ha_5,behaviour_only,sadness,high,"{""emotion"": ""sadness"", ""intensity"": ""high""}"
s31_sa_1,behaviour_only,sadness,low,"{""emotion"": ""sadness"", ""intensity"": ""low""}"
s31_sa_2,behaviour_only,,,"{""emotion"": ""none"", ""intensity"": ""none""}"
s31_sa_3,behaviour_only,sadness,low,"{""emotion"": ""sadness"", ""intensity"": ""low""}"
s31_sa_4,behaviour_only,sadness,high,"{""emotion"": ""sadness"", ""intensity"": ""high""}"
s31_sa_5,behaviour_only,sadness,low,"{""emotion"": ""sadness"", ""intensity"": ""low""}"
s31_su_1,behaviour_only,happiness,low,"{""emotion"": ""happiness"", ""intensity"": ""low""}"
s31_su_2,behaviour_only,happiness,low,"{""emotion"": ""happiness"", ""intensity"": ""low""}"
s31_su_3,behaviour_only,happiness,low,"{""emotion"": ""happiness"", ""intensity"": ""low""}"
s31_su_4,behaviour_only,happiness,low,"{""emotion"": ""happiness"", ""intensity"": ""low""}"
s31_su_5,behaviour_only,surprise,low,"{""emotion"": ""surprise"", ""intensity"": ""low""}"
s32_an_1,behaviour_only,anger,high,"{""emotion"": ""anger"", ""intensity"": ""high""}"
s32_an_2,behaviour_only,anger,high,"{""emotion"": ""anger"", ""intensity"": ""high""}"
s32_an_3,behaviour_only,anger,high,"{""emotion"": ""anger"", ""intensity"": ""high""}"
s32_an_4,behaviour_only,anger,high,"{""emotion"": ""anger"", ""intensity"": ""high""}"
s32_an_5,behaviour_only,anger,high,"{""emotion"": ""anger"", ""intensity"": ""high""}"
s32_di_1,behaviour_only,sadness,high,"{""emotion"": ""sadness"", ""intensity"": ""high""}"
s32_di_2,behaviour_only,happiness,low,"{""emotion"": ""happiness"", ""intensity"": ""low""}"
s32_di_3,behaviour_only,happiness,high,"{""emotion"": ""happiness"", ""intensity"": ""high""}"
s32_di_4,behaviour_only,happiness,high,"{""emotion"": ""happiness"", ""intensity"": ""high""}"
s32_di_5,behaviour_only,happiness,low,"{""emotion"": ""happiness"", ""intensity"": ""low""}"
s32_fe_1,behaviour_only,sadness,low,"{""emotion"": ""sadness"", ""intensity"": ""low""}"
s32_fe_2,behaviour_only,anger,high,"{""emotion"": ""anger"", ""intensity"": ""high""}"
s32_fe_3,behaviour_only,sadness,high,"{""emotion"": ""sadness"", ""intensity"": ""high""}"
s32_fe_4,behaviour_only,fear,low,"{""emotion"": ""fear"", ""intensity"": ""low""}"
s32_fe_5,behaviour_only,disgust,high,"{""emotion"": ""disgust"", ""intensity"": ""high""}"
s32_ha_1,behaviour_only,happiness,high,"{""emotion"": ""happiness"", ""intensity"": ""high""}"
s32_ha_2,behaviour_only,happiness,high,"{""emotion"": ""happiness"", ""intensity"": ""high""}"
s32_ha_3,behaviour_only,happiness,high,"{""emotion"": ""happiness"", ""intensity"": ""high""}"
s32_ha_4,behaviour_only,happiness,high,"{""emotion"": ""happiness"", ""intensity"": ""high""}"
s32_ha_5,behaviour_only,surprise,low,"{""emotion"": ""surprise"", ""intensity"": ""low""}"
s32_sa_1,behaviour_only,sadness,high,"{""emotion"": ""sadness"", ""intensity"": ""high""}"
s32_sa_2,behaviour_only,sadness,high,"{""emotion"": ""sadness"", ""intensity"": ""high""}"
s32_sa_3,behaviour_only,sadness,high,"{""emotion"": ""sadness"", ""intensity"": ""high""}"
s32_sa_4,behaviour_only,sadness,high,"{""emotion"": ""sadness"", ""intensity"": ""high""}"
s32_sa_5,behaviour_only,sadness,high,"{""emotion"": ""sadness"", ""intensity"": ""high""}"
s32_su_1,behaviour_only,anger,high,"{""emotion"": ""anger"", ""intensity"": ""high""}"
s32_su_2,behaviour_only,disgust,high,"{""emotion"": ""disgust"", ""intensity"": ""high""}"
s32_su_3,behaviour_only,sadness,high,"{""emotion"": ""sadness"", ""intensity"": ""high""}"
s32_su_4,behaviour_only,sadness,high,"{""emotion"": ""sadness"", ""intensity"": ""high""}"
s32_su_5,behaviour_only,sadness,high,"{""emotion"": ""sadness"", ""intensity"": ""high""}"
s33_an_1,behaviour_only,happiness,high,"{""emotion"": ""happiness"", ""intensity"": ""high""}"
s33_an_2,behaviour_only,sadness,high,"{""emotion"": ""sadness"", ""intensity"": ""high""}"
s33_an_3,behaviour_only,sadness,low,"{""emotion"": ""sadness"", ""intensity"": ""low""}"
s33_an_4,behaviour_only,anger,high,"{""emotion"": ""anger"", ""intensity"": ""high""}"
s33_an_5,behaviour_only,sadness,low,"{""emotion"": ""sadness"", ""intensity"": ""low""}"
s33_di_1,behaviour_only,disgust,low,"{""emotion"": ""disgust"", ""intensity"": ""moderate""}"
s33_di_2,behaviour_only,fear,high,"{""emotion"": ""fear"", ""intensity"": ""high""}"
s33_di_3,behaviour_only,disgust,low,"{""emotion"": ""disgust"", ""intensity"": ""moderate""}"
s33_di_4,behaviour_only,sadness,high,"{""emotion"": ""sadness"", ""intensity"": ""high""}"
s33_di_5,behaviour_only,sadness,high,"{""emotion"": ""sadness"", ""intensity"": ""high""}"
s33_fe_1,behaviour_only,sadness,high,"{""emotion"": ""sadness"", ""intensity"": ""high""}"
s33_fe_2,behaviour_only,,,"{""emotion"": ""neutral"", ""intensity"": ""none""}"
s33_fe_3,behaviour_only,fear,high,"{""emotion"": ""fear"", ""intensity"": ""high""}"
s33_fe_4,behaviour_only,surprise,high,"{""emotion"": ""surprise"", ""intensity"": ""high""}"
s33_fe_5,behaviour_only,,,"{""emotion"": ""none"", ""intensity"": ""none""}"
s33_ha_1,behaviour_only,happiness,high,"{""emotion"": ""happiness"", ""intensity"": ""high""}"
s33_ha_2,behaviour_only,sadness,low,"{""emotion"": ""sadness"", ""intensity"": ""low""}"
s33_ha_3,behaviour_only,sadness,high,"{""emotion"": ""sadness"", ""intensity"": ""high""}"
s33_ha_4,behaviour_only,sadness,low,"{""emotion"": ""sadness"", ""intensity"": ""low""}"
s33_ha_5,behaviour_only,happiness,low,"{""emotion"": ""happiness"", ""intensity"": ""low""}"
s33_sa_1,behaviour_only,sadness,low,"{""emotion"": ""sadness"", ""intensity"": ""low""}"
s33_sa_2,behaviour_only,sadness,low,"{""emotion"": ""sadness"", ""intensity"": ""low""}"
s33_sa_3,behaviour_only,sadness,high,"{""emotion"": ""sadness"", ""intensity"": ""high""}"
s33_sa_4,behaviour_only,sadness,high,"{""emotion"": ""sadness"", ""intensity"": ""high""}"
s33_sa_5,behaviour_only,sadness,high,"{""emotion"": ""sadness"", ""intensity"": ""high""}"
s33_su_1,behaviour_only,anger,high,"{""emotion"": ""anger"", ""intensity"": ""high""}"
s33_su_2,behaviour_only,sadness,low,"{""emotion"": ""sadness"", ""intensity"": ""low""}"
s33_su_3,behaviour_only,disgust,low,"{""emotion"": ""disgust"", ""intensity"": ""low""}"
s33_su_4,behaviour_only,disgust,low,"{""emotion"": ""disgust"", ""intensity"": ""moderate""}"
s33_su_5,behaviour_only,anger,high,"{""emotion"": ""anger"", ""intensity"": ""high""}"
s34_an_1,behaviour_only,disgust,low,"{""emotion"": ""disgust"", ""intensity"": ""low""}"
s34_an_2,behaviour_only,disgust,high,"{""emotion"": ""disgust"", ""intensity"": ""high""}"
s34_an_3,behaviour_only,happiness,low,"{""emotion"": ""happiness"", ""intensity"": ""low""}"
s34_an_4,behaviour_only,sadness,low,"{""emotion"": ""sadness"", ""intensity"": ""low""}"
s34_an_5,behaviour_only,sadness,low,"{""emotion"": ""sadness"", ""intensity"": ""low""}"
s34_di_1,behaviour_only,happiness,high,"{""emotion"": ""happiness"", ""intensity"": ""high""}"
s34_di_2,behaviour_only,happiness,low,"{""emotion"": ""happiness"", ""intensity"": ""moderate""}"
s34_di_3,behaviour_only,happiness,high,"{""emotion"": ""happiness"", ""intensity"": ""high""}"
s34_di_4,behaviour_only,happiness,high,"{""emotion"": ""happiness"", ""intensity"": ""high""}"
s34_di_5,behaviour_only,sadness,high,"{""emotion"": ""sadness"", ""intensity"": ""high""}"
s34_fe_1,behaviour_only,sadness,low,"{""emotion"": ""sadness"", ""intensity"": ""low""}"
s34_fe_2,behaviour_only,sadness,high,"{""emotion"": ""sadness"", ""intensity"": ""high""}"
s34_fe_3,behaviour_only,sadness,low,"{""emotion"": ""sadness"", ""intensity"": ""low""}"
s34_fe_4,behaviour_only,fear,high,"{""emotion"": ""fear"", ""intensity"": ""high""}"
s34_fe_5,behaviour_only,happiness,low,"{""emotion"": ""happiness"", ""intensity"": ""low""}"
s34_ha_1,behaviour_only,sadness,low,"{""emotion"": ""sadness"", ""intensity"": ""low""}"
s34_ha_2,behaviour_only,happiness,high,"{""emotion"": ""happiness"", ""intensity"": ""high""}"
s34_ha_3,behaviour_only,happiness,low,"{""emotion"": ""happiness"", ""intensity"": ""low""}"
s34_ha_4,behaviour_only,happiness,low,"{""emotion"": ""happiness"", ""intensity"": ""moderate""}"
s34_ha_5,behaviour_only,happiness,high,"{""emotion"": ""happiness"", ""intensity"": ""high""}"
s34_sa_1,behaviour_only,happiness,low,"{""emotion"": ""happiness"", ""intensity"": ""low""}"
s34_sa_2,behaviour_only,sadness,high,"{""emotion"": ""sadness"", ""intensity"": ""high""}"
s34_sa_3,behaviour_only,fear,high,"{""emotion"": ""fear"", ""intensity"": ""high""}"
s34_sa_4,behaviour_only,sadness,low,"{""emotion"": ""sadness"", ""intensity"": ""low""}"
s34_sa_5,behaviour_only,sadness,low,"{""emotion"": ""sadness"", ""intensity"": ""low""}"
s34_su_1,behaviour_only,disgust,high,"{""emotion"": ""disgust"", ""intensity"": ""high""}"
s34_su_2,behaviour_only,fear,high,"{""emotion"": ""fear"", ""intensity"": ""high""}"
s34_su_3,behaviour_only,sadness,low,"{""emotion"": ""sadness"", ""intensity"": ""low""}"
s34_su_4,behaviour_only,happiness,low,"{""emotion"": ""happiness"", ""intensity"": ""low""}"
s34_su_5,behaviour_only,anger,high,"{""emotion"": ""anger"", ""intensity"": ""high""}"
s35_an_1,behaviour_only,anger,high,"{""emotion"": ""anger"", ""intensity"": ""high""}"
s35_an_2,behaviour_only,anger,high,"{""emotion"": ""anger"", ""intensity"": ""high""}"
s35_an_3,behaviour_only,anger,high,"{""emotion"": ""anger"", ""intensity"": ""high""}"
s35_an_4,behaviour_only,anger,high,"{""emotion"": ""anger"", ""intensity"": ""high""}"
s35_an_5,behaviour_only,anger,high,"{""emotion"": ""anger"", ""intensity"": ""high""}"
s35_di_1,behaviour_only,anger,high,"{""emotion"": ""anger"", ""intensity"": ""high""}"
s35_di_2,behaviour_only,sadness,low,"{""emotion"": ""sadness"", ""intensity"": ""low""}"
s35_di_3,behaviour_only,happiness,high,"{""emotion"": ""happiness"", ""intensity"": ""high""}"
s35_di_4,behaviour_only,happiness,high,"{""emotion"": ""happiness"", ""intensity"": ""high""}"
s35_di_5,behaviour_only,anger,high,"{""emotion"": ""anger"", ""intensity"": ""high""}"
s35_fe_1,behaviour_only,anger,high,"{""emotion"": ""anger"", ""intensity"": ""high""}"
s35_fe_2,behaviour_only,sadness,low,"{""emotion"": ""sadness"", ""intensity"": ""low""}"
s35_fe_3,behaviour_only,anger,high,"{""emotion"": ""anger"", ""intensity"": ""high""}"
s35_fe_4,behaviour_only,anger,high,"{""emotion"": ""anger"", ""intensity"": ""high""}"
s35_fe_5,behaviour_only,anger,high,"{""emotion"": ""anger"", ""intensity"": ""high""}"
s35_ha_1,behaviour_only,anger,high,"{""emotion"": ""anger"", ""intensity"": ""high""}"
s35_ha_2,behaviour_only,anger,high,"{""emotion"": ""anger"", ""intensity"": ""high""}"
s35_ha_3,behaviour_only,happiness,high,"{""emotion"": ""happiness"", ""intensity"": ""high""}"
s35_ha_4,behaviour_only,happiness,low,"{""emotion"": ""happiness"", ""intensity"": ""moderate""}"
s35_ha_5,behaviour_only,happiness,high,"{""emotion"": ""happiness"", ""intensity"": ""high""}"
s35_sa_1,behaviour_only,sadness,high,"{""emotion"": ""sadness"", ""intensity"": ""high""}"
s35_sa_2,behaviour_only,sadness,high,"{""emotion"": ""sadness"", ""intensity"": ""high""}"
s35_sa_3,behaviour_only,sadness,high,"{""emotion"": ""sadness"", ""intensity"": ""high""}"
s35_sa_4,behaviour_only,sadness,high,"{""emotion"": ""sadness"", ""intensity"": ""high""}"
s35_sa_5,behaviour_only,sadness,high,"{""emotion"": ""sadness"", ""intensity"": ""high""}"
s35_su_1,behaviour_only,anger,high,"{""emotion"": ""anger"", ""intensity"": ""high""}"
s35_su_2,behaviour_only,sadness,low,"{""emotion"": ""sadness"", ""intensity"": ""low""}"
s35_su_3,behaviour_only,anger,high,"{""emotion"": ""anger"", ""intensity"": ""high""}"
s35_su_4,behaviour_only,surprise,low,"{""emotion"": ""surprise"", ""intensity"": ""low""}"
s35_su_5,behaviour_only,anger,high,"{""emotion"": ""anger"", ""intensity"": ""high""}"
s36_an_1,behaviour_only,surprise,high,"{""emotion"": ""surprise"", ""intensity"": ""high""}"
s36_an_2,behaviour_only,,,"{""emotion"": ""none"", ""intensity"": ""none""}"
s36_an_3,behaviour_only,anger,high,"{""emotion"": ""anger"", ""intensity"": ""high""}"
s36_an_4,behaviour_only,fear,high,"{""emotion"": ""fear"", ""intensity"": ""high""}"
s36_an_5,behaviour_only,,,"{""emotion"": ""none"", ""intensity"": ""none""}"
s36_di_1,behaviour_only,anger,high,"{""emotion"": ""anger"", ""intensity"": ""high""}"
s36_di_2,behaviour_only,sadness,low,"{""emotion"": ""sadness"", ""intensity"": ""low""}"
s36_di_3,behaviour_only,sadness,low,"{""emotion"": ""sadness"", ""intensity"": ""low""}"
s36_di_4,behaviour_only,sadness,high,"{""emotion"": ""sadness"", ""intensity"": ""high""}"
s36_di_5,behaviour_only,sadness,low,"{""emotion"": ""sadness"", ""intensity"": ""low""}"
s36_fe_1,behaviour_only,sadness,low,"{""emotion"": ""sadness"", ""intensity"": ""low""}"
s36_fe_2,behaviour_only,sadness,low,"{""emotion"": ""sadness"", ""intensity"": ""low""}"
s36_fe_3,behaviour_only,sadness,low,"{""emotion"": ""sadness"", ""intensity"": ""low""}"
s36_fe_4,behaviour_only,happiness,high,"{""emotion"": ""happiness"", ""intensity"": ""high""}"
s36_fe_5,behaviour_only,fear,high,"{""emotion"": ""fear"", ""intensity"": ""high""}"
s36_ha_1,behaviour_only,sadness,low,"{""emotion"": ""sadness"", ""intensity"": ""low""}"
s36_ha_2,behaviour_only,,,"{""emotion"": ""none"", ""intensity"": ""none""}"
s36_ha_3,behaviour_only,happiness,low,"{""emotion"": ""happiness"", ""intensity"": ""low""}"
s36_ha_4,behaviour_only,surprise,high,"{""emotion"": ""surprise"", ""intensity"": ""high""}"
s36_ha_5,behaviour_only,happiness,low,"{""emotion"": ""happiness"", ""intensity"": ""low""}"
s36_sa_1,behaviour_only,,,"{""emotion"": ""none"", ""intensity"": ""none""}"
s36_sa_2,behaviour_only,sadness,low,"{""emotion"": ""sadness"", ""intensity"": ""low""}"
s36_sa_3,behaviour_only,,,"{""emotion"": ""none"", ""intensity"": ""none""}"
s36_sa_4,behaviour_only,sadness,low,"{""emotion"": ""sadness"", ""intensity"": ""low""}"
s36_sa_5,behaviour_only,sadness,low,"{""emotion"": ""sadness"", ""intensity"": ""low""}"
s36_su_1,behaviour_only,happiness,high,"{""emotion"": ""happiness"", ""intensity"": ""high""}"
s36_su_2,behaviour_only,disgust,low,"{""emotion"": ""disgust"", ""intensity"": ""low""}"
s36_su_3,behaviour_only,surprise,low,"{""emotion"": ""surprise"", ""intensity"": ""low""}"
s36_su_4,behaviour_only,,,"{""emotion"": ""none"", ""intensity"": ""none""}"
s36_su_5,behaviour_only,fear,high,"{""emotion"": ""fear"", ""intensity"": ""high""}"
s37_an_1,behaviour_only,sadness,low,"{""emotion"": ""sadness"", ""intensity"": ""low""}"
s37_an_2,behaviour_only,anger,high,"{""emotion"": ""anger"", ""intensity"": ""high""}"
s37_an_3,behaviour_only,anger,high,"{""emotion"": ""anger"", ""intensity"": ""high""}"
s37_an_4,behaviour_only,anger,high,"{""emotion"": ""anger"", ""intensity"": ""high""}"
s37_an_5,behaviour_only,anger,low,"{""emotion"": ""anger"", ""intensity"": ""low""}"
s37_di_1,behaviour_only,happiness,low,"{""emotion"": ""happiness"", ""intensity"": ""low""}"
s37_di_2,behaviour_only,happiness,low,"{""emotion"": ""happiness"", ""intensity"": ""low""}"
s37_di_3,behaviour_only,fear,low,"{""emotion"": ""fear"", ""intensity"": ""low""}"
s37_di_4,behaviour_only,happiness,high,"{""emotion"": ""happiness"", ""intensity"": ""high""}"
s37_di_5,behaviour_only,sadness,high,"{""emotion"": ""sadness"", ""intensity"": ""high""}"
s37_fe_1,behaviour_only,sadness,low,"{""emotion"": ""sadness"", ""intensity"": ""low""}"
s37_fe_2,behaviour_only,sadness,low,"{""emotion"": ""sadness"", ""intensity"": ""low""}"
s37_fe_3,behaviour_only,sadness,low,"{""emotion"": ""sadness"", ""intensity"": ""low""}"
s37_fe_4,behaviour_only,sadness,low,"{""emotion"": ""sadness"", ""intensity"": ""low""}"
s37_fe_5,behaviour_only,surprise,low,"{""emotion"": ""surprise"", ""intensity"": ""low""}"
s37_ha_1,behaviour_only,happiness,low,"{""emotion"": ""happiness"", ""intensity"": ""moderate""}"
s37_ha_2,behaviour_only,happiness,high,"{""emotion"": ""happiness"", ""intensity"": ""high""}"
s37_ha_3,behaviour_only,happiness,high,"{""emotion"": ""happiness"", ""intensity"": ""high""}"
s37_ha_4,behaviour_only,fear,high,"{""emotion"": ""fear"", ""intensity"": ""high""}"
s37_ha_5,behaviour_only,happiness,high,"{""emotion"": ""happiness"", ""intensity"": ""high""}"
s37_sa_1,behaviour_only,sadness,high,"{""emotion"": ""sadness"", ""intensity"": ""high""}"
s37_sa_2,behaviour_only,sadness,low,"{""emotion"": ""sadness"", ""intensity"": ""low""}"
s37_sa_3,behaviour_only,sadness,high,"{""emotion"": ""sadness"", ""intensity"": ""high""}"
s37_sa_4,behaviour_only,happiness,low,"{""emotion"": ""happiness"", ""intensity"": ""low""}"
s37_sa_5,behaviour_only,happiness,high,"{""emotion"": ""happiness"", ""intensity"": ""high""}"
s37_su_1,behaviour_only,sadness,high,"{""emotion"": ""sadness"", ""intensity"": ""high""}"
s37_su_2,behaviour_only,happiness,high,"{""emotion"": ""happiness"", ""intensity"": ""high""}"
s37_su_3,behaviour_only,anger,high,"{""emotion"": ""anger"", ""intensity"": ""high""}"
s37_su_4,behaviour_only,happiness,high,"{""emotion"": ""happiness"", ""intensity"": ""high""}"
s37_su_5,behaviour_only,happiness,low,"{""emotion"": ""happiness"", ""intensity"": ""low""}"
s38_an_1,behaviour_only,sadness,high,"{""emotion"": ""sadness"", ""intensity"": ""high""}"
s38_an_2,behaviour_only,anger,high,"{""emotion"": ""anger"", ""intensity"": ""high""}"
s38_an_3,behaviour_only,anger,high,"{""emotion"": ""anger"", ""intensity"": ""high""}"
s38_an_4,behaviour_only,anger,high,"{""emotion"": ""anger"", ""intensity"": ""high""}"
s38_an_5,behaviour_only,anger,high,"{""emotion"": ""anger"", ""intensity"": ""high""}"
s38_di_1,behaviour_only,sadness,low,"{""emotion"": ""sadness"", ""intensity"": ""low""}"
s38_di_2,behaviour_only,sadness,low,"{""emotion"": ""sadness"", ""intensity"": ""low""}"
s38_di_3,behaviour_only,sadness,high,"{""emotion"": ""sadness"", ""intensity"": ""high""}"
s38_di_4,behaviour_only,anger,low,"{""emotion"": ""anger"", ""intensity"": ""moderate""}"
s38_di_5,behaviour_only,fear,low,"{""emotion"": ""fear"", ""intensity"": ""low""}"
s38_fe_1,behaviour_only,sadness,low,"{""emotion"": ""sadness"", ""intensity"": ""low""}"
s38_fe_2,behaviour_only,sadness,low,"{""emotion"": ""sadness"", ""intensity"": ""low""}"
s38_fe_3,behaviour_only,fear,low,"{""emotion"": ""fear"", ""intensity"": ""low""}"
s38_fe_4,behaviour_only,sadness,low,"{""emotion"": ""sadness"", ""intensity"": ""low""}"
s38_fe_5,behaviour_only,fear,high,"{""emotion"": ""fear"", ""intensity"": ""high""}"
s38_ha_1,behaviour_only,happiness,low,"{""emotion"": ""happiness"", ""intensity"": ""low""}"
s38_ha_2,behaviour_only,happiness,low,"{""emotion"": ""happiness"", ""intensity"": ""moderate""}"
s38_ha_3,behaviour_only,sadness,high,"{""emotion"": ""sadness"", ""intensity"": ""high""}"
s38_ha_4,behaviour_only,sadness,low,"{""emotion"": ""sadness"", ""intensity"": ""moderate""}"
s38_ha_5,behaviour_only,surprise,high,"{""emotion"": ""surprise"", ""intensity"": ""high""}"
s38_sa_1,behaviour_only,sadness,high,"{""emotion"": ""sadness"", ""intensity"": ""high""}"
s38_sa_2,behaviour_only,fear,low,"{""emotion"": ""fear"", ""intensity"": ""low""}"
s38_sa_3,behaviour_only,sadness,low,"{""emotion"": ""sadness"", ""intensity"": ""low""}"
s38_sa_4,behaviour_only,sadness,high,"{""emotion"": ""sadness"", ""intensity"": ""high""}"
s38_sa_5,behaviour_only,sadness,low,"{""emotion"": ""sadness"", ""intensity"": ""low""}"
s38_su_1,behaviour_only,happiness,high,"{""emotion"": ""happiness"", ""intensity"": ""high""}"
s38_su_2,behaviour_only,happiness,low,"{""emotion"": ""happiness"", ""intensity"": ""low""}"
s38_su_3,behaviour_only,sadness,high,"{""emotion"": ""sadness"", ""intensity"": ""high""}"
s38_su_4,behaviour_only,surprise,low,"{""emotion"": ""surprise"", ""intensity"": ""low""}"
s38_su_5,behaviour_only,sadness,high,"{""emotion"": ""sadness"", ""intensity"": ""high""}"
s39_an_1,behaviour_only,fear,high,"{""emotion"": ""fear"", ""intensity"": ""high""}"
s39_an_2,behaviour_only,happiness,high,"{""emotion"": ""happiness"", ""intensity"": ""high""}"
s39_an_3,behaviour_only,fear,high,"{""emotion"": ""fear"", ""intensity"": ""high""}"
s39_an_4,behaviour_only,happiness,high,"{""emotion"": ""happiness"", ""intensity"": ""high""}"
s39_an_5,behaviour_only,happiness,high,"{""emotion"": ""happiness"", ""intensity"": ""high""}"
s39_di_1,behaviour_only,anger,low,"{""emotion"": ""anger"", ""intensity"": ""moderate""}"
s39_di_2,behaviour_only,anger,high,"{""emotion"": ""anger"", ""intensity"": ""high""}"
s39_di_3,behaviour_only,anger,high,"{""emotion"": ""anger"", ""intensity"": ""high""}"
s39_di_4,behaviour_only,disgust,high,"{""emotion"": ""disgust"", ""intensity"": ""high""}"
s39_di_5,behaviour_only,sadness,low,"{""emotion"": ""sadness"", ""intensity"": ""low""}"
s39_fe_1,behaviour_only,happiness,high,"{""emotion"": ""happiness"", ""intensity"": ""high""}"
s39_fe_2,behaviour_only,sadness,low,"{""emotion"": ""sadness"", ""intensity"": ""low""}"
s39_fe_3,behaviour_only,happiness,low,"{""emotion"": ""happiness"", ""intensity"": ""low""}"
s39_fe_4,behaviour_only,sadness,low,"{""emotion"": ""sadness"", ""intensity"": ""low""}"
s39_fe_5,behaviour_only,happiness,high,"{""emotion"": ""happiness"", ""intensity"": ""high""}"
s39_ha_1,behaviour_only,happiness,high,"{""emotion"": ""happiness"", ""intensity"": ""high""}"
s39_ha_2,behaviour_only,surprise,high,"{""emotion"": ""surprise"", ""intensity"": ""high""}"
s39_ha_3,behaviour_only,sadness,low,"{""emotion"": ""sadness"", ""intensity"": ""low""}"
s39_ha_4,behaviour_only,sadness,high,"{""emotion"": ""sadness"", ""intensity"": ""high""}"
s39_ha_5,behaviour_only,disgust,high,"{""emotion"": ""disgust"", ""intensity"": ""high""}"
s39_sa_1,behaviour_only,sadness,low,"{""emotion"": ""sadness"", ""intensity"": ""low""}"
s39_sa_2,behaviour_only,sadness,low,"{""emotion"": ""sadness"", ""intensity"": ""low""}"
s39_sa_3,behaviour_only,sadness,low,"{""emotion"": ""sadness"", ""intensity"": ""low""}"
s39_sa_4,behaviour_only,sadness,low,"{""emotion"": ""sadness"", ""intensity"": ""low""}"
s39_sa_5,behaviour_only,sadness,low,"{""emotion"": ""sadness"", ""intensity"": ""low""}"
s39_su_1,behaviour_only,sadness,low,"{""emotion"": ""sadness"", ""intensity"": ""low""}"
s39_su_2,behaviour_only,surprise,low,"{""emotion"": ""surprise"", ""intensity"": ""low""}"
s39_su_3,behaviour_only,sadness,low,"{""emotion"": ""sadness"", ""intensity"": ""low""}"
s39_su_4,behaviour_only,sadness,low,"{""emotion"": ""sadness"", ""intensity"": ""moderate""}"
s39_su_5,behaviour_only,sadness,high,"{""emotion"": ""sadness"", ""intensity"": ""high""}"
s3_an_1,behaviour_only,sadness,low,"{""emotion"": ""sadness"", ""intensity"": ""low""}"
s3_an_2,behaviour_only,sadness,low,"{""emotion"": ""sadness"", ""intensity"": ""low""}"
s3_an_3,behaviour_only,happiness,high,"{""emotion"": ""happiness"", ""intensity"": ""high""}"
s3_an_4,behaviour_only,happiness,low,"{""emotion"": ""happiness"", ""intensity"": ""low""}"
s3_an_5,behaviour_only,sadness,low,"{""emotion"": ""sadness"", ""intensity"": ""moderate""}"
s3_di_1,behaviour_only,sadness,high,"{""emotion"": ""sadness"", ""intensity"": ""high""}"
s3_di_2,behaviour_only,sadness,low,"{""emotion"": ""sadness"", ""intensity"": ""low""}"
s3_di_3,behaviour_only,sadness,high,"{""emotion"": ""sadness"", ""intensity"": ""high""}"
s3_di_4,behaviour_only,happiness,high,"{""emotion"": ""happiness"", ""intensity"": ""high""}"
s3_di_5,behaviour_only,sadness,high,"{""emotion"": ""sadness"", ""intensity"": ""high""}"
s3_fe_1,behaviour_only,anger,high,"{""emotion"": ""anger"", ""intensity"": ""high""}"
s3_fe_2,behaviour_only,anger,high,"{""emotion"": ""anger"", ""intensity"": ""high""}"
s3_fe_3,behaviour_only,anger,high,"{""emotion"": ""anger"", ""intensity"": ""high""}"
s3_fe_4,behaviour_only,sadness,low,"{""emotion"": ""sadness"", ""intensity"": ""moderate""}"
s40_an_1,behaviour_only,sadness,high,"{""emotion"": ""sadness"", ""intensity"": ""high""}"
s40_an_2,behaviour_only,happiness,high,"{""emotion"": ""happiness"", ""intensity"": ""high""}"
s40_an_3,behaviour_only,disgust,low,"{""emotion"": ""disgust"", ""intensity"": ""moderate""}"
s40_an_4,behaviour_only,sadness,low,"{""emotion"": ""sadness"", ""intensity"": ""moderate""}"
s40_an_5,behaviour_only,fear,high,"{""emotion"": ""fear"", ""intensity"": ""high""}"
s40_di_1,behaviour_only,sadness,high,"{""emotion"": ""sadness"", ""intensity"": ""high""}"
s40_di_2,behaviour_only,anger,low,"{""emotion"": ""anger"", ""intensity"": ""low""}"
s40_di_3,behaviour_only,sadness,high,"{""emotion"": ""sadness"", ""intensity"": ""high""}"
s40_di_4,behaviour_only,happiness,high,"{""emotion"": ""happiness"", ""intensity"": ""high""}"
s40_di_5,behaviour_only,disgust,high,"{""emotion"": ""disgust"", ""intensity"": ""high""}"
s40_fe_1,behaviour_only,sadness,low,"{""emotion"": ""sadness"", ""intensity"": ""low""}"
s40_fe_2,behaviour_only,sadness,low,"{""emotion"": ""sadness"", ""intensity"": ""low""}"
s40_fe_3,behaviour_only,sadness,high,"{""emotion"": ""sadness"", ""intensity"": ""high""}"
s40_fe_4,behaviour_only,anger,high,"{""emotion"": ""anger"", ""intensity"": ""high""}"
s40_fe_5,behaviour_only,sadness,low,"{""emotion"": ""sadness"", ""intensity"": ""low""}"
s40_ha_1,behaviour_only,happiness,high,"{""emotion"": ""happiness"", ""intensity"": ""high""}"
s40_ha_2,behaviour_only,happiness,high,"{""emotion"": ""happiness"", ""intensity"": ""high""}"
s40_ha_3,behaviour_only,happiness,high,"{""emotion"": ""happiness"", ""intensity"": ""high""}"
s40_ha_4,behaviour_only,happiness,high,"{""emotion"": ""happiness"", ""intensity"": ""high""}"
s40_ha_5,behaviour_only,happiness,high,"{""emotion"": ""happiness"", ""intensity"": ""high""}"
s40_sa_1,behaviour_only,sadness,low,"{""emotion"": ""sadness"", ""intensity"": ""low""}"
s40_sa_2,behaviour_only,sadness,high,"{""emotion"": ""sadness"", ""intensity"": ""high""}"
s40_sa_3,behaviour_only,sadness,low,"{""emotion"": ""sadness"", ""intensity"": ""moderate""}"
s40_sa_4,behaviour_only,sadness,high,"{""emotion"": ""sadness"", ""intensity"": ""high""}"
s40_sa_5,behaviour_only,sadness,high,"{""emotion"": ""sadness"", ""intensity"": ""high""}"
s40_su_1,behaviour_only,happiness,low,"{""emotion"": ""happiness"", ""intensity"": ""low""}"
s40_su_2,behaviour_only,happiness,low,"{""emotion"": ""happiness"", ""intensity"": ""low""}"
s40_su_3,behaviour_only,sadness,low,"{""emotion"": ""sadness"", ""intensity"": ""moderate""}"
s40_su_4,behaviour_only,,,"{""emotion"": ""none"", ""intensity"": ""none""}"
s40_su_5,behaviour_only,sadness,low,"{""emotion"": ""sadness"", ""intensity"": ""low""}"
s41_an_1,behaviour_only,sadness,high,"{""emotion"": ""sadness"", ""intensity"": ""high""}"
s41_an_2,behaviour_only,sadness,low,"{""emotion"": ""sadness"", ""intensity"": ""low""}"
s41_an_3,behaviour_only,sadness,low,"{""emotion"": ""sadness"", ""intensity"": ""low""}"
s41_an_4,behaviour_only,anger,high,"{""emotion"": ""anger"", ""intensity"": ""high""}"
s41_an_5,behaviour_only,sadness,low,"{""emotion"": ""sadness"", ""intensity"": ""low""}"
s41_di_1,behaviour_only,happiness,high,"{""emotion"": ""happiness"", ""intensity"": ""high""}"
s41_di_2,behaviour_only,disgust,low,"{""emotion"": ""disgust"", ""intensity"": ""low""}"
s41_di_3,behaviour_only,happiness,low,"{""emotion"": ""happiness"", ""intensity"": ""low""}"
s41_di_4,behaviour_only,happiness,high,"{""emotion"": ""happiness"", ""intensity"": ""high""}"
s41_di_5,behaviour_only,anger,high,"{""emotion"": ""anger"", ""intensity"": ""high""}"
s41_fe_1,behaviour_only,,,"{""emotion"": ""none"", ""intensity"": ""none""}"
s41_fe_2,behaviour_only,happiness,high,"{""emotion"": ""happiness"", ""intensity"": ""high""}"
s41_fe_3,behaviour_only,happiness,high,"{""emotion"": ""happiness"", ""intensity"": ""high""}"
s41_fe_4,behaviour_only,sadness,high,"{""emotion"": ""sadness"", ""intensity"": ""high""}"
s41_fe_5,behaviour_only,,,"{""emotion"": ""none"", ""intensity"": ""none""}"
s41_ha_1,behaviour_only,happiness,low,"{""emotion"": ""happiness"", ""intensity"": ""low""}"
s41_ha_2,behaviour_only,happiness,low,"{""emotion"": ""happiness"", ""intensity"": ""low""}"
s41_ha_3,behaviour_only,happiness,high,"{""emotion"": ""happiness"", ""intensity"": ""high""}"
s41_ha_4,behaviour_only,happiness,low,"{""emotion"": ""happiness"", ""intensity"": ""low""}"
s41_ha_5,behaviour_only,happiness,low,"{""emotion"": ""happiness"", ""intensity"": ""low""}"
s41_sa_1,behaviour_only,sadness,low,"{""emotion"": ""sadness"", ""intensity"": ""low""}"
s41_sa_2,behaviour_only,sadness,low,"{""emotion"": ""sadness"", ""intensity"": ""low""}"
s41_sa_3,behaviour_only,sadness,low,"{""emotion"": ""sadness"", ""intensity"": ""low""}"
s41_sa_4,behaviour_only,sadness,high,"{""emotion"": ""sadness"", ""intensity"": ""high""}"
s41_sa_5,behaviour_only,sadness,low,"{""emotion"": ""sadness"", ""intensity"": ""low""}"
s41_su_1,behaviour_only,,,"{""emotion"": ""none"", ""intensity"": ""none""}"
s41_su_2,behaviour_only,sadness,high,"{""emotion"": ""sadness"", ""intensity"": ""high""}"
s41_su_3,behaviour_only,sadness,high,"{""emotion"": ""sadness"", ""intensity"": ""high""}"
s41_su_4,behaviour_only,sadness,high,"{""emotion"": ""sadness"", ""intensity"": ""high""}"
s41_su_5,behaviour_only,sadness,high,"{""emotion"": ""sadness"", ""intensity"": ""high""}"
s42_an_1,behaviour_only,anger,low,"{""emotion"": ""anger"", ""intensity"": ""moderate""}"
s42_an_2,behaviour_only,anger,low,"{""emotion"": ""anger"", ""intensity"": ""moderate""}"
s42_an_3,behaviour_only,anger,high,"{""emotion"": ""anger"", ""intensity"": ""high""}"
s42_an_4,behaviour_only,anger,high,"{""emotion"": ""anger"", ""intensity"": ""high""}"
s42_an_5,behaviour_only,anger,high,"{""emotion"": ""anger"", ""intensity"": ""high""}"
s42_di_1,behaviour_only,sadness,high,"{""emotion"": ""sadness"", ""intensity"": ""high""}"
s42_di_2,behaviour_only,happiness,high,"{""emotion"": ""happiness"", ""intensity"": ""high""}"
s42_di_3,behaviour_only,fear,high,"{""emotion"": ""fear"", ""intensity"": ""high""}"
s42_di_4,behaviour_only,disgust,high,"{""emotion"": ""disgust"", ""intensity"": ""high""}"
s42_di_5,behaviour_only,sadness,high,"{""emotion"": ""sadness"", ""intensity"": ""high""}"
s42_fe_1,behaviour_only,sadness,low,"{""emotion"": ""sadness"", ""intensity"": ""low""}"
s42_fe_2,behaviour_only,sadness,low,"{""emotion"": ""sadness"", ""intensity"": ""moderate""}"
s42_fe_3,behaviour_only,disgust,high,"{""emotion"": ""disgust"", ""intensity"": ""high""}"
s42_fe_4,behaviour_only,sadness,low,"{""emotion"": ""sadness"", ""intensity"": ""moderate""}"
s42_fe_5,behaviour_only,fear,high,"{""emotion"": ""fear"", ""intensity"": ""high""}"
s42_ha_1,behaviour_only,fear,high,"{""emotion"": ""fear"", ""intensity"": ""high""}"
s42_ha_2,behaviour_only,happiness,high,"{""emotion"": ""happiness"", ""intensity"": ""high""}"
s42_ha_3,behaviour_only,fear,high,"{""emotion"": ""fear"", ""intensity"": ""high""}"
s42_ha_4,behaviour_only,sadness,high,"{""emotion"": ""sadness"", ""intensity"": ""high""}"
s42_ha_5,behaviour_only,happiness,high,"{""emotion"": ""happiness"", ""intensity"": ""high""}"
s42_sa_1,behaviour_only,anger,high,"{""emotion"": ""anger"", ""intensity"": ""high""}"
s42_sa_2,behaviour_only,sadness,high,"{""emotion"": ""sadness"", ""intensity"": ""high""}"
s42_sa_3,behaviour_only,anger,high,"{""emotion"": ""anger"", ""intensity"": ""high""}"
s42_sa_4,behaviour_only,anger,high,"{""emotion"": ""anger"", ""intensity"": ""high""}"
s42_sa_5,behaviour_only,anger,high,"{""emotion"": ""anger"", ""intensity"": ""high""}"
s42_su_1,behaviour_only,fear,low,"{""emotion"": ""fear"", ""intensity"": ""low""}"
s42_su_2,behaviour_only,disgust,high,"{""emotion"": ""disgust"", ""intensity"": ""high""}"
s42_su_3,behaviour_only,anger,high,"{""emotion"": ""anger"", ""intensity"": ""high""}"
s42_su_4,behaviour_only,sadness,high,"{""emotion"": ""sadness"", ""intensity"": ""high""}"
s42_su_5,behaviour_only,anger,high,"{""emotion"": ""anger"", ""intensity"": ""high""}"
s43_an_1,behaviour_only,surprise,high,"{""emotion"": ""surprise"", ""intensity"": ""high""}"
s43_an_2,behaviour_only,anger,high,"{""emotion"": ""anger"", ""intensity"": ""high""}"
s43_an_3,behaviour_only,anger,high,"{""emotion"": ""anger"", ""intensity"": ""high""}"
s43_an_4,behaviour_only,fear,high,"{""emotion"": ""fear"", ""intensity"": ""high""}"
s43_an_5,behaviour_only,anger,high,"{""emotion"": ""anger"", ""intensity"": ""high""}"
s43_di_1,behaviour_only,happiness,high,"{""emotion"": ""happiness"", ""intensity"": ""high""}"
s43_di_2,behaviour_only,sadness,high,"{""emotion"": ""sadness"", ""intensity"": ""high""}"
s43_di_3,behaviour_only,anger,high,"{""emotion"": ""anger"", ""intensity"": ""high""}"
s43_di_4,behaviour_only,happiness,low,"{""emotion"": ""happiness"", ""intensity"": ""low""}"
s43_di_5,behaviour_only,sadness,low,"{""emotion"": ""sadness"", ""intensity"": ""moderate""}"
s43_fe_1,behaviour_only,sadness,high,"{""emotion"": ""sadness"", ""intensity"": ""high""}"
s43_fe_2,behaviour_only,sadness,low,"{""emotion"": ""sadness"", ""intensity"": ""low""}"
s43_fe_3,behaviour_only,sadness,high,"{""emotion"": ""sadness"", ""intensity"": ""high""}"
s43_fe_4,behaviour_only,sadness,low,"{""emotion"": ""sadness"", ""intensity"": ""low""}"
s43_fe_5,behaviour_only,disgust,low,"{""emotion"": ""disgust"", ""intensity"": ""low""}"
s43_ha_1,behaviour_only,happiness,high,"{""emotion"": ""happiness"", ""intensity"": ""high""}"
s43_ha_2,behaviour_only,happiness,high,"{""emotion"": ""happiness"", ""intensity"": ""high""}"
s43_ha_3,behaviour_only,happiness,high,"{""emotion"": ""happiness"", ""intensity"": ""high""}"
s43_ha_4,behaviour_only,happiness,low,"{""emotion"": ""happiness"", ""intensity"": ""low""}"
s43_ha_5,behaviour_only,disgust,low,"{""emotion"": ""disgust"", ""intensity"": ""low""}"
s43_sa_1,behaviour_only,sadness,low,"{""emotion"": ""sadness"", ""intensity"": ""low""}"
s43_sa_2,behaviour_only,sadness,low,"{""emotion"": ""sadness"", ""intensity"": ""low""}"
s43_sa_3,behaviour_only,sadness,high,"{""emotion"": ""sadness"", ""intensity"": ""high""}"
s43_sa_4,behaviour_only,sadness,high,"{""emotion"": ""sadness"", ""intensity"": ""high""}"
s43_sa_5,behaviour_only,sadness,low,"{""emotion"": ""sadness"", ""intensity"": ""low""}"
s43_su_1,behaviour_only,disgust,low,"{""emotion"": ""disgust"", ""intensity"": ""low""}"
s43_su_2,behaviour_only,fear,low,"{""emotion"": ""fear"", ""intensity"": ""low""}"
s43_su_3,behaviour_only,happiness,low,"{""emotion"": ""happiness"", ""intensity"": ""moderate""}"
s43_su_4,behaviour_only,,,
s43_su_5,behaviour_only,sadness,high,"{""emotion"": ""sadness"", ""intensity"": ""high""}"
s44_an_1,behaviour_only,,,
s44_an_2,behaviour_only,surprise,high,"{""emotion"": ""surprise"", ""intensity"": ""high""}"
s44_an_3,behaviour_only,disgust,low,"{""emotion"": ""disgust"", ""intensity"": ""low""}"
s44_an_4,behaviour_only,anger,high,"{""emotion"": ""anger"", ""intensity"": ""high""}"
s44_an_5,behaviour_only,sadness,low,"{""emotion"": ""sadness"", ""intensity"": ""low""}"
s44_di_1,behaviour_only,sadness,high,"{""emotion"": ""sadness"", ""intensity"": ""high""}"
s44_di_2,behaviour_only,disgust,high,"{""emotion"": ""disgust"", ""intensity"": ""high""}"
s44_di_3,behaviour_only,disgust,high,"{""emotion"": ""disgust"", ""intensity"": ""high""}"
s44_di_4,behaviour_only,disgust,high,"{""emotion"": ""disgust"", ""intensity"": ""high""}"
s44_di_5,behaviour_only,sadness,high,"{""emotion"": ""sadness"", ""intensity"": ""high""}"
s44_fe_1,behaviour_only,sadness,high,"{""emotion"": ""sadness"", ""intensity"": ""high""}"
s44_fe_2,behaviour_only,anger,high,"{""emotion"": ""anger"", ""intensity"": ""high""}"
s44_fe_3,behaviour_only,sadness,low,"{""emotion"": ""sadness"", ""intensity"": ""low""}"
s44_fe_4,behaviour_only,sadness,low,"{""emotion"": ""sadness"", ""intensity"": ""low""}"
s44_fe_5,behaviour_only,sadness,high,"{""emotion"": ""sadness"", ""intensity"": ""high""}"
s44_ha_1,behaviour_only,happiness,high,"{""emotion"": ""happiness"", ""intensity"": ""high""}"
s44_ha_2,behaviour_only,happiness,high,"{""emotion"": ""happiness"", ""intensity"": ""high""}"
s44_ha_3,behaviour_only,happiness,low,"{""emotion"": ""happiness"", ""intensity"": ""low""}"
s44_ha_4,behaviour_only,happiness,high,"{""emotion"": ""happiness"", ""intensity"": ""high""}"
s44_ha_5,behaviour_only,happiness,low,"{""emotion"": ""happiness"", ""intensity"": ""low""}"
s44_sa_1,behaviour_only,sadness,high,"{""emotion"": ""sadness"", ""intensity"": ""high""}"
s44_sa_2,behaviour_only,sadness,low,"{""emotion"": ""sadness"", ""intensity"": ""low""}"
s44_sa_3,behaviour_only,sadness,low,"{""emotion"": ""sadness"", ""intensity"": ""low""}"
s44_sa_4,behaviour_only,surprise,high,"{""emotion"": ""surprise"", ""intensity"": ""high""}"
s44_sa_5,behaviour_only,surprise,high,"{""emotion"": ""surprise"", ""intensity"": ""high""}"
s44_su_1,behaviour_only,sadness,low,"{""emotion"": ""sadness"", ""intensity"": ""low""}"
s44_su_2,behaviour_only,anger,high,"{""emotion"": ""anger"", ""intensity"": ""high""}"
s44_su_3,behaviour_only,sadness,high,"{""emotion"": ""sadness"", ""intensity"": ""high""}"
s44_su_4,behaviour_only,happiness,high,"{""emotion"": ""happiness"", ""intensity"": ""high""}"
s44_su_5,behaviour_only,disgust,low,"{""emotion"": ""disgust"", ""intensity"": ""low""}"
s4_an_1,behaviour_only,anger,high,"{""emotion"": ""anger"", ""intensity"": ""high""}"
s4_an_2,behaviour_only,anger,high,"{""emotion"": ""anger"", ""intensity"": ""high""}"
s4_an_3,behaviour_only,anger,high,"{""emotion"": ""anger"", ""intensity"": ""high""}"
s4_an_4,behaviour_only,anger,high,"{""emotion"": ""anger"", ""intensity"": ""high""}"
s4_an_5,behaviour_only,surprise,high,"{""emotion"": ""surprise"", ""intensity"": ""high""}"
s4_di_1,behaviour_only,happiness,low,"{""emotion"": ""happiness"", ""intensity"": ""low""}"
s4_di_2,behaviour_only,sadness,low,"{""emotion"": ""sadness"", ""intensity"": ""low""}"
s4_di_3,behaviour_only,anger,high,"{""emotion"": ""anger"", ""intensity"": ""high""}"
s4_di_4,behaviour_only,happiness,low,"{""emotion"": ""happiness"", ""intensity"": ""low""}"
s4_di_5,behaviour_only,sadness,high,"{""emotion"": ""sadness"", ""intensity"": ""high""}"
s4_fe_1,behaviour_only,surprise,low,"{""emotion"": ""surprise"", ""intensity"": ""low""}"
s4_fe_2,behaviour_only,disgust,low,"{""emotion"": ""disgust"", ""intensity"": ""low""}"
s4_fe_3,behaviour_only,sadness,high,"{""emotion"": ""sadness"", ""intensity"": ""high""}"
s4_fe_4,behaviour_only,surprise,high,"{""emotion"": ""surprise"", ""intensity"": ""high""}"
s4_fe_5,behaviour_only,surprise,low,"{""emotion"": ""surprise"", ""intensity"": ""low""}"
s4_ha_1,behaviour_only,happiness,low,"{""emotion"": ""happiness"", ""intensity"": ""moderate""}"
s4_ha_2,behaviour_only,surprise,high,"{""emotion"": ""surprise"", ""intensity"": ""high""}"
s4_ha_3,behaviour_only,surprise,high,"{""emotion"": ""surprise"", ""intensity"": ""high""}"
s4_ha_4,behaviour_only,happiness,high,"{""emotion"": ""happiness"", ""intensity"": ""high""}"
s4_ha_5,behaviour_only,happiness,high,"{""emotion"": ""happiness"", ""intensity"": ""high""}"
s4_sa_1,behaviour_only,sadness,low,"{""emotion"": ""sadness"", ""intensity"": ""moderate""}"
s4_sa_2,behaviour_only,sadness,low,"{""emotion"": ""sadness"", ""intensity"": ""low""}"
s4_sa_3,behaviour_only,fear,low,"{""emotion"": ""fear"", ""intensity"": ""low""}"
s4_sa_4,behaviour_only,sadness,low,"{""emotion"": ""sadness"", ""intensity"": ""low""}"
s4_sa_5,behaviour_only,sadness,high,"{""emotion"": ""sadness"", ""intensity"": ""high""}"
s4_su_1,behaviour_only,happiness,low,"{""emotion"": ""happiness"", ""intensity"": ""low""}"
s4_su_2,behaviour_only,surprise,low,"{""emotion"": ""surprise"", ""intensity"": ""low""}"
s4_su_3,behaviour_only,happiness,high,"{""emotion"": ""happiness"", ""intensity"": ""high""}"
s4_su_4,behaviour_only,sadness,high,"{""emotion"": ""sadness"", ""intensity"": ""high""}"
s4_su_5,behaviour_only,surprise,high,"{""emotion"": ""surprise"", ""intensity"": ""high""}"
s5_an_1,behaviour_only,anger,low,"{""emotion"": ""anger"", ""intensity"": ""low""}"
s5_an_2,behaviour_only,sadness,low,"{""emotion"": ""sadness"", ""intensity"": ""low""}"
s5_an_3,behaviour_only,disgust,low,"{""emotion"": ""disgust"", ""intensity"": ""low""}"
s5_an_4,behaviour_only,anger,high,"{""emotion"": ""anger"", ""intensity"": ""high""}"
s5_an_5,behaviour_only,sadness,low,"{""emotion"": ""sadness"", ""intensity"": ""low""}"
s5_di_1,behaviour_only,sadness,high,"{""emotion"": ""sadness"", ""intensity"": ""high""}"
s5_di_2,behaviour_only,sadness,high,"{""emotion"": ""sadness"", ""intensity"": ""high""}"
s5_di_3,behaviour_only,anger,high,"{""emotion"": ""anger"", ""intensity"": ""high""}"
s5_di_4,behaviour_only,fear,low,"{""emotion"": ""fear"", ""intensity"": ""low""}"
s5_di_5,behaviour_only,sadness,high,"{""emotion"": ""sadness"", ""intensity"": ""high""}"
s5_fe_1,behaviour_only,,,"{""emotion"": ""none"", ""intensity"": ""none""}"
s5_fe_2,behaviour_only,,,"{""emotion"": ""none"", ""intensity"": ""none""}"
s5_fe_3,behaviour_only,sadness,high,"{""emotion"": ""sadness"", ""intensity"": ""high""}"
s5_fe_4,behaviour_only,anger,high,"{""emotion"": ""anger"", ""intensity"": ""high""}"
s5_fe_5,behaviour_only,anger,high,"{""emotion"": ""anger"", ""intensity"": ""high""}"
s5_ha_1,behaviour_only,happiness,high,"{""emotion"": ""happiness"", ""intensity"": ""high""}"
s5_ha_2,behaviour_only,surprise,high,"{""emotion"": ""surprise"", ""intensity"": ""high""}"
s5_ha_3,behaviour_only,surprise,high,"{""emotion"": ""surprise"", ""intensity"": ""high""}"
s5_ha_4,behaviour_only,happiness,low,"{""emotion"": ""happiness"", ""intensity"": ""moderate""}"
s5_ha_5,behaviour_only,happiness,high,"{""emotion"": ""happiness"", ""intensity"": ""high""}"
s5_sa_1,behaviour_only,sadness,high,"{""emotion"": ""sadness"", ""intensity"": ""high""}"
s5_sa_2,behaviour_only,sadness,high,"{""emotion"": ""sadness"", ""intensity"": ""high""}"
s5_sa_3,behaviour_only,sadness,high,"{""emotion"": ""sadness"", ""intensity"": ""high""}"
s5_sa_4,behaviour_only,sadness,high,"{""emotion"": ""sadness"", ""intensity"": ""high""}"
s5_sa_5,behaviour_only,sadness,high,"{""emotion"": ""sadness"", ""intensity"": ""high""}"
s5_su_1,behaviour_only,sadness,low,"{""emotion"": ""sadness"", ""intensity"": ""moderate""}"
s5_su_2,behaviour_only,sadness,high,"{""emotion"": ""sadness"", ""intensity"": ""high""}"
s5_su_3,behaviour_only,sadness,high,"{""emotion"": ""sadness"", ""intensity"": ""high""}"
s5_su_4,behaviour_only,sadness,low,"{""emotion"": ""sadness"", ""intensity"": ""low""}"
s5_su_5,behaviour_only,anger,high,"{""emotion"": ""anger"", ""intensity"": ""high""}"
s6_an,behaviour_only,sadness,high,"{""emotion"": ""sadness"", ""intensity"": ""high""}"
s6_di,behaviour_only,disgust,high,"{""emotion"": ""disgust"", ""intensity"": ""high""}"
s6_fe,behaviour_only,disgust,high,"{""emotion"": ""disgust"", ""intensity"": ""high""}"
s6_ha,behaviour_only,happiness,high,"{""emotion"": ""happiness"", ""intensity"": ""high""}"
s6_sa,behaviour_only,disgust,high,"{""emotion"": ""disgust"", ""intensity"": ""high""}"
s6_su,behaviour_only,sadness,high,"{""emotion"": ""sadness"", ""intensity"": ""high""}"
s7_an_1,behaviour_only,surprise,low,"{""emotion"": ""surprise"", ""intensity"": ""low""}"
s7_an_2,behaviour_only,sadness,low,"{""emotion"": ""sadness"", ""intensity"": ""low""}"
s7_an_3,behaviour_only,surprise,high,"{""emotion"": ""surprise"", ""intensity"": ""high""}"
s7_an_4,behaviour_only,sadness,low,"{""emotion"": ""sadness"", ""intensity"": ""low""}"
s7_an_5,behaviour_only,sadness,low,"{""emotion"": ""sadness"", ""intensity"": ""low""}"
s7_di_1,behaviour_only,sadness,high,"{""emotion"": ""sadness"", ""intensity"": ""high""}"
s7_di_2,behaviour_only,anger,high,"{""emotion"": ""anger"", ""intensity"": ""high""}"
s7_di_3,behaviour_only,disgust,high,"{""emotion"": ""disgust"", ""intensity"": ""high""}"
s7_di_4,behaviour_only,disgust,high,"{""emotion"": ""disgust"", ""intensity"": ""high""}"
s7_di_5,behaviour_only,sadness,low,"{""emotion"": ""sadness"", ""intensity"": ""low""}"
s7_fe_1,behaviour_only,sadness,low,"{""emotion"": ""sadness"", ""intensity"": ""low""}"
s7_fe_2,behaviour_only,sadness,low,"{""emotion"": ""sadness"", ""intensity"": ""low""}"
s7_fe_3,behaviour_only,sadness,low,"{""emotion"": ""sadness"", ""intensity"": ""moderate""}"
s7_fe_4,behaviour_only,fear,high,"{""emotion"": ""fear"", ""intensity"": ""high""}"
s7_fe_5,behaviour_only,surprise,high,"{""emotion"": ""surprise"", ""intensity"": ""high""}"
s7_ha_1,behaviour_only,surprise,high,"{""emotion"": ""surprise"", ""intensity"": ""high""}"
s7_ha_2,behaviour_only,happiness,high,"{""emotion"": ""happiness"", ""intensity"": ""high""}"
s7_ha_3,behaviour_only,happiness,high,"{""emotion"": ""happiness"", ""intensity"": ""high""}"
s7_ha_4,behaviour_only,happiness,high,"{""emotion"": ""happiness"", ""intensity"": ""high""}"
s7_ha_5,behaviour_only,happiness,high,"{""emotion"": ""happiness"", ""intensity"": ""high""}"
s7_sa_1,behaviour_only,sadness,high,"{""emotion"": ""sadness"", ""intensity"": ""high""}"
s7_sa_2,behaviour_only,sadness,high,"{""emotion"": ""sadness"", ""intensity"": ""high""}"
s7_sa_3,behaviour_only,sadness,high,"{""emotion"": ""sadness"", ""intensity"": ""high""}"
s7_sa_4,behaviour_only,sadness,low,"{""emotion"": ""sadness"", ""intensity"": ""low""}"
s7_sa_5,behaviour_only,sadness,high,"{""emotion"": ""sadness"", ""intensity"": ""high""}"
s7_su_1,behaviour_only,sadness,low,"{""emotion"": ""sadness"", ""intensity"": ""low""}"
s7_su_2,behaviour_only,sadness,high,"{""emotion"": ""sadness"", ""intensity"": ""high""}"
s7_su_3,behaviour_only,,,"{""emotion"": ""neutral"", ""intensity"": ""none""}"
s7_su_4,behaviour_only,sadness,high,"{""emotion"": ""sadness"", ""intensity"": ""high""}"
s7_su_5,behaviour_only,sadness,low,"{""emotion"": ""sadness"", ""intensity"": ""low""}"
s8_an_1,behaviour_only,anger,high,"{""emotion"": ""anger"", ""intensity"": ""high""}"
s8_an_2,behaviour_only,anger,high,"{""emotion"": ""anger"", ""intensity"": ""high""}"
s8_an_3,behaviour_only,disgust,high,"{""emotion"": ""disgust"", ""intensity"": ""high""}"
s8_an_4,behaviour_only,anger,high,"{""emotion"": ""anger"", ""intensity"": ""high""}"
s8_an_5,behaviour_only,anger,high,"{""emotion"": ""anger"", ""intensity"": ""high""}"
s8_di_1,behaviour_only,anger,high,"{""emotion"": ""anger"", ""intensity"": ""high""}"
s8_di_2,behaviour_only,sadness,high,"{""emotion"": ""sadness"", ""intensity"": ""high""}"
s8_di_3,behaviour_only,happiness,high,"{""emotion"": ""happiness"", ""intensity"": ""high""}"
s8_di_4,behaviour_only,happiness,low,"{""emotion"": ""happiness"", ""intensity"": ""low""}"
s8_di_5,behaviour_only,happiness,high,"{""emotion"": ""happiness"", ""intensity"": ""high""}"
s8_fe_1,behaviour_only,sadness,high,"{""emotion"": ""sadness"", ""intensity"": ""high""}"
s8_fe_2,behaviour_only,sadness,high,"{""emotion"": ""sadness"", ""intensity"": ""high""}"
s8_fe_3,behaviour_only,happiness,low,"{""emotion"": ""happiness"", ""intensity"": ""low""}"
s8_fe_4,behaviour_only,sadness,low,"{""emotion"": ""sadness"", ""intensity"": ""moderate""}"
s8_fe_5,behaviour_only,sadness,low,"{""emotion"": ""sadness"", ""intensity"": ""moderate""}"
s8_ha_1,behaviour_only,happiness,low,"{""emotion"": ""happiness"", ""intensity"": ""moderate""}"
s8_ha_2,behaviour_only,happiness,low,"{""emotion"": ""happiness"", ""intensity"": ""low""}"
s8_ha_3,behaviour_only,happiness,low,"{""emotion"": ""happiness"", ""intensity"": ""moderate""}"
s8_ha_4,behaviour_only,happiness,high,"{""emotion"": ""happiness"", ""intensity"": ""high""}"
s8_ha_5,behaviour_only,happiness,high,"{""emotion"": ""happiness"", ""intensity"": ""high""}"
s8_sa_1,behaviour_only,fear,high,"{""emotion"": ""fear"", ""intensity"": ""high""}"
s8_sa_2,behaviour_only,anger,high,"{""emotion"": ""anger"", ""intensity"": ""high""}"
s8_sa_3,behaviour_only,sadness,high,"{""emotion"": ""sadness"", ""intensity"": ""high""}"
s8_sa_4,behaviour_only,sadness,low,"{""emotion"": ""sadness"", ""intensity"": ""low""}"
s8_sa_5,behaviour_only,sadness,low,"{""emotion"": ""sadness"", ""intensity"": ""moderate""}"
s8_su_1,behaviour_only,happiness,low,"{""emotion"": ""happiness"", ""intensity"": ""low""}"
s8_su_2,behaviour_only,happiness,low,"{""emotion"": ""happiness"", ""intensity"": ""low""}"
s8_su_3,behaviour_only,happiness,high,"{""emotion"": ""happiness"", ""intensity"": ""high""}"
s8_su_4,behaviour_only,happiness,low,"{""emotion"": ""happiness"", ""intensity"": ""low""}"
s8_su_5,behaviour_only,happiness,low,"{""emotion"": ""happiness"", ""intensity"": ""low""}"
s9_an_1,behaviour_only,anger,high,"{""emotion"": ""anger"", ""intensity"": ""high""}"
s9_an_2,behaviour_only,sadness,low,"{""emotion"": ""sadness"", ""intensity"": ""moderate""}"
s9_an_3,behaviour_only,disgust,high,"{""emotion"": ""disgust"", ""intensity"": ""high""}"
s9_an_4,behaviour_only,sadness,low,"{""emotion"": ""sadness"", ""intensity"": ""moderate""}"
s9_an_5,behaviour_only,fear,high,"{""emotion"": ""fear"", ""intensity"": ""high""}"
s9_di_1,behaviour_only,disgust,high,"{""emotion"": ""disgust"", ""intensity"": ""high""}"
s9_di_2,behaviour_only,sadness,high,"{""emotion"": ""sadness"", ""intensity"": ""high""}"
s9_di_3,behaviour_only,sadness,high,"{""emotion"": ""sadness"", ""intensity"": ""high""}"
s9_di_4,behaviour_only,happiness,high,"{""emotion"": ""happiness"", ""intensity"": ""high""}"
s9_di_5,behaviour_only,sadness,high,"{""emotion"": ""sadness"", ""intensity"": ""high""}"
s9_fe_1,behaviour_only,sadness,high,"{""emotion"": ""sadness"", ""intensity"": ""high""}"
s9_fe_2,behaviour_only,anger,high,"{""emotion"": ""anger"", ""intensity"": ""high""}"
s9_fe_3,behaviour_only,sadness,low,"{""emotion"": ""sadness"", ""intensity"": ""low""}"
s9_fe_4,behaviour_only,anger,high,"{""emotion"": ""anger"", ""intensity"": ""high""}"
s9_fe_5,behaviour_only,anger,high,"{""emotion"": ""anger"", ""intensity"": ""high""}"
s9_ha_1,behaviour_only,happiness,high,"{""emotion"": ""happiness"", ""intensity"": ""high""}"
s9_ha_2,behaviour_only,happiness,low,"{""emotion"": ""happiness"", ""intensity"": ""moderate""}"
s9_ha_3,behaviour_only,happiness,high,"{""emotion"": ""happiness"", ""intensity"": ""high""}"
s9_ha_4,behaviour_only,sadness,low,"{""emotion"": ""sadness"", ""intensity"": ""low""}"
s9_ha_5,behaviour_only,happiness,high,"{""emotion"": ""happiness"", ""intensity"": ""high""}"
s9_sa_1,behaviour_only,sadness,high,"{""emotion"": ""sadness"", ""intensity"": ""high""}"
s9_sa_2,behaviour_only,fear,high,"{""emotion"": ""fear"", ""intensity"": ""high""}"
s9_sa_3,behaviour_only,sadness,high,"{""emotion"": ""sadness"", ""intensity"": ""high""}"
s9_sa_4,behaviour_only,sadness,high,"{""emotion"": ""sadness"", ""intensity"": ""high""}"
s9_sa_5,behaviour_only,sadness,high,"{""emotion"": ""sadness"", ""intensity"": ""high""}"
s9_su_1,behaviour_only,sadness,low,"{""emotion"": ""sadness"", ""intensity"": ""moderate""}"
s9_su_2,behaviour_only,sadness,high,"{""emotion"": ""sadness"", ""intensity"": ""high""}"
s9_su_3,behaviour_only,sadness,high,"{""emotion"": ""sadness"", ""intensity"": ""high""}"
s9_su_4,behaviour_only,sadness,low,"{""emotion"": ""sadness"", ""intensity"": ""low""}"
s9_su_5,behaviour_only,sadness,high,"{""emotion"": ""sadness"", ""intensity"": ""high""}"
s_3_fe_5,behaviour_only,anger,high,"{""emotion"": ""anger"", ""intensity"": ""high""}"
s_3_ha_1,behaviour_only,happiness,high,"{""emotion"": ""happiness"", ""intensity"": ""high""}"
s_3_ha_2,behaviour_only,happiness,low,"{""emotion"": ""happiness"", ""intensity"": ""moderate""}"
s_3_ha_3,behaviour_only,happiness,low,"{""emotion"": ""happiness"", ""intensity"": ""moderate""}"
s_3_ha_4,behaviour_only,happiness,low,"{""emotion"": ""happiness"", ""intensity"": ""low""}"
s_3_ha_5,behaviour_only,surprise,high,"{""emotion"": ""surprise"", ""intensity"": ""high""}"
s_3_sa_1,behaviour_only,sadness,high,"{""emotion"": ""sadness"", ""intensity"": ""high""}"
s_3_sa_2,behaviour_only,sadness,low,"{""emotion"": ""sadness"", ""intensity"": ""low""}"
s_3_sa_3,behaviour_only,sadness,high,"{""emotion"": ""sadness"", ""intensity"": ""high""}"
s_3_sa_4,behaviour_only,sadness,high,"{""emotion"": ""sadness"", ""intensity"": ""high""}"
s_3_sa_5,behaviour_only,surprise,high,"{""emotion"": ""surprise"", ""intensity"": ""high""}"
s_3_su_1,behaviour_only,fear,high,"{""emotion"": ""fear"", ""intensity"": ""high""}"
s_3_su_2,behaviour_only,sadness,high,"{""emotion"": ""sadness"", ""intensity"": ""high""}"
s_3_su_3,behaviour_only,surprise,high,"{""emotion"": ""surprise"", ""intensity"": ""high""}"
s_3_su_4,behaviour_only,sadness,low,"{""emotion"": ""sadness"", ""intensity"": ""moderate""}"
s_3_su_5,behaviour_only,sadness,low,"{""emotion"": ""sadness"", ""intensity"": ""moderate""}"
s10_an_1,both,fear,high,"{""emotion"": ""fear"", ""intensity"": ""high""}"
s10_an_2,both,anger,high,"{""emotion"": ""anger"", ""intensity"": ""high""}"
s10_an_3,both,anger,low,"{""emotion"": ""anger"", ""intensity"": ""low""}"
s10_an_4,both,anger,high,"{""emotion"": ""anger"", ""intensity"": ""high""}"
s10_an_5,both,anger,low,"{""emotion"": ""anger"", ""intensity"": ""moderate""}"
s10_di_1,both,disgust,high,"{""emotion"": ""disgust"", ""intensity"": ""high""}"
s10_di_2,both,disgust,high,"{""emotion"": ""disgust"", ""intensity"": ""high""}"
s10_di_3,both,disgust,high,"{""emotion"": ""disgust"", ""intensity"": ""high""}"
s10_di_4,both,disgust,high,"{""emotion"": ""disgust"", ""intensity"": ""high""}"
s10_di_5,both,disgust,high,"{""emotion"": ""disgust"", ""intensity"": ""high""}"
s10_fe_1,both,fear,low,"{""emotion"": ""fear"", ""intensity"": ""low""}"
s10_fe_2,both,fear,low,"{""emotion"": ""fear"", ""intensity"": ""low""}"
s10_fe_3,both,fear,high,"{""emotion"": ""fear"", ""intensity"": ""high""}"
s10_fe_4,both,anger,high,"{""emotion"": ""anger"", ""intensity"": ""high""}"
s10_fe_5,both,fear,high,"{""emotion"": ""fear"", ""intensity"": ""high""}"
s10_ha_1,both,happiness,high,"{""emotion"": ""happiness"", ""intensity"": ""high""}"
s10_ha_2,both,happiness,high,"{""emotion"": ""happiness"", ""intensity"": ""high""}"
s10_ha_3,both,happiness,high,"{""emotion"": ""happiness"", ""intensity"": ""high""}"
s10_ha_4,both,happiness,high,"{""emotion"": ""happiness"", ""intensity"": ""high""}"
s10_ha_5,both,happiness,high,"{""emotion"": ""happiness"", ""intensity"": ""high""}"
s10_sa_1,both,sadness,low,"{""emotion"": ""sadness"", ""intensity"": ""moderate""}"
s10_sa_2,both,sadness,high,"{""emotion"": ""sadness"", ""intensity"": ""high""}"
s10_sa_3,both,sadness,high,"{""emotion"": ""sadness"", ""intensity"": ""high""}"
s10_sa_4,both,sadness,high,"{""emotion"": ""sadness"", ""intensity"": ""high""}"
s10_sa_5,both,sadness,high,"{""emotion"": ""sadness"", ""intensity"": ""high""}"
s10_su_1,both,surprise,high,"{""emotion"": ""surprise"", ""intensity"": ""high""}"
s10_su_2,both,surprise,high,"{""emotion"": ""surprise"", ""intensity"": ""high""}"
s10_su_3,both,surprise,low,"{""emotion"": ""surprise"", ""intensity"": ""low""}"
s10_su_4,both,surprise,high,"{""emotion"": ""surprise"", ""intensity"": ""high""}"
s10_su_5,both,surprise,low,"{""emotion"": ""surprise"", ""intensity"": ""low""}"
s13_an_1,both,fear,high,"{""emotion"": ""fear"", ""intensity"": ""high""}"
s13_an_2,both,anger,high,"{""emotion"": ""anger"", ""intensity"": ""high""}"
s13_an_3,both,anger,high,"{""emotion"": ""anger"", ""intensity"": ""high""}"
s13_an_4,both,anger,high,"{""emotion"": ""anger"", ""intensity"": ""high""}"
s13_an_5,both,anger,high,"{""emotion"": ""anger"", ""intensity"": ""high""}"
s13_di_1,both,disgust,high,"{""emotion"": ""disgust"", ""intensity"": ""high""}"
s13_di_2,both,disgust,low,"{""emotion"": ""disgust"", ""intensity"": ""low""}"
s13_di_3,both,happiness,low,"{""emotion"": ""happiness"", ""intensity"": ""low""}"
s13_di_4,both,anger,high,"{""emotion"": ""anger"", ""intensity"": ""high""}"
s13_di_5,both,disgust,high,"{""emotion"": ""disgust"", ""intensity"": ""high""}"
s13_fe_1,both,fear,high,"{""emotion"": ""fear"", ""intensity"": ""high""}"
s13_fe_2,both,fear,high,"{""emotion"": ""fear"", ""intensity"": ""high""}"
s13_fe_3,both,fear,high,"{""emotion"": ""fear"", ""intensity"": ""high""}"
s13_fe_4,both,anger,high,"{""emotion"": ""anger"", ""intensity"": ""high""}"
s13_fe_5,both,fear,high,"{""emotion"": ""fear"", ""intensity"": ""high""}"
s13_ha_1,both,happiness,high,"{""emotion"": ""happiness"", ""intensity"": ""high""}"
s13_ha_2,both,happiness,high,"{""emotion"": ""happiness"", ""intensity"": ""high""}"
s13_ha_3,both,happiness,high,"{""emotion"": ""happiness"", ""intensity"": ""high""}"
s13_ha_4,both,happiness,high,"{""emotion"": ""happiness"", ""intensity"": ""high""}"
s13_ha_5,both,happiness,high,"{""emotion"": ""happiness"", ""intensity"": ""high""}"
s13_sa_1,both,sadness,high,"{""emotion"": ""sadness"", ""intensity"": ""high""}"
s13_sa_2,both,sadness,high,"{""emotion"": ""sadness"", ""intensity"": ""high""}"
s13_sa_3,both,sadness,high,"{""emotion"": ""sadness"", ""intensity"": ""high""}"
s13_sa_4,both,sadness,low,"{""emotion"": ""sadness"", ""intensity"": ""low""}"
s13_sa_5,both,sadness,high,"{""emotion"": ""sadness"", ""intensity"": ""high""}"
s13_su_1,both,surprise,low,"{""emotion"": ""surprise"", ""intensity"": ""low""}"
s13_su_2,both,surprise,low,"{""emotion"": ""surprise"", ""intensity"": ""low""}"
s13_su_3,both,surprise,high,"{""emotion"": ""surprise"", ""intensity"": ""high""}"
s13_su_4,both,surprise,low,"{""emotion"": ""surprise"", ""intensity"": ""low""}"
s13_su_5,both,surprise,high,"{""emotion"": ""surprise"", ""intensity"": ""high""}"
s14_an_1,both,anger,high,"{""emotion"": ""anger"", ""intensity"": ""high""}"
s14_an_2,both,fear,high,"{""emotion"": ""fear"", ""intensity"": ""high""}"
s14_an_3,both,anger,high,"{""emotion"": ""anger"", ""intensity"": ""high""}"
s14_an_4,both,anger,high,"{""emotion"": ""anger"", ""intensity"": ""high""}"
s14_an_5,both,anger,high,"{""emotion"": ""anger"", ""intensity"": ""high""}"
s14_di_1,both,surprise,high,"{""emotion"": ""surprise"", ""intensity"": ""high""}"
s14_di_2,both,fear,low,"{""emotion"": ""fear"", ""intensity"": ""low""}"
s14_di_3,both,surprise,high,"{""emotion"": ""surprise"", ""intensity"": ""high""}"
s14_di_4,both,disgust,high,"{""emotion"": ""disgust"", ""intensity"": ""high""}"
s14_di_5,both,happiness,low,"{""emotion"": ""happiness"", ""intensity"": ""low""}"
s14_fe_1,both,fear,high,"{""emotion"": ""fear"", ""intensity"": ""high""}"
s14_fe_2,both,fear,high,"{""emotion"": ""fear"", ""intensity"": ""high""}"
s14_fe_3,both,fear,high,"{""emotion"": ""fear"", ""intensity"": ""high""}"
s14_fe_4,both,anger,low,"{""emotion"": ""anger"", ""intensity"": ""low""}"
s14_fe_5,both,anger,high,"{""emotion"": ""anger"", ""intensity"": ""high""}"
s14_ha_1,both,happiness,high,"{""emotion"": ""happiness"", ""intensity"": ""high""}"
s14_ha_2,both,happiness,high,"{""emotion"": ""happiness"", ""intensity"": ""high""}"
s14_ha_3,both,happiness,high,"{""emotion"": ""happiness"", ""intensity"": ""high""}"
s14_ha_4,both,surprise,high,"{""emotion"": ""surprise"", ""intensity"": ""high""}"
s14_ha_5,both,happiness,low,"{""emotion"": ""happiness"", ""intensity"": ""low""}"
s14_sa_1,both,sadness,high,"{""emotion"": ""sadness"", ""intensity"": ""high""}"
s14_sa_2,both,sadness,high,"{""emotion"": ""sadness"", ""intensity"": ""high""}"
s14_sa_3,both,happiness,low,"{""emotion"": ""happiness"", ""intensity"": ""low""}"
s14_sa_4,both,sadness,high,"{""emotion"": ""sadness"", ""intensity"": ""high""}"
s14_sa_5,both,sadness,high,"{""emotion"": ""sadness"", ""intensity"": ""high""}"
s14_su_1,both,surprise,low,"{""emotion"": ""surprise"", ""intensity"": ""low""}"
s14_su_2,both,sadness,high,"{""emotion"": ""sadness"", ""intensity"": ""high""}"
s14_su_3,both,surprise,low,"{""emotion"": ""surprise"", ""intensity"": ""low""}"
s14_su_4,both,surprise,low,"{""emotion"": ""surprise"", ""intensity"": ""low""}"
s14_su_5,both,surprise,low,"{""emotion"": ""surprise"", ""intensity"": ""low""}"
s15_an_1,both,fear,high,"{""emotion"": ""fear"", ""intensity"": ""high""}"
s15_an_2,both,anger,high,"{""emotion"": ""anger"", ""intensity"": ""high""}"
s15_an_3,both,anger,high,"{""emotion"": ""anger"", ""intensity"": ""high""}"
s15_an_4,both,anger,high,"{""emotion"": ""anger"", ""intensity"": ""high""}"
s15_an_5,both,anger,high,"{""emotion"": ""anger"", ""intensity"": ""high""}"
s15_di_1,both,disgust,high,"{""emotion"": ""disgust"", ""intensity"": ""high""}"
s15_di_2,both,disgust,low,"{""emotion"": ""disgust"", ""intensity"": ""low""}"
s15_di_3,both,sadness,high,"{""emotion"": ""sadness"", ""intensity"": ""high""}"
s15_di_4,both,disgust,high,"{""emotion"": ""disgust"", ""intensity"": ""high""}"
s15_di_5,both,disgust,low,"{""emotion"": ""disgust"", ""intensity"": ""low""}"
s15_fe_1,both,fear,low,"{""emotion"": ""fear"", ""intensity"": ""low""}"
s15_fe_2,both,fear,low,"{""emotion"": ""fear"", ""intensity"": ""low""}"
s15_fe_3,both,fear,high,"{""emotion"": ""fear"", ""intensity"": ""high""}"
s15_fe_4,both,fear,high,"{""emotion"": ""fear"", ""intensity"": ""high""}"
s15_fe_5,both,sadness,low,"{""emotion"": ""sadness"", ""intensity"": ""low""}"
s15_ha_1,both,happiness,high,"{""emotion"": ""happiness"", ""intensity"": ""high""}"
s15_ha_2,both,happiness,high,"{""emotion"": ""happiness"", ""intensity"": ""high""}"
s15_ha_3,both,happiness,high,"{""emotion"": ""happiness"", ""intensity"": ""high""}"
s15_ha_4,both,happiness,high,"{""emotion"": ""happiness"", ""intensity"": ""high""}"
s15_ha_5,both,happiness,high,"{""emotion"": ""happiness"", ""intensity"": ""high""}"
s15_sa_1,both,sadness,high,"{""emotion"": ""sadness"", ""intensity"": ""high""}"
s15_sa_2,both,sadness,high,"{""emotion"": ""sadness"", ""intensity"": ""high""}"
s15_sa_3,both,sadness,high,"{""emotion"": ""sadness"", ""intensity"": ""high""}"
s15_sa_4,both,happiness,low,"{""emotion"": ""happiness"", ""intensity"": ""low""}"
s15_sa_5,both,happiness,low,"{""emotion"": ""happiness"", ""intensity"": ""low""}"
s15_su_1,both,surprise,low,"{""emotion"": ""surprise"", ""intensity"": ""low""}"
s15_su_2,both,surprise,low,"{""emotion"": ""surprise"", ""intensity"": ""low""}"
s15_su_3,both,surprise,low,"{""emotion"": ""surprise"", ""intensity"": ""low""}"
s15_su_4,both,surprise,low,"{""emotion"": ""surprise"", ""intensity"": ""low""}"
s15_su_5,both,surprise,low,"{""emotion"": ""surprise"", ""intensity"": ""low""}"
s16_an_1,both,fear,high,"{""emotion"": ""fear"", ""intensity"": ""high""}"
s16_an_2,both,anger,high,"{""emotion"": ""anger"", ""intensity"": ""high""}"
s16_an_3,both,anger,high,"{""emotion"": ""anger"", ""intensity"": ""high""}"
s16_an_4,both,anger,high,"{""emotion"": ""anger"", ""intensity"": ""high""}"
s16_an_5,both,anger,low,"{""emotion"": ""anger"", ""intensity"": ""low""}"
s16_di_1,both,anger,high,"{""emotion"": ""anger"", ""intensity"": ""high""}"
s16_di_2,both,disgust,high,"{""emotion"": ""disgust"", ""intensity"": ""high""}"
s16_di_3,both,disgust,high,"{""emotion"": ""disgust"", ""intensity"": ""high""}"
s16_di_4,both,disgust,high,"{""emotion"": ""disgust"", ""intensity"": ""high""}"
s16_di_5,both,disgust,high,"{""emotion"": ""disgust"", ""intensity"": ""high""}"
s16_fe_1,both,fear,high,"{""emotion"": ""fear"", ""intensity"": ""high""}"
s16_fe_2,both,fear,high,"{""emotion"": ""fear"", ""intensity"": ""high""}"
s16_fe_3,both,fear,high,"{""emotion"": ""fear"", ""intensity"": ""high""}"
s16_fe_4,both,anger,high,"{""emotion"": ""anger"", ""intensity"": ""high""}"
s16_fe_5,both,fear,high,"{""emotion"": ""fear"", ""intensity"": ""high""}"
s16_ha_1,both,happiness,high,"{""emotion"": ""happiness"", ""intensity"": ""high""}"
s16_ha_2,both,happiness,high,"{""emotion"": ""happiness"", ""intensity"": ""high""}"
s16_ha_3,both,happiness,high,"{""emotion"": ""happiness"", ""intensity"": ""high""}"
s16_ha_4,both,happiness,high,"{""emotion"": ""happiness"", ""intensity"": ""high""}"
s16_ha_5,both,happiness,high,"{""emotion"": ""happiness"", ""intensity"": ""high""}"
s16_sa_1,both,sadness,low,"{""emotion"": ""sadness"", ""intensity"": ""low""}"
s16_sa_2,both,fear,high,"{""emotion"": ""fear"", ""intensity"": ""high""}"
s16_sa_3,both,sadness,high,"{""emotion"": ""sadness"", ""intensity"": ""high""}"
s16_sa_4,both,happiness,low,"{""emotion"": ""happiness"", ""intensity"": ""low""}"
s16_sa_5,both,sadness,high,"{""emotion"": ""sadness"", ""intensity"": ""high""}"
s16_su_1,both,anger,high,"{""emotion"": ""anger"", ""intensity"": ""high""}"
s16_su_2,both,surprise,high,"{""emotion"": ""surprise"", ""intensity"": ""high""}"
s16_su_3avi,both,surprise,low,"{""emotion"": ""surprise"", ""intensity"": ""low""}"
s16_su_4,both,surprise,high,"{""emotion"": ""surprise"", ""intensity"": ""high""}"
s16_su_5,both,surprise,high,"{""emotion"": ""surprise"", ""intensity"": ""high""}"
s17_an_1,both,fear,high,"{""emotion"": ""fear"", ""intensity"": ""high""}"
s17_an_2,both,disgust,low,"{""emotion"": ""disgust"", ""intensity"": ""low""}"
s17_an_3,both,anger,high,"{""emotion"": ""anger"", ""intensity"": ""high""}"
s17_an_4,both,anger,low,"{""emotion"": ""anger"", ""intensity"": ""low""}"
s17_an_5,both,anger,low,"{""emotion"": ""anger"", ""intensity"": ""low""}"
s17_di_1,both,disgust,high,"{""emotion"": ""disgust"", ""intensity"": ""high""}"
s17_di_2,both,surprise,high,"{""emotion"": ""surprise"", ""intensity"": ""high""}"
s17_di_3,both,disgust,high,"{""emotion"": ""disgust"", ""intensity"": ""high""}"
s17_di_4,both,disgust,high,"{""emotion"": ""disgust"", ""intensity"": ""high""}"
s17_di_5,both,disgust,high,"{""emotion"": ""disgust"", ""intensity"": ""high""}"
s17_fe_1,both,fear,high,"{""emotion"": ""fear"", ""intensity"": ""high""}"
s17_fe_2,both,fear,high,"{""emotion"": ""fear"", ""intensity"": ""high""}"
s17_fe_3,both,fear,high,"{""emotion"": ""fear"", ""intensity"": ""high""}"
s17_fe_4,both,fear,high,"{""emotion"": ""fear"", ""intensity"": ""high""}"
s17_fe_5,both,fear,low,"{""emotion"": ""fear"", ""intensity"": ""moderate""}"
s17_ha_1,both,happiness,low,"{""emotion"": ""happiness"", ""intensity"": ""low""}"
s17_ha_2,both,happiness,high,"{""emotion"": ""happiness"", ""intensity"": ""high""}"
s17_ha_3,both,happiness,high,"{""emotion"": ""happiness"", ""intensity"": ""high""}"
s17_ha_4,both,happiness,low,"{""emotion"": ""happiness"", ""intensity"": ""low""}"
s17_ha_5,both,happiness,low,"{""emotion"": ""happiness"", ""intensity"": ""low""}"
s17_sa_1,both,sadness,high,"{""emotion"": ""sadness"", ""intensity"": ""high""}"
s17_sa_2,both,sadness,high,"{""emotion"": ""sadness"", ""intensity"": ""high""}"
s17_sa_3,both,sadness,high,"{""emotion"": ""sadness"", ""intensity"": ""high""}"
s17_sa_4,both,happiness,high,"{""emotion"": ""happiness"", ""intensity"": ""high""}"
s17_sa_5,both,sadness,high,"{""emotion"": ""sadness"", ""intensity"": ""high""}"
s17_su_1,both,sadness,low,"{""emotion"": ""sadness"", ""intensity"": ""low""}"
s17_su_2,both,surprise,low,"{""emotion"": ""surprise"", ""intensity"": ""low""}"
s17_su_3,both,surprise,high,"{""emotion"": ""surprise"", ""intensity"": ""high""}"
s17_su_4,both,surprise,low,"{""emotion"": ""surprise"", ""intensity"": ""low""}"
s17_su_5,both,surprise,high,"{""emotion"": ""surprise"", ""intensity"": ""high""}"
s18_an_1,both,fear,high,"{""emotion"": ""fear"", ""intensity"": ""high""}"
s18_an_2,both,anger,low,"{""emotion"": ""anger"", ""intensity"": ""moderate""}"
s18_an_3,both,anger,high,"{""emotion"": ""anger"", ""intensity"": ""high""}"
s18_an_4,both,anger,high,"{""emotion"": ""anger"", ""intensity"": ""high""}"
s18_an_5,both,anger,high,"{""emotion"": ""anger"", ""intensity"": ""high""}"
s18_di_1,both,sadness,high,"{""emotion"": ""sadness"", ""intensity"": ""high""}"
s18_di_2,both,fear,high,"{""emotion"": ""fear"", ""intensity"": ""high""}"
s18_di_3,both,surprise,high,"{""emotion"": ""surprise"", ""intensity"": ""high""}"
s18_di_4,both,disgust,high,"{""emotion"": ""disgust"", ""intensity"": ""high""}"
s18_di_5,both,disgust,high,"{""emotion"": ""disgust"", ""intensity"": ""high""}"
s18_fe_1,both,fear,high,"{""emotion"": ""fear"", ""intensity"": ""high""}"
s18_fe_2,both,fear,low,"{""emotion"": ""fear"", ""intensity"": ""low""}"
s18_fe_3,both,fear,high,"{""emotion"": ""fear"", ""intensity"": ""high""}"
s18_fe_4,both,fear,high,"{""emotion"": ""fear"", ""intensity"": ""high""}"
s18_fe_5,both,fear,high,"{""emotion"": ""fear"", ""intensity"": ""high""}"
s18_ha_1,both,happiness,high,"{""emotion"": ""happiness"", ""intensity"": ""high""}"
s18_ha_2,both,happiness,high,"{""emotion"": ""happiness"", ""intensity"": ""high""}"
s18_ha_3,both,happiness,high,"{""emotion"": ""happiness"", ""intensity"": ""high""}"
s18_ha_4,both,happiness,high,"{""emotion"": ""happiness"", ""intensity"": ""high""}"
s18_ha_5,both,happiness,high,"{""emotion"": ""happiness"", ""intensity"": ""high""}"
s18_sa_1,both,sadness,low,"{""emotion"": ""sadness"", ""intensity"": ""low""}"
s18_sa_2,both,sadness,high,"{""emotion"": ""sadness"", ""intensity"": ""high""}"
s18_sa_3,both,sadness,high,"{""emotion"": ""sadness"", ""intensity"": ""high""}"
s18_sa_4,both,sadness,high,"{""emotion"": ""sadness"", ""intensity"": ""high""}"
s18_sa_5,both,sadness,high,"{""emotion"": ""sadness"", ""intensity"": ""high""}"
s18_su_1,both,surprise,high,"{""emotion"": ""surprise"", ""intensity"": ""high""}"
s18_su_2,both,surprise,high,"{""emotion"": ""surprise"", ""intensity"": ""high""}"
s18_su_3,both,surprise,high,"{""emotion"": ""surprise"", ""intensity"": ""high""}"
s18_su_4,both,surprise,low,"{""emotion"": ""surprise"", ""intensity"": ""low""}"
s18_su_5,both,happiness,high,"{""emotion"": ""happiness"", ""intensity"": ""high""}"
s19_an_1,both,anger,high,"{""emotion"": ""anger"", ""intensity"": ""high""}"
s19_an_2,both,anger,high,"{""emotion"": ""anger"", ""intensity"": ""high""}"
s19_an_3,both,anger,high,"{""emotion"": ""anger"", ""intensity"": ""high""}"
s19_an_4,both,anger,high,"{""emotion"": ""anger"", ""intensity"": ""high""}"
s19_an_5,both,anger,high,"{""emotion"": ""anger"", ""intensity"": ""high""}"
s19_di_1,both,disgust,high,"{""emotion"": ""disgust"", ""intensity"": ""high""}"
s19_di_2,both,surprise,high,"{""emotion"": ""surprise"", ""intensity"": ""high""}"
s19_di_3,both,disgust,high,"{""emotion"": ""disgust"", ""intensity"": ""high""}"
s19_di_4,both,disgust,high,"{""emotion"": ""disgust"", ""intensity"": ""high""}"
s19_di_5,both,disgust,high,"{""emotion"": ""disgust"", ""intensity"": ""high""}"
s19_fe_1,both,fear,low,"{""emotion"": ""fear"", ""intensity"": ""moderate""}"
s19_fe_2,both,fear,low,"{""emotion"": ""fear"", ""intensity"": ""low""}"
s19_fe_3,both,fear,high,"{""emotion"": ""fear"", ""intensity"": ""high""}"
s19_fe_4,both,fear,low,"{""emotion"": ""fear"", ""intensity"": ""low""}"
s19_fe_5,both,fear,high,"{""emotion"": ""fear"", ""intensity"": ""high""}"
s19_ha_1,both,happiness,low,"{""emotion"": ""happiness"", ""intensity"": ""low""}"
s19_ha_2,both,happiness,high,"{""emotion"": ""happiness"", ""intensity"": ""high""}"
s19_ha_3,both,happiness,high,"{""emotion"": ""happiness"", ""intensity"": ""high""}"
s19_ha_4,both,happiness,high,"{""emotion"": ""happiness"", ""intensity"": ""high""}"
s19_ha_5,both,happiness,low,"{""emotion"": ""happiness"", ""intensity"": ""low""}"
s19_sa_1,both,sadness,low,"{""emotion"": ""sadness"", ""intensity"": ""low""}"
s19_sa_2,both,sadness,high,"{""emotion"": ""sadness"", ""intensity"": ""high""}"
s19_sa_3,both,sadness,high,"{""emotion"": ""sadness"", ""intensity"": ""high""}"
s19_sa_4,both,sadness,low,"{""emotion"": ""sadness"", ""intensity"": ""low""}"
s19_sa_5,both,sadness,high,"{""emotion"": ""sadness"", ""intensity"": ""high""}"
s19_su_1,both,anger,high,"{""emotion"": ""anger"", ""intensity"": ""high""}"
s19_su_2,both,surprise,low,"{""emotion"": ""surprise"", ""intensity"": ""low""}"
s19_su_3,both,surprise,low,"{""emotion"": ""surprise"", ""intensity"": ""moderate""}"
s19_su_4,both,surprise,low,"{""emotion"": ""surprise"", ""intensity"": ""low""}"
s19_su_5,both,disgust,low,"{""emotion"": ""disgust"", ""intensity"": ""low""}"
s1_an_1,both,anger,high,"{""emotion"": ""anger"", ""intensity"": ""high""}"
s1_an_2,both,anger,high,"{""emotion"": ""anger"", ""intensity"": ""high""}"
s1_an_3,both,anger,low,"{""emotion"": ""anger"", ""intensity"": ""low""}"
s1_an_4,both,anger,high,"{""emotion"": ""anger"", ""intensity"": ""high""}"
s1_an_5,both,anger,high,"{""emotion"": ""anger"", ""intensity"": ""high""}"
s1_di_1,both,disgust,high,"{""emotion"": ""disgust"", ""intensity"": ""high""}"
s1_di_2,both,disgust,low,"{""emotion"": ""disgust"", ""intensity"": ""low""}"
s1_di_3,both,disgust,high,"{""emotion"": ""disgust"", ""intensity"": ""high""}"
s1_di_4,both,disgust,high,"{""emotion"": ""disgust"", ""intensity"": ""high""}"
s1_di_5,both,disgust,high,"{""emotion"": ""disgust"", ""intensity"": ""high""}"
s1_fe_1,both,fear,high,"{""emotion"": ""fear"", ""intensity"": ""high""}"
s1_fe_2,both,fear,high,"{""emotion"": ""fear"", ""intensity"": ""high""}"
s1_fe_3,both,fear,low,"{""emotion"": ""fear"", ""intensity"": ""moderate""}"
s1_fe_4,both,anger,high,"{""emotion"": ""anger"", ""intensity"": ""high""}"
s1_fe_5,both,fear,high,"{""emotion"": ""fear"", ""intensity"": ""high""}"
s1_ha_1,both,happiness,high,"{""emotion"": ""happiness"", ""intensity"": ""high""}"
s1_ha_2,both,happiness,high,"{""emotion"": ""happiness"", ""intensity"": ""high""}"
s1_ha_3,both,happiness,high,"{""emotion"": ""happiness"", ""intensity"": ""high""}"
s1_ha_4,both,happiness,high,"{""emotion"": ""happiness"", ""intensity"": ""high""}"
s1_ha_5,both,happiness,high,"{""emotion"": ""happiness"", ""intensity"": ""high""}"
s1_sa_1,both,sadness,high,"{""emotion"": ""sadness"", ""intensity"": ""high""}"
s1_sa_2,both,sadness,high,"{""emotion"": ""sadness"", ""intensity"": ""high""}"
s1_sa_3,both,sadness,high,"{""emotion"": ""sadness"", ""intensity"": ""high""}"
s1_sa_4,both,sadness,high,"{""emotion"": ""sadness"", ""intensity"": ""high""}"
s1_sa_5,both,sadness,high,"{""emotion"": ""sadness"", ""intensity"": ""high""}"
s1_su_1,both,surprise,low,"{""emotion"": ""surprise"", ""intensity"": ""low""}"
s1_su_2,both,disgust,low,"{""emotion"": ""disgust"", ""intensity"": ""low""}"
s1_su_3,both,surprise,high,"{""emotion"": ""surprise"", ""intensity"": ""high""}"
s1_su_4,both,surprise,low,"{""emotion"": ""surprise"", ""intensity"": ""low""}"
s1_su_5,both,surprise,low,"{""emotion"": ""surprise"", ""intensity"": ""moderate""}"
s20_an_1,both,fear,high,"{""emotion"": ""fear"", ""intensity"": ""high""}"
s20_an_2,both,anger,high,"{""emotion"": ""anger"", ""intensity"": ""high""}"
s20_an_3,both,anger,high,"{""emotion"": ""anger"", ""intensity"": ""high""}"
s20_an_4,both,anger,high,"{""emotion"": ""anger"", ""intensity"": ""high""}"
s20_an_5,both,anger,high,"{""emotion"": ""anger"", ""intensity"": ""high""}"
s20_di_1,both,disgust,high,"{""emotion"": ""disgust"", ""intensity"": ""high""}"
s20_di_2,both,disgust,high,"{""emotion"": ""disgust"", ""intensity"": ""high""}"
s20_di_3,both,disgust,high,"{""emotion"": ""disgust"", ""intensity"": ""high""}"
s20_di_4,both,disgust,high,"{""emotion"": ""disgust"", ""intensity"": ""high""}"
s20_di_5,both,disgust,high,"{""emotion"": ""disgust"", ""intensity"": ""high""}"
s20_fe_1,both,surprise,high,"{""emotion"": ""surprise"", ""intensity"": ""high""}"
s20_fe_2,both,anger,high,"{""emotion"": ""anger"", ""intensity"": ""high""}"
s20_fe_3,both,fear,high,"{""emotion"": ""fear"", ""intensity"": ""high""}"
s20_fe_4,both,anger,high,"{""emotion"": ""anger"", ""intensity"": ""high""}"
s20_fe_5,both,sadness,high,"{""emotion"": ""sadness"", ""intensity"": ""high""}"
s20_ha_1,both,happiness,high,"{""emotion"": ""happiness"", ""intensity"": ""high""}"
s20_ha_2,both,happiness,high,"{""emotion"": ""happiness"", ""intensity"": ""high""}"
s20_ha_3,both,happiness,high,"{""emotion"": ""happiness"", ""intensity"": ""high""}"
s20_ha_4,both,happiness,low,"{""emotion"": ""happiness"", ""intensity"": ""low""}"
s20_ha_5,both,happiness,low,"{""emotion"": ""happiness"", ""intensity"": ""low""}"
s20_sa_1,both,sadness,high,"{""emotion"": ""sadness"", ""intensity"": ""high""}"
s20_sa_2,both,fear,high,"{""emotion"": ""fear"", ""intensity"": ""high""}"
s20_sa_3,both,sadness,high,"{""emotion"": ""sadness"", ""intensity"": ""high""}"
s20_sa_4,both,sadness,high,"{""emotion"": ""sadness"", ""intensity"": ""high""}"
s20_sa_5,both,sadness,high,"{""emotion"": ""sadness"", ""intensity"": ""high""}"
s20_su_1,both,anger,high,"{""emotion"": ""anger"", ""intensity"": ""high""}"
s20_su_2,both,fear,low,"{""emotion"": ""fear"", ""intensity"": ""low""}"
s20_su_3,both,surprise,low,"{""emotion"": ""surprise"", ""intensity"": ""low""}"
s20_su_4,both,surprise,high,"{""emotion"": ""surprise"", ""intensity"": ""high""}"
s20_su_5,both,surprise,high,"{""emotion"": ""surprise"", ""intensity"": ""high""}"
s21_an_1,both,surprise,low,"{""emotion"": ""surprise"", ""intensity"": ""low""}"
s21_an_2,both,anger,high,"{""emotion"": ""anger"", ""intensity"": ""high""}"
s21_an_3,both,sadness,low,"{""emotion"": ""sadness"", ""intensity"": ""low""}"
s21_an_4,both,anger,high,"{""emotion"": ""anger"", ""intensity"": ""high""}"
s21_an_5,both,anger,high,"{""emotion"": ""anger"", ""intensity"": ""high""}"
s21_di_1,both,anger,high,"{""emotion"": ""anger"", ""intensity"": ""high""}"
s21_di_2,both,disgust,high,"{""emotion"": ""disgust"", ""intensity"": ""high""}"
s21_di_3,both,disgust,high,"{""emotion"": ""disgust"", ""intensity"": ""high""}"
s21_di_4,both,disgust,high,"{""emotion"": ""disgust"", ""intensity"": ""high""}"
s21_di_5,both,happiness,low,"{""emotion"": ""happiness"", ""intensity"": ""low""}"
s21_fe_1,both,fear,high,"{""emotion"": ""fear"", ""intensity"": ""high""}"
s21_fe_2,both,disgust,low,"{""emotion"": ""disgust"", ""intensity"": ""low""}"
s21_fe_3,both,fear,low,"{""emotion"": ""fear"", ""intensity"": ""low""}"
s21_fe_4,both,anger,low,"{""emotion"": ""anger"", ""intensity"": ""low""}"
s21_fe_5,both,sadness,low,"{""emotion"": ""sadness"", ""intensity"": ""low""}"
s21_ha_1,both,happiness,low,"{""emotion"": ""happiness"", ""intensity"": ""moderate""}"
s21_ha_2,both,happiness,high,"{""emotion"": ""happiness"", ""intensity"": ""high""}"
s21_ha_3,both,happiness,high,"{""emotion"": ""happiness"", ""intensity"": ""high""}"
s21_ha_4,both,happiness,low,"{""emotion"": ""happiness"", ""intensity"": ""low""}"
s21_ha_5,both,happiness,low,"{""emotion"": ""happiness"", ""intensity"": ""low""}"
s21_sa_1,both,sadness,high,"{""emotion"": ""sadness"", ""intensity"": ""high""}"
s21_sa_2,both,fear,high,"{""emotion"": ""fear"", ""intensity"": ""high""}"
s21_sa_3,both,sadness,high,"{""emotion"": ""sadness"", ""intensity"": ""high""}"
s21_sa_4,both,sadness,high,"{""emotion"": ""sadness"", ""intensity"": ""high""}"
s21_sa_5,both,sadness,high,"{""emotion"": ""sadness"", ""intensity"": ""high""}"
s21_su_1,both,anger,high,"{""emotion"": ""anger"", ""intensity"": ""high""}"
s21_su_2,both,surprise,low,"{""emotion"": ""surprise"", ""intensity"": ""low""}"
s21_su_3,both,surprise,low,"{""emotion"": ""surprise"", ""intensity"": ""low""}"
s21_su_4,both,surprise,low,"{""emotion"": ""surprise"", ""intensity"": ""low""}"
s21_su_5,both,surprise,low,"{""emotion"": ""surprise"", ""intensity"": ""low""}"
s22_an_1,both,fear,high,"{""emotion"": ""fear"", ""intensity"": ""high""}"
s22_an_2,both,anger,high,"{""emotion"": ""anger"", ""intensity"": ""high""}"
s22_an_3,both,anger,high,"{""emotion"": ""anger"", ""intensity"": ""high""}"
s22_an_4,both,anger,high,"{""emotion"": ""anger"", ""intensity"": ""high""}"
s22_an_5,both,anger,high,"{""emotion"": ""anger"", ""intensity"": ""high""}"
s22_di_1,both,disgust,high,"{""emotion"": ""disgust"", ""intensity"": ""high""}"
s22_di_2,both,surprise,high,"{""emotion"": ""surprise"", ""intensity"": ""high""}"
s22_di_3,both,disgust,high,"{""emotion"": ""disgust"", ""intensity"": ""high""}"
s22_di_4,both,disgust,high,"{""emotion"": ""disgust"", ""intensity"": ""high""}"
s22_di_5,both,disgust,high,"{""emotion"": ""disgust"", ""intensity"": ""high""}"
s22_fe_1,both,fear,high,"{""emotion"": ""fear"", ""intensity"": ""high""}"
s22_fe_2,both,fear,high,"{""emotion"": ""fear"", ""intensity"": ""high""}"
s22_fe_3,both,fear,high,"{""emotion"": ""fear"", ""intensity"": ""high""}"
s22_fe_4,both,anger,high,"{""emotion"": ""anger"", ""intensity"": ""high""}"
s22_fe_5,both,fear,high,"{""emotion"": ""fear"", ""intensity"": ""high""}"
s22_ha_1,both,happiness,high,"{""emotion"": ""happiness"", ""intensity"": ""high""}"
s22_ha_2,both,happiness,high,"{""emotion"": ""happiness"", ""intensity"": ""high""}"
s22_ha_3,both,happiness,high,"{""emotion"": ""happiness"", ""intensity"": ""high""}"
s22_ha_4,both,happiness,low,"{""emotion"": ""happiness"", ""intensity"": ""low""}"
s22_ha_5,both,happiness,high,"{""emotion"": ""happiness"", ""intensity"": ""high""}"
s22_sa_1,both,happiness,low,"{""emotion"": ""happiness"", ""intensity"": ""low""}"
s22_sa_2,both,fear,high,"{""emotion"": ""fear"", ""intensity"": ""high""}"
s22_sa_3,both,sadness,low,"{""emotion"": ""sadness"", ""intensity"": ""low""}"
s22_sa_4,both,happiness,high,"{""emotion"": ""happiness"", ""intensity"": ""high""}"
s22_sa_5,both,sadness,high,"{""emotion"": ""sadness"", ""intensity"": ""high""}"
s22_su_1,both,surprise,high,"{""emotion"": ""surprise"", ""intensity"": ""high""}"
s22_su_2,both,surprise,low,"{""emotion"": ""surprise"", ""intensity"": ""low""}"
s22_su_3,both,surprise,low,"{""emotion"": ""surprise"", ""intensity"": ""low""}"
s22_su_4,both,surprise,high,"{""emotion"": ""surprise"", ""intensity"": ""high""}"
s22_su_5,both,surprise,low,"{""emotion"": ""surprise"", ""intensity"": ""moderate""}"
s23_an_1,both,fear,high,"{""emotion"": ""fear"", ""intensity"": ""high""}"
s23_an_2,both,disgust,low,"{""emotion"": ""disgust"", ""intensity"": ""low""}"
s23_an_3,both,anger,high,"{""emotion"": ""anger"", ""intensity"": ""high""}"
s23_an_4,both,anger,high,"{""emotion"": ""anger"", ""intensity"": ""high""}"
s23_an_5,both,anger,high,"{""emotion"": ""anger"", ""intensity"": ""high""}"
s23_di_1,both,disgust,low,"{""emotion"": ""disgust"", ""intensity"": ""moderate""}"
s23_di_2,both,disgust,high,"{""emotion"": ""disgust"", ""intensity"": ""high""}"
s23_di_3,both,disgust,high,"{""emotion"": ""disgust"", ""intensity"": ""high""}"
s23_di_4,both,disgust,high,"{""emotion"": ""disgust"", ""intensity"": ""high""}"
s23_di_5,both,disgust,high,"{""emotion"": ""disgust"", ""intensity"": ""high""}"
s23_fe_1,both,fear,low,"{""emotion"": ""fear"", ""intensity"": ""low""}"
s23_fe_2,both,fear,low,"{""emotion"": ""fear"", ""intensity"": ""low""}"
s23_fe_3,both,fear,high,"{""emotion"": ""fear"", ""intensity"": ""high""}"
s23_fe_4,both,anger,high,"{""emotion"": ""anger"", ""intensity"": ""high""}"
s23_fe_5,both,fear,low,"{""emotion"": ""fear"", ""intensity"": ""moderate""}"
s23_ha_4,both,happiness,high,"{""emotion"": ""happiness"", ""intensity"": ""high""}"
s23_ha_5,both,happiness,high,"{""emotion"": ""happiness"", ""intensity"": ""high""}"
s23_sa_1,both,sadness,high,"{""emotion"": ""sadness"", ""intensity"": ""high""}"
s23_sa_2,both,sadness,high,"{""emotion"": ""sadness"", ""intensity"": ""high""}"
s23_sa_3,both,sadness,high,"{""emotion"": ""sadness"", ""intensity"": ""high""}"
s23_sa_4,both,sadness,high,"{""emotion"": ""sadness"", ""intensity"": ""high""}"
s23_sa_5,both,sadness,high,"{""emotion"": ""sadness"", ""intensity"": ""high""}"
s23_su_1,both,surprise,high,"{""emotion"": ""surprise"", ""intensity"": ""high""}"
s23_su_2,both,surprise,high,"{""emotion"": ""surprise"", ""intensity"": ""high""}"
s23_su_3,both,surprise,high,"{""emotion"": ""surprise"", ""intensity"": ""high""}"
s23_su_4,both,surprise,low,"{""emotion"": ""surprise"", ""intensity"": ""low""}"
s23_su_5,both,surprise,high,"{""emotion"": ""surprise"", ""intensity"": ""high""}"
s24_an_1,both,fear,low,"{""emotion"": ""fear"", ""intensity"": ""low""}"
s24_an_2,both,anger,high,"{""emotion"": ""anger"", ""intensity"": ""high""}"
s24_an_3,both,anger,low,"{""emotion"": ""anger"", ""intensity"": ""low""}"
s24_an_4,both,anger,high,"{""emotion"": ""anger"", ""intensity"": ""high""}"
s24_an_5,both,anger,high,"{""emotion"": ""anger"", ""intensity"": ""high""}"
s24_di_1,both,disgust,high,"{""emotion"": ""disgust"", ""intensity"": ""high""}"
s24_di_2,both,disgust,low,"{""emotion"": ""disgust"", ""intensity"": ""low""}"
s24_di_3,both,disgust,low,"{""emotion"": ""disgust"", ""intensity"": ""moderate""}"
s24_di_4,both,disgust,high,"{""emotion"": ""disgust"", ""intensity"": ""high""}"
s24_di_5,both,disgust,high,"{""emotion"": ""disgust"", ""intensity"": ""high""}"
s24_fe_1,both,fear,low,"{""emotion"": ""fear"", ""intensity"": ""low""}"
s24_fe_2,both,fear,low,"{""emotion"": ""fear"", ""intensity"": ""low""}"
s24_fe_3,both,fear,high,"{""emotion"": ""fear"", ""intensity"": ""high""}"
s24_fe_4,both,fear,high,"{""emotion"": ""fear"", ""intensity"": ""high""}"
s24_fe_5,both,fear,high,"{""emotion"": ""fear"", ""intensity"": ""high""}"
s24_ha_1,both,happiness,high,"{""emotion"": ""happiness"", ""intensity"": ""high""}"
s24_ha_2,both,happiness,high,"{""emotion"": ""happiness"", ""intensity"": ""high""}"
s24_ha_3,both,happiness,high,"{""emotion"": ""happiness"", ""intensity"": ""high""}"
s24_ha_4,both,happiness,low,"{""emotion"": ""happiness"", ""intensity"": ""low""}"
s24_ha_5,both,happiness,low,"{""emotion"": ""happiness"", ""intensity"": ""low""}"
s24_sa_1,both,sadness,high,"{""emotion"": ""sadness"", ""intensity"": ""high""}"
s24_sa_2,both,fear,low,"{""emotion"": ""fear"", ""intensity"": ""low""}"
s24_sa_3,both,sadness,low,"{""emotion"": ""sadness"", ""intensity"": ""low""}"
s24_sa_4,both,sadness,low,"{""emotion"": ""sadness"", ""intensity"": ""low""}"
s24_sa_5,both,sadness,low,"{""emotion"": ""sadness"", ""intensity"": ""low""}"
s24_su_1,both,surprise,low,"{""emotion"": ""surprise"", ""intensity"": ""low""}"
s24_su_2,both,surprise,low,"{""emotion"": ""surprise"", ""intensity"": ""low""}"
s24_su_3,both,surprise,low,"{""emotion"": ""surprise"", ""intensity"": ""low""}"
s24_su_4,both,surprise,low,"{""emotion"": ""surprise"", ""intensity"": ""low""}"
s24_su_5,both,surprise,low,"{""emotion"": ""surprise"", ""intensity"": ""low""}"
s25_an_1,both,fear,high,"{""emotion"": ""fear"", ""intensity"": ""high""}"
s25_an_2,both,anger,high,"{""emotion"": ""anger"", ""intensity"": ""high""}"
s25_an_3,both,anger,high,"{""emotion"": ""anger"", ""intensity"": ""high""}"
s25_an_4,both,anger,high,"{""emotion"": ""anger"", ""intensity"": ""high""}"
s25_an_5,both,anger,high,"{""emotion"": ""anger"", ""intensity"": ""high""}"
s25_di_1,both,disgust,high,"{""emotion"": ""disgust"", ""intensity"": ""high""}"
s25_di_2,both,disgust,high,"{""emotion"": ""disgust"", ""intensity"": ""high""}"
s25_di_3,both,disgust,high,"{""emotion"": ""disgust"", ""intensity"": ""high""}"
s25_di_4,both,disgust,high,"{""emotion"": ""disgust"", ""intensity"": ""high""}"
s25_di_5,both,disgust,low,"{""emotion"": ""disgust"", ""intensity"": ""moderate""}"
s25_fe_1,both,fear,high,"{""emotion"": ""fear"", ""intensity"": ""high""}"
s25_fe_2,both,fear,low,"{""emotion"": ""fear"", ""intensity"": ""low""}"
s25_fe_3,both,fear,high,"{""emotion"": ""fear"", ""intensity"": ""high""}"
s25_fe_4,both,anger,high,"{""emotion"": ""anger"", ""intensity"": ""high""}"
s25_fe_5,both,fear,high,"{""emotion"": ""fear"", ""intensity"": ""high""}"
s25_ha_1,both,happiness,low,"{""emotion"": ""happiness"", ""intensity"": ""low""}"
s25_ha_2,both,happiness,high,"{""emotion"": ""happiness"", ""intensity"": ""high""}"
s25_ha_3,both,happiness,high,"{""emotion"": ""happiness"", ""intensity"": ""high""}"
s25_ha_4,both,happiness,high,"{""emotion"": ""happiness"", ""intensity"": ""high""}"
s25_ha_5,both,happiness,high,"{""emotion"": ""happiness"", ""intensity"": ""high""}"
s25_sa_1,both,sadness,high,"{""emotion"": ""sadness"", ""intensity"": ""high""}"
s25_sa_2,both,fear,high,"{""emotion"": ""fear"", ""intensity"": ""high""}"
s25_sa_3,both,sadness,low,"{""emotion"": ""sadness"", ""intensity"": ""moderate""}"
s25_sa_4,both,happiness,low,"{""emotion"": ""happiness"", ""intensity"": ""moderate""}"
s25_sa_5,both,sadness,high,"{""emotion"": ""sadness"", ""intensity"": ""high""}"
s25_su_1,both,surprise,high,"{""emotion"": ""surprise"", ""intensity"": ""high""}"
s25_su_2,both,surprise,low,"{""emotion"": ""surprise"", ""intensity"": ""low""}"
s25_su_3,both,surprise,high,"{""emotion"": ""surprise"", ""intensity"": ""high""}"
s25_su_4,both,surprise,low,"{""emotion"": ""surprise"", ""intensity"": ""low""}"
s25_su_5,both,surprise,high,"{""emotion"": ""surprise"", ""intensity"": ""high""}"
s26_an_1,both,fear,low,"{""emotion"": ""fear"", ""intensity"": ""low""}"
s26_an_2,both,anger,high,"{""emotion"": ""anger"", ""intensity"": ""high""}"
s26_an_3,both,anger,high,"{""emotion"": ""anger"", ""intensity"": ""high""}"
s26_an_4,both,anger,high,"{""emotion"": ""anger"", ""intensity"": ""high""}"
s26_an_5,both,anger,high,"{""emotion"": ""anger"", ""intensity"": ""high""}"
s26_di_1,both,disgust,high,"{""emotion"": ""disgust"", ""intensity"": ""high""}"
s26_di_2,both,surprise,high,"{""emotion"": ""surprise"", ""intensity"": ""high""}"
s26_di_3,both,disgust,high,"{""emotion"": ""disgust"", ""intensity"": ""high""}"
s26_di_4,both,disgust,high,"{""emotion"": ""disgust"", ""intensity"": ""high""}"
s26_di_5,both,disgust,high,"{""emotion"": ""disgust"", ""intensity"": ""high""}"
s26_fe_1,both,fear,high,"{""emotion"": ""fear"", ""intensity"": ""high""}"
s26_fe_2,both,fear,high,"{""emotion"": ""fear"", ""intensity"": ""high""}"
s26_fe_3,both,fear,high,"{""emotion"": ""fear"", ""intensity"": ""high""}"
s26_fe_4,both,anger,high,"{""emotion"": ""anger"", ""intensity"": ""high""}"
s26_fe_5,both,fear,high,"{""emotion"": ""fear"", ""intensity"": ""high""}"
s26_ha_1,both,happiness,low,"{""emotion"": ""happiness"", ""intensity"": ""moderate""}"
s26_ha_2,both,happiness,high,"{""emotion"": ""happiness"", ""intensity"": ""high""}"
s26_ha_3,both,happiness,low,"{""emotion"": ""happiness"", ""intensity"": ""low""}"
s26_ha_4,both,happiness,low,"{""emotion"": ""happiness"", ""intensity"": ""low""}"
s26_ha_5,both,happiness,high,"{""emotion"": ""happiness"", ""intensity"": ""high""}"
s26_sa_1,both,sadness,high,"{""emotion"": ""sadness"", ""intensity"": ""high""}"
s26_sa_2,both,fear,low,"{""emotion"": ""fear"", ""intensity"": ""low""}"
s26_sa_3,both,sadness,high,"{""emotion"": ""sadness"", ""intensity"": ""high""}"
s26_sa_4,both,sadness,high,"{""emotion"": ""sadness"", ""intensity"": ""high""}"
s26_sa_5,both,sadness,low,"{""emotion"": ""sadness"", ""intensity"": ""low""}"
s26_su_1,both,surprise,high,"{""emotion"": ""surprise"", ""intensity"": ""high""}"
s26_su_2,both,surprise,low,"{""emotion"": ""surprise"", ""intensity"": ""low""}"
s26_su_3,both,surprise,high,"{""emotion"": ""surprise"", ""intensity"": ""high""}"
s26_su_4,both,surprise,low,"{""emotion"": ""surprise"", ""intensity"": ""low""}"
s26_su_5,both,surprise,high,"{""emotion"": ""surprise"", ""intensity"": ""high""}"
s27_an_1,both,fear,high,"{""emotion"": ""fear"", ""intensity"": ""high""}"
s27_an_2,both,anger,high,"{""emotion"": ""anger"", ""intensity"": ""high""}"
s27_an_3,both,anger,high,"{""emotion"": ""anger"", ""intensity"": ""high""}"
s27_an_4,both,anger,high,"{""emotion"": ""anger"", ""intensity"": ""high""}"
s27_an_5,both,anger,high,"{""emotion"": ""anger"", ""intensity"": ""high""}"
s27_di_1,both,disgust,high,"{""emotion"": ""disgust"", ""intensity"": ""high""}"
s27_di_2,both,surprise,high,"{""emotion"": ""surprise"", ""intensity"": ""high""}"
s27_di_3,both,disgust,high,"{""emotion"": ""disgust"", ""intensity"": ""high""}"
s27_di_4,both,disgust,high,"{""emotion"": ""disgust"", ""intensity"": ""high""}"
s27_di_5,both,disgust,high,"{""emotion"": ""disgust"", ""intensity"": ""high""}"
s27_fe_1,both,fear,high,"{""emotion"": ""fear"", ""intensity"": ""high""}"
s27_fe_2,both,fear,high,"{""emotion"": ""fear"", ""intensity"": ""high""}"
s27_fe_3,both,fear,high,"{""emotion"": ""fear"", ""intensity"": ""high""}"
s27_fe_4,both,anger,high,"{""emotion"": ""anger"", ""intensity"": ""high""}"
s27_fe_5,both,fear,high,"{""emotion"": ""fear"", ""intensity"": ""high""}"
s27_ha_1,both,happiness,high,"{""emotion"": ""happiness"", ""intensity"": ""high""}"
s27_ha_2,both,happiness,low,"{""emotion"": ""happiness"", ""intensity"": ""low""}"
s27_ha_3,both,happiness,high,"{""emotion"": ""happiness"", ""intensity"": ""high""}"
s27_ha_4,both,happiness,low,"{""emotion"": ""happiness"", ""intensity"": ""moderate""}"
s27_ha_5,both,happiness,low,"{""emotion"": ""happiness"", ""intensity"": ""low""}"
s27_sa_1,both,sadness,high,"{""emotion"": ""sadness"", ""intensity"": ""high""}"
s27_sa_2,both,fear,high,"{""emotion"": ""fear"", ""intensity"": ""high""}"
s27_sa_3,both,sadness,high,"{""emotion"": ""sadness"", ""intensity"": ""high""}"
s27_sa_4,both,sadness,high,"{""emotion"": ""sadness"", ""intensity"": ""high""}"
s27_sa_5,both,sadness,high,"{""emotion"": ""sadness"", ""intensity"": ""high""}"
s27_su_1,both,anger,high,"{""emotion"": ""anger"", ""intensity"": ""high""}"
s27_su_2,both,surprise,high,"{""emotion"": ""surprise"", ""intensity"": ""high""}"
s27_su_3,both,surprise,high,"{""emotion"": ""surprise"", ""intensity"": ""high""}"
s27_su_4,both,surprise,low,"{""emotion"": ""surprise"", ""intensity"": ""low""}"
s27_su_5,both,surprise,high,"{""emotion"": ""surprise"", ""intensity"": ""high""}"
s28_an_1,both,fear,low,"{""emotion"": ""fear"", ""intensity"": ""low""}"
s28_an_2,both,disgust,high,"{""emotion"": ""disgust"", ""intensity"": ""high""}"
s28_an_3,both,anger,high,"{""emotion"": ""anger"", ""intensity"": ""high""}"
s28_an_4,both,anger,high,"{""emotion"": ""anger"", ""intensity"": ""high""}"
s28_an_5,both,anger,high,"{""emotion"": ""anger"", ""intensity"": ""high""}"
s28_di_1,both,disgust,high,"{""emotion"": ""disgust"", ""intensity"": ""high""}"
s28_di_2,both,disgust,low,"{""emotion"": ""disgust"", ""intensity"": ""moderate""}"
s28_di_3,both,disgust,low,"{""emotion"": ""disgust"", ""intensity"": ""moderate""}"
s28_di_4,both,disgust,high,"{""emotion"": ""disgust"", ""intensity"": ""high""}"
s28_di_5,both,disgust,high,"{""emotion"": ""disgust"", ""intensity"": ""high""}"
s28_fe_1,both,fear,high,"{""emotion"": ""fear"", ""intensity"": ""high""}"
s28_fe_2,both,fear,low,"{""emotion"": ""fear"", ""intensity"": ""low""}"
s28_fe_3,both,fear,high,"{""emotion"": ""fear"", ""intensity"": ""high""}"
s28_fe_4,both,anger,high,"{""emotion"": ""anger"", ""intensity"": ""high""}"
s28_fe_5,both,fear,low,"{""emotion"": ""fear"", ""intensity"": ""low""}"
s28_ha_1,both,happiness,high,"{""emotion"": ""happiness"", ""intensity"": ""high""}"
s28_ha_2,both,happiness,high,"{""emotion"": ""happiness"", ""intensity"": ""high""}"
s28_ha_3,both,happiness,high,"{""emotion"": ""happiness"", ""intensity"": ""high""}"
s28_ha_4,both,happiness,low,"{""emotion"": ""happiness"", ""intensity"": ""low""}"
s28_ha_5,both,happiness,low,"{""emotion"": ""happiness"", ""intensity"": ""low""}"
s28_sa_1,both,sadness,low,"{""emotion"": ""sadness"", ""intensity"": ""low""}"
s28_sa_2,both,fear,low,"{""emotion"": ""fear"", ""intensity"": ""low""}"
s28_sa_3,both,sadness,low,"{""emotion"": ""sadness"", ""intensity"": ""low""}"
s28_sa_4,both,sadness,low,"{""emotion"": ""sadness"", ""intensity"": ""low""}"
s28_sa_5,both,sadness,high,"{""emotion"": ""sadness"", ""intensity"": ""high""}"
s28_su_1,both,surprise,high,"{""emotion"": ""surprise"", ""intensity"": ""high""}"
s28_su_2,both,surprise,low,"{""emotion"": ""surprise"", ""intensity"": ""low""}"
s28_su_3,both,surprise,high,"{""emotion"": ""surprise"", ""intensity"": ""high""}"
s28_su_4,both,surprise,high,"{""emotion"": ""surprise"", ""intensity"": ""high""}"
s28_su_5,both,surprise,low,"{""emotion"": ""surprise"", ""intensity"": ""low""}"
s29_an_1,both,happiness,low,"{""emotion"": ""happiness"", ""intensity"": ""low""}"
s29_an_2,both,anger,low,"{""emotion"": ""anger"", ""intensity"": ""low""}"
s29_an_3,both,anger,high,"{""emotion"": ""anger"", ""intensity"": ""high""}"
s29_an_4,both,anger,low,"{""emotion"": ""anger"", ""intensity"": ""low""}"
s29_an_5,both,anger,low,"{""emotion"": ""anger"", ""intensity"": ""low""}"
s29_di_1,both,disgust,high,"{""emotion"": ""disgust"", ""intensity"": ""high""}"
s29_di_2,both,disgust,high,"{""emotion"": ""disgust"", ""intensity"": ""high""}"
s29_di_3,both,disgust,high,"{""emotion"": ""disgust"", ""intensity"": ""high""}"
s29_di_4,both,disgust,high,"{""emotion"": ""disgust"", ""intensity"": ""high""}"
s29_di_5,both,disgust,high,"{""emotion"": ""disgust"", ""intensity"": ""high""}"
s29_fe_1,both,fear,high,"{""emotion"": ""fear"", ""intensity"": ""high""}"
s29_fe_2,both,happiness,low,"{""emotion"": ""happiness"", ""intensity"": ""low""}"
s29_fe_3,both,fear,high,"{""emotion"": ""fear"", ""intensity"": ""high""}"
s29_fe_4,both,fear,low,"{""emotion"": ""fear"", ""intensity"": ""low""}"
s29_fe_5,both,fear,high,"{""emotion"": ""fear"", ""intensity"": ""high""}"
s29_ha_1,both,happiness,high,"{""emotion"": ""happiness"", ""intensity"": ""high""}"
s29_ha_2,both,happiness,high,"{""emotion"": ""happiness"", ""intensity"": ""high""}"
s29_ha_3,both,happiness,high,"{""emotion"": ""happiness"", ""intensity"": ""high""}"
s29_ha_4,both,happiness,low,"{""emotion"": ""happiness"", ""intensity"": ""low""}"
s29_ha_5,both,happiness,high,"{""emotion"": ""happiness"", ""intensity"": ""high""}"
s29_sa_1,both,sadness,low,"{""emotion"": ""sadness"", ""intensity"": ""low""}"
s29_sa_2,both,sadness,low,"{""emotion"": ""sadness"", ""intensity"": ""low""}"
s29_sa_3,both,sadness,low,"{""emotion"": ""sadness"", ""intensity"": ""low""}"
s29_sa_4,both,sadness,high,"{""emotion"": ""sadness"", ""intensity"": ""high""}"
s29_sa_5,both,sadness,high,"{""emotion"": ""sadness"", ""intensity"": ""high""}"
s29_su_1,both,surprise,high,"{""emotion"": ""surprise"", ""intensity"": ""high""}"
s29_su_2,both,surprise,high,"{""emotion"": ""surprise"", ""intensity"": ""high""}"
s29_su_3,both,surprise,low,"{""emotion"": ""surprise"", ""intensity"": ""low""}"
s29_su_4,both,surprise,high,"{""emotion"": ""surprise"", ""intensity"": ""high""}"
s29_su_5,both,surprise,low,"{""emotion"": ""surprise"", ""intensity"": ""low""}"
s2_an_1,both,anger,high,"{""emotion"": ""anger"", ""intensity"": ""high""}"
s2_an_2,both,fear,high,"{""emotion"": ""fear"", ""intensity"": ""high""}"
s2_an_3,both,fear,low,"{""emotion"": ""fear"", ""intensity"": ""low""}"
s2_an_4,both,anger,low,"{""emotion"": ""anger"", ""intensity"": ""low""}"
s2_an_5,both,anger,high,"{""emotion"": ""anger"", ""intensity"": ""high""}"
s2_di_1,both,disgust,high,"{""emotion"": ""disgust"", ""intensity"": ""high""}"
s2_di_2,both,disgust,low,"{""emotion"": ""disgust"", ""intensity"": ""low""}"
s2_di_3,both,sadness,low,"{""emotion"": ""sadness"", ""intensity"": ""low""}"
s2_di_4,both,disgust,high,"{""emotion"": ""disgust"", ""intensity"": ""high""}"
s2_di_5,both,disgust,low,"{""emotion"": ""disgust"", ""intensity"": ""low""}"
s2_fe_1,both,fear,high,"{""emotion"": ""fear"", ""intensity"": ""high""}"
s2_fe_2,both,fear,low,"{""emotion"": ""fear"", ""intensity"": ""low""}"
s2_fe_3,both,fear,low,"{""emotion"": ""fear"", ""intensity"": ""low""}"
s2_fe_4,both,anger,high,"{""emotion"": ""anger"", ""intensity"": ""high""}"
s2_fe_5,both,fear,low,"{""emotion"": ""fear"", ""intensity"": ""low""}"
s2_ha_1,both,happiness,high,"{""emotion"": ""happiness"", ""intensity"": ""high""}"
s2_ha_2,both,happiness,high,"{""emotion"": ""happiness"", ""intensity"": ""high""}"
s2_ha_3,both,happiness,high,"{""emotion"": ""happiness"", ""intensity"": ""high""}"
s2_ha_4,both,happiness,high,"{""emotion"": ""happiness"", ""intensity"": ""high""}"
s2_ha_5,both,happiness,high,"{""emotion"": ""happiness"", ""intensity"": ""high""}"
s2_sa_1,both,sadness,low,"{""emotion"": ""sadness"", ""intensity"": ""low""}"
s2_sa_2,both,fear,low,"{""emotion"": ""fear"", ""intensity"": ""low""}"
s2_sa_3,both,sadness,high,"{""emotion"": ""sadness"", ""intensity"": ""high""}"
s2_sa_4,both,sadness,high,"{""emotion"": ""sadness"", ""intensity"": ""high""}"
s2_sa_5,both,sadness,high,"{""emotion"": ""sadness"", ""intensity"": ""high""}"
s2_su_1,both,surprise,high,"{""emotion"": ""surprise"", ""intensity"": ""high""}"
s2_su_2,both,surprise,high,"{""emotion"": ""surprise"", ""intensity"": ""high""}"
s2_su_3,both,surprise,high,"{""emotion"": ""surprise"", ""intensity"": ""high""}"
s2_su_4,both,surprise,low,"{""emotion"": ""surprise"", ""intensity"": ""low""}"
s2_su_5,both,surprise,high,"{""emotion"": ""surprise"", ""intensity"": ""high""}"
s30_an_1,both,fear,high,"{""emotion"": ""fear"", ""intensity"": ""high""}"
s30_an_2,both,anger,high,"{""emotion"": ""anger"", ""intensity"": ""high""}"
s30_an_3,both,anger,high,"{""emotion"": ""anger"", ""intensity"": ""high""}"
s30_an_4,both,anger,high,"{""emotion"": ""anger"", ""intensity"": ""high""}"
s30_an_5,both,anger,low,"{""emotion"": ""anger"", ""intensity"": ""low""}"
s30_di_1,both,disgust,high,"{""emotion"": ""disgust"", ""intensity"": ""high""}"
s30_di_2,both,disgust,high,"{""emotion"": ""disgust"", ""intensity"": ""high""}"
s30_di_3,both,disgust,high,"{""emotion"": ""disgust"", ""intensity"": ""high""}"
s30_di_4,both,disgust,high,"{""emotion"": ""disgust"", ""intensity"": ""high""}"
s30_di_5,both,disgust,high,"{""emotion"": ""disgust"", ""intensity"": ""high""}"
s30_fe_1,both,fear,high,"{""emotion"": ""fear"", ""intensity"": ""high""}"
s30_fe_2,both,fear,low,"{""emotion"": ""fear"", ""intensity"": ""low""}"
s30_fe_3,both,fear,high,"{""emotion"": ""fear"", ""intensity"": ""high""}"
s30_fe_4,both,fear,high,"{""emotion"": ""fear"", ""intensity"": ""high""}"
s30_fe_5,both,fear,high,"{""emotion"": ""fear"", ""intensity"": ""high""}"
s30_ha_1,both,happiness,high,"{""emotion"": ""happiness"", ""intensity"": ""high""}"
s30_ha_2,both,happiness,high,"{""emotion"": ""happiness"", ""intensity"": ""high""}"
s30_ha_3,both,happiness,high,"{""emotion"": ""happiness"", ""intensity"": ""high""}"
s30_ha_4,both,happiness,low,"{""emotion"": ""happiness"", ""intensity"": ""moderate""}"
s30_ha_5,both,happiness,low,"{""emotion"": ""happiness"", ""intensity"": ""low""}"
s30_sa_1,both,sadness,high,"{""emotion"": ""sadness"", ""intensity"": ""high""}"
s30_sa_2,both,fear,high,"{""emotion"": ""fear"", ""intensity"": ""high""}"
s30_sa_3,both,sadness,low,"{""emotion"": ""sadness"", ""intensity"": ""low""}"
s30_sa_4,both,sadness,high,"{""emotion"": ""sadness"", ""intensity"": ""high""}"
s30_sa_5,both,happiness,low,"{""emotion"": ""happiness"", ""intensity"": ""low""}"
s30_su_1,both,surprise,low,"{""emotion"": ""surprise"", ""intensity"": ""low""}"
s30_su_2,both,surprise,high,"{""emotion"": ""surprise"", ""intensity"": ""high""}"
s30_su_3,both,surprise,high,"{""emotion"": ""surprise"", ""intensity"": ""high""}"
s30_su_4,both,surprise,low,"{""emotion"": ""surprise"", ""intensity"": ""low""}"
s30_su_5,both,surprise,high,"{""emotion"": ""surprise"", ""intensity"": ""high""}"
s31_an_1,both,fear,low,"{""emotion"": ""fear"", ""intensity"": ""low""}"
s31_an_2,both,anger,high,"{""emotion"": ""anger"", ""intensity"": ""high""}"
s31_an_3,both,happiness,high,"{""emotion"": ""happiness"", ""intensity"": ""high""}"
s31_an_4,both,anger,high,"{""emotion"": ""anger"", ""intensity"": ""high""}"
s31_an_5,both,anger,high,"{""emotion"": ""anger"", ""intensity"": ""high""}"
s31_di_1,both,happiness,low,"{""emotion"": ""happiness"", ""intensity"": ""moderate""}"
s31_di_2,both,disgust,high,"{""emotion"": ""disgust"", ""intensity"": ""high""}"
s31_di_3,both,happiness,high,"{""emotion"": ""happiness"", ""intensity"": ""high""}"
s31_di_4,both,happiness,low,"{""emotion"": ""happiness"", ""intensity"": ""low""}"
s31_di_5,both,disgust,high,"{""emotion"": ""disgust"", ""intensity"": ""high""}"
s31_fe_1,both,fear,low,"{""emotion"": ""fear"", ""intensity"": ""low""}"
s31_fe_2,both,fear,low,"{""emotion"": ""fear"", ""intensity"": ""low""}"
s31_fe_3,both,fear,high,"{""emotion"": ""fear"", ""intensity"": ""high""}"
s31_fe_4,both,fear,high,"{""emotion"": ""fear"", ""intensity"": ""high""}"
s31_fe_5,both,fear,high,"{""emotion"": ""fear"", ""intensity"": ""high""}"
s31_ha_1,both,happiness,low,"{""emotion"": ""happiness"", ""intensity"": ""low""}"
s31_ha_2,both,happiness,high,"{""emotion"": ""happiness"", ""intensity"": ""high""}"
s31_ha_3,both,happiness,low,"{""emotion"": ""happiness"", ""intensity"": ""low""}"
s31_ha_4,both,happiness,high,"{""emotion"": ""happiness"", ""intensity"": ""high""}"
s31_ha_5,both,happiness,low,"{""emotion"": ""happiness"", ""intensity"": ""low""}"
s31_sa_1,both,sadness,low,"{""emotion"": ""sadness"", ""intensity"": ""low""}"
s31_sa_2,both,fear,low,"{""emotion"": ""fear"", ""intensity"": ""low""}"
s31_sa_3,both,sadness,high,"{""emotion"": ""sadness"", ""intensity"": ""high""}"
s31_sa_4,both,sadness,high,"{""emotion"": ""sadness"", ""intensity"": ""high""}"
s31_sa_5,both,sadness,high,"{""emotion"": ""sadness"", ""intensity"": ""high""}"
s31_su_1,both,surprise,low,"{""emotion"": ""surprise"", ""intensity"": ""low""}"
s31_su_2,both,surprise,low,"{""emotion"": ""surprise"", ""intensity"": ""low""}"
s31_su_3,both,surprise,low,"{""emotion"": ""surprise"", ""intensity"": ""low""}"
s31_su_4,both,surprise,low,"{""emotion"": ""surprise"", ""intensity"": ""low""}"
s31_su_5,both,surprise,low,"{""emotion"": ""surprise"", ""intensity"": ""moderate""}"
s32_an_1,both,fear,high,"{""emotion"": ""fear"", ""intensity"": ""high""}"
s32_an_2,both,anger,high,"{""emotion"": ""anger"", ""intensity"": ""high""}"
s32_an_3,both,anger,high,"{""emotion"": ""anger"", ""intensity"": ""high""}"
s32_an_4,both,anger,high,"{""emotion"": ""anger"", ""intensity"": ""high""}"
s32_an_5,both,anger,high,"{""emotion"": ""anger"", ""intensity"": ""high""}"
s32_di_1,both,disgust,high,"{""emotion"": ""disgust"", ""intensity"": ""high""}"
s32_di_2,both,disgust,low,"{""emotion"": ""disgust"", ""intensity"": ""low""}"
s32_di_3,both,disgust,high,"{""emotion"": ""disgust"", ""intensity"": ""high""}"
s32_di_4,both,disgust,high,"{""emotion"": ""disgust"", ""intensity"": ""high""}"
s32_di_5,both,disgust,low,"{""emotion"": ""disgust"", ""intensity"": ""low""}"
s32_fe_1,both,fear,low,"{""emotion"": ""fear"", ""intensity"": ""low""}"
s32_fe_2,both,fear,high,"{""emotion"": ""fear"", ""intensity"": ""high""}"
s32_fe_3,both,fear,high,"{""emotion"": ""fear"", ""intensity"": ""high""}"
s32_fe_4,both,fear,high,"{""emotion"": ""fear"", ""intensity"": ""high""}"
s32_fe_5,both,fear,high,"{""emotion"": ""fear"", ""intensity"": ""high""}"
s32_ha_1,both,happiness,high,"{""emotion"": ""happiness"", ""intensity"": ""high""}"
s32_ha_2,both,happiness,high,"{""emotion"": ""happiness"", ""intensity"": ""high""}"
s32_ha_3,both,happiness,high,"{""emotion"": ""happiness"", ""intensity"": ""high""}"
s32_ha_4,both,happiness,high,"{""emotion"": ""happiness"", ""intensity"": ""high""}"
s32_ha_5,both,happiness,high,"{""emotion"": ""happiness"", ""intensity"": ""high""}"
s32_sa_1,both,sadness,high,"{""emotion"": ""sadness"", ""intensity"": ""high""}"
s32_sa_2,both,sadness,high,"{""emotion"": ""sadness"", ""intensity"": ""high""}"
s32_sa_3,both,sadness,high,"{""emotion"": ""sadness"", ""intensity"": ""high""}"
s32_sa_4,both,sadness,high,"{""emotion"": ""sadness"", ""intensity"": ""high""}"
s32_sa_5,both,sadness,high,"{""emotion"": ""sadness"", ""intensity"": ""high""}"
s32_su_1,both,surprise,low,"{""emotion"": ""surprise"", ""intensity"": ""low""}"
s32_su_2,both,surprise,low,"{""emotion"": ""surprise"", ""intensity"": ""low""}"
s32_su_3,both,surprise,low,"{""emotion"": ""surprise"", ""intensity"": ""low""}"
s32_su_4,both,surprise,low,"{""emotion"": ""surprise"", ""intensity"": ""low""}"
s32_su_5,both,surprise,low,"{""emotion"": ""surprise"", ""intensity"": ""low""}"
s33_an_1,both,anger,high,"{""emotion"": ""anger"", ""intensity"": ""high""}"
s33_an_2,both,anger,low,"{""emotion"": ""anger"", ""intensity"": ""low""}"
s33_an_3,both,anger,low,"{""emotion"": ""anger"", ""intensity"": ""low""}"
s33_an_4,both,anger,high,"{""emotion"": ""anger"", ""intensity"": ""high""}"
s33_an_5,both,anger,low,"{""emotion"": ""anger"", ""intensity"": ""low""}"
s33_di_1,both,disgust,high,"{""emotion"": ""disgust"", ""intensity"": ""high""}"
s33_di_2,both,disgust,low,"{""emotion"": ""disgust"", ""intensity"": ""moderate""}"
s33_di_3,both,disgust,low,"{""emotion"": ""disgust"", ""intensity"": ""moderate""}"
s33_di_4,both,disgust,high,"{""emotion"": ""disgust"", ""intensity"": ""high""}"
s33_di_5,both,disgust,high,"{""emotion"": ""disgust"", ""intensity"": ""high""}"
s33_fe_1,both,fear,high,"{""emotion"": ""fear"", ""intensity"": ""high""}"
s33_fe_2,both,fear,low,"{""emotion"": ""fear"", ""intensity"": ""low""}"
s33_fe_3,both,fear,high,"{""emotion"": ""fear"", ""intensity"": ""high""}"
s33_fe_4,both,anger,high,"{""emotion"": ""anger"", ""intensity"": ""high""}"
s33_fe_5,both,sadness,low,"{""emotion"": ""sadness"", ""intensity"": ""low""}"
s33_ha_1,both,happiness,high,"{""emotion"": ""happiness"", ""intensity"": ""high""}"
s33_ha_2,both,happiness,low,"{""emotion"": ""happiness"", ""intensity"": ""low""}"
s33_ha_3,both,happiness,low,"{""emotion"": ""happiness"", ""intensity"": ""low""}"
s33_ha_4,both,happiness,low,"{""emotion"": ""happiness"", ""intensity"": ""low""}"
s33_ha_5,both,happiness,low,"{""emotion"": ""happiness"", ""intensity"": ""low""}"
s33_sa_1,both,sadness,low,"{""emotion"": ""sadness"", ""intensity"": ""low""}"
s33_sa_2,both,sadness,low,"{""emotion"": ""sadness"", ""intensity"": ""low""}"
s33_sa_3,both,sadness,high,"{""emotion"": ""sadness"", ""intensity"": ""high""}"
s33_sa_4,both,happiness,low,"{""emotion"": ""happiness"", ""intensity"": ""low""}"
s33_sa_5,both,sadness,high,"{""emotion"": ""sadness"", ""intensity"": ""high""}"
s33_su_1,both,surprise,high,"{""emotion"": ""surprise"", ""intensity"": ""high""}"
s33_su_2,both,surprise,low,"{""emotion"": ""surprise"", ""intensity"": ""low""}"
s33_su_3,both,surprise,low,"{""emotion"": ""surprise"", ""intensity"": ""low""}"
s33_su_4,both,surprise,low,"{""emotion"": ""surprise"", ""intensity"": ""low""}"
s33_su_5,both,surprise,high,"{""emotion"": ""surprise"", ""intensity"": ""high""}"
s34_an_1,both,anger,high,"{""emotion"": ""anger"", ""intensity"": ""high""}"
s34_an_2,both,anger,high,"{""emotion"": ""anger"", ""intensity"": ""high""}"
s34_an_3,both,fear,low,"{""emotion"": ""fear"", ""intensity"": ""low""}"
s34_an_4,both,anger,high,"{""emotion"": ""anger"", ""intensity"": ""high""}"
s34_an_5,both,anger,low,"{""emotion"": ""anger"", ""intensity"": ""low""}"
s34_di_1,both,disgust,high,"{""emotion"": ""disgust"", ""intensity"": ""high""}"
s34_di_2,both,surprise,low,"{""emotion"": ""surprise"", ""intensity"": ""low""}"
s34_di_3,both,disgust,high,"{""emotion"": ""disgust"", ""intensity"": ""high""}"
s34_di_4,both,disgust,high,"{""emotion"": ""disgust"", ""intensity"": ""high""}"
s34_di_5,both,disgust,low,"{""emotion"": ""disgust"", ""intensity"": ""low""}"
s34_fe_1,both,fear,low,"{""emotion"": ""fear"", ""intensity"": ""low""}"
s34_fe_2,both,sadness,high,"{""emotion"": ""sadness"", ""intensity"": ""high""}"
s34_fe_3,both,fear,high,"{""emotion"": ""fear"", ""intensity"": ""high""}"
s34_fe_4,both,anger,high,"{""emotion"": ""anger"", ""intensity"": ""high""}"
s34_fe_5,both,fear,low,"{""emotion"": ""fear"", ""intensity"": ""low""}"
s34_ha_1,both,happiness,low,"{""emotion"": ""happiness"", ""intensity"": ""low""}"
s34_ha_2,both,happiness,high,"{""emotion"": ""happiness"", ""intensity"": ""high""}"
s34_ha_3,both,happiness,low,"{""emotion"": ""happiness"", ""intensity"": ""low""}"
s34_ha_4,both,happiness,low,"{""emotion"": ""happiness"", ""intensity"": ""moderate""}"
s34_ha_5,both,happiness,high,"{""emotion"": ""happiness"", ""intensity"": ""high""}"
s34_sa_1,both,sadness,low,"{""emotion"": ""sadness"", ""intensity"": ""low""}"
s34_sa_2,both,sadness,high,"{""emotion"": ""sadness"", ""intensity"": ""high""}"
s34_sa_3,both,sadness,high,"{""emotion"": ""sadness"", ""intensity"": ""high""}"
s34_sa_4,both,sadness,high,"{""emotion"": ""sadness"", ""intensity"": ""high""}"
s34_sa_5,both,sadness,high,"{""emotion"": ""sadness"", ""intensity"": ""high""}"
s34_su_1,both,surprise,low,"{""emotion"": ""surprise"", ""intensity"": ""low""}"
s34_su_2,both,surprise,low,"{""emotion"": ""surprise"", ""intensity"": ""low""}"
s34_su_3,both,surprise,low,"{""emotion"": ""surprise"", ""intensity"": ""low""}"
s34_su_4,both,surprise,low,"{""emotion"": ""surprise"", ""intensity"": ""low""}"
s34_su_5,both,surprise,high,"{""emotion"": ""surprise"", ""intensity"": ""high""}"
s35_an_1,both,fear,high,"{""emotion"": ""fear"", ""intensity"": ""high""}"
s35_an_2,both,anger,high,"{""emotion"": ""anger"", ""intensity"": ""high""}"
s35_an_3,both,anger,high,"{""emotion"": ""anger"", ""intensity"": ""high""}"
s35_an_4,both,anger,high,"{""emotion"": ""anger"", ""intensity"": ""high""}"
s35_an_5,both,anger,high,"{""emotion"": ""anger"", ""intensity"": ""high""}"
s35_di_1,both,disgust,high,"{""emotion"": ""disgust"", ""intensity"": ""high""}"
s35_di_2,both,disgust,low,"{""emotion"": ""disgust"", ""intensity"": ""low""}"
s35_di_3,both,disgust,high,"{""emotion"": ""disgust"", ""intensity"": ""high""}"
s35_di_4,both,disgust,high,"{""emotion"": ""disgust"", ""intensity"": ""high""}"
s35_di_5,both,disgust,high,"{""emotion"": ""disgust"", ""intensity"": ""high""}"
s35_fe_1,both,fear,high,"{""emotion"": ""fear"", ""intensity"": ""high""}"
s35_fe_2,both,fear,low,"{""emotion"": ""fear"", ""intensity"": ""low""}"
s35_fe_3,both,fear,high,"{""emotion"": ""fear"", ""intensity"": ""high""}"
s35_fe_4,both,anger,high,"{""emotion"": ""anger"", ""intensity"": ""high""}"
s35_fe_5,both,fear,high,"{""emotion"": ""fear"", ""intensity"": ""high""}"
s35_ha_1,both,happiness,high,"{""emotion"": ""happiness"", ""intensity"": ""high""}"
s35_ha_2,both,happiness,high,"{""emotion"": ""happiness"", ""intensity"": ""high""}"
s35_ha_3,both,happiness,high,"{""emotion"": ""happiness"", ""intensity"": ""high""}"
s35_ha_4,both,happiness,low,"{""emotion"": ""happiness"", ""intensity"": ""moderate""}"
s35_ha_5,both,happiness,high,"{""emotion"": ""happiness"", ""intensity"": ""high""}"
s35_sa_1,both,sadness,high,"{""emotion"": ""sadness"", ""intensity"": ""high""}"
s35_sa_2,both,sadness,high,"{""emotion"": ""sadness"", ""intensity"": ""high""}"
s35_sa_3,both,sadness,high,"{""emotion"": ""sadness"", ""intensity"": ""high""}"
s35_sa_4,both,sadness,high,"{""emotion"": ""sadness"", ""intensity"": ""high""}"
s35_sa_5,both,sadness,high,"{""emotion"": ""sadness"", ""intensity"": ""high""}"
s35_su_1,both,surprise,high,"{""emotion"": ""surprise"", ""intensity"": ""high""}"
s35_su_2,both,surprise,low,"{""emotion"": ""surprise"", ""intensity"": ""low""}"
s35_su_3,both,surprise,high,"{""emotion"": ""surprise"", ""intensity"": ""high""}"
s35_su_4,both,surprise,low,"{""emotion"": ""surprise"", ""intensity"": ""moderate""}"
s35_su_5,both,surprise,high,"{""emotion"": ""surprise"", ""intensity"": ""high""}"
s36_an_1,both,fear,high,"{""emotion"": ""fear"", ""intensity"": ""high""}"
s36_an_2,both,anger,low,"{""emotion"": ""anger"", ""intensity"": ""low""}"
s36_an_3,both,anger,high,"{""emotion"": ""anger"", ""intensity"": ""high""}"
s36_an_4,both,anger,high,"{""emotion"": ""anger"", ""intensity"": ""high""}"
s36_an_5,both,anger,low,"{""emotion"": ""anger"", ""intensity"": ""low""}"
s36_di_1,both,disgust,high,"{""emotion"": ""disgust"", ""intensity"": ""high""}"
s36_di_2,both,disgust,low,"{""emotion"": ""disgust"", ""intensity"": ""low""}"
s36_di_3,both,surprise,low,"{""emotion"": ""surprise"", ""intensity"": ""low""}"
s36_di_4,both,disgust,high,"{""emotion"": ""disgust"", ""intensity"": ""high""}"
s36_di_5,both,disgust,low,"{""emotion"": ""disgust"", ""intensity"": ""low""}"
s36_fe_1,both,fear,low,"{""emotion"": ""fear"", ""intensity"": ""low""}"
s36_fe_2,both,fear,low,"{""emotion"": ""fear"", ""intensity"": ""low""}"
s36_fe_3,both,fear,low,"{""emotion"": ""fear"", ""intensity"": ""low""}"
s36_fe_4,both,anger,high,"{""emotion"": ""anger"", ""intensity"": ""high""}"
s36_fe_5,both,fear,high,"{""emotion"": ""fear"", ""intensity"": ""high""}"
s36_ha_1,both,happiness,low,"{""emotion"": ""happiness"", ""intensity"": ""low""}"
s36_ha_2,both,happiness,low,"{""emotion"": ""happiness"", ""intensity"": ""low""}"
s36_ha_3,both,happiness,high,"{""emotion"": ""happiness"", ""intensity"": ""high""}"
s36_ha_4,both,happiness,high,"{""emotion"": ""happiness"", ""intensity"": ""high""}"
s36_ha_5,both,happiness,high,"{""emotion"": ""happiness"", ""intensity"": ""high""}"
s36_sa_1,both,sadness,low,"{""emotion"": ""sadness"", ""intensity"": ""low""}"
s36_sa_2,both,fear,low,"{""emotion"": ""fear"", ""intensity"": ""low""}"
s36_sa_3,both,sadness,low,"{""emotion"": ""sadness"", ""intensity"": ""low""}"
s36_sa_4,both,sadness,high,"{""emotion"": ""sadness"", ""intensity"": ""high""}"
s36_sa_5,both,sadness,high,"{""emotion"": ""sadness"", ""intensity"": ""high""}"
s36_su_1,both,surprise,high,"{""emotion"": ""surprise"", ""intensity"": ""high""}"
s36_su_2,both,surprise,low,"{""emotion"": ""surprise"", ""intensity"": ""low""}"
s36_su_3,both,surprise,high,"{""emotion"": ""surprise"", ""intensity"": ""high""}"
s36_su_4,both,surprise,low,"{""emotion"": ""surprise"", ""intensity"": ""low""}"
s36_su_5,both,surprise,high,"{""emotion"": ""surprise"", ""intensity"": ""high""}"
s37_an_1,both,surprise,low,"{""emotion"": ""surprise"", ""intensity"": ""low""}"
s37_an_2,both,anger,high,"{""emotion"": ""anger"", ""intensity"": ""high""}"
s37_an_3,both,anger,high,"{""emotion"": ""anger"", ""intensity"": ""high""}"
s37_an_4,both,anger,high,"{""emotion"": ""anger"", ""intensity"": ""high""}"
s37_an_5,both,anger,low,"{""emotion"": ""anger"", ""intensity"": ""low""}"
s37_di_1,both,disgust,low,"{""emotion"": ""disgust"", ""intensity"": ""low""}"
s37_di_2,both,disgust,low,"{""emotion"": ""disgust"", ""intensity"": ""low""}"
s37_di_3,both,disgust,low,"{""emotion"": ""disgust"", ""intensity"": ""low""}"
s37_di_4,both,disgust,high,"{""emotion"": ""disgust"", ""intensity"": ""high""}"
s37_di_5,both,disgust,high,"{""emotion"": ""disgust"", ""intensity"": ""high""}"
s37_fe_1,both,fear,low,"{""emotion"": ""fear"", ""intensity"": ""low""}"
s37_fe_2,both,fear,low,"{""emotion"": ""fear"", ""intensity"": ""low""}"
s37_fe_3,both,fear,low,"{""emotion"": ""fear"", ""intensity"": ""low""}"
s37_fe_4,both,fear,low,"{""emotion"": ""fear"", ""intensity"": ""low""}"
s37_fe_5,both,fear,low,"{""emotion"": ""fear"", ""intensity"": ""moderate""}"
s37_ha_1,both,happiness,high,"{""emotion"": ""happiness"", ""intensity"": ""high""}"
s37_ha_2,both,happiness,high,"{""emotion"": ""happiness"", ""intensity"": ""high""}"
s37_ha_3,both,happiness,high,"{""emotion"": ""happiness"", ""intensity"": ""high""}"
s37_ha_4,both,happiness,high,"{""emotion"": ""happiness"", ""intensity"": ""high""}"
s37_ha_5,both,happiness,high,"{""emotion"": ""happiness"", ""intensity"": ""high""}"
s37_sa_1,both,sadness,high,"{""emotion"": ""sadness"", ""intensity"": ""high""}"
s37_sa_2,both,fear,low,"{""emotion"": ""fear"", ""intensity"": ""low""}"
s37_sa_3,both,sadness,high,"{""emotion"": ""sadness"", ""intensity"": ""high""}"
s37_sa_4,both,happiness,low,"{""emotion"": ""happiness"", ""intensity"": ""moderate""}"
s37_sa_5,both,sadness,high,"{""emotion"": ""sadness"", ""intensity"": ""high""}"
s37_su_1,both,surprise,low,"{""emotion"": ""surprise"", ""intensity"": ""low""}"
s37_su_2,both,surprise,high,"{""emotion"": ""surprise"", ""intensity"": ""high""}"
s37_su_3,both,,,
s37_su_4,both,,,
s37_su_5,both,,,
s38_an_1,both,fear,low,"{""emotion"": ""fear"", ""intensity"": ""low""}"
s38_an_2,both,anger,high,"{""emotion"": ""anger"", ""intensity"": ""high""}"
s38_an_3,both,anger,high,"{""emotion"": ""anger"", ""intensity"": ""high""}"
s38_an_4,both,anger,high,"{""emotion"": ""anger"", ""intensity"": ""high""}"
s38_an_5,both,anger,high,"{""emotion"": ""anger"", ""intensity"": ""high""}"
s38_di_1,both,disgust,high,"{""emotion"": ""disgust"", ""intensity"": ""high""}"
s38_di_2,both,disgust,low,"{""emotion"": ""disgust"", ""intensity"": ""low""}"
s38_di_3,both,disgust,high,"{""emotion"": ""disgust"", ""intensity"": ""high""}"
s38_di_4,both,disgust,low,"{""emotion"": ""disgust"", ""intensity"": ""moderate""}"
s38_di_5,both,disgust,high,"{""emotion"": ""disgust"", ""intensity"": ""high""}"
s38_fe_1,both,fear,low,"{""emotion"": ""fear"", ""intensity"": ""low""}"
s38_fe_2,both,fear,low,"{""emotion"": ""fear"", ""intensity"": ""low""}"
s38_fe_3,both,fear,low,"{""emotion"": ""fear"", ""intensity"": ""low""}"
s38_fe_4,both,anger,low,"{""emotion"": ""anger"", ""intensity"": ""low""}"
s38_fe_5,both,fear,high,"{""emotion"": ""fear"", ""intensity"": ""high""}"
s38_ha_1,both,happiness,low,"{""emotion"": ""happiness"", ""intensity"": ""low""}"
s38_ha_2,both,happiness,high,"{""emotion"": ""happiness"", ""intensity"": ""high""}"
s38_ha_3,both,happiness,low,"{""emotion"": ""happiness"", ""intensity"": ""low""}"
s38_ha_4,both,happiness,low,"{""emotion"": ""happiness"", ""intensity"": ""low""}"
s38_ha_5,both,happiness,high,"{""emotion"": ""happiness"", ""intensity"": ""high""}"
s38_sa_1,both,anger,high,"{""emotion"": ""anger"", ""intensity"": ""high""}"
s38_sa_2,both,fear,high,"{""emotion"": ""fear"", ""intensity"": ""high""}"
s38_sa_3,both,sadness,low,"{""emotion"": ""sadness"", ""intensity"": ""low""}"
s38_sa_4,both,sadness,high,"{""emotion"": ""sadness"", ""intensity"": ""high""}"
s38_sa_5,both,sadness,high,"{""emotion"": ""sadness"", ""intensity"": ""high""}"
s38_su_1,both,anger,high,"{""emotion"": ""anger"", ""intensity"": ""high""}"
s38_su_2,both,surprise,low,"{""emotion"": ""surprise"", ""intensity"": ""low""}"
s38_su_3,both,surprise,low,"{""emotion"": ""surprise"", ""intensity"": ""low""}"
s38_su_4,both,surprise,low,"{""emotion"": ""surprise"", ""intensity"": ""low""}"
s38_su_5,both,surprise,high,"{""emotion"": ""surprise"", ""intensity"": ""high""}"
s39_an_1,both,fear,high,"{""emotion"": ""fear"", ""intensity"": ""high""}"
s39_an_2,both,anger,high,"{""emotion"": ""anger"", ""intensity"": ""high""}"
s39_an_3,both,anger,high,"{""emotion"": ""anger"", ""intensity"": ""high""}"
s39_an_4,both,anger,high,"{""emotion"": ""anger"", ""intensity"": ""high""}"
s39_an_5,both,anger,high,"{""emotion"": ""anger"", ""intensity"": ""high""}"
s39_di_1,both,disgust,low,"{""emotion"": ""disgust"", ""intensity"": ""moderate""}"
s39_di_2,both,disgust,high,"{""emotion"": ""disgust"", ""intensity"": ""high""}"
s39_di_3,both,disgust,high,"{""emotion"": ""disgust"", ""intensity"": ""high""}"
s39_di_4,both,disgust,high,"{""emotion"": ""disgust"", ""intensity"": ""high""}"
s39_di_5,both,disgust,low,"{""emotion"": ""disgust"", ""intensity"": ""low""}"
s39_fe_1,both,fear,high,"{""emotion"": ""fear"", ""intensity"": ""high""}"
s39_fe_2,both,fear,low,"{""emotion"": ""fear"", ""intensity"": ""low""}"
s39_fe_3,both,fear,high,"{""emotion"": ""fear"", ""intensity"": ""high""}"
s39_fe_4,both,anger,low,"{""emotion"": ""anger"", ""intensity"": ""low""}"
s39_fe_5,both,fear,high,"{""emotion"": ""fear"", ""intensity"": ""high""}"
s39_ha_1,both,happiness,high,"{""emotion"": ""happiness"", ""intensity"": ""high""}"
s39_ha_2,both,happiness,high,"{""emotion"": ""happiness"", ""intensity"": ""high""}"
s39_ha_3,both,happiness,low,"{""emotion"": ""happiness"", ""intensity"": ""low""}"
s39_ha_4,both,happiness,low,"{""emotion"": ""happiness"", ""intensity"": ""low""}"
s39_ha_5,both,happiness,high,"{""emotion"": ""happiness"", ""intensity"": ""high""}"
s39_sa_1,both,sadness,low,"{""emotion"": ""sadness"", ""intensity"": ""low""}"
s39_sa_2,both,sadness,high,"{""emotion"": ""sadness"", ""intensity"": ""high""}"
s39_sa_3,both,sadness,low,"{""emotion"": ""sadness"", ""intensity"": ""low""}"
s39_sa_4,both,sadness,high,"{""emotion"": ""sadness"", ""intensity"": ""high""}"
s39_sa_5,both,sadness,high,"{""emotion"": ""sadness"", ""intensity"": ""high""}"
s39_su_1,both,surprise,low,"{""emotion"": ""surprise"", ""intensity"": ""low""}"
s39_su_2,both,surprise,low,"{""emotion"": ""surprise"", ""intensity"": ""low""}"
s39_su_3,both,disgust,low,"{""emotion"": ""disgust"", ""intensity"": ""low""}"
s39_su_4,both,surprise,low,"{""emotion"": ""surprise"", ""intensity"": ""low""}"
s39_su_5,both,surprise,low,"{""emotion"": ""surprise"", ""intensity"": ""low""}"
s3_an_1,both,fear,low,"{""emotion"": ""fear"", ""intensity"": ""low""}"
s3_an_2,both,disgust,low,"{""emotion"": ""disgust"", ""intensity"": ""low""}"
s3_an_3,both,sadness,low,"{""emotion"": ""sadness"", ""intensity"": ""moderate""}"
s3_an_4,both,anger,low,"{""emotion"": ""anger"", ""intensity"": ""low""}"
s3_an_5,both,anger,low,"{""emotion"": ""anger"", ""intensity"": ""low""}"
s3_di_1,both,disgust,high,"{""emotion"": ""disgust"", ""intensity"": ""high""}"
s3_di_2,both,disgust,low,"{""emotion"": ""disgust"", ""intensity"": ""low""}"
s3_di_3,both,fear,high,"{""emotion"": ""fear"", ""intensity"": ""high""}"
s3_di_4,both,disgust,high,"{""emotion"": ""disgust"", ""intensity"": ""high""}"
s3_di_5,both,disgust,high,"{""emotion"": ""disgust"", ""intensity"": ""high""}"
s3_fe_1,both,fear,high,"{""emotion"": ""fear"", ""intensity"": ""high""}"
s3_fe_2,both,surprise,high,"{""emotion"": ""surprise"", ""intensity"": ""high""}"
s3_fe_3,both,fear,high,"{""emotion"": ""fear"", ""intensity"": ""high""}"
s3_fe_4,both,anger,high,"{""emotion"": ""anger"", ""intensity"": ""high""}"
s40_an_1,both,fear,high,"{""emotion"": ""fear"", ""intensity"": ""high""}"
s40_an_2,both,fear,high,"{""emotion"": ""fear"", ""intensity"": ""high""}"
s40_an_3,both,sadness,high,"{""emotion"": ""sadness"", ""intensity"": ""high""}"
s40_an_4,both,anger,high,"{""emotion"": ""anger"", ""intensity"": ""high""}"
s40_an_5,both,anger,high,"{""emotion"": ""anger"", ""intensity"": ""high""}"
s40_di_1,both,sadness,high,"{""emotion"": ""sadness"", ""intensity"": ""high""}"
s40_di_2,both,disgust,low,"{""emotion"": ""disgust"", ""intensity"": ""low""}"
s40_di_3,both,disgust,high,"{""emotion"": ""disgust"", ""intensity"": ""high""}"
s40_di_4,both,disgust,high,"{""emotion"": ""disgust"", ""intensity"": ""high""}"
s40_di_5,both,disgust,high,"{""emotion"": ""disgust"", ""intensity"": ""high""}"
s40_fe_1,both,fear,low,"{""emotion"": ""fear"", ""intensity"": ""low""}"
s40_fe_2,both,fear,low,"{""emotion"": ""fear"", ""intensity"": ""low""}"
s40_fe_3,both,fear,high,"{""emotion"": ""fear"", ""intensity"": ""high""}"
s40_fe_4,both,anger,high,"{""emotion"": ""anger"", ""intensity"": ""high""}"
s40_fe_5,both,fear,high,"{""emotion"": ""fear"", ""intensity"": ""high""}"
s40_ha_1,both,happiness,high,"{""emotion"": ""happiness"", ""intensity"": ""high""}"
s40_ha_2,both,happiness,high,"{""emotion"": ""happiness"", ""intensity"": ""high""}"
s40_ha_3,both,happiness,high,"{""emotion"": ""happiness"", ""intensity"": ""high""}"
s40_ha_4,both,happiness,high,"{""emotion"": ""happiness"", ""intensity"": ""high""}"
s40_ha_5,both,happiness,high,"{""emotion"": ""happiness"", ""intensity"": ""high""}"
s40_sa_1,both,sadness,low,"{""emotion"": ""sadness"", ""intensity"": ""low""}"
s40_sa_2,both,sadness,high,"{""emotion"": ""sadness"", ""intensity"": ""high""}"
s40_sa_3,both,happiness,low,"{""emotion"": ""happiness"", ""intensity"": ""low""}"
s40_sa_4,both,sadness,high,"{""emotion"": ""sadness"", ""intensity"": ""high""}"
s40_sa_5,both,sadness,high,"{""emotion"": ""sadness"", ""intensity"": ""high""}"
s40_su_1,both,surprise,low,"{""emotion"": ""surprise"", ""intensity"": ""low""}"
s40_su_2,both,surprise,low,"{""emotion"": ""surprise"", ""intensity"": ""low""}"
s40_su_3,both,surprise,low,"{""emotion"": ""surprise"", ""intensity"": ""low""}"
s40_su_4,both,surprise,low,"{""emotion"": ""surprise"", ""intensity"": ""low""}"
s40_su_5,both,surprise,low,"{""emotion"": ""surprise"", ""intensity"": ""low""}"
s41_an_1,both,fear,high,"{""emotion"": ""fear"", ""intensity"": ""high""}"
s41_an_2,both,anger,high,"{""emotion"": ""anger"", ""intensity"": ""high""}"
s41_an_3,both,anger,high,"{""emotion"": ""anger"", ""intensity"": ""high""}"
s41_an_4,both,anger,high,"{""emotion"": ""anger"", ""intensity"": ""high""}"
s41_an_5,both,anger,low,"{""emotion"": ""anger"", ""intensity"": ""low""}"
s41_di_1,both,disgust,high,"{""emotion"": ""disgust"", ""intensity"": ""high""}"
s41_di_2,both,disgust,high,"{""emotion"": ""disgust"", ""intensity"": ""high""}"
s41_di_3,both,disgust,high,"{""emotion"": ""disgust"", ""intensity"": ""high""}"
s41_di_4,both,disgust,high,"{""emotion"": ""disgust"", ""intensity"": ""high""}"
s41_di_5,both,disgust,high,"{""emotion"": ""disgust"", ""intensity"": ""high""}"
s41_fe_1,both,fear,low,"{""emotion"": ""fear"", ""intensity"": ""low""}"
s41_fe_2,both,fear,high,"{""emotion"": ""fear"", ""intensity"": ""high""}"
s41_fe_3,both,fear,high,"{""emotion"": ""fear"", ""intensity"": ""high""}"
s41_fe_4,both,anger,high,"{""emotion"": ""anger"", ""intensity"": ""high""}"
s41_fe_5,both,fear,low,"{""emotion"": ""fear"", ""intensity"": ""low""}"
s41_ha_1,both,happiness,high,"{""emotion"": ""happiness"", ""intensity"": ""high""}"
s41_ha_2,both,happiness,high,"{""emotion"": ""happiness"", ""intensity"": ""high""}"
s41_ha_3,both,happiness,high,"{""emotion"": ""happiness"", ""intensity"": ""high""}"
s41_ha_4,both,happiness,low,"{""emotion"": ""happiness"", ""intensity"": ""low""}"
s41_ha_5,both,happiness,low,"{""emotion"": ""happiness"", ""intensity"": ""low""}"
s41_sa_1,both,sadness,high,"{""emotion"": ""sadness"", ""intensity"": ""high""}"
s41_sa_2,both,fear,low,"{""emotion"": ""fear"", ""intensity"": ""low""}"
s41_sa_3,both,sadness,high,"{""emotion"": ""sadness"", ""intensity"": ""high""}"
s41_sa_4,both,sadness,high,"{""emotion"": ""sadness"", ""intensity"": ""high""}"
s41_sa_5,both,sadness,low,"{""emotion"": ""sadness"", ""intensity"": ""low""}"
s41_su_1,both,surprise,low,"{""emotion"": ""surprise"", ""intensity"": ""low""}"
s41_su_2,both,surprise,low,"{""emotion"": ""surprise"", ""intensity"": ""low""}"
s41_su_3,both,surprise,low,"{""emotion"": ""surprise"", ""intensity"": ""low""}"
s41_su_4,both,surprise,low,"{""emotion"": ""surprise"", ""intensity"": ""low""}"
s41_su_5,both,surprise,low,"{""emotion"": ""surprise"", ""intensity"": ""low""}"
s42_an_1,both,anger,low,"{""emotion"": ""anger"", ""intensity"": ""moderate""}"
s42_an_2,both,anger,low,"{""emotion"": ""anger"", ""intensity"": ""moderate""}"
s42_an_3,both,anger,high,"{""emotion"": ""anger"", ""intensity"": ""high""}"
s42_an_4,both,anger,high,"{""emotion"": ""anger"", ""intensity"": ""high""}"
s42_an_5,both,anger,high,"{""emotion"": ""anger"", ""intensity"": ""high""}"
s42_di_1,both,sadness,high,"{""emotion"": ""sadness"", ""intensity"": ""high""}"
s42_di_2,both,surprise,high,"{""emotion"": ""surprise"", ""intensity"": ""high""}"
s42_di_3,both,disgust,high,"{""emotion"": ""disgust"", ""intensity"": ""high""}"
s42_di_4,both,disgust,high,"{""emotion"": ""disgust"", ""intensity"": ""high""}"
s42_di_5,both,disgust,high,"{""emotion"": ""disgust"", ""intensity"": ""high""}"
s42_fe_1,both,fear,low,"{""emotion"": ""fear"", ""intensity"": ""low""}"
s42_fe_2,both,fear,low,"{""emotion"": ""fear"", ""intensity"": ""low""}"
s42_fe_3,both,fear,high,"{""emotion"": ""fear"", ""intensity"": ""high""}"
s42_fe_4,both,fear,low,"{""emotion"": ""fear"", ""intensity"": ""low""}"
s42_fe_5,both,fear,high,"{""emotion"": ""fear"", ""intensity"": ""high""}"
s42_ha_1,both,happiness,high,"{""emotion"": ""happiness"", ""intensity"": ""high""}"
s42_ha_2,both,happiness,high,"{""emotion"": ""happiness"", ""intensity"": ""high""}"
s42_ha_3,both,happiness,high,"{""emotion"": ""happiness"", ""intensity"": ""high""}"
s42_ha_4,both,happiness,high,"{""emotion"": ""happiness"", ""intensity"": ""high""}"
s42_ha_5,both,happiness,high,"{""emotion"": ""happiness"", ""intensity"": ""high""}"
s42_sa_1,both,sadness,high,"{""emotion"": ""sadness"", ""intensity"": ""high""}"
s42_sa_2,both,fear,high,"{""emotion"": ""fear"", ""intensity"": ""high""}"
s42_sa_3,both,surprise,high,"{""emotion"": ""surprise"", ""intensity"": ""high""}"
s42_sa_4,both,sadness,high,"{""emotion"": ""sadness"", ""intensity"": ""high""}"
s42_sa_5,both,sadness,high,"{""emotion"": ""sadness"", ""intensity"": ""high""}"
s42_su_1,both,surprise,low,"{""emotion"": ""surprise"", ""intensity"": ""low""}"
s42_su_2,both,surprise,high,"{""emotion"": ""surprise"", ""intensity"": ""high""}"
s42_su_3,both,surprise,high,"{""emotion"": ""surprise"", ""intensity"": ""high""}"
s42_su_4,both,surprise,low,"{""emotion"": ""surprise"", ""intensity"": ""low""}"
s42_su_5,both,surprise,high,"{""emotion"": ""surprise"", ""intensity"": ""high""}"
s43_an_1,both,fear,high,"{""emotion"": ""fear"", ""intensity"": ""high""}"
s43_an_2,both,anger,high,"{""emotion"": ""anger"", ""intensity"": ""high""}"
s43_an_3,both,anger,high,"{""emotion"": ""anger"", ""intensity"": ""high""}"
s43_an_4,both,anger,high,"{""emotion"": ""anger"", ""intensity"": ""high""}"
s43_an_5,both,anger,high,"{""emotion"": ""anger"", ""intensity"": ""high""}"
s43_di_1,both,sadness,low,"{""emotion"": ""sadness"", ""intensity"": ""low""}"
s43_di_2,both,disgust,high,"{""emotion"": ""disgust"", ""intensity"": ""high""}"
s43_di_3,both,disgust,high,"{""emotion"": ""disgust"", ""intensity"": ""high""}"
s43_di_4,both,disgust,high,"{""emotion"": ""disgust"", ""intensity"": ""high""}"
s43_di_5,both,disgust,low,"{""emotion"": ""disgust"", ""intensity"": ""moderate""}"
s43_fe_1,both,fear,high,"{""emotion"": ""fear"", ""intensity"": ""high""}"
s43_fe_2,both,fear,low,"{""emotion"": ""fear"", ""intensity"": ""low""}"
s43_fe_3,both,fear,high,"{""emotion"": ""fear"", ""intensity"": ""high""}"
s43_fe_4,both,sadness,low,"{""emotion"": ""sadness"", ""intensity"": ""low""}"
s43_fe_5,both,fear,low,"{""emotion"": ""fear"", ""intensity"": ""low""}"
s43_ha_1,both,happiness,high,"{""emotion"": ""happiness"", ""intensity"": ""high""}"
s43_ha_2,both,happiness,high,"{""emotion"": ""happiness"", ""intensity"": ""high""}"
s43_ha_3,both,happiness,high,"{""emotion"": ""happiness"", ""intensity"": ""high""}"
s43_ha_4,both,happiness,low,"{""emotion"": ""happiness"", ""intensity"": ""low""}"
s43_ha_5,both,happiness,high,"{""emotion"": ""happiness"", ""intensity"": ""high""}"
s43_sa_1,both,sadness,low,"{""emotion"": ""sadness"", ""intensity"": ""low""}"
s43_sa_2,both,sadness,low,"{""emotion"": ""sadness"", ""intensity"": ""low""}"
s43_sa_3,both,sadness,high,"{""emotion"": ""sadness"", ""intensity"": ""high""}"
s43_sa_4,both,sadness,high,"{""emotion"": ""sadness"", ""intensity"": ""high""}"
s43_sa_5,both,sadness,high,"{""emotion"": ""sadness"", ""intensity"": ""high""}"
s43_su_1,both,surprise,low,"{""emotion"": ""surprise"", ""intensity"": ""low""}"
s43_su_2,both,surprise,high,"{""emotion"": ""surprise"", ""intensity"": ""high""}"
s43_su_3,both,surprise,low,"{""emotion"": ""surprise"", ""intensity"": ""moderate""}"
s43_su_4,both,surprise,high,"{""emotion"": ""surprise"", ""intensity"": ""high""}"
s43_su_5,both,surprise,high,"{""emotion"": ""surprise"", ""intensity"": ""high""}"
s44_an_1,both,fear,high,"{""emotion"": ""fear"", ""intensity"": ""high""}"
s44_an_2,both,anger,high,"{""emotion"": ""anger"", ""intensity"": ""high""}"
s44_an_3,both,anger,high,"{""emotion"": ""anger"", ""intensity"": ""high""}"
s44_an_4,both,anger,high,"{""emotion"": ""anger"", ""intensity"": ""high""}"
s44_an_5,both,anger,low,"{""emotion"": ""anger"", ""intensity"": ""low""}"
s44_di_1,both,disgust,high,"{""emotion"": ""disgust"", ""intensity"": ""high""}"
s44_di_2,both,surprise,high,"{""emotion"": ""surprise"", ""intensity"": ""high""}"
s44_di_3,both,disgust,high,"{""emotion"": ""disgust"", ""intensity"": ""high""}"
s44_di_4,both,disgust,high,"{""emotion"": ""disgust"", ""intensity"": ""high""}"
s44_di_5,both,disgust,high,"{""emotion"": ""disgust"", ""intensity"": ""high""}"
s44_fe_1,both,fear,high,"{""emotion"": ""fear"", ""intensity"": ""high""}"
s44_fe_2,both,fear,high,"{""emotion"": ""fear"", ""intensity"": ""high""}"
s44_fe_3,both,fear,low,"{""emotion"": ""fear"", ""intensity"": ""low""}"
s44_fe_4,both,anger,low,"{""emotion"": ""anger"", ""intensity"": ""low""}"
s44_fe_5,both,sadness,high,"{""emotion"": ""sadness"", ""intensity"": ""high""}"
s44_ha_1,both,happiness,high,"{""emotion"": ""happiness"", ""intensity"": ""high""}"
s44_ha_2,both,happiness,high,"{""emotion"": ""happiness"", ""intensity"": ""high""}"
s44_ha_3,both,happiness,high,"{""emotion"": ""happiness"", ""intensity"": ""high""}"
s44_ha_4,both,happiness,high,"{""emotion"": ""happiness"", ""intensity"": ""high""}"
s44_ha_5,both,happiness,low,"{""emotion"": ""happiness"", ""intensity"": ""low""}"
s44_sa_1,both,sadness,high,"{""emotion"": ""sadness"", ""intensity"": ""high""}"
s44_sa_2,both,fear,low,"{""emotion"": ""fear"", ""intensity"": ""low""}"
s44_sa_3,both,sadness,low,"{""emotion"": ""sadness"", ""intensity"": ""low""}"
s44_sa_4,both,sadness,high,"{""emotion"": ""sadness"", ""intensity"": ""high""}"
s44_sa_5,both,sadness,high,"{""emotion"": ""sadness"", ""intensity"": ""high""}"
s44_su_1,both,surprise,low,"{""emotion"": ""surprise"", ""intensity"": ""low""}"
s44_su_2,both,surprise,high,"{""emotion"": ""surprise"", ""intensity"": ""high""}"
s44_su_3,both,surprise,high,"{""emotion"": ""surprise"", ""intensity"": ""high""}"
s44_su_4,both,surprise,high,"{""emotion"": ""surprise"", ""intensity"": ""high""}"
s44_su_5,both,surprise,low,"{""emotion"": ""surprise"", ""intensity"": ""moderate""}"
s4_an_1,both,fear,high,"{""emotion"": ""fear"", ""intensity"": ""high""}"
s4_an_2,both,anger,high,"{""emotion"": ""anger"", ""intensity"": ""high""}"
s4_an_3,both,fear,high,"{""emotion"": ""fear"", ""intensity"": ""high""}"
s4_an_4,both,anger,high,"{""emotion"": ""anger"", ""intensity"": ""high""}"
s4_an_5,both,anger,high,"{""emotion"": ""anger"", ""intensity"": ""high""}"
s4_di_1,both,disgust,low,"{""emotion"": ""disgust"", ""intensity"": ""moderate""}"
s4_di_2,both,fear,low,"{""emotion"": ""fear"", ""intensity"": ""low""}"
s4_di_3,both,anger,high,"{""emotion"": ""anger"", ""intensity"": ""high""}"
s4_di_4,both,disgust,low,"{""emotion"": ""disgust"", ""intensity"": ""low""}"
s4_di_5,both,disgust,low,"{""emotion"": ""disgust"", ""intensity"": ""low""}"
s4_fe_1,both,fear,high,"{""emotion"": ""fear"", ""intensity"": ""high""}"
s4_fe_2,both,disgust,low,"{""emotion"": ""disgust"", ""intensity"": ""low""}"
s4_fe_3,both,fear,high,"{""emotion"": ""fear"", ""intensity"": ""high""}"
s4_fe_4,both,surprise,high,"{""emotion"": ""surprise"", ""intensity"": ""high""}"
s4_fe_5,both,fear,high,"{""emotion"": ""fear"", ""intensity"": ""high""}"
s4_ha_1,both,happiness,high,"{""emotion"": ""happiness"", ""intensity"": ""high""}"
s4_ha_2,both,happiness,high,"{""emotion"": ""happiness"", ""intensity"": ""high""}"
s4_ha_3,both,happiness,high,"{""emotion"": ""happiness"", ""intensity"": ""high""}"
s4_ha_4,both,happiness,high,"{""emotion"": ""happiness"", ""intensity"": ""high""}"
s4_ha_5,both,happiness,high,"{""emotion"": ""happiness"", ""intensity"": ""high""}"
s4_sa_1,both,sadness,low,"{""emotion"": ""sadness"", ""intensity"": ""moderate""}"
s4_sa_2,both,fear,low,"{""emotion"": ""fear"", ""intensity"": ""low""}"
s4_sa_3,both,happiness,high,"{""emotion"": ""happiness"", ""intensity"": ""high""}"
s4_sa_4,both,happiness,low,"{""emotion"": ""happiness"", ""intensity"": ""low""}"
s4_sa_5,both,sadness,high,"{""emotion"": ""sadness"", ""intensity"": ""high""}"
s4_su_1,both,surprise,low,"{""emotion"": ""surprise"", ""intensity"": ""low""}"
s4_su_2,both,surprise,low,"{""emotion"": ""surprise"", ""intensity"": ""low""}"
s4_su_3,both,surprise,low,"{""emotion"": ""surprise"", ""intensity"": ""moderate""}"
s4_su_4,both,disgust,high,"{""emotion"": ""disgust"", ""intensity"": ""high""}"
s4_su_5,both,surprise,high,"{""emotion"": ""surprise"", ""intensity"": ""high""}"
s5_an_1,both,fear,low,"{""emotion"": ""fear"", ""intensity"": ""low""}"
s5_an_2,both,disgust,low,"{""emotion"": ""disgust"", ""intensity"": ""low""}"
s5_an_3,both,sadness,low,"{""emotion"": ""sadness"", ""intensity"": ""low""}"
s5_an_4,both,anger,high,"{""emotion"": ""anger"", ""intensity"": ""high""}"
s5_an_5,both,anger,low,"{""emotion"": ""anger"", ""intensity"": ""low""}"
s5_di_1,both,disgust,high,"{""emotion"": ""disgust"", ""intensity"": ""high""}"
s5_di_2,both,disgust,high,"{""emotion"": ""disgust"", ""intensity"": ""high""}"
s5_di_3,both,sadness,low,"{""emotion"": ""sadness"", ""intensity"": ""low""}"
s5_di_4,both,disgust,low,"{""emotion"": ""disgust"", ""intensity"": ""moderate""}"
s5_di_5,both,disgust,low,"{""emotion"": ""disgust"", ""intensity"": ""low""}"
s5_fe_1,both,fear,low,"{""emotion"": ""fear"", ""intensity"": ""low""}"
s5_fe_2,both,,,"{""emotion"": ""neutral"", ""intensity"": ""none""}"
s5_fe_3,both,fear,high,"{""emotion"": ""fear"", ""intensity"": ""high""}"
s5_fe_4,both,anger,high,"{""emotion"": ""anger"", ""intensity"": ""high""}"
s5_fe_5,both,fear,high,"{""emotion"": ""fear"", ""intensity"": ""high""}"
s5_ha_1,both,happiness,high,"{""emotion"": ""happiness"", ""intensity"": ""high""}"
s5_ha_2,both,happiness,high,"{""emotion"": ""happiness"", ""intensity"": ""high""}"
s5_ha_3,both,happiness,high,"{""emotion"": ""happiness"", ""intensity"": ""high""}"
s5_ha_4,both,happiness,high,"{""emotion"": ""happiness"", ""intensity"": ""high""}"
s5_ha_5,both,happiness,high,"{""emotion"": ""happiness"", ""intensity"": ""high""}"
s5_sa_1,both,sadness,high,"{""emotion"": ""sadness"", ""intensity"": ""high""}"
s5_sa_2,both,sadness,high,"{""emotion"": ""sadness"", ""intensity"": ""high""}"
s5_sa_3,both,sadness,high,"{""emotion"": ""sadness"", ""intensity"": ""high""}"
s5_sa_4,both,sadness,high,"{""emotion"": ""sadness"", ""intensity"": ""high""}"
s5_sa_5,both,sadness,high,"{""emotion"": ""sadness"", ""intensity"": ""high""}"
s5_su_1,both,surprise,low,"{""emotion"": ""surprise"", ""intensity"": ""low""}"
s5_su_2,both,surprise,low,"{""emotion"": ""surprise"", ""intensity"": ""low""}"
s5_su_3,both,surprise,low,"{""emotion"": ""surprise"", ""intensity"": ""low""}"
s5_su_4,both,surprise,low,"{""emotion"": ""surprise"", ""intensity"": ""low""}"
s5_su_5,both,surprise,high,"{""emotion"": ""surprise"", ""intensity"": ""high""}"
s6_an,both,anger,high,"{""emotion"": ""anger"", ""intensity"": ""high""}"
s6_di,both,disgust,high,"{""emotion"": ""disgust"", ""intensity"": ""high""}"
s6_fe,both,fear,high,"{""emotion"": ""fear"", ""intensity"": ""high""}"
s6_ha,both,happiness,high,"{""emotion"": ""happiness"", ""intensity"": ""high""}"
s6_sa,both,sadness,high,"{""emotion"": ""sadness"", ""intensity"": ""high""}"
s6_su,both,surprise,high,"{""emotion"": ""surprise"", ""intensity"": ""high""}"
s7_an_1,both,fear,low,"{""emotion"": ""fear"", ""intensity"": ""low""}"
s7_an_2,both,fear,low,"{""emotion"": ""fear"", ""intensity"": ""low""}"
s7_an_3,both,fear,high,"{""emotion"": ""fear"", ""intensity"": ""high""}"
s7_an_4,both,anger,low,"{""emotion"": ""anger"", ""intensity"": ""low""}"
s7_an_5,both,anger,low,"{""emotion"": ""anger"", ""intensity"": ""low""}"
s7_di_1,both,disgust,high,"{""emotion"": ""disgust"", ""intensity"": ""high""}"
s7_di_2,both,surprise,high,"{""emotion"": ""surprise"", ""intensity"": ""high""}"
s7_di_3,both,anger,high,"{""emotion"": ""anger"", ""intensity"": ""high""}"
s7_di_4,both,disgust,high,"{""emotion"": ""disgust"", ""intensity"": ""high""}"
s7_di_5,both,happiness,low,"{""emotion"": ""happiness"", ""intensity"": ""low""}"
s7_fe_1,both,fear,low,"{""emotion"": ""fear"", ""intensity"": ""low""}"
s7_fe_2,both,fear,low,"{""emotion"": ""fear"", ""intensity"": ""low""}"
s7_fe_3,both,fear,high,"{""emotion"": ""fear"", ""intensity"": ""high""}"
s7_fe_4,both,fear,high,"{""emotion"": ""fear"", ""intensity"": ""high""}"
s7_fe_5,both,fear,high,"{""emotion"": ""fear"", ""intensity"": ""high""}"
s7_ha_1,both,happiness,high,"{""emotion"": ""happiness"", ""intensity"": ""high""}"
s7_ha_2,both,happiness,high,"{""emotion"": ""happiness"", ""intensity"": ""high""}"
s7_ha_3,both,happiness,high,"{""emotion"": ""happiness"", ""intensity"": ""high""}"
s7_ha_4,both,happiness,high,"{""emotion"": ""happiness"", ""intensity"": ""high""}"
s7_ha_5,both,happiness,high,"{""emotion"": ""happiness"", ""intensity"": ""high""}"
s7_sa_1,both,sadness,high,"{""emotion"": ""sadness"", ""intensity"": ""high""}"
s7_sa_2,both,sadness,low,"{""emotion"": ""sadness"", ""intensity"": ""low""}"
s7_sa_3,both,sadness,high,"{""emotion"": ""sadness"", ""intensity"": ""high""}"
s7_sa_4,both,sadness,low,"{""emotion"": ""sadness"", ""intensity"": ""low""}"
s7_sa_5,both,sadness,high,"{""emotion"": ""sadness"", ""intensity"": ""high""}"
s7_su_1,both,surprise,low,"{""emotion"": ""surprise"", ""intensity"": ""low""}"
s7_su_2,both,surprise,high,"{""emotion"": ""surprise"", ""intensity"": ""high""}"
s7_su_3,both,surprise,low,"{""emotion"": ""surprise"", ""intensity"": ""low""}"
s7_su_4,both,surprise,low,"{""emotion"": ""surprise"", ""intensity"": ""low""}"
s7_su_5,both,surprise,low,"{""emotion"": ""surprise"", ""intensity"": ""low""}"
s8_an_1,both,fear,high,"{""emotion"": ""fear"", ""intensity"": ""high""}"
s8_an_2,both,anger,high,"{""emotion"": ""anger"", ""intensity"": ""high""}"
s8_an_3,both,anger,high,"{""emotion"": ""anger"", ""intensity"": ""high""}"
s8_an_4,both,anger,high,"{""emotion"": ""anger"", ""intensity"": ""high""}"
s8_an_5,both,anger,high,"{""emotion"": ""anger"", ""intensity"": ""high""}"
s8_di_1,both,disgust,high,"{""emotion"": ""disgust"", ""intensity"": ""high""}"
s8_di_2,both,surprise,high,"{""emotion"": ""surprise"", ""intensity"": ""high""}"
s8_di_3,both,disgust,low,"{""emotion"": ""disgust"", ""intensity"": ""moderate""}"
s8_di_4,both,disgust,high,"{""emotion"": ""disgust"", ""intensity"": ""high""}"
s8_di_5,both,happiness,low,"{""emotion"": ""happiness"", ""intensity"": ""moderate""}"
s8_fe_1,both,fear,high,"{""emotion"": ""fear"", ""intensity"": ""high""}"
s8_fe_2,both,fear,low,"{""emotion"": ""fear"", ""intensity"": ""low""}"
s8_fe_3,both,fear,high,"{""emotion"": ""fear"", ""intensity"": ""high""}"
s8_fe_4,both,fear,high,"{""emotion"": ""fear"", ""intensity"": ""high""}"
s8_fe_5,both,fear,high,"{""emotion"": ""fear"", ""intensity"": ""high""}"
s8_ha_1,both,happiness,high,"{""emotion"": ""happiness"", ""intensity"": ""high""}"
s8_ha_2,both,happiness,high,"{""emotion"": ""happiness"", ""intensity"": ""high""}"
s8_ha_3,both,happiness,high,"{""emotion"": ""happiness"", ""intensity"": ""high""}"
s8_ha_4,both,happiness,high,"{""emotion"": ""happiness"", ""intensity"": ""high""}"
s8_ha_5,both,happiness,high,"{""emotion"": ""happiness"", ""intensity"": ""high""}"
s8_sa_1,both,sadness,high,"{""emotion"": ""sadness"", ""intensity"": ""high""}"
s8_sa_2,both,fear,high,"{""emotion"": ""fear"", ""intensity"": ""high""}"
s8_sa_3,both,sadness,high,"{""emotion"": ""sadness"", ""intensity"": ""high""}"
s8_sa_4,both,sadness,low,"{""emotion"": ""sadness"", ""intensity"": ""low""}"
s8_sa_5,both,sadness,low,"{""emotion"": ""sadness"", ""intensity"": ""moderate""}"
s8_su_1,both,surprise,low,"{""emotion"": ""surprise"", ""intensity"": ""low""}"
s8_su_2,both,surprise,low,"{""emotion"": ""surprise"", ""intensity"": ""low""}"
s8_su_3,both,surprise,high,"{""emotion"": ""surprise"", ""intensity"": ""high""}"
s8_su_4,both,surprise,low,"{""emotion"": ""surprise"", ""intensity"": ""low""}"
s8_su_5,both,surprise,low,"{""emotion"": ""surprise"", ""intensity"": ""low""}"
s9_an_1,both,anger,high,"{""emotion"": ""anger"", ""intensity"": ""high""}"
s9_an_2,both,anger,high,"{""emotion"": ""anger"", ""intensity"": ""high""}"
s9_an_3,both,anger,high,"{""emotion"": ""anger"", ""intensity"": ""high""}"
s9_an_4,both,anger,high,"{""emotion"": ""anger"", ""intensity"": ""high""}"
s9_an_5,both,anger,high,"{""emotion"": ""anger"", ""intensity"": ""high""}"
s9_di_1,both,disgust,high,"{""emotion"": ""disgust"", ""intensity"": ""high""}"
s9_di_2,both,disgust,high,"{""emotion"": ""disgust"", ""intensity"": ""high""}"
s9_di_3,both,disgust,high,"{""emotion"": ""disgust"", ""intensity"": ""high""}"
s9_di_4,both,disgust,high,"{""emotion"": ""disgust"", ""intensity"": ""high""}"
s9_di_5,both,disgust,high,"{""emotion"": ""disgust"", ""intensity"": ""high""}"
s9_fe_1,both,fear,high,"{""emotion"": ""fear"", ""intensity"": ""high""}"
s9_fe_2,both,fear,high,"{""emotion"": ""fear"", ""intensity"": ""high""}"
s9_fe_3,both,fear,high,"{""emotion"": ""fear"", ""intensity"": ""high""}"
s9_fe_4,both,anger,high,"{""emotion"": ""anger"", ""intensity"": ""high""}"
s9_fe_5,both,fear,high,"{""emotion"": ""fear"", ""intensity"": ""high""}"
s9_ha_1,both,happiness,high,"{""emotion"": ""happiness"", ""intensity"": ""high""}"
s9_ha_2,both,happiness,high,"{""emotion"": ""happiness"", ""intensity"": ""high""}"
s9_ha_3,both,happiness,high,"{""emotion"": ""happiness"", ""intensity"": ""high""}"
s9_ha_4,both,happiness,low,"{""emotion"": ""happiness"", ""intensity"": ""low""}"
s9_ha_5,both,happiness,high,"{""emotion"": ""happiness"", ""intensity"": ""high""}"
s9_sa_1,both,sadness,high,"{""emotion"": ""sadness"", ""intensity"": ""high""}"
s9_sa_2,both,fear,high,"{""emotion"": ""fear"", ""intensity"": ""high""}"
s9_sa_3,both,sadness,high,"{""emotion"": ""sadness"", ""intensity"": ""high""}"
s9_sa_4,both,sadness,high,"{""emotion"": ""sadness"", ""intensity"": ""high""}"
s9_sa_5,both,sadness,high,"{""emotion"": ""sadness"", ""intensity"": ""high""}"
s9_su_1,both,sadness,low,"{""emotion"": ""sadness"", ""intensity"": ""moderate""}"
s9_su_2,both,surprise,low,"{""emotion"": ""surprise"", ""intensity"": ""low""}"
s9_su_3,both,surprise,low,"{""emotion"": ""surprise"", ""intensity"": ""low""}"
s9_su_4,both,surprise,low,"{""emotion"": ""surprise"", ""intensity"": ""low""}"
s9_su_5,both,surprise,low,"{""emotion"": ""surprise"", ""intensity"": ""low""}"
s_3_fe_5,both,sadness,low,"{""emotion"": ""sadness"", ""intensity"": ""low""}"
s_3_ha_1,both,happiness,high,"{""emotion"": ""happiness"", ""intensity"": ""high""}"
s_3_ha_2,both,happiness,low,"{""emotion"": ""happiness"", ""intensity"": ""moderate""}"
s_3_ha_3,both,happiness,high,"{""emotion"": ""happiness"", ""intensity"": ""high""}"
s_3_ha_4,both,happiness,low,"{""emotion"": ""happiness"", ""intensity"": ""low""}"
s_3_ha_5,both,happiness,high,"{""emotion"": ""happiness"", ""intensity"": ""high""}"
s_3_sa_1,both,sadness,high,"{""emotion"": ""sadness"", ""intensity"": ""high""}"
s_3_sa_2,both,fear,low,"{""emotion"": ""fear"", ""intensity"": ""low""}"
s_3_sa_3,both,sadness,high,"{""emotion"": ""sadness"", ""intensity"": ""high""}"
s_3_sa_4,both,sadness,high,"{""emotion"": ""sadness"", ""intensity"": ""high""}"
s_3_sa_5,both,sadness,high,"{""emotion"": ""sadness"", ""intensity"": ""high""}"
s_3_su_1,both,surprise,high,"{""emotion"": ""surprise"", ""intensity"": ""high""}"
s_3_su_2,both,surprise,low,"{""emotion"": ""surprise"", ""intensity"": ""low""}"
s_3_su_3,both,surprise,high,"{""emotion"": ""surprise"", ""intensity"": ""high""}"
s_3_su_4,both,surprise,low,"{""emotion"": ""surprise"", ""intensity"": ""moderate""}"
s_3_su_5,both,surprise,high,"{""emotion"": ""surprise"", ""intensity"": ""high""}"
s10_an_1,words_only,fear,high,"{""emotion"": ""fear"", ""intensity"": ""high""}"
s10_an_2,words_only,anger,high,"{""emotion"": ""anger"", ""intensity"": ""high""}"
s10_an_3,words_only,anger,high,"{""emotion"": ""anger"", ""intensity"": ""high""}"
s10_an_4,words_only,anger,high,"{""emotion"": ""anger"", ""intensity"": ""high""}"
s10_an_5,words_only,anger,high,"{""emotion"": ""anger"", ""intensity"": ""high""}"
s10_di_1,words_only,anger,high,"{""emotion"": ""anger"", ""intensity"": ""high""}"
s10_di_2,words_only,disgust,low,"{""emotion"": ""disgust"", ""intensity"": ""low""}"
s10_di_3,words_only,disgust,low,"{""emotion"": ""disgust"", ""intensity"": ""low""}"
s10_di_4,words_only,disgust,high,"{""emotion"": ""disgust"", ""intensity"": ""high""}"
s10_di_5,words_only,disgust,low,"{""emotion"": ""disgust"", ""intensity"": ""low""}"
s10_fe_1,words_only,fear,high,"{""emotion"": ""fear"", ""intensity"": ""high""}"
s10_fe_2,words_only,fear,low,"{""emotion"": ""fear"", ""intensity"": ""low""}"
s10_fe_3,words_only,fear,high,"{""emotion"": ""fear"", ""intensity"": ""high""}"
s10_fe_4,words_only,anger,high,"{""emotion"": ""anger"", ""intensity"": ""high""}"
s10_fe_5,words_only,fear,high,"{""emotion"": ""fear"", ""intensity"": ""high""}"
s10_ha_1,words_only,happiness,high,"{""emotion"": ""happiness"", ""intensity"": ""high""}"
s10_ha_2,words_only,happiness,high,"{""emotion"": ""happiness"", ""intensity"": ""high""}"
s10_ha_3,words_only,happiness,high,"{""emotion"": ""happiness"", ""intensity"": ""high""}"
s10_ha_4,words_only,happiness,high,"{""emotion"": ""happiness"", ""intensity"": ""high""}"
s10_ha_5,words_only,happiness,high,"{""emotion"": ""happiness"", ""intensity"": ""high""}"
s10_sa_1,words_only,sadness,low,"{""emotion"": ""sadness"", ""intensity"": ""low""}"
s10_sa_2,words_only,sadness,low,"{""emotion"": ""sadness"", ""intensity"": ""low""}"
s10_sa_3,words_only,happiness,low,"{""emotion"": ""happiness"", ""intensity"": ""low""}"
s10_sa_4,words_only,happiness,low,"{""emotion"": ""happiness"", ""intensity"": ""low""}"
s10_sa_5,words_only,sadness,high,"{""emotion"": ""sadness"", ""intensity"": ""high""}"
s10_su_1,words_only,surprise,high,"{""emotion"": ""surprise"", ""intensity"": ""high""}"
s10_su_2,words_only,surprise,high,"{""emotion"": ""surprise"", ""intensity"": ""high""}"
s10_su_3,words_only,surprise,high,"{""emotion"": ""surprise"", ""intensity"": ""high""}"
s10_su_4,words_only,surprise,high,"{""emotion"": ""surprise"", ""intensity"": ""high""}"
s10_su_5,words_only,surprise,low,"{""emotion"": ""surprise"", ""intensity"": ""low""}"
s13_an_1,words_only,fear,high,"{""emotion"": ""fear"", ""intensity"": ""high""}"
s13_an_2,words_only,anger,high,"{""emotion"": ""anger"", ""intensity"": ""high""}"
s13_an_3,words_only,anger,high,"{""emotion"": ""anger"", ""intensity"": ""high""}"
s13_an_4,words_only,anger,high,"{""emotion"": ""anger"", ""intensity"": ""high""}"
s13_an_5,words_only,anger,high,"{""emotion"": ""anger"", ""intensity"": ""high""}"
s13_di_1,words_only,disgust,high,"{""emotion"": ""disgust"", ""intensity"": ""high""}"
s13_di_2,words_only,surprise,low,"{""emotion"": ""surprise"", ""intensity"": ""low""}"
s13_di_3,words_only,happiness,low,"{""emotion"": ""happiness"", ""intensity"": ""low""}"
s13_di_4,words_only,surprise,low,"{""emotion"": ""surprise"", ""intensity"": ""low""}"
s13_di_5,words_only,disgust,high,"{""emotion"": ""disgust"", ""intensity"": ""high""}"
s13_fe_1,words_only,fear,high,"{""emotion"": ""fear"", ""intensity"": ""high""}"
s13_fe_2,words_only,fear,low,"{""emotion"": ""fear"", ""intensity"": ""low""}"
s13_fe_3,words_only,fear,high,"{""emotion"": ""fear"", ""intensity"": ""high""}"
s13_fe_4,words_only,fear,low,"{""emotion"": ""fear"", ""intensity"": ""low""}"
s13_fe_5,words_only,fear,high,"{""emotion"": ""fear"", ""intensity"": ""high""}"
s13_ha_1,words_only,happiness,high,"{""emotion"": ""happiness"", ""intensity"": ""high""}"
s13_ha_2,words_only,happiness,high,"{""emotion"": ""happiness"", ""intensity"": ""high""}"
s13_ha_3,words_only,happiness,high,"{""emotion"": ""happiness"", ""intensity"": ""high""}"
s13_ha_4,words_only,happiness,high,"{""emotion"": ""happiness"", ""intensity"": ""high""}"
s13_ha_5,words_only,happiness,high,"{""emotion"": ""happiness"", ""intensity"": ""high""}"
s13_sa_1,words_only,sadness,high,"{""emotion"": ""sadness"", ""intensity"": ""high""}"
s13_sa_2,words_only,fear,high,"{""emotion"": ""fear"", ""intensity"": ""high""}"
s13_sa_3,words_only,sadness,high,"{""emotion"": ""sadness"", ""intensity"": ""high""}"
s13_sa_4,words_only,happiness,high,"{""emotion"": ""happiness"", ""intensity"": ""high""}"
s13_sa_5,words_only,sadness,high,"{""emotion"": ""sadness"", ""intensity"": ""high""}"
s13_su_1,words_only,surprise,low,"{""emotion"": ""surprise"", ""intensity"": ""low""}"
s13_su_2,words_only,surprise,high,"{""emotion"": ""surprise"", ""intensity"": ""high""}"
s13_su_3,words_only,surprise,low,"{""emotion"": ""surprise"", ""intensity"": ""low""}"
s13_su_4,words_only,surprise,high,"{""emotion"": ""surprise"", ""intensity"": ""high""}"
s13_su_5,words_only,surprise,low,"{""emotion"": ""surprise"", ""intensity"": ""low""}"
s14_an_1,words_only,anger,high,"{""emotion"": ""anger"", ""intensity"": ""high""}"
s14_an_2,words_only,fear,high,"{""emotion"": ""fear"", ""intensity"": ""high""}"
s14_an_3,words_only,surprise,low,"{""emotion"": ""surprise"", ""intensity"": ""low""}"
s14_an_4,words_only,anger,high,"{""emotion"": ""anger"", ""intensity"": ""high""}"
s14_an_5,words_only,anger,low,"{""emotion"": ""anger"", ""intensity"": ""low""}"
s14_di_1,words_only,surprise,low,"{""emotion"": ""surprise"", ""intensity"": ""low""}"
s14_di_2,words_only,fear,high,"{""emotion"": ""fear"", ""intensity"": ""high""}"
s14_di_3,words_only,surprise,low,"{""emotion"": ""surprise"", ""intensity"": ""low""}"
s14_di_4,words_only,disgust,low,"{""emotion"": ""disgust"", ""intensity"": ""low""}"
s14_di_5,words_only,happiness,low,"{""emotion"": ""happiness"", ""intensity"": ""low""}"
s14_fe_1,words_only,fear,high,"{""emotion"": ""fear"", ""intensity"": ""high""}"
s14_fe_2,words_only,,,"{""emotion"": ""neutral"", ""intensity"": ""none""}"
s14_fe_3,words_only,fear,high,"{""emotion"": ""fear"", ""intensity"": ""high""}"
s14_fe_4,words_only,anger,high,"{""emotion"": ""anger"", ""intensity"": ""high""}"
s14_fe_5,words_only,sadness,high,"{""emotion"": ""sadness"", ""intensity"": ""high""}"
s14_ha_1,words_only,happiness,high,"{""emotion"": ""happiness"", ""intensity"": ""high""}"
s14_ha_2,words_only,happiness,high,"{""emotion"": ""happiness"", ""intensity"": ""high""}"
s14_ha_3,words_only,happiness,high,"{""emotion"": ""happiness"", ""intensity"": ""high""}"
s14_ha_4,words_only,happiness,low,"{""emotion"": ""happiness"", ""intensity"": ""low""}"
s14_ha_5,words_only,happiness,high,"{""emotion"": ""happiness"", ""intensity"": ""high""}"
s14_sa_1,words_only,sadness,low,"{""emotion"": ""sadness"", ""intensity"": ""low""}"
s14_sa_2,words_only,fear,high,"{""emotion"": ""fear"", ""intensity"": ""high""}"
s14_sa_3,words_only,happiness,low,"{""emotion"": ""happiness"", ""intensity"": ""low""}"
s14_sa_4,words_only,happiness,high,"{""emotion"": ""happiness"", ""intensity"": ""high""}"
s14_sa_5,words_only,sadness,low,"{""emotion"": ""sadness"", ""intensity"": ""low""}"
s14_su_1,words_only,surprise,low,"{""emotion"": ""surprise"", ""intensity"": ""low""}"
s14_su_2,words_only,,,"{""emotion"": ""none"", ""intensity"": ""none""}"
s14_su_3,words_only,surprise,high,"{""emotion"": ""surprise"", ""intensity"": ""high""}"
s14_su_4,words_only,surprise,high,"{""emotion"": ""surprise"", ""intensity"": ""high""}"
s14_su_5,words_only,surprise,high,"{""emotion"": ""surprise"", ""intensity"": ""high""}"
s15_an_1,words_only,surprise,low,"{""emotion"": ""surprise"", ""intensity"": ""low""}"
s15_an_2,words_only,anger,high,"{""emotion"": ""anger"", ""intensity"": ""high""}"
s15_an_3,words_only,anger,high,"{""emotion"": ""anger"", ""intensity"": ""high""}"
s15_an_4,words_only,anger,high,"{""emotion"": ""anger"", ""intensity"": ""high""}"
s15_an_5,words_only,anger,high,"{""emotion"": ""anger"", ""intensity"": ""high""}"
s15_di_1,words_only,disgust,high,"{""emotion"": ""disgust"", ""intensity"": ""high""}"
s15_di_2,words_only,disgust,high,"{""emotion"": ""disgust"", ""intensity"": ""high""}"
s15_di_3,words_only,fear,low,"{""emotion"": ""fear"", ""intensity"": ""low""}"
s15_di_4,words_only,disgust,high,"{""emotion"": ""disgust"", ""intensity"": ""high""}"
s15_di_5,words_only,disgust,high,"{""emotion"": ""disgust"", ""intensity"": ""high""}"
s15_fe_1,words_only,fear,high,"{""emotion"": ""fear"", ""intensity"": ""high""}"
s15_fe_2,words_only,surprise,low,"{""emotion"": ""surprise"", ""intensity"": ""low""}"
s15_fe_3,words_only,fear,high,"{""emotion"": ""fear"", ""intensity"": ""high""}"
s15_fe_4,words_only,anger,high,"{""emotion"": ""anger"", ""intensity"": ""high""}"
s15_fe_5,words_only,sadness,low,"{""emotion"": ""sadness"", ""intensity"": ""low""}"
s15_ha_1,words_only,happiness,high,"{""emotion"": ""happiness"", ""intensity"": ""high""}"
s15_ha_2,words_only,happiness,high,"{""emotion"": ""happiness"", ""intensity"": ""high""}"
s15_ha_3,words_only,happiness,high,"{""emotion"": ""happiness"", ""intensity"": ""high""}"
s15_ha_4,words_only,happiness,high,"{""emotion"": ""happiness"", ""intensity"": ""high""}"
s15_ha_5,words_only,happiness,high,"{""emotion"": ""happiness"", ""intensity"": ""high""}"
s15_sa_1,words_only,sadness,low,"{""emotion"": ""sadness"", ""intensity"": ""low""}"
s15_sa_2,words_only,fear,high,"{""emotion"": ""fear"", ""intensity"": ""high""}"
s15_sa_3,words_only,happiness,high,"{""emotion"": ""happiness"", ""intensity"": ""high""}"
s15_sa_4,words_only,happiness,high,"{""emotion"": ""happiness"", ""intensity"": ""high""}"
s15_sa_5,words_only,happiness,high,"{""emotion"": ""happiness"", ""intensity"": ""high""}"
s15_su_1,words_only,surprise,low,"{""emotion"": ""surprise"", ""intensity"": ""low""}"
s15_su_2,words_only,surprise,low,"{""emotion"": ""surprise"", ""intensity"": ""low""}"
s15_su_3,words_only,surprise,high,"{""emotion"": ""surprise"", ""intensity"": ""high""}"
s15_su_4,words_only,surprise,high,"{""emotion"": ""surprise"", ""intensity"": ""high""}"
s15_su_5,words_only,surprise,low,"{""emotion"": ""surprise"", ""intensity"": ""low""}"
s16_an_1,words_only,fear,high,"{""emotion"": ""fear"", ""intensity"": ""high""}"
s16_an_2,words_only,happiness,high,"{""emotion"": ""happiness"", ""intensity"": ""high""}"
s16_an_3,words_only,anger,high,"{""emotion"": ""anger"", ""intensity"": ""high""}"
s16_an_4,words_only,anger,high,"{""emotion"": ""anger"", ""intensity"": ""high""}"
s16_an_5,words_only,anger,high,"{""emotion"": ""anger"", ""intensity"": ""high""}"
s16_di_1,words_only,anger,high,"{""emotion"": ""anger"", ""intensity"": ""high""}"
s16_di_2,words_only,surprise,high,"{""emotion"": ""surprise"", ""intensity"": ""high""}"
s16_di_3,words_only,disgust,low,"{""emotion"": ""disgust"", ""intensity"": ""low""}"
s16_di_4,words_only,disgust,high,"{""emotion"": ""disgust"", ""intensity"": ""high""}"
s16_di_5,words_only,disgust,high,"{""emotion"": ""disgust"", ""intensity"": ""high""}"
s16_fe_1,words_only,fear,high,"{""emotion"": ""fear"", ""intensity"": ""high""}"
s16_fe_2,words_only,fear,high,"{""emotion"": ""fear"", ""intensity"": ""high""}"
s16_fe_3,words_only,fear,high,"{""emotion"": ""fear"", ""intensity"": ""high""}"
s16_fe_4,words_only,anger,high,"{""emotion"": ""anger"", ""intensity"": ""high""}"
s16_fe_5,words_only,fear,high,"{""emotion"": ""fear"", ""intensity"": ""high""}"
s16_ha_1,words_only,happiness,high,"{""emotion"": ""happiness"", ""intensity"": ""high""}"
s16_ha_2,words_only,happiness,high,"{""emotion"": ""happiness"", ""intensity"": ""high""}"
s16_ha_3,words_only,happiness,high,"{""emotion"": ""happiness"", ""intensity"": ""high""}"
s16_ha_4,words_only,happiness,high,"{""emotion"": ""happiness"", ""intensity"": ""high""}"
s16_ha_5,words_only,happiness,high,"{""emotion"": ""happiness"", ""intensity"": ""high""}"
s16_sa_1,words_only,sadness,high,"{""emotion"": ""sadness"", ""intensity"": ""high""}"
s16_sa_2,words_only,fear,high,"{""emotion"": ""fear"", ""intensity"": ""high""}"
s16_sa_3,words_only,sadness,high,"{""emotion"": ""sadness"", ""intensity"": ""high""}"
s16_sa_4,words_only,happiness,high,"{""emotion"": ""happiness"", ""intensity"": ""high""}"
s16_sa_5,words_only,sadness,high,"{""emotion"": ""sadness"", ""intensity"": ""high""}"
s16_su_1,words_only,anger,high,"{""emotion"": ""anger"", ""intensity"": ""high""}"
s16_su_2,words_only,surprise,high,"{""emotion"": ""surprise"", ""intensity"": ""high""}"
s16_su_3avi,words_only,surprise,high,"{""emotion"": ""surprise"", ""intensity"": ""high""}"
s16_su_4,words_only,surprise,high,"{""emotion"": ""surprise"", ""intensity"": ""high""}"
s16_su_5,words_only,surprise,low,"{""emotion"": ""surprise"", ""intensity"": ""low""}"
s17_an_1,words_only,fear,low,"{""emotion"": ""fear"", ""intensity"": ""low""}"
s17_an_2,words_only,disgust,low,"{""emotion"": ""disgust"", ""intensity"": ""low""}"
s17_an_3,words_only,anger,high,"{""emotion"": ""anger"", ""intensity"": ""high""}"
s17_an_4,words_only,anger,high,"{""emotion"": ""anger"", ""intensity"": ""high""}"
s17_an_5,words_only,anger,high,"{""emotion"": ""anger"", ""intensity"": ""high""}"
s17_di_1,words_only,disgust,high,"{""emotion"": ""disgust"", ""intensity"": ""high""}"
s17_di_2,words_only,surprise,low,"{""emotion"": ""surprise"", ""intensity"": ""low""}"
s17_di_3,words_only,disgust,low,"{""emotion"": ""disgust"", ""intensity"": ""low""}"
s17_di_4,words_only,disgust,high,"{""emotion"": ""disgust"", ""intensity"": ""high""}"
s17_di_5,words_only,disgust,high,"{""emotion"": ""disgust"", ""intensity"": ""high""}"
s17_fe_1,words_only,fear,low,"{""emotion"": ""fear"", ""intensity"": ""low""}"
s17_fe_2,words_only,fear,low,"{""emotion"": ""fear"", ""intensity"": ""low""}"
s17_fe_3,words_only,fear,high,"{""emotion"": ""fear"", ""intensity"": ""high""}"
s17_fe_4,words_only,anger,low,"{""emotion"": ""anger"", ""intensity"": ""low""}"
s17_fe_5,words_only,fear,high,"{""emotion"": ""fear"", ""intensity"": ""high""}"
s17_ha_1,words_only,happiness,high,"{""emotion"": ""happiness"", ""intensity"": ""high""}"
s17_ha_2,words_only,happiness,high,"{""emotion"": ""happiness"", ""intensity"": ""high""}"
s17_ha_3,words_only,happiness,high,"{""emotion"": ""happiness"", ""intensity"": ""high""}"
s17_ha_4,words_only,happiness,high,"{""emotion"": ""happiness"", ""intensity"": ""high""}"
s17_ha_5,words_only,happiness,high,"{""emotion"": ""happiness"", ""intensity"": ""high""}"
s17_sa_1,words_only,sadness,high,"{""emotion"": ""sadness"", ""intensity"": ""high""}"
s17_sa_2,words_only,fear,high,"{""emotion"": ""fear"", ""intensity"": ""high""}"
s17_sa_3,words_only,sadness,high,"{""emotion"": ""sadness"", ""intensity"": ""high""}"
s17_sa_4,words_only,happiness,low,"{""emotion"": ""happiness"", ""intensity"": ""low""}"
s17_sa_5,words_only,sadness,high,"{""emotion"": ""sadness"", ""intensity"": ""high""}"
s17_su_1,words_only,,,"{""emotion"": ""none"", ""intensity"": ""none""}"
s17_su_2,words_only,surprise,low,"{""emotion"": ""surprise"", ""intensity"": ""low""}"
s17_su_3,words_only,surprise,high,"{""emotion"": ""surprise"", ""intensity"": ""high""}"
s17_su_4,words_only,surprise,high,"{""emotion"": ""surprise"", ""intensity"": ""high""}"
s17_su_5,words_only,surprise,high,"{""emotion"": ""surprise"", ""intensity"": ""high""}"
s18_an_1,words_only,fear,high,"{""emotion"": ""fear"", ""intensity"": ""high""}"
s18_an_2,words_only,anger,high,"{""emotion"": ""anger"", ""intensity"": ""high""}"
s18_an_3,words_only,anger,high,"{""emotion"": ""anger"", ""intensity"": ""high""}"
s18_an_4,words_only,anger,high,"{""emotion"": ""anger"", ""intensity"": ""high""}"
s18_an_5,words_only,anger,high,"{""emotion"": ""anger"", ""intensity"": ""high""}"
s18_di_1,words_only,sadness,high,"{""emotion"": ""sadness"", ""intensity"": ""high""}"
s18_di_2,words_only,fear,high,"{""emotion"": ""fear"", ""intensity"": ""high""}"
s18_di_3,words_only,surprise,low,"{""emotion"": ""surprise"", ""intensity"": ""low""}"
s18_di_4,words_only,disgust,high,"{""emotion"": ""disgust"", ""intensity"": ""high""}"
s18_di_5,words_only,disgust,high,"{""emotion"": ""disgust"", ""intensity"": ""high""}"
s18_fe_1,words_only,fear,high,"{""emotion"": ""fear"", ""intensity"": ""high""}"
s18_fe_2,words_only,fear,low,"{""emotion"": ""fear"", ""intensity"": ""low""}"
s18_fe_3,words_only,fear,high,"{""emotion"": ""fear"", ""intensity"": ""high""}"
s18_fe_4,words_only,fear,high,"{""emotion"": ""fear"", ""intensity"": ""high""}"
s18_fe_5,words_only,sadness,high,"{""emotion"": ""sadness"", ""intensity"": ""high""}"
s18_ha_1,words_only,happiness,high,"{""emotion"": ""happiness"", ""intensity"": ""high""}"
s18_ha_2,words_only,happiness,high,"{""emotion"": ""happiness"", ""intensity"": ""high""}"
s18_ha_3,words_only,happiness,high,"{""emotion"": ""happiness"", ""intensity"": ""high""}"
s18_ha_4,words_only,happiness,high,"{""emotion"": ""happiness"", ""intensity"": ""high""}"
s18_ha_5,words_only,happiness,high,"{""emotion"": ""happiness"", ""intensity"": ""high""}"
s18_sa_1,words_only,sadness,high,"{""emotion"": ""sadness"", ""intensity"": ""high""}"
s18_sa_2,words_only,sadness,high,"{""emotion"": ""sadness"", ""intensity"": ""high""}"
s18_sa_3,words_only,sadness,high,"{""emotion"": ""sadness"", ""intensity"": ""high""}"
s18_sa_4,words_only,happiness,low,"{""emotion"": ""happiness"", ""intensity"": ""low""}"
s18_sa_5,words_only,sadness,low,"{""emotion"": ""sadness"", ""intensity"": ""low""}"
s18_su_1,words_only,surprise,high,"{""emotion"": ""surprise"", ""intensity"": ""high""}"
s18_su_2,words_only,surprise,high,"{""emotion"": ""surprise"", ""intensity"": ""high""}"
s18_su_3,words_only,surprise,high,"{""emotion"": ""surprise"", ""intensity"": ""high""}"
s18_su_4,words_only,surprise,high,"{""emotion"": ""surprise"", ""intensity"": ""high""}"
s18_su_5,words_only,happiness,high,"{""emotion"": ""happiness"", ""intensity"": ""high""}"
s19_an_1,words_only,anger,high,"{""emotion"": ""anger"", ""intensity"": ""high""}"
s19_an_2,words_only,anger,high,"{""emotion"": ""anger"", ""intensity"": ""high""}"
s19_an_3,words_only,happiness,low,"{""emotion"": ""happiness"", ""intensity"": ""low""}"
s19_an_4,words_only,anger,high,"{""emotion"": ""anger"", ""intensity"": ""high""}"
s19_an_5,words_only,anger,high,"{""emotion"": ""anger"", ""intensity"": ""high""}"
s19_di_1,words_only,disgust,high,"{""emotion"": ""disgust"", ""intensity"": ""high""}"
s19_di_2,words_only,surprise,low,"{""emotion"": ""surprise"", ""intensity"": ""low""}"
s19_di_3,words_only,surprise,low,"{""emotion"": ""surprise"", ""intensity"": ""low""}"
s19_di_4,words_only,disgust,high,"{""emotion"": ""disgust"", ""intensity"": ""high""}"
s19_di_5,words_only,disgust,high,"{""emotion"": ""disgust"", ""intensity"": ""high""}"
s19_fe_1,words_only,fear,high,"{""emotion"": ""fear"", ""intensity"": ""high""}"
s19_fe_2,words_only,fear,low,"{""emotion"": ""fear"", ""intensity"": ""low""}"
s19_fe_3,words_only,fear,high,"{""emotion"": ""fear"", ""intensity"": ""high""}"
s19_fe_4,words_only,anger,low,"{""emotion"": ""anger"", ""intensity"": ""low""}"
s19_fe_5,words_only,fear,high,"{""emotion"": ""fear"", ""intensity"": ""high""}"
s19_ha_1,words_only,happiness,high,"{""emotion"": ""happiness"", ""intensity"": ""high""}"
s19_ha_2,words_only,happiness,high,"{""emotion"": ""happiness"", ""intensity"": ""high""}"
s19_ha_3,words_only,happiness,high,"{""emotion"": ""happiness"", ""intensity"": ""high""}"
s19_ha_4,words_only,happiness,high,"{""emotion"": ""happiness"", ""intensity"": ""high""}"
s19_ha_5,words_only,happiness,high,"{""emotion"": ""happiness"", ""intensity"": ""high""}"
s19_sa_1,words_only,sadness,high,"{""emotion"": ""sadness"", ""intensity"": ""high""}"
s19_sa_2,words_only,fear,high,"{""emotion"": ""fear"", ""intensity"": ""high""}"
s19_sa_3,words_only,happiness,high,"{""emotion"": ""happiness"", ""intensity"": ""high""}"
s19_sa_4,words_only,happiness,high,"{""emotion"": ""happiness"", ""intensity"": ""high""}"
s19_sa_5,words_only,sadness,high,"{""emotion"": ""sadness"", ""intensity"": ""high""}"
s19_su_1,words_only,surprise,low,"{""emotion"": ""surprise"", ""intensity"": ""low""}"
s19_su_2,words_only,surprise,low,"{""emotion"": ""surprise"", ""intensity"": ""low""}"
s19_su_3,words_only,surprise,high,"{""emotion"": ""surprise"", ""intensity"": ""high""}"
s19_su_4,words_only,surprise,high,"{""emotion"": ""surprise"", ""intensity"": ""high""}"
s19_su_5,words_only,surprise,high,"{""emotion"": ""surprise"", ""intensity"": ""high""}"
s1_an_1,words_only,fear,high,"{""emotion"": ""fear"", ""intensity"": ""high""}"
s1_an_2,words_only,anger,high,"{""emotion"": ""anger"", ""intensity"": ""high""}"
s1_an_3,words_only,anger,high,"{""emotion"": ""anger"", ""intensity"": ""high""}"
s1_an_4,words_only,anger,high,"{""emotion"": ""anger"", ""intensity"": ""high""}"
s1_an_5,words_only,anger,high,"{""emotion"": ""anger"", ""intensity"": ""high""}"
s1_di_1,words_only,disgust,high,"{""emotion"": ""disgust"", ""intensity"": ""high""}"
s1_di_2,words_only,surprise,high,"{""emotion"": ""surprise"", ""intensity"": ""high""}"
s1_di_3,words_only,disgust,high,"{""emotion"": ""disgust"", ""intensity"": ""high""}"
s1_di_4,words_only,disgust,high,"{""emotion"": ""disgust"", ""intensity"": ""high""}"
s1_di_5,words_only,disgust,high,"{""emotion"": ""disgust"", ""intensity"": ""high""}"
s1_fe_1,words_only,fear,high,"{""emotion"": ""fear"", ""intensity"": ""high""}"
s1_fe_2,words_only,fear,low,"{""emotion"": ""fear"", ""intensity"": ""low""}"
s1_fe_3,words_only,fear,high,"{""emotion"": ""fear"", ""intensity"": ""high""}"
s1_fe_4,words_only,anger,high,"{""emotion"": ""anger"", ""intensity"": ""high""}"
s1_fe_5,words_only,fear,high,"{""emotion"": ""fear"", ""intensity"": ""high""}"
s1_ha_1,words_only,happiness,high,"{""emotion"": ""happiness"", ""intensity"": ""high""}"
s1_ha_2,words_only,happiness,high,"{""emotion"": ""happiness"", ""intensity"": ""high""}"
s1_ha_3,words_only,happiness,high,"{""emotion"": ""happiness"", ""intensity"": ""high""}"
s1_ha_4,words_only,happiness,high,"{""emotion"": ""happiness"", ""intensity"": ""high""}"
s1_ha_5,words_only,happiness,high,"{""emotion"": ""happiness"", ""intensity"": ""high""}"
s1_sa_1,words_only,sadness,low,"{""emotion"": ""sadness"", ""intensity"": ""low""}"
s1_sa_2,words_only,fear,high,"{""emotion"": ""fear"", ""intensity"": ""high""}"
s1_sa_3,words_only,sadness,high,"{""emotion"": ""sadness"", ""intensity"": ""high""}"
s1_sa_4,words_only,happiness,low,"{""emotion"": ""happiness"", ""intensity"": ""low""}"
s1_sa_5,words_only,sadness,high,"{""emotion"": ""sadness"", ""intensity"": ""high""}"
s1_su_1,words_only,surprise,high,"{""emotion"": ""surprise"", ""intensity"": ""high""}"
s1_su_2,words_only,anger,low,"{""emotion"": ""anger"", ""intensity"": ""low""}"
s1_su_3,words_only,surprise,high,"{""emotion"": ""surprise"", ""intensity"": ""high""}"
s1_su_4,words_only,surprise,high,"{""emotion"": ""surprise"", ""intensity"": ""high""}"
s1_su_5,words_only,surprise,high,"{""emotion"": ""surprise"", ""intensity"": ""high""}"
s20_an_1,words_only,fear,low,"{""emotion"": ""fear"", ""intensity"": ""low""}"
s20_an_2,words_only,anger,high,"{""emotion"": ""anger"", ""intensity"": ""high""}"
s20_an_3,words_only,anger,high,"{""emotion"": ""anger"", ""intensity"": ""high""}"
s20_an_4,words_only,anger,high,"{""emotion"": ""anger"", ""intensity"": ""high""}"
s20_an_5,words_only,anger,high,"{""emotion"": ""anger"", ""intensity"": ""high""}"
s20_di_1,words_only,disgust,high,"{""emotion"": ""disgust"", ""intensity"": ""high""}"
s20_di_2,words_only,disgust,high,"{""emotion"": ""disgust"", ""intensity"": ""high""}"
s20_di_3,words_only,disgust,low,"{""emotion"": ""disgust"", ""intensity"": ""low""}"
s20_di_4,words_only,disgust,high,"{""emotion"": ""disgust"", ""intensity"": ""high""}"
s20_di_5,words_only,disgust,high,"{""emotion"": ""disgust"", ""intensity"": ""high""}"
s20_fe_1,words_only,surprise,high,"{""emotion"": ""surprise"", ""intensity"": ""high""}"
s20_fe_2,words_only,,,"{""emotion"": ""none"", ""intensity"": ""none""}"
s20_fe_3,words_only,fear,high,"{""emotion"": ""fear"", ""intensity"": ""high""}"
s20_fe_4,words_only,anger,high,"{""emotion"": ""anger"", ""intensity"": ""high""}"
s20_fe_5,words_only,sadness,low,"{""emotion"": ""sadness"", ""intensity"": ""low""}"
s20_ha_1,words_only,happiness,high,"{""emotion"": ""happiness"", ""intensity"": ""high""}"
s20_ha_2,words_only,happiness,high,"{""emotion"": ""happiness"", ""intensity"": ""high""}"
s20_ha_3,words_only,happiness,high,"{""emotion"": ""happiness"", ""intensity"": ""high""}"
s20_ha_4,words_only,happiness,high,"{""emotion"": ""happiness"", ""intensity"": ""high""}"
s20_ha_5,words_only,happiness,high,"{""emotion"": ""happiness"", ""intensity"": ""high""}"
s20_sa_1,words_only,,,"{""emotion"": ""none"", ""intensity"": ""none""}"
s20_sa_2,words_only,fear,high,"{""emotion"": ""fear"", ""intensity"": ""high""}"
s20_sa_3,words_only,sadness,high,"{""emotion"": ""sadness"", ""intensity"": ""high""}"
s20_sa_4,words_only,happiness,low,"{""emotion"": ""happiness"", ""intensity"": ""low""}"
s20_sa_5,words_only,sadness,high,"{""emotion"": ""sadness"", ""intensity"": ""high""}"
s20_su_1,words_only,sadness,low,"{""emotion"": ""sadness"", ""intensity"": ""low""}"
s20_su_2,words_only,surprise,low,"{""emotion"": ""surprise"", ""intensity"": ""low""}"
s20_su_3,words_only,surprise,low,"{""emotion"": ""surprise"", ""intensity"": ""low""}"
s20_su_4,words_only,surprise,high,"{""emotion"": ""surprise"", ""intensity"": ""high""}"
s20_su_5,words_only,surprise,low,"{""emotion"": ""surprise"", ""intensity"": ""low""}"
s21_an_1,words_only,surprise,low,"{""emotion"": ""surprise"", ""intensity"": ""low""}"
s21_an_2,words_only,anger,high,"{""emotion"": ""anger"", ""intensity"": ""high""}"
s21_an_3,words_only,sadness,low,"{""emotion"": ""sadness"", ""intensity"": ""low""}"
s21_an_4,words_only,anger,high,"{""emotion"": ""anger"", ""intensity"": ""high""}"
s21_an_5,words_only,,,"{""emotion"": ""none"", ""intensity"": ""none""}"
s21_di_1,words_only,anger,high,"{""emotion"": ""anger"", ""intensity"": ""high""}"
s21_di_2,words_only,surprise,low,"{""emotion"": ""surprise"", ""intensity"": ""low""}"
s21_di_3,words_only,surprise,high,"{""emotion"": ""surprise"", ""intensity"": ""high""}"
s21_di_4,words_only,disgust,high,"{""emotion"": ""disgust"", ""intensity"": ""high""}"
s21_di_5,words_only,happiness,low,"{""emotion"": ""happiness"", ""intensity"": ""low""}"
s21_fe_1,words_only,fear,high,"{""emotion"": ""fear"", ""intensity"": ""high""}"
s21_fe_2,words_only,,,"{""emotion"": ""none"", ""intensity"": ""none""}"
s21_fe_3,words_only,fear,high,"{""emotion"": ""fear"", ""intensity"": ""high""}"
s21_fe_4,words_only,anger,high,"{""emotion"": ""anger"", ""intensity"": ""high""}"
s21_fe_5,words_only,sadness,high,"{""emotion"": ""sadness"", ""intensity"": ""high""}"
s21_ha_1,words_only,happiness,low,"{""emotion"": ""happiness"", ""intensity"": ""low""}"
s21_ha_2,words_only,happiness,high,"{""emotion"": ""happiness"", ""intensity"": ""high""}"
s21_ha_3,words_only,happiness,high,"{""emotion"": ""happiness"", ""intensity"": ""high""}"
s21_ha_4,words_only,happiness,low,"{""emotion"": ""happiness"", ""intensity"": ""low""}"
s21_ha_5,words_only,happiness,high,"{""emotion"": ""happiness"", ""intensity"": ""high""}"
s21_sa_1,words_only,sadness,high,"{""emotion"": ""sadness"", ""intensity"": ""high""}"
s21_sa_2,words_only,fear,high,"{""emotion"": ""fear"", ""intensity"": ""high""}"
s21_sa_3,words_only,sadness,high,"{""emotion"": ""sadness"", ""intensity"": ""high""}"
s21_sa_4,words_only,happiness,low,"{""emotion"": ""happiness"", ""intensity"": ""low""}"
s21_sa_5,words_only,sadness,high,"{""emotion"": ""sadness"", ""intensity"": ""high""}"
s21_su_1,words_only,anger,high,"{""emotion"": ""anger"", ""intensity"": ""high""}"
s21_su_2,words_only,surprise,low,"{""emotion"": ""surprise"", ""intensity"": ""low""}"
s21_su_3,words_only,surprise,high,"{""emotion"": ""surprise"", ""intensity"": ""high""}"
s21_su_4,words_only,surprise,high,"{""emotion"": ""surprise"", ""intensity"": ""high""}"
s21_su_5,words_only,surprise,high,"{""emotion"": ""surprise"", ""intensity"": ""high""}"
s22_an_1,words_only,fear,high,"{""emotion"": ""fear"", ""intensity"": ""high""}"
s22_an_2,words_only,anger,high,"{""emotion"": ""anger"", ""intensity"": ""high""}"
s22_an_3,words_only,anger,high,"{""emotion"": ""anger"", ""intensity"": ""high""}"
s22_an_4,words_only,anger,high,"{""emotion"": ""anger"", ""intensity"": ""high""}"
s22_an_5,words_only,anger,high,"{""emotion"": ""anger"", ""intensity"": ""high""}"
s22_di_1,words_only,disgust,high,"{""emotion"": ""disgust"", ""intensity"": ""high""}"
s22_di_2,words_only,disgust,high,"{""emotion"": ""disgust"", ""intensity"": ""high""}"
s22_di_3,words_only,disgust,high,"{""emotion"": ""disgust"", ""intensity"": ""high""}"
s22_di_4,words_only,disgust,high,"{""emotion"": ""disgust"", ""intensity"": ""high""}"
s22_di_5,words_only,disgust,low,"{""emotion"": ""disgust"", ""intensity"": ""low""}"
s22_fe_1,words_only,fear,high,"{""emotion"": ""fear"", ""intensity"": ""high""}"
s22_fe_2,words_only,fear,low,"{""emotion"": ""fear"", ""intensity"": ""low""}"
s22_fe_3,words_only,fear,high,"{""emotion"": ""fear"", ""intensity"": ""high""}"
s22_fe_4,words_only,anger,high,"{""emotion"": ""anger"", ""intensity"": ""high""}"
s22_fe_5,words_only,fear,high,"{""emotion"": ""fear"", ""intensity"": ""high""}"
s22_ha_1,words_only,happiness,high,"{""emotion"": ""happiness"", ""intensity"": ""high""}"
s22_ha_2,words_only,happiness,high,"{""emotion"": ""happiness"", ""intensity"": ""high""}"
s22_ha_3,words_only,happiness,high,"{""emotion"": ""happiness"", ""intensity"": ""high""}"
s22_ha_4,words_only,happiness,high,"{""emotion"": ""happiness"", ""intensity"": ""high""}"
s22_ha_5,words_only,happiness,high,"{""emotion"": ""happiness"", ""intensity"": ""high""}"
s22_sa_1,words_only,,,"{""emotion"": ""none"", ""intensity"": ""none""}"
s22_sa_2,words_only,fear,high,"{""emotion"": ""fear"", ""intensity"": ""high""}"
s22_sa_3,words_only,sadness,high,"{""emotion"": ""sadness"", ""intensity"": ""high""}"
s22_sa_4,words_only,happiness,high,"{""emotion"": ""happiness"", ""intensity"": ""high""}"
s22_sa_5,words_only,sadness,high,"{""emotion"": ""sadness"", ""intensity"": ""high""}"
s22_su_1,words_only,surprise,low,"{""emotion"": ""surprise"", ""intensity"": ""low""}"
s22_su_2,words_only,surprise,low,"{""emotion"": ""surprise"", ""intensity"": ""low""}"
s22_su_3,words_only,surprise,high,"{""emotion"": ""surprise"", ""intensity"": ""high""}"
s22_su_4,words_only,surprise,high,"{""emotion"": ""surprise"", ""intensity"": ""high""}"
s22_su_5,words_only,surprise,high,"{""emotion"": ""surprise"", ""intensity"": ""high""}"
s23_an_1,words_only,fear,high,"{""emotion"": ""fear"", ""intensity"": ""high""}"
s23_an_2,words_only,anger,high,"{""emotion"": ""anger"", ""intensity"": ""high""}"
s23_an_3,words_only,anger,high,"{""emotion"": ""anger"", ""intensity"": ""high""}"
s23_an_4,words_only,anger,high,"{""emotion"": ""anger"", ""intensity"": ""high""}"
s23_an_5,words_only,anger,high,"{""emotion"": ""anger"", ""intensity"": ""high""}"
s23_di_1,words_only,disgust,high,"{""emotion"": ""disgust"", ""intensity"": ""high""}"
s23_di_2,words_only,disgust,high,"{""emotion"": ""disgust"", ""intensity"": ""high""}"
s23_di_3,words_only,disgust,low,"{""emotion"": ""disgust"", ""intensity"": ""low""}"
s23_di_4,words_only,disgust,high,"{""emotion"": ""disgust"", ""intensity"": ""high""}"
s23_di_5,words_only,disgust,low,"{""emotion"": ""disgust"", ""intensity"": ""low""}"
s23_fe_1,words_only,fear,high,"{""emotion"": ""fear"", ""intensity"": ""high""}"
s23_fe_2,words_only,fear,low,"{""emotion"": ""fear"", ""intensity"": ""low""}"
s23_fe_3,words_only,fear,high,"{""emotion"": ""fear"", ""intensity"": ""high""}"
s23_fe_4,words_only,anger,low,"{""emotion"": ""anger"", ""intensity"": ""low""}"
s23_fe_5,words_only,fear,high,"{""emotion"": ""fear"", ""intensity"": ""high""}"
s23_ha_4,words_only,happiness,high,"{""emotion"": ""happiness"", ""intensity"": ""high""}"
s23_ha_5,words_only,happiness,high,"{""emotion"": ""happiness"", ""intensity"": ""high""}"
s23_sa_1,words_only,sadness,low,"{""emotion"": ""sadness"", ""intensity"": ""low""}"
s23_sa_2,words_only,fear,high,"{""emotion"": ""fear"", ""intensity"": ""high""}"
s23_sa_3,words_only,sadness,high,"{""emotion"": ""sadness"", ""intensity"": ""high""}"
s23_sa_4,words_only,sadness,high,"{""emotion"": ""sadness"", ""intensity"": ""high""}"
s23_sa_5,words_only,sadness,high,"{""emotion"": ""sadness"", ""intensity"": ""high""}"
s23_su_1,words_only,surprise,low,"{""emotion"": ""surprise"", ""intensity"": ""low""}"
s23_su_2,words_only,surprise,low,"{""emotion"": ""surprise"", ""intensity"": ""low""}"
s23_su_3,words_only,surprise,high,"{""emotion"": ""surprise"", ""intensity"": ""high""}"
s23_su_4,words_only,surprise,high,"{""emotion"": ""surprise"", ""intensity"": ""high""}"
s23_su_5,words_only,surprise,low,"{""emotion"": ""surprise"", ""intensity"": ""low""}"
s24_an_1,words_only,fear,high,"{""emotion"": ""fear"", ""intensity"": ""high""}"
s24_an_2,words_only,anger,high,"{""emotion"": ""anger"", ""intensity"": ""high""}"
s24_an_3,words_only,anger,high,"{""emotion"": ""anger"", ""intensity"": ""high""}"
s24_an_4,words_only,anger,high,"{""emotion"": ""anger"", ""intensity"": ""high""}"
s24_an_5,words_only,anger,high,"{""emotion"": ""anger"", ""intensity"": ""high""}"
s24_di_1,words_only,disgust,high,"{""emotion"": ""disgust"", ""intensity"": ""high""}"
s24_di_2,words_only,disgust,high,"{""emotion"": ""disgust"", ""intensity"": ""high""}"
s24_di_3,words_only,disgust,low,"{""emotion"": ""disgust"", ""intensity"": ""low""}"
s24_di_4,words_only,disgust,high,"{""emotion"": ""disgust"", ""intensity"": ""high""}"
s24_di_5,words_only,disgust,high,"{""emotion"": ""disgust"", ""intensity"": ""high""}"
s24_fe_1,words_only,fear,high,"{""emotion"": ""fear"", ""intensity"": ""high""}"
s24_fe_2,words_only,fear,low,"{""emotion"": ""fear"", ""intensity"": ""low""}"
s24_fe_3,words_only,fear,high,"{""emotion"": ""fear"", ""intensity"": ""high""}"
s24_fe_4,words_only,fear,high,"{""emotion"": ""fear"", ""intensity"": ""high""}"
s24_fe_5,words_only,fear,high,"{""emotion"": ""fear"", ""intensity"": ""high""}"
s24_ha_1,words_only,happiness,high,"{""emotion"": ""happiness"", ""intensity"": ""high""}"
s24_ha_2,words_only,happiness,high,"{""emotion"": ""happiness"", ""intensity"": ""high""}"
s24_ha_3,words_only,happiness,high,"{""emotion"": ""happiness"", ""intensity"": ""high""}"
s24_ha_4,words_only,happiness,high,"{""emotion"": ""happiness"", ""intensity"": ""high""}"
s24_ha_5,words_only,happiness,high,"{""emotion"": ""happiness"", ""intensity"": ""high""}"
s24_sa_1,words_only,sadness,high,"{""emotion"": ""sadness"", ""intensity"": ""high""}"
s24_sa_2,words_only,fear,low,"{""emotion"": ""fear"", ""intensity"": ""low""}"
s24_sa_3,words_only,sadness,high,"{""emotion"": ""sadness"", ""intensity"": ""high""}"
s24_sa_4,words_only,happiness,high,"{""emotion"": ""happiness"", ""intensity"": ""high""}"
s24_sa_5,words_only,sadness,high,"{""emotion"": ""sadness"", ""intensity"": ""high""}"
s24_su_1,words_only,surprise,low,"{""emotion"": ""surprise"", ""intensity"": ""low""}"
s24_su_2,words_only,surprise,low,"{""emotion"": ""surprise"", ""intensity"": ""low""}"
s24_su_3,words_only,surprise,high,"{""emotion"": ""surprise"", ""intensity"": ""high""}"
s24_su_4,words_only,surprise,high,"{""emotion"": ""surprise"", ""intensity"": ""high""}"
s24_su_5,words_only,surprise,low,"{""emotion"": ""surprise"", ""intensity"": ""low""}"
s25_an_1,words_only,fear,high,"{""emotion"": ""fear"", ""intensity"": ""high""}"
s25_an_2,words_only,anger,high,"{""emotion"": ""anger"", ""intensity"": ""high""}"
s25_an_3,words_only,anger,high,"{""emotion"": ""anger"", ""intensity"": ""high""}"
s25_an_4,words_only,happiness,high,"{""emotion"": ""happiness"", ""intensity"": ""high""}"
s25_an_5,words_only,anger,high,"{""emotion"": ""anger"", ""intensity"": ""high""}"
s25_di_1,words_only,disgust,high,"{""emotion"": ""disgust"", ""intensity"": ""high""}"
s25_di_2,words_only,disgust,high,"{""emotion"": ""disgust"", ""intensity"": ""high""}"
s25_di_3,words_only,disgust,low,"{""emotion"": ""disgust"", ""intensity"": ""low""}"
s25_di_4,words_only,disgust,high,"{""emotion"": ""disgust"", ""intensity"": ""high""}"
s25_di_5,words_only,disgust,high,"{""emotion"": ""disgust"", ""intensity"": ""high""}"
s25_fe_1,words_only,fear,high,"{""emotion"": ""fear"", ""intensity"": ""high""}"
s25_fe_2,words_only,fear,low,"{""emotion"": ""fear"", ""intensity"": ""low""}"
s25_fe_3,words_only,fear,high,"{""emotion"": ""fear"", ""intensity"": ""high""}"
s25_fe_4,words_only,anger,high,"{""emotion"": ""anger"", ""intensity"": ""high""}"
s25_fe_5,words_only,fear,high,"{""emotion"": ""fear"", ""intensity"": ""high""}"
s25_ha_1,words_only,happiness,high,"{""emotion"": ""happiness"", ""intensity"": ""high""}"
s25_ha_2,words_only,happiness,high,"{""emotion"": ""happiness"", ""intensity"": ""high""}"
s25_ha_3,words_only,happiness,high,"{""emotion"": ""happiness"", ""intensity"": ""high""}"
s25_ha_4,words_only,happiness,high,"{""emotion"": ""happiness"", ""intensity"": ""high""}"
s25_ha_5,words_only,happiness,high,"{""emotion"": ""happiness"", ""intensity"": ""high""}"
s25_sa_1,words_only,sadness,high,"{""emotion"": ""sadness"", ""intensity"": ""high""}"
s25_sa_2,words_only,fear,high,"{""emotion"": ""fear"", ""intensity"": ""high""}"
s25_sa_3,words_only,sadness,high,"{""emotion"": ""sadness"", ""intensity"": ""high""}"
s25_sa_4,words_only,happiness,low,"{""emotion"": ""happiness"", ""intensity"": ""low""}"
s25_sa_5,words_only,sadness,high,"{""emotion"": ""sadness"", ""intensity"": ""high""}"
s25_su_1,words_only,surprise,low,"{""emotion"": ""surprise"", ""intensity"": ""low""}"
s25_su_2,words_only,surprise,low,"{""emotion"": ""surprise"", ""intensity"": ""low""}"
s25_su_3,words_only,surprise,high,"{""emotion"": ""surprise"", ""intensity"": ""high""}"
s25_su_4,words_only,surprise,high,"{""emotion"": ""surprise"", ""intensity"": ""high""}"
s25_su_5,words_only,surprise,low,"{""emotion"": ""surprise"", ""intensity"": ""low""}"
s26_an_1,words_only,fear,high,"{""emotion"": ""fear"", ""intensity"": ""high""}"
s26_an_2,words_only,anger,high,"{""emotion"": ""anger"", ""intensity"": ""high""}"
s26_an_3,words_only,anger,high,"{""emotion"": ""anger"", ""intensity"": ""high""}"
s26_an_4,words_only,anger,high,"{""emotion"": ""anger"", ""intensity"": ""high""}"
s26_an_5,words_only,anger,high,"{""emotion"": ""anger"", ""intensity"": ""high""}"
s26_di_1,words_only,disgust,high,"{""emotion"": ""disgust"", ""intensity"": ""high""}"
s26_di_2,words_only,disgust,high,"{""emotion"": ""disgust"", ""intensity"": ""high""}"
s26_di_3,words_only,disgust,high,"{""emotion"": ""disgust"", ""intensity"": ""high""}"
s26_di_4,words_only,disgust,high,"{""emotion"": ""disgust"", ""intensity"": ""high""}"
s26_di_5,words_only,disgust,low,"{""emotion"": ""disgust"", ""intensity"": ""low""}"
s26_fe_1,words_only,fear,high,"{""emotion"": ""fear"", ""intensity"": ""high""}"
s26_fe_2,words_only,fear,low,"{""emotion"": ""fear"", ""intensity"": ""low""}"
s26_fe_3,words_only,fear,high,"{""emotion"": ""fear"", ""intensity"": ""high""}"
s26_fe_4,words_only,anger,high,"{""emotion"": ""anger"", ""intensity"": ""high""}"
s26_fe_5,words_only,fear,high,"{""emotion"": ""fear"", ""intensity"": ""high""}"
s26_ha_1,words_only,happiness,high,"{""emotion"": ""happiness"", ""intensity"": ""high""}"
s26_ha_2,words_only,happiness,high,"{""emotion"": ""happiness"", ""intensity"": ""high""}"
s26_ha_3,words_only,happiness,high,"{""emotion"": ""happiness"", ""intensity"": ""high""}"
s26_ha_4,words_only,happiness,high,"{""emotion"": ""happiness"", ""intensity"": ""high""}"
s26_ha_5,words_only,happiness,high,"{""emotion"": ""happiness"", ""intensity"": ""high""}"
s26_sa_1,words_only,sadness,high,"{""emotion"": ""sadness"", ""intensity"": ""high""}"
s26_sa_2,words_only,fear,high,"{""emotion"": ""fear"", ""intensity"": ""high""}"
s26_sa_3,words_only,sadness,high,"{""emotion"": ""sadness"", ""intensity"": ""high""}"
s26_sa_4,words_only,sadness,high,"{""emotion"": ""sadness"", ""intensity"": ""high""}"
s26_sa_5,words_only,sadness,high,"{""emotion"": ""sadness"", ""intensity"": ""high""}"
s26_su_1,words_only,surprise,low,"{""emotion"": ""surprise"", ""intensity"": ""low""}"
s26_su_2,words_only,surprise,low,"{""emotion"": ""surprise"", ""intensity"": ""low""}"
s26_su_3,words_only,surprise,high,"{""emotion"": ""surprise"", ""intensity"": ""high""}"
s26_su_4,words_only,surprise,high,"{""emotion"": ""surprise"", ""intensity"": ""high""}"
s26_su_5,words_only,surprise,high,"{""emotion"": ""surprise"", ""intensity"": ""high""}"
s27_an_1,words_only,fear,high,"{""emotion"": ""fear"", ""intensity"": ""high""}"
s27_an_2,words_only,anger,high,"{""emotion"": ""anger"", ""intensity"": ""high""}"
s27_an_3,words_only,anger,high,"{""emotion"": ""anger"", ""intensity"": ""high""}"
s27_an_4,words_only,anger,high,"{""emotion"": ""anger"", ""intensity"": ""high""}"
s27_an_5,words_only,anger,high,"{""emotion"": ""anger"", ""intensity"": ""high""}"
s27_di_1,words_only,disgust,high,"{""emotion"": ""disgust"", ""intensity"": ""high""}"
s27_di_2,words_only,disgust,high,"{""emotion"": ""disgust"", ""intensity"": ""high""}"
s27_di_3,words_only,disgust,high,"{""emotion"": ""disgust"", ""intensity"": ""high""}"
s27_di_4,words_only,disgust,high,"{""emotion"": ""disgust"", ""intensity"": ""high""}"
s27_di_5,words_only,disgust,high,"{""emotion"": ""disgust"", ""intensity"": ""high""}"
s27_fe_1,words_only,fear,high,"{""emotion"": ""fear"", ""intensity"": ""high""}"
s27_fe_2,words_only,fear,high,"{""emotion"": ""fear"", ""intensity"": ""high""}"
s27_fe_3,words_only,fear,high,"{""emotion"": ""fear"", ""intensity"": ""high""}"
s27_fe_4,words_only,anger,low,"{""emotion"": ""anger"", ""intensity"": ""low""}"
s27_fe_5,words_only,fear,high,"{""emotion"": ""fear"", ""intensity"": ""high""}"
s27_ha_1,words_only,happiness,high,"{""emotion"": ""happiness"", ""intensity"": ""high""}"
s27_ha_2,words_only,happiness,high,"{""emotion"": ""happiness"", ""intensity"": ""high""}"
s27_ha_3,words_only,happiness,high,"{""emotion"": ""happiness"", ""intensity"": ""high""}"
s27_ha_4,words_only,happiness,high,"{""emotion"": ""happiness"", ""intensity"": ""high""}"
s27_ha_5,words_only,happiness,high,"{""emotion"": ""happiness"", ""intensity"": ""high""}"
s27_sa_1,words_only,sadness,high,"{""emotion"": ""sadness"", ""intensity"": ""high""}"
s27_sa_2,words_only,fear,high,"{""emotion"": ""fear"", ""intensity"": ""high""}"
s27_sa_3,words_only,sadness,high,"{""emotion"": ""sadness"", ""intensity"": ""high""}"
s27_sa_4,words_only,sadness,high,"{""emotion"": ""sadness"", ""intensity"": ""high""}"
s27_sa_5,words_only,sadness,high,"{""emotion"": ""sadness"", ""intensity"": ""high""}"
s27_su_1,words_only,surprise,low,"{""emotion"": ""surprise"", ""intensity"": ""low""}"
s27_su_2,words_only,surprise,low,"{""emotion"": ""surprise"", ""intensity"": ""low""}"
s27_su_3,words_only,surprise,high,"{""emotion"": ""surprise"", ""intensity"": ""high""}"
s27_su_4,words_only,surprise,high,"{""emotion"": ""surprise"", ""intensity"": ""high""}"
s27_su_5,words_only,surprise,low,"{""emotion"": ""surprise"", ""intensity"": ""low""}"
s28_an_1,words_only,fear,high,"{""emotion"": ""fear"", ""intensity"": ""high""}"
s28_an_2,words_only,disgust,low,"{""emotion"": ""disgust"", ""intensity"": ""low""}"
s28_an_3,words_only,anger,high,"{""emotion"": ""anger"", ""intensity"": ""high""}"
s28_an_4,words_only,anger,high,"{""emotion"": ""anger"", ""intensity"": ""high""}"
s28_an_5,words_only,anger,high,"{""emotion"": ""anger"", ""intensity"": ""high""}"
s28_di_1,words_only,disgust,high,"{""emotion"": ""disgust"", ""intensity"": ""high""}"
s28_di_2,words_only,disgust,high,"{""emotion"": ""disgust"", ""intensity"": ""high""}"
s28_di_3,words_only,disgust,low,"{""emotion"": ""disgust"", ""intensity"": ""low""}"
s28_di_4,words_only,disgust,high,"{""emotion"": ""disgust"", ""intensity"": ""high""}"
s28_di_5,words_only,disgust,low,"{""emotion"": ""disgust"", ""intensity"": ""low""}"
s28_fe_1,words_only,fear,high,"{""emotion"": ""fear"", ""intensity"": ""high""}"
s28_fe_2,words_only,fear,low,"{""emotion"": ""fear"", ""intensity"": ""low""}"
s28_fe_3,words_only,fear,high,"{""emotion"": ""fear"", ""intensity"": ""high""}"
s28_fe_4,words_only,anger,low,"{""emotion"": ""anger"", ""intensity"": ""low""}"
s28_fe_5,words_only,fear,high,"{""emotion"": ""fear"", ""intensity"": ""high""}"
s28_ha_1,words_only,happiness,high,"{""emotion"": ""happiness"", ""intensity"": ""high""}"
s28_ha_2,words_only,happiness,high,"{""emotion"": ""happiness"", ""intensity"": ""high""}"
s28_ha_3,words_only,happiness,high,"{""emotion"": ""happiness"", ""intensity"": ""high""}"
s28_ha_4,words_only,happiness,high,"{""emotion"": ""happiness"", ""intensity"": ""high""}"
s28_ha_5,words_only,happiness,high,"{""emotion"": ""happiness"", ""intensity"": ""high""}"
s28_sa_1,words_only,sadness,high,"{""emotion"": ""sadness"", ""intensity"": ""high""}"
s28_sa_2,words_only,fear,high,"{""emotion"": ""fear"", ""intensity"": ""high""}"
s28_sa_3,words_only,sadness,high,"{""emotion"": ""sadness"", ""intensity"": ""high""}"
s28_sa_4,words_only,happiness,high,"{""emotion"": ""happiness"", ""intensity"": ""high""}"
s28_sa_5,words_only,sadness,high,"{""emotion"": ""sadness"", ""intensity"": ""high""}"
s28_su_1,words_only,surprise,low,"{""emotion"": ""surprise"", ""intensity"": ""low""}"
s28_su_2,words_only,surprise,low,"{""emotion"": ""surprise"", ""intensity"": ""low""}"
s28_su_3,words_only,surprise,low,"{""emotion"": ""surprise"", ""intensity"": ""low""}"
s28_su_4,words_only,surprise,high,"{""emotion"": ""surprise"", ""intensity"": ""high""}"
s28_su_5,words_only,surprise,low,"{""emotion"": ""surprise"", ""intensity"": ""low""}"
s29_an_1,words_only,fear,high,"{""emotion"": ""fear"", ""intensity"": ""high""}"
s29_an_2,words_only,anger,high,"{""emotion"": ""anger"", ""intensity"": ""high""}"
s29_an_3,words_only,anger,high,"{""emotion"": ""anger"", ""intensity"": ""high""}"
s29_an_4,words_only,anger,high,"{""emotion"": ""anger"", ""intensity"": ""high""}"
s29_an_5,words_only,anger,high,"{""emotion"": ""anger"", ""intensity"": ""high""}"
s29_di_1,words_only,disgust,high,"{""emotion"": ""disgust"", ""intensity"": ""high""}"
s29_di_2,words_only,disgust,high,"{""emotion"": ""disgust"", ""intensity"": ""high""}"
s29_di_3,words_only,disgust,high,"{""emotion"": ""disgust"", ""intensity"": ""high""}"
s29_di_4,words_only,disgust,high,"{""emotion"": ""disgust"", ""intensity"": ""high""}"
s29_di_5,words_only,disgust,high,"{""emotion"": ""disgust"", ""intensity"": ""high""}"
s29_fe_1,words_only,fear,high,"{""emotion"": ""fear"", ""intensity"": ""high""}"
s29_fe_2,words_only,fear,low,"{""emotion"": ""fear"", ""intensity"": ""low""}"
s29_fe_3,words_only,fear,high,"{""emotion"": ""fear"", ""intensity"": ""high""}"
s29_fe_4,words_only,anger,high,"{""emotion"": ""anger"", ""intensity"": ""high""}"
s29_fe_5,words_only,fear,high,"{""emotion"": ""fear"", ""intensity"": ""high""}"
s29_ha_1,words_only,happiness,high,"{""emotion"": ""happiness"", ""intensity"": ""high""}"
s29_ha_2,words_only,happiness,high,"{""emotion"": ""happiness"", ""intensity"": ""high""}"
s29_ha_3,words_only,happiness,high,"{""emotion"": ""happiness"", ""intensity"": ""high""}"
s29_ha_4,words_only,happiness,high,"{""emotion"": ""happiness"", ""intensity"": ""high""}"
s29_ha_5,words_only,happiness,high,"{""emotion"": ""happiness"", ""intensity"": ""high""}"
s29_sa_1,words_only,sadness,high,"{""emotion"": ""sadness"", ""intensity"": ""high""}"
s29_sa_2,words_only,fear,high,"{""emotion"": ""fear"", ""intensity"": ""high""}"
s29_sa_3,words_only,sadness,high,"{""emotion"": ""sadness"", ""intensity"": ""high""}"
s29_sa_4,words_only,sadness,high,"{""emotion"": ""sadness"", ""intensity"": ""high""}"
s29_sa_5,words_only,sadness,high,"{""emotion"": ""sadness"", ""intensity"": ""high""}"
s29_su_1,words_only,surprise,high,"{""emotion"": ""surprise"", ""intensity"": ""high""}"
s29_su_2,words_only,surprise,low,"{""emotion"": ""surprise"", ""intensity"": ""low""}"
s29_su_3,words_only,surprise,high,"{""emotion"": ""surprise"", ""intensity"": ""high""}"
s29_su_4,words_only,surprise,high,"{""emotion"": ""surprise"", ""intensity"": ""high""}"
s29_su_5,words_only,surprise,low,"{""emotion"": ""surprise"", ""intensity"": ""low""}"
s2_an_1,words_only,anger,high,"{""emotion"": ""anger"", ""intensity"": ""high""}"
s2_an_2,words_only,fear,high,"{""emotion"": ""fear"", ""intensity"": ""high""}"
s2_an_3,words_only,fear,low,"{""emotion"": ""fear"", ""intensity"": ""low""}"
s2_an_4,words_only,anger,high,"{""emotion"": ""anger"", ""intensity"": ""high""}"
s2_an_5,words_only,anger,high,"{""emotion"": ""anger"", ""intensity"": ""high""}"
s2_di_1,words_only,disgust,high,"{""emotion"": ""disgust"", ""intensity"": ""high""}"
s2_di_2,words_only,disgust,low,"{""emotion"": ""disgust"", ""intensity"": ""low""}"
s2_di_3,words_only,happiness,low,"{""emotion"": ""happiness"", ""intensity"": ""low""}"
s2_di_4,words_only,disgust,high,"{""emotion"": ""disgust"", ""intensity"": ""high""}"
s2_di_5,words_only,disgust,low,"{""emotion"": ""disgust"", ""intensity"": ""low""}"
s2_fe_1,words_only,fear,high,"{""emotion"": ""fear"", ""intensity"": ""high""}"
s2_fe_2,words_only,fear,low,"{""emotion"": ""fear"", ""intensity"": ""low""}"
s2_fe_3,words_only,fear,high,"{""emotion"": ""fear"", ""intensity"": ""high""}"
s2_fe_4,words_only,anger,high,"{""emotion"": ""anger"", ""intensity"": ""high""}"
s2_fe_5,words_only,fear,high,"{""emotion"": ""fear"", ""intensity"": ""high""}"
s2_ha_1,words_only,happiness,high,"{""emotion"": ""happiness"", ""intensity"": ""high""}"
s2_ha_2,words_only,happiness,high,"{""emotion"": ""happiness"", ""intensity"": ""high""}"
s2_ha_3,words_only,happiness,high,"{""emotion"": ""happiness"", ""intensity"": ""high""}"
s2_ha_4,words_only,happiness,high,"{""emotion"": ""happiness"", ""intensity"": ""high""}"
s2_ha_5,words_only,happiness,high,"{""emotion"": ""happiness"", ""intensity"": ""high""}"
s2_sa_1,words_only,sadness,low,"{""emotion"": ""sadness"", ""intensity"": ""low""}"
s2_sa_2,words_only,fear,high,"{""emotion"": ""fear"", ""intensity"": ""high""}"
s2_sa_3,words_only,sadness,high,"{""emotion"": ""sadness"", ""intensity"": ""high""}"
s2_sa_4,words_only,happiness,low,"{""emotion"": ""happiness"", ""intensity"": ""low""}"
s2_sa_5,words_only,sadness,high,"{""emotion"": ""sadness"", ""intensity"": ""high""}"
s2_su_1,words_only,surprise,low,"{""emotion"": ""surprise"", ""intensity"": ""low""}"
s2_su_2,words_only,surprise,high,"{""emotion"": ""surprise"", ""intensity"": ""high""}"
s2_su_3,words_only,surprise,high,"{""emotion"": ""surprise"", ""intensity"": ""high""}"
s2_su_4,words_only,surprise,low,"{""emotion"": ""surprise"", ""intensity"": ""low""}"
s2_su_5,words_only,surprise,high,"{""emotion"": ""surprise"", ""intensity"": ""high""}"
s30_an_1,words_only,fear,high,"{""emotion"": ""fear"", ""intensity"": ""high""}"
s30_an_2,words_only,anger,high,"{""emotion"": ""anger"", ""intensity"": ""high""}"
s30_an_3,words_only,anger,high,"{""emotion"": ""anger"", ""intensity"": ""high""}"
s30_an_4,words_only,anger,high,"{""emotion"": ""anger"", ""intensity"": ""high""}"
s30_an_5,words_only,anger,high,"{""emotion"": ""anger"", ""intensity"": ""high""}"
s30_di_1,words_only,disgust,high,"{""emotion"": ""disgust"", ""intensity"": ""high""}"
s30_di_2,words_only,disgust,high,"{""emotion"": ""disgust"", ""intensity"": ""high""}"
s30_di_3,words_only,disgust,high,"{""emotion"": ""disgust"", ""intensity"": ""high""}"
s30_di_4,words_only,disgust,high,"{""emotion"": ""disgust"", ""intensity"": ""high""}"
s30_di_5,words_only,disgust,high,"{""emotion"": ""disgust"", ""intensity"": ""high""}"
s30_fe_1,words_only,fear,high,"{""emotion"": ""fear"", ""intensity"": ""high""}"
s30_fe_2,words_only,fear,low,"{""emotion"": ""fear"", ""intensity"": ""low""}"
s30_fe_3,words_only,fear,high,"{""emotion"": ""fear"", ""intensity"": ""high""}"
s30_fe_4,words_only,fear,high,"{""emotion"": ""fear"", ""intensity"": ""high""}"
s30_fe_5,words_only,fear,high,"{""emotion"": ""fear"", ""intensity"": ""high""}"
s30_ha_1,words_only,happiness,high,"{""emotion"": ""happiness"", ""intensity"": ""high""}"
s30_ha_2,words_only,happiness,high,"{""emotion"": ""happiness"", ""intensity"": ""high""}"
s30_ha_3,words_only,happiness,high,"{""emotion"": ""happiness"", ""intensity"": ""high""}"
s30_ha_4,words_only,happiness,high,"{""emotion"": ""happiness"", ""intensity"": ""high""}"
s30_ha_5,words_only,happiness,high,"{""emotion"": ""happiness"", ""intensity"": ""high""}"
s30_sa_1,words_only,sadness,low,"{""emotion"": ""sadness"", ""intensity"": ""low""}"
s30_sa_2,words_only,fear,high,"{""emotion"": ""fear"", ""intensity"": ""high""}"
s30_sa_3,words_only,surprise,high,"{""emotion"": ""surprise"", ""intensity"": ""high""}"
s30_sa_4,words_only,happiness,high,"{""emotion"": ""happiness"", ""intensity"": ""high""}"
s30_sa_5,words_only,happiness,high,"{""emotion"": ""happiness"", ""intensity"": ""high""}"
s30_su_1,words_only,surprise,low,"{""emotion"": ""surprise"", ""intensity"": ""low""}"
s30_su_2,words_only,surprise,low,"{""emotion"": ""surprise"", ""intensity"": ""low""}"
s30_su_3,words_only,surprise,high,"{""emotion"": ""surprise"", ""intensity"": ""high""}"
s30_su_4,words_only,surprise,high,"{""emotion"": ""surprise"", ""intensity"": ""high""}"
s30_su_5,words_only,surprise,high,"{""emotion"": ""surprise"", ""intensity"": ""high""}"
s31_an_1,words_only,fear,high,"{""emotion"": ""fear"", ""intensity"": ""high""}"
s31_an_2,words_only,anger,high,"{""emotion"": ""anger"", ""intensity"": ""high""}"
s31_an_3,words_only,fear,high,"{""emotion"": ""fear"", ""intensity"": ""high""}"
s31_an_4,words_only,anger,high,"{""emotion"": ""anger"", ""intensity"": ""high""}"
s31_an_5,words_only,anger,high,"{""emotion"": ""anger"", ""intensity"": ""high""}"
s31_di_1,words_only,disgust,high,"{""emotion"": ""disgust"", ""intensity"": ""high""}"
s31_di_2,words_only,disgust,high,"{""emotion"": ""disgust"", ""intensity"": ""high""}"
s31_di_3,words_only,surprise,low,"{""emotion"": ""surprise"", ""intensity"": ""low""}"
s31_di_4,words_only,surprise,high,"{""emotion"": ""surprise"", ""intensity"": ""high""}"
s31_di_5,words_only,disgust,high,"{""emotion"": ""disgust"", ""intensity"": ""high""}"
s31_fe_1,words_only,fear,high,"{""emotion"": ""fear"", ""intensity"": ""high""}"
s31_fe_2,words_only,surprise,low,"{""emotion"": ""surprise"", ""intensity"": ""low""}"
s31_fe_3,words_only,fear,high,"{""emotion"": ""fear"", ""intensity"": ""high""}"
s31_fe_4,words_only,fear,high,"{""emotion"": ""fear"", ""intensity"": ""high""}"
s31_fe_5,words_only,fear,high,"{""emotion"": ""fear"", ""intensity"": ""high""}"
s31_ha_1,words_only,happiness,high,"{""emotion"": ""happiness"", ""intensity"": ""high""}"
s31_ha_2,words_only,happiness,high,"{""emotion"": ""happiness"", ""intensity"": ""high""}"
s31_ha_3,words_only,happiness,high,"{""emotion"": ""happiness"", ""intensity"": ""high""}"
s31_ha_4,words_only,happiness,high,"{""emotion"": ""happiness"", ""intensity"": ""high""}"
s31_ha_5,words_only,happiness,high,"{""emotion"": ""happiness"", ""intensity"": ""high""}"
s31_sa_1,words_only,sadness,high,"{""emotion"": ""sadness"", ""intensity"": ""high""}"
s31_sa_2,words_only,fear,high,"{""emotion"": ""fear"", ""intensity"": ""high""}"
s31_sa_3,words_only,sadness,high,"{""emotion"": ""sadness"", ""intensity"": ""high""}"
s31_sa_4,words_only,sadness,high,"{""emotion"": ""sadness"", ""intensity"": ""high""}"
s31_sa_5,words_only,sadness,high,"{""emotion"": ""sadness"", ""intensity"": ""high""}"
s31_su_1,words_only,surprise,low,"{""emotion"": ""surprise"", ""intensity"": ""low""}"
s31_su_2,words_only,surprise,high,"{""emotion"": ""surprise"", ""intensity"": ""high""}"
s31_su_3,words_only,surprise,high,"{""emotion"": ""surprise"", ""intensity"": ""high""}"
s31_su_4,words_only,surprise,high,"{""emotion"": ""surprise"", ""intensity"": ""high""}"
s31_su_5,words_only,surprise,low,"{""emotion"": ""surprise"", ""intensity"": ""low""}"
s32_an_1,words_only,fear,high,"{""emotion"": ""fear"", ""intensity"": ""high""}"
s32_an_2,words_only,anger,high,"{""emotion"": ""anger"", ""intensity"": ""high""}"
s32_an_3,words_only,anger,high,"{""emotion"": ""anger"", ""intensity"": ""high""}"
s32_an_4,words_only,anger,high,"{""emotion"": ""anger"", ""intensity"": ""high""}"
s32_an_5,words_only,anger,high,"{""emotion"": ""anger"", ""intensity"": ""high""}"
s32_di_1,words_only,disgust,high,"{""emotion"": ""disgust"", ""intensity"": ""high""}"
s32_di_2,words_only,disgust,high,"{""emotion"": ""disgust"", ""intensity"": ""high""}"
s32_di_3,words_only,disgust,high,"{""emotion"": ""disgust"", ""intensity"": ""high""}"
s32_di_4,words_only,disgust,high,"{""emotion"": ""disgust"", ""intensity"": ""high""}"
s32_di_5,words_only,disgust,high,"{""emotion"": ""disgust"", ""intensity"": ""high""}"
s32_fe_1,words_only,fear,high,"{""emotion"": ""fear"", ""intensity"": ""high""}"
s32_fe_2,words_only,fear,low,"{""emotion"": ""fear"", ""intensity"": ""low""}"
s32_fe_3,words_only,fear,high,"{""emotion"": ""fear"", ""intensity"": ""high""}"
s32_fe_4,words_only,fear,high,"{""emotion"": ""fear"", ""intensity"": ""high""}"
s32_fe_5,words_only,fear,high,"{""emotion"": ""fear"", ""intensity"": ""high""}"
s32_ha_1,words_only,happiness,high,"{""emotion"": ""happiness"", ""intensity"": ""high""}"
s32_ha_2,words_only,happiness,high,"{""emotion"": ""happiness"", ""intensity"": ""high""}"
s32_ha_3,words_only,happiness,high,"{""emotion"": ""happiness"", ""intensity"": ""high""}"
s32_ha_4,words_only,happiness,high,"{""emotion"": ""happiness"", ""intensity"": ""high""}"
s32_ha_5,words_only,happiness,high,"{""emotion"": ""happiness"", ""intensity"": ""high""}"
s32_sa_1,words_only,sadness,high,"{""emotion"": ""sadness"", ""intensity"": ""high""}"
s32_sa_2,words_only,fear,high,"{""emotion"": ""fear"", ""intensity"": ""high""}"
s32_sa_3,words_only,happiness,high,"{""emotion"": ""happiness"", ""intensity"": ""high""}"
s32_sa_4,words_only,happiness,low,"{""emotion"": ""happiness"", ""intensity"": ""low""}"
s32_sa_5,words_only,sadness,high,"{""emotion"": ""sadness"", ""intensity"": ""high""}"
s32_su_1,words_only,surprise,low,"{""emotion"": ""surprise"", ""intensity"": ""low""}"
s32_su_2,words_only,surprise,low,"{""emotion"": ""surprise"", ""intensity"": ""low""}"
s32_su_3,words_only,surprise,high,"{""emotion"": ""surprise"", ""intensity"": ""high""}"
s32_su_4,words_only,surprise,high,"{""emotion"": ""surprise"", ""intensity"": ""high""}"
s32_su_5,words_only,surprise,low,"{""emotion"": ""surprise"", ""intensity"": ""low""}"
s33_an_1,words_only,anger,high,"{""emotion"": ""anger"", ""intensity"": ""high""}"
s33_an_2,words_only,anger,high,"{""emotion"": ""anger"", ""intensity"": ""high""}"
s33_an_3,words_only,anger,high,"{""emotion"": ""anger"", ""intensity"": ""high""}"
s33_an_4,words_only,anger,high,"{""emotion"": ""anger"", ""intensity"": ""high""}"
s33_an_5,words_only,anger,high,"{""emotion"": ""anger"", ""intensity"": ""high""}"
s33_di_1,words_only,disgust,high,"{""emotion"": ""disgust"", ""intensity"": ""high""}"
s33_di_2,words_only,disgust,high,"{""emotion"": ""disgust"", ""intensity"": ""high""}"
s33_di_3,words_only,disgust,low,"{""emotion"": ""disgust"", ""intensity"": ""low""}"
s33_di_4,words_only,disgust,high,"{""emotion"": ""disgust"", ""intensity"": ""high""}"
s33_di_5,words_only,disgust,high,"{""emotion"": ""disgust"", ""intensity"": ""high""}"
s33_fe_1,words_only,fear,high,"{""emotion"": ""fear"", ""intensity"": ""high""}"
s33_fe_2,words_only,fear,low,"{""emotion"": ""fear"", ""intensity"": ""low""}"
s33_fe_3,words_only,fear,high,"{""emotion"": ""fear"", ""intensity"": ""high""}"
s33_fe_4,words_only,anger,low,"{""emotion"": ""anger"", ""intensity"": ""low""}"
s33_fe_5,words_only,sadness,low,"{""emotion"": ""sadness"", ""intensity"": ""low""}"
s33_ha_1,words_only,happiness,high,"{""emotion"": ""happiness"", ""intensity"": ""high""}"
s33_ha_2,words_only,happiness,high,"{""emotion"": ""happiness"", ""intensity"": ""high""}"
s33_ha_3,words_only,happiness,high,"{""emotion"": ""happiness"", ""intensity"": ""high""}"
s33_ha_4,words_only,happiness,high,"{""emotion"": ""happiness"", ""intensity"": ""high""}"
s33_ha_5,words_only,happiness,high,"{""emotion"": ""happiness"", ""intensity"": ""high""}"
s33_sa_1,words_only,sadness,high,"{""emotion"": ""sadness"", ""intensity"": ""high""}"
s33_sa_2,words_only,fear,high,"{""emotion"": ""fear"", ""intensity"": ""high""}"
s33_sa_3,words_only,happiness,high,"{""emotion"": ""happiness"", ""intensity"": ""high""}"
s33_sa_4,words_only,happiness,low,"{""emotion"": ""happiness"", ""intensity"": ""low""}"
s33_sa_5,words_only,sadness,high,"{""emotion"": ""sadness"", ""intensity"": ""high""}"
s33_su_1,words_only,surprise,low,"{""emotion"": ""surprise"", ""intensity"": ""low""}"
s33_su_2,words_only,surprise,low,"{""emotion"": ""surprise"", ""intensity"": ""low""}"
s33_su_3,words_only,surprise,high,"{""emotion"": ""surprise"", ""intensity"": ""high""}"
s33_su_4,words_only,surprise,high,"{""emotion"": ""surprise"", ""intensity"": ""high""}"
s33_su_5,words_only,surprise,high,"{""emotion"": ""surprise"", ""intensity"": ""high""}"
s34_an_1,words_only,anger,high,"{""emotion"": ""anger"", ""intensity"": ""high""}"
s34_an_2,words_only,anger,high,"{""emotion"": ""anger"", ""intensity"": ""high""}"
s34_an_3,words_only,fear,low,"{""emotion"": ""fear"", ""intensity"": ""low""}"
s34_an_4,words_only,anger,high,"{""emotion"": ""anger"", ""intensity"": ""high""}"
s34_an_5,words_only,anger,high,"{""emotion"": ""anger"", ""intensity"": ""high""}"
s34_di_1,words_only,disgust,high,"{""emotion"": ""disgust"", ""intensity"": ""high""}"
s34_di_2,words_only,disgust,high,"{""emotion"": ""disgust"", ""intensity"": ""high""}"
s34_di_3,words_only,disgust,low,"{""emotion"": ""disgust"", ""intensity"": ""low""}"
s34_di_4,words_only,disgust,high,"{""emotion"": ""disgust"", ""intensity"": ""high""}"
s34_di_5,words_only,disgust,low,"{""emotion"": ""disgust"", ""intensity"": ""low""}"
s34_fe_1,words_only,fear,high,"{""emotion"": ""fear"", ""intensity"": ""high""}"
s34_fe_2,words_only,surprise,low,"{""emotion"": ""surprise"", ""intensity"": ""low""}"
s34_fe_3,words_only,fear,high,"{""emotion"": ""fear"", ""intensity"": ""high""}"
s34_fe_4,words_only,disgust,low,"{""emotion"": ""disgust"", ""intensity"": ""low""}"
s34_fe_5,words_only,fear,high,"{""emotion"": ""fear"", ""intensity"": ""high""}"
s34_ha_1,words_only,happiness,high,"{""emotion"": ""happiness"", ""intensity"": ""high""}"
s34_ha_2,words_only,happiness,high,"{""emotion"": ""happiness"", ""intensity"": ""high""}"
s34_ha_3,words_only,happiness,high,"{""emotion"": ""happiness"", ""intensity"": ""high""}"
s34_ha_4,words_only,happiness,high,"{""emotion"": ""happiness"", ""intensity"": ""high""}"
s34_ha_5,words_only,happiness,high,"{""emotion"": ""happiness"", ""intensity"": ""high""}"
s34_sa_1,words_only,sadness,high,"{""emotion"": ""sadness"", ""intensity"": ""high""}"
s34_sa_2,words_only,fear,high,"{""emotion"": ""fear"", ""intensity"": ""high""}"
s34_sa_3,words_only,sadness,high,"{""emotion"": ""sadness"", ""intensity"": ""high""}"
s34_sa_4,words_only,happiness,high,"{""emotion"": ""happiness"", ""intensity"": ""high""}"
s34_sa_5,words_only,sadness,high,"{""emotion"": ""sadness"", ""intensity"": ""high""}"
s34_su_1,words_only,surprise,low,"{""emotion"": ""surprise"", ""intensity"": ""low""}"
s34_su_2,words_only,surprise,low,"{""emotion"": ""surprise"", ""intensity"": ""low""}"
s34_su_3,words_only,surprise,high,"{""emotion"": ""surprise"", ""intensity"": ""high""}"
s34_su_4,words_only,surprise,high,"{""emotion"": ""surprise"", ""intensity"": ""high""}"
s34_su_5,words_only,surprise,high,"{""emotion"": ""surprise"", ""intensity"": ""high""}"
s35_an_1,words_only,fear,high,"{""emotion"": ""fear"", ""intensity"": ""high""}"
s35_an_2,words_only,anger,high,"{""emotion"": ""anger"", ""intensity"": ""high""}"
s35_an_3,words_only,fear,low,"{""emotion"": ""fear"", ""intensity"": ""low""}"
s35_an_4,words_only,anger,high,"{""emotion"": ""anger"", ""intensity"": ""high""}"
s35_an_5,words_only,anger,high,"{""emotion"": ""anger"", ""intensity"": ""high""}"
s35_di_1,words_only,disgust,high,"{""emotion"": ""disgust"", ""intensity"": ""high""}"
s35_di_2,words_only,disgust,high,"{""emotion"": ""disgust"", ""intensity"": ""high""}"
s35_di_3,words_only,disgust,low,"{""emotion"": ""disgust"", ""intensity"": ""low""}"
s35_di_4,words_only,disgust,high,"{""emotion"": ""disgust"", ""intensity"": ""high""}"
s35_di_5,words_only,disgust,high,"{""emotion"": ""disgust"", ""intensity"": ""high""}"
s35_fe_1,words_only,fear,high,"{""emotion"": ""fear"", ""intensity"": ""high""}"
s35_fe_2,words_only,fear,low,"{""emotion"": ""fear"", ""intensity"": ""low""}"
s35_fe_3,words_only,fear,high,"{""emotion"": ""fear"", ""intensity"": ""high""}"
s35_fe_4,words_only,anger,high,"{""emotion"": ""anger"", ""intensity"": ""high""}"
s35_fe_5,words_only,fear,high,"{""emotion"": ""fear"", ""intensity"": ""high""}"
s35_ha_1,words_only,happiness,high,"{""emotion"": ""happiness"", ""intensity"": ""high""}"
s35_ha_2,words_only,happiness,high,"{""emotion"": ""happiness"", ""intensity"": ""high""}"
s35_ha_3,words_only,happiness,high,"{""emotion"": ""happiness"", ""intensity"": ""high""}"
s35_ha_4,words_only,happiness,high,"{""emotion"": ""happiness"", ""intensity"": ""high""}"
s35_ha_5,words_only,happiness,high,"{""emotion"": ""happiness"", ""intensity"": ""high""}"
s35_sa_1,words_only,sadness,high,"{""emotion"": ""sadness"", ""intensity"": ""high""}"
s35_sa_2,words_only,fear,high,"{""emotion"": ""fear"", ""intensity"": ""high""}"
s35_sa_3,words_only,sadness,high,"{""emotion"": ""sadness"", ""intensity"": ""high""}"
s35_sa_4,words_only,happiness,low,"{""emotion"": ""happiness"", ""intensity"": ""low""}"
s35_sa_5,words_only,sadness,high,"{""emotion"": ""sadness"", ""intensity"": ""high""}"
s35_su_1,words_only,surprise,high,"{""emotion"": ""surprise"", ""intensity"": ""high""}"
s35_su_2,words_only,surprise,low,"{""emotion"": ""surprise"", ""intensity"": ""low""}"
s35_su_3,words_only,surprise,high,"{""emotion"": ""surprise"", ""intensity"": ""high""}"
s35_su_4,words_only,surprise,high,"{""emotion"": ""surprise"", ""intensity"": ""high""}"
s35_su_5,words_only,surprise,high,"{""emotion"": ""surprise"", ""intensity"": ""high""}"
s36_an_1,words_only,fear,high,"{""emotion"": ""fear"", ""intensity"": ""high""}"
s36_an_2,words_only,anger,high,"{""emotion"": ""anger"", ""intensity"": ""high""}"
s36_an_3,words_only,anger,high,"{""emotion"": ""anger"", ""intensity"": ""high""}"
s36_an_4,words_only,anger,high,"{""emotion"": ""anger"", ""intensity"": ""high""}"
s36_an_5,words_only,anger,high,"{""emotion"": ""anger"", ""intensity"": ""high""}"
s36_di_1,words_only,disgust,high,"{""emotion"": ""disgust"", ""intensity"": ""high""}"
s36_di_2,words_only,disgust,high,"{""emotion"": ""disgust"", ""intensity"": ""high""}"
s36_di_3,words_only,surprise,low,"{""emotion"": ""surprise"", ""intensity"": ""low""}"
s36_di_4,words_only,disgust,high,"{""emotion"": ""disgust"", ""intensity"": ""high""}"
s36_di_5,words_only,disgust,high,"{""emotion"": ""disgust"", ""intensity"": ""high""}"
s36_fe_1,words_only,fear,high,"{""emotion"": ""fear"", ""intensity"": ""high""}"
s36_fe_2,words_only,fear,low,"{""emotion"": ""fear"", ""intensity"": ""low""}"
s36_fe_3,words_only,fear,high,"{""emotion"": ""fear"", ""intensity"": ""high""}"
s36_fe_4,words_only,anger,low,"{""emotion"": ""anger"", ""intensity"": ""low""}"
s36_fe_5,words_only,fear,high,"{""emotion"": ""fear"", ""intensity"": ""high""}"
s36_ha_1,words_only,happiness,high,"{""emotion"": ""happiness"", ""intensity"": ""high""}"
s36_ha_2,words_only,happiness,high,"{""emotion"": ""happiness"", ""intensity"": ""high""}"
s36_ha_3,words_only,happiness,high,"{""emotion"": ""happiness"", ""intensity"": ""high""}"
s36_ha_4,words_only,happiness,high,"{""emotion"": ""happiness"", ""intensity"": ""high""}"
s36_ha_5,words_only,happiness,high,"{""emotion"": ""happiness"", ""intensity"": ""high""}"
s36_sa_1,words_only,sadness,high,"{""emotion"": ""sadness"", ""intensity"": ""high""}"
s36_sa_2,words_only,fear,high,"{""emotion"": ""fear"", ""intensity"": ""high""}"
s36_sa_3,words_only,sadness,high,"{""emotion"": ""sadness"", ""intensity"": ""high""}"
s36_sa_4,words_only,sadness,high,"{""emotion"": ""sadness"", ""intensity"": ""high""}"
s36_sa_5,words_only,sadness,high,"{""emotion"": ""sadness"", ""intensity"": ""high""}"
s36_su_1,words_only,surprise,low,"{""emotion"": ""surprise"", ""intensity"": ""low""}"
s36_su_2,words_only,surprise,low,"{""emotion"": ""surprise"", ""intensity"": ""low""}"
s36_su_3,words_only,surprise,high,"{""emotion"": ""surprise"", ""intensity"": ""high""}"
s36_su_4,words_only,surprise,high,"{""emotion"": ""surprise"", ""intensity"": ""high""}"
s36_su_5,words_only,surprise,low,"{""emotion"": ""surprise"", ""intensity"": ""low""}"
s37_an_1,words_only,surprise,high,"{""emotion"": ""surprise"", ""intensity"": ""high""}"
s37_an_2,words_only,anger,high,"{""emotion"": ""anger"", ""intensity"": ""high""}"
s37_an_3,words_only,anger,high,"{""emotion"": ""anger"", ""intensity"": ""high""}"
s37_an_4,words_only,anger,high,"{""emotion"": ""anger"", ""intensity"": ""high""}"
s37_an_5,words_only,anger,high,"{""emotion"": ""anger"", ""intensity"": ""high""}"
s37_di_1,words_only,disgust,high,"{""emotion"": ""disgust"", ""intensity"": ""high""}"
s37_di_2,words_only,surprise,high,"{""emotion"": ""surprise"", ""intensity"": ""high""}"
s37_di_3,words_only,disgust,high,"{""emotion"": ""disgust"", ""intensity"": ""high""}"
s37_di_4,words_only,disgust,high,"{""emotion"": ""disgust"", ""intensity"": ""high""}"
s37_di_5,words_only,disgust,high,"{""emotion"": ""disgust"", ""intensity"": ""high""}"
s37_fe_1,words_only,fear,high,"{""emotion"": ""fear"", ""intensity"": ""high""}"
s37_fe_2,words_only,fear,low,"{""emotion"": ""fear"", ""intensity"": ""low""}"
s37_fe_3,words_only,fear,high,"{""emotion"": ""fear"", ""intensity"": ""high""}"
s37_fe_4,words_only,anger,high,"{""emotion"": ""anger"", ""intensity"": ""high""}"
s37_fe_5,words_only,fear,high,"{""emotion"": ""fear"", ""intensity"": ""high""}"
s37_ha_1,words_only,happiness,high,"{""emotion"": ""happiness"", ""intensity"": ""high""}"
s37_ha_2,words_only,happiness,high,"{""emotion"": ""happiness"", ""intensity"": ""high""}"
s37_ha_3,words_only,happiness,high,"{""emotion"": ""happiness"", ""intensity"": ""high""}"
s37_ha_4,words_only,happiness,high,"{""emotion"": ""happiness"", ""intensity"": ""high""}"
s37_ha_5,words_only,happiness,high,"{""emotion"": ""happiness"", ""intensity"": ""high""}"
s37_sa_1,words_only,,,"{""emotion"": ""none"", ""intensity"": ""none""}"
s37_sa_2,words_only,fear,high,"{""emotion"": ""fear"", ""intensity"": ""high""}"
s37_sa_3,words_only,sadness,high,"{""emotion"": ""sadness"", ""intensity"": ""high""}"
s37_sa_4,words_only,happiness,high,"{""emotion"": ""happiness"", ""intensity"": ""high""}"
s37_sa_5,words_only,sadness,high,"{""emotion"": ""sadness"", ""intensity"": ""high""}"
s37_su_1,words_only,surprise,high,"{""emotion"": ""surprise"", ""intensity"": ""high""}"
s37_su_2,words_only,surprise,low,"{""emotion"": ""surprise"", ""intensity"": ""low""}"
s37_su_3,words_only,surprise,high,"{""emotion"": ""surprise"", ""intensity"": ""high""}"
s37_su_4,words_only,surprise,high,"{""emotion"": ""surprise"", ""intensity"": ""high""}"
s37_su_5,words_only,surprise,high,"{""emotion"": ""surprise"", ""intensity"": ""high""}"
s38_an_1,words_only,fear,high,"{""emotion"": ""fear"", ""intensity"": ""high""}"
s38_an_2,words_only,anger,high,"{""emotion"": ""anger"", ""intensity"": ""high""}"
s38_an_3,words_only,anger,high,"{""emotion"": ""anger"", ""intensity"": ""high""}"
s38_an_4,words_only,anger,high,"{""emotion"": ""anger"", ""intensity"": ""high""}"
s38_an_5,words_only,anger,high,"{""emotion"": ""anger"", ""intensity"": ""high""}"
s38_di_1,words_only,disgust,high,"{""emotion"": ""disgust"", ""intensity"": ""high""}"
s38_di_2,words_only,disgust,high,"{""emotion"": ""disgust"", ""intensity"": ""high""}"
s38_di_3,words_only,disgust,low,"{""emotion"": ""disgust"", ""intensity"": ""low""}"
s38_di_4,words_only,disgust,high,"{""emotion"": ""disgust"", ""intensity"": ""high""}"
s38_di_5,words_only,disgust,high,"{""emotion"": ""disgust"", ""intensity"": ""high""}"
s38_fe_1,words_only,surprise,high,"{""emotion"": ""surprise"", ""intensity"": ""high""}"
s38_fe_2,words_only,fear,low,"{""emotion"": ""fear"", ""intensity"": ""low""}"
s38_fe_3,words_only,fear,high,"{""emotion"": ""fear"", ""intensity"": ""high""}"
s38_fe_4,words_only,anger,high,"{""emotion"": ""anger"", ""intensity"": ""high""}"
s38_fe_5,words_only,fear,high,"{""emotion"": ""fear"", ""intensity"": ""high""}"
s38_ha_1,words_only,happiness,high,"{""emotion"": ""happiness"", ""intensity"": ""high""}"
s38_ha_2,words_only,happiness,high,"{""emotion"": ""happiness"", ""intensity"": ""high""}"
s38_ha_3,words_only,happiness,high,"{""emotion"": ""happiness"", ""intensity"": ""high""}"
s38_ha_4,words_only,happiness,high,"{""emotion"": ""happiness"", ""intensity"": ""high""}"
s38_ha_5,words_only,happiness,high,"{""emotion"": ""happiness"", ""intensity"": ""high""}"
s38_sa_1,words_only,,,"{""emotion"": ""none"", ""intensity"": ""none""}"
s38_sa_2,words_only,fear,high,"{""emotion"": ""fear"", ""intensity"": ""high""}"
s38_sa_3,words_only,sadness,high,"{""emotion"": ""sadness"", ""intensity"": ""high""}"
s38_sa_4,words_only,sadness,high,"{""emotion"": ""sadness"", ""intensity"": ""high""}"
s38_sa_5,words_only,sadness,high,"{""emotion"": ""sadness"", ""intensity"": ""high""}"
s38_su_1,words_only,surprise,low,"{""emotion"": ""surprise"", ""intensity"": ""low""}"
s38_su_2,words_only,surprise,low,"{""emotion"": ""surprise"", ""intensity"": ""low""}"
s38_su_3,words_only,surprise,high,"{""emotion"": ""surprise"", ""intensity"": ""high""}"
s38_su_4,words_only,surprise,high,"{""emotion"": ""surprise"", ""intensity"": ""high""}"
s38_su_5,words_only,surprise,high,"{""emotion"": ""surprise"", ""intensity"": ""high""}"
s39_an_1,words_only,anger,high,"{""emotion"": ""anger"", ""intensity"": ""high""}"
s39_an_2,words_only,anger,high,"{""emotion"": ""anger"", ""intensity"": ""high""}"
s39_an_3,words_only,anger,high,"{""emotion"": ""anger"", ""intensity"": ""high""}"
s39_an_4,words_only,anger,high,"{""emotion"": ""anger"", ""intensity"": ""high""}"
s39_an_5,words_only,anger,high,"{""emotion"": ""anger"", ""intensity"": ""high""}"
s39_di_1,words_only,disgust,high,"{""emotion"": ""disgust"", ""intensity"": ""high""}"
s39_di_2,words_only,disgust,high,"{""emotion"": ""disgust"", ""intensity"": ""high""}"
s39_di_3,words_only,disgust,high,"{""emotion"": ""disgust"", ""intensity"": ""high""}"
s39_di_4,words_only,disgust,high,"{""emotion"": ""disgust"", ""intensity"": ""high""}"
s39_di_5,words_only,disgust,low,"{""emotion"": ""disgust"", ""intensity"": ""low""}"
s39_fe_1,words_only,fear,high,"{""emotion"": ""fear"", ""intensity"": ""high""}"
s39_fe_2,words_only,fear,low,"{""emotion"": ""fear"", ""intensity"": ""low""}"
s39_fe_3,words_only,fear,high,"{""emotion"": ""fear"", ""intensity"": ""high""}"
s39_fe_4,words_only,anger,high,"{""emotion"": ""anger"", ""intensity"": ""high""}"
s39_fe_5,words_only,fear,high,"{""emotion"": ""fear"", ""intensity"": ""high""}"
s39_ha_1,words_only,happiness,high,"{""emotion"": ""happiness"", ""intensity"": ""high""}"
s39_ha_2,words_only,happiness,high,"{""emotion"": ""happiness"", ""intensity"": ""high""}"
s39_ha_3,words_only,happiness,high,"{""emotion"": ""happiness"", ""intensity"": ""high""}"
s39_ha_4,words_only,happiness,high,"{""emotion"": ""happiness"", ""intensity"": ""high""}"
s39_ha_5,words_only,happiness,high,"{""emotion"": ""happiness"", ""intensity"": ""high""}"
s39_sa_1,words_only,sadness,high,"{""emotion"": ""sadness"", ""intensity"": ""high""}"
s39_sa_2,words_only,sadness,high,"{""emotion"": ""sadness"", ""intensity"": ""high""}"
s39_sa_3,words_only,sadness,high,"{""emotion"": ""sadness"", ""intensity"": ""high""}"
s39_sa_4,words_only,sadness,high,"{""emotion"": ""sadness"", ""intensity"": ""high""}"
s39_sa_5,words_only,sadness,high,"{""emotion"": ""sadness"", ""intensity"": ""high""}"
s39_su_1,words_only,surprise,low,"{""emotion"": ""surprise"", ""intensity"": ""low""}"
s39_su_2,words_only,surprise,low,"{""emotion"": ""surprise"", ""intensity"": ""low""}"
s39_su_3,words_only,surprise,low,"{""emotion"": ""surprise"", ""intensity"": ""low""}"
s39_su_4,words_only,surprise,high,"{""emotion"": ""surprise"", ""intensity"": ""high""}"
s39_su_5,words_only,surprise,low,"{""emotion"": ""surprise"", ""intensity"": ""low""}"
s3_an_1,words_only,fear,high,"{""emotion"": ""fear"", ""intensity"": ""high""}"
s3_an_2,words_only,disgust,low,"{""emotion"": ""disgust"", ""intensity"": ""low""}"
s3_an_3,words_only,sadness,high,"{""emotion"": ""sadness"", ""intensity"": ""high""}"
s3_an_4,words_only,anger,high,"{""emotion"": ""anger"", ""intensity"": ""high""}"
s3_an_5,words_only,anger,high,"{""emotion"": ""anger"", ""intensity"": ""high""}"
s3_di_1,words_only,disgust,high,"{""emotion"": ""disgust"", ""intensity"": ""high""}"
s3_di_2,words_only,surprise,low,"{""emotion"": ""surprise"", ""intensity"": ""low""}"
s3_di_3,words_only,,,"{""emotion"": ""none"", ""intensity"": ""none""}"
s3_di_4,words_only,disgust,high,"{""emotion"": ""disgust"", ""intensity"": ""high""}"
s3_di_5,words_only,disgust,high,"{""emotion"": ""disgust"", ""intensity"": ""high""}"
s3_fe_1,words_only,fear,high,"{""emotion"": ""fear"", ""intensity"": ""high""}"
s3_fe_2,words_only,surprise,low,"{""emotion"": ""surprise"", ""intensity"": ""low""}"
s3_fe_3,words_only,fear,high,"{""emotion"": ""fear"", ""intensity"": ""high""}"
s3_fe_4,words_only,anger,high,"{""emotion"": ""anger"", ""intensity"": ""high""}"
s40_an_1,words_only,anger,high,"{""emotion"": ""anger"", ""intensity"": ""high""}"
s40_an_2,words_only,fear,high,"{""emotion"": ""fear"", ""intensity"": ""high""}"
s40_an_3,words_only,sadness,high,"{""emotion"": ""sadness"", ""intensity"": ""high""}"
s40_an_4,words_only,anger,high,"{""emotion"": ""anger"", ""intensity"": ""high""}"
s40_an_5,words_only,anger,high,"{""emotion"": ""anger"", ""intensity"": ""high""}"
s40_di_1,words_only,disgust,low,"{""emotion"": ""disgust"", ""intensity"": ""low""}"
s40_di_2,words_only,disgust,low,"{""emotion"": ""disgust"", ""intensity"": ""low""}"
s40_di_3,words_only,surprise,high,"{""emotion"": ""surprise"", ""intensity"": ""high""}"
s40_di_4,words_only,disgust,high,"{""emotion"": ""disgust"", ""intensity"": ""high""}"
s40_di_5,words_only,disgust,low,"{""emotion"": ""disgust"", ""intensity"": ""low""}"
s40_fe_1,words_only,fear,high,"{""emotion"": ""fear"", ""intensity"": ""high""}"
s40_fe_2,words_only,fear,low,"{""emotion"": ""fear"", ""intensity"": ""low""}"
s40_fe_3,words_only,fear,high,"{""emotion"": ""fear"", ""intensity"": ""high""}"
s40_fe_4,words_only,anger,low,"{""emotion"": ""anger"", ""intensity"": ""low""}"
s40_fe_5,words_only,fear,high,"{""emotion"": ""fear"", ""intensity"": ""high""}"
s40_ha_1,words_only,happiness,high,"{""emotion"": ""happiness"", ""intensity"": ""high""}"
s40_ha_2,words_only,happiness,high,"{""emotion"": ""happiness"", ""intensity"": ""high""}"
s40_ha_3,words_only,happiness,high,"{""emotion"": ""happiness"", ""intensity"": ""high""}"
s40_ha_4,words_only,happiness,high,"{""emotion"": ""happiness"", ""intensity"": ""high""}"
s40_ha_5,words_only,happiness,high,"{""emotion"": ""happiness"", ""intensity"": ""high""}"
s40_sa_1,words_only,sadness,high,"{""emotion"": ""sadness"", ""intensity"": ""high""}"
s40_sa_2,words_only,fear,high,"{""emotion"": ""fear"", ""intensity"": ""high""}"
s40_sa_3,words_only,happiness,high,"{""emotion"": ""happiness"", ""intensity"": ""high""}"
s40_sa_4,words_only,happiness,high,"{""emotion"": ""happiness"", ""intensity"": ""high""}"
s40_sa_5,words_only,sadness,high,"{""emotion"": ""sadness"", ""intensity"": ""high""}"
s40_su_1,words_only,sadness,low,"{""emotion"": ""sadness"", ""intensity"": ""low""}"
s40_su_2,words_only,surprise,low,"{""emotion"": ""surprise"", ""intensity"": ""low""}"
s40_su_3,words_only,surprise,high,"{""emotion"": ""surprise"", ""intensity"": ""high""}"
s40_su_4,words_only,surprise,high,"{""emotion"": ""surprise"", ""intensity"": ""high""}"
s40_su_5,words_only,surprise,high,"{""emotion"": ""surprise"", ""intensity"": ""high""}"
s41_an_1,words_only,fear,low,"{""emotion"": ""fear"", ""intensity"": ""low""}"
s41_an_2,words_only,anger,high,"{""emotion"": ""anger"", ""intensity"": ""high""}"
s41_an_3,words_only,anger,high,"{""emotion"": ""anger"", ""intensity"": ""high""}"
s41_an_4,words_only,anger,high,"{""emotion"": ""anger"", ""intensity"": ""high""}"
s41_an_5,words_only,anger,high,"{""emotion"": ""anger"", ""intensity"": ""high""}"
s41_di_1,words_only,disgust,high,"{""emotion"": ""disgust"", ""intensity"": ""high""}"
s41_di_2,words_only,disgust,high,"{""emotion"": ""disgust"", ""intensity"": ""high""}"
s41_di_3,words_only,disgust,high,"{""emotion"": ""disgust"", ""intensity"": ""high""}"
s41_di_4,words_only,disgust,high,"{""emotion"": ""disgust"", ""intensity"": ""high""}"
s41_di_5,words_only,disgust,high,"{""emotion"": ""disgust"", ""intensity"": ""high""}"
s41_fe_1,words_only,fear,high,"{""emotion"": ""fear"", ""intensity"": ""high""}"
s41_fe_2,words_only,fear,low,"{""emotion"": ""fear"", ""intensity"": ""low""}"
s41_fe_3,words_only,fear,high,"{""emotion"": ""fear"", ""intensity"": ""high""}"
s41_fe_4,words_only,anger,high,"{""emotion"": ""anger"", ""intensity"": ""high""}"
s41_fe_5,words_only,fear,high,"{""emotion"": ""fear"", ""intensity"": ""high""}"
s41_ha_1,words_only,happiness,high,"{""emotion"": ""happiness"", ""intensity"": ""high""}"
s41_ha_2,words_only,happiness,high,"{""emotion"": ""happiness"", ""intensity"": ""high""}"
s41_ha_3,words_only,happiness,high,"{""emotion"": ""happiness"", ""intensity"": ""high""}"
s41_ha_4,words_only,happiness,high,"{""emotion"": ""happiness"", ""intensity"": ""high""}"
s41_ha_5,words_only,happiness,high,"{""emotion"": ""happiness"", ""intensity"": ""high""}"
s41_sa_1,words_only,sadness,high,"{""emotion"": ""sadness"", ""intensity"": ""high""}"
s41_sa_2,words_only,fear,high,"{""emotion"": ""fear"", ""intensity"": ""high""}"
s41_sa_3,words_only,sadness,high,"{""emotion"": ""sadness"", ""intensity"": ""high""}"
s41_sa_4,words_only,sadness,high,"{""emotion"": ""sadness"", ""intensity"": ""high""}"
s41_sa_5,words_only,sadness,high,"{""emotion"": ""sadness"", ""intensity"": ""high""}"
s41_su_1,words_only,surprise,low,"{""emotion"": ""surprise"", ""intensity"": ""low""}"
s41_su_2,words_only,surprise,low,"{""emotion"": ""surprise"", ""intensity"": ""low""}"
s41_su_3,words_only,surprise,high,"{""emotion"": ""surprise"", ""intensity"": ""high""}"
s41_su_4,words_only,surprise,high,"{""emotion"": ""surprise"", ""intensity"": ""high""}"
s41_su_5,words_only,surprise,high,"{""emotion"": ""surprise"", ""intensity"": ""high""}"
s42_an_1,words_only,fear,high,"{""emotion"": ""fear"", ""intensity"": ""high""}"
s42_an_2,words_only,anger,high,"{""emotion"": ""anger"", ""intensity"": ""high""}"
s42_an_3,words_only,anger,high,"{""emotion"": ""anger"", ""intensity"": ""high""}"
s42_an_4,words_only,anger,high,"{""emotion"": ""anger"", ""intensity"": ""high""}"
s42_an_5,words_only,anger,high,"{""emotion"": ""anger"", ""intensity"": ""high""}"
s42_di_1,words_only,happiness,low,"{""emotion"": ""happiness"", ""intensity"": ""low""}"
s42_di_2,words_only,surprise,high,"{""emotion"": ""surprise"", ""intensity"": ""high""}"
s42_di_3,words_only,surprise,high,"{""emotion"": ""surprise"", ""intensity"": ""high""}"
s42_di_4,words_only,disgust,high,"{""emotion"": ""disgust"", ""intensity"": ""high""}"
s42_di_5,words_only,disgust,high,"{""emotion"": ""disgust"", ""intensity"": ""high""}"
s42_fe_1,words_only,fear,high,"{""emotion"": ""fear"", ""intensity"": ""high""}"
s42_fe_2,words_only,fear,low,"{""emotion"": ""fear"", ""intensity"": ""low""}"
s42_fe_3,words_only,fear,high,"{""emotion"": ""fear"", ""intensity"": ""high""}"
s42_fe_4,words_only,anger,high,"{""emotion"": ""anger"", ""intensity"": ""high""}"
s42_fe_5,words_only,fear,high,"{""emotion"": ""fear"", ""intensity"": ""high""}"
s42_ha_1,words_only,happiness,high,"{""emotion"": ""happiness"", ""intensity"": ""high""}"
s42_ha_2,words_only,happiness,high,"{""emotion"": ""happiness"", ""intensity"": ""high""}"
s42_ha_3,words_only,happiness,high,"{""emotion"": ""happiness"", ""intensity"": ""high""}"
s42_ha_4,words_only,happiness,high,"{""emotion"": ""happiness"", ""intensity"": ""high""}"
s42_ha_5,words_only,happiness,high,"{""emotion"": ""happiness"", ""intensity"": ""high""}"
s42_sa_1,words_only,sadness,high,"{""emotion"": ""sadness"", ""intensity"": ""high""}"
s42_sa_2,words_only,fear,high,"{""emotion"": ""fear"", ""intensity"": ""high""}"
s42_sa_3,words_only,happiness,high,"{""emotion"": ""happiness"", ""intensity"": ""high""}"
s42_sa_4,words_only,sadness,high,"{""emotion"": ""sadness"", ""intensity"": ""high""}"
s42_sa_5,words_only,sadness,high,"{""emotion"": ""sadness"", ""intensity"": ""high""}"
s42_su_1,words_only,surprise,high,"{""emotion"": ""surprise"", ""intensity"": ""high""}"
s42_su_2,words_only,surprise,low,"{""emotion"": ""surprise"", ""intensity"": ""low""}"
s42_su_3,words_only,surprise,high,"{""emotion"": ""surprise"", ""intensity"": ""high""}"
s42_su_4,words_only,surprise,high,"{""emotion"": ""surprise"", ""intensity"": ""high""}"
s42_su_5,words_only,surprise,high,"{""emotion"": ""surprise"", ""intensity"": ""high""}"
s43_an_1,words_only,fear,high,"{""emotion"": ""fear"", ""intensity"": ""high""}"
s43_an_2,words_only,anger,high,"{""emotion"": ""anger"", ""intensity"": ""high""}"
s43_an_3,words_only,anger,high,"{""emotion"": ""anger"", ""intensity"": ""high""}"
s43_an_4,words_only,anger,low,"{""emotion"": ""anger"", ""intensity"": ""low""}"
s43_an_5,words_only,anger,high,"{""emotion"": ""anger"", ""intensity"": ""high""}"
s43_di_1,words_only,sadness,low,"{""emotion"": ""sadness"", ""intensity"": ""low""}"
s43_di_2,words_only,disgust,high,"{""emotion"": ""disgust"", ""intensity"": ""high""}"
s43_di_3,words_only,disgust,high,"{""emotion"": ""disgust"", ""intensity"": ""high""}"
s43_di_4,words_only,disgust,high,"{""emotion"": ""disgust"", ""intensity"": ""high""}"
s43_di_5,words_only,disgust,high,"{""emotion"": ""disgust"", ""intensity"": ""high""}"
s43_fe_1,words_only,fear,high,"{""emotion"": ""fear"", ""intensity"": ""high""}"
s43_fe_2,words_only,fear,low,"{""emotion"": ""fear"", ""intensity"": ""low""}"
s43_fe_3,words_only,fear,high,"{""emotion"": ""fear"", ""intensity"": ""high""}"
s43_fe_4,words_only,anger,high,"{""emotion"": ""anger"", ""intensity"": ""high""}"
s43_fe_5,words_only,fear,high,"{""emotion"": ""fear"", ""intensity"": ""high""}"
s43_ha_1,words_only,happiness,high,"{""emotion"": ""happiness"", ""intensity"": ""high""}"
s43_ha_2,words_only,happiness,high,"{""emotion"": ""happiness"", ""intensity"": ""high""}"
s43_ha_3,words_only,happiness,high,"{""emotion"": ""happiness"", ""intensity"": ""high""}"
s43_ha_4,words_only,happiness,high,"{""emotion"": ""happiness"", ""intensity"": ""high""}"
s43_ha_5,words_only,happiness,high,"{""emotion"": ""happiness"", ""intensity"": ""high""}"
s43_sa_1,words_only,surprise,low,"{""emotion"": ""surprise"", ""intensity"": ""low""}"
s43_sa_2,words_only,fear,high,"{""emotion"": ""fear"", ""intensity"": ""high""}"
s43_sa_3,words_only,sadness,high,"{""emotion"": ""sadness"", ""intensity"": ""high""}"
s43_sa_4,words_only,happiness,low,"{""emotion"": ""happiness"", ""intensity"": ""low""}"
s43_sa_5,words_only,sadness,high,"{""emotion"": ""sadness"", ""intensity"": ""high""}"
s43_su_1,words_only,surprise,low,"{""emotion"": ""surprise"", ""intensity"": ""low""}"
s43_su_2,words_only,surprise,high,"{""emotion"": ""surprise"", ""intensity"": ""high""}"
s43_su_3,words_only,surprise,high,"{""emotion"": ""surprise"", ""intensity"": ""high""}"
s43_su_4,words_only,surprise,high,"{""emotion"": ""surprise"", ""intensity"": ""high""}"
s43_su_5,words_only,surprise,high,"{""emotion"": ""surprise"", ""intensity"": ""high""}"
s44_an_1,words_only,fear,high,"{""emotion"": ""fear"", ""intensity"": ""high""}"
s44_an_2,words_only,anger,high,"{""emotion"": ""anger"", ""intensity"": ""high""}"
s44_an_3,words_only,anger,high,"{""emotion"": ""anger"", ""intensity"": ""high""}"
s44_an_4,words_only,anger,high,"{""emotion"": ""anger"", ""intensity"": ""high""}"
s44_an_5,words_only,anger,high,"{""emotion"": ""anger"", ""intensity"": ""high""}"
s44_di_1,words_only,disgust,high,"{""emotion"": ""disgust"", ""intensity"": ""high""}"
s44_di_2,words_only,surprise,high,"{""emotion"": ""surprise"", ""intensity"": ""high""}"
s44_di_3,words_only,disgust,high,"{""emotion"": ""disgust"", ""intensity"": ""high""}"
s44_di_4,words_only,disgust,high,"{""emotion"": ""disgust"", ""intensity"": ""high""}"
s44_di_5,words_only,disgust,high,"{""emotion"": ""disgust"", ""intensity"": ""high""}"
s44_fe_1,words_only,fear,high,"{""emotion"": ""fear"", ""intensity"": ""high""}"
s44_fe_2,words_only,fear,low,"{""emotion"": ""fear"", ""intensity"": ""low""}"
s44_fe_3,words_only,fear,high,"{""emotion"": ""fear"", ""intensity"": ""high""}"
s44_fe_4,words_only,anger,high,"{""emotion"": ""anger"", ""intensity"": ""high""}"
s44_fe_5,words_only,sadness,high,"{""emotion"": ""sadness"", ""intensity"": ""high""}"
s44_ha_1,words_only,happiness,high,"{""emotion"": ""happiness"", ""intensity"": ""high""}"
s44_ha_2,words_only,happiness,high,"{""emotion"": ""happiness"", ""intensity"": ""high""}"
s44_ha_3,words_only,happiness,high,"{""emotion"": ""happiness"", ""intensity"": ""high""}"
s44_ha_4,words_only,happiness,high,"{""emotion"": ""happiness"", ""intensity"": ""high""}"
s44_ha_5,words_only,happiness,high,"{""emotion"": ""happiness"", ""intensity"": ""high""}"
s44_sa_1,words_only,sadness,high,"{""emotion"": ""sadness"", ""intensity"": ""high""}"
s44_sa_2,words_only,fear,high,"{""emotion"": ""fear"", ""intensity"": ""high""}"
s44_sa_3,words_only,sadness,high,"{""emotion"": ""sadness"", ""intensity"": ""high""}"
s44_sa_4,words_only,happiness,low,"{""emotion"": ""happiness"", ""intensity"": ""low""}"
s44_sa_5,words_only,sadness,high,"{""emotion"": ""sadness"", ""intensity"": ""high""}"
s44_su_1,words_only,surprise,low,"{""emotion"": ""surprise"", ""intensity"": ""low""}"
s44_su_2,words_only,surprise,high,"{""emotion"": ""surprise"", ""intensity"": ""high""}"
s44_su_3,words_only,surprise,high,"{""emotion"": ""surprise"", ""intensity"": ""high""}"
s44_su_4,words_only,surprise,high,"{""emotion"": ""surprise"", ""intensity"": ""high""}"
s44_su_5,words_only,surprise,high,"{""emotion"": ""surprise"", ""intensity"": ""high""}"
s4_an_1,words_only,fear,high,"{""emotion"": ""fear"", ""intensity"": ""high""}"
s4_an_2,words_only,anger,high,"{""emotion"": ""anger"", ""intensity"": ""high""}"
s4_an_3,words_only,fear,low,"{""emotion"": ""fear"", ""intensity"": ""low""}"
s4_an_4,words_only,anger,high,"{""emotion"": ""anger"", ""intensity"": ""high""}"
s4_an_5,words_only,anger,high,"{""emotion"": ""anger"", ""intensity"": ""high""}"
s4_di_1,words_only,disgust,high,"{""emotion"": ""disgust"", ""intensity"": ""high""}"
s4_di_2,words_only,fear,high,"{""emotion"": ""fear"", ""intensity"": ""high""}"
s4_di_3,words_only,surprise,high,"{""emotion"": ""surprise"", ""intensity"": ""high""}"
s4_di_4,words_only,disgust,high,"{""emotion"": ""disgust"", ""intensity"": ""high""}"
s4_di_5,words_only,surprise,low,"{""emotion"": ""surprise"", ""intensity"": ""low""}"
s4_fe_1,words_only,fear,high,"{""emotion"": ""fear"", ""intensity"": ""high""}"
s4_fe_2,words_only,,,"{""emotion"": ""neutral"", ""intensity"": ""none""}"
s4_fe_3,words_only,fear,high,"{""emotion"": ""fear"", ""intensity"": ""high""}"
s4_fe_4,words_only,sadness,low,"{""emotion"": ""sadness"", ""intensity"": ""low""}"
s4_fe_5,words_only,fear,high,"{""emotion"": ""fear"", ""intensity"": ""high""}"
s4_ha_1,words_only,happiness,high,"{""emotion"": ""happiness"", ""intensity"": ""high""}"
s4_ha_2,words_only,happiness,high,"{""emotion"": ""happiness"", ""intensity"": ""high""}"
s4_ha_3,words_only,happiness,high,"{""emotion"": ""happiness"", ""intensity"": ""high""}"
s4_ha_4,words_only,happiness,high,"{""emotion"": ""happiness"", ""intensity"": ""high""}"
s4_ha_5,words_only,happiness,high,"{""emotion"": ""happiness"", ""intensity"": ""high""}"
s4_sa_1,words_only,fear,low,"{""emotion"": ""fear"", ""intensity"": ""low""}"
s4_sa_2,words_only,fear,high,"{""emotion"": ""fear"", ""intensity"": ""high""}"
s4_sa_3,words_only,happiness,high,"{""emotion"": ""happiness"", ""intensity"": ""high""}"
s4_sa_4,words_only,happiness,low,"{""emotion"": ""happiness"", ""intensity"": ""low""}"
s4_sa_5,words_only,sadness,high,"{""emotion"": ""sadness"", ""intensity"": ""high""}"
s4_su_1,words_only,surprise,high,"{""emotion"": ""surprise"", ""intensity"": ""high""}"
s4_su_2,words_only,surprise,low,"{""emotion"": ""surprise"", ""intensity"": ""low""}"
s4_su_3,words_only,surprise,low,"{""emotion"": ""surprise"", ""intensity"": ""low""}"
s4_su_4,words_only,happiness,low,"{""emotion"": ""happiness"", ""intensity"": ""low""}"
s4_su_5,words_only,surprise,high,"{""emotion"": ""surprise"", ""intensity"": ""high""}"
s5_an_1,words_only,fear,high,"{""emotion"": ""fear"", ""intensity"": ""high""}"
s5_an_2,words_only,disgust,low,"{""emotion"": ""disgust"", ""intensity"": ""low""}"
s5_an_3,words_only,sadness,low,"{""emotion"": ""sadness"", ""intensity"": ""low""}"
s5_an_4,words_only,anger,high,"{""emotion"": ""anger"", ""intensity"": ""high""}"
s5_an_5,words_only,anger,high,"{""emotion"": ""anger"", ""intensity"": ""high""}"
s5_di_1,words_only,disgust,high,"{""emotion"": ""disgust"", ""intensity"": ""high""}"
s5_di_2,words_only,disgust,low,"{""emotion"": ""disgust"", ""intensity"": ""low""}"
s5_di_3,words_only,sadness,low,"{""emotion"": ""sadness"", ""intensity"": ""low""}"
s5_di_4,words_only,disgust,high,"{""emotion"": ""disgust"", ""intensity"": ""high""}"
s5_di_5,words_only,disgust,low,"{""emotion"": ""disgust"", ""intensity"": ""low""}"
s5_fe_1,words_only,fear,high,"{""emotion"": ""fear"", ""intensity"": ""high""}"
s5_fe_2,words_only,,,"{""emotion"": ""neutral"", ""intensity"": ""none""}"
s5_fe_3,words_only,fear,high,"{""emotion"": ""fear"", ""intensity"": ""high""}"
s5_fe_4,words_only,anger,high,"{""emotion"": ""anger"", ""intensity"": ""high""}"
s5_fe_5,words_only,fear,high,"{""emotion"": ""fear"", ""intensity"": ""high""}"
s5_ha_1,words_only,happiness,high,"{""emotion"": ""happiness"", ""intensity"": ""high""}"
s5_ha_2,words_only,happiness,high,"{""emotion"": ""happiness"", ""intensity"": ""high""}"
s5_ha_3,words_only,happiness,high,"{""emotion"": ""happiness"", ""intensity"": ""high""}"
s5_ha_4,words_only,happiness,high,"{""emotion"": ""happiness"", ""intensity"": ""high""}"
s5_ha_5,words_only,happiness,high,"{""emotion"": ""happiness"", ""intensity"": ""high""}"
s5_sa_1,words_only,sadness,low,"{""emotion"": ""sadness"", ""intensity"": ""low""}"
s5_sa_2,words_only,fear,high,"{""emotion"": ""fear"", ""intensity"": ""high""}"
s5_sa_3,words_only,happiness,low,"{""emotion"": ""happiness"", ""intensity"": ""low""}"
s5_sa_4,words_only,happiness,low,"{""emotion"": ""happiness"", ""intensity"": ""low""}"
s5_sa_5,words_only,sadness,high,"{""emotion"": ""sadness"", ""intensity"": ""high""}"
s5_su_1,words_only,surprise,high,"{""emotion"": ""surprise"", ""intensity"": ""high""}"
s5_su_2,words_only,surprise,low,"{""emotion"": ""surprise"", ""intensity"": ""low""}"
s5_su_3,words_only,surprise,high,"{""emotion"": ""surprise"", ""intensity"": ""high""}"
s5_su_4,words_only,surprise,high,"{""emotion"": ""surprise"", ""intensity"": ""high""}"
s5_su_5,words_only,surprise,low,"{""emotion"": ""surprise"", ""intensity"": ""low""}"
s6_an,words_only,anger,high,"{""emotion"": ""anger"", ""intensity"": ""high""}"
s6_di,words_only,disgust,high,"{""emotion"": ""disgust"", ""intensity"": ""high""}"
s6_fe,words_only,fear,high,"{""emotion"": ""fear"", ""intensity"": ""high""}"
s6_ha,words_only,happiness,high,"{""emotion"": ""happiness"", ""intensity"": ""high""}"
s6_sa,words_only,sadness,high,"{""emotion"": ""sadness"", ""intensity"": ""high""}"
s6_su,words_only,surprise,high,"{""emotion"": ""surprise"", ""intensity"": ""high""}"
s7_an_1,words_only,fear,high,"{""emotion"": ""fear"", ""intensity"": ""high""}"
s7_an_2,words_only,fear,high,"{""emotion"": ""fear"", ""intensity"": ""high""}"
s7_an_3,words_only,fear,low,"{""emotion"": ""fear"", ""intensity"": ""low""}"
s7_an_4,words_only,anger,high,"{""emotion"": ""anger"", ""intensity"": ""high""}"
s7_an_5,words_only,anger,high,"{""emotion"": ""anger"", ""intensity"": ""high""}"
s7_di_1,words_only,disgust,high,"{""emotion"": ""disgust"", ""intensity"": ""high""}"
s7_di_2,words_only,surprise,high,"{""emotion"": ""surprise"", ""intensity"": ""high""}"
s7_di_3,words_only,anger,low,"{""emotion"": ""anger"", ""intensity"": ""low""}"
s7_di_4,words_only,disgust,high,"{""emotion"": ""disgust"", ""intensity"": ""high""}"
s7_di_5,words_only,happiness,high,"{""emotion"": ""happiness"", ""intensity"": ""high""}"
s7_fe_1,words_only,fear,high,"{""emotion"": ""fear"", ""intensity"": ""high""}"
s7_fe_2,words_only,fear,low,"{""emotion"": ""fear"", ""intensity"": ""low""}"
s7_fe_3,words_only,fear,high,"{""emotion"": ""fear"", ""intensity"": ""high""}"
s7_fe_4,words_only,anger,high,"{""emotion"": ""anger"", ""intensity"": ""high""}"
s7_fe_5,words_only,fear,high,"{""emotion"": ""fear"", ""intensity"": ""high""}"
s7_ha_1,words_only,happiness,high,"{""emotion"": ""happiness"", ""intensity"": ""high""}"
s7_ha_2,words_only,happiness,high,"{""emotion"": ""happiness"", ""intensity"": ""high""}"
s7_ha_3,words_only,happiness,high,"{""emotion"": ""happiness"", ""intensity"": ""high""}"
s7_ha_4,words_only,happiness,high,"{""emotion"": ""happiness"", ""intensity"": ""high""}"
s7_ha_5,words_only,happiness,high,"{""emotion"": ""happiness"", ""intensity"": ""high""}"
s7_sa_1,words_only,sadness,high,"{""emotion"": ""sadness"", ""intensity"": ""high""}"
s7_sa_2,words_only,fear,low,"{""emotion"": ""fear"", ""intensity"": ""low""}"
s7_sa_3,words_only,sadness,high,"{""emotion"": ""sadness"", ""intensity"": ""high""}"
s7_sa_4,words_only,,,"{""emotion"": ""none"", ""intensity"": ""none""}"
s7_sa_5,words_only,sadness,high,"{""emotion"": ""sadness"", ""intensity"": ""high""}"
s7_su_1,words_only,surprise,low,"{""emotion"": ""surprise"", ""intensity"": ""low""}"
s7_su_2,words_only,surprise,high,"{""emotion"": ""surprise"", ""intensity"": ""high""}"
s7_su_3,words_only,surprise,high,"{""emotion"": ""surprise"", ""intensity"": ""high""}"
s7_su_4,words_only,surprise,high,"{""emotion"": ""surprise"", ""intensity"": ""high""}"
s7_su_5,words_only,surprise,high,"{""emotion"": ""surprise"", ""intensity"": ""high""}"
s8_an_1,words_only,fear,high,"{""emotion"": ""fear"", ""intensity"": ""high""}"
s8_an_2,words_only,anger,high,"{""emotion"": ""anger"", ""intensity"": ""high""}"
s8_an_3,words_only,anger,high,"{""emotion"": ""anger"", ""intensity"": ""high""}"
s8_an_4,words_only,anger,high,"{""emotion"": ""anger"", ""intensity"": ""high""}"
s8_an_5,words_only,anger,high,"{""emotion"": ""anger"", ""intensity"": ""high""}"
s8_di_1,words_only,disgust,high,"{""emotion"": ""disgust"", ""intensity"": ""high""}"
s8_di_2,words_only,surprise,low,"{""emotion"": ""surprise"", ""intensity"": ""low""}"
s8_di_3,words_only,disgust,high,"{""emotion"": ""disgust"", ""intensity"": ""high""}"
s8_di_4,words_only,disgust,low,"{""emotion"": ""disgust"", ""intensity"": ""low""}"
s8_di_5,words_only,disgust,low,"{""emotion"": ""disgust"", ""intensity"": ""low""}"
s8_fe_1,words_only,fear,high,"{""emotion"": ""fear"", ""intensity"": ""high""}"
s8_fe_2,words_only,fear,low,"{""emotion"": ""fear"", ""intensity"": ""low""}"
s8_fe_3,words_only,fear,high,"{""emotion"": ""fear"", ""intensity"": ""high""}"
s8_fe_4,words_only,anger,high,"{""emotion"": ""anger"", ""intensity"": ""high""}"
s8_fe_5,words_only,fear,high,"{""emotion"": ""fear"", ""intensity"": ""high""}"
s8_ha_1,words_only,happiness,high,"{""emotion"": ""happiness"", ""intensity"": ""high""}"
s8_ha_2,words_only,happiness,high,"{""emotion"": ""happiness"", ""intensity"": ""high""}"
s8_ha_3,words_only,happiness,high,"{""emotion"": ""happiness"", ""intensity"": ""high""}"
s8_ha_4,words_only,happiness,high,"{""emotion"": ""happiness"", ""intensity"": ""high""}"
s8_ha_5,words_only,happiness,high,"{""emotion"": ""happiness"", ""intensity"": ""high""}"
s8_sa_1,words_only,sadness,high,"{""emotion"": ""sadness"", ""intensity"": ""high""}"
s8_sa_2,words_only,fear,high,"{""emotion"": ""fear"", ""intensity"": ""high""}"
s8_sa_3,words_only,sadness,high,"{""emotion"": ""sadness"", ""intensity"": ""high""}"
s8_sa_4,words_only,happiness,high,"{""emotion"": ""happiness"", ""intensity"": ""high""}"
s8_sa_5,words_only,sadness,high,"{""emotion"": ""sadness"", ""intensity"": ""high""}"
s8_su_1,words_only,surprise,low,"{""emotion"": ""surprise"", ""intensity"": ""low""}"
s8_su_2,words_only,surprise,low,"{""emotion"": ""surprise"", ""intensity"": ""low""}"
s8_su_3,words_only,surprise,high,"{""emotion"": ""surprise"", ""intensity"": ""high""}"
s8_su_4,words_only,surprise,high,"{""emotion"": ""surprise"", ""intensity"": ""high""}"
s8_su_5,words_only,surprise,low,"{""emotion"": ""surprise"", ""intensity"": ""low""}"
s9_an_1,words_only,fear,high,"{""emotion"": ""fear"", ""intensity"": ""high""}"
s9_an_2,words_only,anger,high,"{""emotion"": ""anger"", ""intensity"": ""high""}"
s9_an_3,words_only,anger,high,"{""emotion"": ""anger"", ""intensity"": ""high""}"
s9_an_4,words_only,anger,high,"{""emotion"": ""anger"", ""intensity"": ""high""}"
s9_an_5,words_only,anger,high,"{""emotion"": ""anger"", ""intensity"": ""high""}"
s9_di_1,words_only,sadness,low,"{""emotion"": ""sadness"", ""intensity"": ""low""}"
s9_di_2,words_only,surprise,high,"{""emotion"": ""surprise"", ""intensity"": ""high""}"
s9_di_3,words_only,disgust,high,"{""emotion"": ""disgust"", ""intensity"": ""high""}"
s9_di_4,words_only,disgust,high,"{""emotion"": ""disgust"", ""intensity"": ""high""}"
s9_di_5,words_only,disgust,low,"{""emotion"": ""disgust"", ""intensity"": ""low""}"
s9_fe_1,words_only,fear,high,"{""emotion"": ""fear"", ""intensity"": ""high""}"
s9_fe_2,words_only,fear,low,"{""emotion"": ""fear"", ""intensity"": ""low""}"
s9_fe_3,words_only,fear,high,"{""emotion"": ""fear"", ""intensity"": ""high""}"
s9_fe_4,words_only,anger,high,"{""emotion"": ""anger"", ""intensity"": ""high""}"
s9_fe_5,words_only,fear,high,"{""emotion"": ""fear"", ""intensity"": ""high""}"
s9_ha_1,words_only,happiness,high,"{""emotion"": ""happiness"", ""intensity"": ""high""}"
s9_ha_2,words_only,happiness,high,"{""emotion"": ""happiness"", ""intensity"": ""high""}"
s9_ha_3,words_only,happiness,high,"{""emotion"": ""happiness"", ""intensity"": ""high""}"
s9_ha_4,words_only,happiness,high,"{""emotion"": ""happiness"", ""intensity"": ""high""}"
s9_ha_5,words_only,happiness,high,"{""emotion"": ""happiness"", ""intensity"": ""high""}"
s9_sa_1,words_only,sadness,high,"{""emotion"": ""sadness"", ""intensity"": ""high""}"
s9_sa_2,words_only,sadness,high,"{""emotion"": ""sadness"", ""intensity"": ""high""}"
s9_sa_3,words_only,sadness,high,"{""emotion"": ""sadness"", ""intensity"": ""high""}"
s9_sa_4,words_only,sadness,high,"{""emotion"": ""sadness"", ""intensity"": ""high""}"
s9_sa_5,words_only,sadness,high,"{""emotion"": ""sadness"", ""intensity"": ""high""}"
s9_su_1,words_only,sadness,low,"{""emotion"": ""sadness"", ""intensity"": ""low""}"
s9_su_2,words_only,surprise,low,"{""emotion"": ""surprise"", ""intensity"": ""low""}"
s9_su_3,words_only,surprise,low,"{""emotion"": ""surprise"", ""intensity"": ""low""}"
s9_su_4,words_only,surprise,high,"{""emotion"": ""surprise"", ""intensity"": ""high""}"
s9_su_5,words_only,surprise,low,"{""emotion"": ""surprise"", ""intensity"": ""low""}"
s_3_fe_5,words_only,sadness,low,"{""emotion"": ""sadness"", ""intensity"": ""low""}"
s_3_ha_1,words_only,happiness,high,"{""emotion"": ""happiness"", ""intensity"": ""high""}"
s_3_ha_2,words_only,happiness,high,"{""emotion"": ""happiness"", ""intensity"": ""high""}"
s_3_ha_3,words_only,happiness,high,"{""emotion"": ""happiness"", ""intensity"": ""high""}"
s_3_ha_4,words_only,happiness,high,"{""emotion"": ""happiness"", ""intensity"": ""high""}"
s_3_ha_5,words_only,happiness,high,"{""emotion"": ""happiness"", ""intensity"": ""high""}"
s_3_sa_1,words_only,sadness,high,"{""emotion"": ""sadness"", ""intensity"": ""high""}"
s_3_sa_2,words_only,fear,high,"{""emotion"": ""fear"", ""intensity"": ""high""}"
s_3_sa_3,words_only,sadness,high,"{""emotion"": ""sadness"", ""intensity"": ""high""}"
s_3_sa_4,words_only,sadness,high,"{""emotion"": ""sadness"", ""intensity"": ""high""}"
s_3_sa_5,words_only,sadness,high,"{""emotion"": ""sadness"", ""intensity"": ""high""}"
s_3_su_1,words_only,surprise,high,"{""emotion"": ""surprise"", ""intensity"": ""high""}"
s_3_su_2,words_only,surprise,high,"{""emotion"": ""surprise"", ""intensity"": ""high""}"
s_3_su_3,words_only,surprise,high,"{""emotion"": ""surprise"", ""intensity"": ""high""}"
s_3_su_4,words_only,surprise,high,"{""emotion"": ""surprise"", ""intensity"": ""high""}"
s_3_su_5,words_only,surprise,high,"{""emotion"": ""surprise"", ""intensity"": ""high""}"
