clip,condition,emotion,intensity,raw
Ses01F_impro01_F012,behaviour_only,neutral,none,"{""emotion"": ""neutral"", ""intensity"": ""none""}"
Ses01F_impro02_F001,behaviour_only,sadness,high,"{""emotion"": ""sadness"", ""intensity"": ""high""}"
Ses01F_impro02_F002,behaviour_only,neutral,none,"{""emotion"": ""neutral"", ""intensity"": ""none""}"
Ses01F_impro02_F004,behaviour_only,anger,high,"{""emotion"": ""anger"", ""intensity"": ""high""}"
Ses01F_impro02_F006,behaviour_only,neutral,none,"{""emotion"": ""neutral"", ""intensity"": ""none""}"
Ses01F_impro02_F008,behaviour_only,sadness,high,"{""emotion"": ""sadness"", ""intensity"": ""high""}"
Ses01F_impro02_F010,behaviour_only,neutral,none,"{""emotion"": ""neutral"", ""intensity"": ""none""}"
Ses01F_impro02_F012,behaviour_only,neutral,none,"{""emotion"": ""neutral"", ""intensity"": ""none""}"
Ses01F_impro02_F017,behaviour_only,neutral,none,"{""emotion"": ""neutral"", ""intensity"": ""none""}"
Ses01F_impro02_M010,behaviour_only,sadness,high,"{""emotion"": ""sadness"", ""intensity"": ""high""}"
Ses01F_impro02_M011,behaviour_only,sadness,high,"{""emotion"": ""sadness"", ""intensity"": ""high""}"
Ses01F_impro02_M012,behaviour_only,sadness,low,"{""emotion"": ""sadness"", ""intensity"": ""low""}"
Ses01F_impro02_M013,behaviour_only,anger,low,"{""emotion"": ""anger"", ""intensity"": ""low""}"
Ses01F_impro02_M014,behaviour_only,sadness,high,"{""emotion"": ""sadness"", ""intensity"": ""high""}"
Ses01F_impro02_M015,behaviour_only,neutral,none,"{""emotion"": ""neutral"", ""intensity"": ""none""}"
Ses01F_impro03_F004,behaviour_only,sadness,high,"{""emotion"": ""sadness"", ""intensity"": ""high""}"
Ses01F_impro03_F005,behaviour_only,happiness,high,"{""emotion"": ""happiness"", ""intensity"": ""high""}"
Ses01F_impro03_F009,behaviour_only,anger,high,"{""emotion"": ""anger"", ""intensity"": ""high""}"
Ses01F_impro03_F012,behaviour_only,sadness,low,"{""emotion"": ""sadness"", ""intensity"": ""low""}"
Ses01F_impro03_F013,behaviour_only,happiness,low,"{""emotion"": ""happiness"", ""intensity"": ""low""}"
Ses01F_impro03_F018,behaviour_only,neutral,none,"{""emotion"": ""neutral"", ""intensity"": ""none""}"
Ses01F_impro03_M013,behaviour_only,anger,high,"{""emotion"": ""anger"", ""intensity"": ""high""}"
Ses01F_impro03_M014,behaviour_only,sadness,low,"{""emotion"": ""sadness"", ""intensity"": ""low""}"
Ses01F_impro03_M022,behaviour_only,sadness,high,"{""emotion"": ""sadness"", ""intensity"": ""high""}"
Ses01F_impro04_F033,behaviour_only,sadness,low,"{""emotion"": ""sadness"", ""intensity"": ""low""}"
Ses01F_impro04_M007,behaviour_only,sadness,low,"{""emotion"": ""sadness"", ""intensity"": ""low""}"
Ses01F_impro04_M010,behaviour_only,sadness,high,"{""emotion"": ""sadness"", ""intensity"": ""high""}"
Ses01F_impro04_M025,behaviour_only,neutral,none,"{""emotion"": ""neutral"", ""intensity"": ""none""}"
Ses01F_impro04_M031,behaviour_only,sadness,high,"{""emotion"": ""sadness"", ""intensity"": ""high""}"
Ses01F_impro05_F015,behaviour_only,sadness,low,"{""emotion"": ""sadness"", ""intensity"": ""low""}"
Ses01F_impro05_F016,behaviour_only,anger,high,"{""emotion"": ""anger"", ""intensity"": ""high""}"
Ses01F_impro05_F021,behaviour_only,happiness,low,"{""emotion"": ""happiness"", ""intensity"": ""low""}"
Ses01F_impro05_F025,behaviour_only,anger,high,"{""emotion"": ""anger"", ""intensity"": ""high""}"
Ses01F_impro05_F026,behaviour_only,neutral,none,"{""emotion"": ""neutral"", ""intensity"": ""none""}"
Ses01F_impro05_F029,behaviour_only,anger,high,"{""emotion"": ""anger"", ""intensity"": ""high""}"
Ses01F_impro05_F030,behaviour_only,neutral,none,"{""emotion"": ""neutral"", ""intensity"": ""none""}"
Ses01F_impro05_M001,behaviour_only,sadness,low,"{""emotion"": ""sadness"", ""intensity"": ""low""}"
Ses01F_impro05_M003,behaviour_only,sadness,high,"{""emotion"": ""sadness"", ""intensity"": ""high""}"
Ses01F_impro05_M004,behaviour_only,neutral,none,"{""emotion"": ""neutral"", ""intensity"": ""none""}"
Ses01F_impro05_M005,behaviour_only,anger,high,"{""emotion"": ""anger"", ""intensity"": ""high""}"
Ses01F_impro05_M009,behaviour_only,neutral,none,"{""emotion"": ""neutral"", ""intensity"": ""none""}"
Ses01F_impro05_M013,behaviour_only,sadness,high,"{""emotion"": ""sadness"", ""intensity"": ""high""}"
Ses01F_impro05_M015,behaviour_only,sadness,high,"{""emotion"": ""sadness"", ""intensity"": ""high""}"
Ses01F_impro05_M020,behaviour_only,sadness,high,"{""emotion"": ""sadness"", ""intensity"": ""high""}"
Ses01F_impro05_M022,behaviour_only,happiness,high,"{""emotion"": ""happiness"", ""intensity"": ""high""}"
Ses01F_impro05_M035,behaviour_only,sadness,high,"{""emotion"": ""sadness"", ""intensity"": ""high""}"
Ses01F_impro06_F004,behaviour_only,sadness,low,"{""emotion"": ""sadness"", ""intensity"": ""low""}"
Ses01F_impro06_F006,behaviour_only,neutral,none,"{""emotion"": ""neutral"", ""intensity"": ""none""}"
Ses01F_impro06_F008,behaviour_only,sadness,high,"{""emotion"": ""sadness"", ""intensity"": ""high""}"
Ses01F_impro06_F010,behaviour_only,sadness,high,"{""emotion"": ""sadness"", ""intensity"": ""high""}"
Ses01F_impro06_F013,behaviour_only,neutral,none,"{""emotion"": ""neutral"", ""intensity"": ""none""}"
Ses01F_impro06_F020,behaviour_only,sadness,low,"{""emotion"": ""sadness"", ""intensity"": ""low""}"
Ses01F_impro06_F021,behaviour_only,sadness,high,"{""emotion"": ""sadness"", ""intensity"": ""high""}"
Ses01F_impro06_F022,behaviour_only,sadness,high,"{""emotion"": ""sadness"", ""intensity"": ""high""}"
Ses01F_impro06_F023,behaviour_only,sadness,high,"{""emotion"": ""sadness"", ""intensity"": ""high""}"
Ses01F_impro06_F024,behaviour_only,sadness,low,"{""emotion"": ""sadness"", ""intensity"": ""low""}"
Ses01F_impro06_F027,behaviour_only,sadness,high,"{""emotion"": ""sadness"", ""intensity"": ""high""}"
Ses01F_impro06_F028,behaviour_only,sadness,low,"{""emotion"": ""sadness"", ""intensity"": ""low""}"
Ses01F_impro06_M006,behaviour_only,sadness,high,"{""emotion"": ""sadness"", ""intensity"": ""high""}"
Ses01F_impro07_F003,behaviour_only,happiness,high,"{""emotion"": ""happiness"", ""intensity"": ""high""}"
Ses01F_impro07_F009,behaviour_only,happiness,low,"{""emotion"": ""happiness"", ""intensity"": ""low""}"
Ses01F_impro07_F010,behaviour_only,neutral,none,"{""emotion"": ""neutral"", ""intensity"": ""none""}"
Ses01F_impro07_F013,behaviour_only,happiness,high,"{""emotion"": ""happiness"", ""intensity"": ""high""}"
Ses01F_impro07_M001,behaviour_only,sadness,low,"{""emotion"": ""sadness"", ""intensity"": ""low""}"
Ses01F_impro07_M002,behaviour_only,happiness,low,"{""emotion"": ""happiness"", ""intensity"": ""low""}"
Ses01F_impro07_M008,behaviour_only,neutral,none,"{""emotion"": ""neutral"", ""intensity"": ""none""}"
Ses01F_script01_1_F034,behaviour_only,neutral,none,"{""emotion"": ""neutral"", ""intensity"": ""none""}"
Ses01F_script01_1_F035,behaviour_only,neutral,none,"{""emotion"": ""neutral"", ""intensity"": ""none""}"
Ses01F_script01_1_F038,behaviour_only,neutral,none,"{""emotion"": ""neutral"", ""intensity"": ""none""}"
Ses01F_script01_1_F041,behaviour_only,neutral,none,"{""emotion"": ""neutral"", ""intensity"": ""none""}"
Ses01F_script01_1_F042,behaviour_only,sadness,low,"{""emotion"": ""sadness"", ""intensity"": ""low""}"
Ses01F_script01_1_M000,behaviour_only,neutral,none,"{""emotion"": ""neutral"", ""intensity"": ""none""}"
Ses01F_script01_1_M010,behaviour_only,anger,high,"{""emotion"": ""anger"", ""intensity"": ""high""}"
Ses01F_script01_1_M040,behaviour_only,sadness,high,"{""emotion"": ""sadness"", ""intensity"": ""high""}"
Ses01F_script01_2_F006,behaviour_only,happiness,high,"{""emotion"": ""happiness"", ""intensity"": ""high""}"
Ses01F_script01_2_F008,behaviour_only,happiness,high,"{""emotion"": ""happiness"", ""intensity"": ""high""}"
Ses01F_script01_3_F001,behaviour_only,sadness,low,"{""emotion"": ""sadness"", ""intensity"": ""low""}"
Ses01F_script01_3_F004,behaviour_only,sadness,high,"{""emotion"": ""sadness"", ""intensity"": ""high""}"
Ses01F_script01_3_F011,behaviour_only,happiness,high,"{""emotion"": ""happiness"", ""intensity"": ""high""}"
Ses01F_script01_3_F014,behaviour_only,sadness,low,"{""emotion"": ""sadness"", ""intensity"": ""low""}"
Ses01F_script01_3_F015,behaviour_only,sadness,low,"{""emotion"": ""sadness"", ""intensity"": ""low""}"
Ses01F_script01_3_F019,behaviour_only,anger,high,"{""emotion"": ""anger"", ""intensity"": ""high""}"
Ses01F_script01_3_F028,behaviour_only,sadness,high,"{""emotion"": ""sadness"", ""intensity"": ""high""}"
Ses01F_script01_3_F030,behaviour_only,sadness,high,"{""emotion"": ""sadness"", ""intensity"": ""high""}"
Ses01F_script01_3_M001,behaviour_only,anger,high,"{""emotion"": ""anger"", ""intensity"": ""high""}"
Ses01F_script01_3_M005,behaviour_only,anger,high,"{""emotion"": ""anger"", ""intensity"": ""high""}"
Ses01F_script01_3_M010,behaviour_only,neutral,none,"{""emotion"": ""neutral"", ""intensity"": ""none""}"
Ses01F_script01_3_M017,behaviour_only,sadness,high,"{""emotion"": ""sadness"", ""intensity"": ""high""}"
Ses01F_script01_3_M023,behaviour_only,sadness,high,"{""emotion"": ""sadness"", ""intensity"": ""high""}"
Ses01F_script01_3_M027,behaviour_only,sadness,high,"{""emotion"": ""sadness"", ""intensity"": ""high""}"
Ses01F_script01_3_M037,behaviour_only,sadness,low,"{""emotion"": ""sadness"", ""intensity"": ""low""}"
Ses01F_script02_1_M009,behaviour_only,sadness,high,"{""emotion"": ""sadness"", ""intensity"": ""high""}"
Ses01F_script02_1_M010,behaviour_only,sadness,low,"{""emotion"": ""sadness"", ""intensity"": ""low""}"
Ses01F_script02_1_M011,behaviour_only,neutral,none,"{""emotion"": ""neutral"", ""intensity"": ""none""}"
Ses01F_script02_1_M015,behaviour_only,anger,low,"{""emotion"": ""anger"", ""intensity"": ""low""}"
Ses01F_script02_2_F000,behaviour_only,sadness,high,"{""emotion"": ""sadness"", ""intensity"": ""high""}"
Ses01F_script02_2_F010,behaviour_only,anger,high,"{""emotion"": ""anger"", ""intensity"": ""high""}"
Ses01F_script02_2_F016,behaviour_only,happiness,high,"{""emotion"": ""happiness"", ""intensity"": ""high""}"
Ses01F_script02_2_F017,behaviour_only,sadness,low,"{""emotion"": ""sadness"", ""intensity"": ""low""}"
Ses01F_script02_2_F019,behaviour_only,sadness,low,"{""emotion"": ""sadness"", ""intensity"": ""low""}"
Ses01F_script02_2_F022,behaviour_only,sadness,high,"{""emotion"": ""sadness"", ""intensity"": ""high""}"
Ses01F_script02_2_F026,behaviour_only,neutral,none,"{""emotion"": ""neutral"", ""intensity"": ""none""}"
Ses01F_script02_2_F034,behaviour_only,neutral,none,"{""emotion"": ""neutral"", ""intensity"": ""none""}"
Ses01F_script02_2_F035,behaviour_only,neutral,none,"{""emotion"": ""neutral"", ""intensity"": ""none""}"
Ses01F_script02_2_F036,behaviour_only,sadness,low,"{""emotion"": ""sadness"", ""intensity"": ""low""}"
Ses01F_script02_2_F041,behaviour_only,neutral,none,"{""emotion"": ""neutral"", ""intensity"": ""none""}"
Ses01F_script02_2_F047,behaviour_only,sadness,high,"{""emotion"": ""sadness"", ""intensity"": ""high""}"
Ses01F_script02_2_M001,behaviour_only,anger,high,"{""emotion"": ""anger"", ""intensity"": ""high""}"
Ses01F_script02_2_M006,behaviour_only,neutral,none,"{""emotion"": ""neutral"", ""intensity"": ""none""}"
Ses01F_script02_2_M021,behaviour_only,sadness,low,"{""emotion"": ""sadness"", ""intensity"": ""low""}"
Ses01F_script02_2_M024,behaviour_only,neutral,none,"{""emotion"": ""neutral"", ""intensity"": ""none""}"
Ses01F_script02_2_M026,behaviour_only,sadness,high,"{""emotion"": ""sadness"", ""intensity"": ""high""}"
Ses01F_script02_2_M047,behaviour_only,sadness,high,"{""emotion"": ""sadness"", ""intensity"": ""high""}"
Ses01F_script03_1_F007,behaviour_only,sadness,high,"{""emotion"": ""sadness"", ""intensity"": ""high""}"
Ses01F_script03_1_F029,behaviour_only,happiness,high,"{""emotion"": ""happiness"", ""intensity"": ""high""}"
Ses01F_script03_1_M013,behaviour_only,neutral,none,"{""emotion"": ""neutral"", ""intensity"": ""none""}"
Ses01F_script03_1_M026,behaviour_only,sadness,high,"{""emotion"": ""sadness"", ""intensity"": ""high""}"
Ses01F_script03_1_M037,behaviour_only,anger,high,"{""emotion"": ""anger"", ""intensity"": ""high""}"
Ses01F_script03_2_F000,behaviour_only,sadness,high,"{""emotion"": ""sadness"", ""intensity"": ""high""}"
Ses01F_script03_2_F002,behaviour_only,happiness,low,"{""emotion"": ""happiness"", ""intensity"": ""low""}"
Ses01F_script03_2_F015,behaviour_only,sadness,high,"{""emotion"": ""sadness"", ""intensity"": ""high""}"
Ses01F_script03_2_F016,behaviour_only,neutral,none,"{""emotion"": ""neutral"", ""intensity"": ""none""}"
Ses01F_script03_2_F017,behaviour_only,sadness,high,"{""emotion"": ""sadness"", ""intensity"": ""high""}"
Ses01F_script03_2_F027,behaviour_only,sadness,high,"{""emotion"": ""sadness"", ""intensity"": ""high""}"
Ses01F_script03_2_F029,behaviour_only,anger,high,"{""emotion"": ""anger"", ""intensity"": ""high""}"
Ses01F_script03_2_F030,behaviour_only,sadness,high,"{""emotion"": ""sadness"", ""intensity"": ""high""}"
Ses01F_script03_2_F034,behaviour_only,sadness,high,"{""emotion"": ""sadness"", ""intensity"": ""high""}"
Ses01F_script03_2_F037,behaviour_only,sadness,low,"{""emotion"": ""sadness"", ""intensity"": ""low""}"
Ses01F_script03_2_F039,behaviour_only,sadness,low,"{""emotion"": ""sadness"", ""intensity"": ""low""}"
Ses01F_script03_2_M014,behaviour_only,sadness,low,"{""emotion"": ""sadness"", ""intensity"": ""moderate""}"
Ses01F_script03_2_M016,behaviour_only,sadness,low,"{""emotion"": ""sadness"", ""intensity"": ""low""}"
Ses01F_script03_2_M019,behaviour_only,sadness,low,"{""emotion"": ""sadness"", ""intensity"": ""low""}"
Ses01F_script03_2_M021,behaviour_only,sadness,high,"{""emotion"": ""sadness"", ""intensity"": ""high""}"
Ses01F_script03_2_M023,behaviour_only,anger,high,"{""emotion"": ""anger"", ""intensity"": ""high""}"
Ses01F_script03_2_M025,behaviour_only,sadness,high,"{""emotion"": ""sadness"", ""intensity"": ""high""}"
Ses01F_script03_2_M027,behaviour_only,neutral,none,"{""emotion"": ""neutral"", ""intensity"": ""none""}"
Ses01F_script03_2_M032,behaviour_only,anger,high,"{""emotion"": ""anger"", ""intensity"": ""high""}"
Ses01F_script03_2_M033,behaviour_only,neutral,none,"{""emotion"": ""neutral"", ""intensity"": ""none""}"
Ses01F_script03_2_M035,behaviour_only,anger,high,"{""emotion"": ""anger"", ""intensity"": ""high""}"
Ses01F_script03_2_M036,behaviour_only,sadness,high,"{""emotion"": ""sadness"", ""intensity"": ""high""}"
Ses01F_script03_2_M037,behaviour_only,anger,high,"{""emotion"": ""anger"", ""intensity"": ""high""}"
Ses01F_script03_2_M038,behaviour_only,neutral,none,"{""emotion"": ""neutral"", ""intensity"": ""none""}"
Ses01F_script03_2_M039,behaviour_only,sadness,high,"{""emotion"": ""sadness"", ""intensity"": ""high""}"
Ses01M_impro01_F008,behaviour_only,happiness,high,"{""emotion"": ""happiness"", ""intensity"": ""high""}"
Ses01M_impro01_M010,behaviour_only,anger,high,"{""emotion"": ""anger"", ""intensity"": ""high""}"
Ses01M_impro01_M025,behaviour_only,anger,high,"{""emotion"": ""anger"", ""intensity"": ""high""}"
Ses01M_impro01_M030,behaviour_only,anger,high,"{""emotion"": ""anger"", ""intensity"": ""high""}"
Ses01M_impro01_M031,behaviour_only,anger,high,"{""emotion"": ""anger"", ""intensity"": ""high""}"
Ses01M_impro02_F013,behaviour_only,anger,high,"{""emotion"": ""anger"", ""intensity"": ""high""}"
Ses01M_impro02_F015,behaviour_only,anger,high,"{""emotion"": ""anger"", ""intensity"": ""high""}"
Ses01M_impro02_F017,behaviour_only,sadness,low,"{""emotion"": ""sadness"", ""intensity"": ""low""}"
Ses01M_impro02_M000,behaviour_only,anger,high,"{""emotion"": ""anger"", ""intensity"": ""high""}"
Ses01M_impro02_M001,behaviour_only,sadness,high,"{""emotion"": ""sadness"", ""intensity"": ""high""}"
Ses01M_impro02_M003,behaviour_only,neutral,none,"{""emotion"": ""neutral"", ""intensity"": ""none""}"
Ses01M_impro02_M007,behaviour_only,anger,high,"{""emotion"": ""anger"", ""intensity"": ""high""}"
Ses01M_impro02_M009,behaviour_only,anger,high,"{""emotion"": ""anger"", ""intensity"": ""high""}"
Ses01M_impro02_M012,behaviour_only,neutral,none,"{""emotion"": ""neutral"", ""intensity"": ""none""}"
Ses01M_impro02_M013,behaviour_only,anger,high,"{""emotion"": ""anger"", ""intensity"": ""high""}"
Ses01M_impro02_M015,behaviour_only,anger,high,"{""emotion"": ""anger"", ""intensity"": ""high""}"
Ses01M_impro02_M017,behaviour_only,neutral,none,"{""emotion"": ""neutral"", ""intensity"": ""none""}"
Ses01M_impro02_M019,behaviour_only,sadness,high,"{""emotion"": ""sadness"", ""intensity"": ""high""}"
Ses01M_impro02_M020,behaviour_only,sadness,high,"{""emotion"": ""sadness"", ""intensity"": ""high""}"
Ses01M_impro02_M022,behaviour_only,sadness,high,"{""emotion"": ""sadness"", ""intensity"": ""high""}"
Ses01M_impro03_F003,behaviour_only,sadness,low,"{""emotion"": ""sadness"", ""intensity"": ""low""}"
Ses01M_impro03_F006,behaviour_only,sadness,high,"{""emotion"": ""sadness"", ""intensity"": ""high""}"
Ses01M_impro03_F007,behaviour_only,happiness,low,"{""emotion"": ""happiness"", ""intensity"": ""low""}"
Ses01M_impro03_F009,behaviour_only,sadness,low,"{""emotion"": ""sadness"", ""intensity"": ""moderate""}"
Ses01M_impro03_F010,behaviour_only,sadness,low,"{""emotion"": ""sadness"", ""intensity"": ""low""}"
Ses01M_impro03_F013,behaviour_only,sadness,high,"{""emotion"": ""sadness"", ""intensity"": ""high""}"
Ses01M_impro03_F016,behaviour_only,sadness,high,"{""emotion"": ""sadness"", ""intensity"": ""high""}"
Ses01M_impro03_F018,behaviour_only,sadness,high,"{""emotion"": ""sadness"", ""intensity"": ""high""}"
Ses01M_impro03_F023,behaviour_only,neutral,none,"{""emotion"": ""neutral"", ""intensity"": ""none""}"
Ses01M_impro03_F026,behaviour_only,neutral,none,"{""emotion"": ""neutral"", ""intensity"": ""none""}"
Ses01M_impro03_M003,behaviour_only,sadness,high,"{""emotion"": ""sadness"", ""intensity"": ""high""}"
Ses01M_impro03_M007,behaviour_only,anger,high,"{""emotion"": ""anger"", ""intensity"": ""high""}"
Ses01M_impro03_M010,behaviour_only,anger,high,"{""emotion"": ""anger"", ""intensity"": ""high""}"
Ses01M_impro03_M024,behaviour_only,anger,high,"{""emotion"": ""anger"", ""intensity"": ""high""}"
Ses01M_impro04_F000,behaviour_only,anger,high,"{""emotion"": ""anger"", ""intensity"": ""high""}"
Ses01M_impro04_F003,behaviour_only,sadness,high,"{""emotion"": ""sadness"", ""intensity"": ""high""}"
Ses01M_impro04_F010,behaviour_only,sadness,high,"{""emotion"": ""sadness"", ""intensity"": ""high""}"
Ses01M_impro04_F015,behaviour_only,anger,high,"{""emotion"": ""anger"", ""intensity"": ""high""}"
Ses01M_impro04_F021,behaviour_only,neutral,none,"{""emotion"": ""neutral"", ""intensity"": ""none""}"
Ses01M_impro04_M018,behaviour_only,anger,high,"{""emotion"": ""anger"", ""intensity"": ""high""}"
Ses01M_impro05_F001,behaviour_only,neutral,none,"{""emotion"": ""neutral"", ""intensity"": ""none""}"
Ses01M_impro05_F002,behaviour_only,sadness,low,"{""emotion"": ""sadness"", ""intensity"": ""low""}"
Ses01M_impro05_F007,behaviour_only,neutral,none,"{""emotion"": ""neutral"", ""intensity"": ""none""}"
Ses01M_impro05_F011,behaviour_only,sadness,high,"{""emotion"": ""sadness"", ""intensity"": ""high""}"
Ses01M_impro05_F012,behaviour_only,happiness,low,"{""emotion"": ""happiness"", ""intensity"": ""low""}"
Ses01M_impro05_F015,behaviour_only,anger,high,"{""emotion"": ""anger"", ""intensity"": ""high""}"
Ses01M_impro05_F017,behaviour_only,sadness,low,"{""emotion"": ""sadness"", ""intensity"": ""low""}"
Ses01M_impro05_F025,behaviour_only,neutral,none,"{""emotion"": ""neutral"", ""intensity"": ""none""}"
Ses01M_impro05_F027,behaviour_only,sadness,low,"{""emotion"": ""sadness"", ""intensity"": ""low""}"
Ses01M_impro05_F034,behaviour_only,neutral,none,"{""emotion"": ""neutral"", ""intensity"": ""none""}"
Ses01M_impro05_M005,behaviour_only,anger,high,"{""emotion"": ""anger"", ""intensity"": ""high""}"
Ses01M_impro05_M006,behaviour_only,anger,high,"{""emotion"": ""anger"", ""intensity"": ""high""}"
Ses01M_impro05_M008,behaviour_only,anger,high,"{""emotion"": ""anger"", ""intensity"": ""high""}"
Ses01M_impro05_M021,behaviour_only,anger,high,"{""emotion"": ""anger"", ""intensity"": ""high""}"
Ses01M_impro05_M022,behaviour_only,happiness,high,"{""emotion"": ""happiness"", ""intensity"": ""high""}"
Ses01M_impro05_M023,behaviour_only,anger,high,"{""emotion"": ""anger"", ""intensity"": ""high""}"
Ses01M_impro06_F000,behaviour_only,sadness,high,"{""emotion"": ""sadness"", ""intensity"": ""high""}"
Ses01M_impro06_F003,behaviour_only,anger,high,"{""emotion"": ""anger"", ""intensity"": ""high""}"
Ses01M_impro06_F005,behaviour_only,sadness,high,"{""emotion"": ""sadness"", ""intensity"": ""high""}"
Ses01M_impro06_F008,behaviour_only,neutral,none,"{""emotion"": ""neutral"", ""intensity"": ""none""}"
Ses01M_impro06_F009,behaviour_only,neutral,none,"{""emotion"": ""neutral"", ""intensity"": ""none""}"
Ses01M_impro06_F015,behaviour_only,sadness,high,"{""emotion"": ""sadness"", ""intensity"": ""high""}"
Ses01M_impro06_M000,behaviour_only,sadness,high,"{""emotion"": ""sadness"", ""intensity"": ""high""}"
Ses01M_impro06_M012,behaviour_only,sadness,high,"{""emotion"": ""sadness"", ""intensity"": ""high""}"
Ses01M_impro06_M014,behaviour_only,anger,high,"{""emotion"": ""anger"", ""intensity"": ""high""}"
Ses01M_impro06_M016,behaviour_only,anger,high,"{""emotion"": ""anger"", ""intensity"": ""high""}"
Ses01M_impro06_M022,behaviour_only,sadness,low,"{""emotion"": ""sadness"", ""intensity"": ""low""}"
Ses01M_impro06_M023,behaviour_only,neutral,none,"{""emotion"": ""neutral"", ""intensity"": ""none""}"
Ses01M_impro06_M024,behaviour_only,sadness,high,"{""emotion"": ""sadness"", ""intensity"": ""high""}"
Ses01M_impro06_M026,behaviour_only,sadness,high,"{""emotion"": ""sadness"", ""intensity"": ""high""}"
Ses01M_impro06_M027,behaviour_only,sadness,low,"{""emotion"": ""sadness"", ""intensity"": ""low""}"
Ses01M_impro06_M029,behaviour_only,sadness,high,"{""emotion"": ""sadness"", ""intensity"": ""high""}"
Ses01M_impro07_F003,behaviour_only,sadness,high,"{""emotion"": ""sadness"", ""intensity"": ""high""}"
Ses01M_impro07_F005,behaviour_only,sadness,high,"{""emotion"": ""sadness"", ""intensity"": ""high""}"
Ses01M_impro07_F021,behaviour_only,sadness,low,"{""emotion"": ""sadness"", ""intensity"": ""low""}"
Ses01M_impro07_M000,behaviour_only,sadness,low,"{""emotion"": ""sadness"", ""intensity"": ""low""}"
Ses01M_impro07_M003,behaviour_only,anger,high,"{""emotion"": ""anger"", ""intensity"": ""high""}"
Ses01M_impro07_M008,behaviour_only,anger,high,"{""emotion"": ""anger"", ""intensity"": ""high""}"
Ses01M_impro07_M011,behaviour_only,sadness,low,"{""emotion"": ""sadness"", ""intensity"": ""low""}"
Ses01M_impro07_M017,behaviour_only,neutral,none,"{""emotion"": ""neutral"", ""intensity"": ""none""}"
Ses01M_impro07_M019,behaviour_only,neutral,none,"{""emotion"": ""neutral"", ""intensity"": ""none""}"
Ses01M_impro07_M020,behaviour_only,anger,high,"{""emotion"": ""anger"", ""intensity"": ""high""}"
Ses01M_impro07_M032,behaviour_only,neutral,none,"{""emotion"": ""neutral"", ""intensity"": ""none""}"
Ses01M_script01_1_F004,behaviour_only,anger,high,"{""emotion"": ""anger"", ""intensity"": ""high""}"
Ses01M_script01_1_F025,behaviour_only,neutral,none,"{""emotion"": ""neutral"", ""intensity"": ""none""}"
Ses01M_script01_1_F032,behaviour_only,anger,high,"{""emotion"": ""anger"", ""intensity"": ""high""}"
Ses01M_script01_1_F042,behaviour_only,happiness,low,"{""emotion"": ""happiness"", ""intensity"": ""low""}"
Ses01M_script01_1_M004,behaviour_only,sadness,high,"{""emotion"": ""sadness"", ""intensity"": ""high""}"
Ses01M_script01_1_M005,behaviour_only,anger,high,"{""emotion"": ""anger"", ""intensity"": ""high""}"
Ses01M_script01_1_M021,behaviour_only,sadness,low,"{""emotion"": ""sadness"", ""intensity"": ""low""}"
Ses01M_script01_1_M041,behaviour_only,neutral,none,"{""emotion"": ""neutral"", ""intensity"": ""none""}"
Ses01M_script01_2_F004,behaviour_only,sadness,high,"{""emotion"": ""sadness"", ""intensity"": ""high""}"
Ses01M_script01_2_F009,behaviour_only,anger,high,"{""emotion"": ""anger"", ""intensity"": ""high""}"
Ses01M_script01_2_F013,behaviour_only,sadness,high,"{""emotion"": ""sadness"", ""intensity"": ""high""}"
Ses01M_script01_2_M017,behaviour_only,anger,high,"{""emotion"": ""anger"", ""intensity"": ""high""}"
Ses01M_script01_3_F000,behaviour_only,neutral,none,"{""emotion"": ""neutral"", ""intensity"": ""none""}"
Ses01M_script01_3_F001,behaviour_only,neutral,none,"{""emotion"": ""neutral"", ""intensity"": ""none""}"
Ses01M_script01_3_F003,behaviour_only,sadness,high,"{""emotion"": ""sadness"", ""intensity"": ""high""}"
Ses01M_script01_3_F006,behaviour_only,sadness,low,"{""emotion"": ""sadness"", ""intensity"": ""moderate""}"
Ses01M_script01_3_F014,behaviour_only,neutral,none,"{""emotion"": ""neutral"", ""intensity"": ""none""}"
Ses01M_script01_3_F018,behaviour_only,sadness,low,"{""emotion"": ""sadness"", ""intensity"": ""low""}"
Ses01M_script01_3_F019,behaviour_only,neutral,none,"{""emotion"": ""neutral"", ""intensity"": ""none""}"
Ses01M_script01_3_F021,behaviour_only,sadness,low,"{""emotion"": ""sadness"", ""intensity"": ""moderate""}"
Ses01M_script01_3_F024,behaviour_only,sadness,high,"{""emotion"": ""sadness"", ""intensity"": ""high""}"
Ses01M_script01_3_M000,behaviour_only,anger,high,"{""emotion"": ""anger"", ""intensity"": ""high""}"
Ses01M_script01_3_M001,behaviour_only,anger,low,"{""emotion"": ""anger"", ""intensity"": ""low""}"
Ses01M_script01_3_M002,behaviour_only,sadness,high,"{""emotion"": ""sadness"", ""intensity"": ""high""}"
Ses01M_script01_3_M004,behaviour_only,sadness,high,"{""emotion"": ""sadness"", ""intensity"": ""high""}"
Ses01M_script01_3_M007,behaviour_only,anger,high,"{""emotion"": ""anger"", ""intensity"": ""high""}"
Ses01M_script01_3_M009,behaviour_only,sadness,high,"{""emotion"": ""sadness"", ""intensity"": ""high""}"
Ses01M_script01_3_M019,behaviour_only,sadness,high,"{""emotion"": ""sadness"", ""intensity"": ""high""}"
Ses01M_script01_3_M020,behaviour_only,anger,high,"{""emotion"": ""anger"", ""intensity"": ""high""}"
Ses01M_script01_3_M021,behaviour_only,neutral,none,"{""emotion"": ""neutral"", ""intensity"": ""none""}"
Ses01M_script01_3_M026,behaviour_only,sadness,high,"{""emotion"": ""sadness"", ""intensity"": ""high""}"
Ses01M_script01_3_M030,behaviour_only,sadness,high,"{""emotion"": ""sadness"", ""intensity"": ""high""}"
Ses01M_script01_3_M031,behaviour_only,sadness,high,"{""emotion"": ""sadness"", ""intensity"": ""high""}"
Ses01M_script01_3_M036,behaviour_only,anger,high,"{""emotion"": ""anger"", ""intensity"": ""high""}"
Ses01M_script01_3_M038,behaviour_only,neutral,none,"{""emotion"": ""neutral"", ""intensity"": ""none""}"
Ses01M_script01_3_M039,behaviour_only,neutral,none,"{""emotion"": ""neutral"", ""intensity"": ""none""}"
Ses01M_script02_1_F005,behaviour_only,neutral,none,"{""emotion"": ""neutral"", ""intensity"": ""none""}"
Ses01M_script02_1_F007,behaviour_only,anger,high,"{""emotion"": ""anger"", ""intensity"": ""high""}"
Ses01M_script02_1_F009,behaviour_only,neutral,none,"{""emotion"": ""neutral"", ""intensity"": ""none""}"
Ses01M_script02_1_F014,behaviour_only,sadness,high,"{""emotion"": ""sadness"", ""intensity"": ""high""}"
Ses01M_script02_1_M002,behaviour_only,happiness,low,"{""emotion"": ""happiness"", ""intensity"": ""low""}"
Ses01M_script02_1_M009,behaviour_only,anger,high,"{""emotion"": ""anger"", ""intensity"": ""high""}"
Ses01M_script02_1_M016,behaviour_only,happiness,low,"{""emotion"": ""happiness"", ""intensity"": ""low""}"
Ses01M_script02_1_M028,behaviour_only,neutral,none,"{""emotion"": ""neutral"", ""intensity"": ""none""}"
Ses01M_script02_1_M043,behaviour_only,anger,high,"{""emotion"": ""anger"", ""intensity"": ""high""}"
Ses01M_script02_2_F011,behaviour_only,anger,high,"{""emotion"": ""anger"", ""intensity"": ""high""}"
Ses01M_script02_2_F022,behaviour_only,neutral,none,"{""emotion"": ""neutral"", ""intensity"": ""none""}"
Ses01M_script02_2_F024,behaviour_only,sadness,high,"{""emotion"": ""sadness"", ""intensity"": ""high""}"
Ses01M_script02_2_F026,behaviour_only,anger,high,"{""emotion"": ""anger"", ""intensity"": ""high""}"
Ses01M_script02_2_F031,behaviour_only,sadness,high,"{""emotion"": ""sadness"", ""intensity"": ""high""}"
Ses01M_script02_2_F033,behaviour_only,neutral,none,"{""emotion"": ""neutral"", ""intensity"": ""none""}"
Ses01M_script02_2_F036,behaviour_only,sadness,low,"{""emotion"": ""sadness"", ""intensity"": ""low""}"
Ses01M_script02_2_F040,behaviour_only,happiness,low,"{""emotion"": ""happiness"", ""intensity"": ""low""}"
Ses01M_script02_2_M020,behaviour_only,neutral,none,"{""emotion"": ""neutral"", ""intensity"": ""none""}"
Ses01M_script02_2_M023,behaviour_only,sadness,low,"{""emotion"": ""sadness"", ""intensity"": ""low""}"
Ses01M_script02_2_M033,behaviour_only,anger,high,"{""emotion"": ""anger"", ""intensity"": ""high""}"
Ses01M_script02_2_M041,behaviour_only,neutral,none,"{""emotion"": ""neutral"", ""intensity"": ""none""}"
Ses01M_script02_2_M043,behaviour_only,sadness,high,"{""emotion"": ""sadness"", ""intensity"": ""high""}"
Ses01M_script02_2_M049,behaviour_only,happiness,low,"{""emotion"": ""happiness"", ""intensity"": ""low""}"
Ses01M_script02_2_M052,behaviour_only,sadness,high,"{""emotion"": ""sadness"", ""intensity"": ""high""}"
Ses01M_script03_1_F008,behaviour_only,sadness,high,"{""emotion"": ""sadness"", ""intensity"": ""high""}"
Ses01M_script03_1_F009,behaviour_only,happiness,high,"{""emotion"": ""happiness"", ""intensity"": ""high""}"
Ses01M_script03_1_F011,behaviour_only,happiness,low,"{""emotion"": ""happiness"", ""intensity"": ""low""}"
Ses01M_script03_1_F014,behaviour_only,sadness,high,"{""emotion"": ""sadness"", ""intensity"": ""high""}"
Ses01M_script03_1_F015,behaviour_only,anger,high,"{""emotion"": ""anger"", ""intensity"": ""high""}"
Ses01M_script03_1_F024,behaviour_only,sadness,high,"{""emotion"": ""sadness"", ""intensity"": ""high""}"
Ses01M_script03_1_F030,behaviour_only,neutral,none,"{""emotion"": ""neutral"", ""intensity"": ""none""}"
Ses01M_script03_1_F031,behaviour_only,anger,high,"{""emotion"": ""anger"", ""intensity"": ""high""}"
Ses01M_script03_1_F036,behaviour_only,sadness,low,"{""emotion"": ""sadness"", ""intensity"": ""moderate""}"
Ses01M_script03_1_F039,behaviour_only,sadness,high,"{""emotion"": ""sadness"", ""intensity"": ""high""}"
Ses01M_script03_1_M004,behaviour_only,neutral,none,"{""emotion"": ""neutral"", ""intensity"": ""none""}"
Ses01M_script03_1_M010,behaviour_only,neutral,none,"{""emotion"": ""neutral"", ""intensity"": ""none""}"
Ses01M_script03_1_M011,behaviour_only,sadness,low,"{""emotion"": ""sadness"", ""intensity"": ""low""}"
Ses01M_script03_1_M012,behaviour_only,neutral,none,"{""emotion"": ""neutral"", ""intensity"": ""none""}"
Ses01M_script03_1_M028,behaviour_only,sadness,high,"{""emotion"": ""sadness"", ""intensity"": ""high""}"
Ses01M_script03_1_M040,behaviour_only,sadness,low,"{""emotion"": ""sadness"", ""intensity"": ""moderate""}"
Ses01M_script03_2_F015,behaviour_only,sadness,low,"{""emotion"": ""sadness"", ""intensity"": ""low""}"
Ses01M_script03_2_F028,behaviour_only,happiness,high,"{""emotion"": ""happiness"", ""intensity"": ""high""}"
Ses01M_script03_2_F029,behaviour_only,sadness,high,"{""emotion"": ""sadness"", ""intensity"": ""high""}"
Ses01M_script03_2_F037,behaviour_only,anger,high,"{""emotion"": ""anger"", ""intensity"": ""high""}"
Ses01M_script03_2_F038,behaviour_only,happiness,high,"{""emotion"": ""happiness"", ""intensity"": ""high""}"
Ses01M_script03_2_M023,behaviour_only,neutral,none,"{""emotion"": ""neutral"", ""intensity"": ""none""}"
Ses01M_script03_2_M026,behaviour_only,anger,high,"{""emotion"": ""anger"", ""intensity"": ""high""}"
Ses01M_script03_2_M029,behaviour_only,anger,high,"{""emotion"": ""anger"", ""intensity"": ""high""}"
Ses01M_script03_2_M030,behaviour_only,anger,high,"{""emotion"": ""anger"", ""intensity"": ""high""}"
Ses01M_script03_2_M031,behaviour_only,anger,high,"{""emotion"": ""anger"", ""intensity"": ""high""}"
Ses01M_script03_2_M032,behaviour_only,neutral,none,"{""emotion"": ""neutral"", ""intensity"": ""none""}"
Ses01M_script03_2_M033,behaviour_only,anger,high,"{""emotion"": ""anger"", ""intensity"": ""high""}"
Ses01M_script03_2_M034,behaviour_only,neutral,none,"{""emotion"": ""neutral"", ""intensity"": ""none""}"
Ses01M_script03_2_M037,behaviour_only,sadness,high,"{""emotion"": ""sadness"", ""intensity"": ""high""}"
Ses01M_script03_2_M038,behaviour_only,anger,high,"{""emotion"": ""anger"", ""intensity"": ""high""}"
Ses01M_script03_2_M039,behaviour_only,anger,high,"{""emotion"": ""anger"", ""intensity"": ""high""}"
Ses01M_script03_2_M041,behaviour_only,neutral,none,"{""emotion"": ""neutral"", ""intensity"": ""none""}"
Ses01M_script03_2_M042,behaviour_only,anger,high,"{""emotion"": ""anger"", ""intensity"": ""high""}"
Ses02F_impro01_F018,behaviour_only,happiness,high,"{""emotion"": ""happiness"", ""intensity"": ""high""}"
Ses02F_impro01_F019,behaviour_only,anger,low,"{""emotion"": ""anger"", ""intensity"": ""low""}"
Ses02F_impro01_F021,behaviour_only,happiness,high,"{""emotion"": ""happiness"", ""intensity"": ""high""}"
Ses02F_impro01_M000,behaviour_only,sadness,high,"{""emotion"": ""sadness"", ""intensity"": ""high""}"
Ses02F_impro01_M002,behaviour_only,sadness,low,"{""emotion"": ""sadness"", ""intensity"": ""low""}"
Ses02F_impro02_F000,behaviour_only,sadness,high,"{""emotion"": ""sadness"", ""intensity"": ""high""}"
Ses02F_impro02_F004,behaviour_only,neutral,none,"{""emotion"": ""neutral"", ""intensity"": ""none""}"
Ses02F_impro02_F007,behaviour_only,sadness,high,"{""emotion"": ""sadness"", ""intensity"": ""high""}"
Ses02F_impro02_F013,behaviour_only,sadness,high,"{""emotion"": ""sadness"", ""intensity"": ""high""}"
Ses02F_impro03_F001,behaviour_only,happiness,high,"{""emotion"": ""happiness"", ""intensity"": ""high""}"
Ses02F_impro03_F004,behaviour_only,sadness,high,"{""emotion"": ""sadness"", ""intensity"": ""high""}"
Ses02F_impro03_F014,behaviour_only,happiness,high,"{""emotion"": ""happiness"", ""intensity"": ""high""}"
Ses02F_impro03_F016,behaviour_only,anger,high,"{""emotion"": ""anger"", ""intensity"": ""high""}"
Ses02F_impro03_F019,behaviour_only,neutral,none,"{""emotion"": ""neutral"", ""intensity"": ""none""}"
Ses02F_impro03_F023,behaviour_only,anger,high,"{""emotion"": ""anger"", ""intensity"": ""high""}"
Ses02F_impro03_F024,behaviour_only,neutral,none,"{""emotion"": ""neutral"", ""intensity"": ""none""}"
Ses02F_impro03_F026,behaviour_only,neutral,none,"{""emotion"": ""neutral"", ""intensity"": ""none""}"
Ses02F_impro03_M019,behaviour_only,happiness,high,"{""emotion"": ""happiness"", ""intensity"": ""high""}"
Ses02F_impro03_M024,behaviour_only,anger,high,"{""emotion"": ""anger"", ""intensity"": ""high""}"
Ses02F_impro04_F009,behaviour_only,neutral,none,"{""emotion"": ""neutral"", ""intensity"": ""none""}"
Ses02F_impro04_M011,behaviour_only,sadness,low,"{""emotion"": ""sadness"", ""intensity"": ""low""}"
Ses02F_impro04_M012,behaviour_only,neutral,none,"{""emotion"": ""neutral"", ""intensity"": ""none""}"
Ses02F_impro05_F004,behaviour_only,neutral,none,"{""emotion"": ""neutral"", ""intensity"": ""none""}"
Ses02F_impro05_F010,behaviour_only,anger,high,"{""emotion"": ""anger"", ""intensity"": ""high""}"
Ses02F_impro05_M002,behaviour_only,neutral,none,"{""emotion"": ""neutral"", ""intensity"": ""none""}"
Ses02F_impro05_M003,behaviour_only,sadness,low,"{""emotion"": ""sadness"", ""intensity"": ""low""}"
Ses02F_impro05_M011,behaviour_only,neutral,none,"{""emotion"": ""neutral"", ""intensity"": ""none""}"
Ses02F_impro05_M015,behaviour_only,sadness,low,"{""emotion"": ""sadness"", ""intensity"": ""low""}"
Ses02F_impro05_M017,behaviour_only,happiness,high,"{""emotion"": ""happiness"", ""intensity"": ""high""}"
Ses02F_impro06_F000,behaviour_only,sadness,low,"{""emotion"": ""sadness"", ""intensity"": ""low""}"
Ses02F_impro06_F001,behaviour_only,neutral,none,"{""emotion"": ""neutral"", ""intensity"": ""none""}"
Ses02F_impro06_F006,behaviour_only,neutral,none,"{""emotion"": ""neutral"", ""intensity"": ""none""}"
Ses02F_impro06_F007,behaviour_only,sadness,high,"{""emotion"": ""sadness"", ""intensity"": ""high""}"
Ses02F_impro06_F010,behaviour_only,neutral,none,"{""emotion"": ""neutral"", ""intensity"": ""none""}"
Ses02F_impro06_M005,behaviour_only,sadness,low,"{""emotion"": ""sadness"", ""intensity"": ""low""}"
Ses02F_impro06_M013,behaviour_only,sadness,low,"{""emotion"": ""sadness"", ""intensity"": ""low""}"
Ses02F_impro07_F004,behaviour_only,anger,high,"{""emotion"": ""anger"", ""intensity"": ""high""}"
Ses02F_impro07_F016,behaviour_only,neutral,none,"{""emotion"": ""neutral"", ""intensity"": ""none""}"
Ses02F_impro07_F017,behaviour_only,neutral,none,"{""emotion"": ""neutral"", ""intensity"": ""none""}"
Ses02F_impro07_F018,behaviour_only,anger,high,"{""emotion"": ""anger"", ""intensity"": ""high""}"
Ses02F_impro07_F029,behaviour_only,anger,high,"{""emotion"": ""anger"", ""intensity"": ""high""}"
Ses02F_impro07_F031,behaviour_only,neutral,none,"{""emotion"": ""neutral"", ""intensity"": ""none""}"
Ses02F_impro07_F032,behaviour_only,anger,high,"{""emotion"": ""anger"", ""intensity"": ""high""}"
Ses02F_impro07_F037,behaviour_only,sadness,low,"{""emotion"": ""sadness"", ""intensity"": ""low""}"
Ses02F_impro07_M002,behaviour_only,anger,high,"{""emotion"": ""anger"", ""intensity"": ""high""}"
Ses02F_impro07_M004,behaviour_only,sadness,high,"{""emotion"": ""sadness"", ""intensity"": ""high""}"
Ses02F_impro07_M007,behaviour_only,sadness,high,"{""emotion"": ""sadness"", ""intensity"": ""high""}"
Ses02F_impro07_M017,behaviour_only,neutral,none,"{""emotion"": ""neutral"", ""intensity"": ""none""}"
Ses02F_impro07_M018,behaviour_only,neutral,none,"{""emotion"": ""neutral"", ""intensity"": ""none""}"
Ses02F_impro07_M023,behaviour_only,sadness,low,"{""emotion"": ""sadness"", ""intensity"": ""moderate""}"
Ses02F_impro07_M027,behaviour_only,sadness,high,"{""emotion"": ""sadness"", ""intensity"": ""high""}"
Ses02F_impro07_M034,behaviour_only,neutral,none,"{""emotion"": ""neutral"", ""intensity"": ""none""}"
Ses02F_impro08_F001,behaviour_only,anger,high,"{""emotion"": ""anger"", ""intensity"": ""high""}"
Ses02F_impro08_F005,behaviour_only,neutral,none,"{""emotion"": ""neutral"", ""intensity"": ""none""}"
Ses02F_impro08_F006,behaviour_only,neutral,none,"{""emotion"": ""neutral"", ""intensity"": ""none""}"
Ses02F_impro08_F009,behaviour_only,neutral,none,"{""emotion"": ""neutral"", ""intensity"": ""none""}"
Ses02F_impro08_F010,behaviour_only,neutral,none,"{""emotion"": ""neutral"", ""intensity"": ""none""}"
Ses02F_impro08_F014,behaviour_only,sadness,low,"{""emotion"": ""sadness"", ""intensity"": ""low""}"
Ses02F_impro08_F020,behaviour_only,anger,high,"{""emotion"": ""anger"", ""intensity"": ""high""}"
Ses02F_impro08_M013,behaviour_only,sadness,high,"{""emotion"": ""sadness"", ""intensity"": ""high""}"
Ses02F_impro08_M015,behaviour_only,anger,high,"{""emotion"": ""anger"", ""intensity"": ""high""}"
Ses02F_impro08_M016,behaviour_only,neutral,none,"{""emotion"": ""neutral"", ""intensity"": ""none""}"
Ses02F_impro08_M019,behaviour_only,sadness,high,"{""emotion"": ""sadness"", ""intensity"": ""high""}"
Ses02F_script01_1_F005,behaviour_only,sadness,low,"{""emotion"": ""sadness"", ""intensity"": ""low""}"
Ses02F_script01_1_F019,behaviour_only,anger,high,"{""emotion"": ""anger"", ""intensity"": ""high""}"
Ses02F_script01_1_F036,behaviour_only,neutral,none,"{""emotion"": ""neutral"", ""intensity"": ""none""}"
Ses02F_script01_1_F037,behaviour_only,neutral,none,"{""emotion"": ""neutral"", ""intensity"": ""none""}"
Ses02F_script01_1_M011,behaviour_only,neutral,none,"{""emotion"": ""neutral"", ""intensity"": ""none""}"
Ses02F_script01_1_M023,behaviour_only,neutral,none,"{""emotion"": ""neutral"", ""intensity"": ""none""}"
Ses02F_script01_1_M036,behaviour_only,anger,high,"{""emotion"": ""anger"", ""intensity"": ""high""}"
Ses02F_script01_1_M038,behaviour_only,anger,high,"{""emotion"": ""anger"", ""intensity"": ""high""}"
Ses02F_script01_1_M040,behaviour_only,anger,high,"{""emotion"": ""anger"", ""intensity"": ""high""}"
Ses02F_script01_2_F005,behaviour_only,neutral,none,"{""emotion"": ""neutral"", ""intensity"": ""none""}"
Ses02F_script01_2_F012,behaviour_only,neutral,none,"{""emotion"": ""neutral"", ""intensity"": ""none""}"
Ses02F_script01_2_F013,behaviour_only,anger,high,"{""emotion"": ""anger"", ""intensity"": ""high""}"
Ses02F_script01_2_M008,behaviour_only,anger,high,"{""emotion"": ""anger"", ""intensity"": ""high""}"
Ses02F_script01_2_M016,behaviour_only,anger,high,"{""emotion"": ""anger"", ""intensity"": ""high""}"
Ses02F_script01_2_M018,behaviour_only,anger,high,"{""emotion"": ""anger"", ""intensity"": ""high""}"
Ses02F_script01_3_F020,behaviour_only,sadness,high,"{""emotion"": ""sadness"", ""intensity"": ""high""}"
Ses02F_script01_3_F021,behaviour_only,neutral,none,"{""emotion"": ""neutral"", ""intensity"": ""none""}"
Ses02F_script01_3_F026,behaviour_only,neutral,none,"{""emotion"": ""neutral"", ""intensity"": ""none""}"
Ses02F_script01_3_F029,behaviour_only,neutral,none,"{""emotion"": ""neutral"", ""intensity"": ""none""}"
Ses02F_script01_3_M020,behaviour_only,sadness,high,"{""emotion"": ""sadness"", ""intensity"": ""high""}"
Ses02F_script01_3_M021,behaviour_only,sadness,low,"{""emotion"": ""sadness"", ""intensity"": ""low""}"
Ses02F_script01_3_M022,behaviour_only,anger,high,"{""emotion"": ""anger"", ""intensity"": ""high""}"
Ses02F_script01_3_M024,behaviour_only,sadness,high,"{""emotion"": ""sadness"", ""intensity"": ""high""}"
Ses02F_script01_3_M029,behaviour_only,sadness,high,"{""emotion"": ""sadness"", ""intensity"": ""high""}"
Ses02F_script01_3_M030,behaviour_only,sadness,high,"{""emotion"": ""sadness"", ""intensity"": ""high""}"
Ses02F_script02_1_F019,behaviour_only,anger,high,"{""emotion"": ""anger"", ""intensity"": ""high""}"
Ses02F_script02_1_M003,behaviour_only,anger,high,"{""emotion"": ""anger"", ""intensity"": ""high""}"
Ses02F_script02_1_M006,behaviour_only,sadness,low,"{""emotion"": ""sadness"", ""intensity"": ""low""}"
Ses02F_script02_1_M013,behaviour_only,neutral,none,"{""emotion"": ""neutral"", ""intensity"": ""none""}"
Ses02F_script02_1_M014,behaviour_only,neutral,none,"{""emotion"": ""neutral"", ""intensity"": ""none""}"
Ses02F_script02_1_M017,behaviour_only,anger,high,"{""emotion"": ""anger"", ""intensity"": ""high""}"
Ses02F_script02_1_M025,behaviour_only,neutral,none,"{""emotion"": ""neutral"", ""intensity"": ""none""}"
Ses02F_script02_1_M031,behaviour_only,anger,low,"{""emotion"": ""anger"", ""intensity"": ""low""}"
Ses02F_script02_1_M036,behaviour_only,neutral,none,"{""emotion"": ""neutral"", ""intensity"": ""none""}"
Ses02F_script02_2_F005,behaviour_only,happiness,high,"{""emotion"": ""happiness"", ""intensity"": ""high""}"
Ses02F_script02_2_F006,behaviour_only,anger,high,"{""emotion"": ""anger"", ""intensity"": ""high""}"
Ses02F_script02_2_F019,behaviour_only,neutral,none,"{""emotion"": ""neutral"", ""intensity"": ""none""}"
Ses02F_script02_2_F021,behaviour_only,sadness,high,"{""emotion"": ""sadness"", ""intensity"": ""high""}"
Ses02F_script02_2_F024,behaviour_only,neutral,none,"{""emotion"": ""neutral"", ""intensity"": ""none""}"
Ses02F_script02_2_F031,behaviour_only,happiness,high,"{""emotion"": ""happiness"", ""intensity"": ""high""}"
Ses02F_script02_2_F034,behaviour_only,sadness,low,"{""emotion"": ""sadness"", ""intensity"": ""low""}"
Ses02F_script02_2_F035,behaviour_only,neutral,none,"{""emotion"": ""neutral"", ""intensity"": ""none""}"
Ses02F_script02_2_F038,behaviour_only,neutral,none,"{""emotion"": ""neutral"", ""intensity"": ""none""}"
Ses02F_script02_2_F041,behaviour_only,neutral,none,"{""emotion"": ""neutral"", ""intensity"": ""none""}"
Ses02F_script02_2_F044,behaviour_only,neutral,none,"{""emotion"": ""neutral"", ""intensity"": ""none""}"
Ses02F_script02_2_M002,behaviour_only,sadness,high,"{""emotion"": ""sadness"", ""intensity"": ""high""}"
Ses02F_script02_2_M013,behaviour_only,sadness,high,"{""emotion"": ""sadness"", ""intensity"": ""high""}"
Ses02F_script02_2_M029,behaviour_only,sadness,low,"{""emotion"": ""sadness"", ""intensity"": ""moderate""}"
Ses02F_script02_2_M035,behaviour_only,sadness,low,"{""emotion"": ""sadness"", ""intensity"": ""low""}"
Ses02F_script02_2_M038,behaviour_only,sadness,high,"{""emotion"": ""sadness"", ""intensity"": ""high""}"
Ses02F_script03_1_F005,behaviour_only,happiness,high,"{""emotion"": ""happiness"", ""intensity"": ""high""}"
Ses02F_script03_1_F012,behaviour_only,neutral,none,"{""emotion"": ""neutral"", ""intensity"": ""none""}"
Ses02F_script03_1_F021,behaviour_only,neutral,none,"{""emotion"": ""neutral"", ""intensity"": ""none""}"
Ses02F_script03_1_F025,behaviour_only,sadness,low,"{""emotion"": ""sadness"", ""intensity"": ""low""}"
Ses02F_script03_1_F028,behaviour_only,neutral,none,"{""emotion"": ""neutral"", ""intensity"": ""none""}"
Ses02F_script03_1_F029,behaviour_only,sadness,high,"{""emotion"": ""sadness"", ""intensity"": ""high""}"
Ses02F_script03_1_M001,behaviour_only,neutral,none,"{""emotion"": ""neutral"", ""intensity"": ""none""}"
Ses02F_script03_1_M007,behaviour_only,sadness,high,"{""emotion"": ""sadness"", ""intensity"": ""high""}"
Ses02F_script03_1_M009,behaviour_only,sadness,low,"{""emotion"": ""sadness"", ""intensity"": ""low""}"
Ses02F_script03_1_M018,behaviour_only,sadness,low,"{""emotion"": ""sadness"", ""intensity"": ""low""}"
Ses02F_script03_1_M022,behaviour_only,neutral,none,"{""emotion"": ""neutral"", ""intensity"": ""none""}"
Ses02F_script03_1_M025,behaviour_only,sadness,high,"{""emotion"": ""sadness"", ""intensity"": ""high""}"
Ses02F_script03_2_F011,behaviour_only,anger,high,"{""emotion"": ""anger"", ""intensity"": ""high""}"
Ses02F_script03_2_F013,behaviour_only,neutral,none,"{""emotion"": ""neutral"", ""intensity"": ""none""}"
Ses02F_script03_2_F014,behaviour_only,anger,high,"{""emotion"": ""anger"", ""intensity"": ""high""}"
Ses02F_script03_2_F020,behaviour_only,neutral,none,"{""emotion"": ""neutral"", ""intensity"": ""none""}"
Ses02F_script03_2_F029,behaviour_only,sadness,high,"{""emotion"": ""sadness"", ""intensity"": ""high""}"
Ses02F_script03_2_F034,behaviour_only,neutral,none,"{""emotion"": ""neutral"", ""intensity"": ""none""}"
Ses02F_script03_2_F035,behaviour_only,sadness,low,"{""emotion"": ""sadness"", ""intensity"": ""low""}"
Ses02F_script03_2_F036,behaviour_only,neutral,none,"{""emotion"": ""neutral"", ""intensity"": ""none""}"
Ses02F_script03_2_F038,behaviour_only,neutral,none,"{""emotion"": ""neutral"", ""intensity"": ""none""}"
Ses02F_script03_2_F042,behaviour_only,happiness,high,"{""emotion"": ""happiness"", ""intensity"": ""high""}"
Ses02F_script03_2_F043,behaviour_only,happiness,high,"{""emotion"": ""happiness"", ""intensity"": ""high""}"
Ses02F_script03_2_M006,behaviour_only,anger,high,"{""emotion"": ""anger"", ""intensity"": ""high""}"
Ses02F_script03_2_M007,behaviour_only,anger,high,"{""emotion"": ""anger"", ""intensity"": ""high""}"
Ses02F_script03_2_M009,behaviour_only,neutral,none,"{""emotion"": ""neutral"", ""intensity"": ""none""}"
Ses02F_script03_2_M013,behaviour_only,anger,high,"{""emotion"": ""anger"", ""intensity"": ""high""}"
Ses02F_script03_2_M027,behaviour_only,anger,high,"{""emotion"": ""anger"", ""intensity"": ""high""}"
Ses02F_script03_2_M030,behaviour_only,neutral,none,"{""emotion"": ""neutral"", ""intensity"": ""none""}"
Ses02F_script03_2_M036,behaviour_only,neutral,none,"{""emotion"": ""neutral"", ""intensity"": ""none""}"
Ses02F_script03_2_M039,behaviour_only,sadness,high,"{""emotion"": ""sadness"", ""intensity"": ""high""}"
Ses02F_script03_2_M043,behaviour_only,anger,high,"{""emotion"": ""anger"", ""intensity"": ""high""}"
Ses02F_script03_2_M044,behaviour_only,anger,high,"{""emotion"": ""anger"", ""intensity"": ""high""}"
Ses02F_script03_2_M046,behaviour_only,anger,high,"{""emotion"": ""anger"", ""intensity"": ""high""}"
Ses02M_impro01_F001,behaviour_only,neutral,none,"{""emotion"": ""neutral"", ""intensity"": ""none""}"
Ses02M_impro01_F005,behaviour_only,sadness,low,"{""emotion"": ""sadness"", ""intensity"": ""moderate""}"
Ses02M_impro01_F016,behaviour_only,neutral,none,"{""emotion"": ""neutral"", ""intensity"": ""none""}"
Ses02M_impro01_M002,behaviour_only,neutral,none,"{""emotion"": ""neutral"", ""intensity"": ""none""}"
Ses02M_impro01_M003,behaviour_only,anger,high,"{""emotion"": ""anger"", ""intensity"": ""high""}"
Ses02M_impro01_M008,behaviour_only,sadness,high,"{""emotion"": ""sadness"", ""intensity"": ""high""}"
Ses02M_impro01_M009,behaviour_only,anger,high,"{""emotion"": ""anger"", ""intensity"": ""high""}"
Ses02M_impro01_M010,behaviour_only,anger,high,"{""emotion"": ""anger"", ""intensity"": ""high""}"
Ses02M_impro02_F000,behaviour_only,anger,low,"{""emotion"": ""anger"", ""intensity"": ""low""}"
Ses02M_impro02_F001,behaviour_only,sadness,high,"{""emotion"": ""sadness"", ""intensity"": ""high""}"
Ses02M_impro02_F009,behaviour_only,neutral,none,"{""emotion"": ""neutral"", ""intensity"": ""none""}"
Ses02M_impro02_M000,behaviour_only,sadness,high,"{""emotion"": ""sadness"", ""intensity"": ""high""}"
Ses02M_impro02_M002,behaviour_only,sadness,high,"{""emotion"": ""sadness"", ""intensity"": ""high""}"
Ses02M_impro02_M009,behaviour_only,neutral,none,"{""emotion"": ""neutral"", ""intensity"": ""none""}"
Ses02M_impro03_F003,behaviour_only,anger,high,"{""emotion"": ""anger"", ""intensity"": ""high""}"
Ses02M_impro03_F016,behaviour_only,anger,high,"{""emotion"": ""anger"", ""intensity"": ""high""}"
Ses02M_impro03_F017,behaviour_only,neutral,none,"{""emotion"": ""neutral"", ""intensity"": ""none""}"
Ses02M_impro03_F018,behaviour_only,neutral,none,"{""emotion"": ""neutral"", ""intensity"": ""none""}"
Ses02M_impro03_M000,behaviour_only,anger,high,"{""emotion"": ""anger"", ""intensity"": ""high""}"
Ses02M_impro03_M005,behaviour_only,happiness,low,"{""emotion"": ""happiness"", ""intensity"": ""low""}"
Ses02M_impro03_M015,behaviour_only,happiness,high,"{""emotion"": ""happiness"", ""intensity"": ""high""}"
Ses02M_impro03_M026,behaviour_only,neutral,none,"{""emotion"": ""neutral"", ""intensity"": ""none""}"
Ses02M_impro03_M028,behaviour_only,neutral,none,"{""emotion"": ""neutral"", ""intensity"": ""none""}"
Ses02M_impro03_M030,behaviour_only,happiness,low,"{""emotion"": ""happiness"", ""intensity"": ""low""}"
Ses02M_impro04_F004,behaviour_only,neutral,none,"{""emotion"": ""neutral"", ""intensity"": ""none""}"
Ses02M_impro04_F009,behaviour_only,,,
Ses02M_impro04_F012,behaviour_only,sadness,high,"{""emotion"": ""sadness"", ""intensity"": ""high""}"
Ses02M_impro04_M014,behaviour_only,anger,high,"{""emotion"": ""anger"", ""intensity"": ""high""}"
Ses02M_impro04_M019,behaviour_only,happiness,low,"{""emotion"": ""happiness"", ""intensity"": ""low""}"
Ses02M_impro05_F001,behaviour_only,anger,high,"{""emotion"": ""anger"", ""intensity"": ""high""}"
Ses02M_impro05_F002,behaviour_only,sadness,high,"{""emotion"": ""sadness"", ""intensity"": ""high""}"
Ses02M_impro05_F006,behaviour_only,neutral,none,"{""emotion"": ""neutral"", ""intensity"": ""none""}"
Ses02M_impro05_F010,behaviour_only,sadness,low,"{""emotion"": ""sadness"", ""intensity"": ""low""}"
Ses02M_impro05_F012,behaviour_only,sadness,high,"{""emotion"": ""sadness"", ""intensity"": ""high""}"
Ses02M_impro05_F015,behaviour_only,neutral,none,"{""emotion"": ""neutral"", ""intensity"": ""none""}"
Ses02M_impro05_F016,behaviour_only,sadness,low,"{""emotion"": ""sadness"", ""intensity"": ""low""}"
Ses02M_impro05_F018,behaviour_only,sadness,high,"{""emotion"": ""sadness"", ""intensity"": ""high""}"
Ses02M_impro05_F023,behaviour_only,sadness,low,"{""emotion"": ""sadness"", ""intensity"": ""low""}"
Ses02M_impro05_F026,behaviour_only,neutral,none,"{""emotion"": ""neutral"", ""intensity"": ""none""}"
Ses02M_impro05_M016,behaviour_only,,,
Ses02M_impro05_M018,behaviour_only,anger,high,"{""emotion"": ""anger"", ""intensity"": ""high""}"
Ses02M_impro05_M026,behaviour_only,,,
Ses02M_impro06_F003,behaviour_only,sadness,low,"{""emotion"": ""sadness"", ""intensity"": ""low""}"
Ses02M_impro06_F013,behaviour_only,neutral,none,"{""emotion"": ""neutral"", ""intensity"": ""none""}"
Ses02M_impro06_F015,behaviour_only,sadness,high,"{""emotion"": ""sadness"", ""intensity"": ""high""}"
Ses02M_impro06_F018,behaviour_only,sadness,low,"{""emotion"": ""sadness"", ""intensity"": ""low""}"
Ses02M_impro06_M000,behaviour_only,,,
Ses02M_impro06_M002,behaviour_only,,,
Ses02M_impro06_M004,behaviour_only,,,
Ses02M_impro06_M007,behaviour_only,sadness,high,"{""emotion"": ""sadness"", ""intensity"": ""high""}"
Ses02M_impro06_M008,behaviour_only,anger,high,"{""emotion"": ""anger"", ""intensity"": ""high""}"
Ses02M_impro06_M010,behaviour_only,,,
Ses02M_impro06_M012,behaviour_only,sadness,high,"{""emotion"": ""sadness"", ""intensity"": ""high""}"
Ses02M_impro06_M013,behaviour_only,,,
Ses02M_impro06_M017,behaviour_only,,,
Ses02M_impro06_M018,behaviour_only,sadness,high,"{""emotion"": ""sadness"", ""intensity"": ""high""}"
Ses02M_impro06_M019,behaviour_only,neutral,none,"{""emotion"": ""neutral"", ""intensity"": ""none""}"
Ses02M_impro06_M021,behaviour_only,sadness,high,"{""emotion"": ""sadness"", ""intensity"": ""high""}"
Ses02M_impro06_M023,behaviour_only,sadness,high,"{""emotion"": ""sadness"", ""intensity"": ""high""}"
Ses02M_impro07_F000,behaviour_only,,,
Ses02M_impro07_F001,behaviour_only,neutral,none,"{""emotion"": ""neutral"", ""intensity"": ""none""}"
Ses02M_impro07_F006,behaviour_only,anger,high,"{""emotion"": ""anger"", ""intensity"": ""high""}"
Ses02M_impro07_F013,behaviour_only,anger,high,"{""emotion"": ""anger"", ""intensity"": ""high""}"
Ses02M_impro07_F018,behaviour_only,,,
Ses02M_impro07_F025,behaviour_only,neutral,none,"{""emotion"": ""neutral"", ""intensity"": ""none""}"
Ses02M_impro07_M010,behaviour_only,anger,high,"{""emotion"": ""anger"", ""intensity"": ""high""}"
Ses02M_impro07_M014,behaviour_only,anger,high,"{""emotion"": ""anger"", ""intensity"": ""high""}"
Ses02M_impro07_M015,behaviour_only,,,
Ses02M_impro07_M026,behaviour_only,anger,high,"{""emotion"": ""anger"", ""intensity"": ""high""}"
Ses02M_impro07_M030,behaviour_only,,,
Ses02M_impro08_F000,behaviour_only,anger,high,"{""emotion"": ""anger"", ""intensity"": ""high""}"
Ses02M_impro08_F008,behaviour_only,,,
Ses02M_impro08_F019,behaviour_only,neutral,none,"{""emotion"": ""neutral"", ""intensity"": ""none""}"
Ses02M_impro08_F024,behaviour_only,neutral,none,"{""emotion"": ""neutral"", ""intensity"": ""none""}"
Ses02M_impro08_F025,behaviour_only,sadness,low,"{""emotion"": ""sadness"", ""intensity"": ""low""}"
Ses02M_impro08_F027,behaviour_only,neutral,none,"{""emotion"": ""neutral"", ""intensity"": ""none""}"
Ses02M_impro08_F030,behaviour_only,neutral,none,"{""emotion"": ""neutral"", ""intensity"": ""none""}"
Ses02M_impro08_M004,behaviour_only,anger,high,"{""emotion"": ""anger"", ""intensity"": ""high""}"
Ses02M_impro08_M008,behaviour_only,anger,high,"{""emotion"": ""anger"", ""intensity"": ""high""}"
Ses02M_impro08_M011,behaviour_only,anger,high,"{""emotion"": ""anger"", ""intensity"": ""high""}"
Ses02M_impro08_M018,behaviour_only,sadness,high,"{""emotion"": ""sadness"", ""intensity"": ""high""}"
Ses02M_impro08_M023,behaviour_only,anger,high,"{""emotion"": ""anger"", ""intensity"": ""high""}"
Ses02M_impro08_M029,behaviour_only,anger,high,"{""emotion"": ""anger"", ""intensity"": ""high""}"
Ses02M_script01_1_F018,behaviour_only,anger,high,"{""emotion"": ""anger"", ""intensity"": ""high""}"
Ses02M_script01_1_F023,behaviour_only,neutral,none,"{""emotion"": ""neutral"", ""intensity"": ""none""}"
Ses02M_script01_1_F026,behaviour_only,neutral,none,"{""emotion"": ""neutral"", ""intensity"": ""none""}"
Ses02M_script01_1_F027,behaviour_only,neutral,none,"{""emotion"": ""neutral"", ""intensity"": ""none""}"
Ses02M_script01_1_F033,behaviour_only,anger,high,"{""emotion"": ""anger"", ""intensity"": ""high""}"
Ses02M_script01_1_F036,behaviour_only,neutral,none,"{""emotion"": ""neutral"", ""intensity"": ""none""}"
Ses02M_script01_1_M012,behaviour_only,anger,high,"{""emotion"": ""anger"", ""intensity"": ""high""}"
Ses02M_script01_1_M021,behaviour_only,,,
Ses02M_script01_1_M024,behaviour_only,,,
Ses02M_script01_1_M025,behaviour_only,anger,high,"{""emotion"": ""anger"", ""intensity"": ""high""}"
Ses02M_script01_1_M028,behaviour_only,neutral,none,"{""emotion"": ""neutral"", ""intensity"": ""none""}"
Ses02M_script01_1_M035,behaviour_only,,,
Ses02M_script01_1_M037,behaviour_only,,,
Ses02M_script01_1_M038,behaviour_only,sadness,high,"{""emotion"": ""sadness"", ""intensity"": ""high""}"
Ses02M_script01_2_F002,behaviour_only,,,
Ses02M_script01_2_F005,behaviour_only,neutral,none,"{""emotion"": ""neutral"", ""intensity"": ""none""}"
Ses02M_script01_2_M001,behaviour_only,,,
Ses02M_script01_2_M017,behaviour_only,,,
Ses02M_script01_3_F008,behaviour_only,sadness,high,"{""emotion"": ""sadness"", ""intensity"": ""high""}"
Ses02M_script01_3_F021,behaviour_only,sadness,low,"{""emotion"": ""sadness"", ""intensity"": ""low""}"
Ses02M_script01_3_F025,behaviour_only,neutral,none,"{""emotion"": ""neutral"", ""intensity"": ""none""}"
Ses02M_script01_3_M000,behaviour_only,neutral,none,"{""emotion"": ""neutral"", ""intensity"": ""none""}"
Ses02M_script01_3_M021,behaviour_only,sadness,high,"{""emotion"": ""sadness"", ""intensity"": ""high""}"
Ses02M_script01_3_M025,behaviour_only,sadness,high,"{""emotion"": ""sadness"", ""intensity"": ""high""}"
Ses02M_script01_3_M026,behaviour_only,sadness,high,"{""emotion"": ""sadness"", ""intensity"": ""high""}"
Ses02M_script01_3_M028,behaviour_only,sadness,high,"{""emotion"": ""sadness"", ""intensity"": ""high""}"
Ses02M_script01_3_M031,behaviour_only,anger,high,"{""emotion"": ""anger"", ""intensity"": ""high""}"
Ses02M_script01_3_M032,behaviour_only,sadness,high,"{""emotion"": ""sadness"", ""intensity"": ""high""}"
Ses02M_script01_3_M033,behaviour_only,sadness,high,"{""emotion"": ""sadness"", ""intensity"": ""high""}"
Ses02M_script01_3_M034,behaviour_only,anger,high,"{""emotion"": ""anger"", ""intensity"": ""high""}"
Ses02M_script02_1_F001,behaviour_only,sadness,low,"{""emotion"": ""sadness"", ""intensity"": ""low""}"
Ses02M_script02_1_F011,behaviour_only,sadness,low,"{""emotion"": ""sadness"", ""intensity"": ""low""}"
Ses02M_script02_1_F017,behaviour_only,sadness,low,"{""emotion"": ""sadness"", ""intensity"": ""low""}"
Ses02M_script02_1_F018,behaviour_only,neutral,none,"{""emotion"": ""neutral"", ""intensity"": ""none""}"
Ses02M_script02_1_F020,behaviour_only,neutral,none,"{""emotion"": ""neutral"", ""intensity"": ""none""}"
Ses02M_script02_1_M004,behaviour_only,sadness,high,"{""emotion"": ""sadness"", ""intensity"": ""high""}"
Ses02M_script02_1_M006,behaviour_only,anger,high,"{""emotion"": ""anger"", ""intensity"": ""high""}"
Ses02M_script02_1_M023,behaviour_only,anger,low,"{""emotion"": ""anger"", ""intensity"": ""low""}"
Ses02M_script02_1_M028,behaviour_only,anger,high,"{""emotion"": ""anger"", ""intensity"": ""high""}"
Ses02M_script02_1_M036,behaviour_only,anger,high,"{""emotion"": ""anger"", ""intensity"": ""high""}"
Ses02M_script02_1_M038,behaviour_only,sadness,high,"{""emotion"": ""sadness"", ""intensity"": ""high""}"
Ses02M_script02_2_F005,behaviour_only,anger,high,"{""emotion"": ""anger"", ""intensity"": ""high""}"
Ses02M_script02_2_F013,behaviour_only,anger,high,"{""emotion"": ""anger"", ""intensity"": ""high""}"
Ses02M_script02_2_F016,behaviour_only,neutral,none,"{""emotion"": ""neutral"", ""intensity"": ""none""}"
Ses02M_script02_2_F018,behaviour_only,neutral,none,"{""emotion"": ""neutral"", ""intensity"": ""none""}"
Ses02M_script02_2_F021,behaviour_only,sadness,high,"{""emotion"": ""sadness"", ""intensity"": ""high""}"
Ses02M_script02_2_F022,behaviour_only,sadness,high,"{""emotion"": ""sadness"", ""intensity"": ""high""}"
Ses02M_script02_2_F031,behaviour_only,neutral,none,"{""emotion"": ""neutral"", ""intensity"": ""none""}"
Ses02M_script02_2_F034,behaviour_only,sadness,high,"{""emotion"": ""sadness"", ""intensity"": ""high""}"
Ses02M_script02_2_F042,behaviour_only,sadness,high,"{""emotion"": ""sadness"", ""intensity"": ""high""}"
Ses02M_script02_2_F044,behaviour_only,sadness,high,"{""emotion"": ""sadness"", ""intensity"": ""high""}"
Ses02M_script02_2_F045,behaviour_only,sadness,high,"{""emotion"": ""sadness"", ""intensity"": ""high""}"
Ses02M_script02_2_M020,behaviour_only,neutral,none,"{""emotion"": ""neutral"", ""intensity"": ""none""}"
Ses02M_script02_2_M023,behaviour_only,neutral,none,"{""emotion"": ""neutral"", ""intensity"": ""none""}"
Ses02M_script02_2_M029,behaviour_only,anger,high,"{""emotion"": ""anger"", ""intensity"": ""high""}"
Ses02M_script02_2_M035,behaviour_only,neutral,none,"{""emotion"": ""neutral"", ""intensity"": ""none""}"
Ses02M_script02_2_M037,behaviour_only,sadness,high,"{""emotion"": ""sadness"", ""intensity"": ""high""}"
Ses02M_script02_2_M038,behaviour_only,happiness,low,"{""emotion"": ""happiness"", ""intensity"": ""low""}"
Ses02M_script02_2_M042,behaviour_only,sadness,high,"{""emotion"": ""sadness"", ""intensity"": ""high""}"
Ses02M_script03_1_F015,behaviour_only,neutral,none,"{""emotion"": ""neutral"", ""intensity"": ""none""}"
Ses02M_script03_1_F021,behaviour_only,sadness,high,"{""emotion"": ""sadness"", ""intensity"": ""high""}"
Ses02M_script03_1_F024,behaviour_only,sadness,high,"{""emotion"": ""sadness"", ""intensity"": ""high""}"
Ses02M_script03_1_M007,behaviour_only,anger,high,"{""emotion"": ""anger"", ""intensity"": ""high""}"
Ses02M_script03_1_M009,behaviour_only,anger,high,"{""emotion"": ""anger"", ""intensity"": ""high""}"
Ses02M_script03_1_M015,behaviour_only,sadness,low,"{""emotion"": ""sadness"", ""intensity"": ""low""}"
Ses02M_script03_1_M016,behaviour_only,neutral,none,"{""emotion"": ""neutral"", ""intensity"": ""none""}"
Ses02M_script03_1_M021,behaviour_only,neutral,none,"{""emotion"": ""neutral"", ""intensity"": ""none""}"
Ses02M_script03_1_M022,behaviour_only,anger,high,"{""emotion"": ""anger"", ""intensity"": ""high""}"
Ses02M_script03_2_F006,behaviour_only,anger,high,"{""emotion"": ""anger"", ""intensity"": ""high""}"
Ses02M_script03_2_F009,behaviour_only,sadness,low,"{""emotion"": ""sadness"", ""intensity"": ""low""}"
Ses02M_script03_2_F014,behaviour_only,sadness,low,"{""emotion"": ""sadness"", ""intensity"": ""low""}"
Ses02M_script03_2_F019,behaviour_only,sadness,high,"{""emotion"": ""sadness"", ""intensity"": ""high""}"
Ses02M_script03_2_F023,behaviour_only,sadness,low,"{""emotion"": ""sadness"", ""intensity"": ""moderate""}"
Ses02M_script03_2_F024,behaviour_only,neutral,none,"{""emotion"": ""neutral"", ""intensity"": ""none""}"
Ses02M_script03_2_F035,behaviour_only,neutral,none,"{""emotion"": ""neutral"", ""intensity"": ""none""}"
Ses02M_script03_2_F036,behaviour_only,anger,high,"{""emotion"": ""anger"", ""intensity"": ""high""}"
Ses02M_script03_2_F037,behaviour_only,sadness,high,"{""emotion"": ""sadness"", ""intensity"": ""high""}"
Ses02M_script03_2_F038,behaviour_only,anger,high,"{""emotion"": ""anger"", ""intensity"": ""high""}"
Ses02M_script03_2_F041,behaviour_only,happiness,high,"{""emotion"": ""happiness"", ""intensity"": ""high""}"
Ses02M_script03_2_F042,behaviour_only,neutral,none,"{""emotion"": ""neutral"", ""intensity"": ""none""}"
Ses02M_script03_2_M001,behaviour_only,anger,high,"{""emotion"": ""anger"", ""intensity"": ""high""}"
Ses02M_script03_2_M007,behaviour_only,sadness,high,"{""emotion"": ""sadness"", ""intensity"": ""high""}"
Ses02M_script03_2_M012,behaviour_only,anger,high,"{""emotion"": ""anger"", ""intensity"": ""high""}"
Ses02M_script03_2_M026,behaviour_only,anger,high,"{""emotion"": ""anger"", ""intensity"": ""high""}"
Ses02M_script03_2_M027,behaviour_only,anger,high,"{""emotion"": ""anger"", ""intensity"": ""high""}"
Ses02M_script03_2_M032,behaviour_only,anger,high,"{""emotion"": ""anger"", ""intensity"": ""high""}"
Ses02M_script03_2_M040,behaviour_only,sadness,high,"{""emotion"": ""sadness"", ""intensity"": ""high""}"
Ses02M_script03_2_M041,behaviour_only,anger,high,"{""emotion"": ""anger"", ""intensity"": ""high""}"
Ses02M_script03_2_M046,behaviour_only,anger,high,"{""emotion"": ""anger"", ""intensity"": ""high""}"
Ses02M_script03_2_M047,behaviour_only,anger,high,"{""emotion"": ""anger"", ""intensity"": ""high""}"
Ses03F_impro02_F000,behaviour_only,anger,high,"{""emotion"": ""anger"", ""intensity"": ""high""}"
Ses03F_impro02_F007,behaviour_only,sadness,high,"{""emotion"": ""sadness"", ""intensity"": ""high""}"
Ses03F_impro02_F019,behaviour_only,neutral,none,"{""emotion"": ""neutral"", ""intensity"": ""none""}"
Ses03F_impro02_F026,behaviour_only,neutral,none,"{""emotion"": ""neutral"", ""intensity"": ""none""}"
Ses03F_impro02_M001,behaviour_only,neutral,none,"{""emotion"": ""neutral"", ""intensity"": ""none""}"
Ses03F_impro02_M019,behaviour_only,neutral,none,"{""emotion"": ""neutral"", ""intensity"": ""none""}"
Ses03F_impro02_M020,behaviour_only,sadness,low,"{""emotion"": ""sadness"", ""intensity"": ""low""}"
Ses03F_impro02_M021,behaviour_only,neutral,none,"{""emotion"": ""neutral"", ""intensity"": ""none""}"
Ses03F_impro02_M027,behaviour_only,anger,high,"{""emotion"": ""anger"", ""intensity"": ""high""}"
Ses03F_impro02_M029,behaviour_only,neutral,none,"{""emotion"": ""neutral"", ""intensity"": ""none""}"
Ses03F_impro03_F011,behaviour_only,happiness,high,"{""emotion"": ""happiness"", ""intensity"": ""high""}"
Ses03F_impro03_F013,behaviour_only,neutral,none,"{""emotion"": ""neutral"", ""intensity"": ""none""}"
Ses03F_impro03_F014,behaviour_only,neutral,none,"{""emotion"": ""neutral"", ""intensity"": ""none""}"
Ses03F_impro03_F021,behaviour_only,neutral,none,"{""emotion"": ""neutral"", ""intensity"": ""none""}"
Ses03F_impro03_M001,behaviour_only,neutral,none,"{""emotion"": ""neutral"", ""intensity"": ""none""}"
Ses03F_impro03_M005,behaviour_only,neutral,none,"{""emotion"": ""neutral"", ""intensity"": ""none""}"
Ses03F_impro03_M021,behaviour_only,sadness,high,"{""emotion"": ""sadness"", ""intensity"": ""high""}"
Ses03F_impro04_F022,behaviour_only,neutral,none,"{""emotion"": ""neutral"", ""intensity"": ""none""}"
Ses03F_impro04_M001,behaviour_only,neutral,none,"{""emotion"": ""neutral"", ""intensity"": ""none""}"
Ses03F_impro04_M006,behaviour_only,neutral,none,"{""emotion"": ""neutral"", ""intensity"": ""none""}"
Ses03F_impro04_M007,behaviour_only,neutral,none,"{""emotion"": ""neutral"", ""intensity"": ""none""}"
Ses03F_impro04_M009,behaviour_only,neutral,none,"{""emotion"": ""neutral"", ""intensity"": ""none""}"
Ses03F_impro04_M013,behaviour_only,neutral,none,"{""emotion"": ""neutral"", ""intensity"": ""none""}"
Ses03F_impro04_M014,behaviour_only,neutral,none,"{""emotion"": ""neutral"", ""intensity"": ""none""}"
Ses03F_impro05_F002,behaviour_only,anger,high,"{""emotion"": ""anger"", ""intensity"": ""high""}"
Ses03F_impro05_F009,behaviour_only,anger,high,"{""emotion"": ""anger"", ""intensity"": ""high""}"
Ses03F_impro05_F010,behaviour_only,sadness,high,"{""emotion"": ""sadness"", ""intensity"": ""high""}"
Ses03F_impro05_F015,behaviour_only,sadness,high,"{""emotion"": ""sadness"", ""intensity"": ""high""}"
Ses03F_impro05_F016,behaviour_only,neutral,none,"{""emotion"": ""neutral"", ""intensity"": ""none""}"
Ses03F_impro05_F017,behaviour_only,neutral,none,"{""emotion"": ""neutral"", ""intensity"": ""none""}"
Ses03F_impro05_M003,behaviour_only,sadness,low,"{""emotion"": ""sadness"", ""intensity"": ""low""}"
Ses03F_impro06_F000,behaviour_only,sadness,low,"{""emotion"": ""sadness"", ""intensity"": ""low""}"
Ses03F_impro06_F001,behaviour_only,sadness,high,"{""emotion"": ""sadness"", ""intensity"": ""high""}"
Ses03F_impro06_F005,behaviour_only,sadness,low,"{""emotion"": ""sadness"", ""intensity"": ""low""}"
Ses03F_impro06_F006,behaviour_only,anger,high,"{""emotion"": ""anger"", ""intensity"": ""high""}"
Ses03F_impro06_F007,behaviour_only,sadness,high,"{""emotion"": ""sadness"", ""intensity"": ""high""}"
Ses03F_impro06_F011,behaviour_only,neutral,none,"{""emotion"": ""neutral"", ""intensity"": ""none""}"
Ses03F_impro06_F018,behaviour_only,neutral,none,"{""emotion"": ""neutral"", ""intensity"": ""none""}"
Ses03F_impro06_F020,behaviour_only,sadness,high,"{""emotion"": ""sadness"", ""intensity"": ""high""}"
Ses03F_impro06_F021,behaviour_only,neutral,none,"{""emotion"": ""neutral"", ""intensity"": ""none""}"
Ses03F_impro06_F024,behaviour_only,sadness,high,"{""emotion"": ""sadness"", ""intensity"": ""high""}"
Ses03F_impro06_F027,behaviour_only,neutral,none,"{""emotion"": ""neutral"", ""intensity"": ""none""}"
Ses03F_impro06_M001,behaviour_only,neutral,none,"{""emotion"": ""neutral"", ""intensity"": ""none""}"
Ses03F_impro06_M003,behaviour_only,sadness,high,"{""emotion"": ""sadness"", ""intensity"": ""high""}"
Ses03F_impro06_M006,behaviour_only,neutral,none,"{""emotion"": ""neutral"", ""intensity"": ""none""}"
Ses03F_impro06_M007,behaviour_only,anger,high,"{""emotion"": ""anger"", ""intensity"": ""high""}"
Ses03F_impro06_M008,behaviour_only,neutral,none,"{""emotion"": ""neutral"", ""intensity"": ""none""}"
Ses03F_impro06_M011,behaviour_only,sadness,low,"{""emotion"": ""sadness"", ""intensity"": ""low""}"
Ses03F_impro06_M013,behaviour_only,neutral,none,"{""emotion"": ""neutral"", ""intensity"": ""none""}"
Ses03F_impro06_M016,behaviour_only,sadness,high,"{""emotion"": ""sadness"", ""intensity"": ""high""}"
Ses03F_impro07_F004,behaviour_only,anger,high,"{""emotion"": ""anger"", ""intensity"": ""high""}"
Ses03F_impro07_F005,behaviour_only,neutral,none,"{""emotion"": ""neutral"", ""intensity"": ""none""}"
Ses03F_impro07_F013,behaviour_only,happiness,high,"{""emotion"": ""happiness"", ""intensity"": ""high""}"
Ses03F_impro07_F014,behaviour_only,anger,high,"{""emotion"": ""anger"", ""intensity"": ""high""}"
Ses03F_impro07_F020,behaviour_only,happiness,high,"{""emotion"": ""happiness"", ""intensity"": ""high""}"
Ses03F_impro07_F023,behaviour_only,neutral,none,"{""emotion"": ""neutral"", ""intensity"": ""none""}"
Ses03F_impro07_F025,behaviour_only,anger,high,"{""emotion"": ""anger"", ""intensity"": ""high""}"
Ses03F_impro07_F032,behaviour_only,neutral,none,"{""emotion"": ""neutral"", ""intensity"": ""none""}"
Ses03F_impro07_F034,behaviour_only,happiness,high,"{""emotion"": ""happiness"", ""intensity"": ""high""}"
Ses03F_impro07_M000,behaviour_only,neutral,none,"{""emotion"": ""neutral"", ""intensity"": ""none""}"
Ses03F_impro07_M004,behaviour_only,sadness,high,"{""emotion"": ""sadness"", ""intensity"": ""high""}"
Ses03F_impro07_M014,behaviour_only,anger,high,"{""emotion"": ""anger"", ""intensity"": ""high""}"
Ses03F_impro07_M021,behaviour_only,neutral,none,"{""emotion"": ""neutral"", ""intensity"": ""none""}"
Ses03F_impro07_M022,behaviour_only,neutral,none,"{""emotion"": ""neutral"", ""intensity"": ""none""}"
Ses03F_impro07_M033,behaviour_only,neutral,none,"{""emotion"": ""neutral"", ""intensity"": ""none""}"
Ses03F_impro07_M034,behaviour_only,anger,high,"{""emotion"": ""anger"", ""intensity"": ""high""}"
Ses03F_impro07_M035,behaviour_only,neutral,none,"{""emotion"": ""neutral"", ""intensity"": ""none""}"
Ses03F_impro08_F003,behaviour_only,neutral,none,"{""emotion"": ""neutral"", ""intensity"": ""none""}"
Ses03F_impro08_F006,behaviour_only,anger,high,"{""emotion"": ""anger"", ""intensity"": ""high""}"
Ses03F_impro08_F011,behaviour_only,neutral,none,"{""emotion"": ""neutral"", ""intensity"": ""none""}"
Ses03F_impro08_F012,behaviour_only,neutral,none,"{""emotion"": ""neutral"", ""intensity"": ""none""}"
Ses03F_impro08_F013,behaviour_only,sadness,high,"{""emotion"": ""sadness"", ""intensity"": ""high""}"
Ses03F_impro08_F020,behaviour_only,sadness,low,"{""emotion"": ""sadness"", ""intensity"": ""low""}"
Ses03F_impro08_F022,behaviour_only,neutral,none,"{""emotion"": ""neutral"", ""intensity"": ""none""}"
Ses03F_impro08_F023,behaviour_only,sadness,low,"{""emotion"": ""sadness"", ""intensity"": ""low""}"
Ses03F_impro08_F024,behaviour_only,neutral,none,"{""emotion"": ""neutral"", ""intensity"": ""none""}"
Ses03F_impro08_F027,behaviour_only,neutral,none,"{""emotion"": ""neutral"", ""intensity"": ""none""}"
Ses03F_impro08_M007,behaviour_only,neutral,none,"{""emotion"": ""neutral"", ""intensity"": ""none""}"
Ses03F_impro08_M010,behaviour_only,anger,high,"{""emotion"": ""anger"", ""intensity"": ""high""}"
Ses03F_script01_1_F004,behaviour_only,neutral,none,"{""emotion"": ""neutral"", ""intensity"": ""none""}"
Ses03F_script01_1_F014,behaviour_only,neutral,none,"{""emotion"": ""neutral"", ""intensity"": ""none""}"
Ses03F_script01_1_F017,behaviour_only,anger,high,"{""emotion"": ""anger"", ""intensity"": ""high""}"
Ses03F_script01_1_F030,behaviour_only,neutral,none,"{""emotion"": ""neutral"", ""intensity"": ""none""}"
Ses03F_script01_1_F031,behaviour_only,neutral,none,"{""emotion"": ""neutral"", ""intensity"": ""none""}"
Ses03F_script01_1_F052,behaviour_only,neutral,none,"{""emotion"": ""neutral"", ""intensity"": ""none""}"
Ses03F_script01_1_M009,behaviour_only,sadness,high,"{""emotion"": ""sadness"", ""intensity"": ""high""}"
Ses03F_script01_1_M022,behaviour_only,anger,high,"{""emotion"": ""anger"", ""intensity"": ""high""}"
Ses03F_script01_1_M027,behaviour_only,anger,high,"{""emotion"": ""anger"", ""intensity"": ""high""}"
Ses03F_script01_1_M030,behaviour_only,sadness,high,"{""emotion"": ""sadness"", ""intensity"": ""high""}"
Ses03F_script01_1_M034,behaviour_only,neutral,none,"{""emotion"": ""neutral"", ""intensity"": ""none""}"
Ses03F_script01_1_M042,behaviour_only,sadness,high,"{""emotion"": ""sadness"", ""intensity"": ""high""}"
Ses03F_script01_1_M046,behaviour_only,anger,high,"{""emotion"": ""anger"", ""intensity"": ""high""}"
Ses03F_script01_1_M047,behaviour_only,anger,high,"{""emotion"": ""anger"", ""intensity"": ""high""}"
Ses03F_script01_2_F016,behaviour_only,anger,high,"{""emotion"": ""anger"", ""intensity"": ""high""}"
Ses03F_script01_2_M001,behaviour_only,anger,high,"{""emotion"": ""anger"", ""intensity"": ""high""}"
Ses03F_script01_2_M013,behaviour_only,neutral,none,"{""emotion"": ""neutral"", ""intensity"": ""none""}"
Ses03F_script01_2_M016,behaviour_only,neutral,none,"{""emotion"": ""neutral"", ""intensity"": ""none""}"
Ses03F_script01_3_F000,behaviour_only,neutral,none,"{""emotion"": ""neutral"", ""intensity"": ""none""}"
Ses03F_script01_3_F014,behaviour_only,sadness,low,"{""emotion"": ""sadness"", ""intensity"": ""low""}"
Ses03F_script01_3_F018,behaviour_only,neutral,none,"{""emotion"": ""neutral"", ""intensity"": ""none""}"
Ses03F_script01_3_F023,behaviour_only,sadness,high,"{""emotion"": ""sadness"", ""intensity"": ""high""}"
Ses03F_script01_3_F027,behaviour_only,neutral,none,"{""emotion"": ""neutral"", ""intensity"": ""none""}"
Ses03F_script01_3_F029,behaviour_only,sadness,low,"{""emotion"": ""sadness"", ""intensity"": ""low""}"
Ses03F_script01_3_F031,behaviour_only,sadness,low,"{""emotion"": ""sadness"", ""intensity"": ""low""}"
Ses03F_script01_3_F035,behaviour_only,anger,high,"{""emotion"": ""anger"", ""intensity"": ""high""}"
Ses03F_script01_3_M004,behaviour_only,sadness,high,"{""emotion"": ""sadness"", ""intensity"": ""high""}"
Ses03F_script01_3_M015,behaviour_only,anger,high,"{""emotion"": ""anger"", ""intensity"": ""high""}"
Ses03F_script01_3_M018,behaviour_only,anger,high,"{""emotion"": ""anger"", ""intensity"": ""high""}"
Ses03F_script01_3_M027,behaviour_only,sadness,high,"{""emotion"": ""sadness"", ""intensity"": ""high""}"
Ses03F_script01_3_M029,behaviour_only,neutral,none,"{""emotion"": ""neutral"", ""intensity"": ""none""}"
Ses03F_script01_3_M030,behaviour_only,sadness,high,"{""emotion"": ""sadness"", ""intensity"": ""high""}"
Ses03F_script01_3_M036,behaviour_only,sadness,high,"{""emotion"": ""sadness"", ""intensity"": ""high""}"
Ses03F_script01_3_M037,behaviour_only,neutral,none,"{""emotion"": ""neutral"", ""intensity"": ""none""}"
Ses03F_script01_3_M045,behaviour_only,sadness,high,"{""emotion"": ""sadness"", ""intensity"": ""high""}"
Ses03F_script02_1_M010,behaviour_only,sadness,low,"{""emotion"": ""sadness"", ""intensity"": ""low""}"
Ses03F_script02_1_M022,behaviour_only,neutral,none,"{""emotion"": ""neutral"", ""intensity"": ""none""}"
Ses03F_script02_1_M036,behaviour_only,sadness,low,"{""emotion"": ""sadness"", ""intensity"": ""low""}"
Ses03F_script02_1_M039,behaviour_only,sadness,high,"{""emotion"": ""sadness"", ""intensity"": ""high""}"
Ses03F_script02_1_M040,behaviour_only,anger,high,"{""emotion"": ""anger"", ""intensity"": ""high""}"
Ses03F_script02_1_M041,behaviour_only,sadness,low,"{""emotion"": ""sadness"", ""intensity"": ""low""}"
Ses03F_script02_1_M042,behaviour_only,anger,low,"{""emotion"": ""anger"", ""intensity"": ""low""}"
Ses03F_script02_1_M044,behaviour_only,sadness,high,"{""emotion"": ""sadness"", ""intensity"": ""high""}"
Ses03F_script02_2_F005,behaviour_only,anger,high,"{""emotion"": ""anger"", ""intensity"": ""high""}"
Ses03F_script02_2_F012,behaviour_only,anger,high,"{""emotion"": ""anger"", ""intensity"": ""high""}"
Ses03F_script02_2_F018,behaviour_only,neutral,none,"{""emotion"": ""neutral"", ""intensity"": ""none""}"
Ses03F_script02_2_F023,behaviour_only,neutral,none,"{""emotion"": ""neutral"", ""intensity"": ""none""}"
Ses03F_script02_2_F035,behaviour_only,happiness,high,"{""emotion"": ""happiness"", ""intensity"": ""high""}"
Ses03F_script02_2_F038,behaviour_only,anger,high,"{""emotion"": ""anger"", ""intensity"": ""high""}"
Ses03F_script02_2_F039,behaviour_only,neutral,none,"{""emotion"": ""neutral"", ""intensity"": ""none""}"
Ses03F_script02_2_M038,behaviour_only,neutral,none,"{""emotion"": ""neutral"", ""intensity"": ""none""}"
Ses03F_script03_1_F014,behaviour_only,neutral,none,"{""emotion"": ""neutral"", ""intensity"": ""none""}"
Ses03F_script03_1_F019,behaviour_only,neutral,none,"{""emotion"": ""neutral"", ""intensity"": ""none""}"
Ses03F_script03_1_F021,behaviour_only,happiness,high,"{""emotion"": ""happiness"", ""intensity"": ""high""}"
Ses03F_script03_1_F026,behaviour_only,happiness,high,"{""emotion"": ""happiness"", ""intensity"": ""high""}"
Ses03F_script03_1_M007,behaviour_only,anger,high,"{""emotion"": ""anger"", ""intensity"": ""high""}"
Ses03F_script03_1_M011,behaviour_only,anger,high,"{""emotion"": ""anger"", ""intensity"": ""high""}"
Ses03F_script03_1_M013,behaviour_only,neutral,none,"{""emotion"": ""neutral"", ""intensity"": ""none""}"
Ses03F_script03_2_F008,behaviour_only,sadness,high,"{""emotion"": ""sadness"", ""intensity"": ""high""}"
Ses03F_script03_2_F015,behaviour_only,anger,high,"{""emotion"": ""anger"", ""intensity"": ""high""}"
Ses03F_script03_2_F037,behaviour_only,happiness,high,"{""emotion"": ""happiness"", ""intensity"": ""high""}"
Ses03F_script03_2_F039,behaviour_only,anger,high,"{""emotion"": ""anger"", ""intensity"": ""high""}"
Ses03F_script03_2_F041,behaviour_only,anger,high,"{""emotion"": ""anger"", ""intensity"": ""high""}"
Ses03F_script03_2_M001,behaviour_only,neutral,none,"{""emotion"": ""neutral"", ""intensity"": ""none""}"
Ses03F_script03_2_M007,behaviour_only,neutral,none,"{""emotion"": ""neutral"", ""intensity"": ""none""}"
Ses03F_script03_2_M008,behaviour_only,neutral,none,"{""emotion"": ""neutral"", ""intensity"": ""none""}"
Ses03F_script03_2_M009,behaviour_only,neutral,none,"{""emotion"": ""neutral"", ""intensity"": ""none""}"
Ses03F_script03_2_M012,behaviour_only,sadness,low,"{""emotion"": ""sadness"", ""intensity"": ""low""}"
Ses03F_script03_2_M026,behaviour_only,sadness,low,"{""emotion"": ""sadness"", ""intensity"": ""low""}"
Ses03F_script03_2_M028,behaviour_only,sadness,low,"{""emotion"": ""sadness"", ""intensity"": ""low""}"
Ses03F_script03_2_M029,behaviour_only,happiness,high,"{""emotion"": ""happiness"", ""intensity"": ""high""}"
Ses03F_script03_2_M038,behaviour_only,neutral,none,"{""emotion"": ""neutral"", ""intensity"": ""none""}"
Ses03F_script03_2_M043,behaviour_only,sadness,high,"{""emotion"": ""sadness"", ""intensity"": ""high""}"
Ses03F_script03_2_M044,behaviour_only,happiness,high,"{""emotion"": ""happiness"", ""intensity"": ""high""}"
Ses03M_impro01_F022,behaviour_only,sadness,high,"{""emotion"": ""sadness"", ""intensity"": ""high""}"
Ses03M_impro01_F025,behaviour_only,happiness,high,"{""emotion"": ""happiness"", ""intensity"": ""high""}"
Ses03M_impro01_M014,behaviour_only,anger,high,"{""emotion"": ""anger"", ""intensity"": ""high""}"
Ses03M_impro01_M023,behaviour_only,happiness,high,"{""emotion"": ""happiness"", ""intensity"": ""high""}"
Ses03M_impro01_M029,behaviour_only,happiness,high,"{""emotion"": ""happiness"", ""intensity"": ""high""}"
Ses03M_impro02_F003,behaviour_only,sadness,high,"{""emotion"": ""sadness"", ""intensity"": ""high""}"
Ses03M_impro02_F013,behaviour_only,sadness,low,"{""emotion"": ""sadness"", ""intensity"": ""low""}"
Ses03M_impro02_F015,behaviour_only,neutral,none,"{""emotion"": ""neutral"", ""intensity"": ""none""}"
Ses03M_impro02_F022,behaviour_only,sadness,high,"{""emotion"": ""sadness"", ""intensity"": ""high""}"
Ses03M_impro02_F025,behaviour_only,sadness,low,"{""emotion"": ""sadness"", ""intensity"": ""low""}"
Ses03M_impro02_F028,behaviour_only,neutral,none,"{""emotion"": ""neutral"", ""intensity"": ""none""}"
Ses03M_impro02_F030,behaviour_only,sadness,low,"{""emotion"": ""sadness"", ""intensity"": ""low""}"
Ses03M_impro02_M001,behaviour_only,sadness,high,"{""emotion"": ""sadness"", ""intensity"": ""high""}"
Ses03M_impro02_M016,behaviour_only,neutral,none,"{""emotion"": ""neutral"", ""intensity"": ""none""}"
Ses03M_impro02_M026,behaviour_only,neutral,none,"{""emotion"": ""neutral"", ""intensity"": ""none""}"
Ses03M_impro02_M029,behaviour_only,neutral,none,"{""emotion"": ""neutral"", ""intensity"": ""none""}"
Ses03M_impro02_M030,behaviour_only,neutral,none,"{""emotion"": ""neutral"", ""intensity"": ""none""}"
Ses03M_impro03_F001,behaviour_only,neutral,none,"{""emotion"": ""neutral"", ""intensity"": ""none""}"
Ses03M_impro03_F006,behaviour_only,neutral,none,"{""emotion"": ""neutral"", ""intensity"": ""none""}"
Ses03M_impro03_F017,behaviour_only,neutral,none,"{""emotion"": ""neutral"", ""intensity"": ""none""}"
Ses03M_impro03_F018,behaviour_only,neutral,none,"{""emotion"": ""neutral"", ""intensity"": ""none""}"
Ses03M_impro03_F024,behaviour_only,neutral,none,"{""emotion"": ""neutral"", ""intensity"": ""none""}"
Ses03M_impro03_F025,behaviour_only,sadness,high,"{""emotion"": ""sadness"", ""intensity"": ""high""}"
Ses03M_impro03_F027,behaviour_only,anger,high,"{""emotion"": ""anger"", ""intensity"": ""high""}"
Ses03M_impro03_M004,behaviour_only,anger,high,"{""emotion"": ""anger"", ""intensity"": ""high""}"
Ses03M_impro03_M020,behaviour_only,neutral,none,"{""emotion"": ""neutral"", ""intensity"": ""none""}"
Ses03M_impro03_M035,behaviour_only,neutral,none,"{""emotion"": ""neutral"", ""intensity"": ""none""}"
Ses03M_impro03_M039,behaviour_only,neutral,none,"{""emotion"": ""neutral"", ""intensity"": ""none""}"
Ses03M_impro04_F007,behaviour_only,sadness,high,"{""emotion"": ""sadness"", ""intensity"": ""high""}"
Ses03M_impro04_M024,behaviour_only,sadness,high,"{""emotion"": ""sadness"", ""intensity"": ""high""}"
Ses03M_impro04_M031,behaviour_only,neutral,none,"{""emotion"": ""neutral"", ""intensity"": ""none""}"
Ses03M_impro05a_F000,behaviour_only,anger,high,"{""emotion"": ""anger"", ""intensity"": ""high""}"
Ses03M_impro05a_F005,behaviour_only,neutral,none,"{""emotion"": ""neutral"", ""intensity"": ""none""}"
Ses03M_impro05a_F012,behaviour_only,neutral,none,"{""emotion"": ""neutral"", ""intensity"": ""none""}"
Ses03M_impro05a_F016,behaviour_only,sadness,low,"{""emotion"": ""sadness"", ""intensity"": ""low""}"
Ses03M_impro05a_F018,behaviour_only,neutral,none,"{""emotion"": ""neutral"", ""intensity"": ""none""}"
Ses03M_impro05a_F021,behaviour_only,neutral,none,"{""emotion"": ""neutral"", ""intensity"": ""none""}"
Ses03M_impro05a_F025,behaviour_only,sadness,low,"{""emotion"": ""sadness"", ""intensity"": ""moderate""}"
Ses03M_impro05a_F028,behaviour_only,anger,high,"{""emotion"": ""anger"", ""intensity"": ""high""}"
Ses03M_impro05a_M006,behaviour_only,anger,high,"{""emotion"": ""anger"", ""intensity"": ""high""}"
Ses03M_impro05a_M022,behaviour_only,neutral,none,"{""emotion"": ""neutral"", ""intensity"": ""none""}"
Ses03M_impro05a_M023,behaviour_only,anger,high,"{""emotion"": ""anger"", ""intensity"": ""high""}"
Ses03M_impro05a_M025,behaviour_only,anger,high,"{""emotion"": ""anger"", ""intensity"": ""high""}"
Ses03M_impro05a_M030,behaviour_only,sadness,low,"{""emotion"": ""sadness"", ""intensity"": ""low""}"
Ses03M_impro05b_F001,behaviour_only,neutral,none,"{""emotion"": ""neutral"", ""intensity"": ""none""}"
Ses03M_impro05b_F002,behaviour_only,neutral,none,"{""emotion"": ""neutral"", ""intensity"": ""none""}"
Ses03M_impro05b_F004,behaviour_only,neutral,none,"{""emotion"": ""neutral"", ""intensity"": ""none""}"
Ses03M_impro05b_F007,behaviour_only,neutral,none,"{""emotion"": ""neutral"", ""intensity"": ""none""}"
Ses03M_impro05b_F012,behaviour_only,neutral,none,"{""emotion"": ""neutral"", ""intensity"": ""none""}"
Ses03M_impro05b_F013,behaviour_only,sadness,low,"{""emotion"": ""sadness"", ""intensity"": ""low""}"
Ses03M_impro05b_F014,behaviour_only,neutral,none,"{""emotion"": ""neutral"", ""intensity"": ""none""}"
Ses03M_impro05b_F020,behaviour_only,neutral,none,"{""emotion"": ""neutral"", ""intensity"": ""none""}"
Ses03M_impro05b_F022,behaviour_only,neutral,none,"{""emotion"": ""neutral"", ""intensity"": ""none""}"
Ses03M_impro05b_F028,behaviour_only,anger,high,"{""emotion"": ""anger"", ""intensity"": ""high""}"
Ses03M_impro05b_F029,behaviour_only,sadness,high,"{""emotion"": ""sadness"", ""intensity"": ""high""}"
Ses03M_impro05b_F030,behaviour_only,neutral,none,"{""emotion"": ""neutral"", ""intensity"": ""none""}"
Ses03M_impro05b_M013,behaviour_only,anger,high,"{""emotion"": ""anger"", ""intensity"": ""high""}"
Ses03M_impro05b_M015,behaviour_only,anger,high,"{""emotion"": ""anger"", ""intensity"": ""high""}"
Ses03M_impro05b_M020,behaviour_only,neutral,none,"{""emotion"": ""neutral"", ""intensity"": ""none""}"
Ses03M_impro05b_M022,behaviour_only,anger,high,"{""emotion"": ""anger"", ""intensity"": ""high""}"
Ses03M_impro05b_M032,behaviour_only,neutral,none,"{""emotion"": ""neutral"", ""intensity"": ""none""}"
Ses03M_impro06_F007,behaviour_only,sadness,high,"{""emotion"": ""sadness"", ""intensity"": ""high""}"
Ses03M_impro06_F013,behaviour_only,sadness,low,"{""emotion"": ""sadness"", ""intensity"": ""low""}"
Ses03M_impro06_F016,behaviour_only,sadness,low,"{""emotion"": ""sadness"", ""intensity"": ""low""}"
Ses03M_impro06_F019,behaviour_only,neutral,none,"{""emotion"": ""neutral"", ""intensity"": ""none""}"
Ses03M_impro06_M001,behaviour_only,sadness,low,"{""emotion"": ""sadness"", ""intensity"": ""low""}"
Ses03M_impro06_M005,behaviour_only,neutral,none,"{""emotion"": ""neutral"", ""intensity"": ""none""}"
Ses03M_impro06_M007,behaviour_only,sadness,high,"{""emotion"": ""sadness"", ""intensity"": ""high""}"
Ses03M_impro06_M012,behaviour_only,sadness,high,"{""emotion"": ""sadness"", ""intensity"": ""high""}"
Ses03M_impro06_M013,behaviour_only,neutral,none,"{""emotion"": ""neutral"", ""intensity"": ""none""}"
Ses03M_impro06_M017,behaviour_only,sadness,high,"{""emotion"": ""sadness"", ""intensity"": ""high""}"
Ses03M_impro06_M018,behaviour_only,anger,high,"{""emotion"": ""anger"", ""intensity"": ""high""}"
Ses03M_impro06_M028,behaviour_only,neutral,none,"{""emotion"": ""neutral"", ""intensity"": ""none""}"
Ses03M_impro06_M030,behaviour_only,neutral,none,"{""emotion"": ""neutral"", ""intensity"": ""none""}"
Ses03M_impro06_M031,behaviour_only,neutral,none,"{""emotion"": ""neutral"", ""intensity"": ""none""}"
Ses03M_impro07_F006,behaviour_only,anger,high,"{""emotion"": ""anger"", ""intensity"": ""high""}"
Ses03M_impro07_F009,behaviour_only,anger,low,"{""emotion"": ""anger"", ""intensity"": ""low""}"
Ses03M_impro07_F016,behaviour_only,sadness,low,"{""emotion"": ""sadness"", ""intensity"": ""moderate""}"
Ses03M_impro07_F017,behaviour_only,neutral,none,"{""emotion"": ""neutral"", ""intensity"": ""none""}"
Ses03M_impro07_M002,behaviour_only,neutral,none,"{""emotion"": ""neutral"", ""intensity"": ""none""}"
Ses03M_impro07_M004,behaviour_only,sadness,high,"{""emotion"": ""sadness"", ""intensity"": ""high""}"
Ses03M_impro07_M010,behaviour_only,anger,high,"{""emotion"": ""anger"", ""intensity"": ""high""}"
Ses03M_impro07_M014,behaviour_only,neutral,none,"{""emotion"": ""neutral"", ""intensity"": ""none""}"
Ses03M_impro07_M023,behaviour_only,neutral,none,"{""emotion"": ""neutral"", ""intensity"": ""none""}"
Ses03M_impro07_M024,behaviour_only,neutral,none,"{""emotion"": ""neutral"", ""intensity"": ""none""}"
Ses03M_impro08a_F013,behaviour_only,anger,high,"{""emotion"": ""anger"", ""intensity"": ""high""}"
Ses03M_impro08a_F014,behaviour_only,anger,high,"{""emotion"": ""anger"", ""intensity"": ""high""}"
Ses03M_impro08a_F020,behaviour_only,anger,high,"{""emotion"": ""anger"", ""intensity"": ""high""}"
Ses03M_impro08a_F021,behaviour_only,anger,high,"{""emotion"": ""anger"", ""intensity"": ""high""}"
Ses03M_impro08a_F022,behaviour_only,sadness,high,"{""emotion"": ""sadness"", ""intensity"": ""high""}"
Ses03M_impro08a_M002,behaviour_only,neutral,none,"{""emotion"": ""neutral"", ""intensity"": ""none""}"
Ses03M_impro08a_M020,behaviour_only,happiness,high,"{""emotion"": ""happiness"", ""intensity"": ""high""}"
Ses03M_impro08b_F005,behaviour_only,anger,high,"{""emotion"": ""anger"", ""intensity"": ""high""}"
Ses03M_impro08b_F006,behaviour_only,anger,high,"{""emotion"": ""anger"", ""intensity"": ""high""}"
Ses03M_impro08b_M003,behaviour_only,neutral,none,"{""emotion"": ""neutral"", ""intensity"": ""none""}"
Ses03M_impro08b_M017,behaviour_only,anger,low,"{""emotion"": ""anger"", ""intensity"": ""low""}"
Ses03M_impro08b_M021,behaviour_only,neutral,none,"{""emotion"": ""neutral"", ""intensity"": ""none""}"
Ses03M_script01_1_F017,behaviour_only,sadness,high,"{""emotion"": ""sadness"", ""intensity"": ""high""}"
Ses03M_script01_1_F020,behaviour_only,anger,high,"{""emotion"": ""anger"", ""intensity"": ""high""}"
Ses03M_script01_1_M001,behaviour_only,anger,high,"{""emotion"": ""anger"", ""intensity"": ""high""}"
Ses03M_script01_1_M004,behaviour_only,neutral,none,"{""emotion"": ""neutral"", ""intensity"": ""none""}"
Ses03M_script01_1_M012,behaviour_only,neutral,none,"{""emotion"": ""neutral"", ""intensity"": ""none""}"
Ses03M_script01_1_M019,behaviour_only,anger,high,"{""emotion"": ""anger"", ""intensity"": ""high""}"
Ses03M_script01_1_M027,behaviour_only,neutral,none,"{""emotion"": ""neutral"", ""intensity"": ""none""}"
Ses03M_script01_1_M030,behaviour_only,neutral,none,"{""emotion"": ""neutral"", ""intensity"": ""none""}"
Ses03M_script01_1_M036,behaviour_only,neutral,none,"{""emotion"": ""neutral"", ""intensity"": ""none""}"
Ses03M_script01_1_M037,behaviour_only,anger,high,"{""emotion"": ""anger"", ""intensity"": ""high""}"
Ses03M_script01_1_M038,behaviour_only,sadness,high,"{""emotion"": ""sadness"", ""intensity"": ""high""}"
Ses03M_script01_1_M041,behaviour_only,neutral,none,"{""emotion"": ""neutral"", ""intensity"": ""none""}"
Ses03M_script01_2_F001,behaviour_only,sadness,low,"{""emotion"": ""sadness"", ""intensity"": ""low""}"
Ses03M_script01_2_F009,behaviour_only,sadness,low,"{""emotion"": ""sadness"", ""intensity"": ""low""}"
Ses03M_script01_2_F011,behaviour_only,sadness,high,"{""emotion"": ""sadness"", ""intensity"": ""high""}"
Ses03M_script01_2_F012,behaviour_only,neutral,none,"{""emotion"": ""neutral"", ""intensity"": ""none""}"
Ses03M_script01_2_F015,behaviour_only,sadness,low,"{""emotion"": ""sadness"", ""intensity"": ""moderate""}"
Ses03M_script01_2_F017,behaviour_only,sadness,low,"{""emotion"": ""sadness"", ""intensity"": ""moderate""}"
Ses03M_script01_2_M004,behaviour_only,neutral,none,"{""emotion"": ""neutral"", ""intensity"": ""none""}"
Ses03M_script01_2_M014,behaviour_only,happiness,high,"{""emotion"": ""happiness"", ""intensity"": ""high""}"
Ses03M_script01_2_M016,behaviour_only,anger,high,"{""emotion"": ""anger"", ""intensity"": ""high""}"
Ses03M_script01_3_F011,behaviour_only,sadness,high,"{""emotion"": ""sadness"", ""intensity"": ""high""}"
Ses03M_script01_3_F015,behaviour_only,sadness,high,"{""emotion"": ""sadness"", ""intensity"": ""high""}"
Ses03M_script01_3_F016,behaviour_only,sadness,high,"{""emotion"": ""sadness"", ""intensity"": ""high""}"
Ses03M_script01_3_F021,behaviour_only,happiness,low,"{""emotion"": ""happiness"", ""intensity"": ""low""}"
Ses03M_script01_3_F033,behaviour_only,anger,high,"{""emotion"": ""anger"", ""intensity"": ""high""}"
Ses03M_script01_3_M021,behaviour_only,happiness,low,"{""emotion"": ""happiness"", ""intensity"": ""low""}"
Ses03M_script01_3_M030,behaviour_only,neutral,none,"{""emotion"": ""neutral"", ""intensity"": ""none""}"
Ses03M_script01_3_M031,behaviour_only,neutral,none,"{""emotion"": ""neutral"", ""intensity"": ""none""}"
Ses03M_script01_3_M034,behaviour_only,sadness,low,"{""emotion"": ""sadness"", ""intensity"": ""low""}"
Ses03M_script01_3_M041,behaviour_only,neutral,none,"{""emotion"": ""neutral"", ""intensity"": ""none""}"
Ses03M_script02_1_F016,behaviour_only,sadness,low,"{""emotion"": ""sadness"", ""intensity"": ""low""}"
Ses03M_script02_1_M003,behaviour_only,sadness,high,"{""emotion"": ""sadness"", ""intensity"": ""high""}"
Ses03M_script02_1_M005,behaviour_only,happiness,high,"{""emotion"": ""happiness"", ""intensity"": ""high""}"
Ses03M_script02_1_M023,behaviour_only,anger,high,"{""emotion"": ""anger"", ""intensity"": ""high""}"
Ses03M_script02_1_M025,behaviour_only,neutral,none,"{""emotion"": ""neutral"", ""intensity"": ""none""}"
Ses03M_script02_1_M036,behaviour_only,neutral,none,"{""emotion"": ""neutral"", ""intensity"": ""none""}"
Ses03M_script02_2_F002,behaviour_only,neutral,none,"{""emotion"": ""neutral"", ""intensity"": ""none""}"
Ses03M_script02_2_F009,behaviour_only,sadness,low,"{""emotion"": ""sadness"", ""intensity"": ""moderate""}"
Ses03M_script02_2_F024,behaviour_only,sadness,high,"{""emotion"": ""sadness"", ""intensity"": ""high""}"
Ses03M_script02_2_F025,behaviour_only,sadness,low,"{""emotion"": ""sadness"", ""intensity"": ""low""}"
Ses03M_script02_2_F034,behaviour_only,sadness,low,"{""emotion"": ""sadness"", ""intensity"": ""moderate""}"
Ses03M_script02_2_F036,behaviour_only,sadness,high,"{""emotion"": ""sadness"", ""intensity"": ""high""}"
Ses03M_script02_2_F038,behaviour_only,sadness,high,"{""emotion"": ""sadness"", ""intensity"": ""high""}"
Ses03M_script02_2_F042,behaviour_only,sadness,high,"{""emotion"": ""sadness"", ""intensity"": ""high""}"
Ses03M_script02_2_F049,behaviour_only,sadness,high,"{""emotion"": ""sadness"", ""intensity"": ""high""}"
Ses03M_script02_2_M017,behaviour_only,neutral,none,"{""emotion"": ""neutral"", ""intensity"": ""none""}"
Ses03M_script02_2_M020,behaviour_only,sadness,high,"{""emotion"": ""sadness"", ""intensity"": ""high""}"
Ses03M_script02_2_M021,behaviour_only,neutral,none,"{""emotion"": ""neutral"", ""intensity"": ""none""}"
Ses03M_script02_2_M030,behaviour_only,anger,high,"{""emotion"": ""anger"", ""intensity"": ""high""}"
Ses03M_script02_2_M031,behaviour_only,happiness,high,"{""emotion"": ""happiness"", ""intensity"": ""high""}"
Ses03M_script02_2_M036,behaviour_only,neutral,none,"{""emotion"": ""neutral"", ""intensity"": ""none""}"
Ses03M_script02_2_M041,behaviour_only,neutral,none,"{""emotion"": ""neutral"", ""intensity"": ""none""}"
Ses03M_script02_2_M045,behaviour_only,neutral,none,"{""emotion"": ""neutral"", ""intensity"": ""none""}"
Ses03M_script03_2_F000,behaviour_only,anger,high,"{""emotion"": ""anger"", ""intensity"": ""high""}"
Ses03M_script03_2_F004,behaviour_only,sadness,high,"{""emotion"": ""sadness"", ""intensity"": ""high""}"
Ses03M_script03_2_F011,behaviour_only,neutral,none,"{""emotion"": ""neutral"", ""intensity"": ""none""}"
Ses03M_script03_2_F012,behaviour_only,sadness,high,"{""emotion"": ""sadness"", ""intensity"": ""high""}"
Ses03M_script03_2_F028,behaviour_only,neutral,none,"{""emotion"": ""neutral"", ""intensity"": ""none""}"
Ses03M_script03_2_F030,behaviour_only,sadness,high,"{""emotion"": ""sadness"", ""intensity"": ""high""}"
Ses03M_script03_2_F033,behaviour_only,neutral,none,"{""emotion"": ""neutral"", ""intensity"": ""none""}"
Ses03M_script03_2_F041,behaviour_only,anger,high,"{""emotion"": ""anger"", ""intensity"": ""high""}"
Ses03M_script03_2_F044,behaviour_only,sadness,low,"{""emotion"": ""sadness"", ""intensity"": ""moderate""}"
Ses03M_script03_2_M003,behaviour_only,anger,high,"{""emotion"": ""anger"", ""intensity"": ""high""}"
Ses03M_script03_2_M005,behaviour_only,sadness,high,"{""emotion"": ""sadness"", ""intensity"": ""high""}"
Ses03M_script03_2_M008,behaviour_only,neutral,none,"{""emotion"": ""neutral"", ""intensity"": ""none""}"
Ses03M_script03_2_M009,behaviour_only,neutral,none,"{""emotion"": ""neutral"", ""intensity"": ""none""}"
Ses03M_script03_2_M010,behaviour_only,anger,high,"{""emotion"": ""anger"", ""intensity"": ""high""}"
Ses03M_script03_2_M019,behaviour_only,sadness,low,"{""emotion"": ""sadness"", ""intensity"": ""low""}"
Ses03M_script03_2_M040,behaviour_only,happiness,high,"{""emotion"": ""happiness"", ""intensity"": ""high""}"
Ses04F_impro01_F008,behaviour_only,neutral,none,"{""emotion"": ""neutral"", ""intensity"": ""none""}"
Ses04F_impro01_F009,behaviour_only,anger,high,"{""emotion"": ""anger"", ""intensity"": ""high""}"
Ses04F_impro01_F012,behaviour_only,sadness,low,"{""emotion"": ""sadness"", ""intensity"": ""low""}"
Ses04F_impro01_F021,behaviour_only,anger,high,"{""emotion"": ""anger"", ""intensity"": ""high""}"
Ses04F_impro01_M005,behaviour_only,anger,high,"{""emotion"": ""anger"", ""intensity"": ""high""}"
Ses04F_impro01_M008,behaviour_only,anger,high,"{""emotion"": ""anger"", ""intensity"": ""high""}"
Ses04F_impro01_M014,behaviour_only,anger,high,"{""emotion"": ""anger"", ""intensity"": ""high""}"
Ses04F_impro01_M023,behaviour_only,anger,high,"{""emotion"": ""anger"", ""intensity"": ""high""}"
Ses04F_impro02_F001,behaviour_only,neutral,none,"{""emotion"": ""neutral"", ""intensity"": ""none""}"
Ses04F_impro02_F007,behaviour_only,neutral,none,"{""emotion"": ""neutral"", ""intensity"": ""none""}"
Ses04F_impro02_F009,behaviour_only,sadness,high,"{""emotion"": ""sadness"", ""intensity"": ""high""}"
Ses04F_impro02_F011,behaviour_only,neutral,none,"{""emotion"": ""neutral"", ""intensity"": ""none""}"
Ses04F_impro02_F023,behaviour_only,sadness,low,"{""emotion"": ""sadness"", ""intensity"": ""low""}"
Ses04F_impro02_F024,behaviour_only,sadness,low,"{""emotion"": ""sadness"", ""intensity"": ""low""}"
Ses04F_impro02_M000,behaviour_only,sadness,low,"{""emotion"": ""sadness"", ""intensity"": ""moderate""}"
Ses04F_impro02_M012,behaviour_only,sadness,high,"{""emotion"": ""sadness"", ""intensity"": ""high""}"
Ses04F_impro03_F001,behaviour_only,happiness,low,"{""emotion"": ""happiness"", ""intensity"": ""low""}"
Ses04F_impro03_F002,behaviour_only,happiness,high,"{""emotion"": ""happiness"", ""intensity"": ""high""}"
Ses04F_impro03_F012,behaviour_only,anger,high,"{""emotion"": ""anger"", ""intensity"": ""high""}"
Ses04F_impro03_F038,behaviour_only,happiness,low,"{""emotion"": ""happiness"", ""intensity"": ""low""}"
Ses04F_impro03_F040,behaviour_only,happiness,high,"{""emotion"": ""happiness"", ""intensity"": ""high""}"
Ses04F_impro03_F042,behaviour_only,happiness,low,"{""emotion"": ""happiness"", ""intensity"": ""low""}"
Ses04F_impro03_F044,behaviour_only,sadness,high,"{""emotion"": ""sadness"", ""intensity"": ""high""}"
Ses04F_impro03_F045,behaviour_only,neutral,none,"{""emotion"": ""neutral"", ""intensity"": ""none""}"
Ses04F_impro03_M019,behaviour_only,sadness,high,"{""emotion"": ""sadness"", ""intensity"": ""high""}"
Ses04F_impro03_M027,behaviour_only,sadness,low,"{""emotion"": ""sadness"", ""intensity"": ""low""}"
Ses04F_impro03_M037,behaviour_only,sadness,high,"{""emotion"": ""sadness"", ""intensity"": ""high""}"
Ses04F_impro03_M040,behaviour_only,sadness,high,"{""emotion"": ""sadness"", ""intensity"": ""high""}"
Ses04F_impro03_M043,behaviour_only,neutral,none,"{""emotion"": ""neutral"", ""intensity"": ""none""}"
Ses04F_impro04_F000,behaviour_only,sadness,high,"{""emotion"": ""sadness"", ""intensity"": ""high""}"
Ses04F_impro04_F025,behaviour_only,neutral,none,"{""emotion"": ""neutral"", ""intensity"": ""none""}"
Ses04F_impro04_M003,behaviour_only,neutral,none,"{""emotion"": ""neutral"", ""intensity"": ""none""}"
Ses04F_impro04_M004,behaviour_only,neutral,none,"{""emotion"": ""neutral"", ""intensity"": ""none""}"
Ses04F_impro04_M013,behaviour_only,anger,high,"{""emotion"": ""anger"", ""intensity"": ""high""}"
Ses04F_impro04_M018,behaviour_only,neutral,none,"{""emotion"": ""neutral"", ""intensity"": ""none""}"
Ses04F_impro05_F004,behaviour_only,sadness,low,"{""emotion"": ""sadness"", ""intensity"": ""low""}"
Ses04F_impro05_F010,behaviour_only,sadness,high,"{""emotion"": ""sadness"", ""intensity"": ""high""}"
Ses04F_impro06_F000,behaviour_only,sadness,high,"{""emotion"": ""sadness"", ""intensity"": ""high""}"
Ses04F_impro06_F003,behaviour_only,neutral,none,"{""emotion"": ""neutral"", ""intensity"": ""none""}"
Ses04F_impro06_F004,behaviour_only,sadness,high,"{""emotion"": ""sadness"", ""intensity"": ""high""}"
Ses04F_impro06_F005,behaviour_only,neutral,none,"{""emotion"": ""neutral"", ""intensity"": ""none""}"
Ses04F_impro06_F007,behaviour_only,sadness,high,"{""emotion"": ""sadness"", ""intensity"": ""high""}"
Ses04F_impro06_F010,behaviour_only,sadness,low,"{""emotion"": ""sadness"", ""intensity"": ""low""}"
Ses04F_impro06_M006,behaviour_only,sadness,high,"{""emotion"": ""sadness"", ""intensity"": ""high""}"
Ses04F_impro06_M007,behaviour_only,sadness,high,"{""emotion"": ""sadness"", ""intensity"": ""high""}"
Ses04F_impro06_M009,behaviour_only,sadness,high,"{""emotion"": ""sadness"", ""intensity"": ""high""}"
Ses04F_impro06_M010,behaviour_only,sadness,high,"{""emotion"": ""sadness"", ""intensity"": ""high""}"
Ses04F_impro06_M011,behaviour_only,neutral,none,"{""emotion"": ""neutral"", ""intensity"": ""none""}"
Ses04F_impro06_M013,behaviour_only,sadness,high,"{""emotion"": ""sadness"", ""intensity"": ""high""}"
Ses04F_impro06_M014,behaviour_only,sadness,high,"{""emotion"": ""sadness"", ""intensity"": ""high""}"
Ses04F_impro07_F000,behaviour_only,happiness,low,"{""emotion"": ""happiness"", ""intensity"": ""low""}"
Ses04F_impro07_F001,behaviour_only,sadness,low,"{""emotion"": ""sadness"", ""intensity"": ""low""}"
Ses04F_impro07_F005,behaviour_only,sadness,low,"{""emotion"": ""sadness"", ""intensity"": ""low""}"
Ses04F_impro07_F007,behaviour_only,happiness,high,"{""emotion"": ""happiness"", ""intensity"": ""high""}"
Ses04F_impro07_F016,behaviour_only,happiness,low,"{""emotion"": ""happiness"", ""intensity"": ""low""}"
Ses04F_impro07_F029,behaviour_only,sadness,low,"{""emotion"": ""sadness"", ""intensity"": ""low""}"
Ses04F_impro07_F059,behaviour_only,sadness,low,"{""emotion"": ""sadness"", ""intensity"": ""low""}"
Ses04F_impro07_F062,behaviour_only,sadness,low,"{""emotion"": ""sadness"", ""intensity"": ""low""}"
Ses04F_impro07_F066,behaviour_only,neutral,none,"{""emotion"": ""neutral"", ""intensity"": ""none""}"
Ses04F_impro07_F079,behaviour_only,happiness,high,"{""emotion"": ""happiness"", ""intensity"": ""high""}"
Ses04F_impro07_M001,behaviour_only,sadness,high,"{""emotion"": ""sadness"", ""intensity"": ""high""}"
Ses04F_impro07_M009,behaviour_only,anger,high,"{""emotion"": ""anger"", ""intensity"": ""high""}"
Ses04F_impro07_M017,behaviour_only,sadness,low,"{""emotion"": ""sadness"", ""intensity"": ""low""}"
Ses04F_impro07_M020,behaviour_only,neutral,none,"{""emotion"": ""neutral"", ""intensity"": ""none""}"
Ses04F_impro07_M022,behaviour_only,neutral,none,"{""emotion"": ""neutral"", ""intensity"": ""none""}"
Ses04F_impro07_M023,behaviour_only,happiness,high,"{""emotion"": ""happiness"", ""intensity"": ""high""}"
Ses04F_impro07_M034,behaviour_only,anger,high,"{""emotion"": ""anger"", ""intensity"": ""high""}"
Ses04F_impro07_M035,behaviour_only,sadness,high,"{""emotion"": ""sadness"", ""intensity"": ""high""}"
Ses04F_impro07_M038,behaviour_only,sadness,high,"{""emotion"": ""sadness"", ""intensity"": ""high""}"
Ses04F_impro07_M040,behaviour_only,sadness,high,"{""emotion"": ""sadness"", ""intensity"": ""high""}"
Ses04F_impro07_M043,behaviour_only,sadness,low,"{""emotion"": ""sadness"", ""intensity"": ""low""}"
Ses04F_impro07_M050,behaviour_only,happiness,low,"{""emotion"": ""happiness"", ""intensity"": ""low""}"
Ses04F_impro07_M072,behaviour_only,neutral,none,"{""emotion"": ""neutral"", ""intensity"": ""none""}"
Ses04F_impro07_M073,behaviour_only,sadness,high,"{""emotion"": ""sadness"", ""intensity"": ""high""}"
Ses04F_impro07_M076,behaviour_only,happiness,high,"{""emotion"": ""happiness"", ""intensity"": ""high""}"
Ses04F_impro07_M077,behaviour_only,neutral,none,"{""emotion"": ""neutral"", ""intensity"": ""none""}"
Ses04F_impro07_M079,behaviour_only,neutral,none,"{""emotion"": ""neutral"", ""intensity"": ""none""}"
Ses04F_impro08_F001,behaviour_only,neutral,none,"{""emotion"": ""neutral"", ""intensity"": ""none""}"
Ses04F_impro08_F002,behaviour_only,neutral,none,"{""emotion"": ""neutral"", ""intensity"": ""none""}"
Ses04F_impro08_F009,behaviour_only,anger,high,"{""emotion"": ""anger"", ""intensity"": ""high""}"
Ses04F_impro08_F023,behaviour_only,anger,high,"{""emotion"": ""anger"", ""intensity"": ""high""}"
Ses04F_impro08_M001,behaviour_only,neutral,none,"{""emotion"": ""neutral"", ""intensity"": ""none""}"
Ses04F_impro08_M013,behaviour_only,neutral,none,"{""emotion"": ""neutral"", ""intensity"": ""none""}"
Ses04F_impro08_M015,behaviour_only,neutral,none,"{""emotion"": ""neutral"", ""intensity"": ""none""}"
Ses04F_impro08_M022,behaviour_only,sadness,high,"{""emotion"": ""sadness"", ""intensity"": ""high""}"
Ses04F_script01_1_F011,behaviour_only,anger,high,"{""emotion"": ""anger"", ""intensity"": ""high""}"
Ses04F_script01_1_F014,behaviour_only,anger,high,"{""emotion"": ""anger"", ""intensity"": ""high""}"
Ses04F_script01_1_F018,behaviour_only,neutral,none,"{""emotion"": ""neutral"", ""intensity"": ""none""}"
Ses04F_script01_1_F022,behaviour_only,neutral,none,"{""emotion"": ""neutral"", ""intensity"": ""none""}"
Ses04F_script01_1_F023,behaviour_only,anger,high,"{""emotion"": ""anger"", ""intensity"": ""high""}"
Ses04F_script01_1_F040,behaviour_only,neutral,none,"{""emotion"": ""neutral"", ""intensity"": ""none""}"
Ses04F_script01_1_M004,behaviour_only,sadness,high,"{""emotion"": ""sadness"", ""intensity"": ""high""}"
Ses04F_script01_1_M009,behaviour_only,neutral,none,"{""emotion"": ""neutral"", ""intensity"": ""none""}"
Ses04F_script01_1_M013,behaviour_only,sadness,low,"{""emotion"": ""sadness"", ""intensity"": ""low""}"
Ses04F_script01_1_M022,behaviour_only,neutral,none,"{""emotion"": ""neutral"", ""intensity"": ""none""}"
Ses04F_script01_1_M025,behaviour_only,neutral,none,"{""emotion"": ""neutral"", ""intensity"": ""none""}"
Ses04F_script01_1_M032,behaviour_only,anger,high,"{""emotion"": ""anger"", ""intensity"": ""high""}"
Ses04F_script01_2_F000,behaviour_only,anger,low,"{""emotion"": ""anger"", ""intensity"": ""low""}"
Ses04F_script01_2_M000,behaviour_only,neutral,none,"{""emotion"": ""neutral"", ""intensity"": ""none""}"
Ses04F_script01_3_F009,behaviour_only,happiness,low,"{""emotion"": ""happiness"", ""intensity"": ""low""}"
Ses04F_script01_3_F024,behaviour_only,neutral,none,"{""emotion"": ""neutral"", ""intensity"": ""none""}"
Ses04F_script01_3_F030,behaviour_only,anger,high,"{""emotion"": ""anger"", ""intensity"": ""high""}"
Ses04F_script01_3_M010,behaviour_only,sadness,high,"{""emotion"": ""sadness"", ""intensity"": ""high""}"
Ses04F_script01_3_M014,behaviour_only,sadness,low,"{""emotion"": ""sadness"", ""intensity"": ""low""}"
Ses04F_script01_3_M018,behaviour_only,sadness,high,"{""emotion"": ""sadness"", ""intensity"": ""high""}"
Ses04F_script01_3_M019,behaviour_only,happiness,low,"{""emotion"": ""happiness"", ""intensity"": ""low""}"
Ses04F_script01_3_M020,behaviour_only,sadness,high,"{""emotion"": ""sadness"", ""intensity"": ""high""}"
Ses04F_script01_3_M023,behaviour_only,sadness,high,"{""emotion"": ""sadness"", ""intensity"": ""high""}"
Ses04F_script01_3_M024,behaviour_only,sadness,high,"{""emotion"": ""sadness"", ""intensity"": ""high""}"
Ses04F_script01_3_M026,behaviour_only,sadness,high,"{""emotion"": ""sadness"", ""intensity"": ""high""}"
Ses04F_script01_3_M028,behaviour_only,sadness,high,"{""emotion"": ""sadness"", ""intensity"": ""high""}"
Ses04F_script01_3_M032,behaviour_only,sadness,high,"{""emotion"": ""sadness"", ""intensity"": ""high""}"
Ses04F_script01_3_M033,behaviour_only,sadness,low,"{""emotion"": ""sadness"", ""intensity"": ""low""}"
Ses04F_script01_3_M034,behaviour_only,sadness,high,"{""emotion"": ""sadness"", ""intensity"": ""high""}"
Ses04F_script01_3_M035,behaviour_only,sadness,high,"{""emotion"": ""sadness"", ""intensity"": ""high""}"
Ses04F_script01_3_M039,behaviour_only,sadness,low,"{""emotion"": ""sadness"", ""intensity"": ""low""}"
Ses04F_script01_3_M040,behaviour_only,sadness,low,"{""emotion"": ""sadness"", ""intensity"": ""low""}"
Ses04F_script01_3_M041,behaviour_only,sadness,low,"{""emotion"": ""sadness"", ""intensity"": ""low""}"
Ses04F_script01_3_M043,behaviour_only,neutral,none,"{""emotion"": ""neutral"", ""intensity"": ""none""}"
Ses04F_script02_1_F000,behaviour_only,sadness,high,"{""emotion"": ""sadness"", ""intensity"": ""high""}"
Ses04F_script02_1_F013,behaviour_only,anger,high,"{""emotion"": ""anger"", ""intensity"": ""high""}"
Ses04F_script02_1_M009,behaviour_only,sadness,low,"{""emotion"": ""sadness"", ""intensity"": ""low""}"
Ses04F_script02_1_M010,behaviour_only,sadness,high,"{""emotion"": ""sadness"", ""intensity"": ""high""}"
Ses04F_script02_1_M023,behaviour_only,sadness,low,"{""emotion"": ""sadness"", ""intensity"": ""low""}"
Ses04F_script02_1_M032,behaviour_only,sadness,low,"{""emotion"": ""sadness"", ""intensity"": ""low""}"
Ses04F_script02_1_M034,behaviour_only,neutral,none,"{""emotion"": ""neutral"", ""intensity"": ""none""}"
Ses04F_script02_1_M036,behaviour_only,neutral,none,"{""emotion"": ""neutral"", ""intensity"": ""none""}"
Ses04F_script02_1_M040,behaviour_only,neutral,none,"{""emotion"": ""neutral"", ""intensity"": ""none""}"
Ses04F_script02_2_F008,behaviour_only,sadness,high,"{""emotion"": ""sadness"", ""intensity"": ""high""}"
Ses04F_script02_2_F019,behaviour_only,neutral,none,"{""emotion"": ""neutral"", ""intensity"": ""none""}"
Ses04F_script02_2_F020,behaviour_only,neutral,none,"{""emotion"": ""neutral"", ""intensity"": ""none""}"
Ses04F_script02_2_F021,behaviour_only,neutral,none,"{""emotion"": ""neutral"", ""intensity"": ""none""}"
Ses04F_script02_2_F022,behaviour_only,happiness,high,"{""emotion"": ""happiness"", ""intensity"": ""high""}"
Ses04F_script02_2_F037,behaviour_only,neutral,none,"{""emotion"": ""neutral"", ""intensity"": ""none""}"
Ses04F_script02_2_F041,behaviour_only,happiness,low,"{""emotion"": ""happiness"", ""intensity"": ""low""}"
Ses04F_script02_2_F043,behaviour_only,sadness,low,"{""emotion"": ""sadness"", ""intensity"": ""low""}"
Ses04F_script02_2_F045,behaviour_only,neutral,none,"{""emotion"": ""neutral"", ""intensity"": ""none""}"
Ses04F_script02_2_F046,behaviour_only,sadness,high,"{""emotion"": ""sadness"", ""intensity"": ""high""}"
Ses04F_script02_2_M021,behaviour_only,neutral,none,"{""emotion"": ""neutral"", ""intensity"": ""none""}"
Ses04F_script02_2_M046,behaviour_only,sadness,high,"{""emotion"": ""sadness"", ""intensity"": ""high""}"
Ses04F_script02_2_M047,behaviour_only,sadness,high,"{""emotion"": ""sadness"", ""intensity"": ""high""}"
Ses04F_script03_1_F007,behaviour_only,neutral,none,"{""emotion"": ""neutral"", ""intensity"": ""none""}"
Ses04F_script03_1_F017,behaviour_only,sadness,low,"{""emotion"": ""sadness"", ""intensity"": ""low""}"
Ses04F_script03_1_F030,behaviour_only,neutral,none,"{""emotion"": ""neutral"", ""intensity"": ""none""}"
Ses04F_script03_2_F013,behaviour_only,neutral,none,"{""emotion"": ""neutral"", ""intensity"": ""none""}"
Ses04F_script03_2_F019,behaviour_only,anger,high,"{""emotion"": ""anger"", ""intensity"": ""high""}"
Ses04F_script03_2_F020,behaviour_only,sadness,low,"{""emotion"": ""sadness"", ""intensity"": ""low""}"
Ses04F_script03_2_F023,behaviour_only,happiness,low,"{""emotion"": ""happiness"", ""intensity"": ""low""}"
Ses04F_script03_2_F024,behaviour_only,sadness,low,"{""emotion"": ""sadness"", ""intensity"": ""low""}"
Ses04F_script03_2_F038,behaviour_only,sadness,high,"{""emotion"": ""sadness"", ""intensity"": ""high""}"
Ses04F_script03_2_M000,behaviour_only,anger,low,"{""emotion"": ""anger"", ""intensity"": ""low""}"
Ses04F_script03_2_M005,behaviour_only,anger,high,"{""emotion"": ""anger"", ""intensity"": ""high""}"
Ses04F_script03_2_M006,behaviour_only,neutral,none,"{""emotion"": ""neutral"", ""intensity"": ""none""}"
Ses04F_script03_2_M014,behaviour_only,sadness,low,"{""emotion"": ""sadness"", ""intensity"": ""low""}"
Ses04F_script03_2_M015,behaviour_only,neutral,none,"{""emotion"": ""neutral"", ""intensity"": ""none""}"
Ses04F_script03_2_M040,behaviour_only,sadness,high,"{""emotion"": ""sadness"", ""intensity"": ""high""}"
Ses04F_script03_2_M045,behaviour_only,happiness,high,"{""emotion"": ""happiness"", ""intensity"": ""high""}"
Ses04M_impro01_F000,behaviour_only,sadness,low,"{""emotion"": ""sadness"", ""intensity"": ""moderate""}"
Ses04M_impro01_F001,behaviour_only,anger,high,"{""emotion"": ""anger"", ""intensity"": ""high""}"
Ses04M_impro01_F012,behaviour_only,sadness,low,"{""emotion"": ""sadness"", ""intensity"": ""low""}"
Ses04M_impro01_M003,behaviour_only,neutral,none,"{""emotion"": ""neutral"", ""intensity"": ""none""}"
Ses04M_impro02_F009,behaviour_only,sadness,low,"{""emotion"": ""sadness"", ""intensity"": ""low""}"
Ses04M_impro02_F020,behaviour_only,sadness,high,"{""emotion"": ""sadness"", ""intensity"": ""high""}"
Ses04M_impro03_F004,behaviour_only,sadness,low,"{""emotion"": ""sadness"", ""intensity"": ""low""}"
Ses04M_impro03_F006,behaviour_only,sadness,low,"{""emotion"": ""sadness"", ""intensity"": ""low""}"
Ses04M_impro03_F011,behaviour_only,sadness,low,"{""emotion"": ""sadness"", ""intensity"": ""low""}"
Ses04M_impro03_F016,behaviour_only,neutral,none,"{""emotion"": ""neutral"", ""intensity"": ""none""}"
Ses04M_impro03_M009,behaviour_only,sadness,low,"{""emotion"": ""sadness"", ""intensity"": ""low""}"
Ses04M_impro03_M017,behaviour_only,neutral,none,"{""emotion"": ""neutral"", ""intensity"": ""none""}"
Ses04M_impro03_M020,behaviour_only,happiness,low,"{""emotion"": ""happiness"", ""intensity"": ""low""}"
Ses04M_impro03_M021,behaviour_only,neutral,none,"{""emotion"": ""neutral"", ""intensity"": ""none""}"
Ses04M_impro03_M025,behaviour_only,sadness,low,"{""emotion"": ""sadness"", ""intensity"": ""low""}"
Ses04M_impro03_M030,behaviour_only,happiness,high,"{""emotion"": ""happiness"", ""intensity"": ""high""}"
Ses04M_impro04_F000,behaviour_only,anger,high,"{""emotion"": ""anger"", ""intensity"": ""high""}"
Ses04M_impro04_F003,behaviour_only,anger,high,"{""emotion"": ""anger"", ""intensity"": ""high""}"
Ses04M_impro04_F004,behaviour_only,anger,high,"{""emotion"": ""anger"", ""intensity"": ""high""}"
Ses04M_impro04_F006,behaviour_only,sadness,high,"{""emotion"": ""sadness"", ""intensity"": ""high""}"
Ses04M_impro04_F007,behaviour_only,neutral,none,"{""emotion"": ""neutral"", ""intensity"": ""none""}"
Ses04M_impro04_F015,behaviour_only,anger,high,"{""emotion"": ""anger"", ""intensity"": ""high""}"
Ses04M_impro04_F016,behaviour_only,neutral,none,"{""emotion"": ""neutral"", ""intensity"": ""none""}"
Ses04M_impro04_F017,behaviour_only,sadness,high,"{""emotion"": ""sadness"", ""intensity"": ""high""}"
Ses04M_impro04_M020,behaviour_only,sadness,low,"{""emotion"": ""sadness"", ""intensity"": ""low""}"
Ses04M_impro05_F001,behaviour_only,sadness,high,"{""emotion"": ""sadness"", ""intensity"": ""high""}"
Ses04M_impro05_F007,behaviour_only,sadness,low,"{""emotion"": ""sadness"", ""intensity"": ""low""}"
Ses04M_impro05_F008,behaviour_only,neutral,none,"{""emotion"": ""neutral"", ""intensity"": ""none""}"
Ses04M_impro05_F017,behaviour_only,sadness,low,"{""emotion"": ""sadness"", ""intensity"": ""low""}"
Ses04M_impro05_F019,behaviour_only,sadness,low,"{""emotion"": ""sadness"", ""intensity"": ""low""}"
Ses04M_impro05_F036,behaviour_only,neutral,none,"{""emotion"": ""neutral"", ""intensity"": ""none""}"
Ses04M_impro05_F037,behaviour_only,neutral,none,"{""emotion"": ""neutral"", ""intensity"": ""none""}"
Ses04M_impro05_M011,behaviour_only,neutral,none,"{""emotion"": ""neutral"", ""intensity"": ""none""}"
Ses04M_impro05_M014,behaviour_only,neutral,none,"{""emotion"": ""neutral"", ""intensity"": ""none""}"
Ses04M_impro05_M017,behaviour_only,neutral,none,"{""emotion"": ""neutral"", ""intensity"": ""none""}"
Ses04M_impro05_M022,behaviour_only,neutral,none,"{""emotion"": ""neutral"", ""intensity"": ""none""}"
Ses04M_impro05_M044,behaviour_only,anger,high,"{""emotion"": ""anger"", ""intensity"": ""high""}"
Ses04M_impro06_F001,behaviour_only,sadness,low,"{""emotion"": ""sadness"", ""intensity"": ""low""}"
Ses04M_impro06_F002,behaviour_only,sadness,high,"{""emotion"": ""sadness"", ""intensity"": ""high""}"
Ses04M_impro06_F005,behaviour_only,sadness,high,"{""emotion"": ""sadness"", ""intensity"": ""high""}"
Ses04M_impro06_F006,behaviour_only,sadness,high,"{""emotion"": ""sadness"", ""intensity"": ""high""}"
Ses04M_impro06_F007,behaviour_only,sadness,high,"{""emotion"": ""sadness"", ""intensity"": ""high""}"
Ses04M_impro06_F008,behaviour_only,neutral,none,"{""emotion"": ""neutral"", ""intensity"": ""none""}"
Ses04M_impro06_F009,behaviour_only,sadness,low,"{""emotion"": ""sadness"", ""intensity"": ""low""}"
Ses04M_impro06_F012,behaviour_only,sadness,high,"{""emotion"": ""sadness"", ""intensity"": ""high""}"
Ses04M_impro06_F014,behaviour_only,sadness,high,"{""emotion"": ""sadness"", ""intensity"": ""high""}"
Ses04M_impro06_F017,behaviour_only,sadness,high,"{""emotion"": ""sadness"", ""intensity"": ""high""}"
Ses04M_impro06_F018,behaviour_only,sadness,high,"{""emotion"": ""sadness"", ""intensity"": ""high""}"
Ses04M_impro06_F019,behaviour_only,sadness,low,"{""emotion"": ""sadness"", ""intensity"": ""low""}"
Ses04M_impro06_M000,behaviour_only,neutral,none,"{""emotion"": ""neutral"", ""intensity"": ""none""}"
Ses04M_impro06_M003,behaviour_only,sadness,high,"{""emotion"": ""sadness"", ""intensity"": ""high""}"
Ses04M_impro06_M006,behaviour_only,sadness,high,"{""emotion"": ""sadness"", ""intensity"": ""high""}"
Ses04M_impro06_M008,behaviour_only,sadness,high,"{""emotion"": ""sadness"", ""intensity"": ""high""}"
Ses04M_impro06_M009,behaviour_only,sadness,high,"{""emotion"": ""sadness"", ""intensity"": ""high""}"
Ses04M_impro06_M011,behaviour_only,sadness,high,"{""emotion"": ""sadness"", ""intensity"": ""high""}"
Ses04M_impro06_M012,behaviour_only,sadness,high,"{""emotion"": ""sadness"", ""intensity"": ""high""}"
Ses04M_impro06_M017,behaviour_only,sadness,high,"{""emotion"": ""sadness"", ""intensity"": ""high""}"
Ses04M_impro07_F002,behaviour_only,sadness,high,"{""emotion"": ""sadness"", ""intensity"": ""high""}"
Ses04M_impro07_F003,behaviour_only,anger,high,"{""emotion"": ""anger"", ""intensity"": ""high""}"
Ses04M_impro07_F006,behaviour_only,sadness,low,"{""emotion"": ""sadness"", ""intensity"": ""low""}"
Ses04M_impro07_F009,behaviour_only,sadness,low,"{""emotion"": ""sadness"", ""intensity"": ""low""}"
Ses04M_impro07_F011,behaviour_only,sadness,low,"{""emotion"": ""sadness"", ""intensity"": ""low""}"
Ses04M_impro07_F014,behaviour_only,anger,low,"{""emotion"": ""anger"", ""intensity"": ""low""}"
Ses04M_impro07_F022,behaviour_only,happiness,high,"{""emotion"": ""happiness"", ""intensity"": ""high""}"
Ses04M_impro07_F023,behaviour_only,sadness,high,"{""emotion"": ""sadness"", ""intensity"": ""high""}"
Ses04M_impro07_F027,behaviour_only,sadness,low,"{""emotion"": ""sadness"", ""intensity"": ""low""}"
Ses04M_impro07_M000,behaviour_only,happiness,low,"{""emotion"": ""happiness"", ""intensity"": ""low""}"
Ses04M_impro07_M007,behaviour_only,sadness,low,"{""emotion"": ""sadness"", ""intensity"": ""low""}"
Ses04M_impro07_M011,behaviour_only,happiness,low,"{""emotion"": ""happiness"", ""intensity"": ""low""}"
Ses04M_impro07_M021,behaviour_only,anger,high,"{""emotion"": ""anger"", ""intensity"": ""high""}"
Ses04M_impro07_M026,behaviour_only,neutral,none,"{""emotion"": ""neutral"", ""intensity"": ""none""}"
Ses04M_impro07_M030,behaviour_only,neutral,none,"{""emotion"": ""neutral"", ""intensity"": ""none""}"
Ses04M_impro07_M032,behaviour_only,anger,high,"{""emotion"": ""anger"", ""intensity"": ""high""}"
Ses04M_impro07_M035,behaviour_only,anger,low,"{""emotion"": ""anger"", ""intensity"": ""low""}"
Ses04M_impro08_F020,behaviour_only,sadness,high,"{""emotion"": ""sadness"", ""intensity"": ""high""}"
Ses04M_impro08_F027,behaviour_only,sadness,high,"{""emotion"": ""sadness"", ""intensity"": ""high""}"
Ses04M_impro08_F030,behaviour_only,sadness,high,"{""emotion"": ""sadness"", ""intensity"": ""high""}"
Ses04M_impro08_M010,behaviour_only,neutral,none,"{""emotion"": ""neutral"", ""intensity"": ""none""}"
Ses04M_impro08_M013,behaviour_only,neutral,none,"{""emotion"": ""neutral"", ""intensity"": ""none""}"
Ses04M_impro08_M024,behaviour_only,neutral,none,"{""emotion"": ""neutral"", ""intensity"": ""none""}"
Ses04M_script01_1_F000,behaviour_only,sadness,low,"{""emotion"": ""sadness"", ""intensity"": ""low""}"
Ses04M_script01_1_F007,behaviour_only,sadness,low,"{""emotion"": ""sadness"", ""intensity"": ""low""}"
Ses04M_script01_1_F015,behaviour_only,sadness,high,"{""emotion"": ""sadness"", ""intensity"": ""high""}"
Ses04M_script01_1_F017,behaviour_only,sadness,low,"{""emotion"": ""sadness"", ""intensity"": ""low""}"
Ses04M_script01_1_F018,behaviour_only,anger,high,"{""emotion"": ""anger"", ""intensity"": ""high""}"
Ses04M_script01_1_F022,behaviour_only,anger,high,"{""emotion"": ""anger"", ""intensity"": ""high""}"
Ses04M_script01_1_F027,behaviour_only,anger,high,"{""emotion"": ""anger"", ""intensity"": ""high""}"
Ses04M_script01_1_F028,behaviour_only,anger,high,"{""emotion"": ""anger"", ""intensity"": ""high""}"
Ses04M_script01_1_F034,behaviour_only,anger,high,"{""emotion"": ""anger"", ""intensity"": ""high""}"
Ses04M_script01_1_F039,behaviour_only,anger,high,"{""emotion"": ""anger"", ""intensity"": ""high""}"
Ses04M_script01_1_M000,behaviour_only,sadness,high,"{""emotion"": ""sadness"", ""intensity"": ""high""}"
Ses04M_script01_1_M022,behaviour_only,anger,high,"{""emotion"": ""anger"", ""intensity"": ""high""}"
Ses04M_script01_1_M031,behaviour_only,anger,low,"{""emotion"": ""anger"", ""intensity"": ""low""}"
Ses04M_script01_1_M034,behaviour_only,anger,high,"{""emotion"": ""anger"", ""intensity"": ""high""}"
Ses04M_script01_1_M037,behaviour_only,anger,high,"{""emotion"": ""anger"", ""intensity"": ""high""}"
Ses04M_script01_2_F001,behaviour_only,sadness,high,"{""emotion"": ""sadness"", ""intensity"": ""high""}"
Ses04M_script01_2_F007,behaviour_only,sadness,high,"{""emotion"": ""sadness"", ""intensity"": ""high""}"
Ses04M_script01_2_F014,behaviour_only,neutral,none,"{""emotion"": ""neutral"", ""intensity"": ""none""}"
Ses04M_script01_2_F020,behaviour_only,neutral,none,"{""emotion"": ""neutral"", ""intensity"": ""none""}"
Ses04M_script01_2_M000,behaviour_only,sadness,high,"{""emotion"": ""sadness"", ""intensity"": ""high""}"
Ses04M_script01_2_M005,behaviour_only,neutral,none,"{""emotion"": ""neutral"", ""intensity"": ""none""}"
Ses04M_script01_3_F023,behaviour_only,sadness,high,"{""emotion"": ""sadness"", ""intensity"": ""high""}"
Ses04M_script01_3_M023,behaviour_only,anger,high,"{""emotion"": ""anger"", ""intensity"": ""high""}"
Ses04M_script01_3_M024,behaviour_only,sadness,high,"{""emotion"": ""sadness"", ""intensity"": ""high""}"
Ses04M_script01_3_M025,behaviour_only,sadness,high,"{""emotion"": ""sadness"", ""intensity"": ""high""}"
Ses04M_script01_3_M026,behaviour_only,neutral,none,"{""emotion"": ""neutral"", ""intensity"": ""none""}"
Ses04M_script01_3_M030,behaviour_only,neutral,none,"{""emotion"": ""neutral"", ""intensity"": ""none""}"
Ses04M_script01_3_M031,behaviour_only,happiness,high,"{""emotion"": ""happiness"", ""intensity"": ""high""}"
Ses04M_script01_3_M032,behaviour_only,sadness,high,"{""emotion"": ""sadness"", ""intensity"": ""high""}"
Ses04M_script01_3_M034,behaviour_only,neutral,none,"{""emotion"": ""neutral"", ""intensity"": ""none""}"
Ses04M_script01_3_M035,behaviour_only,sadness,high,"{""emotion"": ""sadness"", ""intensity"": ""high""}"
Ses04M_script02_1_F012,behaviour_only,sadness,low,"{""emotion"": ""sadness"", ""intensity"": ""low""}"
Ses04M_script02_1_M002,behaviour_only,neutral,none,"{""emotion"": ""neutral"", ""intensity"": ""none""}"
Ses04M_script02_1_M009,behaviour_only,sadness,low,"{""emotion"": ""sadness"", ""intensity"": ""low""}"
Ses04M_script02_1_M018,behaviour_only,neutral,none,"{""emotion"": ""neutral"", ""intensity"": ""none""}"
Ses04M_script02_1_M020,behaviour_only,sadness,high,"{""emotion"": ""sadness"", ""intensity"": ""high""}"
Ses04M_script02_1_M021,behaviour_only,sadness,high,"{""emotion"": ""sadness"", ""intensity"": ""high""}"
Ses04M_script02_1_M030,behaviour_only,neutral,none,"{""emotion"": ""neutral"", ""intensity"": ""none""}"
Ses04M_script02_1_M033,behaviour_only,sadness,high,"{""emotion"": ""sadness"", ""intensity"": ""high""}"
Ses04M_script02_2_F000,behaviour_only,sadness,high,"{""emotion"": ""sadness"", ""intensity"": ""high""}"
Ses04M_script02_2_F013,behaviour_only,anger,low,"{""emotion"": ""anger"", ""intensity"": ""low""}"
Ses04M_script02_2_F016,behaviour_only,happiness,low,"{""emotion"": ""happiness"", ""intensity"": ""low""}"
Ses04M_script02_2_F018,behaviour_only,neutral,none,"{""emotion"": ""neutral"", ""intensity"": ""none""}"
Ses04M_script02_2_F020,behaviour_only,sadness,high,"{""emotion"": ""sadness"", ""intensity"": ""high""}"
Ses04M_script02_2_F028,behaviour_only,sadness,low,"{""emotion"": ""sadness"", ""intensity"": ""low""}"
Ses04M_script02_2_F029,behaviour_only,anger,high,"{""emotion"": ""anger"", ""intensity"": ""high""}"
Ses04M_script02_2_F032,behaviour_only,sadness,high,"{""emotion"": ""sadness"", ""intensity"": ""high""}"
Ses04M_script02_2_M031,behaviour_only,anger,high,"{""emotion"": ""anger"", ""intensity"": ""high""}"
Ses04M_script02_2_M034,behaviour_only,anger,high,"{""emotion"": ""anger"", ""intensity"": ""high""}"
Ses04M_script02_2_M037,behaviour_only,anger,high,"{""emotion"": ""anger"", ""intensity"": ""high""}"
Ses04M_script02_2_M039,behaviour_only,sadness,high,"{""emotion"": ""sadness"", ""intensity"": ""high""}"
Ses04M_script02_2_M040,behaviour_only,sadness,low,"{""emotion"": ""sadness"", ""intensity"": ""low""}"
Ses04M_script03_1_F015,behaviour_only,sadness,low,"{""emotion"": ""sadness"", ""intensity"": ""low""}"
Ses04M_script03_1_F024,behaviour_only,anger,low,"{""emotion"": ""anger"", ""intensity"": ""low""}"
Ses04M_script03_1_F028,behaviour_only,neutral,none,"{""emotion"": ""neutral"", ""intensity"": ""none""}"
Ses04M_script03_1_M013,behaviour_only,neutral,none,"{""emotion"": ""neutral"", ""intensity"": ""none""}"
Ses04M_script03_1_M029,behaviour_only,anger,high,"{""emotion"": ""anger"", ""intensity"": ""high""}"
Ses04M_script03_2_F009,behaviour_only,sadness,high,"{""emotion"": ""sadness"", ""intensity"": ""high""}"
Ses04M_script03_2_F017,behaviour_only,sadness,low,"{""emotion"": ""sadness"", ""intensity"": ""low""}"
Ses04M_script03_2_F019,behaviour_only,sadness,low,"{""emotion"": ""sadness"", ""intensity"": ""low""}"
Ses04M_script03_2_F029,behaviour_only,neutral,none,"{""emotion"": ""neutral"", ""intensity"": ""none""}"
Ses04M_script03_2_F032,behaviour_only,anger,high,"{""emotion"": ""anger"", ""intensity"": ""high""}"
Ses04M_script03_2_F033,behaviour_only,neutral,none,"{""emotion"": ""neutral"", ""intensity"": ""none""}"
Ses04M_script03_2_F037,behaviour_only,sadness,low,"{""emotion"": ""sadness"", ""intensity"": ""low""}"
Ses04M_script03_2_F039,behaviour_only,sadness,low,"{""emotion"": ""sadness"", ""intensity"": ""low""}"
Ses04M_script03_2_F040,behaviour_only,neutral,none,"{""emotion"": ""neutral"", ""intensity"": ""none""}"
Ses04M_script03_2_F043,behaviour_only,sadness,low,"{""emotion"": ""sadness"", ""intensity"": ""low""}"
Ses04M_script03_2_F044,behaviour_only,neutral,none,"{""emotion"": ""neutral"", ""intensity"": ""none""}"
Ses04M_script03_2_F052,behaviour_only,sadness,high,"{""emotion"": ""sadness"", ""intensity"": ""high""}"
Ses04M_script03_2_M010,behaviour_only,anger,high,"{""emotion"": ""anger"", ""intensity"": ""high""}"
Ses04M_script03_2_M011,behaviour_only,anger,high,"{""emotion"": ""anger"", ""intensity"": ""high""}"
Ses04M_script03_2_M013,behaviour_only,anger,high,"{""emotion"": ""anger"", ""intensity"": ""high""}"
Ses04M_script03_2_M026,behaviour_only,sadness,high,"{""emotion"": ""sadness"", ""intensity"": ""high""}"
Ses04M_script03_2_M027,behaviour_only,anger,high,"{""emotion"": ""anger"", ""intensity"": ""high""}"
Ses04M_script03_2_M030,behaviour_only,anger,high,"{""emotion"": ""anger"", ""intensity"": ""high""}"
Ses04M_script03_2_M035,behaviour_only,neutral,none,"{""emotion"": ""neutral"", ""intensity"": ""none""}"
Ses04M_script03_2_M041,behaviour_only,anger,high,"{""emotion"": ""anger"", ""intensity"": ""high""}"
Ses04M_script03_2_M046,behaviour_only,anger,high,"{""emotion"": ""anger"", ""intensity"": ""high""}"
Ses04M_script03_2_M048,behaviour_only,neutral,none,"{""emotion"": ""neutral"", ""intensity"": ""none""}"
Ses04M_script03_2_M051,behaviour_only,anger,high,"{""emotion"": ""anger"", ""intensity"": ""high""}"
Ses04M_script03_2_M053,behaviour_only,anger,high,"{""emotion"": ""anger"", ""intensity"": ""high""}"
Ses04M_script03_2_M054,behaviour_only,anger,high,"{""emotion"": ""anger"", ""intensity"": ""high""}"
Ses04M_script03_2_M056,behaviour_only,sadness,high,"{""emotion"": ""sadness"", ""intensity"": ""high""}"
Ses05F_impro01_F000,behaviour_only,happiness,high,"{""emotion"": ""happiness"", ""intensity"": ""high""}"
Ses05F_impro01_F008,behaviour_only,anger,high,"{""emotion"": ""anger"", ""intensity"": ""high""}"
Ses05F_impro01_F017,behaviour_only,anger,high,"{""emotion"": ""anger"", ""intensity"": ""high""}"
Ses05F_impro01_F018,behaviour_only,sadness,high,"{""emotion"": ""sadness"", ""intensity"": ""high""}"
Ses05F_impro01_M003,behaviour_only,anger,high,"{""emotion"": ""anger"", ""intensity"": ""high""}"
Ses05F_impro02_F004,behaviour_only,neutral,none,"{""emotion"": ""neutral"", ""intensity"": ""none""}"
Ses05F_impro02_F005,behaviour_only,anger,high,"{""emotion"": ""anger"", ""intensity"": ""high""}"
Ses05F_impro02_F009,behaviour_only,sadness,high,"{""emotion"": ""sadness"", ""intensity"": ""high""}"
Ses05F_impro02_F011,behaviour_only,sadness,high,"{""emotion"": ""sadness"", ""intensity"": ""high""}"
Ses05F_impro02_F023,behaviour_only,sadness,high,"{""emotion"": ""sadness"", ""intensity"": ""high""}"
Ses05F_impro02_F027,behaviour_only,sadness,high,"{""emotion"": ""sadness"", ""intensity"": ""high""}"
Ses05F_impro02_F031,behaviour_only,neutral,none,"{""emotion"": ""neutral"", ""intensity"": ""none""}"
Ses05F_impro02_F036,behaviour_only,sadness,high,"{""emotion"": ""sadness"", ""intensity"": ""high""}"
Ses05F_impro02_F038,behaviour_only,sadness,high,"{""emotion"": ""sadness"", ""intensity"": ""high""}"
Ses05F_impro02_M010,behaviour_only,anger,high,"{""emotion"": ""anger"", ""intensity"": ""high""}"
Ses05F_impro02_M025,behaviour_only,sadness,high,"{""emotion"": ""sadness"", ""intensity"": ""high""}"
Ses05F_impro02_M031,behaviour_only,sadness,high,"{""emotion"": ""sadness"", ""intensity"": ""high""}"
Ses05F_impro02_M032,behaviour_only,sadness,high,"{""emotion"": ""sadness"", ""intensity"": ""high""}"
Ses05F_impro02_M033,behaviour_only,sadness,high,"{""emotion"": ""sadness"", ""intensity"": ""high""}"
Ses05F_impro02_M034,behaviour_only,sadness,low,"{""emotion"": ""sadness"", ""intensity"": ""low""}"
Ses05F_impro03_F000,behaviour_only,happiness,high,"{""emotion"": ""happiness"", ""intensity"": ""high""}"
Ses05F_impro03_F001,behaviour_only,happiness,low,"{""emotion"": ""happiness"", ""intensity"": ""low""}"
Ses05F_impro03_F003,behaviour_only,happiness,high,"{""emotion"": ""happiness"", ""intensity"": ""high""}"
Ses05F_impro03_F009,behaviour_only,happiness,high,"{""emotion"": ""happiness"", ""intensity"": ""high""}"
Ses05F_impro03_F011,behaviour_only,happiness,high,"{""emotion"": ""happiness"", ""intensity"": ""high""}"
Ses05F_impro03_F027,behaviour_only,happiness,high,"{""emotion"": ""happiness"", ""intensity"": ""high""}"
Ses05F_impro03_F032,behaviour_only,happiness,low,"{""emotion"": ""happiness"", ""intensity"": ""low""}"
Ses05F_impro03_F034,behaviour_only,happiness,high,"{""emotion"": ""happiness"", ""intensity"": ""high""}"
Ses05F_impro03_M000,behaviour_only,neutral,none,"{""emotion"": ""neutral"", ""intensity"": ""none""}"
Ses05F_impro03_M007,behaviour_only,neutral,none,"{""emotion"": ""neutral"", ""intensity"": ""none""}"
Ses05F_impro03_M009,behaviour_only,sadness,low,"{""emotion"": ""sadness"", ""intensity"": ""low""}"
Ses05F_impro03_M036,behaviour_only,neutral,none,"{""emotion"": ""neutral"", ""intensity"": ""none""}"
Ses05F_impro03_M041,behaviour_only,sadness,high,"{""emotion"": ""sadness"", ""intensity"": ""high""}"
Ses05F_impro03_M043,behaviour_only,happiness,high,"{""emotion"": ""happiness"", ""intensity"": ""high""}"
Ses05F_impro03_M051,behaviour_only,happiness,low,"{""emotion"": ""happiness"", ""intensity"": ""low""}"
Ses05F_impro03_M060,behaviour_only,anger,high,"{""emotion"": ""anger"", ""intensity"": ""high""}"
Ses05F_impro03_M061,behaviour_only,neutral,none,"{""emotion"": ""neutral"", ""intensity"": ""none""}"
Ses05F_impro04_F000,behaviour_only,anger,high,"{""emotion"": ""anger"", ""intensity"": ""high""}"
Ses05F_impro04_F016,behaviour_only,anger,high,"{""emotion"": ""anger"", ""intensity"": ""high""}"
Ses05F_impro04_F022,behaviour_only,neutral,none,"{""emotion"": ""neutral"", ""intensity"": ""none""}"
Ses05F_impro04_M003,behaviour_only,sadness,low,"{""emotion"": ""sadness"", ""intensity"": ""low""}"
Ses05F_impro04_M013,behaviour_only,sadness,high,"{""emotion"": ""sadness"", ""intensity"": ""high""}"
Ses05F_impro04_M017,behaviour_only,sadness,high,"{""emotion"": ""sadness"", ""intensity"": ""high""}"
Ses05F_impro04_M026,behaviour_only,sadness,high,"{""emotion"": ""sadness"", ""intensity"": ""high""}"
Ses05F_impro04_M028,behaviour_only,anger,high,"{""emotion"": ""anger"", ""intensity"": ""high""}"
Ses05F_impro04_M029,behaviour_only,sadness,low,"{""emotion"": ""sadness"", ""intensity"": ""low""}"
Ses05F_impro04_M031,behaviour_only,anger,high,"{""emotion"": ""anger"", ""intensity"": ""high""}"
Ses05F_impro04_M032,behaviour_only,sadness,high,"{""emotion"": ""sadness"", ""intensity"": ""high""}"
Ses05F_impro04_M040,behaviour_only,sadness,high,"{""emotion"": ""sadness"", ""intensity"": ""high""}"
Ses05F_impro04_M043,behaviour_only,anger,high,"{""emotion"": ""anger"", ""intensity"": ""high""}"
Ses05F_impro05_F002,behaviour_only,neutral,none,"{""emotion"": ""neutral"", ""intensity"": ""none""}"
Ses05F_impro05_F004,behaviour_only,sadness,low,"{""emotion"": ""sadness"", ""intensity"": ""low""}"
Ses05F_impro05_F005,behaviour_only,sadness,high,"{""emotion"": ""sadness"", ""intensity"": ""high""}"
Ses05F_impro05_F018,behaviour_only,anger,high,"{""emotion"": ""anger"", ""intensity"": ""high""}"
Ses05F_impro05_F019,behaviour_only,anger,high,"{""emotion"": ""anger"", ""intensity"": ""high""}"
Ses05F_impro05_F022,behaviour_only,anger,high,"{""emotion"": ""anger"", ""intensity"": ""high""}"
Ses05F_impro05_F024,behaviour_only,anger,high,"{""emotion"": ""anger"", ""intensity"": ""high""}"
Ses05F_impro05_F041,behaviour_only,anger,high,"{""emotion"": ""anger"", ""intensity"": ""high""}"
Ses05F_impro05_F042,behaviour_only,anger,high,"{""emotion"": ""anger"", ""intensity"": ""high""}"
Ses05F_impro05_M009,behaviour_only,sadness,high,"{""emotion"": ""sadness"", ""intensity"": ""high""}"
Ses05F_impro05_M010,behaviour_only,sadness,high,"{""emotion"": ""sadness"", ""intensity"": ""high""}"
Ses05F_impro05_M018,behaviour_only,sadness,high,"{""emotion"": ""sadness"", ""intensity"": ""high""}"
Ses05F_impro05_M022,behaviour_only,anger,high,"{""emotion"": ""anger"", ""intensity"": ""high""}"
Ses05F_impro05_M032,behaviour_only,anger,high,"{""emotion"": ""anger"", ""intensity"": ""high""}"
Ses05F_impro05_M033,behaviour_only,anger,low,"{""emotion"": ""anger"", ""intensity"": ""low""}"
Ses05F_impro05_M034,behaviour_only,anger,high,"{""emotion"": ""anger"", ""intensity"": ""high""}"
Ses05F_impro05_M036,behaviour_only,sadness,high,"{""emotion"": ""sadness"", ""intensity"": ""high""}"
Ses05F_impro05_M041,behaviour_only,sadness,low,"{""emotion"": ""sadness"", ""intensity"": ""moderate""}"
Ses05F_impro06_F001,behaviour_only,sadness,high,"{""emotion"": ""sadness"", ""intensity"": ""high""}"
Ses05F_impro06_F002,behaviour_only,sadness,high,"{""emotion"": ""sadness"", ""intensity"": ""high""}"
Ses05F_impro06_F003,behaviour_only,sadness,high,"{""emotion"": ""sadness"", ""intensity"": ""high""}"
Ses05F_impro06_F004,behaviour_only,neutral,none,"{""emotion"": ""neutral"", ""intensity"": ""none""}"
Ses05F_impro06_F010,behaviour_only,neutral,none,"{""emotion"": ""neutral"", ""intensity"": ""none""}"
Ses05F_impro06_F018,behaviour_only,sadness,high,"{""emotion"": ""sadness"", ""intensity"": ""high""}"
Ses05F_impro06_F021,behaviour_only,neutral,none,"{""emotion"": ""neutral"", ""intensity"": ""none""}"
Ses05F_impro06_F022,behaviour_only,sadness,high,"{""emotion"": ""sadness"", ""intensity"": ""high""}"
Ses05F_impro06_F026,behaviour_only,neutral,none,"{""emotion"": ""neutral"", ""intensity"": ""none""}"
Ses05F_impro06_M002,behaviour_only,sadness,high,"{""emotion"": ""sadness"", ""intensity"": ""high""}"
Ses05F_impro06_M003,behaviour_only,sadness,high,"{""emotion"": ""sadness"", ""intensity"": ""high""}"
Ses05F_impro06_M005,behaviour_only,sadness,high,"{""emotion"": ""sadness"", ""intensity"": ""high""}"
Ses05F_impro06_M006,behaviour_only,sadness,high,"{""emotion"": ""sadness"", ""intensity"": ""high""}"
Ses05F_impro06_M007,behaviour_only,sadness,high,"{""emotion"": ""sadness"", ""intensity"": ""high""}"
Ses05F_impro06_M014,behaviour_only,sadness,high,"{""emotion"": ""sadness"", ""intensity"": ""high""}"
Ses05F_impro06_M021,behaviour_only,sadness,high,"{""emotion"": ""sadness"", ""intensity"": ""high""}"
Ses05F_impro06_M023,behaviour_only,anger,high,"{""emotion"": ""anger"", ""intensity"": ""high""}"
Ses05F_impro07_F001,behaviour_only,happiness,high,"{""emotion"": ""happiness"", ""intensity"": ""high""}"
Ses05F_impro07_F002,behaviour_only,happiness,high,"{""emotion"": ""happiness"", ""intensity"": ""high""}"
Ses05F_impro07_F004,behaviour_only,happiness,high,"{""emotion"": ""happiness"", ""intensity"": ""high""}"
Ses05F_impro07_F005,behaviour_only,happiness,high,"{""emotion"": ""happiness"", ""intensity"": ""high""}"
Ses05F_impro07_F011,behaviour_only,happiness,low,"{""emotion"": ""happiness"", ""intensity"": ""moderate""}"
Ses05F_impro07_F013,behaviour_only,sadness,high,"{""emotion"": ""sadness"", ""intensity"": ""high""}"
Ses05F_impro07_F026,behaviour_only,happiness,high,"{""emotion"": ""happiness"", ""intensity"": ""high""}"
Ses05F_impro07_F028,behaviour_only,happiness,high,"{""emotion"": ""happiness"", ""intensity"": ""high""}"
Ses05F_impro07_F029,behaviour_only,neutral,none,"{""emotion"": ""neutral"", ""intensity"": ""none""}"
Ses05F_impro07_F031,behaviour_only,sadness,high,"{""emotion"": ""sadness"", ""intensity"": ""high""}"
Ses05F_impro07_F033,behaviour_only,sadness,low,"{""emotion"": ""sadness"", ""intensity"": ""low""}"
Ses05F_impro07_F037,behaviour_only,happiness,low,"{""emotion"": ""happiness"", ""intensity"": ""low""}"
Ses05F_impro07_M000,behaviour_only,neutral,none,"{""emotion"": ""neutral"", ""intensity"": ""none""}"
Ses05F_impro07_M003,behaviour_only,anger,low,"{""emotion"": ""anger"", ""intensity"": ""low""}"
Ses05F_impro07_M012,behaviour_only,neutral,none,"{""emotion"": ""neutral"", ""intensity"": ""none""}"
Ses05F_impro07_M014,behaviour_only,anger,high,"{""emotion"": ""anger"", ""intensity"": ""high""}"
Ses05F_impro07_M027,behaviour_only,sadness,low,"{""emotion"": ""sadness"", ""intensity"": ""low""}"
Ses05F_impro07_M029,behaviour_only,happiness,low,"{""emotion"": ""happiness"", ""intensity"": ""low""}"
Ses05F_impro08_F001,behaviour_only,sadness,high,"{""emotion"": ""sadness"", ""intensity"": ""high""}"
Ses05F_impro08_F003,behaviour_only,sadness,high,"{""emotion"": ""sadness"", ""intensity"": ""high""}"
Ses05F_impro08_F007,behaviour_only,neutral,none,"{""emotion"": ""neutral"", ""intensity"": ""none""}"
Ses05F_impro08_F020,behaviour_only,neutral,none,"{""emotion"": ""neutral"", ""intensity"": ""none""}"
Ses05F_impro08_F024,behaviour_only,neutral,none,"{""emotion"": ""neutral"", ""intensity"": ""none""}"
Ses05F_impro08_F026,behaviour_only,sadness,high,"{""emotion"": ""sadness"", ""intensity"": ""high""}"
Ses05F_impro08_M004,behaviour_only,anger,high,"{""emotion"": ""anger"", ""intensity"": ""high""}"
Ses05F_impro08_M007,behaviour_only,anger,high,"{""emotion"": ""anger"", ""intensity"": ""high""}"
Ses05F_impro08_M013,behaviour_only,sadness,high,"{""emotion"": ""sadness"", ""intensity"": ""high""}"
Ses05F_impro08_M018,behaviour_only,anger,high,"{""emotion"": ""anger"", ""intensity"": ""high""}"
Ses05F_script01_1_F004,behaviour_only,sadness,low,"{""emotion"": ""sadness"", ""intensity"": ""low""}"
Ses05F_script01_1_F005,behaviour_only,sadness,high,"{""emotion"": ""sadness"", ""intensity"": ""high""}"
Ses05F_script01_1_F026,behaviour_only,anger,high,"{""emotion"": ""anger"", ""intensity"": ""high""}"
Ses05F_script01_1_F028,behaviour_only,anger,high,"{""emotion"": ""anger"", ""intensity"": ""high""}"
Ses05F_script01_1_F031,behaviour_only,sadness,high,"{""emotion"": ""sadness"", ""intensity"": ""high""}"
Ses05F_script01_1_F033,behaviour_only,sadness,high,"{""emotion"": ""sadness"", ""intensity"": ""high""}"
Ses05F_script01_1_M001,behaviour_only,sadness,low,"{""emotion"": ""sadness"", ""intensity"": ""low""}"
Ses05F_script01_1_M006,behaviour_only,sadness,high,"{""emotion"": ""sadness"", ""intensity"": ""high""}"
Ses05F_script01_1_M008,behaviour_only,anger,high,"{""emotion"": ""anger"", ""intensity"": ""high""}"
Ses05F_script01_1_M016,behaviour_only,anger,low,"{""emotion"": ""anger"", ""intensity"": ""low""}"
Ses05F_script01_1_M025,behaviour_only,happiness,high,"{""emotion"": ""happiness"", ""intensity"": ""high""}"
Ses05F_script01_2_F006,behaviour_only,neutral,none,"{""emotion"": ""neutral"", ""intensity"": ""none""}"
Ses05F_script01_2_F010,behaviour_only,anger,high,"{""emotion"": ""anger"", ""intensity"": ""high""}"
Ses05F_script01_2_F011,behaviour_only,anger,high,"{""emotion"": ""anger"", ""intensity"": ""high""}"
Ses05F_script01_2_F014,behaviour_only,anger,high,"{""emotion"": ""anger"", ""intensity"": ""high""}"
Ses05F_script01_2_F017,behaviour_only,anger,high,"{""emotion"": ""anger"", ""intensity"": ""high""}"
Ses05F_script01_2_M000,behaviour_only,sadness,low,"{""emotion"": ""sadness"", ""intensity"": ""low""}"
Ses05F_script01_2_M002,behaviour_only,anger,high,"{""emotion"": ""anger"", ""intensity"": ""high""}"
Ses05F_script01_2_M016,behaviour_only,neutral,none,"{""emotion"": ""neutral"", ""intensity"": ""none""}"
Ses05F_script01_3_F000,behaviour_only,anger,high,"{""emotion"": ""anger"", ""intensity"": ""high""}"
Ses05F_script01_3_F003,behaviour_only,neutral,none,"{""emotion"": ""neutral"", ""intensity"": ""none""}"
Ses05F_script01_3_F020,behaviour_only,sadness,low,"{""emotion"": ""sadness"", ""intensity"": ""low""}"
Ses05F_script01_3_F023,behaviour_only,sadness,high,"{""emotion"": ""sadness"", ""intensity"": ""high""}"
Ses05F_script01_3_F025,behaviour_only,sadness,high,"{""emotion"": ""sadness"", ""intensity"": ""high""}"
Ses05F_script01_3_M004,behaviour_only,sadness,high,"{""emotion"": ""sadness"", ""intensity"": ""high""}"
Ses05F_script01_3_M021,behaviour_only,sadness,high,"{""emotion"": ""sadness"", ""intensity"": ""high""}"
Ses05F_script01_3_M023,behaviour_only,anger,high,"{""emotion"": ""anger"", ""intensity"": ""high""}"
Ses05F_script01_3_M026,behaviour_only,sadness,high,"{""emotion"": ""sadness"", ""intensity"": ""high""}"
Ses05F_script01_3_M029,behaviour_only,sadness,high,"{""emotion"": ""sadness"", ""intensity"": ""high""}"
Ses05F_script01_3_M030,behaviour_only,sadness,low,"{""emotion"": ""sadness"", ""intensity"": ""low""}"
Ses05F_script01_3_M032,behaviour_only,sadness,low,"{""emotion"": ""sadness"", ""intensity"": ""low""}"
Ses05F_script01_3_M036,behaviour_only,sadness,low,"{""emotion"": ""sadness"", ""intensity"": ""low""}"
Ses05F_script01_3_M039,behaviour_only,sadness,low,"{""emotion"": ""sadness"", ""intensity"": ""moderate""}"
Ses05F_script02_1_F015,behaviour_only,sadness,high,"{""emotion"": ""sadness"", ""intensity"": ""high""}"
Ses05F_script02_1_M001,behaviour_only,anger,high,"{""emotion"": ""anger"", ""intensity"": ""high""}"
Ses05F_script02_1_M024,behaviour_only,neutral,none,"{""emotion"": ""neutral"", ""intensity"": ""none""}"
Ses05F_script02_2_F013,behaviour_only,sadness,high,"{""emotion"": ""sadness"", ""intensity"": ""high""}"
Ses05F_script02_2_F016,behaviour_only,sadness,high,"{""emotion"": ""sadness"", ""intensity"": ""high""}"
Ses05F_script02_2_F029,behaviour_only,neutral,none,"{""emotion"": ""neutral"", ""intensity"": ""none""}"
Ses05F_script02_2_F030,behaviour_only,sadness,high,"{""emotion"": ""sadness"", ""intensity"": ""high""}"
Ses05F_script02_2_M002,behaviour_only,neutral,none,"{""emotion"": ""neutral"", ""intensity"": ""none""}"
Ses05F_script02_2_M003,behaviour_only,neutral,none,"{""emotion"": ""neutral"", ""intensity"": ""none""}"
Ses05F_script02_2_M005,behaviour_only,anger,high,"{""emotion"": ""anger"", ""intensity"": ""high""}"
Ses05F_script03_1_M011,behaviour_only,neutral,none,"{""emotion"": ""neutral"", ""intensity"": ""none""}"
Ses05F_script03_1_M029,behaviour_only,sadness,high,"{""emotion"": ""sadness"", ""intensity"": ""high""}"
Ses05F_script03_1_M032,behaviour_only,neutral,none,"{""emotion"": ""neutral"", ""intensity"": ""none""}"
Ses05F_script03_2_F003,behaviour_only,anger,high,"{""emotion"": ""anger"", ""intensity"": ""high""}"
Ses05F_script03_2_F018,behaviour_only,anger,high,"{""emotion"": ""anger"", ""intensity"": ""high""}"
Ses05F_script03_2_F020,behaviour_only,sadness,high,"{""emotion"": ""sadness"", ""intensity"": ""high""}"
Ses05F_script03_2_F022,behaviour_only,anger,high,"{""emotion"": ""anger"", ""intensity"": ""high""}"
Ses05F_script03_2_F027,behaviour_only,neutral,none,"{""emotion"": ""neutral"", ""intensity"": ""none""}"
Ses05F_script03_2_F029,behaviour_only,sadness,high,"{""emotion"": ""sadness"", ""intensity"": ""high""}"
Ses05F_script03_2_F032,behaviour_only,neutral,none,"{""emotion"": ""neutral"", ""intensity"": ""none""}"
Ses05F_script03_2_F035,behaviour_only,neutral,none,"{""emotion"": ""neutral"", ""intensity"": ""none""}"
Ses05F_script03_2_F036,behaviour_only,sadness,high,"{""emotion"": ""sadness"", ""intensity"": ""high""}"
Ses05F_script03_2_F037,behaviour_only,happiness,high,"{""emotion"": ""happiness"", ""intensity"": ""high""}"
Ses05F_script03_2_F038,behaviour_only,happiness,high,"{""emotion"": ""happiness"", ""intensity"": ""high""}"
Ses05F_script03_2_F040,behaviour_only,anger,high,"{""emotion"": ""anger"", ""intensity"": ""high""}"
Ses05F_script03_2_M013,behaviour_only,anger,high,"{""emotion"": ""anger"", ""intensity"": ""high""}"
Ses05F_script03_2_M014,behaviour_only,sadness,high,"{""emotion"": ""sadness"", ""intensity"": ""high""}"
Ses05F_script03_2_M019,behaviour_only,anger,low,"{""emotion"": ""anger"", ""intensity"": ""moderate""}"
Ses05F_script03_2_M025,behaviour_only,anger,low,"{""emotion"": ""anger"", ""intensity"": ""low""}"
Ses05F_script03_2_M037,behaviour_only,anger,high,"{""emotion"": ""anger"", ""intensity"": ""high""}"
Ses05F_script03_2_M038,behaviour_only,anger,high,"{""emotion"": ""anger"", ""intensity"": ""high""}"
Ses05F_script03_2_M039,behaviour_only,anger,high,"{""emotion"": ""anger"", ""intensity"": ""high""}"
Ses05F_script03_2_M040,behaviour_only,sadness,high,"{""emotion"": ""sadness"", ""intensity"": ""high""}"
Ses05F_script03_2_M042,behaviour_only,anger,high,"{""emotion"": ""anger"", ""intensity"": ""high""}"
Ses05F_script03_2_M043,behaviour_only,anger,high,"{""emotion"": ""anger"", ""intensity"": ""high""}"
Ses05M_impro01_F003,behaviour_only,sadness,high,"{""emotion"": ""sadness"", ""intensity"": ""high""}"
Ses05M_impro01_F006,behaviour_only,sadness,high,"{""emotion"": ""sadness"", ""intensity"": ""high""}"
Ses05M_impro01_F021,behaviour_only,anger,high,"{""emotion"": ""anger"", ""intensity"": ""high""}"
Ses05M_impro01_F023,behaviour_only,anger,high,"{""emotion"": ""anger"", ""intensity"": ""high""}"
Ses05M_impro02_F023,behaviour_only,anger,high,"{""emotion"": ""anger"", ""intensity"": ""high""}"
Ses05M_impro02_M007,behaviour_only,happiness,low,"{""emotion"": ""happiness"", ""intensity"": ""low""}"
Ses05M_impro02_M013,behaviour_only,neutral,none,"{""emotion"": ""neutral"", ""intensity"": ""none""}"
Ses05M_impro02_M023,behaviour_only,anger,high,"{""emotion"": ""anger"", ""intensity"": ""high""}"
Ses05M_impro02_M028,behaviour_only,anger,high,"{""emotion"": ""anger"", ""intensity"": ""high""}"
Ses05M_impro03_F002,behaviour_only,sadness,high,"{""emotion"": ""sadness"", ""intensity"": ""high""}"
Ses05M_impro03_F004,behaviour_only,sadness,low,"{""emotion"": ""sadness"", ""intensity"": ""low""}"
Ses05M_impro03_F005,behaviour_only,anger,high,"{""emotion"": ""anger"", ""intensity"": ""high""}"
Ses05M_impro03_F019,behaviour_only,sadness,high,"{""emotion"": ""sadness"", ""intensity"": ""high""}"
Ses05M_impro03_F022,behaviour_only,sadness,low,"{""emotion"": ""sadness"", ""intensity"": ""low""}"
Ses05M_impro03_M001,behaviour_only,happiness,low,"{""emotion"": ""happiness"", ""intensity"": ""low""}"
Ses05M_impro03_M002,behaviour_only,happiness,high,"{""emotion"": ""happiness"", ""intensity"": ""high""}"
Ses05M_impro03_M003,behaviour_only,anger,high,"{""emotion"": ""anger"", ""intensity"": ""high""}"
Ses05M_impro03_M007,behaviour_only,happiness,low,"{""emotion"": ""happiness"", ""intensity"": ""low""}"
Ses05M_impro03_M023,behaviour_only,neutral,none,"{""emotion"": ""neutral"", ""intensity"": ""none""}"
Ses05M_impro03_M026,behaviour_only,neutral,none,"{""emotion"": ""neutral"", ""intensity"": ""none""}"
Ses05M_impro03_M030,behaviour_only,neutral,none,"{""emotion"": ""neutral"", ""intensity"": ""none""}"
Ses05M_impro03_M031,behaviour_only,happiness,low,"{""emotion"": ""happiness"", ""intensity"": ""low""}"
Ses05M_impro04_F003,behaviour_only,sadness,low,"{""emotion"": ""sadness"", ""intensity"": ""low""}"
Ses05M_impro04_F004,behaviour_only,anger,high,"{""emotion"": ""anger"", ""intensity"": ""high""}"
Ses05M_impro04_F008,behaviour_only,anger,high,"{""emotion"": ""anger"", ""intensity"": ""high""}"
Ses05M_impro04_F014,behaviour_only,sadness,low,"{""emotion"": ""sadness"", ""intensity"": ""low""}"
Ses05M_impro04_F017,behaviour_only,sadness,high,"{""emotion"": ""sadness"", ""intensity"": ""high""}"
Ses05M_impro04_F023,behaviour_only,sadness,high,"{""emotion"": ""sadness"", ""intensity"": ""high""}"
Ses05M_impro04_F027,behaviour_only,anger,high,"{""emotion"": ""anger"", ""intensity"": ""high""}"
Ses05M_impro04_F037,behaviour_only,sadness,high,"{""emotion"": ""sadness"", ""intensity"": ""high""}"
Ses05M_impro04_M019,behaviour_only,neutral,none,"{""emotion"": ""neutral"", ""intensity"": ""none""}"
Ses05M_impro04_M020,behaviour_only,anger,high,"{""emotion"": ""anger"", ""intensity"": ""high""}"
Ses05M_impro04_M040,behaviour_only,anger,high,"{""emotion"": ""anger"", ""intensity"": ""high""}"
Ses05M_impro04_M041,behaviour_only,anger,low,"{""emotion"": ""anger"", ""intensity"": ""low""}"
Ses05M_impro05_F001,behaviour_only,sadness,low,"{""emotion"": ""sadness"", ""intensity"": ""low""}"
Ses05M_impro05_F004,behaviour_only,sadness,low,"{""emotion"": ""sadness"", ""intensity"": ""low""}"
Ses05M_impro05_F012,behaviour_only,anger,high,"{""emotion"": ""anger"", ""intensity"": ""high""}"
Ses05M_impro05_F014,behaviour_only,sadness,high,"{""emotion"": ""sadness"", ""intensity"": ""high""}"
Ses05M_impro05_M004,behaviour_only,neutral,none,"{""emotion"": ""neutral"", ""intensity"": ""none""}"
Ses05M_impro05_M022,behaviour_only,happiness,high,"{""emotion"": ""happiness"", ""intensity"": ""high""}"
Ses05M_impro06_F004,behaviour_only,sadness,high,"{""emotion"": ""sadness"", ""intensity"": ""high""}"
Ses05M_impro06_M004,behaviour_only,sadness,high,"{""emotion"": ""sadness"", ""intensity"": ""high""}"
Ses05M_impro06_M009,behaviour_only,sadness,high,"{""emotion"": ""sadness"", ""intensity"": ""high""}"
Ses05M_impro06_M012,behaviour_only,neutral,none,"{""emotion"": ""neutral"", ""intensity"": ""none""}"
Ses05M_impro06_M013,behaviour_only,neutral,none,"{""emotion"": ""neutral"", ""intensity"": ""none""}"
Ses05M_impro06_M014,behaviour_only,happiness,low,"{""emotion"": ""happiness"", ""intensity"": ""low""}"
Ses05M_impro06_M020,behaviour_only,sadness,high,"{""emotion"": ""sadness"", ""intensity"": ""high""}"
Ses05M_impro07_F000,behaviour_only,neutral,none,"{""emotion"": ""neutral"", ""intensity"": ""none""}"
Ses05M_impro07_F011,behaviour_only,happiness,low,"{""emotion"": ""happiness"", ""intensity"": ""low""}"
Ses05M_impro07_F015,behaviour_only,happiness,low,"{""emotion"": ""happiness"", ""intensity"": ""low""}"
Ses05M_impro07_F018,behaviour_only,sadness,low,"{""emotion"": ""sadness"", ""intensity"": ""low""}"
Ses05M_impro07_F022,behaviour_only,sadness,high,"{""emotion"": ""sadness"", ""intensity"": ""high""}"
Ses05M_impro07_F036,behaviour_only,sadness,high,"{""emotion"": ""sadness"", ""intensity"": ""high""}"
Ses05M_impro07_F041,behaviour_only,anger,high,"{""emotion"": ""anger"", ""intensity"": ""high""}"
Ses05M_impro07_F044,behaviour_only,sadness,high,"{""emotion"": ""sadness"", ""intensity"": ""high""}"
Ses05M_impro07_F045,behaviour_only,sadness,high,"{""emotion"": ""sadness"", ""intensity"": ""high""}"
Ses05M_impro07_M016,behaviour_only,anger,high,"{""emotion"": ""anger"", ""intensity"": ""high""}"
Ses05M_impro07_M020,behaviour_only,anger,high,"{""emotion"": ""anger"", ""intensity"": ""high""}"
Ses05M_impro07_M025,behaviour_only,sadness,low,"{""emotion"": ""sadness"", ""intensity"": ""low""}"
Ses05M_impro07_M035,behaviour_only,sadness,low,"{""emotion"": ""sadness"", ""intensity"": ""low""}"
Ses05M_impro08_F007,behaviour_only,neutral,none,"{""emotion"": ""neutral"", ""intensity"": ""none""}"
Ses05M_impro08_F008,behaviour_only,sadness,high,"{""emotion"": ""sadness"", ""intensity"": ""high""}"
Ses05M_impro08_F013,behaviour_only,sadness,high,"{""emotion"": ""sadness"", ""intensity"": ""high""}"
Ses05M_impro08_F022,behaviour_only,sadness,low,"{""emotion"": ""sadness"", ""intensity"": ""low""}"
Ses05M_impro08_M002,behaviour_only,neutral,none,"{""emotion"": ""neutral"", ""intensity"": ""none""}"
Ses05M_impro08_M009,behaviour_only,sadness,high,"{""emotion"": ""sadness"", ""intensity"": ""high""}"
Ses05M_impro08_M024,behaviour_only,anger,high,"{""emotion"": ""anger"", ""intensity"": ""high""}"
Ses05M_script01_1_F004,behaviour_only,sadness,low,"{""emotion"": ""sadness"", ""intensity"": ""low""}"
Ses05M_script01_1_F014,behaviour_only,anger,high,"{""emotion"": ""anger"", ""intensity"": ""high""}"
Ses05M_script01_1_F022,behaviour_only,sadness,high,"{""emotion"": ""sadness"", ""intensity"": ""high""}"
Ses05M_script01_1_F026,behaviour_only,anger,high,"{""emotion"": ""anger"", ""intensity"": ""high""}"
Ses05M_script01_1_F032,behaviour_only,anger,high,"{""emotion"": ""anger"", ""intensity"": ""high""}"
Ses05M_script01_1_F035,behaviour_only,anger,high,"{""emotion"": ""anger"", ""intensity"": ""high""}"
Ses05M_script01_1_F036,behaviour_only,sadness,low,"{""emotion"": ""sadness"", ""intensity"": ""low""}"
Ses05M_script01_1_M011,behaviour_only,anger,high,"{""emotion"": ""anger"", ""intensity"": ""high""}"
Ses05M_script01_1_M020,behaviour_only,happiness,low,"{""emotion"": ""happiness"", ""intensity"": ""low""}"
Ses05M_script01_1_M033,behaviour_only,neutral,none,"{""emotion"": ""neutral"", ""intensity"": ""none""}"
Ses05M_script01_1_M035,behaviour_only,neutral,none,"{""emotion"": ""neutral"", ""intensity"": ""none""}"
Ses05M_script01_1b_F033,behaviour_only,sadness,low,"{""emotion"": ""sadness"", ""intensity"": ""low""}"
Ses05M_script01_1b_M001,behaviour_only,anger,high,"{""emotion"": ""anger"", ""intensity"": ""high""}"
Ses05M_script01_1b_M005,behaviour_only,sadness,high,"{""emotion"": ""sadness"", ""intensity"": ""high""}"
Ses05M_script01_1b_M020,behaviour_only,sadness,high,"{""emotion"": ""sadness"", ""intensity"": ""high""}"
Ses05M_script01_1b_M032,behaviour_only,neutral,none,"{""emotion"": ""neutral"", ""intensity"": ""none""}"
Ses05M_script01_1b_M036,behaviour_only,neutral,none,"{""emotion"": ""neutral"", ""intensity"": ""none""}"
Ses05M_script01_1b_M040,behaviour_only,sadness,high,"{""emotion"": ""sadness"", ""intensity"": ""high""}"
Ses05M_script01_2_F005,behaviour_only,anger,high,"{""emotion"": ""anger"", ""intensity"": ""high""}"
Ses05M_script01_2_M001,behaviour_only,sadness,high,"{""emotion"": ""sadness"", ""intensity"": ""high""}"
Ses05M_script01_2_M015,behaviour_only,anger,high,"{""emotion"": ""anger"", ""intensity"": ""high""}"
Ses05M_script01_3_F012,behaviour_only,sadness,high,"{""emotion"": ""sadness"", ""intensity"": ""high""}"
Ses05M_script01_3_F020,behaviour_only,sadness,high,"{""emotion"": ""sadness"", ""intensity"": ""high""}"
Ses05M_script01_3_M003,behaviour_only,sadness,high,"{""emotion"": ""sadness"", ""intensity"": ""high""}"
Ses05M_script01_3_M010,behaviour_only,sadness,high,"{""emotion"": ""sadness"", ""intensity"": ""high""}"
Ses05M_script01_3_M020,behaviour_only,neutral,none,"{""emotion"": ""neutral"", ""intensity"": ""none""}"
Ses05M_script01_3_M022,behaviour_only,sadness,low,"{""emotion"": ""sadness"", ""intensity"": ""low""}"
Ses05M_script01_3_M029,behaviour_only,sadness,high,"{""emotion"": ""sadness"", ""intensity"": ""high""}"
Ses05M_script01_3_M030,behaviour_only,neutral,none,"{""emotion"": ""neutral"", ""intensity"": ""none""}"
Ses05M_script01_3_M036,behaviour_only,sadness,high,"{""emotion"": ""sadness"", ""intensity"": ""high""}"
Ses05M_script01_3_M039,behaviour_only,neutral,none,"{""emotion"": ""neutral"", ""intensity"": ""none""}"
Ses05M_script02_1_F016,behaviour_only,sadness,high,"{""emotion"": ""sadness"", ""intensity"": ""high""}"
Ses05M_script02_1_M010,behaviour_only,anger,high,"{""emotion"": ""anger"", ""intensity"": ""high""}"
Ses05M_script02_1_M021,behaviour_only,happiness,low,"{""emotion"": ""happiness"", ""intensity"": ""moderate""}"
Ses05M_script02_1_M031,behaviour_only,anger,high,"{""emotion"": ""anger"", ""intensity"": ""high""}"
Ses05M_script02_2_F000,behaviour_only,sadness,high,"{""emotion"": ""sadness"", ""intensity"": ""high""}"
Ses05M_script02_2_F009,behaviour_only,anger,low,"{""emotion"": ""anger"", ""intensity"": ""low""}"
Ses05M_script02_2_F014,behaviour_only,happiness,low,"{""emotion"": ""happiness"", ""intensity"": ""low""}"
Ses05M_script02_2_F015,behaviour_only,sadness,high,"{""emotion"": ""sadness"", ""intensity"": ""high""}"
Ses05M_script02_2_F027,behaviour_only,sadness,high,"{""emotion"": ""sadness"", ""intensity"": ""high""}"
Ses05M_script02_2_F032,behaviour_only,sadness,high,"{""emotion"": ""sadness"", ""intensity"": ""high""}"
Ses05M_script02_2_F038,behaviour_only,sadness,high,"{""emotion"": ""sadness"", ""intensity"": ""high""}"
Ses05M_script02_2_M016,behaviour_only,neutral,none,"{""emotion"": ""neutral"", ""intensity"": ""none""}"
Ses05M_script02_2_M026,behaviour_only,anger,high,"{""emotion"": ""anger"", ""intensity"": ""high""}"
Ses05M_script03_1_F001,behaviour_only,happiness,low,"{""emotion"": ""happiness"", ""intensity"": ""low""}"
Ses05M_script03_1_F012,behaviour_only,sadness,high,"{""emotion"": ""sadness"", ""intensity"": ""high""}"
Ses05M_script03_1_F024,behaviour_only,anger,high,"{""emotion"": ""anger"", ""intensity"": ""high""}"
Ses05M_script03_1_M004,behaviour_only,happiness,low,"{""emotion"": ""happiness"", ""intensity"": ""low""}"
Ses05M_script03_1_M022,behaviour_only,sadness,high,"{""emotion"": ""sadness"", ""intensity"": ""high""}"
Ses05M_script03_1_M029,behaviour_only,sadness,low,"{""emotion"": ""sadness"", ""intensity"": ""low""}"
Ses05M_script03_2_F001,behaviour_only,anger,high,"{""emotion"": ""anger"", ""intensity"": ""high""}"
Ses05M_script03_2_F009,behaviour_only,sadness,high,"{""emotion"": ""sadness"", ""intensity"": ""high""}"
Ses05M_script03_2_F012,behaviour_only,sadness,high,"{""emotion"": ""sadness"", ""intensity"": ""high""}"
Ses05M_script03_2_F017,behaviour_only,sadness,low,"{""emotion"": ""sadness"", ""intensity"": ""moderate""}"
Ses05M_script03_2_F028,behaviour_only,sadness,high,"{""emotion"": ""sadness"", ""intensity"": ""high""}"
Ses05M_script03_2_F034,behaviour_only,anger,high,"{""emotion"": ""anger"", ""intensity"": ""high""}"
Ses05M_script03_2_F036,behaviour_only,sadness,low,"{""emotion"": ""sadness"", ""intensity"": ""low""}"
Ses05M_script03_2_F039,behaviour_only,sadness,high,"{""emotion"": ""sadness"", ""intensity"": ""high""}"
Ses05M_script03_2_F043,behaviour_only,anger,high,"{""emotion"": ""anger"", ""intensity"": ""high""}"
Ses05M_script03_2_M008,behaviour_only,anger,high,"{""emotion"": ""anger"", ""intensity"": ""high""}"
Ses05M_script03_2_M009,behaviour_only,anger,high,"{""emotion"": ""anger"", ""intensity"": ""high""}"
Ses05M_script03_2_M015,behaviour_only,neutral,none,"{""emotion"": ""neutral"", ""intensity"": ""none""}"
Ses05M_script03_2_M024,behaviour_only,sadness,high,"{""emotion"": ""sadness"", ""intensity"": ""high""}"
Ses05M_script03_2_M026,behaviour_only,anger,high,"{""emotion"": ""anger"", ""intensity"": ""high""}"
Ses05M_script03_2_M027,behaviour_only,sadness,low,"{""emotion"": ""sadness"", ""intensity"": ""low""}"
Ses05M_script03_2_M028,behaviour_only,neutral,none,"{""emotion"": ""neutral"", ""intensity"": ""none""}"
Ses05M_script03_2_M030,behaviour_only,anger,high,"{""emotion"": ""anger"", ""intensity"": ""high""}"
Ses05M_script03_2_M035,behaviour_only,anger,high,"{""emotion"": ""anger"", ""intensity"": ""high""}"
Ses05M_script03_2_M038,behaviour_only,sadness,low,"{""emotion"": ""sadness"", ""intensity"": ""moderate""}"
Ses05M_script03_2_M039,behaviour_only,sadness,high,"{""emotion"": ""sadness"", ""intensity"": ""high""}"
Ses05M_script03_2_M041,behaviour_only,happiness,high,"{""emotion"": ""happiness"", ""intensity"": ""high""}"
Ses05M_script03_2_M044,behaviour_only,anger,high,"{""emotion"": ""anger"", ""intensity"": ""high""}"
Ses01F_impro01_F012,both,anger,low,"{""emotion"": ""anger"", ""intensity"": ""low""}"
Ses01F_impro02_F001,both,neutral,none,"{""emotion"": ""neutral"", ""intensity"": ""none""}"
Ses01F_impro02_F002,both,neutral,none,"{""emotion"": ""neutral"", ""intensity"": ""none""}"
Ses01F_impro02_F004,both,sadness,high,"{""emotion"": ""sadness"", ""intensity"": ""high""}"
Ses01F_impro02_F006,both,neutral,none,"{""emotion"": ""neutral"", ""intensity"": ""none""}"
Ses01F_impro02_F008,both,sadness,high,"{""emotion"": ""sadness"", ""intensity"": ""high""}"
Ses01F_impro02_F010,both,sadness,low,"{""emotion"": ""sadness"", ""intensity"": ""low""}"
Ses01F_impro02_F012,both,neutral,none,"{""emotion"": ""neutral"", ""intensity"": ""none""}"
Ses01F_impro02_F017,both,happiness,low,"{""emotion"": ""happiness"", ""intensity"": ""low""}"
Ses01F_impro02_M010,both,sadness,high,"{""emotion"": ""sadness"", ""intensity"": ""high""}"
Ses01F_impro02_M011,both,sadness,high,"{""emotion"": ""sadness"", ""intensity"": ""high""}"
Ses01F_impro02_M012,both,neutral,none,"{""emotion"": ""neutral"", ""intensity"": ""none""}"
Ses01F_impro02_M013,both,sadness,high,"{""emotion"": ""sadness"", ""intensity"": ""high""}"
Ses01F_impro02_M014,both,sadness,high,"{""emotion"": ""sadness"", ""intensity"": ""high""}"
Ses01F_impro02_M015,both,neutral,none,"{""emotion"": ""neutral"", ""intensity"": ""none""}"
Ses01F_impro03_F004,both,happiness,low,"{""emotion"": ""happiness"", ""intensity"": ""low""}"
Ses01F_impro03_F005,both,happiness,high,"{""emotion"": ""happiness"", ""intensity"": ""high""}"
Ses01F_impro03_F009,both,happiness,low,"{""emotion"": ""happiness"", ""intensity"": ""low""}"
Ses01F_impro03_F012,both,happiness,low,"{""emotion"": ""happiness"", ""intensity"": ""low""}"
Ses01F_impro03_F013,both,happiness,low,"{""emotion"": ""happiness"", ""intensity"": ""low""}"
Ses01F_impro03_F018,both,neutral,none,"{""emotion"": ""neutral"", ""intensity"": ""none""}"
Ses01F_impro03_M013,both,anger,high,"{""emotion"": ""anger"", ""intensity"": ""high""}"
Ses01F_impro03_M014,both,neutral,none,"{""emotion"": ""neutral"", ""intensity"": ""none""}"
Ses01F_impro03_M022,both,happiness,low,"{""emotion"": ""happiness"", ""intensity"": ""low""}"
Ses01F_impro04_F033,both,sadness,low,"{""emotion"": ""sadness"", ""intensity"": ""low""}"
Ses01F_impro04_M007,both,sadness,low,"{""emotion"": ""sadness"", ""intensity"": ""low""}"
Ses01F_impro04_M010,both,sadness,high,"{""emotion"": ""sadness"", ""intensity"": ""high""}"
Ses01F_impro04_M025,both,neutral,none,"{""emotion"": ""neutral"", ""intensity"": ""none""}"
Ses01F_impro04_M031,both,sadness,high,"{""emotion"": ""sadness"", ""intensity"": ""high""}"
Ses01F_impro05_F015,both,anger,high,"{""emotion"": ""anger"", ""intensity"": ""high""}"
Ses01F_impro05_F016,both,happiness,high,"{""emotion"": ""happiness"", ""intensity"": ""high""}"
Ses01F_impro05_F021,both,anger,high,"{""emotion"": ""anger"", ""intensity"": ""high""}"
Ses01F_impro05_F025,both,anger,high,"{""emotion"": ""anger"", ""intensity"": ""high""}"
Ses01F_impro05_F026,both,neutral,none,"{""emotion"": ""neutral"", ""intensity"": ""none""}"
Ses01F_impro05_F029,both,anger,high,"{""emotion"": ""anger"", ""intensity"": ""high""}"
Ses01F_impro05_F030,both,neutral,none,"{""emotion"": ""neutral"", ""intensity"": ""none""}"
Ses01F_impro05_M001,both,neutral,none,"{""emotion"": ""neutral"", ""intensity"": ""none""}"
Ses01F_impro05_M003,both,sadness,high,"{""emotion"": ""sadness"", ""intensity"": ""high""}"
Ses01F_impro05_M004,both,neutral,none,"{""emotion"": ""neutral"", ""intensity"": ""none""}"
Ses01F_impro05_M005,both,neutral,none,"{""emotion"": ""neutral"", ""intensity"": ""none""}"
Ses01F_impro05_M009,both,neutral,none,"{""emotion"": ""neutral"", ""intensity"": ""none""}"
Ses01F_impro05_M013,both,sadness,high,"{""emotion"": ""sadness"", ""intensity"": ""high""}"
Ses01F_impro05_M015,both,sadness,high,"{""emotion"": ""sadness"", ""intensity"": ""high""}"
Ses01F_impro05_M020,both,sadness,high,"{""emotion"": ""sadness"", ""intensity"": ""high""}"
Ses01F_impro05_M022,both,anger,high,"{""emotion"": ""anger"", ""intensity"": ""high""}"
Ses01F_impro05_M035,both,neutral,none,"{""emotion"": ""neutral"", ""intensity"": ""none""}"
Ses01F_impro06_F004,both,happiness,low,"{""emotion"": ""happiness"", ""intensity"": ""low""}"
Ses01F_impro06_F006,both,sadness,high,"{""emotion"": ""sadness"", ""intensity"": ""high""}"
Ses01F_impro06_F008,both,sadness,low,"{""emotion"": ""sadness"", ""intensity"": ""low""}"
Ses01F_impro06_F010,both,sadness,high,"{""emotion"": ""sadness"", ""intensity"": ""high""}"
Ses01F_impro06_F013,both,neutral,none,"{""emotion"": ""neutral"", ""intensity"": ""none""}"
Ses01F_impro06_F020,both,sadness,high,"{""emotion"": ""sadness"", ""intensity"": ""high""}"
Ses01F_impro06_F021,both,sadness,high,"{""emotion"": ""sadness"", ""intensity"": ""high""}"
Ses01F_impro06_F022,both,sadness,high,"{""emotion"": ""sadness"", ""intensity"": ""high""}"
Ses01F_impro06_F023,both,sadness,high,"{""emotion"": ""sadness"", ""intensity"": ""high""}"
Ses01F_impro06_F024,both,sadness,low,"{""emotion"": ""sadness"", ""intensity"": ""low""}"
Ses01F_impro06_F027,both,sadness,high,"{""emotion"": ""sadness"", ""intensity"": ""high""}"
Ses01F_impro06_F028,both,sadness,high,"{""emotion"": ""sadness"", ""intensity"": ""high""}"
Ses01F_impro06_M006,both,sadness,high,"{""emotion"": ""sadness"", ""intensity"": ""high""}"
Ses01F_impro07_F003,both,happiness,high,"{""emotion"": ""happiness"", ""intensity"": ""high""}"
Ses01F_impro07_F009,both,neutral,none,"{""emotion"": ""neutral"", ""intensity"": ""none""}"
Ses01F_impro07_F010,both,neutral,none,"{""emotion"": ""neutral"", ""intensity"": ""none""}"
Ses01F_impro07_F013,both,happiness,high,"{""emotion"": ""happiness"", ""intensity"": ""high""}"
Ses01F_impro07_M001,both,happiness,low,"{""emotion"": ""happiness"", ""intensity"": ""low""}"
Ses01F_impro07_M002,both,neutral,none,"{""emotion"": ""neutral"", ""intensity"": ""none""}"
Ses01F_impro07_M008,both,neutral,none,"{""emotion"": ""neutral"", ""intensity"": ""none""}"
Ses01F_script01_1_F034,both,neutral,none,"{""emotion"": ""neutral"", ""intensity"": ""none""}"
Ses01F_script01_1_F035,both,anger,low,"{""emotion"": ""anger"", ""intensity"": ""low""}"
Ses01F_script01_1_F038,both,neutral,none,"{""emotion"": ""neutral"", ""intensity"": ""none""}"
Ses01F_script01_1_F041,both,anger,high,"{""emotion"": ""anger"", ""intensity"": ""high""}"
Ses01F_script01_1_F042,both,sadness,low,"{""emotion"": ""sadness"", ""intensity"": ""low""}"
Ses01F_script01_1_M000,both,neutral,none,"{""emotion"": ""neutral"", ""intensity"": ""none""}"
Ses01F_script01_1_M010,both,anger,high,"{""emotion"": ""anger"", ""intensity"": ""high""}"
Ses01F_script01_1_M040,both,sadness,high,"{""emotion"": ""sadness"", ""intensity"": ""high""}"
Ses01F_script01_2_F006,both,anger,high,"{""emotion"": ""anger"", ""intensity"": ""high""}"
Ses01F_script01_2_F008,both,happiness,high,"{""emotion"": ""happiness"", ""intensity"": ""high""}"
Ses01F_script01_3_F001,both,happiness,low,"{""emotion"": ""happiness"", ""intensity"": ""low""}"
Ses01F_script01_3_F004,both,sadness,high,"{""emotion"": ""sadness"", ""intensity"": ""high""}"
Ses01F_script01_3_F011,both,happiness,high,"{""emotion"": ""happiness"", ""intensity"": ""high""}"
Ses01F_script01_3_F014,both,happiness,low,"{""emotion"": ""happiness"", ""intensity"": ""low""}"
Ses01F_script01_3_F015,both,sadness,low,"{""emotion"": ""sadness"", ""intensity"": ""low""}"
Ses01F_script01_3_F019,both,anger,high,"{""emotion"": ""anger"", ""intensity"": ""high""}"
Ses01F_script01_3_F028,both,sadness,high,"{""emotion"": ""sadness"", ""intensity"": ""high""}"
Ses01F_script01_3_F030,both,sadness,high,"{""emotion"": ""sadness"", ""intensity"": ""high""}"
Ses01F_script01_3_M001,both,anger,high,"{""emotion"": ""anger"", ""intensity"": ""high""}"
Ses01F_script01_3_M005,both,sadness,high,"{""emotion"": ""sadness"", ""intensity"": ""high""}"
Ses01F_script01_3_M010,both,sadness,low,"{""emotion"": ""sadness"", ""intensity"": ""low""}"
Ses01F_script01_3_M017,both,sadness,high,"{""emotion"": ""sadness"", ""intensity"": ""high""}"
Ses01F_script01_3_M023,both,sadness,high,"{""emotion"": ""sadness"", ""intensity"": ""high""}"
Ses01F_script01_3_M027,both,sadness,high,"{""emotion"": ""sadness"", ""intensity"": ""high""}"
Ses01F_script01_3_M037,both,sadness,low,"{""emotion"": ""sadness"", ""intensity"": ""low""}"
Ses01F_script02_1_M009,both,sadness,low,"{""emotion"": ""sadness"", ""intensity"": ""low""}"
Ses01F_script02_1_M010,both,anger,high,"{""emotion"": ""anger"", ""intensity"": ""high""}"
Ses01F_script02_1_M011,both,neutral,none,"{""emotion"": ""neutral"", ""intensity"": ""none""}"
Ses01F_script02_1_M015,both,sadness,low,"{""emotion"": ""sadness"", ""intensity"": ""low""}"
Ses01F_script02_2_F000,both,sadness,high,"{""emotion"": ""sadness"", ""intensity"": ""high""}"
Ses01F_script02_2_F010,both,happiness,high,"{""emotion"": ""happiness"", ""intensity"": ""high""}"
Ses01F_script02_2_F016,both,anger,high,"{""emotion"": ""anger"", ""intensity"": ""high""}"
Ses01F_script02_2_F017,both,sadness,low,"{""emotion"": ""sadness"", ""intensity"": ""low""}"
Ses01F_script02_2_F019,both,happiness,high,"{""emotion"": ""happiness"", ""intensity"": ""high""}"
Ses01F_script02_2_F022,both,sadness,high,"{""emotion"": ""sadness"", ""intensity"": ""high""}"
Ses01F_script02_2_F026,both,neutral,none,"{""emotion"": ""neutral"", ""intensity"": ""none""}"
Ses01F_script02_2_F034,both,neutral,none,"{""emotion"": ""neutral"", ""intensity"": ""none""}"
Ses01F_script02_2_F035,both,sadness,high,"{""emotion"": ""sadness"", ""intensity"": ""high""}"
Ses01F_script02_2_F036,both,neutral,none,"{""emotion"": ""neutral"", ""intensity"": ""none""}"
Ses01F_script02_2_F041,both,sadness,low,"{""emotion"": ""sadness"", ""intensity"": ""low""}"
Ses01F_script02_2_F047,both,sadness,low,"{""emotion"": ""sadness"", ""intensity"": ""low""}"
Ses01F_script02_2_M001,both,neutral,none,"{""emotion"": ""neutral"", ""intensity"": ""none""}"
Ses01F_script02_2_M006,both,neutral,none,"{""emotion"": ""neutral"", ""intensity"": ""none""}"
Ses01F_script02_2_M021,both,neutral,none,"{""emotion"": ""neutral"", ""intensity"": ""none""}"
Ses01F_script02_2_M024,both,neutral,none,"{""emotion"": ""neutral"", ""intensity"": ""none""}"
Ses01F_script02_2_M026,both,sadness,high,"{""emotion"": ""sadness"", ""intensity"": ""high""}"
Ses01F_script02_2_M047,both,sadness,high,"{""emotion"": ""sadness"", ""intensity"": ""high""}"
Ses01F_script03_1_F007,both,happiness,low,"{""emotion"": ""happiness"", ""intensity"": ""low""}"
Ses01F_script03_1_F029,both,happiness,high,"{""emotion"": ""happiness"", ""intensity"": ""high""}"
Ses01F_script03_1_M013,both,sadness,low,"{""emotion"": ""sadness"", ""intensity"": ""low""}"
Ses01F_script03_1_M026,both,neutral,none,"{""emotion"": ""neutral"", ""intensity"": ""none""}"
Ses01F_script03_1_M037,both,sadness,high,"{""emotion"": ""sadness"", ""intensity"": ""high""}"
Ses01F_script03_2_F000,both,sadness,high,"{""emotion"": ""sadness"", ""intensity"": ""high""}"
Ses01F_script03_2_F002,both,sadness,low,"{""emotion"": ""sadness"", ""intensity"": ""low""}"
Ses01F_script03_2_F015,both,neutral,none,"{""emotion"": ""neutral"", ""intensity"": ""none""}"
Ses01F_script03_2_F016,both,neutral,none,"{""emotion"": ""neutral"", ""intensity"": ""none""}"
Ses01F_script03_2_F017,both,sadness,high,"{""emotion"": ""sadness"", ""intensity"": ""high""}"
Ses01F_script03_2_F027,both,anger,high,"{""emotion"": ""anger"", ""intensity"": ""high""}"
Ses01F_script03_2_F029,both,anger,high,"{""emotion"": ""anger"", ""intensity"": ""high""}"
Ses01F_script03_2_F030,both,sadness,high,"{""emotion"": ""sadness"", ""intensity"": ""high""}"
Ses01F_script03_2_F034,both,anger,low,"{""emotion"": ""anger"", ""intensity"": ""low""}"
Ses01F_script03_2_F037,both,anger,high,"{""emotion"": ""anger"", ""intensity"": ""high""}"
Ses01F_script03_2_F039,both,sadness,low,"{""emotion"": ""sadness"", ""intensity"": ""low""}"
Ses01F_script03_2_M014,both,sadness,low,"{""emotion"": ""sadness"", ""intensity"": ""low""}"
Ses01F_script03_2_M016,both,sadness,low,"{""emotion"": ""sadness"", ""intensity"": ""low""}"
Ses01F_script03_2_M019,both,sadness,low,"{""emotion"": ""sadness"", ""intensity"": ""low""}"
Ses01F_script03_2_M021,both,anger,high,"{""emotion"": ""anger"", ""intensity"": ""high""}"
Ses01F_script03_2_M023,both,anger,high,"{""emotion"": ""anger"", ""intensity"": ""high""}"
Ses01F_script03_2_M025,both,sadness,high,"{""emotion"": ""sadness"", ""intensity"": ""high""}"
Ses01F_script03_2_M027,both,neutral,none,"{""emotion"": ""neutral"", ""intensity"": ""none""}"
Ses01F_script03_2_M032,both,anger,high,"{""emotion"": ""anger"", ""intensity"": ""high""}"
Ses01F_script03_2_M033,both,anger,low,"{""emotion"": ""anger"", ""intensity"": ""low""}"
Ses01F_script03_2_M035,both,happiness,high,"{""emotion"": ""happiness"", ""intensity"": ""high""}"
Ses01F_script03_2_M036,both,happiness,low,"{""emotion"": ""happiness"", ""intensity"": ""low""}"
Ses01F_script03_2_M037,both,anger,high,"{""emotion"": ""anger"", ""intensity"": ""high""}"
Ses01F_script03_2_M038,both,anger,low,"{""emotion"": ""anger"", ""intensity"": ""low""}"
Ses01F_script03_2_M039,both,sadness,high,"{""emotion"": ""sadness"", ""intensity"": ""high""}"
Ses01M_impro01_F008,both,anger,high,"{""emotion"": ""anger"", ""intensity"": ""high""}"
Ses01M_impro01_M010,both,neutral,none,"{""emotion"": ""neutral"", ""intensity"": ""none""}"
Ses01M_impro01_M025,both,anger,high,"{""emotion"": ""anger"", ""intensity"": ""high""}"
Ses01M_impro01_M030,both,anger,high,"{""emotion"": ""anger"", ""intensity"": ""high""}"
Ses01M_impro01_M031,both,anger,high,"{""emotion"": ""anger"", ""intensity"": ""high""}"
Ses01M_impro02_F013,both,anger,high,"{""emotion"": ""anger"", ""intensity"": ""high""}"
Ses01M_impro02_F015,both,neutral,none,"{""emotion"": ""neutral"", ""intensity"": ""none""}"
Ses01M_impro02_F017,both,sadness,low,"{""emotion"": ""sadness"", ""intensity"": ""low""}"
Ses01M_impro02_M000,both,anger,high,"{""emotion"": ""anger"", ""intensity"": ""high""}"
Ses01M_impro02_M001,both,sadness,high,"{""emotion"": ""sadness"", ""intensity"": ""high""}"
Ses01M_impro02_M003,both,neutral,none,"{""emotion"": ""neutral"", ""intensity"": ""none""}"
Ses01M_impro02_M007,both,sadness,high,"{""emotion"": ""sadness"", ""intensity"": ""high""}"
Ses01M_impro02_M009,both,anger,high,"{""emotion"": ""anger"", ""intensity"": ""high""}"
Ses01M_impro02_M012,both,neutral,none,"{""emotion"": ""neutral"", ""intensity"": ""none""}"
Ses01M_impro02_M013,both,neutral,none,"{""emotion"": ""neutral"", ""intensity"": ""none""}"
Ses01M_impro02_M015,both,sadness,high,"{""emotion"": ""sadness"", ""intensity"": ""high""}"
Ses01M_impro02_M017,both,happiness,low,"{""emotion"": ""happiness"", ""intensity"": ""low""}"
Ses01M_impro02_M019,both,sadness,high,"{""emotion"": ""sadness"", ""intensity"": ""high""}"
Ses01M_impro02_M020,both,sadness,high,"{""emotion"": ""sadness"", ""intensity"": ""high""}"
Ses01M_impro02_M022,both,sadness,high,"{""emotion"": ""sadness"", ""intensity"": ""high""}"
Ses01M_impro03_F003,both,sadness,low,"{""emotion"": ""sadness"", ""intensity"": ""low""}"
Ses01M_impro03_F006,both,happiness,high,"{""emotion"": ""happiness"", ""intensity"": ""high""}"
Ses01M_impro03_F007,both,sadness,low,"{""emotion"": ""sadness"", ""intensity"": ""low""}"
Ses01M_impro03_F009,both,sadness,high,"{""emotion"": ""sadness"", ""intensity"": ""high""}"
Ses01M_impro03_F010,both,happiness,low,"{""emotion"": ""happiness"", ""intensity"": ""low""}"
Ses01M_impro03_F013,both,sadness,high,"{""emotion"": ""sadness"", ""intensity"": ""high""}"
Ses01M_impro03_F016,both,sadness,high,"{""emotion"": ""sadness"", ""intensity"": ""high""}"
Ses01M_impro03_F018,both,sadness,high,"{""emotion"": ""sadness"", ""intensity"": ""high""}"
Ses01M_impro03_F023,both,happiness,high,"{""emotion"": ""happiness"", ""intensity"": ""high""}"
Ses01M_impro03_F026,both,neutral,none,"{""emotion"": ""neutral"", ""intensity"": ""none""}"
Ses01M_impro03_M003,both,sadness,high,"{""emotion"": ""sadness"", ""intensity"": ""high""}"
Ses01M_impro03_M007,both,anger,high,"{""emotion"": ""anger"", ""intensity"": ""high""}"
Ses01M_impro03_M010,both,happiness,high,"{""emotion"": ""happiness"", ""intensity"": ""high""}"
Ses01M_impro03_M024,both,anger,high,"{""emotion"": ""anger"", ""intensity"": ""high""}"
Ses01M_impro04_F000,both,sadness,low,"{""emotion"": ""sadness"", ""intensity"": ""low""}"
Ses01M_impro04_F003,both,sadness,high,"{""emotion"": ""sadness"", ""intensity"": ""high""}"
Ses01M_impro04_F010,both,neutral,none,"{""emotion"": ""neutral"", ""intensity"": ""none""}"
Ses01M_impro04_F015,both,anger,high,"{""emotion"": ""anger"", ""intensity"": ""high""}"
Ses01M_impro04_F021,both,anger,low,"{""emotion"": ""anger"", ""intensity"": ""low""}"
Ses01M_impro04_M018,both,anger,high,"{""emotion"": ""anger"", ""intensity"": ""high""}"
Ses01M_impro05_F001,both,neutral,none,"{""emotion"": ""neutral"", ""intensity"": ""none""}"
Ses01M_impro05_F002,both,anger,high,"{""emotion"": ""anger"", ""intensity"": ""high""}"
Ses01M_impro05_F007,both,anger,low,"{""emotion"": ""anger"", ""intensity"": ""low""}"
Ses01M_impro05_F011,both,sadness,high,"{""emotion"": ""sadness"", ""intensity"": ""high""}"
Ses01M_impro05_F012,both,neutral,none,"{""emotion"": ""neutral"", ""intensity"": ""none""}"
Ses01M_impro05_F015,both,anger,high,"{""emotion"": ""anger"", ""intensity"": ""high""}"
Ses01M_impro05_F017,both,sadness,low,"{""emotion"": ""sadness"", ""intensity"": ""low""}"
Ses01M_impro05_F025,both,neutral,none,"{""emotion"": ""neutral"", ""intensity"": ""none""}"
Ses01M_impro05_F027,both,neutral,none,"{""emotion"": ""neutral"", ""intensity"": ""none""}"
Ses01M_impro05_F034,both,anger,low,"{""emotion"": ""anger"", ""intensity"": ""low""}"
Ses01M_impro05_M005,both,anger,high,"{""emotion"": ""anger"", ""intensity"": ""high""}"
Ses01M_impro05_M006,both,anger,high,"{""emotion"": ""anger"", ""intensity"": ""high""}"
Ses01M_impro05_M008,both,anger,high,"{""emotion"": ""anger"", ""intensity"": ""high""}"
Ses01M_impro05_M021,both,anger,high,"{""emotion"": ""anger"", ""intensity"": ""high""}"
Ses01M_impro05_M022,both,sadness,low,"{""emotion"": ""sadness"", ""intensity"": ""low""}"
Ses01M_impro05_M023,both,anger,high,"{""emotion"": ""anger"", ""intensity"": ""high""}"
Ses01M_impro06_F000,both,sadness,high,"{""emotion"": ""sadness"", ""intensity"": ""high""}"
Ses01M_impro06_F003,both,sadness,high,"{""emotion"": ""sadness"", ""intensity"": ""high""}"
Ses01M_impro06_F005,both,sadness,high,"{""emotion"": ""sadness"", ""intensity"": ""high""}"
Ses01M_impro06_F008,both,neutral,none,"{""emotion"": ""neutral"", ""intensity"": ""none""}"
Ses01M_impro06_F009,both,neutral,none,"{""emotion"": ""neutral"", ""intensity"": ""none""}"
Ses01M_impro06_F015,both,sadness,high,"{""emotion"": ""sadness"", ""intensity"": ""high""}"
Ses01M_impro06_M000,both,sadness,high,"{""emotion"": ""sadness"", ""intensity"": ""high""}"
Ses01M_impro06_M012,both,sadness,high,"{""emotion"": ""sadness"", ""intensity"": ""high""}"
Ses01M_impro06_M014,both,neutral,none,"{""emotion"": ""neutral"", ""intensity"": ""none""}"
Ses01M_impro06_M016,both,,,"{""emotion"": ""fear"", ""intensity"": ""high""}"
Ses01M_impro06_M022,both,sadness,low,"{""emotion"": ""sadness"", ""intensity"": ""low""}"
Ses01M_impro06_M023,both,sadness,low,"{""emotion"": ""sadness"", ""intensity"": ""low""}"
Ses01M_impro06_M024,both,sadness,high,"{""emotion"": ""sadness"", ""intensity"": ""high""}"
Ses01M_impro06_M026,both,sadness,high,"{""emotion"": ""sadness"", ""intensity"": ""high""}"
Ses01M_impro06_M027,both,sadness,low,"{""emotion"": ""sadness"", ""intensity"": ""low""}"
Ses01M_impro06_M029,both,sadness,high,"{""emotion"": ""sadness"", ""intensity"": ""high""}"
Ses01M_impro07_F003,both,happiness,high,"{""emotion"": ""happiness"", ""intensity"": ""high""}"
Ses01M_impro07_F005,both,happiness,high,"{""emotion"": ""happiness"", ""intensity"": ""high""}"
Ses01M_impro07_F021,both,neutral,none,"{""emotion"": ""neutral"", ""intensity"": ""none""}"
Ses01M_impro07_M000,both,happiness,low,"{""emotion"": ""happiness"", ""intensity"": ""low""}"
Ses01M_impro07_M003,both,anger,high,"{""emotion"": ""anger"", ""intensity"": ""high""}"
Ses01M_impro07_M008,both,anger,high,"{""emotion"": ""anger"", ""intensity"": ""high""}"
Ses01M_impro07_M011,both,neutral,none,"{""emotion"": ""neutral"", ""intensity"": ""none""}"
Ses01M_impro07_M017,both,neutral,none,"{""emotion"": ""neutral"", ""intensity"": ""none""}"
Ses01M_impro07_M019,both,neutral,none,"{""emotion"": ""neutral"", ""intensity"": ""none""}"
Ses01M_impro07_M020,both,sadness,high,"{""emotion"": ""sadness"", ""intensity"": ""high""}"
Ses01M_impro07_M032,both,neutral,none,"{""emotion"": ""neutral"", ""intensity"": ""none""}"
Ses01M_script01_1_F004,both,anger,high,"{""emotion"": ""anger"", ""intensity"": ""high""}"
Ses01M_script01_1_F025,both,neutral,none,"{""emotion"": ""neutral"", ""intensity"": ""none""}"
Ses01M_script01_1_F032,both,anger,high,"{""emotion"": ""anger"", ""intensity"": ""high""}"
Ses01M_script01_1_F042,both,neutral,none,"{""emotion"": ""neutral"", ""intensity"": ""none""}"
Ses01M_script01_1_M004,both,sadness,low,"{""emotion"": ""sadness"", ""intensity"": ""low""}"
Ses01M_script01_1_M005,both,sadness,high,"{""emotion"": ""sadness"", ""intensity"": ""high""}"
Ses01M_script01_1_M021,both,sadness,low,"{""emotion"": ""sadness"", ""intensity"": ""low""}"
Ses01M_script01_1_M041,both,neutral,none,"{""emotion"": ""neutral"", ""intensity"": ""none""}"
Ses01M_script01_2_F004,both,anger,high,"{""emotion"": ""anger"", ""intensity"": ""high""}"
Ses01M_script01_2_F009,both,anger,high,"{""emotion"": ""anger"", ""intensity"": ""high""}"
Ses01M_script01_2_F013,both,happiness,high,"{""emotion"": ""happiness"", ""intensity"": ""high""}"
Ses01M_script01_2_M017,both,anger,high,"{""emotion"": ""anger"", ""intensity"": ""high""}"
Ses01M_script01_3_F000,both,sadness,low,"{""emotion"": ""sadness"", ""intensity"": ""low""}"
Ses01M_script01_3_F001,both,happiness,low,"{""emotion"": ""happiness"", ""intensity"": ""low""}"
Ses01M_script01_3_F003,both,sadness,high,"{""emotion"": ""sadness"", ""intensity"": ""high""}"
Ses01M_script01_3_F006,both,sadness,low,"{""emotion"": ""sadness"", ""intensity"": ""moderate""}"
Ses01M_script01_3_F014,both,sadness,low,"{""emotion"": ""sadness"", ""intensity"": ""low""}"
Ses01M_script01_3_F018,both,sadness,low,"{""emotion"": ""sadness"", ""intensity"": ""low""}"
Ses01M_script01_3_F019,both,neutral,none,"{""emotion"": ""neutral"", ""intensity"": ""none""}"
Ses01M_script01_3_F021,both,neutral,none,"{""emotion"": ""neutral"", ""intensity"": ""none""}"
Ses01M_script01_3_F024,both,sadness,high,"{""emotion"": ""sadness"", ""intensity"": ""high""}"
Ses01M_script01_3_M000,both,sadness,low,"{""emotion"": ""sadness"", ""intensity"": ""low""}"
Ses01M_script01_3_M001,both,neutral,none,"{""emotion"": ""neutral"", ""intensity"": ""none""}"
Ses01M_script01_3_M002,both,sadness,high,"{""emotion"": ""sadness"", ""intensity"": ""high""}"
Ses01M_script01_3_M004,both,sadness,high,"{""emotion"": ""sadness"", ""intensity"": ""high""}"
Ses01M_script01_3_M007,both,anger,high,"{""emotion"": ""anger"", ""intensity"": ""high""}"
Ses01M_script01_3_M009,both,happiness,high,"{""emotion"": ""happiness"", ""intensity"": ""high""}"
Ses01M_script01_3_M019,both,happiness,low,"{""emotion"": ""happiness"", ""intensity"": ""low""}"
Ses01M_script01_3_M020,both,anger,low,"{""emotion"": ""anger"", ""intensity"": ""low""}"
Ses01M_script01_3_M021,both,neutral,none,"{""emotion"": ""neutral"", ""intensity"": ""none""}"
Ses01M_script01_3_M026,both,sadness,high,"{""emotion"": ""sadness"", ""intensity"": ""high""}"
Ses01M_script01_3_M030,both,sadness,high,"{""emotion"": ""sadness"", ""intensity"": ""high""}"
Ses01M_script01_3_M031,both,sadness,high,"{""emotion"": ""sadness"", ""intensity"": ""high""}"
Ses01M_script01_3_M036,both,anger,high,"{""emotion"": ""anger"", ""intensity"": ""high""}"
Ses01M_script01_3_M038,both,neutral,none,"{""emotion"": ""neutral"", ""intensity"": ""none""}"
Ses01M_script01_3_M039,both,sadness,low,"{""emotion"": ""sadness"", ""intensity"": ""low""}"
Ses01M_script02_1_F005,both,anger,high,"{""emotion"": ""anger"", ""intensity"": ""high""}"
Ses01M_script02_1_F007,both,neutral,none,"{""emotion"": ""neutral"", ""intensity"": ""none""}"
Ses01M_script02_1_F009,both,neutral,none,"{""emotion"": ""neutral"", ""intensity"": ""none""}"
Ses01M_script02_1_F014,both,happiness,low,"{""emotion"": ""happiness"", ""intensity"": ""low""}"
Ses01M_script02_1_M002,both,happiness,high,"{""emotion"": ""happiness"", ""intensity"": ""high""}"
Ses01M_script02_1_M009,both,anger,high,"{""emotion"": ""anger"", ""intensity"": ""high""}"
Ses01M_script02_1_M016,both,happiness,high,"{""emotion"": ""happiness"", ""intensity"": ""high""}"
Ses01M_script02_1_M028,both,neutral,none,"{""emotion"": ""neutral"", ""intensity"": ""none""}"
Ses01M_script02_1_M043,both,anger,high,"{""emotion"": ""anger"", ""intensity"": ""high""}"
Ses01M_script02_2_F011,both,anger,high,"{""emotion"": ""anger"", ""intensity"": ""high""}"
Ses01M_script02_2_F022,both,happiness,low,"{""emotion"": ""happiness"", ""intensity"": ""low""}"
Ses01M_script02_2_F024,both,sadness,high,"{""emotion"": ""sadness"", ""intensity"": ""high""}"
Ses01M_script02_2_F026,both,anger,high,"{""emotion"": ""anger"", ""intensity"": ""high""}"
Ses01M_script02_2_F031,both,sadness,low,"{""emotion"": ""sadness"", ""intensity"": ""low""}"
Ses01M_script02_2_F033,both,sadness,low,"{""emotion"": ""sadness"", ""intensity"": ""low""}"
Ses01M_script02_2_F036,both,sadness,low,"{""emotion"": ""sadness"", ""intensity"": ""low""}"
Ses01M_script02_2_F040,both,anger,high,"{""emotion"": ""anger"", ""intensity"": ""high""}"
Ses01M_script02_2_M020,both,neutral,none,"{""emotion"": ""neutral"", ""intensity"": ""none""}"
Ses01M_script02_2_M023,both,neutral,none,"{""emotion"": ""neutral"", ""intensity"": ""none""}"
Ses01M_script02_2_M033,both,anger,high,"{""emotion"": ""anger"", ""intensity"": ""high""}"
Ses01M_script02_2_M041,both,neutral,none,"{""emotion"": ""neutral"", ""intensity"": ""none""}"
Ses01M_script02_2_M043,both,sadness,high,"{""emotion"": ""sadness"", ""intensity"": ""high""}"
Ses01M_script02_2_M049,both,happiness,low,"{""emotion"": ""happiness"", ""intensity"": ""low""}"
Ses01M_script02_2_M052,both,sadness,high,"{""emotion"": ""sadness"", ""intensity"": ""high""}"
Ses01M_script03_1_F008,both,neutral,none,"{""emotion"": ""neutral"", ""intensity"": ""none""}"
Ses01M_script03_1_F009,both,happiness,high,"{""emotion"": ""happiness"", ""intensity"": ""high""}"
Ses01M_script03_1_F011,both,happiness,low,"{""emotion"": ""happiness"", ""intensity"": ""low""}"
Ses01M_script03_1_F014,both,sadness,high,"{""emotion"": ""sadness"", ""intensity"": ""high""}"
Ses01M_script03_1_F015,both,anger,high,"{""emotion"": ""anger"", ""intensity"": ""high""}"
Ses01M_script03_1_F024,both,anger,low,"{""emotion"": ""anger"", ""intensity"": ""low""}"
Ses01M_script03_1_F030,both,neutral,none,"{""emotion"": ""neutral"", ""intensity"": ""none""}"
Ses01M_script03_1_F031,both,happiness,high,"{""emotion"": ""happiness"", ""intensity"": ""high""}"
Ses01M_script03_1_F036,both,neutral,none,"{""emotion"": ""neutral"", ""intensity"": ""none""}"
Ses01M_script03_1_F039,both,sadness,high,"{""emotion"": ""sadness"", ""intensity"": ""high""}"
Ses01M_script03_1_M004,both,anger,low,"{""emotion"": ""anger"", ""intensity"": ""low""}"
Ses01M_script03_1_M010,both,neutral,none,"{""emotion"": ""neutral"", ""intensity"": ""none""}"
Ses01M_script03_1_M011,both,sadness,low,"{""emotion"": ""sadness"", ""intensity"": ""low""}"
Ses01M_script03_1_M012,both,neutral,none,"{""emotion"": ""neutral"", ""intensity"": ""none""}"
Ses01M_script03_1_M028,both,sadness,high,"{""emotion"": ""sadness"", ""intensity"": ""high""}"
Ses01M_script03_1_M040,both,sadness,low,"{""emotion"": ""sadness"", ""intensity"": ""moderate""}"
Ses01M_script03_2_F015,both,anger,low,"{""emotion"": ""anger"", ""intensity"": ""low""}"
Ses01M_script03_2_F028,both,happiness,high,"{""emotion"": ""happiness"", ""intensity"": ""high""}"
Ses01M_script03_2_F029,both,anger,high,"{""emotion"": ""anger"", ""intensity"": ""high""}"
Ses01M_script03_2_F037,both,anger,high,"{""emotion"": ""anger"", ""intensity"": ""high""}"
Ses01M_script03_2_F038,both,anger,high,"{""emotion"": ""anger"", ""intensity"": ""high""}"
Ses01M_script03_2_M023,both,anger,low,"{""emotion"": ""anger"", ""intensity"": ""low""}"
Ses01M_script03_2_M026,both,anger,high,"{""emotion"": ""anger"", ""intensity"": ""high""}"
Ses01M_script03_2_M029,both,anger,high,"{""emotion"": ""anger"", ""intensity"": ""high""}"
Ses01M_script03_2_M030,both,neutral,none,"{""emotion"": ""neutral"", ""intensity"": ""none""}"
Ses01M_script03_2_M031,both,happiness,high,"{""emotion"": ""happiness"", ""intensity"": ""high""}"
Ses01M_script03_2_M032,both,anger,low,"{""emotion"": ""anger"", ""intensity"": ""low""}"
Ses01M_script03_2_M033,both,anger,high,"{""emotion"": ""anger"", ""intensity"": ""high""}"
Ses01M_script03_2_M034,both,sadness,low,"{""emotion"": ""sadness"", ""intensity"": ""low""}"
Ses01M_script03_2_M037,both,anger,high,"{""emotion"": ""anger"", ""intensity"": ""high""}"
Ses01M_script03_2_M038,both,anger,high,"{""emotion"": ""anger"", ""intensity"": ""high""}"
Ses01M_script03_2_M039,both,happiness,high,"{""emotion"": ""happiness"", ""intensity"": ""high""}"
Ses01M_script03_2_M041,both,neutral,none,"{""emotion"": ""neutral"", ""intensity"": ""none""}"
Ses01M_script03_2_M042,both,anger,high,"{""emotion"": ""anger"", ""intensity"": ""high""}"
Ses02F_impro01_F018,both,anger,high,"{""emotion"": ""anger"", ""intensity"": ""high""}"
Ses02F_impro01_F019,both,anger,high,"{""emotion"": ""anger"", ""intensity"": ""high""}"
Ses02F_impro01_F021,both,neutral,none,"{""emotion"": ""neutral"", ""intensity"": ""none""}"
Ses02F_impro01_M000,both,neutral,none,"{""emotion"": ""neutral"", ""intensity"": ""none""}"
Ses02F_impro01_M002,both,neutral,none,"{""emotion"": ""neutral"", ""intensity"": ""none""}"
Ses02F_impro02_F000,both,sadness,high,"{""emotion"": ""sadness"", ""intensity"": ""high""}"
Ses02F_impro02_F004,both,neutral,none,"{""emotion"": ""neutral"", ""intensity"": ""none""}"
Ses02F_impro02_F007,both,sadness,high,"{""emotion"": ""sadness"", ""intensity"": ""high""}"
Ses02F_impro02_F013,both,sadness,high,"{""emotion"": ""sadness"", ""intensity"": ""high""}"
Ses02F_impro03_F001,both,happiness,high,"{""emotion"": ""happiness"", ""intensity"": ""high""}"
Ses02F_impro03_F004,both,happiness,high,"{""emotion"": ""happiness"", ""intensity"": ""high""}"
Ses02F_impro03_F014,both,happiness,high,"{""emotion"": ""happiness"", ""intensity"": ""high""}"
Ses02F_impro03_F016,both,neutral,none,"{""emotion"": ""neutral"", ""intensity"": ""none""}"
Ses02F_impro03_F019,both,neutral,none,"{""emotion"": ""neutral"", ""intensity"": ""none""}"
Ses02F_impro03_F023,both,happiness,high,"{""emotion"": ""happiness"", ""intensity"": ""high""}"
Ses02F_impro03_F024,both,happiness,high,"{""emotion"": ""happiness"", ""intensity"": ""high""}"
Ses02F_impro03_F026,both,neutral,none,"{""emotion"": ""neutral"", ""intensity"": ""none""}"
Ses02F_impro03_M019,both,happiness,high,"{""emotion"": ""happiness"", ""intensity"": ""high""}"
Ses02F_impro03_M024,both,anger,high,"{""emotion"": ""anger"", ""intensity"": ""high""}"
Ses02F_impro04_F009,both,sadness,low,"{""emotion"": ""sadness"", ""intensity"": ""low""}"
Ses02F_impro04_M011,both,sadness,low,"{""emotion"": ""sadness"", ""intensity"": ""low""}"
Ses02F_impro04_M012,both,neutral,none,"{""emotion"": ""neutral"", ""intensity"": ""none""}"
Ses02F_impro05_F004,both,neutral,none,"{""emotion"": ""neutral"", ""intensity"": ""none""}"
Ses02F_impro05_F010,both,anger,high,"{""emotion"": ""anger"", ""intensity"": ""high""}"
Ses02F_impro05_M002,both,neutral,none,"{""emotion"": ""neutral"", ""intensity"": ""none""}"
Ses02F_impro05_M003,both,sadness,low,"{""emotion"": ""sadness"", ""intensity"": ""low""}"
Ses02F_impro05_M011,both,neutral,none,"{""emotion"": ""neutral"", ""intensity"": ""none""}"
Ses02F_impro05_M015,both,sadness,low,"{""emotion"": ""sadness"", ""intensity"": ""low""}"
Ses02F_impro05_M017,both,sadness,high,"{""emotion"": ""sadness"", ""intensity"": ""high""}"
Ses02F_impro06_F000,both,sadness,high,"{""emotion"": ""sadness"", ""intensity"": ""high""}"
Ses02F_impro06_F001,both,sadness,low,"{""emotion"": ""sadness"", ""intensity"": ""low""}"
Ses02F_impro06_F006,both,sadness,low,"{""emotion"": ""sadness"", ""intensity"": ""low""}"
Ses02F_impro06_F007,both,sadness,high,"{""emotion"": ""sadness"", ""intensity"": ""high""}"
Ses02F_impro06_F010,both,neutral,none,"{""emotion"": ""neutral"", ""intensity"": ""none""}"
Ses02F_impro06_M005,both,sadness,high,"{""emotion"": ""sadness"", ""intensity"": ""high""}"
Ses02F_impro06_M013,both,sadness,high,"{""emotion"": ""sadness"", ""intensity"": ""high""}"
Ses02F_impro07_F004,both,anger,high,"{""emotion"": ""anger"", ""intensity"": ""high""}"
Ses02F_impro07_F016,both,neutral,none,"{""emotion"": ""neutral"", ""intensity"": ""none""}"
Ses02F_impro07_F017,both,neutral,none,"{""emotion"": ""neutral"", ""intensity"": ""none""}"
Ses02F_impro07_F018,both,happiness,high,"{""emotion"": ""happiness"", ""intensity"": ""high""}"
Ses02F_impro07_F029,both,happiness,high,"{""emotion"": ""happiness"", ""intensity"": ""high""}"
Ses02F_impro07_F031,both,neutral,none,"{""emotion"": ""neutral"", ""intensity"": ""none""}"
Ses02F_impro07_F032,both,anger,high,"{""emotion"": ""anger"", ""intensity"": ""high""}"
Ses02F_impro07_F037,both,neutral,none,"{""emotion"": ""neutral"", ""intensity"": ""none""}"
Ses02F_impro07_M002,both,anger,high,"{""emotion"": ""anger"", ""intensity"": ""high""}"
Ses02F_impro07_M004,both,happiness,high,"{""emotion"": ""happiness"", ""intensity"": ""high""}"
Ses02F_impro07_M007,both,anger,high,"{""emotion"": ""anger"", ""intensity"": ""high""}"
Ses02F_impro07_M017,both,neutral,none,"{""emotion"": ""neutral"", ""intensity"": ""none""}"
Ses02F_impro07_M018,both,happiness,low,"{""emotion"": ""happiness"", ""intensity"": ""low""}"
Ses02F_impro07_M023,both,sadness,low,"{""emotion"": ""sadness"", ""intensity"": ""moderate""}"
Ses02F_impro07_M027,both,sadness,high,"{""emotion"": ""sadness"", ""intensity"": ""high""}"
Ses02F_impro07_M034,both,happiness,low,"{""emotion"": ""happiness"", ""intensity"": ""low""}"
Ses02F_impro08_F001,both,anger,high,"{""emotion"": ""anger"", ""intensity"": ""high""}"
Ses02F_impro08_F005,both,neutral,none,"{""emotion"": ""neutral"", ""intensity"": ""none""}"
Ses02F_impro08_F006,both,happiness,low,"{""emotion"": ""happiness"", ""intensity"": ""low""}"
Ses02F_impro08_F009,both,neutral,none,"{""emotion"": ""neutral"", ""intensity"": ""none""}"
Ses02F_impro08_F010,both,neutral,none,"{""emotion"": ""neutral"", ""intensity"": ""none""}"
Ses02F_impro08_F014,both,neutral,none,"{""emotion"": ""neutral"", ""intensity"": ""none""}"
Ses02F_impro08_F020,both,neutral,none,"{""emotion"": ""neutral"", ""intensity"": ""none""}"
Ses02F_impro08_M013,both,neutral,low,"{""emotion"": ""neutral"", ""intensity"": ""low""}"
Ses02F_impro08_M015,both,neutral,none,"{""emotion"": ""neutral"", ""intensity"": ""none""}"
Ses02F_impro08_M016,both,neutral,none,"{""emotion"": ""neutral"", ""intensity"": ""none""}"
Ses02F_impro08_M019,both,sadness,high,"{""emotion"": ""sadness"", ""intensity"": ""high""}"
Ses02F_script01_1_F005,both,sadness,high,"{""emotion"": ""sadness"", ""intensity"": ""high""}"
Ses02F_script01_1_F019,both,anger,high,"{""emotion"": ""anger"", ""intensity"": ""high""}"
Ses02F_script01_1_F036,both,anger,low,"{""emotion"": ""anger"", ""intensity"": ""low""}"
Ses02F_script01_1_F037,both,anger,high,"{""emotion"": ""anger"", ""intensity"": ""high""}"
Ses02F_script01_1_M011,both,sadness,high,"{""emotion"": ""sadness"", ""intensity"": ""high""}"
Ses02F_script01_1_M023,both,sadness,high,"{""emotion"": ""sadness"", ""intensity"": ""high""}"
Ses02F_script01_1_M036,both,anger,high,"{""emotion"": ""anger"", ""intensity"": ""high""}"
Ses02F_script01_1_M038,both,happiness,low,"{""emotion"": ""happiness"", ""intensity"": ""low""}"
Ses02F_script01_1_M040,both,anger,high,"{""emotion"": ""anger"", ""intensity"": ""high""}"
Ses02F_script01_2_F005,both,neutral,none,"{""emotion"": ""neutral"", ""intensity"": ""none""}"
Ses02F_script01_2_F012,both,sadness,high,"{""emotion"": ""sadness"", ""intensity"": ""high""}"
Ses02F_script01_2_F013,both,anger,high,"{""emotion"": ""anger"", ""intensity"": ""high""}"
Ses02F_script01_2_M008,both,anger,high,"{""emotion"": ""anger"", ""intensity"": ""high""}"
Ses02F_script01_2_M016,both,anger,high,"{""emotion"": ""anger"", ""intensity"": ""high""}"
Ses02F_script01_2_M018,both,anger,high,"{""emotion"": ""anger"", ""intensity"": ""high""}"
Ses02F_script01_3_F020,both,sadness,low,"{""emotion"": ""sadness"", ""intensity"": ""low""}"
Ses02F_script01_3_F021,both,neutral,none,"{""emotion"": ""neutral"", ""intensity"": ""none""}"
Ses02F_script01_3_F026,both,neutral,none,"{""emotion"": ""neutral"", ""intensity"": ""none""}"
Ses02F_script01_3_F029,both,neutral,none,"{""emotion"": ""neutral"", ""intensity"": ""none""}"
Ses02F_script01_3_M020,both,sadness,high,"{""emotion"": ""sadness"", ""intensity"": ""high""}"
Ses02F_script01_3_M021,both,sadness,low,"{""emotion"": ""sadness"", ""intensity"": ""low""}"
Ses02F_script01_3_M022,both,sadness,high,"{""emotion"": ""sadness"", ""intensity"": ""high""}"
Ses02F_script01_3_M024,both,sadness,high,"{""emotion"": ""sadness"", ""intensity"": ""high""}"
Ses02F_script01_3_M029,both,sadness,high,"{""emotion"": ""sadness"", ""intensity"": ""high""}"
Ses02F_script01_3_M030,both,sadness,high,"{""emotion"": ""sadness"", ""intensity"": ""high""}"
Ses02F_script02_1_F019,both,neutral,none,"{""emotion"": ""neutral"", ""intensity"": ""none""}"
Ses02F_script02_1_M003,both,happiness,low,"{""emotion"": ""happiness"", ""intensity"": ""low""}"
Ses02F_script02_1_M006,both,sadness,low,"{""emotion"": ""sadness"", ""intensity"": ""low""}"
Ses02F_script02_1_M013,both,neutral,none,"{""emotion"": ""neutral"", ""intensity"": ""none""}"
Ses02F_script02_1_M014,both,happiness,low,"{""emotion"": ""happiness"", ""intensity"": ""low""}"
Ses02F_script02_1_M017,both,anger,high,"{""emotion"": ""anger"", ""intensity"": ""high""}"
Ses02F_script02_1_M025,both,neutral,none,"{""emotion"": ""neutral"", ""intensity"": ""none""}"
Ses02F_script02_1_M031,both,sadness,low,"{""emotion"": ""sadness"", ""intensity"": ""low""}"
Ses02F_script02_1_M036,both,happiness,low,"{""emotion"": ""happiness"", ""intensity"": ""low""}"
Ses02F_script02_2_F005,both,anger,high,"{""emotion"": ""anger"", ""intensity"": ""high""}"
Ses02F_script02_2_F006,both,anger,high,"{""emotion"": ""anger"", ""intensity"": ""high""}"
Ses02F_script02_2_F019,both,happiness,high,"{""emotion"": ""happiness"", ""intensity"": ""high""}"
Ses02F_script02_2_F021,both,sadness,high,"{""emotion"": ""sadness"", ""intensity"": ""high""}"
Ses02F_script02_2_F024,both,neutral,none,"{""emotion"": ""neutral"", ""intensity"": ""none""}"
Ses02F_script02_2_F031,both,sadness,high,"{""emotion"": ""sadness"", ""intensity"": ""high""}"
Ses02F_script02_2_F034,both,sadness,low,"{""emotion"": ""sadness"", ""intensity"": ""low""}"
Ses02F_script02_2_F035,both,neutral,none,"{""emotion"": ""neutral"", ""intensity"": ""none""}"
Ses02F_script02_2_F038,both,sadness,low,"{""emotion"": ""sadness"", ""intensity"": ""low""}"
Ses02F_script02_2_F041,both,neutral,none,"{""emotion"": ""neutral"", ""intensity"": ""none""}"
Ses02F_script02_2_F044,both,sadness,low,"{""emotion"": ""sadness"", ""intensity"": ""low""}"
Ses02F_script02_2_M002,both,neutral,none,"{""emotion"": ""neutral"", ""intensity"": ""none""}"
Ses02F_script02_2_M013,both,neutral,none,"{""emotion"": ""neutral"", ""intensity"": ""none""}"
Ses02F_script02_2_M029,both,anger,high,"{""emotion"": ""anger"", ""intensity"": ""high""}"
Ses02F_script02_2_M035,both,sadness,low,"{""emotion"": ""sadness"", ""intensity"": ""low""}"
Ses02F_script02_2_M038,both,sadness,high,"{""emotion"": ""sadness"", ""intensity"": ""high""}"
Ses02F_script03_1_F005,both,sadness,high,"{""emotion"": ""sadness"", ""intensity"": ""high""}"
Ses02F_script03_1_F012,both,neutral,none,"{""emotion"": ""neutral"", ""intensity"": ""none""}"
Ses02F_script03_1_F021,both,anger,high,"{""emotion"": ""anger"", ""intensity"": ""high""}"
Ses02F_script03_1_F025,both,sadness,low,"{""emotion"": ""sadness"", ""intensity"": ""low""}"
Ses02F_script03_1_F028,both,neutral,none,"{""emotion"": ""neutral"", ""intensity"": ""none""}"
Ses02F_script03_1_F029,both,anger,high,"{""emotion"": ""anger"", ""intensity"": ""high""}"
Ses02F_script03_1_M001,both,neutral,none,"{""emotion"": ""neutral"", ""intensity"": ""none""}"
Ses02F_script03_1_M007,both,neutral,none,"{""emotion"": ""neutral"", ""intensity"": ""none""}"
Ses02F_script03_1_M009,both,sadness,low,"{""emotion"": ""sadness"", ""intensity"": ""low""}"
Ses02F_script03_1_M018,both,neutral,none,"{""emotion"": ""neutral"", ""intensity"": ""none""}"
Ses02F_script03_1_M022,both,happiness,low,"{""emotion"": ""happiness"", ""intensity"": ""low""}"
Ses02F_script03_1_M025,both,sadness,high,"{""emotion"": ""sadness"", ""intensity"": ""high""}"
Ses02F_script03_2_F011,both,neutral,none,"{""emotion"": ""neutral"", ""intensity"": ""none""}"
Ses02F_script03_2_F013,both,anger,high,"{""emotion"": ""anger"", ""intensity"": ""high""}"
Ses02F_script03_2_F014,both,anger,high,"{""emotion"": ""anger"", ""intensity"": ""high""}"
Ses02F_script03_2_F020,both,neutral,none,"{""emotion"": ""neutral"", ""intensity"": ""none""}"
Ses02F_script03_2_F029,both,anger,high,"{""emotion"": ""anger"", ""intensity"": ""high""}"
Ses02F_script03_2_F034,both,neutral,none,"{""emotion"": ""neutral"", ""intensity"": ""none""}"
Ses02F_script03_2_F035,both,anger,high,"{""emotion"": ""anger"", ""intensity"": ""high""}"
Ses02F_script03_2_F036,both,anger,high,"{""emotion"": ""anger"", ""intensity"": ""high""}"
Ses02F_script03_2_F038,both,anger,high,"{""emotion"": ""anger"", ""intensity"": ""high""}"
Ses02F_script03_2_F042,both,anger,high,"{""emotion"": ""anger"", ""intensity"": ""high""}"
Ses02F_script03_2_F043,both,anger,high,"{""emotion"": ""anger"", ""intensity"": ""high""}"
Ses02F_script03_2_M006,both,anger,high,"{""emotion"": ""anger"", ""intensity"": ""high""}"
Ses02F_script03_2_M007,both,anger,low,"{""emotion"": ""anger"", ""intensity"": ""low""}"
Ses02F_script03_2_M009,both,neutral,none,"{""emotion"": ""neutral"", ""intensity"": ""none""}"
Ses02F_script03_2_M013,both,anger,high,"{""emotion"": ""anger"", ""intensity"": ""high""}"
Ses02F_script03_2_M027,both,neutral,none,"{""emotion"": ""neutral"", ""intensity"": ""none""}"
Ses02F_script03_2_M030,both,neutral,none,"{""emotion"": ""neutral"", ""intensity"": ""none""}"
Ses02F_script03_2_M036,both,anger,low,"{""emotion"": ""anger"", ""intensity"": ""low""}"
Ses02F_script03_2_M039,both,anger,high,"{""emotion"": ""anger"", ""intensity"": ""high""}"
Ses02F_script03_2_M043,both,anger,high,"{""emotion"": ""anger"", ""intensity"": ""high""}"
Ses02F_script03_2_M044,both,anger,high,"{""emotion"": ""anger"", ""intensity"": ""high""}"
Ses02F_script03_2_M046,both,anger,high,"{""emotion"": ""anger"", ""intensity"": ""high""}"
Ses02M_impro01_F001,both,neutral,none,"{""emotion"": ""neutral"", ""intensity"": ""none""}"
Ses02M_impro01_F005,both,neutral,none,"{""emotion"": ""neutral"", ""intensity"": ""none""}"
Ses02M_impro01_F016,both,sadness,low,"{""emotion"": ""sadness"", ""intensity"": ""low""}"
Ses02M_impro01_M002,both,neutral,none,"{""emotion"": ""neutral"", ""intensity"": ""none""}"
Ses02M_impro01_M003,both,anger,high,"{""emotion"": ""anger"", ""intensity"": ""high""}"
Ses02M_impro01_M008,both,sadness,high,"{""emotion"": ""sadness"", ""intensity"": ""high""}"
Ses02M_impro01_M009,both,anger,high,"{""emotion"": ""anger"", ""intensity"": ""high""}"
Ses02M_impro01_M010,both,anger,high,"{""emotion"": ""anger"", ""intensity"": ""high""}"
Ses02M_impro02_F000,both,sadness,low,"{""emotion"": ""sadness"", ""intensity"": ""low""}"
Ses02M_impro02_F001,both,sadness,high,"{""emotion"": ""sadness"", ""intensity"": ""high""}"
Ses02M_impro02_F009,both,neutral,none,"{""emotion"": ""neutral"", ""intensity"": ""none""}"
Ses02M_impro02_M000,both,sadness,high,"{""emotion"": ""sadness"", ""intensity"": ""high""}"
Ses02M_impro02_M002,both,sadness,high,"{""emotion"": ""sadness"", ""intensity"": ""high""}"
Ses02M_impro02_M009,both,sadness,high,"{""emotion"": ""sadness"", ""intensity"": ""high""}"
Ses02M_impro03_F003,both,happiness,high,"{""emotion"": ""happiness"", ""intensity"": ""high""}"
Ses02M_impro03_F016,both,anger,high,"{""emotion"": ""anger"", ""intensity"": ""high""}"
Ses02M_impro03_F017,both,happiness,high,"{""emotion"": ""happiness"", ""intensity"": ""high""}"
Ses02M_impro03_F018,both,neutral,none,"{""emotion"": ""neutral"", ""intensity"": ""none""}"
Ses02M_impro03_M000,both,anger,high,"{""emotion"": ""anger"", ""intensity"": ""high""}"
Ses02M_impro03_M005,both,happiness,low,"{""emotion"": ""happiness"", ""intensity"": ""low""}"
Ses02M_impro03_M015,both,anger,high,"{""emotion"": ""anger"", ""intensity"": ""high""}"
Ses02M_impro03_M026,both,neutral,none,"{""emotion"": ""neutral"", ""intensity"": ""none""}"
Ses02M_impro03_M028,both,neutral,none,"{""emotion"": ""neutral"", ""intensity"": ""none""}"
Ses02M_impro03_M030,both,happiness,low,"{""emotion"": ""happiness"", ""intensity"": ""low""}"
Ses02M_impro04_F004,both,neutral,none,"{""emotion"": ""neutral"", ""intensity"": ""none""}"
Ses02M_impro04_F009,both,sadness,high,"{""emotion"": ""sadness"", ""intensity"": ""high""}"
Ses02M_impro04_F012,both,neutral,none,"{""emotion"": ""neutral"", ""intensity"": ""none""}"
Ses02M_impro04_M014,both,sadness,high,"{""emotion"": ""sadness"", ""intensity"": ""high""}"
Ses02M_impro04_M019,both,sadness,low,"{""emotion"": ""sadness"", ""intensity"": ""low""}"
Ses02M_impro05_F001,both,neutral,none,"{""emotion"": ""neutral"", ""intensity"": ""none""}"
Ses02M_impro05_F002,both,sadness,high,"{""emotion"": ""sadness"", ""intensity"": ""high""}"
Ses02M_impro05_F006,both,neutral,none,"{""emotion"": ""neutral"", ""intensity"": ""none""}"
Ses02M_impro05_F010,both,sadness,low,"{""emotion"": ""sadness"", ""intensity"": ""low""}"
Ses02M_impro05_F012,both,sadness,high,"{""emotion"": ""sadness"", ""intensity"": ""high""}"
Ses02M_impro05_F015,both,neutral,none,"{""emotion"": ""neutral"", ""intensity"": ""none""}"
Ses02M_impro05_F016,both,neutral,none,"{""emotion"": ""neutral"", ""intensity"": ""none""}"
Ses02M_impro05_F018,both,sadness,high,"{""emotion"": ""sadness"", ""intensity"": ""high""}"
Ses02M_impro05_F023,both,sadness,low,"{""emotion"": ""sadness"", ""intensity"": ""low""}"
Ses02M_impro05_F026,both,neutral,none,"{""emotion"": ""neutral"", ""intensity"": ""none""}"
Ses02M_impro05_M016,both,anger,high,"{""emotion"": ""anger"", ""intensity"": ""high""}"
Ses02M_impro05_M018,both,anger,high,"{""emotion"": ""anger"", ""intensity"": ""high""}"
Ses02M_impro05_M026,both,anger,high,"{""emotion"": ""anger"", ""intensity"": ""high""}"
Ses02M_impro06_F003,both,sadness,low,"{""emotion"": ""sadness"", ""intensity"": ""low""}"
Ses02M_impro06_F013,both,sadness,low,"{""emotion"": ""concern"", ""intensity"": ""low""}   Note: Since ""concern"" is not one of the provided options, the closest match in the given list would be ""sadness"". However, the instruction is to choose exactly one of the provided emotions, and ""concern"" is more accurate in this context. If we must strictly adhere to the provided options, the answer would be:  {""emotion"": ""sadness"", ""intensity"": ""low""}"
Ses02M_impro06_F015,both,sadness,high,"{""emotion"": ""sadness"", ""intensity"": ""high""}"
Ses02M_impro06_F018,both,neutral,none,"{""emotion"": ""neutral"", ""intensity"": ""none""}"
Ses02M_impro06_M000,both,sadness,high,"{""emotion"": ""sadness"", ""intensity"": ""high""}"
Ses02M_impro06_M002,both,sadness,high,"{""emotion"": ""sadness"", ""intensity"": ""high""}"
Ses02M_impro06_M004,both,sadness,low,"{""emotion"": ""sadness"", ""intensity"": ""low""}"
Ses02M_impro06_M007,both,sadness,low,"{""emotion"": ""sadness"", ""intensity"": ""low""}"
Ses02M_impro06_M008,both,anger,high,"{""emotion"": ""anger"", ""intensity"": ""high""}"
Ses02M_impro06_M010,both,neutral,none,"{""emotion"": ""neutral"", ""intensity"": ""none""}"
Ses02M_impro06_M012,both,happiness,low,"{""emotion"": ""happiness"", ""intensity"": ""low""}"
Ses02M_impro06_M013,both,sadness,high,"{""emotion"": ""sadness"", ""intensity"": ""high""}"
Ses02M_impro06_M017,both,sadness,high,"{""emotion"": ""sadness"", ""intensity"": ""high""}"
Ses02M_impro06_M018,both,sadness,high,"{""emotion"": ""sadness"", ""intensity"": ""high""}"
Ses02M_impro06_M019,both,happiness,low,"{""emotion"": ""happiness"", ""intensity"": ""low""}"
Ses02M_impro06_M021,both,neutral,none,"{""emotion"": ""neutral"", ""intensity"": ""none""}"
Ses02M_impro06_M023,both,sadness,high,"{""emotion"": ""sadness"", ""intensity"": ""high""}"
Ses02M_impro07_F000,both,happiness,low,"{""emotion"": ""happiness"", ""intensity"": ""moderate""}"
Ses02M_impro07_F001,both,neutral,none,"{""emotion"": ""neutral"", ""intensity"": ""none""}"
Ses02M_impro07_F006,both,anger,high,"{""emotion"": ""anger"", ""intensity"": ""high""}"
Ses02M_impro07_F013,both,happiness,high,"{""emotion"": ""happiness"", ""intensity"": ""high""}"
Ses02M_impro07_F018,both,sadness,high,"{""emotion"": ""sadness"", ""intensity"": ""high""}"
Ses02M_impro07_F025,both,happiness,low,"{""emotion"": ""happiness"", ""intensity"": ""low""}"
Ses02M_impro07_M010,both,anger,high,"{""emotion"": ""anger"", ""intensity"": ""high""}"
Ses02M_impro07_M014,both,anger,high,"{""emotion"": ""anger"", ""intensity"": ""high""}"
Ses02M_impro07_M015,both,happiness,high,"{""emotion"": ""happiness"", ""intensity"": ""high""}"
Ses02M_impro07_M026,both,happiness,low,"{""emotion"": ""happiness"", ""intensity"": ""low""}"
Ses02M_impro07_M030,both,neutral,none,"{""emotion"": ""neutral"", ""intensity"": ""none""}"
Ses02M_impro08_F000,both,neutral,none,"{""emotion"": ""neutral"", ""intensity"": ""none""}"
Ses02M_impro08_F008,both,sadness,high,"{""emotion"": ""sadness"", ""intensity"": ""high""}"
Ses02M_impro08_F019,both,neutral,none,"{""emotion"": ""neutral"", ""intensity"": ""none""}"
Ses02M_impro08_F024,both,neutral,none,"{""emotion"": ""neutral"", ""intensity"": ""none""}"
Ses02M_impro08_F025,both,neutral,none,"{""emotion"": ""neutral"", ""intensity"": ""none""}"
Ses02M_impro08_F027,both,neutral,none,"{""emotion"": ""neutral"", ""intensity"": ""none""}"
Ses02M_impro08_F030,both,neutral,none,"{""emotion"": ""neutral"", ""intensity"": ""none""}"
Ses02M_impro08_M004,both,anger,high,"{""emotion"": ""anger"", ""intensity"": ""high""}"
Ses02M_impro08_M008,both,neutral,none,"{""emotion"": ""neutral"", ""intensity"": ""none""}"
Ses02M_impro08_M011,both,anger,high,"{""emotion"": ""anger"", ""intensity"": ""high""}"
Ses02M_impro08_M018,both,sadness,high,"{""emotion"": ""sadness"", ""intensity"": ""high""}"
Ses02M_impro08_M023,both,neutral,none,"{""emotion"": ""neutral"", ""intensity"": ""none""}"
Ses02M_impro08_M029,both,anger,high,"{""emotion"": ""anger"", ""intensity"": ""high""}"
Ses02M_script01_1_F018,both,neutral,none,"{""emotion"": ""neutral"", ""intensity"": ""none""}"
Ses02M_script01_1_F023,both,neutral,none,"{""emotion"": ""neutral"", ""intensity"": ""none""}"
Ses02M_script01_1_F026,both,anger,high,"{""emotion"": ""anger"", ""intensity"": ""high""}"
Ses02M_script01_1_F027,both,neutral,none,"{""emotion"": ""neutral"", ""intensity"": ""none""}"
Ses02M_script01_1_F033,both,anger,high,"{""emotion"": ""anger"", ""intensity"": ""high""}"
Ses02M_script01_1_F036,both,neutral,none,"{""emotion"": ""neutral"", ""intensity"": ""none""}"
Ses02M_script01_1_M012,both,anger,high,"{""emotion"": ""anger"", ""intensity"": ""high""}"
Ses02M_script01_1_M021,both,neutral,none,"{""emotion"": ""neutral"", ""intensity"": ""none""}"
Ses02M_script01_1_M024,both,sadness,high,"{""emotion"": ""sadness"", ""intensity"": ""high""}"
Ses02M_script01_1_M025,both,anger,high,"{""emotion"": ""anger"", ""intensity"": ""high""}"
Ses02M_script01_1_M028,both,neutral,none,"{""emotion"": ""neutral"", ""intensity"": ""none""}"
Ses02M_script01_1_M035,both,sadness,low,"{""emotion"": ""sadness"", ""intensity"": ""low""}"
Ses02M_script01_1_M037,both,anger,high,"{""emotion"": ""anger"", ""intensity"": ""high""}"
Ses02M_script01_1_M038,both,sadness,high,"{""emotion"": ""sadness"", ""intensity"": ""high""}"
Ses02M_script01_2_F002,both,sadness,low,"{""emotion"": ""sadness"", ""intensity"": ""low""}"
Ses02M_script01_2_F005,both,neutral,none,"{""emotion"": ""neutral"", ""intensity"": ""none""}"
Ses02M_script01_2_M001,both,sadness,high,"{""emotion"": ""sadness"", ""intensity"": ""high""}"
Ses02M_script01_2_M017,both,anger,high,"{""emotion"": ""anger"", ""intensity"": ""high""}"
Ses02M_script01_3_F008,both,sadness,high,"{""emotion"": ""sadness"", ""intensity"": ""high""}"
Ses02M_script01_3_F021,both,neutral,none,"{""emotion"": ""neutral"", ""intensity"": ""none""}"
Ses02M_script01_3_F025,both,neutral,none,"{""emotion"": ""neutral"", ""intensity"": ""none""}"
Ses02M_script01_3_M000,both,sadness,low,"{""emotion"": ""sadness"", ""intensity"": ""low""}"
Ses02M_script01_3_M021,both,neutral,none,"{""emotion"": ""neutral"", ""intensity"": ""none""}"
Ses02M_script01_3_M025,both,sadness,high,"{""emotion"": ""sadness"", ""intensity"": ""high""}"
Ses02M_script01_3_M026,both,neutral,none,"{""emotion"": ""neutral"", ""intensity"": ""none""}"
Ses02M_script01_3_M028,both,sadness,high,"{""emotion"": ""sadness"", ""intensity"": ""high""}"
Ses02M_script01_3_M031,both,anger,high,"{""emotion"": ""anger"", ""intensity"": ""high""}"
Ses02M_script01_3_M032,both,sadness,high,"{""emotion"": ""sadness"", ""intensity"": ""high""}"
Ses02M_script01_3_M033,both,sadness,high,"{""emotion"": ""sadness"", ""intensity"": ""high""}"
Ses02M_script01_3_M034,both,neutral,none,"{""emotion"": ""neutral"", ""intensity"": ""none""}"
Ses02M_script02_1_F001,both,neutral,none,"{""emotion"": ""neutral"", ""intensity"": ""none""}"
Ses02M_script02_1_F011,both,neutral,none,"{""emotion"": ""neutral"", ""intensity"": ""none""}"
Ses02M_script02_1_F017,both,neutral,none,"{""emotion"": ""neutral"", ""intensity"": ""none""}"
Ses02M_script02_1_F018,both,neutral,none,"{""emotion"": ""neutral"", ""intensity"": ""none""}"
Ses02M_script02_1_F020,both,neutral,none,"{""emotion"": ""neutral"", ""intensity"": ""none""}"
Ses02M_script02_1_M004,both,sadness,low,"{""emotion"": ""confusion"", ""intensity"": ""moderate""}   Note: Since ""confusion"" is not one of the provided emotions, the closest match in the context of the provided options would be ""neutral"" as confusion can often be perceived as a lack of strong emotional expression. However, given the physical cues and the verbal expression, it seems to lean more towards a mild form of frustration or disappointment, which can be categorized under ""sadness"" in the given options. Therefore, a more appropriate response would be:  {""emotion"": ""sadness"", ""intensity"": ""low""}"
Ses02M_script02_1_M006,both,anger,high,"{""emotion"": ""anger"", ""intensity"": ""high""}"
Ses02M_script02_1_M023,both,neutral,none,"{""emotion"": ""neutral"", ""intensity"": ""none""}"
Ses02M_script02_1_M028,both,anger,high,"{""emotion"": ""anger"", ""intensity"": ""high""}"
Ses02M_script02_1_M036,both,happiness,high,"{""emotion"": ""happiness"", ""intensity"": ""high""}"
Ses02M_script02_1_M038,both,sadness,high,"{""emotion"": ""sadness"", ""intensity"": ""high""}"
Ses02M_script02_2_F005,both,anger,high,"{""emotion"": ""anger"", ""intensity"": ""high""}"
Ses02M_script02_2_F013,both,sadness,high,"{""emotion"": ""sadness"", ""intensity"": ""high""}"
Ses02M_script02_2_F016,both,happiness,low,"{""emotion"": ""happiness"", ""intensity"": ""low""}"
Ses02M_script02_2_F018,both,happiness,high,"{""emotion"": ""happiness"", ""intensity"": ""high""}"
Ses02M_script02_2_F021,both,sadness,high,"{""emotion"": ""sadness"", ""intensity"": ""high""}"
Ses02M_script02_2_F022,both,sadness,high,"{""emotion"": ""sadness"", ""intensity"": ""high""}"
Ses02M_script02_2_F031,both,sadness,low,"{""emotion"": ""sadness"", ""intensity"": ""low""}"
Ses02M_script02_2_F034,both,sadness,high,"{""emotion"": ""sadness"", ""intensity"": ""high""}"
Ses02M_script02_2_F042,both,neutral,none,"{""emotion"": ""neutral"", ""intensity"": ""none""}"
Ses02M_script02_2_F044,both,sadness,high,"{""emotion"": ""sadness"", ""intensity"": ""high""}"
Ses02M_script02_2_F045,both,sadness,low,"{""emotion"": ""sadness"", ""intensity"": ""low""}"
Ses02M_script02_2_M020,both,neutral,none,"{""emotion"": ""neutral"", ""intensity"": ""none""}"
Ses02M_script02_2_M023,both,neutral,none,"{""emotion"": ""neutral"", ""intensity"": ""none""}"
Ses02M_script02_2_M029,both,anger,high,"{""emotion"": ""anger"", ""intensity"": ""high""}"
Ses02M_script02_2_M035,both,sadness,low,"{""emotion"": ""sadness"", ""intensity"": ""low""}"
Ses02M_script02_2_M037,both,sadness,high,"{""emotion"": ""sadness"", ""intensity"": ""high""}"
Ses02M_script02_2_M038,both,sadness,low,"{""emotion"": ""sadness"", ""intensity"": ""low""}"
Ses02M_script02_2_M042,both,sadness,low,"{""emotion"": ""sadness"", ""intensity"": ""low""}"
Ses02M_script03_1_F015,both,sadness,low,"{""emotion"": ""sadness"", ""intensity"": ""low""}"
Ses02M_script03_1_F021,both,sadness,high,"{""emotion"": ""sadness"", ""intensity"": ""high""}"
Ses02M_script03_1_F024,both,sadness,high,"{""emotion"": ""sadness"", ""intensity"": ""high""}"
Ses02M_script03_1_M007,both,neutral,none,"{""emotion"": ""neutral"", ""intensity"": ""none""}"
Ses02M_script03_1_M009,both,sadness,high,"{""emotion"": ""sadness"", ""intensity"": ""high""}"
Ses02M_script03_1_M015,both,sadness,low,"{""emotion"": ""sadness"", ""intensity"": ""low""}"
Ses02M_script03_1_M016,both,sadness,low,"{""emotion"": ""sadness"", ""intensity"": ""low""}"
Ses02M_script03_1_M021,both,happiness,low,"{""emotion"": ""happiness"", ""intensity"": ""low""}"
Ses02M_script03_1_M022,both,anger,high,"{""emotion"": ""anger"", ""intensity"": ""high""}"
Ses02M_script03_2_F006,both,happiness,high,"{""emotion"": ""happiness"", ""intensity"": ""high""}"
Ses02M_script03_2_F009,both,neutral,none,"{""emotion"": ""neutral"", ""intensity"": ""none""}"
Ses02M_script03_2_F014,both,neutral,none,"{""emotion"": ""neutral"", ""intensity"": ""none""}"
Ses02M_script03_2_F019,both,anger,high,"{""emotion"": ""anger"", ""intensity"": ""high""}"
Ses02M_script03_2_F023,both,anger,low,"{""emotion"": ""anger"", ""intensity"": ""low""}"
Ses02M_script03_2_F024,both,neutral,none,"{""emotion"": ""neutral"", ""intensity"": ""none""}"
Ses02M_script03_2_F035,both,anger,high,"{""emotion"": ""anger"", ""intensity"": ""high""}"
Ses02M_script03_2_F036,both,anger,high,"{""emotion"": ""anger"", ""intensity"": ""high""}"
Ses02M_script03_2_F037,both,anger,high,"{""emotion"": ""anger"", ""intensity"": ""high""}"
Ses02M_script03_2_F038,both,anger,high,"{""emotion"": ""anger"", ""intensity"": ""high""}"
Ses02M_script03_2_F041,both,anger,high,"{""emotion"": ""anger"", ""intensity"": ""high""}"
Ses02M_script03_2_F042,both,anger,high,"{""emotion"": ""anger"", ""intensity"": ""high""}"
Ses02M_script03_2_M001,both,anger,high,"{""emotion"": ""anger"", ""intensity"": ""high""}"
Ses02M_script03_2_M007,both,anger,high,"{""emotion"": ""anger"", ""intensity"": ""high""}"
Ses02M_script03_2_M012,both,anger,high,"{""emotion"": ""anger"", ""intensity"": ""high""}"
Ses02M_script03_2_M026,both,happiness,high,"{""emotion"": ""happiness"", ""intensity"": ""high""}"
Ses02M_script03_2_M027,both,happiness,high,"{""emotion"": ""happiness"", ""intensity"": ""high""}"
Ses02M_script03_2_M032,both,anger,high,"{""emotion"": ""anger"", ""intensity"": ""high""}"
Ses02M_script03_2_M040,both,anger,high,"{""emotion"": ""anger"", ""intensity"": ""high""}"
Ses02M_script03_2_M041,both,happiness,high,"{""emotion"": ""happiness"", ""intensity"": ""high""}"
Ses02M_script03_2_M046,both,anger,high,"{""emotion"": ""anger"", ""intensity"": ""high""}"
Ses02M_script03_2_M047,both,anger,high,"{""emotion"": ""anger"", ""intensity"": ""high""}"
Ses03F_impro02_F000,both,happiness,high,"{""emotion"": ""happiness"", ""intensity"": ""high""}"
Ses03F_impro02_F007,both,happiness,low,"{""emotion"": ""happiness"", ""intensity"": ""low""}"
Ses03F_impro02_F019,both,neutral,none,"{""emotion"": ""neutral"", ""intensity"": ""none""}"
Ses03F_impro02_F026,both,neutral,none,"{""emotion"": ""neutral"", ""intensity"": ""none""}"
Ses03F_impro02_M001,both,happiness,low,"{""emotion"": ""happiness"", ""intensity"": ""low""}"
Ses03F_impro02_M019,both,sadness,low,"{""emotion"": ""sadness"", ""intensity"": ""low""}"
Ses03F_impro02_M020,both,sadness,high,"{""emotion"": ""sadness"", ""intensity"": ""high""}"
Ses03F_impro02_M021,both,sadness,low,"{""emotion"": ""sadness"", ""intensity"": ""low""}"
Ses03F_impro02_M027,both,anger,high,"{""emotion"": ""anger"", ""intensity"": ""high""}"
Ses03F_impro02_M029,both,sadness,low,"{""emotion"": ""sadness"", ""intensity"": ""low""}"
Ses03F_impro03_F011,both,happiness,high,"{""emotion"": ""happiness"", ""intensity"": ""high""}"
Ses03F_impro03_F013,both,neutral,none,"{""emotion"": ""neutral"", ""intensity"": ""none""}"
Ses03F_impro03_F014,both,neutral,none,"{""emotion"": ""neutral"", ""intensity"": ""none""}"
Ses03F_impro03_F021,both,happiness,low,"{""emotion"": ""happiness"", ""intensity"": ""low""}"
Ses03F_impro03_M001,both,neutral,none,"{""emotion"": ""neutral"", ""intensity"": ""none""}"
Ses03F_impro03_M005,both,neutral,none,"{""emotion"": ""neutral"", ""intensity"": ""none""}"
Ses03F_impro03_M021,both,happiness,low,"{""emotion"": ""happiness"", ""intensity"": ""low""}"
Ses03F_impro04_F022,both,anger,low,"{""emotion"": ""anger"", ""intensity"": ""low""}"
Ses03F_impro04_M001,both,sadness,low,"{""emotion"": ""sadness"", ""intensity"": ""low""}"
Ses03F_impro04_M006,both,neutral,none,"{""emotion"": ""neutral"", ""intensity"": ""none""}"
Ses03F_impro04_M007,both,neutral,none,"{""emotion"": ""neutral"", ""intensity"": ""none""}"
Ses03F_impro04_M009,both,neutral,none,"{""emotion"": ""neutral"", ""intensity"": ""none""}"
Ses03F_impro04_M013,both,anger,high,"{""emotion"": ""anger"", ""intensity"": ""high""}"
Ses03F_impro04_M014,both,neutral,none,"{""emotion"": ""neutral"", ""intensity"": ""none""}"
Ses03F_impro05_F002,both,anger,high,"{""emotion"": ""anger"", ""intensity"": ""high""}"
Ses03F_impro05_F009,both,anger,high,"{""emotion"": ""anger"", ""intensity"": ""high""}"
Ses03F_impro05_F010,both,neutral,none,"{""emotion"": ""neutral"", ""intensity"": ""none""}"
Ses03F_impro05_F015,both,anger,high,"{""emotion"": ""anger"", ""intensity"": ""high""}"
Ses03F_impro05_F016,both,anger,high,"{""emotion"": ""anger"", ""intensity"": ""high""}"
Ses03F_impro05_F017,both,happiness,low,"{""emotion"": ""happiness"", ""intensity"": ""low""}"
Ses03F_impro05_M003,both,sadness,low,"{""emotion"": ""sadness"", ""intensity"": ""low""}"
Ses03F_impro06_F000,both,neutral,none,"{""emotion"": ""neutral"", ""intensity"": ""none""}"
Ses03F_impro06_F001,both,sadness,high,"{""emotion"": ""sadness"", ""intensity"": ""high""}"
Ses03F_impro06_F005,both,sadness,low,"{""emotion"": ""sadness"", ""intensity"": ""low""}"
Ses03F_impro06_F006,both,sadness,high,"{""emotion"": ""sadness"", ""intensity"": ""high""}"
Ses03F_impro06_F007,both,happiness,low,"{""emotion"": ""happiness"", ""intensity"": ""low""}"
Ses03F_impro06_F011,both,sadness,low,"{""emotion"": ""sadness"", ""intensity"": ""low""}"
Ses03F_impro06_F018,both,happiness,low,"{""emotion"": ""happiness"", ""intensity"": ""low""}"
Ses03F_impro06_F020,both,sadness,high,"{""emotion"": ""sadness"", ""intensity"": ""high""}"
Ses03F_impro06_F021,both,sadness,low,"{""emotion"": ""sadness"", ""intensity"": ""low""}"
Ses03F_impro06_F024,both,sadness,high,"{""emotion"": ""sadness"", ""intensity"": ""high""}"
Ses03F_impro06_F027,both,neutral,none,"{""emotion"": ""neutral"", ""intensity"": ""none""}"
Ses03F_impro06_M001,both,sadness,low,"{""emotion"": ""sadness"", ""intensity"": ""low""}"
Ses03F_impro06_M003,both,sadness,high,"{""emotion"": ""sadness"", ""intensity"": ""high""}"
Ses03F_impro06_M006,both,neutral,none,"{""emotion"": ""neutral"", ""intensity"": ""none""}"
Ses03F_impro06_M007,both,happiness,low,"{""emotion"": ""happiness"", ""intensity"": ""low""}"
Ses03F_impro06_M008,both,neutral,none,"{""emotion"": ""neutral"", ""intensity"": ""none""}"
Ses03F_impro06_M011,both,sadness,high,"{""emotion"": ""sadness"", ""intensity"": ""high""}"
Ses03F_impro06_M013,both,neutral,none,"{""emotion"": ""neutral"", ""intensity"": ""none""}"
Ses03F_impro06_M016,both,sadness,high,"{""emotion"": ""sadness"", ""intensity"": ""high""}"
Ses03F_impro07_F004,both,happiness,low,"{""emotion"": ""happiness"", ""intensity"": ""low""}"
Ses03F_impro07_F005,both,neutral,none,"{""emotion"": ""neutral"", ""intensity"": ""none""}"
Ses03F_impro07_F013,both,happiness,high,"{""emotion"": ""happiness"", ""intensity"": ""high""}"
Ses03F_impro07_F014,both,happiness,high,"{""emotion"": ""happiness"", ""intensity"": ""high""}"
Ses03F_impro07_F020,both,happiness,high,"{""emotion"": ""happiness"", ""intensity"": ""high""}"
Ses03F_impro07_F023,both,happiness,low,"{""emotion"": ""happiness"", ""intensity"": ""low""}"
Ses03F_impro07_F025,both,happiness,high,"{""emotion"": ""happiness"", ""intensity"": ""high""}"
Ses03F_impro07_F032,both,anger,high,"{""emotion"": ""anger"", ""intensity"": ""high""}"
Ses03F_impro07_F034,both,anger,high,"{""emotion"": ""anger"", ""intensity"": ""high""}"
Ses03F_impro07_M000,both,neutral,none,"{""emotion"": ""neutral"", ""intensity"": ""none""}"
Ses03F_impro07_M004,both,neutral,none,"{""emotion"": ""neutral"", ""intensity"": ""none""}"
Ses03F_impro07_M014,both,happiness,high,"{""emotion"": ""happiness"", ""intensity"": ""high""}"
Ses03F_impro07_M021,both,happiness,low,"{""emotion"": ""happiness"", ""intensity"": ""low""}"
Ses03F_impro07_M022,both,happiness,low,"{""emotion"": ""happiness"", ""intensity"": ""low""}"
Ses03F_impro07_M033,both,neutral,none,"{""emotion"": ""neutral"", ""intensity"": ""none""}"
Ses03F_impro07_M034,both,happiness,high,"{""emotion"": ""happiness"", ""intensity"": ""high""}"
Ses03F_impro07_M035,both,neutral,none,"{""emotion"": ""neutral"", ""intensity"": ""none""}"
Ses03F_impro08_F003,both,neutral,none,"{""emotion"": ""neutral"", ""intensity"": ""none""}"
Ses03F_impro08_F006,both,neutral,none,"{""emotion"": ""neutral"", ""intensity"": ""none""}"
Ses03F_impro08_F011,both,neutral,none,"{""emotion"": ""neutral"", ""intensity"": ""none""}"
Ses03F_impro08_F012,both,neutral,none,"{""emotion"": ""neutral"", ""intensity"": ""none""}"
Ses03F_impro08_F013,both,neutral,none,"{""emotion"": ""neutral"", ""intensity"": ""none""}"
Ses03F_impro08_F020,both,sadness,low,"{""emotion"": ""sadness"", ""intensity"": ""low""}"
Ses03F_impro08_F022,both,neutral,none,"{""emotion"": ""neutral"", ""intensity"": ""none""}"
Ses03F_impro08_F023,both,sadness,low,"{""emotion"": ""sadness"", ""intensity"": ""low""}"
Ses03F_impro08_F024,both,neutral,none,"{""emotion"": ""neutral"", ""intensity"": ""none""}"
Ses03F_impro08_F027,both,neutral,none,"{""emotion"": ""neutral"", ""intensity"": ""none""}"
Ses03F_impro08_M007,both,neutral,none,"{""emotion"": ""neutral"", ""intensity"": ""none""}"
Ses03F_impro08_M010,both,anger,high,"{""emotion"": ""anger"", ""intensity"": ""high""}"
Ses03F_script01_1_F004,both,neutral,none,"{""emotion"": ""neutral"", ""intensity"": ""none""}"
Ses03F_script01_1_F014,both,neutral,none,"{""emotion"": ""neutral"", ""intensity"": ""none""}"
Ses03F_script01_1_F017,both,anger,high,"{""emotion"": ""anger"", ""intensity"": ""high""}"
Ses03F_script01_1_F030,both,neutral,none,"{""emotion"": ""neutral"", ""intensity"": ""none""}"
Ses03F_script01_1_F031,both,neutral,none,"{""emotion"": ""neutral"", ""intensity"": ""none""}"
Ses03F_script01_1_F052,both,neutral,none,"{""emotion"": ""neutral"", ""intensity"": ""none""}"
Ses03F_script01_1_M009,both,anger,high,"{""emotion"": ""anger"", ""intensity"": ""high""}"
Ses03F_script01_1_M022,both,anger,high,"{""emotion"": ""anger"", ""intensity"": ""high""}"
Ses03F_script01_1_M027,both,anger,high,"{""emotion"": ""anger"", ""intensity"": ""high""}"
Ses03F_script01_1_M030,both,sadness,high,"{""emotion"": ""sadness"", ""intensity"": ""high""}"
Ses03F_script01_1_M034,both,neutral,none,"{""emotion"": ""neutral"", ""intensity"": ""none""}"
Ses03F_script01_1_M042,both,sadness,high,"{""emotion"": ""sadness"", ""intensity"": ""high""}"
Ses03F_script01_1_M046,both,sadness,high,"{""emotion"": ""sadness"", ""intensity"": ""high""}"
Ses03F_script01_1_M047,both,neutral,none,"{""emotion"": ""neutral"", ""intensity"": ""none""}"
Ses03F_script01_2_F016,both,anger,high,"{""emotion"": ""anger"", ""intensity"": ""high""}"
Ses03F_script01_2_M001,both,neutral,none,"{""emotion"": ""neutral"", ""intensity"": ""none""}"
Ses03F_script01_2_M013,both,sadness,high,"{""emotion"": ""sadness"", ""intensity"": ""high""}"
Ses03F_script01_2_M016,both,anger,high,"{""emotion"": ""anger"", ""intensity"": ""high""}"
Ses03F_script01_3_F000,both,happiness,low,"{""emotion"": ""happiness"", ""intensity"": ""low""}"
Ses03F_script01_3_F014,both,sadness,low,"{""emotion"": ""sadness"", ""intensity"": ""low""}"
Ses03F_script01_3_F018,both,sadness,low,"{""emotion"": ""sadness"", ""intensity"": ""low""}"
Ses03F_script01_3_F023,both,neutral,none,"{""emotion"": ""neutral"", ""intensity"": ""none""}"
Ses03F_script01_3_F027,both,neutral,none,"{""emotion"": ""neutral"", ""intensity"": ""none""}"
Ses03F_script01_3_F029,both,neutral,none,"{""emotion"": ""neutral"", ""intensity"": ""none""}"
Ses03F_script01_3_F031,both,anger,low,"{""emotion"": ""anger"", ""intensity"": ""low""}"
Ses03F_script01_3_F035,both,happiness,high,"{""emotion"": ""happiness"", ""intensity"": ""high""}"
Ses03F_script01_3_M004,both,sadness,high,"{""emotion"": ""sadness"", ""intensity"": ""high""}"
Ses03F_script01_3_M015,both,sadness,high,"{""emotion"": ""sadness"", ""intensity"": ""high""}"
Ses03F_script01_3_M018,both,anger,high,"{""emotion"": ""anger"", ""intensity"": ""high""}"
Ses03F_script01_3_M027,both,sadness,high,"{""emotion"": ""sadness"", ""intensity"": ""high""}"
Ses03F_script01_3_M029,both,neutral,none,"{""emotion"": ""neutral"", ""intensity"": ""none""}"
Ses03F_script01_3_M030,both,sadness,high,"{""emotion"": ""sadness"", ""intensity"": ""high""}"
Ses03F_script01_3_M036,both,sadness,high,"{""emotion"": ""sadness"", ""intensity"": ""high""}"
Ses03F_script01_3_M037,both,neutral,none,"{""emotion"": ""neutral"", ""intensity"": ""none""}"
Ses03F_script01_3_M045,both,neutral,none,"{""emotion"": ""neutral"", ""intensity"": ""none""}"
Ses03F_script02_1_M010,both,sadness,low,"{""emotion"": ""sadness"", ""intensity"": ""low""}"
Ses03F_script02_1_M022,both,neutral,none,"{""emotion"": ""neutral"", ""intensity"": ""none""}"
Ses03F_script02_1_M036,both,neutral,none,"{""emotion"": ""neutral"", ""intensity"": ""none""}"
Ses03F_script02_1_M039,both,sadness,low,"{""emotion"": ""sadness"", ""intensity"": ""low""}"
Ses03F_script02_1_M040,both,anger,high,"{""emotion"": ""anger"", ""intensity"": ""high""}"
Ses03F_script02_1_M041,both,sadness,low,"{""emotion"": ""sadness"", ""intensity"": ""low""}"
Ses03F_script02_1_M042,both,happiness,high,"{""emotion"": ""happiness"", ""intensity"": ""high""}"
Ses03F_script02_1_M044,both,sadness,high,"{""emotion"": ""sadness"", ""intensity"": ""high""}"
Ses03F_script02_2_F005,both,anger,high,"{""emotion"": ""anger"", ""intensity"": ""high""}"
Ses03F_script02_2_F012,both,sadness,high,"{""emotion"": ""sadness"", ""intensity"": ""high""}"
Ses03F_script02_2_F018,both,neutral,none,"{""emotion"": ""neutral"", ""intensity"": ""none""}"
Ses03F_script02_2_F023,both,happiness,low,"{""emotion"": ""happiness"", ""intensity"": ""low""}"
Ses03F_script02_2_F035,both,anger,high,"{""emotion"": ""anger"", ""intensity"": ""high""}"
Ses03F_script02_2_F038,both,anger,high,"{""emotion"": ""anger"", ""intensity"": ""high""}"
Ses03F_script02_2_F039,both,sadness,low,"{""emotion"": ""sadness"", ""intensity"": ""low""}"
Ses03F_script02_2_M038,both,neutral,none,"{""emotion"": ""neutral"", ""intensity"": ""none""}"
Ses03F_script03_1_F014,both,neutral,none,"{""emotion"": ""neutral"", ""intensity"": ""none""}"
Ses03F_script03_1_F019,both,anger,high,"{""emotion"": ""anger"", ""intensity"": ""high""}"
Ses03F_script03_1_F021,both,happiness,high,"{""emotion"": ""happiness"", ""intensity"": ""high""}"
Ses03F_script03_1_F026,both,happiness,high,"{""emotion"": ""happiness"", ""intensity"": ""high""}"
Ses03F_script03_1_M007,both,happiness,high,"{""emotion"": ""happiness"", ""intensity"": ""high""}"
Ses03F_script03_1_M011,both,anger,high,"{""emotion"": ""anger"", ""intensity"": ""high""}"
Ses03F_script03_1_M013,both,neutral,none,"{""emotion"": ""neutral"", ""intensity"": ""none""}"
Ses03F_script03_2_F008,both,neutral,none,"{""emotion"": ""neutral"", ""intensity"": ""none""}"
Ses03F_script03_2_F015,both,anger,high,"{""emotion"": ""anger"", ""intensity"": ""high""}"
Ses03F_script03_2_F037,both,anger,high,"{""emotion"": ""anger"", ""intensity"": ""high""}"
Ses03F_script03_2_F039,both,anger,high,"{""emotion"": ""anger"", ""intensity"": ""high""}"
Ses03F_script03_2_F041,both,anger,high,"{""emotion"": ""anger"", ""intensity"": ""high""}"
Ses03F_script03_2_M001,both,neutral,none,"{""emotion"": ""neutral"", ""intensity"": ""none""}"
Ses03F_script03_2_M007,both,neutral,none,"{""emotion"": ""neutral"", ""intensity"": ""none""}"
Ses03F_script03_2_M008,both,neutral,none,"{""emotion"": ""neutral"", ""intensity"": ""none""}"
Ses03F_script03_2_M009,both,neutral,none,"{""emotion"": ""neutral"", ""intensity"": ""none""}"
Ses03F_script03_2_M012,both,neutral,none,"{""emotion"": ""neutral"", ""intensity"": ""none""}"
Ses03F_script03_2_M026,both,neutral,none,"{""emotion"": ""neutral"", ""intensity"": ""none""}"
Ses03F_script03_2_M028,both,happiness,low,"{""emotion"": ""happiness"", ""intensity"": ""low""}"
Ses03F_script03_2_M029,both,anger,high,"{""emotion"": ""anger"", ""intensity"": ""high""}"
Ses03F_script03_2_M038,both,anger,low,"{""emotion"": ""anger"", ""intensity"": ""low""}"
Ses03F_script03_2_M043,both,anger,high,"{""emotion"": ""anger"", ""intensity"": ""high""}"
Ses03F_script03_2_M044,both,anger,high,"{""emotion"": ""anger"", ""intensity"": ""high""}"
Ses03M_impro01_F022,both,anger,high,"{""emotion"": ""anger"", ""intensity"": ""high""}"
Ses03M_impro01_F025,both,anger,high,"{""emotion"": ""anger"", ""intensity"": ""high""}"
Ses03M_impro01_M014,both,anger,high,"{""emotion"": ""anger"", ""intensity"": ""high""}"
Ses03M_impro01_M023,both,anger,high,"{""emotion"": ""anger"", ""intensity"": ""high""}"
Ses03M_impro01_M029,both,anger,high,"{""emotion"": ""anger"", ""intensity"": ""high""}"
Ses03M_impro02_F003,both,sadness,low,"{""emotion"": ""sadness"", ""intensity"": ""low""}"
Ses03M_impro02_F013,both,sadness,low,"{""emotion"": ""sadness"", ""intensity"": ""low""}"
Ses03M_impro02_F015,both,neutral,none,"{""emotion"": ""neutral"", ""intensity"": ""none""}"
Ses03M_impro02_F022,both,happiness,low,"{""emotion"": ""happiness"", ""intensity"": ""low""}"
Ses03M_impro02_F025,both,sadness,low,"{""emotion"": ""sadness"", ""intensity"": ""low""}"
Ses03M_impro02_F028,both,sadness,high,"{""emotion"": ""sadness"", ""intensity"": ""high""}"
Ses03M_impro02_F030,both,sadness,high,"{""emotion"": ""sadness"", ""intensity"": ""high""}"
Ses03M_impro02_M001,both,sadness,high,"{""emotion"": ""sadness"", ""intensity"": ""high""}"
Ses03M_impro02_M016,both,neutral,none,"{""emotion"": ""neutral"", ""intensity"": ""none""}"
Ses03M_impro02_M026,both,neutral,none,"{""emotion"": ""neutral"", ""intensity"": ""none""}"
Ses03M_impro02_M029,both,neutral,none,"{""emotion"": ""neutral"", ""intensity"": ""none""}"
Ses03M_impro02_M030,both,neutral,none,"{""emotion"": ""neutral"", ""intensity"": ""none""}"
Ses03M_impro03_F001,both,neutral,none,"{""emotion"": ""neutral"", ""intensity"": ""none""}"
Ses03M_impro03_F006,both,neutral,none,"{""emotion"": ""neutral"", ""intensity"": ""none""}"
Ses03M_impro03_F017,both,neutral,none,"{""emotion"": ""neutral"", ""intensity"": ""none""}"
Ses03M_impro03_F018,both,neutral,none,"{""emotion"": ""neutral"", ""intensity"": ""none""}"
Ses03M_impro03_F024,both,neutral,none,"{""emotion"": ""neutral"", ""intensity"": ""none""}"
Ses03M_impro03_F025,both,sadness,high,"{""emotion"": ""sadness"", ""intensity"": ""high""}"
Ses03M_impro03_F027,both,happiness,high,"{""emotion"": ""happiness"", ""intensity"": ""high""}"
Ses03M_impro03_M004,both,neutral,none,"{""emotion"": ""neutral"", ""intensity"": ""none""}"
Ses03M_impro03_M020,both,neutral,none,"{""emotion"": ""neutral"", ""intensity"": ""none""}"
Ses03M_impro03_M035,both,happiness,high,"{""emotion"": ""happiness"", ""intensity"": ""high""}"
Ses03M_impro03_M039,both,happiness,low,"{""emotion"": ""happiness"", ""intensity"": ""low""}"
Ses03M_impro04_F007,both,sadness,high,"{""emotion"": ""sadness"", ""intensity"": ""high""}"
Ses03M_impro04_M024,both,sadness,low,"{""emotion"": ""sadness"", ""intensity"": ""low""}"
Ses03M_impro04_M031,both,neutral,none,"{""emotion"": ""neutral"", ""intensity"": ""none""}"
Ses03M_impro05a_F000,both,neutral,none,"{""emotion"": ""neutral"", ""intensity"": ""none""}"
Ses03M_impro05a_F005,both,neutral,none,"{""emotion"": ""neutral"", ""intensity"": ""none""}"
Ses03M_impro05a_F012,both,sadness,low,"{""emotion"": ""sadness"", ""intensity"": ""low""}"
Ses03M_impro05a_F016,both,neutral,none,"{""emotion"": ""neutral"", ""intensity"": ""none""}"
Ses03M_impro05a_F018,both,anger,low,"{""emotion"": ""anger"", ""intensity"": ""low""}"
Ses03M_impro05a_F021,both,sadness,high,"{""emotion"": ""sadness"", ""intensity"": ""high""}"
Ses03M_impro05a_F025,both,neutral,none,"{""emotion"": ""neutral"", ""intensity"": ""none""}"
Ses03M_impro05a_F028,both,anger,high,"{""emotion"": ""anger"", ""intensity"": ""high""}"
Ses03M_impro05a_M006,both,anger,high,"{""emotion"": ""anger"", ""intensity"": ""high""}"
Ses03M_impro05a_M022,both,anger,high,"{""emotion"": ""anger"", ""intensity"": ""high""}"
Ses03M_impro05a_M023,both,anger,high,"{""emotion"": ""anger"", ""intensity"": ""high""}"
Ses03M_impro05a_M025,both,anger,high,"{""emotion"": ""anger"", ""intensity"": ""high""}"
Ses03M_impro05a_M030,both,anger,high,"{""emotion"": ""anger"", ""intensity"": ""high""}"
Ses03M_impro05b_F001,both,neutral,none,"{""emotion"": ""neutral"", ""intensity"": ""none""}"
Ses03M_impro05b_F002,both,neutral,none,"{""emotion"": ""neutral"", ""intensity"": ""none""}"
Ses03M_impro05b_F004,both,neutral,none,"{""emotion"": ""neutral"", ""intensity"": ""none""}"
Ses03M_impro05b_F007,both,neutral,none,"{""emotion"": ""neutral"", ""intensity"": ""none""}"
Ses03M_impro05b_F012,both,neutral,none,"{""emotion"": ""neutral"", ""intensity"": ""none""}"
Ses03M_impro05b_F013,both,sadness,low,"{""emotion"": ""sadness"", ""intensity"": ""low""}"
Ses03M_impro05b_F014,both,neutral,none,"{""emotion"": ""neutral"", ""intensity"": ""none""}"
Ses03M_impro05b_F020,both,neutral,none,"{""emotion"": ""neutral"", ""intensity"": ""none""}"
Ses03M_impro05b_F022,both,neutral,none,"{""emotion"": ""neutral"", ""intensity"": ""none""}"
Ses03M_impro05b_F028,both,neutral,none,"{""emotion"": ""neutral"", ""intensity"": ""none""}"
Ses03M_impro05b_F029,both,sadness,low,"{""emotion"": ""sadness"", ""intensity"": ""low""}"
Ses03M_impro05b_F030,both,neutral,none,"{""emotion"": ""neutral"", ""intensity"": ""none""}"
Ses03M_impro05b_M013,both,happiness,low,"{""emotion"": ""happiness"", ""intensity"": ""low""}"
Ses03M_impro05b_M015,both,anger,high,"{""emotion"": ""anger"", ""intensity"": ""high""}"
Ses03M_impro05b_M020,both,neutral,none,"{""emotion"": ""neutral"", ""intensity"": ""none""}"
Ses03M_impro05b_M022,both,anger,high,"{""emotion"": ""anger"", ""intensity"": ""high""}"
Ses03M_impro05b_M032,both,neutral,none,"{""emotion"": ""neutral"", ""intensity"": ""none""}"
Ses03M_impro06_F007,both,sadness,high,"{""emotion"": ""sadness"", ""intensity"": ""high""}"
Ses03M_impro06_F013,both,sadness,low,"{""emotion"": ""sadness"", ""intensity"": ""low""}"
Ses03M_impro06_F016,both,sadness,low,"{""emotion"": ""sadness"", ""intensity"": ""low""}"
Ses03M_impro06_F019,both,sadness,low,"{""emotion"": ""sadness"", ""intensity"": ""low""}"
Ses03M_impro06_M001,both,neutral,none,"{""emotion"": ""neutral"", ""intensity"": ""none""}"
Ses03M_impro06_M005,both,sadness,low,"{""emotion"": ""sadness"", ""intensity"": ""low""}"
Ses03M_impro06_M007,both,sadness,high,"{""emotion"": ""sadness"", ""intensity"": ""high""}"
Ses03M_impro06_M012,both,sadness,high,"{""emotion"": ""sadness"", ""intensity"": ""high""}"
Ses03M_impro06_M013,both,sadness,low,"{""emotion"": ""sadness"", ""intensity"": ""low""}"
Ses03M_impro06_M017,both,sadness,high,"{""emotion"": ""sadness"", ""intensity"": ""high""}"
Ses03M_impro06_M018,both,sadness,low,"{""emotion"": ""sadness"", ""intensity"": ""low""}"
Ses03M_impro06_M028,both,neutral,none,"{""emotion"": ""neutral"", ""intensity"": ""none""}"
Ses03M_impro06_M030,both,sadness,low,"{""emotion"": ""sadness"", ""intensity"": ""low""}"
Ses03M_impro06_M031,both,sadness,low,"{""emotion"": ""sadness"", ""intensity"": ""low""}"
Ses03M_impro07_F006,both,happiness,high,"{""emotion"": ""happiness"", ""intensity"": ""high""}"
Ses03M_impro07_F009,both,happiness,high,"{""emotion"": ""happiness"", ""intensity"": ""high""}"
Ses03M_impro07_F016,both,happiness,low,"{""emotion"": ""happiness"", ""intensity"": ""low""}"
Ses03M_impro07_F017,both,happiness,high,"{""emotion"": ""happiness"", ""intensity"": ""high""}"
Ses03M_impro07_M002,both,happiness,low,"{""emotion"": ""happiness"", ""intensity"": ""low""}"
Ses03M_impro07_M004,both,neutral,none,"{""emotion"": ""neutral"", ""intensity"": ""none""}"
Ses03M_impro07_M010,both,happiness,high,"{""emotion"": ""happiness"", ""intensity"": ""high""}"
Ses03M_impro07_M014,both,neutral,none,"{""emotion"": ""neutral"", ""intensity"": ""none""}"
Ses03M_impro07_M023,both,neutral,none,"{""emotion"": ""neutral"", ""intensity"": ""none""}"
Ses03M_impro07_M024,both,happiness,high,"{""emotion"": ""happiness"", ""intensity"": ""high""}"
Ses03M_impro08a_F013,both,anger,high,"{""emotion"": ""anger"", ""intensity"": ""high""}"
Ses03M_impro08a_F014,both,anger,high,"{""emotion"": ""anger"", ""intensity"": ""high""}"
Ses03M_impro08a_F020,both,anger,high,"{""emotion"": ""anger"", ""intensity"": ""high""}"
Ses03M_impro08a_F021,both,anger,high,"{""emotion"": ""anger"", ""intensity"": ""high""}"
Ses03M_impro08a_F022,both,anger,high,"{""emotion"": ""anger"", ""intensity"": ""high""}"
Ses03M_impro08a_M002,both,neutral,none,"{""emotion"": ""neutral"", ""intensity"": ""none""}"
Ses03M_impro08a_M020,both,neutral,none,"{""emotion"": ""neutral"", ""intensity"": ""none""}"
Ses03M_impro08b_F005,both,anger,high,"{""emotion"": ""anger"", ""intensity"": ""high""}"
Ses03M_impro08b_F006,both,anger,high,"{""emotion"": ""anger"", ""intensity"": ""high""}"
Ses03M_impro08b_M003,both,neutral,none,"{""emotion"": ""neutral"", ""intensity"": ""none""}"
Ses03M_impro08b_M017,both,neutral,none,"{""emotion"": ""neutral"", ""intensity"": ""none""}"
Ses03M_impro08b_M021,both,neutral,none,"{""emotion"": ""neutral"", ""intensity"": ""none""}"
Ses03M_script01_1_F017,both,sadness,high,"{""emotion"": ""sadness"", ""intensity"": ""high""}"
Ses03M_script01_1_F020,both,anger,high,"{""emotion"": ""anger"", ""intensity"": ""high""}"
Ses03M_script01_1_M001,both,neutral,none,"{""emotion"": ""neutral"", ""intensity"": ""none""}"
Ses03M_script01_1_M004,both,sadness,low,"{""emotion"": ""sadness"", ""intensity"": ""low""}"
Ses03M_script01_1_M012,both,sadness,high,"{""emotion"": ""sadness"", ""intensity"": ""high""}"
Ses03M_script01_1_M019,both,happiness,high,"{""emotion"": ""happiness"", ""intensity"": ""high""}"
Ses03M_script01_1_M027,both,anger,high,"{""emotion"": ""anger"", ""intensity"": ""high""}"
Ses03M_script01_1_M030,both,neutral,none,"{""emotion"": ""neutral"", ""intensity"": ""none""}"
Ses03M_script01_1_M036,both,sadness,low,"{""emotion"": ""sadness"", ""intensity"": ""low""}"
Ses03M_script01_1_M037,both,anger,high,"{""emotion"": ""anger"", ""intensity"": ""high""}"
Ses03M_script01_1_M038,both,sadness,high,"{""emotion"": ""sadness"", ""intensity"": ""high""}"
Ses03M_script01_1_M041,both,happiness,low,"{""emotion"": ""happiness"", ""intensity"": ""low""}"
Ses03M_script01_2_F001,both,sadness,low,"{""emotion"": ""sadness"", ""intensity"": ""low""}"
Ses03M_script01_2_F009,both,neutral,none,"{""emotion"": ""neutral"", ""intensity"": ""none""}"
Ses03M_script01_2_F011,both,sadness,high,"{""emotion"": ""sadness"", ""intensity"": ""high""}"
Ses03M_script01_2_F012,both,anger,low,"{""emotion"": ""anger"", ""intensity"": ""low""}"
Ses03M_script01_2_F015,both,sadness,high,"{""emotion"": ""sadness"", ""intensity"": ""high""}"
Ses03M_script01_2_F017,both,sadness,high,"{""emotion"": ""sadness"", ""intensity"": ""high""}"
Ses03M_script01_2_M004,both,neutral,none,"{""emotion"": ""neutral"", ""intensity"": ""none""}"
Ses03M_script01_2_M014,both,anger,high,"{""emotion"": ""anger"", ""intensity"": ""high""}"
Ses03M_script01_2_M016,both,anger,high,"{""emotion"": ""anger"", ""intensity"": ""high""}"
Ses03M_script01_3_F011,both,neutral,high,"{""emotion"": ""surprise"", ""intensity"": ""high""}   Note: Since ""surprise"" is not one of the listed emotions, the closest match in the given context would be ""neutral"" as the primary emotion, but the intensity of the expression suggests a strong reaction. However, following the instruction strictly:  {""emotion"": ""neutral"", ""intensity"": ""high""}"
Ses03M_script01_3_F015,both,sadness,high,"{""emotion"": ""sadness"", ""intensity"": ""high""}"
Ses03M_script01_3_F016,both,sadness,high,"{""emotion"": ""sadness"", ""intensity"": ""high""}"
Ses03M_script01_3_F021,both,sadness,low,"{""emotion"": ""sadness"", ""intensity"": ""low""}"
Ses03M_script01_3_F033,both,happiness,low,"{""emotion"": ""happiness"", ""intensity"": ""low""}"
Ses03M_script01_3_M021,both,happiness,low,"{""emotion"": ""happiness"", ""intensity"": ""low""}"
Ses03M_script01_3_M030,both,sadness,low,"{""emotion"": ""sadness"", ""intensity"": ""low""}"
Ses03M_script01_3_M031,both,sadness,low,"{""emotion"": ""sadness"", ""intensity"": ""low""}"
Ses03M_script01_3_M034,both,neutral,none,"{""emotion"": ""neutral"", ""intensity"": ""none""}"
Ses03M_script01_3_M041,both,neutral,none,"{""emotion"": ""neutral"", ""intensity"": ""none""}"
Ses03M_script02_1_F016,both,sadness,low,"{""emotion"": ""sadness"", ""intensity"": ""low""}"
Ses03M_script02_1_M003,both,neutral,none,"{""emotion"": ""neutral"", ""intensity"": ""none""}"
Ses03M_script02_1_M005,both,anger,high,"{""emotion"": ""anger"", ""intensity"": ""high""}"
Ses03M_script02_1_M023,both,happiness,high,"{""emotion"": ""happiness"", ""intensity"": ""high""}"
Ses03M_script02_1_M025,both,neutral,none,"{""emotion"": ""neutral"", ""intensity"": ""none""}"
Ses03M_script02_1_M036,both,neutral,none,"{""emotion"": ""neutral"", ""intensity"": ""none""}"
Ses03M_script02_2_F002,both,neutral,none,"{""emotion"": ""neutral"", ""intensity"": ""none""}"
Ses03M_script02_2_F009,both,sadness,low,"{""emotion"": ""sadness"", ""intensity"": ""moderate""}"
Ses03M_script02_2_F024,both,sadness,high,"{""emotion"": ""sadness"", ""intensity"": ""high""}"
Ses03M_script02_2_F025,both,neutral,none,"{""emotion"": ""neutral"", ""intensity"": ""none""}"
Ses03M_script02_2_F034,both,sadness,low,"{""emotion"": ""sadness"", ""intensity"": ""moderate""}"
Ses03M_script02_2_F036,both,sadness,high,"{""emotion"": ""sadness"", ""intensity"": ""high""}"
Ses03M_script02_2_F038,both,sadness,high,"{""emotion"": ""sadness"", ""intensity"": ""high""}"
Ses03M_script02_2_F042,both,happiness,low,"{""emotion"": ""happiness"", ""intensity"": ""low""}"
Ses03M_script02_2_F049,both,sadness,high,"{""emotion"": ""sadness"", ""intensity"": ""high""}"
Ses03M_script02_2_M017,both,neutral,none,"{""emotion"": ""neutral"", ""intensity"": ""none""}"
Ses03M_script02_2_M020,both,neutral,none,"{""emotion"": ""neutral"", ""intensity"": ""none""}"
Ses03M_script02_2_M021,both,sadness,low,"{""emotion"": ""sadness"", ""intensity"": ""low""}"
Ses03M_script02_2_M030,both,sadness,high,"{""emotion"": ""sadness"", ""intensity"": ""high""}"
Ses03M_script02_2_M031,both,anger,high,"{""emotion"": ""anger"", ""intensity"": ""high""}"
Ses03M_script02_2_M036,both,neutral,none,"{""emotion"": ""neutral"", ""intensity"": ""none""}"
Ses03M_script02_2_M041,both,happiness,low,"{""emotion"": ""happiness"", ""intensity"": ""low""}"
Ses03M_script02_2_M045,both,neutral,none,"{""emotion"": ""neutral"", ""intensity"": ""none""}"
Ses03M_script03_2_F000,both,anger,high,"{""emotion"": ""anger"", ""intensity"": ""high""}"
Ses03M_script03_2_F004,both,neutral,none,"{""emotion"": ""neutral"", ""intensity"": ""none""}"
Ses03M_script03_2_F011,both,neutral,none,"{""emotion"": ""neutral"", ""intensity"": ""none""}"
Ses03M_script03_2_F012,both,sadness,low,"{""emotion"": ""sadness"", ""intensity"": ""low""}"
Ses03M_script03_2_F028,both,anger,low,"{""emotion"": ""anger"", ""intensity"": ""low""}"
Ses03M_script03_2_F030,both,anger,high,"{""emotion"": ""anger"", ""intensity"": ""high""}"
Ses03M_script03_2_F033,both,sadness,low,"{""emotion"": ""sadness"", ""intensity"": ""low""}"
Ses03M_script03_2_F041,both,anger,high,"{""emotion"": ""anger"", ""intensity"": ""high""}"
Ses03M_script03_2_F044,both,anger,high,"{""emotion"": ""anger"", ""intensity"": ""high""}"
Ses03M_script03_2_M003,both,anger,high,"{""emotion"": ""anger"", ""intensity"": ""high""}"
Ses03M_script03_2_M005,both,anger,high,"{""emotion"": ""anger"", ""intensity"": ""high""}"
Ses03M_script03_2_M008,both,sadness,low,"{""emotion"": ""sadness"", ""intensity"": ""low""}"
Ses03M_script03_2_M009,both,neutral,none,"{""emotion"": ""neutral"", ""intensity"": ""none""}"
Ses03M_script03_2_M010,both,happiness,low,"{""emotion"": ""happiness"", ""intensity"": ""low""}"
Ses03M_script03_2_M019,both,neutral,none,"{""emotion"": ""neutral"", ""intensity"": ""none""}"
Ses03M_script03_2_M040,both,anger,high,"{""emotion"": ""anger"", ""intensity"": ""high""}"
Ses04F_impro01_F008,both,sadness,low,"{""emotion"": ""sadness"", ""intensity"": ""low""}"
Ses04F_impro01_F009,both,anger,high,"{""emotion"": ""anger"", ""intensity"": ""high""}"
Ses04F_impro01_F012,both,anger,high,"{""emotion"": ""anger"", ""intensity"": ""high""}"
Ses04F_impro01_F021,both,anger,high,"{""emotion"": ""anger"", ""intensity"": ""high""}"
Ses04F_impro01_M005,both,anger,high,"{""emotion"": ""anger"", ""intensity"": ""high""}"
Ses04F_impro01_M008,both,anger,high,"{""emotion"": ""anger"", ""intensity"": ""high""}"
Ses04F_impro01_M014,both,anger,high,"{""emotion"": ""anger"", ""intensity"": ""high""}"
Ses04F_impro01_M023,both,anger,high,"{""emotion"": ""anger"", ""intensity"": ""high""}"
Ses04F_impro02_F001,both,neutral,none,"{""emotion"": ""neutral"", ""intensity"": ""none""}"
Ses04F_impro02_F007,both,sadness,high,"{""emotion"": ""sadness"", ""intensity"": ""high""}"
Ses04F_impro02_F009,both,sadness,high,"{""emotion"": ""sadness"", ""intensity"": ""high""}"
Ses04F_impro02_F011,both,neutral,none,"{""emotion"": ""neutral"", ""intensity"": ""none""}"
Ses04F_impro02_F023,both,sadness,low,"{""emotion"": ""sadness"", ""intensity"": ""low""}"
Ses04F_impro02_F024,both,neutral,none,"{""emotion"": ""neutral"", ""intensity"": ""none""}"
Ses04F_impro02_M000,both,sadness,low,"{""emotion"": ""sadness"", ""intensity"": ""moderate""}"
Ses04F_impro02_M012,both,sadness,high,"{""emotion"": ""sadness"", ""intensity"": ""high""}"
Ses04F_impro03_F001,both,happiness,high,"{""emotion"": ""happiness"", ""intensity"": ""high""}"
Ses04F_impro03_F002,both,happiness,high,"{""emotion"": ""happiness"", ""intensity"": ""high""}"
Ses04F_impro03_F012,both,anger,high,"{""emotion"": ""anger"", ""intensity"": ""high""}"
Ses04F_impro03_F038,both,happiness,low,"{""emotion"": ""happiness"", ""intensity"": ""low""}"
Ses04F_impro03_F040,both,happiness,high,"{""emotion"": ""happiness"", ""intensity"": ""high""}"
Ses04F_impro03_F042,both,happiness,high,"{""emotion"": ""happiness"", ""intensity"": ""high""}"
Ses04F_impro03_F044,both,sadness,low,"{""emotion"": ""sadness"", ""intensity"": ""low""}"
Ses04F_impro03_F045,both,neutral,none,"{""emotion"": ""neutral"", ""intensity"": ""none""}"
Ses04F_impro03_M019,both,sadness,low,"{""emotion"": ""sadness"", ""intensity"": ""low""}"
Ses04F_impro03_M027,both,neutral,none,"{""emotion"": ""neutral"", ""intensity"": ""none""}"
Ses04F_impro03_M037,both,happiness,high,"{""emotion"": ""happiness"", ""intensity"": ""high""}"
Ses04F_impro03_M040,both,sadness,high,"{""emotion"": ""sadness"", ""intensity"": ""high""}"
Ses04F_impro03_M043,both,sadness,low,"{""emotion"": ""sadness"", ""intensity"": ""low""}"
Ses04F_impro04_F000,both,neutral,none,"{""emotion"": ""neutral"", ""intensity"": ""none""}"
Ses04F_impro04_F025,both,anger,high,"{""emotion"": ""anger"", ""intensity"": ""high""}"
Ses04F_impro04_M003,both,neutral,none,"{""emotion"": ""neutral"", ""intensity"": ""none""}"
Ses04F_impro04_M004,both,neutral,none,"{""emotion"": ""neutral"", ""intensity"": ""none""}"
Ses04F_impro04_M013,both,neutral,none,"{""emotion"": ""neutral"", ""intensity"": ""none""}"
Ses04F_impro04_M018,both,neutral,none,"{""emotion"": ""neutral"", ""intensity"": ""none""}"
Ses04F_impro05_F004,both,sadness,high,"{""emotion"": ""sadness"", ""intensity"": ""high""}"
Ses04F_impro05_F010,both,anger,high,"{""emotion"": ""anger"", ""intensity"": ""high""}"
Ses04F_impro06_F000,both,sadness,low,"{""emotion"": ""sadness"", ""intensity"": ""low""}"
Ses04F_impro06_F003,both,neutral,none,"{""emotion"": ""neutral"", ""intensity"": ""none""}"
Ses04F_impro06_F004,both,sadness,high,"{""emotion"": ""sadness"", ""intensity"": ""high""}"
Ses04F_impro06_F005,both,sadness,high,"{""emotion"": ""sadness"", ""intensity"": ""high""}"
Ses04F_impro06_F007,both,sadness,low,"{""emotion"": ""sadness"", ""intensity"": ""low""}"
Ses04F_impro06_F010,both,neutral,none,"{""emotion"": ""neutral"", ""intensity"": ""none""}"
Ses04F_impro06_M006,both,sadness,high,"{""emotion"": ""sadness"", ""intensity"": ""high""}"
Ses04F_impro06_M007,both,sadness,high,"{""emotion"": ""sadness"", ""intensity"": ""high""}"
Ses04F_impro06_M009,both,sadness,high,"{""emotion"": ""sadness"", ""intensity"": ""high""}"
Ses04F_impro06_M010,both,sadness,high,"{""emotion"": ""sadness"", ""intensity"": ""high""}"
Ses04F_impro06_M011,both,happiness,low,"{""emotion"": ""happiness"", ""intensity"": ""low""}"
Ses04F_impro06_M013,both,sadness,high,"{""emotion"": ""sadness"", ""intensity"": ""high""}"
Ses04F_impro06_M014,both,sadness,high,"{""emotion"": ""sadness"", ""intensity"": ""high""}"
Ses04F_impro07_F000,both,happiness,low,"{""emotion"": ""happiness"", ""intensity"": ""low""}"
Ses04F_impro07_F001,both,sadness,high,"{""emotion"": ""sadness"", ""intensity"": ""high""}"
Ses04F_impro07_F005,both,happiness,low,"{""emotion"": ""happiness"", ""intensity"": ""low""}"
Ses04F_impro07_F007,both,sadness,high,"{""emotion"": ""sadness"", ""intensity"": ""high""}"
Ses04F_impro07_F016,both,happiness,low,"{""emotion"": ""happiness"", ""intensity"": ""low""}"
Ses04F_impro07_F029,both,happiness,high,"{""emotion"": ""happiness"", ""intensity"": ""high""}"
Ses04F_impro07_F059,both,neutral,none,"{""emotion"": ""neutral"", ""intensity"": ""none""}"
Ses04F_impro07_F062,both,sadness,low,"{""emotion"": ""sadness"", ""intensity"": ""low""}"
Ses04F_impro07_F066,both,neutral,none,"{""emotion"": ""neutral"", ""intensity"": ""none""}"
Ses04F_impro07_F079,both,happiness,high,"{""emotion"": ""happiness"", ""intensity"": ""high""}"
Ses04F_impro07_M001,both,anger,low,"{""emotion"": ""anger"", ""intensity"": ""low""}"
Ses04F_impro07_M009,both,anger,high,"{""emotion"": ""anger"", ""intensity"": ""high""}"
Ses04F_impro07_M017,both,anger,low,"{""emotion"": ""anger"", ""intensity"": ""low""}"
Ses04F_impro07_M020,both,neutral,none,"{""emotion"": ""neutral"", ""intensity"": ""none""}"
Ses04F_impro07_M022,both,neutral,none,"{""emotion"": ""neutral"", ""intensity"": ""none""}"
Ses04F_impro07_M023,both,happiness,high,"{""emotion"": ""happiness"", ""intensity"": ""high""}"
Ses04F_impro07_M034,both,happiness,high,"{""emotion"": ""happiness"", ""intensity"": ""high""}"
Ses04F_impro07_M035,both,sadness,high,"{""emotion"": ""sadness"", ""intensity"": ""high""}"
Ses04F_impro07_M038,both,sadness,low,"{""emotion"": ""sadness"", ""intensity"": ""low""}"
Ses04F_impro07_M040,both,neutral,none,"{""emotion"": ""neutral"", ""intensity"": ""none""}"
Ses04F_impro07_M043,both,happiness,low,"{""emotion"": ""happiness"", ""intensity"": ""low""}"
Ses04F_impro07_M050,both,neutral,none,"{""emotion"": ""neutral"", ""intensity"": ""none""}"
Ses04F_impro07_M072,both,sadness,low,"{""emotion"": ""sadness"", ""intensity"": ""low""}"
Ses04F_impro07_M073,both,sadness,high,"{""emotion"": ""sadness"", ""intensity"": ""high""}"
Ses04F_impro07_M076,both,neutral,none,"{""emotion"": ""neutral"", ""intensity"": ""none""}"
Ses04F_impro07_M077,both,neutral,none,"{""emotion"": ""neutral"", ""intensity"": ""none""}"
Ses04F_impro07_M079,both,anger,high,"{""emotion"": ""anger"", ""intensity"": ""high""}"
Ses04F_impro08_F001,both,neutral,none,"{""emotion"": ""neutral"", ""intensity"": ""none""}"
Ses04F_impro08_F002,both,neutral,none,"{""emotion"": ""neutral"", ""intensity"": ""none""}"
Ses04F_impro08_F009,both,neutral,none,"{""emotion"": ""neutral"", ""intensity"": ""none""}"
Ses04F_impro08_F023,both,anger,high,"{""emotion"": ""anger"", ""intensity"": ""high""}"
Ses04F_impro08_M001,both,neutral,none,"{""emotion"": ""neutral"", ""intensity"": ""none""}"
Ses04F_impro08_M013,both,anger,high,"{""emotion"": ""anger"", ""intensity"": ""high""}"
Ses04F_impro08_M015,both,anger,high,"{""emotion"": ""anger"", ""intensity"": ""high""}"
Ses04F_impro08_M022,both,sadness,high,"{""emotion"": ""sadness"", ""intensity"": ""high""}"
Ses04F_script01_1_F011,both,anger,high,"{""emotion"": ""anger"", ""intensity"": ""high""}"
Ses04F_script01_1_F014,both,anger,high,"{""emotion"": ""anger"", ""intensity"": ""high""}"
Ses04F_script01_1_F018,both,neutral,none,"{""emotion"": ""neutral"", ""intensity"": ""none""}"
Ses04F_script01_1_F022,both,neutral,none,"{""emotion"": ""neutral"", ""intensity"": ""none""}"
Ses04F_script01_1_F023,both,anger,high,"{""emotion"": ""anger"", ""intensity"": ""high""}"
Ses04F_script01_1_F040,both,neutral,none,"{""emotion"": ""neutral"", ""intensity"": ""none""}"
Ses04F_script01_1_M004,both,sadness,high,"{""emotion"": ""sadness"", ""intensity"": ""high""}"
Ses04F_script01_1_M009,both,neutral,none,"{""emotion"": ""neutral"", ""intensity"": ""none""}"
Ses04F_script01_1_M013,both,sadness,high,"{""emotion"": ""sadness"", ""intensity"": ""high""}"
Ses04F_script01_1_M022,both,neutral,none,"{""emotion"": ""neutral"", ""intensity"": ""none""}"
Ses04F_script01_1_M025,both,anger,low,"{""emotion"": ""anger"", ""intensity"": ""low""}"
Ses04F_script01_1_M032,both,sadness,high,"{""emotion"": ""sadness"", ""intensity"": ""high""}"
Ses04F_script01_2_F000,both,anger,low,"{""emotion"": ""anger"", ""intensity"": ""low""}"
Ses04F_script01_2_M000,both,neutral,none,"{""emotion"": ""neutral"", ""intensity"": ""none""}"
Ses04F_script01_3_F009,both,sadness,low,"{""emotion"": ""sadness"", ""intensity"": ""low""}"
Ses04F_script01_3_F024,both,neutral,none,"{""emotion"": ""neutral"", ""intensity"": ""none""}"
Ses04F_script01_3_F030,both,anger,high,"{""emotion"": ""anger"", ""intensity"": ""high""}"
Ses04F_script01_3_M010,both,sadness,high,"{""emotion"": ""sadness"", ""intensity"": ""high""}"
Ses04F_script01_3_M014,both,sadness,low,"{""emotion"": ""sadness"", ""intensity"": ""low""}"
Ses04F_script01_3_M018,both,sadness,high,"{""emotion"": ""sadness"", ""intensity"": ""high""}"
Ses04F_script01_3_M019,both,happiness,low,"{""emotion"": ""happiness"", ""intensity"": ""low""}"
Ses04F_script01_3_M020,both,happiness,high,"{""emotion"": ""happiness"", ""intensity"": ""high""}"
Ses04F_script01_3_M023,both,sadness,high,"{""emotion"": ""sadness"", ""intensity"": ""high""}"
Ses04F_script01_3_M024,both,sadness,high,"{""emotion"": ""sadness"", ""intensity"": ""high""}"
Ses04F_script01_3_M026,both,sadness,high,"{""emotion"": ""sadness"", ""intensity"": ""high""}"
Ses04F_script01_3_M028,both,sadness,high,"{""emotion"": ""sadness"", ""intensity"": ""high""}"
Ses04F_script01_3_M032,both,sadness,low,"{""emotion"": ""sadness"", ""intensity"": ""low""}"
Ses04F_script01_3_M033,both,sadness,high,"{""emotion"": ""sadness"", ""intensity"": ""high""}"
Ses04F_script01_3_M034,both,sadness,low,"{""emotion"": ""sadness"", ""intensity"": ""low""}"
Ses04F_script01_3_M035,both,sadness,high,"{""emotion"": ""sadness"", ""intensity"": ""high""}"
Ses04F_script01_3_M039,both,sadness,low,"{""emotion"": ""sadness"", ""intensity"": ""low""}"
Ses04F_script01_3_M040,both,sadness,high,"{""emotion"": ""sadness"", ""intensity"": ""high""}"
Ses04F_script01_3_M041,both,sadness,high,"{""emotion"": ""sadness"", ""intensity"": ""high""}"
Ses04F_script01_3_M043,both,neutral,none,"{""emotion"": ""neutral"", ""intensity"": ""none""}"
Ses04F_script02_1_F000,both,sadness,high,"{""emotion"": ""sadness"", ""intensity"": ""high""}"
Ses04F_script02_1_F013,both,sadness,high,"{""emotion"": ""sadness"", ""intensity"": ""high""}"
Ses04F_script02_1_M009,both,sadness,low,"{""emotion"": ""sadness"", ""intensity"": ""low""}"
Ses04F_script02_1_M010,both,sadness,high,"{""emotion"": ""sadness"", ""intensity"": ""high""}"
Ses04F_script02_1_M023,both,sadness,low,"{""emotion"": ""sadness"", ""intensity"": ""low""}"
Ses04F_script02_1_M032,both,neutral,none,"{""emotion"": ""neutral"", ""intensity"": ""none""}"
Ses04F_script02_1_M034,both,neutral,none,"{""emotion"": ""neutral"", ""intensity"": ""none""}"
Ses04F_script02_1_M036,both,neutral,none,"{""emotion"": ""neutral"", ""intensity"": ""none""}"
Ses04F_script02_1_M040,both,happiness,low,"{""emotion"": ""happiness"", ""intensity"": ""low""}"
Ses04F_script02_2_F008,both,sadness,high,"{""emotion"": ""sadness"", ""intensity"": ""high""}"
Ses04F_script02_2_F019,both,happiness,low,"{""emotion"": ""happiness"", ""intensity"": ""low""}"
Ses04F_script02_2_F020,both,happiness,low,"{""emotion"": ""happiness"", ""intensity"": ""low""}"
Ses04F_script02_2_F021,both,neutral,none,"{""emotion"": ""neutral"", ""intensity"": ""none""}"
Ses04F_script02_2_F022,both,happiness,high,"{""emotion"": ""happiness"", ""intensity"": ""high""}"
Ses04F_script02_2_F037,both,sadness,high,"{""emotion"": ""sadness"", ""intensity"": ""high""}"
Ses04F_script02_2_F041,both,happiness,low,"{""emotion"": ""happiness"", ""intensity"": ""low""}"
Ses04F_script02_2_F043,both,happiness,low,"{""emotion"": ""happiness"", ""intensity"": ""low""}"
Ses04F_script02_2_F045,both,neutral,none,"{""emotion"": ""neutral"", ""intensity"": ""none""}"
Ses04F_script02_2_F046,both,sadness,low,"{""emotion"": ""sadness"", ""intensity"": ""low""}"
Ses04F_script02_2_M021,both,neutral,none,"{""emotion"": ""neutral"", ""intensity"": ""none""}"
Ses04F_script02_2_M046,both,happiness,low,"{""emotion"": ""happiness"", ""intensity"": ""low""}"
Ses04F_script02_2_M047,both,sadness,low,"{""emotion"": ""sadness"", ""intensity"": ""low""}"
Ses04F_script03_1_F007,both,neutral,none,"{""emotion"": ""neutral"", ""intensity"": ""none""}"
Ses04F_script03_1_F017,both,sadness,high,"{""emotion"": ""sadness"", ""intensity"": ""high""}"
Ses04F_script03_1_F030,both,neutral,none,"{""emotion"": ""neutral"", ""intensity"": ""none""}"
Ses04F_script03_2_F013,both,anger,low,"{""emotion"": ""anger"", ""intensity"": ""low""}"
Ses04F_script03_2_F019,both,anger,high,"{""emotion"": ""anger"", ""intensity"": ""high""}"
Ses04F_script03_2_F020,both,neutral,none,"{""emotion"": ""neutral"", ""intensity"": ""none""}"
Ses04F_script03_2_F023,both,happiness,low,"{""emotion"": ""happiness"", ""intensity"": ""low""}"
Ses04F_script03_2_F024,both,anger,low,"{""emotion"": ""anger"", ""intensity"": ""low""}"
Ses04F_script03_2_F038,both,anger,high,"{""emotion"": ""anger"", ""intensity"": ""high""}"
Ses04F_script03_2_M000,both,neutral,none,"{""emotion"": ""neutral"", ""intensity"": ""none""}"
Ses04F_script03_2_M005,both,anger,high,"{""emotion"": ""anger"", ""intensity"": ""high""}"
Ses04F_script03_2_M006,both,neutral,none,"{""emotion"": ""neutral"", ""intensity"": ""none""}"
Ses04F_script03_2_M014,both,anger,low,"{""emotion"": ""anger"", ""intensity"": ""low""}"
Ses04F_script03_2_M015,both,neutral,none,"{""emotion"": ""neutral"", ""intensity"": ""none""}"
Ses04F_script03_2_M040,both,sadness,high,"{""emotion"": ""sadness"", ""intensity"": ""high""}"
Ses04F_script03_2_M045,both,anger,high,"{""emotion"": ""anger"", ""intensity"": ""high""}"
Ses04M_impro01_F000,both,sadness,low,"{""emotion"": ""sadness"", ""intensity"": ""moderate""}"
Ses04M_impro01_F001,both,anger,high,"{""emotion"": ""anger"", ""intensity"": ""high""}"
Ses04M_impro01_F012,both,neutral,none,"{""emotion"": ""neutral"", ""intensity"": ""none""}"
Ses04M_impro01_M003,both,neutral,none,"{""emotion"": ""neutral"", ""intensity"": ""none""}"
Ses04M_impro02_F009,both,sadness,low,"{""emotion"": ""sadness"", ""intensity"": ""low""}"
Ses04M_impro02_F020,both,sadness,high,"{""emotion"": ""sadness"", ""intensity"": ""high""}"
Ses04M_impro03_F004,both,sadness,low,"{""emotion"": ""sadness"", ""intensity"": ""low""}"
Ses04M_impro03_F006,both,happiness,low,"{""emotion"": ""happiness"", ""intensity"": ""low""}"
Ses04M_impro03_F011,both,neutral,none,"{""emotion"": ""neutral"", ""intensity"": ""none""}"
Ses04M_impro03_F016,both,neutral,none,"{""emotion"": ""neutral"", ""intensity"": ""none""}"
Ses04M_impro03_M009,both,neutral,none,"{""emotion"": ""neutral"", ""intensity"": ""none""}"
Ses04M_impro03_M017,both,happiness,low,"{""emotion"": ""happiness"", ""intensity"": ""low""}"
Ses04M_impro03_M020,both,happiness,low,"{""emotion"": ""happiness"", ""intensity"": ""low""}"
Ses04M_impro03_M021,both,neutral,none,"{""emotion"": ""neutral"", ""intensity"": ""none""}"
Ses04M_impro03_M025,both,neutral,none,"{""emotion"": ""neutral"", ""intensity"": ""none""}"
Ses04M_impro03_M030,both,happiness,high,"{""emotion"": ""happiness"", ""intensity"": ""high""}"
Ses04M_impro04_F000,both,neutral,none,"{""emotion"": ""neutral"", ""intensity"": ""none""}"
Ses04M_impro04_F003,both,neutral,none,"{""emotion"": ""neutral"", ""intensity"": ""none""}"
Ses04M_impro04_F004,both,anger,high,"{""emotion"": ""anger"", ""intensity"": ""high""}"
Ses04M_impro04_F006,both,anger,low,"{""emotion"": ""anger"", ""intensity"": ""low""}"
Ses04M_impro04_F007,both,neutral,none,"{""emotion"": ""neutral"", ""intensity"": ""none""}"
Ses04M_impro04_F015,both,anger,high,"{""emotion"": ""anger"", ""intensity"": ""high""}"
Ses04M_impro04_F016,both,anger,high,"{""emotion"": ""anger"", ""intensity"": ""high""}"
Ses04M_impro04_F017,both,sadness,high,"{""emotion"": ""sadness"", ""intensity"": ""high""}"
Ses04M_impro04_M020,both,neutral,none,"{""emotion"": ""neutral"", ""intensity"": ""none""}"
Ses04M_impro05_F001,both,sadness,high,"{""emotion"": ""sadness"", ""intensity"": ""high""}"
Ses04M_impro05_F007,both,neutral,none,"{""emotion"": ""neutral"", ""intensity"": ""none""}"
Ses04M_impro05_F008,both,neutral,none,"{""emotion"": ""neutral"", ""intensity"": ""none""}"
Ses04M_impro05_F017,both,sadness,low,"{""emotion"": ""sadness"", ""intensity"": ""low""}"
Ses04M_impro05_F019,both,neutral,none,"{""emotion"": ""neutral"", ""intensity"": ""none""}"
Ses04M_impro05_F036,both,neutral,none,"{""emotion"": ""neutral"", ""intensity"": ""none""}"
Ses04M_impro05_F037,both,neutral,none,"{""emotion"": ""neutral"", ""intensity"": ""none""}"
Ses04M_impro05_M011,both,neutral,none,"{""emotion"": ""neutral"", ""intensity"": ""none""}"
Ses04M_impro05_M014,both,anger,high,"{""emotion"": ""anger"", ""intensity"": ""high""}"
Ses04M_impro05_M017,both,neutral,none,"{""emotion"": ""neutral"", ""intensity"": ""none""}"
Ses04M_impro05_M022,both,neutral,none,"{""emotion"": ""neutral"", ""intensity"": ""none""}"
Ses04M_impro05_M044,both,anger,high,"{""emotion"": ""anger"", ""intensity"": ""high""}"
Ses04M_impro06_F001,both,sadness,high,"{""emotion"": ""sadness"", ""intensity"": ""high""}"
Ses04M_impro06_F002,both,sadness,high,"{""emotion"": ""sadness"", ""intensity"": ""high""}"
Ses04M_impro06_F005,both,sadness,high,"{""emotion"": ""sadness"", ""intensity"": ""high""}"
Ses04M_impro06_F006,both,sadness,high,"{""emotion"": ""sadness"", ""intensity"": ""high""}"
Ses04M_impro06_F007,both,sadness,high,"{""emotion"": ""sadness"", ""intensity"": ""high""}"
Ses04M_impro06_F008,both,neutral,none,"{""emotion"": ""neutral"", ""intensity"": ""none""}"
Ses04M_impro06_F009,both,sadness,low,"{""emotion"": ""sadness"", ""intensity"": ""low""}"
Ses04M_impro06_F012,both,sadness,high,"{""emotion"": ""sadness"", ""intensity"": ""high""}"
Ses04M_impro06_F014,both,neutral,none,"{""emotion"": ""neutral"", ""intensity"": ""none""}"
Ses04M_impro06_F017,both,sadness,high,"{""emotion"": ""sadness"", ""intensity"": ""high""}"
Ses04M_impro06_F018,both,sadness,high,"{""emotion"": ""sadness"", ""intensity"": ""high""}"
Ses04M_impro06_F019,both,sadness,low,"{""emotion"": ""sadness"", ""intensity"": ""low""}"
Ses04M_impro06_M000,both,neutral,none,"{""emotion"": ""neutral"", ""intensity"": ""none""}"
Ses04M_impro06_M003,both,sadness,high,"{""emotion"": ""sadness"", ""intensity"": ""high""}"
Ses04M_impro06_M006,both,sadness,low,"{""emotion"": ""sadness"", ""intensity"": ""low""}"
Ses04M_impro06_M008,both,sadness,high,"{""emotion"": ""sadness"", ""intensity"": ""high""}"
Ses04M_impro06_M009,both,sadness,high,"{""emotion"": ""sadness"", ""intensity"": ""high""}"
Ses04M_impro06_M011,both,sadness,high,"{""emotion"": ""sadness"", ""intensity"": ""high""}"
Ses04M_impro06_M012,both,anger,high,"{""emotion"": ""anger"", ""intensity"": ""high""}"
Ses04M_impro06_M017,both,sadness,high,"{""emotion"": ""sadness"", ""intensity"": ""high""}"
Ses04M_impro07_F002,both,sadness,high,"{""emotion"": ""sadness"", ""intensity"": ""high""}"
Ses04M_impro07_F003,both,anger,high,"{""emotion"": ""anger"", ""intensity"": ""high""}"
Ses04M_impro07_F006,both,neutral,none,"{""emotion"": ""neutral"", ""intensity"": ""none""}"
Ses04M_impro07_F009,both,happiness,low,"{""emotion"": ""happiness"", ""intensity"": ""low""}"
Ses04M_impro07_F011,both,anger,low,"{""emotion"": ""anger"", ""intensity"": ""low""}"
Ses04M_impro07_F014,both,happiness,high,"{""emotion"": ""happiness"", ""intensity"": ""high""}"
Ses04M_impro07_F022,both,happiness,high,"{""emotion"": ""happiness"", ""intensity"": ""high""}"
Ses04M_impro07_F023,both,sadness,high,"{""emotion"": ""sadness"", ""intensity"": ""high""}"
Ses04M_impro07_F027,both,happiness,high,"{""emotion"": ""happiness"", ""intensity"": ""high""}"
Ses04M_impro07_M000,both,happiness,low,"{""emotion"": ""happiness"", ""intensity"": ""low""}"
Ses04M_impro07_M007,both,sadness,low,"{""emotion"": ""sadness"", ""intensity"": ""low""}"
Ses04M_impro07_M011,both,happiness,low,"{""emotion"": ""happiness"", ""intensity"": ""low""}"
Ses04M_impro07_M021,both,neutral,none,"{""emotion"": ""neutral"", ""intensity"": ""none""}"
Ses04M_impro07_M026,both,neutral,none,"{""emotion"": ""neutral"", ""intensity"": ""none""}"
Ses04M_impro07_M030,both,neutral,none,"{""emotion"": ""neutral"", ""intensity"": ""none""}"
Ses04M_impro07_M032,both,neutral,none,"{""emotion"": ""neutral"", ""intensity"": ""none""}"
Ses04M_impro07_M035,both,anger,low,"{""emotion"": ""anger"", ""intensity"": ""low""}"
Ses04M_impro08_F020,both,sadness,low,"{""emotion"": ""sadness"", ""intensity"": ""low""}"
Ses04M_impro08_F027,both,sadness,high,"{""emotion"": ""sadness"", ""intensity"": ""high""}"
Ses04M_impro08_F030,both,neutral,none,"{""emotion"": ""neutral"", ""intensity"": ""none""}"
Ses04M_impro08_M010,both,neutral,none,"{""emotion"": ""neutral"", ""intensity"": ""none""}"
Ses04M_impro08_M013,both,neutral,none,"{""emotion"": ""neutral"", ""intensity"": ""none""}"
Ses04M_impro08_M024,both,neutral,none,"{""emotion"": ""neutral"", ""intensity"": ""none""}"
Ses04M_script01_1_F000,both,sadness,low,"{""emotion"": ""sadness"", ""intensity"": ""low""}"
Ses04M_script01_1_F007,both,sadness,low,"{""emotion"": ""sadness"", ""intensity"": ""low""}"
Ses04M_script01_1_F015,both,sadness,high,"{""emotion"": ""sadness"", ""intensity"": ""high""}"
Ses04M_script01_1_F017,both,neutral,none,"{""emotion"": ""neutral"", ""intensity"": ""none""}"
Ses04M_script01_1_F018,both,anger,high,"{""emotion"": ""anger"", ""intensity"": ""high""}"
Ses04M_script01_1_F022,both,anger,high,"{""emotion"": ""anger"", ""intensity"": ""high""}"
Ses04M_script01_1_F027,both,sadness,high,"{""emotion"": ""sadness"", ""intensity"": ""high""}"
Ses04M_script01_1_F028,both,anger,high,"{""emotion"": ""anger"", ""intensity"": ""high""}"
Ses04M_script01_1_F034,both,anger,high,"{""emotion"": ""anger"", ""intensity"": ""high""}"
Ses04M_script01_1_F039,both,sadness,high,"{""emotion"": ""sadness"", ""intensity"": ""high""}"
Ses04M_script01_1_M000,both,sadness,high,"{""emotion"": ""sadness"", ""intensity"": ""high""}"
Ses04M_script01_1_M022,both,anger,high,"{""emotion"": ""anger"", ""intensity"": ""high""}"
Ses04M_script01_1_M031,both,neutral,none,"{""emotion"": ""neutral"", ""intensity"": ""none""}"
Ses04M_script01_1_M034,both,sadness,high,"{""emotion"": ""sadness"", ""intensity"": ""high""}"
Ses04M_script01_1_M037,both,anger,high,"{""emotion"": ""anger"", ""intensity"": ""high""}"
Ses04M_script01_2_F001,both,sadness,high,"{""emotion"": ""sadness"", ""intensity"": ""high""}"
Ses04M_script01_2_F007,both,sadness,high,"{""emotion"": ""sadness"", ""intensity"": ""high""}"
Ses04M_script01_2_F014,both,anger,high,"{""emotion"": ""anger"", ""intensity"": ""high""}"
Ses04M_script01_2_F020,both,sadness,low,"{""emotion"": ""sadness"", ""intensity"": ""low""}"
Ses04M_script01_2_M000,both,sadness,high,"{""emotion"": ""sadness"", ""intensity"": ""high""}"
Ses04M_script01_2_M005,both,neutral,none,"{""emotion"": ""neutral"", ""intensity"": ""none""}"
Ses04M_script01_3_F023,both,sadness,high,"{""emotion"": ""sadness"", ""intensity"": ""high""}"
Ses04M_script01_3_M023,both,sadness,high,"{""emotion"": ""sadness"", ""intensity"": ""high""}"
Ses04M_script01_3_M024,both,sadness,high,"{""emotion"": ""sadness"", ""intensity"": ""high""}"
Ses04M_script01_3_M025,both,sadness,high,"{""emotion"": ""sadness"", ""intensity"": ""high""}"
Ses04M_script01_3_M026,both,neutral,none,"{""emotion"": ""neutral"", ""intensity"": ""none""}"
Ses04M_script01_3_M030,both,sadness,high,"{""emotion"": ""sadness"", ""intensity"": ""high""}"
Ses04M_script01_3_M031,both,sadness,high,"{""emotion"": ""sadness"", ""intensity"": ""high""}"
Ses04M_script01_3_M032,both,sadness,high,"{""emotion"": ""sadness"", ""intensity"": ""high""}"
Ses04M_script01_3_M034,both,happiness,low,"{""emotion"": ""happiness"", ""intensity"": ""low""}"
Ses04M_script01_3_M035,both,sadness,high,"{""emotion"": ""sadness"", ""intensity"": ""high""}"
Ses04M_script02_1_F012,both,anger,low,"{""emotion"": ""anger"", ""intensity"": ""low""}"
Ses04M_script02_1_M002,both,neutral,none,"{""emotion"": ""neutral"", ""intensity"": ""none""}"
Ses04M_script02_1_M009,both,sadness,low,"{""emotion"": ""sadness"", ""intensity"": ""low""}"
Ses04M_script02_1_M018,both,happiness,high,"{""emotion"": ""happiness"", ""intensity"": ""high""}"
Ses04M_script02_1_M020,both,neutral,none,"{""emotion"": ""neutral"", ""intensity"": ""none""}"
Ses04M_script02_1_M021,both,sadness,high,"{""emotion"": ""sadness"", ""intensity"": ""high""}"
Ses04M_script02_1_M030,both,neutral,none,"{""emotion"": ""neutral"", ""intensity"": ""none""}"
Ses04M_script02_1_M033,both,sadness,high,"{""emotion"": ""sadness"", ""intensity"": ""high""}"
Ses04M_script02_2_F000,both,sadness,low,"{""emotion"": ""sadness"", ""intensity"": ""low""}"
Ses04M_script02_2_F013,both,sadness,high,"{""emotion"": ""sadness"", ""intensity"": ""high""}"
Ses04M_script02_2_F016,both,happiness,low,"{""emotion"": ""happiness"", ""intensity"": ""low""}"
Ses04M_script02_2_F018,both,happiness,low,"{""emotion"": ""happiness"", ""intensity"": ""low""}"
Ses04M_script02_2_F020,both,anger,high,"{""emotion"": ""anger"", ""intensity"": ""high""}"
Ses04M_script02_2_F028,both,neutral,none,"{""emotion"": ""neutral"", ""intensity"": ""none""}"
Ses04M_script02_2_F029,both,sadness,high,"{""emotion"": ""sadness"", ""intensity"": ""high""}"
Ses04M_script02_2_F032,both,sadness,low,"{""emotion"": ""sadness"", ""intensity"": ""low""}"
Ses04M_script02_2_M031,both,happiness,high,"{""emotion"": ""happiness"", ""intensity"": ""high""}"
Ses04M_script02_2_M034,both,sadness,high,"{""emotion"": ""sadness"", ""intensity"": ""high""}"
Ses04M_script02_2_M037,both,sadness,high,"{""emotion"": ""sadness"", ""intensity"": ""high""}"
Ses04M_script02_2_M039,both,sadness,low,"{""emotion"": ""sadness"", ""intensity"": ""low""}"
Ses04M_script02_2_M040,both,neutral,none,"{""emotion"": ""neutral"", ""intensity"": ""none""}"
Ses04M_script03_1_F015,both,anger,low,"{""emotion"": ""anger"", ""intensity"": ""low""}"
Ses04M_script03_1_F024,both,sadness,high,"{""emotion"": ""sadness"", ""intensity"": ""high""}"
Ses04M_script03_1_F028,both,neutral,none,"{""emotion"": ""neutral"", ""intensity"": ""none""}"
Ses04M_script03_1_M013,both,anger,high,"{""emotion"": ""anger"", ""intensity"": ""high""}"
Ses04M_script03_1_M029,both,happiness,high,"{""emotion"": ""happiness"", ""intensity"": ""high""}"
Ses04M_script03_2_F009,both,anger,high,"{""emotion"": ""anger"", ""intensity"": ""high""}"
Ses04M_script03_2_F017,both,sadness,low,"{""emotion"": ""sadness"", ""intensity"": ""low""}"
Ses04M_script03_2_F019,both,neutral,none,"{""emotion"": ""neutral"", ""intensity"": ""none""}"
Ses04M_script03_2_F029,both,neutral,none,"{""emotion"": ""neutral"", ""intensity"": ""none""}"
Ses04M_script03_2_F032,both,anger,high,"{""emotion"": ""anger"", ""intensity"": ""high""}"
Ses04M_script03_2_F033,both,neutral,none,"{""emotion"": ""neutral"", ""intensity"": ""none""}"
Ses04M_script03_2_F037,both,neutral,none,"{""emotion"": ""neutral"", ""intensity"": ""none""}"
Ses04M_script03_2_F039,both,neutral,none,"{""emotion"": ""neutral"", ""intensity"": ""none""}"
Ses04M_script03_2_F040,both,anger,low,"{""emotion"": ""anger"", ""intensity"": ""low""}"
Ses04M_script03_2_F043,both,sadness,low,"{""emotion"": ""sadness"", ""intensity"": ""low""}"
Ses04M_script03_2_F044,both,anger,high,"{""emotion"": ""anger"", ""intensity"": ""high""}"
Ses04M_script03_2_F052,both,happiness,high,"{""emotion"": ""happiness"", ""intensity"": ""high""}"
Ses04M_script03_2_M010,both,anger,high,"{""emotion"": ""anger"", ""intensity"": ""high""}"
Ses04M_script03_2_M011,both,anger,high,"{""emotion"": ""anger"", ""intensity"": ""high""}"
Ses04M_script03_2_M013,both,happiness,low,"{""emotion"": ""happiness"", ""intensity"": ""low""}"
Ses04M_script03_2_M026,both,sadness,high,"{""emotion"": ""sadness"", ""intensity"": ""high""}"
Ses04M_script03_2_M027,both,anger,high,"{""emotion"": ""anger"", ""intensity"": ""high""}"
Ses04M_script03_2_M030,both,anger,high,"{""emotion"": ""anger"", ""intensity"": ""high""}"
Ses04M_script03_2_M035,both,happiness,low,"{""emotion"": ""happiness"", ""intensity"": ""low""}"
Ses04M_script03_2_M041,both,anger,high,"{""emotion"": ""anger"", ""intensity"": ""high""}"
Ses04M_script03_2_M046,both,anger,high,"{""emotion"": ""anger"", ""intensity"": ""high""}"
Ses04M_script03_2_M048,both,neutral,none,"{""emotion"": ""neutral"", ""intensity"": ""none""}"
Ses04M_script03_2_M051,both,anger,high,"{""emotion"": ""anger"", ""intensity"": ""high""}"
Ses04M_script03_2_M053,both,anger,high,"{""emotion"": ""anger"", ""intensity"": ""high""}"
Ses04M_script03_2_M054,both,anger,high,"{""emotion"": ""anger"", ""intensity"": ""high""}"
Ses04M_script03_2_M056,both,anger,high,"{""emotion"": ""anger"", ""intensity"": ""high""}"
Ses05F_impro01_F000,both,neutral,none,"{""emotion"": ""neutral"", ""intensity"": ""none""}"
Ses05F_impro01_F008,both,neutral,none,"{""emotion"": ""neutral"", ""intensity"": ""none""}"
Ses05F_impro01_F017,both,anger,high,"{""emotion"": ""anger"", ""intensity"": ""high""}"
Ses05F_impro01_F018,both,anger,high,"{""emotion"": ""anger"", ""intensity"": ""high""}"
Ses05F_impro01_M003,both,neutral,none,"{""emotion"": ""neutral"", ""intensity"": ""none""}"
Ses05F_impro02_F004,both,neutral,none,"{""emotion"": ""neutral"", ""intensity"": ""none""}"
Ses05F_impro02_F005,both,sadness,high,"{""emotion"": ""sadness"", ""intensity"": ""high""}"
Ses05F_impro02_F009,both,sadness,high,"{""emotion"": ""sadness"", ""intensity"": ""high""}"
Ses05F_impro02_F011,both,neutral,none,"{""emotion"": ""neutral"", ""intensity"": ""none""}"
Ses05F_impro02_F023,both,sadness,high,"{""emotion"": ""sadness"", ""intensity"": ""high""}"
Ses05F_impro02_F027,both,sadness,low,"{""emotion"": ""sadness"", ""intensity"": ""moderate""}"
Ses05F_impro02_F031,both,sadness,low,"{""emotion"": ""sadness"", ""intensity"": ""low""}"
Ses05F_impro02_F036,both,sadness,high,"{""emotion"": ""sadness"", ""intensity"": ""high""}"
Ses05F_impro02_F038,both,sadness,high,"{""emotion"": ""sadness"", ""intensity"": ""high""}"
Ses05F_impro02_M010,both,anger,low,"{""emotion"": ""anger"", ""intensity"": ""low""}"
Ses05F_impro02_M025,both,sadness,high,"{""emotion"": ""sadness"", ""intensity"": ""high""}"
Ses05F_impro02_M031,both,sadness,high,"{""emotion"": ""sadness"", ""intensity"": ""high""}"
Ses05F_impro02_M032,both,sadness,high,"{""emotion"": ""sadness"", ""intensity"": ""high""}"
Ses05F_impro02_M033,both,sadness,high,"{""emotion"": ""sadness"", ""intensity"": ""high""}"
Ses05F_impro02_M034,both,sadness,low,"{""emotion"": ""sadness"", ""intensity"": ""low""}"
Ses05F_impro03_F000,both,happiness,high,"{""emotion"": ""happiness"", ""intensity"": ""high""}"
Ses05F_impro03_F001,both,happiness,low,"{""emotion"": ""happiness"", ""intensity"": ""low""}"
Ses05F_impro03_F003,both,happiness,high,"{""emotion"": ""happiness"", ""intensity"": ""high""}"
Ses05F_impro03_F009,both,happiness,high,"{""emotion"": ""happiness"", ""intensity"": ""high""}"
Ses05F_impro03_F011,both,happiness,high,"{""emotion"": ""happiness"", ""intensity"": ""high""}"
Ses05F_impro03_F027,both,neutral,none,"{""emotion"": ""neutral"", ""intensity"": ""none""}"
Ses05F_impro03_F032,both,happiness,low,"{""emotion"": ""happiness"", ""intensity"": ""low""}"
Ses05F_impro03_F034,both,happiness,high,"{""emotion"": ""happiness"", ""intensity"": ""high""}"
Ses05F_impro03_M000,both,neutral,none,"{""emotion"": ""neutral"", ""intensity"": ""none""}"
Ses05F_impro03_M007,both,neutral,none,"{""emotion"": ""neutral"", ""intensity"": ""none""}"
Ses05F_impro03_M009,both,neutral,none,"{""emotion"": ""neutral"", ""intensity"": ""none""}"
Ses05F_impro03_M036,both,happiness,high,"{""emotion"": ""happiness"", ""intensity"": ""high""}"
Ses05F_impro03_M041,both,sadness,low,"{""emotion"": ""sadness"", ""intensity"": ""moderate""}"
Ses05F_impro03_M043,both,happiness,low,"{""emotion"": ""happiness"", ""intensity"": ""low""}"
Ses05F_impro03_M051,both,neutral,none,"{""emotion"": ""neutral"", ""intensity"": ""none""}"
Ses05F_impro03_M060,both,happiness,high,"{""emotion"": ""happiness"", ""intensity"": ""high""}"
Ses05F_impro03_M061,both,neutral,none,"{""emotion"": ""neutral"", ""intensity"": ""none""}"
Ses05F_impro04_F000,both,sadness,high,"{""emotion"": ""sadness"", ""intensity"": ""high""}"
Ses05F_impro04_F016,both,anger,high,"{""emotion"": ""anger"", ""intensity"": ""high""}"
Ses05F_impro04_F022,both,sadness,high,"{""emotion"": ""sadness"", ""intensity"": ""high""}"
Ses05F_impro04_M003,both,neutral,none,"{""emotion"": ""neutral"", ""intensity"": ""none""}"
Ses05F_impro04_M013,both,sadness,high,"{""emotion"": ""sadness"", ""intensity"": ""high""}"
Ses05F_impro04_M017,both,sadness,high,"{""emotion"": ""sadness"", ""intensity"": ""high""}"
Ses05F_impro04_M026,both,sadness,high,"{""emotion"": ""sadness"", ""intensity"": ""high""}"
Ses05F_impro04_M028,both,anger,high,"{""emotion"": ""anger"", ""intensity"": ""high""}"
Ses05F_impro04_M029,both,neutral,none,"{""emotion"": ""neutral"", ""intensity"": ""none""}"
Ses05F_impro04_M031,both,neutral,none,"{""emotion"": ""neutral"", ""intensity"": ""none""}"
Ses05F_impro04_M032,both,sadness,low,"{""emotion"": ""sadness"", ""intensity"": ""low""}"
Ses05F_impro04_M040,both,neutral,none,"{""emotion"": ""neutral"", ""intensity"": ""none""}"
Ses05F_impro04_M043,both,sadness,high,"{""emotion"": ""sadness"", ""intensity"": ""high""}"
Ses05F_impro05_F002,both,neutral,none,"{""emotion"": ""neutral"", ""intensity"": ""none""}"
Ses05F_impro05_F004,both,neutral,none,"{""emotion"": ""neutral"", ""intensity"": ""none""}"
Ses05F_impro05_F005,both,sadness,high,"{""emotion"": ""sadness"", ""intensity"": ""high""}"
Ses05F_impro05_F018,both,anger,high,"{""emotion"": ""anger"", ""intensity"": ""high""}"
Ses05F_impro05_F019,both,anger,high,"{""emotion"": ""anger"", ""intensity"": ""high""}"
Ses05F_impro05_F022,both,anger,high,"{""emotion"": ""anger"", ""intensity"": ""high""}"
Ses05F_impro05_F024,both,anger,high,"{""emotion"": ""anger"", ""intensity"": ""high""}"
Ses05F_impro05_F041,both,anger,high,"{""emotion"": ""anger"", ""intensity"": ""high""}"
Ses05F_impro05_F042,both,anger,high,"{""emotion"": ""anger"", ""intensity"": ""high""}"
Ses05F_impro05_M009,both,sadness,low,"{""emotion"": ""sadness"", ""intensity"": ""low""}"
Ses05F_impro05_M010,both,sadness,low,"{""emotion"": ""sadness"", ""intensity"": ""low""}"
Ses05F_impro05_M018,both,sadness,low,"{""emotion"": ""sadness"", ""intensity"": ""low""}"
Ses05F_impro05_M022,both,neutral,none,"{""emotion"": ""neutral"", ""intensity"": ""none""}"
Ses05F_impro05_M032,both,neutral,none,"{""emotion"": ""neutral"", ""intensity"": ""none""}"
Ses05F_impro05_M033,both,anger,low,"{""emotion"": ""anger"", ""intensity"": ""low""}"
Ses05F_impro05_M034,both,sadness,high,"{""emotion"": ""sadness"", ""intensity"": ""high""}"
Ses05F_impro05_M036,both,sadness,high,"{""emotion"": ""sadness"", ""intensity"": ""high""}"
Ses05F_impro05_M041,both,neutral,none,"{""emotion"": ""neutral"", ""intensity"": ""none""}"
Ses05F_impro06_F001,both,sadness,high,"{""emotion"": ""sadness"", ""intensity"": ""high""}"
Ses05F_impro06_F002,both,sadness,high,"{""emotion"": ""sadness"", ""intensity"": ""high""}"
Ses05F_impro06_F003,both,sadness,low,"{""emotion"": ""sadness"", ""intensity"": ""low""}"
Ses05F_impro06_F004,both,neutral,none,"{""emotion"": ""neutral"", ""intensity"": ""none""}"
Ses05F_impro06_F010,both,happiness,low,"{""emotion"": ""happiness"", ""intensity"": ""low""}"
Ses05F_impro06_F018,both,sadness,high,"{""emotion"": ""sadness"", ""intensity"": ""high""}"
Ses05F_impro06_F021,both,neutral,none,"{""emotion"": ""neutral"", ""intensity"": ""none""}"
Ses05F_impro06_F022,both,sadness,high,"{""emotion"": ""sadness"", ""intensity"": ""high""}"
Ses05F_impro06_F026,both,sadness,low,"{""emotion"": ""sadness"", ""intensity"": ""low""}"
Ses05F_impro06_M002,both,sadness,high,"{""emotion"": ""sadness"", ""intensity"": ""high""}"
Ses05F_impro06_M003,both,sadness,high,"{""emotion"": ""sadness"", ""intensity"": ""high""}"
Ses05F_impro06_M005,both,anger,high,"{""emotion"": ""anger"", ""intensity"": ""high""}"
Ses05F_impro06_M006,both,sadness,high,"{""emotion"": ""sadness"", ""intensity"": ""high""}"
Ses05F_impro06_M007,both,sadness,high,"{""emotion"": ""sadness"", ""intensity"": ""high""}"
Ses05F_impro06_M014,both,sadness,high,"{""emotion"": ""sadness"", ""intensity"": ""high""}"
Ses05F_impro06_M021,both,sadness,high,"{""emotion"": ""sadness"", ""intensity"": ""high""}"
Ses05F_impro06_M023,both,anger,high,"{""emotion"": ""anger"", ""intensity"": ""high""}"
Ses05F_impro07_F001,both,happiness,high,"{""emotion"": ""happiness"", ""intensity"": ""high""}"
Ses05F_impro07_F002,both,happiness,high,"{""emotion"": ""happiness"", ""intensity"": ""high""}"
Ses05F_impro07_F004,both,happiness,high,"{""emotion"": ""happiness"", ""intensity"": ""high""}"
Ses05F_impro07_F005,both,happiness,high,"{""emotion"": ""happiness"", ""intensity"": ""high""}"
Ses05F_impro07_F011,both,happiness,high,"{""emotion"": ""happiness"", ""intensity"": ""high""}"
Ses05F_impro07_F013,both,happiness,low,"{""emotion"": ""happiness"", ""intensity"": ""low""}"
Ses05F_impro07_F026,both,happiness,high,"{""emotion"": ""happiness"", ""intensity"": ""high""}"
Ses05F_impro07_F028,both,happiness,high,"{""emotion"": ""happiness"", ""intensity"": ""high""}"
Ses05F_impro07_F029,both,happiness,low,"{""emotion"": ""happiness"", ""intensity"": ""low""}"
Ses05F_impro07_F031,both,sadness,high,"{""emotion"": ""sadness"", ""intensity"": ""high""}"
Ses05F_impro07_F033,both,anger,high,"{""emotion"": ""anger"", ""intensity"": ""high""}"
Ses05F_impro07_F037,both,happiness,low,"{""emotion"": ""happiness"", ""intensity"": ""low""}"
Ses05F_impro07_M000,both,neutral,none,"{""emotion"": ""neutral"", ""intensity"": ""none""}"
Ses05F_impro07_M003,both,happiness,low,"{""emotion"": ""happiness"", ""intensity"": ""low""}"
Ses05F_impro07_M012,both,happiness,high,"{""emotion"": ""happiness"", ""intensity"": ""high""}"
Ses05F_impro07_M014,both,happiness,low,"{""emotion"": ""happiness"", ""intensity"": ""low""}"
Ses05F_impro07_M027,both,happiness,low,"{""emotion"": ""happiness"", ""intensity"": ""low""}"
Ses05F_impro07_M029,both,sadness,low,"{""emotion"": ""sadness"", ""intensity"": ""low""}"
Ses05F_impro08_F001,both,sadness,high,"{""emotion"": ""sadness"", ""intensity"": ""high""}"
Ses05F_impro08_F003,both,sadness,high,"{""emotion"": ""sadness"", ""intensity"": ""high""}"
Ses05F_impro08_F007,both,neutral,none,"{""emotion"": ""neutral"", ""intensity"": ""none""}"
Ses05F_impro08_F020,both,neutral,none,"{""emotion"": ""neutral"", ""intensity"": ""none""}"
Ses05F_impro08_F024,both,neutral,none,"{""emotion"": ""neutral"", ""intensity"": ""none""}"
Ses05F_impro08_F026,both,sadness,high,"{""emotion"": ""sadness"", ""intensity"": ""high""}"
Ses05F_impro08_M004,both,anger,high,"{""emotion"": ""anger"", ""intensity"": ""high""}"
Ses05F_impro08_M007,both,anger,high,"{""emotion"": ""anger"", ""intensity"": ""high""}"
Ses05F_impro08_M013,both,anger,high,"{""emotion"": ""anger"", ""intensity"": ""high""}"
Ses05F_impro08_M018,both,anger,high,"{""emotion"": ""anger"", ""intensity"": ""high""}"
Ses05F_script01_1_F004,both,neutral,none,"{""emotion"": ""neutral"", ""intensity"": ""none""}"
Ses05F_script01_1_F005,both,sadness,high,"{""emotion"": ""sadness"", ""intensity"": ""high""}"
Ses05F_script01_1_F026,both,neutral,none,"{""emotion"": ""neutral"", ""intensity"": ""none""}"
Ses05F_script01_1_F028,both,anger,low,"{""emotion"": ""anger"", ""intensity"": ""low""}"
Ses05F_script01_1_F031,both,sadness,high,"{""emotion"": ""sadness"", ""intensity"": ""high""}"
Ses05F_script01_1_F033,both,anger,high,"{""emotion"": ""anger"", ""intensity"": ""high""}"
Ses05F_script01_1_M001,both,sadness,high,"{""emotion"": ""sadness"", ""intensity"": ""high""}"
Ses05F_script01_1_M006,both,sadness,high,"{""emotion"": ""sadness"", ""intensity"": ""high""}"
Ses05F_script01_1_M008,both,anger,high,"{""emotion"": ""anger"", ""intensity"": ""high""}"
Ses05F_script01_1_M016,both,anger,low,"{""emotion"": ""anger"", ""intensity"": ""low""}"
Ses05F_script01_1_M025,both,anger,high,"{""emotion"": ""anger"", ""intensity"": ""high""}"
Ses05F_script01_2_F006,both,sadness,high,"{""emotion"": ""sadness"", ""intensity"": ""high""}"
Ses05F_script01_2_F010,both,sadness,high,"{""emotion"": ""sadness"", ""intensity"": ""high""}"
Ses05F_script01_2_F011,both,sadness,high,"{""emotion"": ""sadness"", ""intensity"": ""high""}"
Ses05F_script01_2_F014,both,anger,high,"{""emotion"": ""anger"", ""intensity"": ""high""}"
Ses05F_script01_2_F017,both,anger,high,"{""emotion"": ""anger"", ""intensity"": ""high""}"
Ses05F_script01_2_M000,both,anger,low,"{""emotion"": ""anger"", ""intensity"": ""low""}"
Ses05F_script01_2_M002,both,anger,high,"{""emotion"": ""anger"", ""intensity"": ""high""}"
Ses05F_script01_2_M016,both,sadness,low,"{""emotion"": ""sadness"", ""intensity"": ""low""}"
Ses05F_script01_3_F000,both,happiness,low,"{""emotion"": ""happiness"", ""intensity"": ""low""}"
Ses05F_script01_3_F003,both,neutral,none,"{""emotion"": ""neutral"", ""intensity"": ""none""}"
Ses05F_script01_3_F020,both,sadness,low,"{""emotion"": ""sadness"", ""intensity"": ""low""}"
Ses05F_script01_3_F023,both,sadness,high,"{""emotion"": ""sadness"", ""intensity"": ""high""}"
Ses05F_script01_3_F025,both,sadness,high,"{""emotion"": ""sadness"", ""intensity"": ""high""}"
Ses05F_script01_3_M004,both,sadness,high,"{""emotion"": ""sadness"", ""intensity"": ""high""}"
Ses05F_script01_3_M021,both,sadness,high,"{""emotion"": ""sadness"", ""intensity"": ""high""}"
Ses05F_script01_3_M023,both,sadness,high,"{""emotion"": ""sadness"", ""intensity"": ""high""}"
Ses05F_script01_3_M026,both,sadness,high,"{""emotion"": ""sadness"", ""intensity"": ""high""}"
Ses05F_script01_3_M029,both,sadness,high,"{""emotion"": ""sadness"", ""intensity"": ""high""}"
Ses05F_script01_3_M030,both,sadness,low,"{""emotion"": ""sadness"", ""intensity"": ""low""}"
Ses05F_script01_3_M032,both,sadness,low,"{""emotion"": ""sadness"", ""intensity"": ""low""}"
Ses05F_script01_3_M036,both,sadness,high,"{""emotion"": ""sadness"", ""intensity"": ""high""}"
Ses05F_script01_3_M039,both,anger,low,"{""emotion"": ""anger"", ""intensity"": ""moderate""}"
Ses05F_script02_1_F015,both,sadness,low,"{""emotion"": ""sadness"", ""intensity"": ""low""}"
Ses05F_script02_1_M001,both,neutral,none,"{""emotion"": ""neutral"", ""intensity"": ""none""}"
Ses05F_script02_1_M024,both,happiness,high,"{""emotion"": ""happiness"", ""intensity"": ""high""}"
Ses05F_script02_2_F013,both,sadness,high,"{""emotion"": ""sadness"", ""intensity"": ""high""}"
Ses05F_script02_2_F016,both,happiness,low,"{""emotion"": ""happiness"", ""intensity"": ""low""}"
Ses05F_script02_2_F029,both,neutral,none,"{""emotion"": ""neutral"", ""intensity"": ""none""}"
Ses05F_script02_2_F030,both,happiness,low,"{""emotion"": ""happiness"", ""intensity"": ""low""}"
Ses05F_script02_2_M002,both,neutral,none,"{""emotion"": ""neutral"", ""intensity"": ""none""}"
Ses05F_script02_2_M003,both,neutral,none,"{""emotion"": ""neutral"", ""intensity"": ""none""}"
Ses05F_script02_2_M005,both,anger,high,"{""emotion"": ""anger"", ""intensity"": ""high""}"
Ses05F_script03_1_M011,both,sadness,low,"{""emotion"": ""sadness"", ""intensity"": ""low""}"
Ses05F_script03_1_M029,both,happiness,low,"{""emotion"": ""happiness"", ""intensity"": ""low""}"
Ses05F_script03_1_M032,both,sadness,high,"{""emotion"": ""sadness"", ""intensity"": ""high""}"
Ses05F_script03_2_F003,both,anger,high,"{""emotion"": ""anger"", ""intensity"": ""high""}"
Ses05F_script03_2_F018,both,sadness,high,"{""emotion"": ""sadness"", ""intensity"": ""high""}"
Ses05F_script03_2_F020,both,anger,high,"{""emotion"": ""anger"", ""intensity"": ""high""}"
Ses05F_script03_2_F022,both,happiness,high,"{""emotion"": ""happiness"", ""intensity"": ""high""}"
Ses05F_script03_2_F027,both,sadness,low,"{""emotion"": ""sadness"", ""intensity"": ""low""}"
Ses05F_script03_2_F029,both,sadness,high,"{""emotion"": ""sadness"", ""intensity"": ""high""}"
Ses05F_script03_2_F032,both,neutral,none,"{""emotion"": ""neutral"", ""intensity"": ""none""}"
Ses05F_script03_2_F035,both,anger,high,"{""emotion"": ""anger"", ""intensity"": ""high""}"
Ses05F_script03_2_F036,both,anger,high,"{""emotion"": ""anger"", ""intensity"": ""high""}"
Ses05F_script03_2_F037,both,anger,high,"{""emotion"": ""anger"", ""intensity"": ""high""}"
Ses05F_script03_2_F038,both,anger,high,"{""emotion"": ""anger"", ""intensity"": ""high""}"
Ses05F_script03_2_F040,both,anger,high,"{""emotion"": ""anger"", ""intensity"": ""high""}"
Ses05F_script03_2_M013,both,anger,high,"{""emotion"": ""anger"", ""intensity"": ""high""}"
Ses05F_script03_2_M014,both,anger,high,"{""emotion"": ""anger"", ""intensity"": ""high""}"
Ses05F_script03_2_M019,both,anger,low,"{""emotion"": ""anger"", ""intensity"": ""moderate""}"
Ses05F_script03_2_M025,both,anger,low,"{""emotion"": ""anger"", ""intensity"": ""low""}"
Ses05F_script03_2_M037,both,anger,high,"{""emotion"": ""anger"", ""intensity"": ""high""}"
Ses05F_script03_2_M038,both,anger,high,"{""emotion"": ""anger"", ""intensity"": ""high""}"
Ses05F_script03_2_M039,both,anger,high,"{""emotion"": ""anger"", ""intensity"": ""high""}"
Ses05F_script03_2_M040,both,anger,high,"{""emotion"": ""anger"", ""intensity"": ""high""}"
Ses05F_script03_2_M042,both,anger,high,"{""emotion"": ""anger"", ""intensity"": ""high""}"
Ses05F_script03_2_M043,both,anger,high,"{""emotion"": ""anger"", ""intensity"": ""high""}"
Ses05M_impro01_F003,both,sadness,high,"{""emotion"": ""sadness"", ""intensity"": ""high""}"
Ses05M_impro01_F006,both,anger,high,"{""emotion"": ""anger"", ""intensity"": ""high""}"
Ses05M_impro01_F021,both,anger,high,"{""emotion"": ""anger"", ""intensity"": ""high""}"
Ses05M_impro01_F023,both,sadness,low,"{""emotion"": ""sadness"", ""intensity"": ""low""}"
Ses05M_impro02_F023,both,sadness,high,"{""emotion"": ""sadness"", ""intensity"": ""high""}"
Ses05M_impro02_M007,both,sadness,high,"{""emotion"": ""sadness"", ""intensity"": ""high""}"
Ses05M_impro02_M013,both,sadness,high,"{""emotion"": ""sadness"", ""intensity"": ""high""}"
Ses05M_impro02_M023,both,anger,high,"{""emotion"": ""anger"", ""intensity"": ""high""}"
Ses05M_impro02_M028,both,happiness,high,"{""emotion"": ""happiness"", ""intensity"": ""high""}"
Ses05M_impro03_F002,both,sadness,high,"{""emotion"": ""sadness"", ""intensity"": ""high""}"
Ses05M_impro03_F004,both,neutral,none,"{""emotion"": ""neutral"", ""intensity"": ""none""}"
Ses05M_impro03_F005,both,happiness,high,"{""emotion"": ""happiness"", ""intensity"": ""high""}"
Ses05M_impro03_F019,both,happiness,high,"{""emotion"": ""happiness"", ""intensity"": ""high""}"
Ses05M_impro03_F022,both,neutral,none,"{""emotion"": ""neutral"", ""intensity"": ""none""}"
Ses05M_impro03_M001,both,happiness,low,"{""emotion"": ""happiness"", ""intensity"": ""low""}"
Ses05M_impro03_M002,both,happiness,high,"{""emotion"": ""happiness"", ""intensity"": ""high""}"
Ses05M_impro03_M003,both,happiness,high,"{""emotion"": ""happiness"", ""intensity"": ""high""}"
Ses05M_impro03_M007,both,happiness,low,"{""emotion"": ""happiness"", ""intensity"": ""low""}"
Ses05M_impro03_M023,both,happiness,low,"{""emotion"": ""happiness"", ""intensity"": ""low""}"
Ses05M_impro03_M026,both,happiness,low,"{""emotion"": ""happiness"", ""intensity"": ""low""}"
Ses05M_impro03_M030,both,neutral,none,"{""emotion"": ""neutral"", ""intensity"": ""none""}"
Ses05M_impro03_M031,both,happiness,low,"{""emotion"": ""happiness"", ""intensity"": ""low""}"
Ses05M_impro04_F003,both,neutral,none,"{""emotion"": ""neutral"", ""intensity"": ""none""}"
Ses05M_impro04_F004,both,anger,high,"{""emotion"": ""anger"", ""intensity"": ""high""}"
Ses05M_impro04_F008,both,sadness,low,"{""emotion"": ""sadness"", ""intensity"": ""moderate""}"
Ses05M_impro04_F014,both,anger,low,"{""emotion"": ""anger"", ""intensity"": ""low""}"
Ses05M_impro04_F017,both,sadness,high,"{""emotion"": ""sadness"", ""intensity"": ""high""}"
Ses05M_impro04_F023,both,sadness,high,"{""emotion"": ""sadness"", ""intensity"": ""high""}"
Ses05M_impro04_F027,both,neutral,none,"{""emotion"": ""neutral"", ""intensity"": ""none""}"
Ses05M_impro04_F037,both,sadness,low,"{""emotion"": ""sadness"", ""intensity"": ""low""}"
Ses05M_impro04_M019,both,anger,low,"{""emotion"": ""anger"", ""intensity"": ""low""}"
Ses05M_impro04_M020,both,anger,high,"{""emotion"": ""anger"", ""intensity"": ""high""}"
Ses05M_impro04_M040,both,anger,high,"{""emotion"": ""anger"", ""intensity"": ""high""}"
Ses05M_impro04_M041,both,anger,low,"{""emotion"": ""anger"", ""intensity"": ""low""}"
Ses05M_impro05_F001,both,sadness,low,"{""emotion"": ""sadness"", ""intensity"": ""low""}"
Ses05M_impro05_F004,both,neutral,none,"{""emotion"": ""neutral"", ""intensity"": ""none""}"
Ses05M_impro05_F012,both,neutral,none,"{""emotion"": ""neutral"", ""intensity"": ""none""}"
Ses05M_impro05_F014,both,sadness,high,"{""emotion"": ""sadness"", ""intensity"": ""high""}"
Ses05M_impro05_M004,both,neutral,none,"{""emotion"": ""neutral"", ""intensity"": ""none""}"
Ses05M_impro05_M022,both,happiness,high,"{""emotion"": ""happiness"", ""intensity"": ""high""}"
Ses05M_impro06_F004,both,anger,high,"{""emotion"": ""anger"", ""intensity"": ""high""}"
Ses05M_impro06_M004,both,sadness,high,"{""emotion"": ""sadness"", ""intensity"": ""high""}"
Ses05M_impro06_M009,both,sadness,high,"{""emotion"": ""sadness"", ""intensity"": ""high""}"
Ses05M_impro06_M012,both,neutral,none,"{""emotion"": ""neutral"", ""intensity"": ""none""}"
Ses05M_impro06_M013,both,sadness,high,"{""emotion"": ""sadness"", ""intensity"": ""high""}"
Ses05M_impro06_M014,both,sadness,low,"{""emotion"": ""sadness"", ""intensity"": ""low""}"
Ses05M_impro06_M020,both,happiness,low,"{""emotion"": ""happiness"", ""intensity"": ""low""}"
Ses05M_impro07_F000,both,neutral,none,"{""emotion"": ""neutral"", ""intensity"": ""none""}"
Ses05M_impro07_F011,both,happiness,low,"{""emotion"": ""happiness"", ""intensity"": ""low""}"
Ses05M_impro07_F015,both,happiness,low,"{""emotion"": ""happiness"", ""intensity"": ""low""}"
Ses05M_impro07_F018,both,sadness,low,"{""emotion"": ""sadness"", ""intensity"": ""low""}"
Ses05M_impro07_F022,both,happiness,high,"{""emotion"": ""happiness"", ""intensity"": ""high""}"
Ses05M_impro07_F036,both,happiness,low,"{""emotion"": ""happiness"", ""intensity"": ""low""}"
Ses05M_impro07_F041,both,happiness,high,"{""emotion"": ""happiness"", ""intensity"": ""high""}"
Ses05M_impro07_F044,both,happiness,low,"{""emotion"": ""happiness"", ""intensity"": ""low""}"
Ses05M_impro07_F045,both,happiness,high,"{""emotion"": ""happiness"", ""intensity"": ""high""}"
Ses05M_impro07_M016,both,happiness,high,"{""emotion"": ""happiness"", ""intensity"": ""high""}"
Ses05M_impro07_M020,both,anger,high,"{""emotion"": ""anger"", ""intensity"": ""high""}"
Ses05M_impro07_M025,both,neutral,none,"{""emotion"": ""neutral"", ""intensity"": ""none""}"
Ses05M_impro07_M035,both,sadness,low,"{""emotion"": ""sadness"", ""intensity"": ""low""}"
Ses05M_impro08_F007,both,neutral,none,"{""emotion"": ""neutral"", ""intensity"": ""none""}"
Ses05M_impro08_F008,both,sadness,high,"{""emotion"": ""sadness"", ""intensity"": ""high""}"
Ses05M_impro08_F013,both,sadness,high,"{""emotion"": ""sadness"", ""intensity"": ""high""}"
Ses05M_impro08_F022,both,happiness,low,"{""emotion"": ""happiness"", ""intensity"": ""low""}"
Ses05M_impro08_M002,both,neutral,none,"{""emotion"": ""neutral"", ""intensity"": ""none""}"
Ses05M_impro08_M009,both,neutral,none,"{""emotion"": ""neutral"", ""intensity"": ""none""}"
Ses05M_impro08_M024,both,neutral,none,"{""emotion"": ""neutral"", ""intensity"": ""none""}"
Ses05M_script01_1_F004,both,sadness,low,"{""emotion"": ""sadness"", ""intensity"": ""low""}"
Ses05M_script01_1_F014,both,anger,high,"{""emotion"": ""anger"", ""intensity"": ""high""}"
Ses05M_script01_1_F022,both,sadness,high,"{""emotion"": ""sadness"", ""intensity"": ""high""}"
Ses05M_script01_1_F026,both,anger,high,"{""emotion"": ""anger"", ""intensity"": ""high""}"
Ses05M_script01_1_F032,both,anger,high,"{""emotion"": ""anger"", ""intensity"": ""high""}"
Ses05M_script01_1_F035,both,anger,high,"{""emotion"": ""anger"", ""intensity"": ""high""}"
Ses05M_script01_1_F036,both,anger,low,"{""emotion"": ""anger"", ""intensity"": ""low""}"
Ses05M_script01_1_M011,both,sadness,high,"{""emotion"": ""sadness"", ""intensity"": ""high""}"
Ses05M_script01_1_M020,both,neutral,none,"{""emotion"": ""neutral"", ""intensity"": ""none""}"
Ses05M_script01_1_M033,both,neutral,none,"{""emotion"": ""neutral"", ""intensity"": ""none""}"
Ses05M_script01_1_M035,both,anger,high,"{""emotion"": ""anger"", ""intensity"": ""high""}"
Ses05M_script01_1b_F033,both,sadness,low,"{""emotion"": ""sadness"", ""intensity"": ""low""}"
Ses05M_script01_1b_M001,both,anger,high,"{""emotion"": ""anger"", ""intensity"": ""high""}"
Ses05M_script01_1b_M005,both,sadness,high,"{""emotion"": ""sadness"", ""intensity"": ""high""}"
Ses05M_script01_1b_M020,both,sadness,high,"{""emotion"": ""sadness"", ""intensity"": ""high""}"
Ses05M_script01_1b_M032,both,neutral,none,"{""emotion"": ""neutral"", ""intensity"": ""none""}"
Ses05M_script01_1b_M036,both,sadness,high,"{""emotion"": ""sadness"", ""intensity"": ""high""}"
Ses05M_script01_1b_M040,both,sadness,low,"{""emotion"": ""sadness"", ""intensity"": ""low""}"
Ses05M_script01_2_F005,both,anger,high,"{""emotion"": ""anger"", ""intensity"": ""high""}"
Ses05M_script01_2_M001,both,sadness,high,"{""emotion"": ""sadness"", ""intensity"": ""high""}"
Ses05M_script01_2_M015,both,anger,high,"{""emotion"": ""anger"", ""intensity"": ""high""}"
Ses05M_script01_3_F012,both,sadness,high,"{""emotion"": ""sadness"", ""intensity"": ""high""}"
Ses05M_script01_3_F020,both,sadness,high,"{""emotion"": ""sadness"", ""intensity"": ""high""}"
Ses05M_script01_3_M003,both,sadness,high,"{""emotion"": ""sadness"", ""intensity"": ""high""}"
Ses05M_script01_3_M010,both,sadness,high,"{""emotion"": ""sadness"", ""intensity"": ""high""}"
Ses05M_script01_3_M020,both,neutral,none,"{""emotion"": ""neutral"", ""intensity"": ""none""}"
Ses05M_script01_3_M022,both,sadness,high,"{""emotion"": ""sadness"", ""intensity"": ""high""}"
Ses05M_script01_3_M029,both,sadness,high,"{""emotion"": ""sadness"", ""intensity"": ""high""}"
Ses05M_script01_3_M030,both,sadness,low,"{""emotion"": ""sadness"", ""intensity"": ""low""}"
Ses05M_script01_3_M036,both,sadness,high,"{""emotion"": ""sadness"", ""intensity"": ""high""}"
Ses05M_script01_3_M039,both,neutral,none,"{""emotion"": ""neutral"", ""intensity"": ""none""}"
Ses05M_script02_1_F016,both,sadness,high,"{""emotion"": ""sadness"", ""intensity"": ""high""}"
Ses05M_script02_1_M010,both,anger,high,"{""emotion"": ""anger"", ""intensity"": ""high""}"
Ses05M_script02_1_M021,both,happiness,low,"{""emotion"": ""happiness"", ""intensity"": ""moderate""}"
Ses05M_script02_1_M031,both,anger,high,"{""emotion"": ""anger"", ""intensity"": ""high""}"
Ses05M_script02_2_F000,both,sadness,high,"{""emotion"": ""sadness"", ""intensity"": ""high""}"
Ses05M_script02_2_F009,both,sadness,low,"{""emotion"": ""sadness"", ""intensity"": ""low""}"
Ses05M_script02_2_F014,both,sadness,high,"{""emotion"": ""sadness"", ""intensity"": ""high""}"
Ses05M_script02_2_F015,both,happiness,low,"{""emotion"": ""happiness"", ""intensity"": ""low""}"
Ses05M_script02_2_F027,both,sadness,low,"{""emotion"": ""sadness"", ""intensity"": ""moderate""}"
Ses05M_script02_2_F032,both,sadness,low,"{""emotion"": ""sadness"", ""intensity"": ""low""}"
Ses05M_script02_2_F038,both,sadness,low,"{""emotion"": ""sadness"", ""intensity"": ""low""}"
Ses05M_script02_2_M016,both,neutral,none,"{""emotion"": ""neutral"", ""intensity"": ""none""}"
Ses05M_script02_2_M026,both,anger,high,"{""emotion"": ""anger"", ""intensity"": ""high""}"
Ses05M_script03_1_F001,both,neutral,none,"{""emotion"": ""neutral"", ""intensity"": ""none""}"
Ses05M_script03_1_F012,both,sadness,high,"{""emotion"": ""sadness"", ""intensity"": ""high""}"
Ses05M_script03_1_F024,both,anger,high,"{""emotion"": ""anger"", ""intensity"": ""high""}"
Ses05M_script03_1_M004,both,neutral,none,"{""emotion"": ""neutral"", ""intensity"": ""none""}"
Ses05M_script03_1_M022,both,sadness,high,"{""emotion"": ""sadness"", ""intensity"": ""high""}"
Ses05M_script03_1_M029,both,anger,high,"{""emotion"": ""anger"", ""intensity"": ""high""}"
Ses05M_script03_2_F001,both,neutral,none,"{""emotion"": ""neutral"", ""intensity"": ""none""}"
Ses05M_script03_2_F009,both,neutral,none,"{""emotion"": ""neutral"", ""intensity"": ""none""}"
Ses05M_script03_2_F012,both,sadness,high,"{""emotion"": ""sadness"", ""intensity"": ""high""}"
Ses05M_script03_2_F017,both,sadness,low,"{""emotion"": ""sadness"", ""intensity"": ""moderate""}"
Ses05M_script03_2_F028,both,anger,high,"{""emotion"": ""anger"", ""intensity"": ""high""}"
Ses05M_script03_2_F034,both,anger,high,"{""emotion"": ""anger"", ""intensity"": ""high""}"
Ses05M_script03_2_F036,both,anger,high,"{""emotion"": ""anger"", ""intensity"": ""high""}"
Ses05M_script03_2_F039,both,anger,high,"{""emotion"": ""anger"", ""intensity"": ""high""}"
Ses05M_script03_2_F043,both,anger,high,"{""emotion"": ""anger"", ""intensity"": ""high""}"
Ses05M_script03_2_M008,both,happiness,high,"{""emotion"": ""happiness"", ""intensity"": ""high""}"
Ses05M_script03_2_M009,both,neutral,none,"{""emotion"": ""neutral"", ""intensity"": ""none""}"
Ses05M_script03_2_M015,both,neutral,none,"{""emotion"": ""neutral"", ""intensity"": ""none""}"
Ses05M_script03_2_M024,both,sadness,high,"{""emotion"": ""sadness"", ""intensity"": ""high""}"
Ses05M_script03_2_M026,both,sadness,high,"{""emotion"": ""sadness"", ""intensity"": ""high""}"
Ses05M_script03_2_M027,both,neutral,none,"{""emotion"": ""neutral"", ""intensity"": ""none""}"
Ses05M_script03_2_M028,both,neutral,none,"{""emotion"": ""neutral"", ""intensity"": ""none""}"
Ses05M_script03_2_M030,both,anger,high,"{""emotion"": ""anger"", ""intensity"": ""high""}"
Ses05M_script03_2_M035,both,sadness,high,"{""emotion"": ""sadness"", ""intensity"": ""high""}"
Ses05M_script03_2_M038,both,anger,high,"{""emotion"": ""anger"", ""intensity"": ""high""}"
Ses05M_script03_2_M039,both,happiness,low,"{""emotion"": ""happiness"", ""intensity"": ""low""}"
Ses05M_script03_2_M041,both,anger,high,"{""emotion"": ""anger"", ""intensity"": ""high""}"
Ses05M_script03_2_M044,both,anger,high,"{""emotion"": ""anger"", ""intensity"": ""high""}"
Ses01F_impro01_F012,words_only,anger,high,"{""emotion"": ""anger"", ""intensity"": ""high""}"
Ses01F_impro02_F001,words_only,neutral,none,"{""emotion"": ""neutral"", ""intensity"": ""none""}"
Ses01F_impro02_F002,words_only,neutral,none,"{""emotion"": ""neutral"", ""intensity"": ""none""}"
Ses01F_impro02_F004,words_only,neutral,none,"{""emotion"": ""neutral"", ""intensity"": ""none""}"
Ses01F_impro02_F006,words_only,neutral,none,"{""emotion"": ""neutral"", ""intensity"": ""none""}"
Ses01F_impro02_F008,words_only,sadness,low,"{""emotion"": ""sadness"", ""intensity"": ""low""}"
Ses01F_impro02_F010,words_only,sadness,low,"{""emotion"": ""sadness"", ""intensity"": ""low""}"
Ses01F_impro02_F012,words_only,neutral,none,"{""emotion"": ""neutral"", ""intensity"": ""none""}"
Ses01F_impro02_F017,words_only,neutral,none,"{""emotion"": ""neutral"", ""intensity"": ""none""}"
Ses01F_impro02_M010,words_only,neutral,none,"{""emotion"": ""neutral"", ""intensity"": ""none""}"
Ses01F_impro02_M011,words_only,neutral,none,"{""emotion"": ""neutral"", ""intensity"": ""none""}"
Ses01F_impro02_M012,words_only,neutral,none,"{""emotion"": ""neutral"", ""intensity"": ""none""}"
Ses01F_impro02_M013,words_only,sadness,high,"{""emotion"": ""sadness"", ""intensity"": ""high""}"
Ses01F_impro02_M014,words_only,sadness,high,"{""emotion"": ""sadness"", ""intensity"": ""high""}"
Ses01F_impro02_M015,words_only,neutral,none,"{""emotion"": ""neutral"", ""intensity"": ""none""}"
Ses01F_impro03_F004,words_only,happiness,low,"{""emotion"": ""happiness"", ""intensity"": ""low""}"
Ses01F_impro03_F005,words_only,neutral,none,"{""emotion"": ""neutral"", ""intensity"": ""none""}"
Ses01F_impro03_F009,words_only,happiness,high,"{""emotion"": ""happiness"", ""intensity"": ""high""}"
Ses01F_impro03_F012,words_only,happiness,low,"{""emotion"": ""happiness"", ""intensity"": ""low""}"
Ses01F_impro03_F013,words_only,neutral,none,"{""emotion"": ""neutral"", ""intensity"": ""none""}"
Ses01F_impro03_F018,words_only,neutral,none,"{""emotion"": ""neutral"", ""intensity"": ""none""}"
Ses01F_impro03_M013,words_only,neutral,none,"{""emotion"": ""neutral"", ""intensity"": ""none""}"
Ses01F_impro03_M014,words_only,neutral,none,"{""emotion"": ""neutral"", ""intensity"": ""none""}"
Ses01F_impro03_M022,words_only,happiness,high,"{""emotion"": ""happiness"", ""intensity"": ""high""}"
Ses01F_impro04_F033,words_only,anger,high,"{""emotion"": ""anger"", ""intensity"": ""high""}"
Ses01F_impro04_M007,words_only,neutral,none,"{""emotion"": ""neutral"", ""intensity"": ""none""}"
Ses01F_impro04_M010,words_only,neutral,none,"{""emotion"": ""neutral"", ""intensity"": ""none""}"
Ses01F_impro04_M025,words_only,neutral,none,"{""emotion"": ""neutral"", ""intensity"": ""none""}"
Ses01F_impro04_M031,words_only,sadness,high,"{""emotion"": ""sadness"", ""intensity"": ""high""}"
Ses01F_impro05_F015,words_only,anger,high,"{""emotion"": ""anger"", ""intensity"": ""high""}"
Ses01F_impro05_F016,words_only,happiness,high,"{""emotion"": ""happiness"", ""intensity"": ""high""}"
Ses01F_impro05_F021,words_only,anger,high,"{""emotion"": ""anger"", ""intensity"": ""high""}"
Ses01F_impro05_F025,words_only,anger,high,"{""emotion"": ""anger"", ""intensity"": ""high""}"
Ses01F_impro05_F026,words_only,neutral,none,"{""emotion"": ""neutral"", ""intensity"": ""none""}"
Ses01F_impro05_F029,words_only,anger,low,"{""emotion"": ""anger"", ""intensity"": ""low""}"
Ses01F_impro05_F030,words_only,anger,low,"{""emotion"": ""anger"", ""intensity"": ""low""}"
Ses01F_impro05_M001,words_only,neutral,none,"{""emotion"": ""neutral"", ""intensity"": ""none""}"
Ses01F_impro05_M003,words_only,neutral,none,"{""emotion"": ""neutral"", ""intensity"": ""none""}"
Ses01F_impro05_M004,words_only,neutral,none,"{""emotion"": ""neutral"", ""intensity"": ""none""}"
Ses01F_impro05_M005,words_only,neutral,none,"{""emotion"": ""neutral"", ""intensity"": ""none""}"
Ses01F_impro05_M009,words_only,neutral,none,"{""emotion"": ""neutral"", ""intensity"": ""none""}"
Ses01F_impro05_M013,words_only,neutral,none,"{""emotion"": ""neutral"", ""intensity"": ""none""}"
Ses01F_impro05_M015,words_only,neutral,none,"{""emotion"": ""neutral"", ""intensity"": ""none""}"
Ses01F_impro05_M020,words_only,neutral,none,"{""emotion"": ""neutral"", ""intensity"": ""none""}"
Ses01F_impro05_M022,words_only,anger,low,"{""emotion"": ""anger"", ""intensity"": ""low""}"
Ses01F_impro05_M035,words_only,neutral,none,"{""emotion"": ""neutral"", ""intensity"": ""none""}"
Ses01F_impro06_F004,words_only,neutral,none,"{""emotion"": ""neutral"", ""intensity"": ""none""}"
Ses01F_impro06_F006,words_only,sadness,high,"{""emotion"": ""sadness"", ""intensity"": ""high""}"
Ses01F_impro06_F008,words_only,neutral,none,"{""emotion"": ""neutral"", ""intensity"": ""none""}"
Ses01F_impro06_F010,words_only,anger,high,"{""emotion"": ""anger"", ""intensity"": ""high""}"
Ses01F_impro06_F013,words_only,neutral,none,"{""emotion"": ""neutral"", ""intensity"": ""none""}"
Ses01F_impro06_F020,words_only,sadness,high,"{""emotion"": ""sadness"", ""intensity"": ""high""}"
Ses01F_impro06_F021,words_only,neutral,none,"{""emotion"": ""neutral"", ""intensity"": ""none""}"
Ses01F_impro06_F022,words_only,neutral,none,"{""emotion"": ""neutral"", ""intensity"": ""none""}"
Ses01F_impro06_F023,words_only,neutral,none,"{""emotion"": ""neutral"", ""intensity"": ""none""}"
Ses01F_impro06_F024,words_only,sadness,high,"{""emotion"": ""sadness"", ""intensity"": ""high""}"
Ses01F_impro06_F027,words_only,neutral,none,"{""emotion"": ""neutral"", ""intensity"": ""none""}"
Ses01F_impro06_F028,words_only,sadness,high,"{""emotion"": ""sadness"", ""intensity"": ""high""}"
Ses01F_impro06_M006,words_only,neutral,none,"{""emotion"": ""neutral"", ""intensity"": ""none""}"
Ses01F_impro07_F003,words_only,neutral,none,"{""emotion"": ""neutral"", ""intensity"": ""none""}"
Ses01F_impro07_F009,words_only,neutral,none,"{""emotion"": ""neutral"", ""intensity"": ""none""}"
Ses01F_impro07_F010,words_only,neutral,none,"{""emotion"": ""neutral"", ""intensity"": ""none""}"
Ses01F_impro07_F013,words_only,neutral,none,"{""emotion"": ""neutral"", ""intensity"": ""none""}"
Ses01F_impro07_M001,words_only,happiness,high,"{""emotion"": ""happiness"", ""intensity"": ""high""}"
Ses01F_impro07_M002,words_only,neutral,none,"{""emotion"": ""neutral"", ""intensity"": ""none""}"
Ses01F_impro07_M008,words_only,neutral,none,"{""emotion"": ""neutral"", ""intensity"": ""none""}"
Ses01F_script01_1_F034,words_only,neutral,none,"{""emotion"": ""neutral"", ""intensity"": ""none""}"
Ses01F_script01_1_F035,words_only,anger,high,"{""emotion"": ""anger"", ""intensity"": ""high""}"
Ses01F_script01_1_F038,words_only,neutral,none,"{""emotion"": ""neutral"", ""intensity"": ""none""}"
Ses01F_script01_1_F041,words_only,anger,high,"{""emotion"": ""anger"", ""intensity"": ""high""}"
Ses01F_script01_1_F042,words_only,neutral,none,"{""emotion"": ""neutral"", ""intensity"": ""none""}"
Ses01F_script01_1_M000,words_only,neutral,none,"{""emotion"": ""neutral"", ""intensity"": ""none""}"
Ses01F_script01_1_M010,words_only,neutral,none,"{""emotion"": ""neutral"", ""intensity"": ""none""}"
Ses01F_script01_1_M040,words_only,neutral,none,"{""emotion"": ""neutral"", ""intensity"": ""none""}"
Ses01F_script01_2_F006,words_only,anger,high,"{""emotion"": ""anger"", ""intensity"": ""high""}"
Ses01F_script01_2_F008,words_only,happiness,high,"{""emotion"": ""happiness"", ""intensity"": ""high""}"
Ses01F_script01_3_F001,words_only,happiness,low,"{""emotion"": ""happiness"", ""intensity"": ""low""}"
Ses01F_script01_3_F004,words_only,neutral,none,"{""emotion"": ""neutral"", ""intensity"": ""none""}"
Ses01F_script01_3_F011,words_only,happiness,high,"{""emotion"": ""happiness"", ""intensity"": ""high""}"
Ses01F_script01_3_F014,words_only,neutral,none,"{""emotion"": ""neutral"", ""intensity"": ""none""}"
Ses01F_script01_3_F015,words_only,sadness,low,"{""emotion"": ""sadness"", ""intensity"": ""low""}"
Ses01F_script01_3_F019,words_only,neutral,none,"{""emotion"": ""neutral"", ""intensity"": ""none""}"
Ses01F_script01_3_F028,words_only,neutral,none,"{""emotion"": ""neutral"", ""intensity"": ""none""}"
Ses01F_script01_3_F030,words_only,sadness,low,"{""emotion"": ""sadness"", ""intensity"": ""low""}"
Ses01F_script01_3_M001,words_only,neutral,none,"{""emotion"": ""neutral"", ""intensity"": ""none""}"
Ses01F_script01_3_M005,words_only,neutral,none,"{""emotion"": ""neutral"", ""intensity"": ""none""}"
Ses01F_script01_3_M010,words_only,sadness,high,"{""emotion"": ""sadness"", ""intensity"": ""high""}"
Ses01F_script01_3_M017,words_only,happiness,low,"{""emotion"": ""happiness"", ""intensity"": ""low""}"
Ses01F_script01_3_M023,words_only,neutral,none,"{""emotion"": ""neutral"", ""intensity"": ""none""}"
Ses01F_script01_3_M027,words_only,neutral,none,"{""emotion"": ""neutral"", ""intensity"": ""none""}"
Ses01F_script01_3_M037,words_only,neutral,none,"{""emotion"": ""neutral"", ""intensity"": ""none""}"
Ses01F_script02_1_M009,words_only,neutral,none,"{""emotion"": ""neutral"", ""intensity"": ""none""}"
Ses01F_script02_1_M010,words_only,anger,high,"{""emotion"": ""anger"", ""intensity"": ""high""}"
Ses01F_script02_1_M011,words_only,neutral,none,"{""emotion"": ""neutral"", ""intensity"": ""none""}"
Ses01F_script02_1_M015,words_only,neutral,none,"{""emotion"": ""neutral"", ""intensity"": ""none""}"
Ses01F_script02_2_F000,words_only,neutral,none,"{""emotion"": ""neutral"", ""intensity"": ""none""}"
Ses01F_script02_2_F010,words_only,neutral,none,"{""emotion"": ""neutral"", ""intensity"": ""none""}"
Ses01F_script02_2_F016,words_only,anger,high,"{""emotion"": ""anger"", ""intensity"": ""high""}"
Ses01F_script02_2_F017,words_only,neutral,none,"{""emotion"": ""neutral"", ""intensity"": ""none""}"
Ses01F_script02_2_F019,words_only,happiness,high,"{""emotion"": ""happiness"", ""intensity"": ""high""}"
Ses01F_script02_2_F022,words_only,sadness,low,"{""emotion"": ""sadness"", ""intensity"": ""low""}"
Ses01F_script02_2_F026,words_only,neutral,none,"{""emotion"": ""neutral"", ""intensity"": ""none""}"
Ses01F_script02_2_F034,words_only,neutral,none,"{""emotion"": ""neutral"", ""intensity"": ""none""}"
Ses01F_script02_2_F035,words_only,sadness,high,"{""emotion"": ""sadness"", ""intensity"": ""high""}"
Ses01F_script02_2_F036,words_only,neutral,none,"{""emotion"": ""neutral"", ""intensity"": ""none""}"
Ses01F_script02_2_F041,words_only,happiness,low,"{""emotion"": ""happiness"", ""intensity"": ""low""}"
Ses01F_script02_2_F047,words_only,neutral,none,"{""emotion"": ""neutral"", ""intensity"": ""none""}"
Ses01F_script02_2_M001,words_only,neutral,none,"{""emotion"": ""neutral"", ""intensity"": ""none""}"
Ses01F_script02_2_M006,words_only,neutral,none,"{""emotion"": ""neutral"", ""intensity"": ""none""}"
Ses01F_script02_2_M021,words_only,neutral,none,"{""emotion"": ""neutral"", ""intensity"": ""none""}"
Ses01F_script02_2_M024,words_only,neutral,none,"{""emotion"": ""neutral"", ""intensity"": ""none""}"
Ses01F_script02_2_M026,words_only,neutral,none,"{""emotion"": ""neutral"", ""intensity"": ""none""}"
Ses01F_script02_2_M047,words_only,neutral,none,"{""emotion"": ""neutral"", ""intensity"": ""none""}"
Ses01F_script03_1_F007,words_only,neutral,none,"{""emotion"": ""neutral"", ""intensity"": ""none""}"
Ses01F_script03_1_F029,words_only,anger,high,"{""emotion"": ""anger"", ""intensity"": ""high""}"
Ses01F_script03_1_M013,words_only,neutral,none,"{""emotion"": ""neutral"", ""intensity"": ""none""}"
Ses01F_script03_1_M026,words_only,neutral,none,"{""emotion"": ""neutral"", ""intensity"": ""none""}"
Ses01F_script03_1_M037,words_only,sadness,low,"{""emotion"": ""sadness"", ""intensity"": ""low""}"
Ses01F_script03_2_F000,words_only,neutral,none,"{""emotion"": ""neutral"", ""intensity"": ""none""}"
Ses01F_script03_2_F002,words_only,sadness,low,"{""emotion"": ""sadness"", ""intensity"": ""low""}"
Ses01F_script03_2_F015,words_only,happiness,low,"{""emotion"": ""happiness"", ""intensity"": ""low""}"
Ses01F_script03_2_F016,words_only,neutral,none,"{""emotion"": ""neutral"", ""intensity"": ""none""}"
Ses01F_script03_2_F017,words_only,neutral,none,"{""emotion"": ""neutral"", ""intensity"": ""none""}"
Ses01F_script03_2_F027,words_only,anger,high,"{""emotion"": ""anger"", ""intensity"": ""high""}"
Ses01F_script03_2_F029,words_only,anger,low,"{""emotion"": ""anger"", ""intensity"": ""low""}"
Ses01F_script03_2_F030,words_only,neutral,none,"{""emotion"": ""neutral"", ""intensity"": ""none""}"
Ses01F_script03_2_F034,words_only,anger,high,"{""emotion"": ""anger"", ""intensity"": ""high""}"
Ses01F_script03_2_F037,words_only,anger,high,"{""emotion"": ""anger"", ""intensity"": ""high""}"
Ses01F_script03_2_F039,words_only,neutral,none,"{""emotion"": ""neutral"", ""intensity"": ""none""}"
Ses01F_script03_2_M014,words_only,anger,low,"{""emotion"": ""anger"", ""intensity"": ""low""}"
Ses01F_script03_2_M016,words_only,neutral,none,"{""emotion"": ""neutral"", ""intensity"": ""none""}"
Ses01F_script03_2_M019,words_only,neutral,none,"{""emotion"": ""neutral"", ""intensity"": ""none""}"
Ses01F_script03_2_M021,words_only,anger,high,"{""emotion"": ""anger"", ""intensity"": ""high""}"
Ses01F_script03_2_M023,words_only,neutral,none,"{""emotion"": ""neutral"", ""intensity"": ""none""}"
Ses01F_script03_2_M025,words_only,neutral,none,"{""emotion"": ""neutral"", ""intensity"": ""none""}"
Ses01F_script03_2_M027,words_only,neutral,none,"{""emotion"": ""neutral"", ""intensity"": ""none""}"
Ses01F_script03_2_M032,words_only,anger,high,"{""emotion"": ""anger"", ""intensity"": ""high""}"
Ses01F_script03_2_M033,words_only,anger,high,"{""emotion"": ""anger"", ""intensity"": ""high""}"
Ses01F_script03_2_M035,words_only,neutral,none,"{""emotion"": ""neutral"", ""intensity"": ""none""}"
Ses01F_script03_2_M036,words_only,happiness,low,"{""emotion"": ""happiness"", ""intensity"": ""low""}"
Ses01F_script03_2_M037,words_only,anger,high,"{""emotion"": ""anger"", ""intensity"": ""high""}"
Ses01F_script03_2_M038,words_only,anger,high,"{""emotion"": ""anger"", ""intensity"": ""high""}"
Ses01F_script03_2_M039,words_only,neutral,none,"{""emotion"": ""neutral"", ""intensity"": ""none""}"
Ses01M_impro01_F008,words_only,anger,low,"{""emotion"": ""anger"", ""intensity"": ""low""}"
Ses01M_impro01_M010,words_only,neutral,none,"{""emotion"": ""neutral"", ""intensity"": ""none""}"
Ses01M_impro01_M025,words_only,anger,high,"{""emotion"": ""anger"", ""intensity"": ""high""}"
Ses01M_impro01_M030,words_only,neutral,none,"{""emotion"": ""neutral"", ""intensity"": ""none""}"
Ses01M_impro01_M031,words_only,anger,high,"{""emotion"": ""anger"", ""intensity"": ""high""}"
Ses01M_impro02_F013,words_only,neutral,none,"{""emotion"": ""neutral"", ""intensity"": ""none""}"
Ses01M_impro02_F015,words_only,neutral,none,"{""emotion"": ""neutral"", ""intensity"": ""none""}"
Ses01M_impro02_F017,words_only,neutral,none,"{""emotion"": ""neutral"", ""intensity"": ""none""}"
Ses01M_impro02_M000,words_only,neutral,none,"{""emotion"": ""neutral"", ""intensity"": ""none""}"
Ses01M_impro02_M001,words_only,neutral,none,"{""emotion"": ""neutral"", ""intensity"": ""none""}"
Ses01M_impro02_M003,words_only,neutral,none,"{""emotion"": ""neutral"", ""intensity"": ""none""}"
Ses01M_impro02_M007,words_only,sadness,low,"{""emotion"": ""sadness"", ""intensity"": ""low""}"
Ses01M_impro02_M009,words_only,neutral,none,"{""emotion"": ""neutral"", ""intensity"": ""none""}"
Ses01M_impro02_M012,words_only,neutral,none,"{""emotion"": ""neutral"", ""intensity"": ""none""}"
Ses01M_impro02_M013,words_only,neutral,none,"{""emotion"": ""neutral"", ""intensity"": ""none""}"
Ses01M_impro02_M015,words_only,happiness,low,"{""emotion"": ""happiness"", ""intensity"": ""low""}"
Ses01M_impro02_M017,words_only,happiness,low,"{""emotion"": ""happiness"", ""intensity"": ""low""}"
Ses01M_impro02_M019,words_only,neutral,none,"{""emotion"": ""neutral"", ""intensity"": ""none""}"
Ses01M_impro02_M020,words_only,neutral,none,"{""emotion"": ""neutral"", ""intensity"": ""none""}"
Ses01M_impro02_M022,words_only,neutral,none,"{""emotion"": ""neutral"", ""intensity"": ""none""}"
Ses01M_impro03_F003,words_only,neutral,none,"{""emotion"": ""neutral"", ""intensity"": ""none""}"
Ses01M_impro03_F006,words_only,happiness,high,"{""emotion"": ""happiness"", ""intensity"": ""high""}"
Ses01M_impro03_F007,words_only,anger,high,"{""emotion"": ""anger"", ""intensity"": ""high""}"
Ses01M_impro03_F009,words_only,neutral,none,"{""emotion"": ""neutral"", ""intensity"": ""none""}"
Ses01M_impro03_F010,words_only,happiness,low,"{""emotion"": ""happiness"", ""intensity"": ""low""}"
Ses01M_impro03_F013,words_only,neutral,none,"{""emotion"": ""neutral"", ""intensity"": ""none""}"
Ses01M_impro03_F016,words_only,neutral,none,"{""emotion"": ""neutral"", ""intensity"": ""none""}"
Ses01M_impro03_F018,words_only,neutral,none,"{""emotion"": ""neutral"", ""intensity"": ""none""}"
Ses01M_impro03_F023,words_only,happiness,high,"{""emotion"": ""happiness"", ""intensity"": ""high""}"
Ses01M_impro03_F026,words_only,neutral,none,"{""emotion"": ""neutral"", ""intensity"": ""none""}"
Ses01M_impro03_M003,words_only,neutral,none,"{""emotion"": ""neutral"", ""intensity"": ""none""}"
Ses01M_impro03_M007,words_only,neutral,none,"{""emotion"": ""neutral"", ""intensity"": ""none""}"
Ses01M_impro03_M010,words_only,happiness,low,"{""emotion"": ""happiness"", ""intensity"": ""low""}"
Ses01M_impro03_M024,words_only,neutral,none,"{""emotion"": ""neutral"", ""intensity"": ""none""}"
Ses01M_impro04_F000,words_only,sadness,low,"{""emotion"": ""sadness"", ""intensity"": ""low""}"
Ses01M_impro04_F003,words_only,neutral,none,"{""emotion"": ""neutral"", ""intensity"": ""none""}"
Ses01M_impro04_F010,words_only,neutral,none,"{""emotion"": ""neutral"", ""intensity"": ""none""}"
Ses01M_impro04_F015,words_only,anger,low,"{""emotion"": ""anger"", ""intensity"": ""low""}"
Ses01M_impro04_F021,words_only,anger,high,"{""emotion"": ""anger"", ""intensity"": ""high""}"
Ses01M_impro04_M018,words_only,anger,high,"{""emotion"": ""anger"", ""intensity"": ""high""}"
Ses01M_impro05_F001,words_only,neutral,none,"{""emotion"": ""neutral"", ""intensity"": ""none""}"
Ses01M_impro05_F002,words_only,neutral,none,"{""emotion"": ""neutral"", ""intensity"": ""none""}"
Ses01M_impro05_F007,words_only,anger,low,"{""emotion"": ""anger"", ""intensity"": ""low""}"
Ses01M_impro05_F011,words_only,neutral,none,"{""emotion"": ""neutral"", ""intensity"": ""none""}"
Ses01M_impro05_F012,words_only,neutral,none,"{""emotion"": ""neutral"", ""intensity"": ""none""}"
Ses01M_impro05_F015,words_only,neutral,none,"{""emotion"": ""neutral"", ""intensity"": ""none""}"
Ses01M_impro05_F017,words_only,sadness,low,"{""emotion"": ""sadness"", ""intensity"": ""low""}"
Ses01M_impro05_F025,words_only,neutral,none,"{""emotion"": ""neutral"", ""intensity"": ""none""}"
Ses01M_impro05_F027,words_only,neutral,none,"{""emotion"": ""neutral"", ""intensity"": ""none""}"
Ses01M_impro05_F034,words_only,anger,high,"{""emotion"": ""anger"", ""intensity"": ""high""}"
Ses01M_impro05_M005,words_only,anger,high,"{""emotion"": ""anger"", ""intensity"": ""high""}"
Ses01M_impro05_M006,words_only,anger,high,"{""emotion"": ""anger"", ""intensity"": ""high""}"
Ses01M_impro05_M008,words_only,neutral,none,"{""emotion"": ""neutral"", ""intensity"": ""none""}"
Ses01M_impro05_M021,words_only,anger,low,"{""emotion"": ""anger"", ""intensity"": ""low""}"
Ses01M_impro05_M022,words_only,neutral,none,"{""emotion"": ""neutral"", ""intensity"": ""none""}"
Ses01M_impro05_M023,words_only,sadness,high,"{""emotion"": ""sadness"", ""intensity"": ""high""}"
Ses01M_impro06_F000,words_only,neutral,none,"{""emotion"": ""neutral"", ""intensity"": ""none""}"
Ses01M_impro06_F003,words_only,sadness,low,"{""emotion"": ""sadness"", ""intensity"": ""low""}"
Ses01M_impro06_F005,words_only,sadness,low,"{""emotion"": ""sadness"", ""intensity"": ""low""}"
Ses01M_impro06_F008,words_only,neutral,none,"{""emotion"": ""neutral"", ""intensity"": ""none""}"
Ses01M_impro06_F009,words_only,neutral,none,"{""emotion"": ""neutral"", ""intensity"": ""none""}"
Ses01M_impro06_F015,words_only,neutral,none,"{""emotion"": ""neutral"", ""intensity"": ""none""}"
Ses01M_impro06_M000,words_only,neutral,none,"{""emotion"": ""neutral"", ""intensity"": ""none""}"
Ses01M_impro06_M012,words_only,neutral,none,"{""emotion"": ""neutral"", ""intensity"": ""none""}"
Ses01M_impro06_M014,words_only,neutral,none,"{""emotion"": ""neutral"", ""intensity"": ""none""}"
Ses01M_impro06_M016,words_only,neutral,none,"{""emotion"": ""neutral"", ""intensity"": ""none""}"
Ses01M_impro06_M022,words_only,happiness,low,"{""emotion"": ""happiness"", ""intensity"": ""low""}"
Ses01M_impro06_M023,words_only,sadness,low,"{""emotion"": ""sadness"", ""intensity"": ""low""}"
Ses01M_impro06_M024,words_only,sadness,low,"{""emotion"": ""sadness"", ""intensity"": ""low""}"
Ses01M_impro06_M026,words_only,sadness,low,"{""emotion"": ""sadness"", ""intensity"": ""low""}"
Ses01M_impro06_M027,words_only,neutral,none,"{""emotion"": ""neutral"", ""intensity"": ""none""}"
Ses01M_impro06_M029,words_only,neutral,none,"{""emotion"": ""neutral"", ""intensity"": ""none""}"
Ses01M_impro07_F003,words_only,neutral,none,"{""emotion"": ""neutral"", ""intensity"": ""none""}"
Ses01M_impro07_F005,words_only,happiness,high,"{""emotion"": ""happiness"", ""intensity"": ""high""}"
Ses01M_impro07_F021,words_only,neutral,none,"{""emotion"": ""neutral"", ""intensity"": ""none""}"
Ses01M_impro07_M000,words_only,neutral,none,"{""emotion"": ""neutral"", ""intensity"": ""none""}"
Ses01M_impro07_M003,words_only,neutral,none,"{""emotion"": ""neutral"", ""intensity"": ""none""}"
Ses01M_impro07_M008,words_only,neutral,none,"{""emotion"": ""neutral"", ""intensity"": ""none""}"
Ses01M_impro07_M011,words_only,neutral,none,"{""emotion"": ""neutral"", ""intensity"": ""none""}"
Ses01M_impro07_M017,words_only,neutral,none,"{""emotion"": ""neutral"", ""intensity"": ""none""}"
Ses01M_impro07_M019,words_only,neutral,none,"{""emotion"": ""neutral"", ""intensity"": ""none""}"
Ses01M_impro07_M020,words_only,neutral,none,"{""emotion"": ""neutral"", ""intensity"": ""none""}"
Ses01M_impro07_M032,words_only,happiness,low,"{""emotion"": ""happiness"", ""intensity"": ""low""}"
Ses01M_script01_1_F004,words_only,neutral,none,"{""emotion"": ""neutral"", ""intensity"": ""none""}"
Ses01M_script01_1_F025,words_only,neutral,none,"{""emotion"": ""neutral"", ""intensity"": ""none""}"
Ses01M_script01_1_F032,words_only,anger,high,"{""emotion"": ""anger"", ""intensity"": ""high""}"
Ses01M_script01_1_F042,words_only,neutral,none,"{""emotion"": ""neutral"", ""intensity"": ""none""}"
Ses01M_script01_1_M004,words_only,neutral,none,"{""emotion"": ""neutral"", ""intensity"": ""none""}"
Ses01M_script01_1_M005,words_only,sadness,low,"{""emotion"": ""sadness"", ""intensity"": ""low""}"
Ses01M_script01_1_M021,words_only,neutral,none,"{""emotion"": ""neutral"", ""intensity"": ""none""}"
Ses01M_script01_1_M041,words_only,neutral,none,"{""emotion"": ""neutral"", ""intensity"": ""none""}"
Ses01M_script01_2_F004,words_only,anger,low,"{""emotion"": ""anger"", ""intensity"": ""low""}"
Ses01M_script01_2_F009,words_only,anger,high,"{""emotion"": ""anger"", ""intensity"": ""high""}"
Ses01M_script01_2_F013,words_only,happiness,high,"{""emotion"": ""happiness"", ""intensity"": ""high""}"
Ses01M_script01_2_M017,words_only,anger,high,"{""emotion"": ""anger"", ""intensity"": ""high""}"
Ses01M_script01_3_F000,words_only,neutral,none,"{""emotion"": ""neutral"", ""intensity"": ""none""}"
Ses01M_script01_3_F001,words_only,happiness,low,"{""emotion"": ""happiness"", ""intensity"": ""low""}"
Ses01M_script01_3_F003,words_only,anger,high,"{""emotion"": ""anger"", ""intensity"": ""high""}"
Ses01M_script01_3_F006,words_only,sadness,low,"{""emotion"": ""sadness"", ""intensity"": ""low""}"
Ses01M_script01_3_F014,words_only,sadness,high,"{""emotion"": ""sadness"", ""intensity"": ""high""}"
Ses01M_script01_3_F018,words_only,neutral,none,"{""emotion"": ""neutral"", ""intensity"": ""none""}"
Ses01M_script01_3_F019,words_only,neutral,none,"{""emotion"": ""neutral"", ""intensity"": ""none""}"
Ses01M_script01_3_F021,words_only,neutral,none,"{""emotion"": ""neutral"", ""intensity"": ""none""}"
Ses01M_script01_3_F024,words_only,neutral,none,"{""emotion"": ""neutral"", ""intensity"": ""none""}"
Ses01M_script01_3_M000,words_only,neutral,none,"{""emotion"": ""neutral"", ""intensity"": ""none""}"
Ses01M_script01_3_M001,words_only,neutral,none,"{""emotion"": ""neutral"", ""intensity"": ""none""}"
Ses01M_script01_3_M002,words_only,neutral,none,"{""emotion"": ""neutral"", ""intensity"": ""none""}"
Ses01M_script01_3_M004,words_only,neutral,none,"{""emotion"": ""neutral"", ""intensity"": ""none""}"
Ses01M_script01_3_M007,words_only,neutral,none,"{""emotion"": ""neutral"", ""intensity"": ""none""}"
Ses01M_script01_3_M009,words_only,happiness,high,"{""emotion"": ""happiness"", ""intensity"": ""high""}"
Ses01M_script01_3_M019,words_only,happiness,high,"{""emotion"": ""happiness"", ""intensity"": ""high""}"
Ses01M_script01_3_M020,words_only,neutral,none,"{""emotion"": ""neutral"", ""intensity"": ""none""}"
Ses01M_script01_3_M021,words_only,neutral,none,"{""emotion"": ""neutral"", ""intensity"": ""none""}"
Ses01M_script01_3_M026,words_only,sadness,low,"{""emotion"": ""sadness"", ""intensity"": ""low""}"
Ses01M_script01_3_M030,words_only,neutral,none,"{""emotion"": ""neutral"", ""intensity"": ""none""}"
Ses01M_script01_3_M031,words_only,sadness,low,"{""emotion"": ""sadness"", ""intensity"": ""low""}"
Ses01M_script01_3_M036,words_only,sadness,low,"{""emotion"": ""sadness"", ""intensity"": ""low""}"
Ses01M_script01_3_M038,words_only,neutral,none,"{""emotion"": ""neutral"", ""intensity"": ""none""}"
Ses01M_script01_3_M039,words_only,anger,high,"{""emotion"": ""anger"", ""intensity"": ""high""}"
Ses01M_script02_1_F005,words_only,anger,high,"{""emotion"": ""anger"", ""intensity"": ""high""}"
Ses01M_script02_1_F007,words_only,neutral,none,"{""emotion"": ""neutral"", ""intensity"": ""none""}"
Ses01M_script02_1_F009,words_only,neutral,none,"{""emotion"": ""neutral"", ""intensity"": ""none""}"
Ses01M_script02_1_F014,words_only,neutral,none,"{""emotion"": ""neutral"", ""intensity"": ""none""}"
Ses01M_script02_1_M002,words_only,neutral,none,"{""emotion"": ""neutral"", ""intensity"": ""none""}"
Ses01M_script02_1_M009,words_only,neutral,none,"{""emotion"": ""neutral"", ""intensity"": ""none""}"
Ses01M_script02_1_M016,words_only,happiness,high,"{""emotion"": ""happiness"", ""intensity"": ""high""}"
Ses01M_script02_1_M028,words_only,neutral,none,"{""emotion"": ""neutral"", ""intensity"": ""none""}"
Ses01M_script02_1_M043,words_only,neutral,none,"{""emotion"": ""neutral"", ""intensity"": ""none""}"
Ses01M_script02_2_F011,words_only,neutral,none,"{""emotion"": ""neutral"", ""intensity"": ""none""}"
Ses01M_script02_2_F022,words_only,happiness,high,"{""emotion"": ""happiness"", ""intensity"": ""high""}"
Ses01M_script02_2_F024,words_only,sadness,high,"{""emotion"": ""sadness"", ""intensity"": ""high""}"
Ses01M_script02_2_F026,words_only,neutral,none,"{""emotion"": ""neutral"", ""intensity"": ""none""}"
Ses01M_script02_2_F031,words_only,anger,high,"{""emotion"": ""anger"", ""intensity"": ""high""}"
Ses01M_script02_2_F033,words_only,sadness,low,"{""emotion"": ""sadness"", ""intensity"": ""low""}"
Ses01M_script02_2_F036,words_only,sadness,high,"{""emotion"": ""sadness"", ""intensity"": ""high""}"
Ses01M_script02_2_F040,words_only,anger,high,"{""emotion"": ""anger"", ""intensity"": ""high""}"
Ses01M_script02_2_M020,words_only,neutral,none,"{""emotion"": ""neutral"", ""intensity"": ""none""}"
Ses01M_script02_2_M023,words_only,neutral,none,"{""emotion"": ""neutral"", ""intensity"": ""none""}"
Ses01M_script02_2_M033,words_only,anger,high,"{""emotion"": ""anger"", ""intensity"": ""high""}"
Ses01M_script02_2_M041,words_only,neutral,none,"{""emotion"": ""neutral"", ""intensity"": ""none""}"
Ses01M_script02_2_M043,words_only,neutral,none,"{""emotion"": ""neutral"", ""intensity"": ""none""}"
Ses01M_script02_2_M049,words_only,neutral,none,"{""emotion"": ""neutral"", ""intensity"": ""none""}"
Ses01M_script02_2_M052,words_only,neutral,none,"{""emotion"": ""neutral"", ""intensity"": ""none""}"
Ses01M_script03_1_F008,words_only,neutral,none,"{""emotion"": ""neutral"", ""intensity"": ""none""}"
Ses01M_script03_1_F009,words_only,neutral,none,"{""emotion"": ""neutral"", ""intensity"": ""none""}"
Ses01M_script03_1_F011,words_only,neutral,none,"{""emotion"": ""neutral"", ""intensity"": ""none""}"
Ses01M_script03_1_F014,words_only,neutral,none,"{""emotion"": ""neutral"", ""intensity"": ""none""}"
Ses01M_script03_1_F015,words_only,anger,high,"{""emotion"": ""anger"", ""intensity"": ""high""}"
Ses01M_script03_1_F024,words_only,neutral,none,"{""emotion"": ""neutral"", ""intensity"": ""none""}"
Ses01M_script03_1_F030,words_only,neutral,none,"{""emotion"": ""neutral"", ""intensity"": ""none""}"
Ses01M_script03_1_F031,words_only,happiness,high,"{""emotion"": ""happiness"", ""intensity"": ""high""}"
Ses01M_script03_1_F036,words_only,neutral,none,"{""emotion"": ""neutral"", ""intensity"": ""none""}"
Ses01M_script03_1_F039,words_only,neutral,none,"{""emotion"": ""neutral"", ""intensity"": ""none""}"
Ses01M_script03_1_M004,words_only,neutral,none,"{""emotion"": ""neutral"", ""intensity"": ""none""}"
Ses01M_script03_1_M010,words_only,neutral,none,"{""emotion"": ""neutral"", ""intensity"": ""none""}"
Ses01M_script03_1_M011,words_only,neutral,none,"{""emotion"": ""neutral"", ""intensity"": ""none""}"
Ses01M_script03_1_M012,words_only,neutral,none,"{""emotion"": ""neutral"", ""intensity"": ""none""}"
Ses01M_script03_1_M028,words_only,happiness,high,"{""emotion"": ""happiness"", ""intensity"": ""high""}"
Ses01M_script03_1_M040,words_only,neutral,none,"{""emotion"": ""neutral"", ""intensity"": ""none""}"
Ses01M_script03_2_F015,words_only,anger,high,"{""emotion"": ""anger"", ""intensity"": ""high""}"
Ses01M_script03_2_F028,words_only,neutral,none,"{""emotion"": ""neutral"", ""intensity"": ""none""}"
Ses01M_script03_2_F029,words_only,anger,high,"{""emotion"": ""anger"", ""intensity"": ""high""}"
Ses01M_script03_2_F037,words_only,anger,high,"{""emotion"": ""anger"", ""intensity"": ""high""}"
Ses01M_script03_2_F038,words_only,anger,high,"{""emotion"": ""anger"", ""intensity"": ""high""}"
Ses01M_script03_2_M023,words_only,anger,high,"{""emotion"": ""anger"", ""intensity"": ""high""}"
Ses01M_script03_2_M026,words_only,neutral,none,"{""emotion"": ""neutral"", ""intensity"": ""none""}"
Ses01M_script03_2_M029,words_only,neutral,none,"{""emotion"": ""neutral"", ""intensity"": ""none""}"
Ses01M_script03_2_M030,words_only,neutral,none,"{""emotion"": ""neutral"", ""intensity"": ""none""}"
Ses01M_script03_2_M031,words_only,neutral,none,"{""emotion"": ""neutral"", ""intensity"": ""none""}"
Ses01M_script03_2_M032,words_only,anger,low,"{""emotion"": ""anger"", ""intensity"": ""low""}"
Ses01M_script03_2_M033,words_only,neutral,none,"{""emotion"": ""neutral"", ""intensity"": ""none""}"
Ses01M_script03_2_M034,words_only,neutral,none,"{""emotion"": ""neutral"", ""intensity"": ""none""}"
Ses01M_script03_2_M037,words_only,anger,low,"{""emotion"": ""anger"", ""intensity"": ""low""}"
Ses01M_script03_2_M038,words_only,neutral,none,"{""emotion"": ""neutral"", ""intensity"": ""none""}"
Ses01M_script03_2_M039,words_only,happiness,low,"{""emotion"": ""happiness"", ""intensity"": ""low""}"
Ses01M_script03_2_M041,words_only,anger,high,"{""emotion"": ""anger"", ""intensity"": ""high""}"
Ses01M_script03_2_M042,words_only,anger,high,"{""emotion"": ""anger"", ""intensity"": ""high""}"
Ses02F_impro01_F018,words_only,anger,low,"{""emotion"": ""anger"", ""intensity"": ""low""}"
Ses02F_impro01_F019,words_only,anger,high,"{""emotion"": ""anger"", ""intensity"": ""high""}"
Ses02F_impro01_F021,words_only,neutral,none,"{""emotion"": ""neutral"", ""intensity"": ""none""}"
Ses02F_impro01_M000,words_only,neutral,none,"{""emotion"": ""neutral"", ""intensity"": ""none""}"
Ses02F_impro01_M002,words_only,neutral,none,"{""emotion"": ""neutral"", ""intensity"": ""none""}"
Ses02F_impro02_F000,words_only,neutral,none,"{""emotion"": ""neutral"", ""intensity"": ""none""}"
Ses02F_impro02_F004,words_only,neutral,none,"{""emotion"": ""neutral"", ""intensity"": ""none""}"
Ses02F_impro02_F007,words_only,sadness,high,"{""emotion"": ""sadness"", ""intensity"": ""high""}"
Ses02F_impro02_F013,words_only,neutral,none,"{""emotion"": ""neutral"", ""intensity"": ""none""}"
Ses02F_impro03_F001,words_only,neutral,none,"{""emotion"": ""neutral"", ""intensity"": ""none""}"
Ses02F_impro03_F004,words_only,happiness,high,"{""emotion"": ""happiness"", ""intensity"": ""high""}"
Ses02F_impro03_F014,words_only,happiness,low,"{""emotion"": ""happiness"", ""intensity"": ""low""}"
Ses02F_impro03_F016,words_only,neutral,none,"{""emotion"": ""neutral"", ""intensity"": ""none""}"
Ses02F_impro03_F019,words_only,neutral,none,"{""emotion"": ""neutral"", ""intensity"": ""none""}"
Ses02F_impro03_F023,words_only,happiness,low,"{""emotion"": ""happiness"", ""intensity"": ""low""}"
Ses02F_impro03_F024,words_only,happiness,high,"{""emotion"": ""happiness"", ""intensity"": ""high""}"
Ses02F_impro03_F026,words_only,neutral,none,"{""emotion"": ""neutral"", ""intensity"": ""none""}"
Ses02F_impro03_M019,words_only,neutral,none,"{""emotion"": ""neutral"", ""intensity"": ""none""}"
Ses02F_impro03_M024,words_only,neutral,none,"{""emotion"": ""neutral"", ""intensity"": ""none""}"
Ses02F_impro04_F009,words_only,sadness,high,"{""emotion"": ""sadness"", ""intensity"": ""high""}"
Ses02F_impro04_M011,words_only,neutral,none,"{""emotion"": ""neutral"", ""intensity"": ""none""}"
Ses02F_impro04_M012,words_only,neutral,none,"{""emotion"": ""neutral"", ""intensity"": ""none""}"
Ses02F_impro05_F004,words_only,neutral,none,"{""emotion"": ""neutral"", ""intensity"": ""none""}"
Ses02F_impro05_F010,words_only,sadness,low,"{""emotion"": ""sadness"", ""intensity"": ""low""}"
Ses02F_impro05_M002,words_only,neutral,none,"{""emotion"": ""neutral"", ""intensity"": ""none""}"
Ses02F_impro05_M003,words_only,neutral,none,"{""emotion"": ""neutral"", ""intensity"": ""none""}"
Ses02F_impro05_M011,words_only,neutral,none,"{""emotion"": ""neutral"", ""intensity"": ""none""}"
Ses02F_impro05_M015,words_only,neutral,none,"{""emotion"": ""neutral"", ""intensity"": ""none""}"
Ses02F_impro05_M017,words_only,sadness,low,"{""emotion"": ""sadness"", ""intensity"": ""low""}"
Ses02F_impro06_F000,words_only,sadness,high,"{""emotion"": ""sadness"", ""intensity"": ""high""}"
Ses02F_impro06_F001,words_only,sadness,low,"{""emotion"": ""sadness"", ""intensity"": ""low""}"
Ses02F_impro06_F006,words_only,sadness,high,"{""emotion"": ""sadness"", ""intensity"": ""high""}"
Ses02F_impro06_F007,words_only,sadness,low,"{""emotion"": ""sadness"", ""intensity"": ""low""}"
Ses02F_impro06_F010,words_only,neutral,none,"{""emotion"": ""neutral"", ""intensity"": ""none""}"
Ses02F_impro06_M005,words_only,sadness,high,"{""emotion"": ""sadness"", ""intensity"": ""high""}"
Ses02F_impro06_M013,words_only,neutral,none,"{""emotion"": ""neutral"", ""intensity"": ""none""}"
Ses02F_impro07_F004,words_only,neutral,none,"{""emotion"": ""neutral"", ""intensity"": ""none""}"
Ses02F_impro07_F016,words_only,neutral,none,"{""emotion"": ""neutral"", ""intensity"": ""none""}"
Ses02F_impro07_F017,words_only,happiness,low,"{""emotion"": ""relief"", ""intensity"": ""high""}   Note: Since ""relief"" is not one of the provided options, the closest match in the given list would be ""happiness"". However, the instruction is to choose exactly one of the provided emotions, and ""relief"" is the most accurate classification. If we must choose from the provided list, the answer would be:  {""emotion"": ""happiness"", ""intensity"": ""low""}"
Ses02F_impro07_F018,words_only,neutral,none,"{""emotion"": ""neutral"", ""intensity"": ""none""}"
Ses02F_impro07_F029,words_only,happiness,high,"{""emotion"": ""happiness"", ""intensity"": ""high""}"
Ses02F_impro07_F031,words_only,neutral,none,"{""emotion"": ""neutral"", ""intensity"": ""none""}"
Ses02F_impro07_F032,words_only,neutral,none,"{""emotion"": ""neutral"", ""intensity"": ""none""}"
Ses02F_impro07_F037,words_only,neutral,none,"{""emotion"": ""neutral"", ""intensity"": ""none""}"
Ses02F_impro07_M002,words_only,anger,high,"{""emotion"": ""anger"", ""intensity"": ""high""}"
Ses02F_impro07_M004,words_only,neutral,none,"{""emotion"": ""neutral"", ""intensity"": ""none""}"
Ses02F_impro07_M007,words_only,neutral,none,"{""emotion"": ""neutral"", ""intensity"": ""none""}"
Ses02F_impro07_M017,words_only,neutral,none,"{""emotion"": ""neutral"", ""intensity"": ""none""}"
Ses02F_impro07_M018,words_only,happiness,low,"{""emotion"": ""happiness"", ""intensity"": ""low""}"
Ses02F_impro07_M023,words_only,sadness,low,"{""emotion"": ""sadness"", ""intensity"": ""low""}"
Ses02F_impro07_M027,words_only,neutral,none,"{""emotion"": ""neutral"", ""intensity"": ""none""}"
Ses02F_impro07_M034,words_only,happiness,low,"{""emotion"": ""happiness"", ""intensity"": ""low""}"
Ses02F_impro08_F001,words_only,sadness,low,"{""emotion"": ""sadness"", ""intensity"": ""low""}"
Ses02F_impro08_F005,words_only,neutral,none,"{""emotion"": ""neutral"", ""intensity"": ""none""}"
Ses02F_impro08_F006,words_only,happiness,low,"{""emotion"": ""happiness"", ""intensity"": ""low""}"
Ses02F_impro08_F009,words_only,neutral,none,"{""emotion"": ""neutral"", ""intensity"": ""none""}"
Ses02F_impro08_F010,words_only,neutral,none,"{""emotion"": ""neutral"", ""intensity"": ""none""}"
Ses02F_impro08_F014,words_only,neutral,none,"{""emotion"": ""neutral"", ""intensity"": ""none""}"
Ses02F_impro08_F020,words_only,neutral,none,"{""emotion"": ""neutral"", ""intensity"": ""none""}"
Ses02F_impro08_M013,words_only,neutral,none,"{""emotion"": ""neutral"", ""intensity"": ""none""}"
Ses02F_impro08_M015,words_only,neutral,none,"{""emotion"": ""neutral"", ""intensity"": ""none""}"
Ses02F_impro08_M016,words_only,neutral,none,"{""emotion"": ""neutral"", ""intensity"": ""none""}"
Ses02F_impro08_M019,words_only,neutral,none,"{""emotion"": ""neutral"", ""intensity"": ""none""}"
Ses02F_script01_1_F005,words_only,sadness,high,"{""emotion"": ""sadness"", ""intensity"": ""high""}"
Ses02F_script01_1_F019,words_only,anger,high,"{""emotion"": ""anger"", ""intensity"": ""high""}"
Ses02F_script01_1_F036,words_only,anger,high,"{""emotion"": ""anger"", ""intensity"": ""high""}"
Ses02F_script01_1_F037,words_only,anger,high,"{""emotion"": ""anger"", ""intensity"": ""high""}"
Ses02F_script01_1_M011,words_only,sadness,high,"{""emotion"": ""sadness"", ""intensity"": ""high""}"
Ses02F_script01_1_M023,words_only,neutral,none,"{""emotion"": ""neutral"", ""intensity"": ""none""}"
Ses02F_script01_1_M036,words_only,anger,high,"{""emotion"": ""anger"", ""intensity"": ""high""}"
Ses02F_script01_1_M038,words_only,happiness,low,"{""emotion"": ""happiness"", ""intensity"": ""low""}"
Ses02F_script01_1_M040,words_only,neutral,none,"{""emotion"": ""neutral"", ""intensity"": ""none""}"
Ses02F_script01_2_F005,words_only,neutral,none,"{""emotion"": ""neutral"", ""intensity"": ""none""}"
Ses02F_script01_2_F012,words_only,sadness,high,"{""emotion"": ""sadness"", ""intensity"": ""high""}"
Ses02F_script01_2_F013,words_only,sadness,high,"{""emotion"": ""sadness"", ""intensity"": ""high""}"
Ses02F_script01_2_M008,words_only,neutral,none,"{""emotion"": ""neutral"", ""intensity"": ""none""}"
Ses02F_script01_2_M016,words_only,neutral,none,"{""emotion"": ""neutral"", ""intensity"": ""none""}"
Ses02F_script01_2_M018,words_only,anger,high,"{""emotion"": ""anger"", ""intensity"": ""high""}"
Ses02F_script01_3_F020,words_only,neutral,none,"{""emotion"": ""neutral"", ""intensity"": ""none""}"
Ses02F_script01_3_F021,words_only,neutral,none,"{""emotion"": ""neutral"", ""intensity"": ""none""}"
Ses02F_script01_3_F026,words_only,neutral,none,"{""emotion"": ""neutral"", ""intensity"": ""none""}"
Ses02F_script01_3_F029,words_only,neutral,none,"{""emotion"": ""neutral"", ""intensity"": ""none""}"
Ses02F_script01_3_M020,words_only,neutral,none,"{""emotion"": ""neutral"", ""intensity"": ""none""}"
Ses02F_script01_3_M021,words_only,sadness,low,"{""emotion"": ""sadness"", ""intensity"": ""low""}"
Ses02F_script01_3_M022,words_only,neutral,none,"{""emotion"": ""neutral"", ""intensity"": ""none""}"
Ses02F_script01_3_M024,words_only,sadness,low,"{""emotion"": ""sadness"", ""intensity"": ""low""}"
Ses02F_script01_3_M029,words_only,neutral,none,"{""emotion"": ""neutral"", ""intensity"": ""none""}"
Ses02F_script01_3_M030,words_only,neutral,none,"{""emotion"": ""neutral"", ""intensity"": ""none""}"
Ses02F_script02_1_F019,words_only,neutral,none,"{""emotion"": ""neutral"", ""intensity"": ""none""}"
Ses02F_script02_1_M003,words_only,neutral,none,"{""emotion"": ""neutral"", ""intensity"": ""none""}"
Ses02F_script02_1_M006,words_only,anger,low,"{""emotion"": ""anger"", ""intensity"": ""low""}"
Ses02F_script02_1_M013,words_only,sadness,low,"{""emotion"": ""sadness"", ""intensity"": ""low""}"
Ses02F_script02_1_M014,words_only,happiness,low,"{""emotion"": ""happiness"", ""intensity"": ""low""}"
Ses02F_script02_1_M017,words_only,neutral,none,"{""emotion"": ""neutral"", ""intensity"": ""none""}"
Ses02F_script02_1_M025,words_only,neutral,none,"{""emotion"": ""neutral"", ""intensity"": ""none""}"
Ses02F_script02_1_M031,words_only,sadness,low,"{""emotion"": ""sadness"", ""intensity"": ""low""}"
Ses02F_script02_1_M036,words_only,happiness,high,"{""emotion"": ""happiness"", ""intensity"": ""high""}"
Ses02F_script02_2_F005,words_only,anger,high,"{""emotion"": ""anger"", ""intensity"": ""high""}"
Ses02F_script02_2_F006,words_only,neutral,none,"{""emotion"": ""neutral"", ""intensity"": ""none""}"
Ses02F_script02_2_F019,words_only,happiness,high,"{""emotion"": ""happiness"", ""intensity"": ""high""}"
Ses02F_script02_2_F021,words_only,neutral,none,"{""emotion"": ""neutral"", ""intensity"": ""none""}"
Ses02F_script02_2_F024,words_only,neutral,none,"{""emotion"": ""neutral"", ""intensity"": ""none""}"
Ses02F_script02_2_F031,words_only,sadness,low,"{""emotion"": ""sadness"", ""intensity"": ""low""}"
Ses02F_script02_2_F034,words_only,sadness,high,"{""emotion"": ""sadness"", ""intensity"": ""high""}"
Ses02F_script02_2_F035,words_only,neutral,none,"{""emotion"": ""neutral"", ""intensity"": ""none""}"
Ses02F_script02_2_F038,words_only,sadness,high,"{""emotion"": ""sadness"", ""intensity"": ""high""}"
Ses02F_script02_2_F041,words_only,happiness,low,"{""emotion"": ""happiness"", ""intensity"": ""low""}"
Ses02F_script02_2_F044,words_only,sadness,low,"{""emotion"": ""sadness"", ""intensity"": ""low""}"
Ses02F_script02_2_M002,words_only,neutral,none,"{""emotion"": ""neutral"", ""intensity"": ""none""}"
Ses02F_script02_2_M013,words_only,neutral,none,"{""emotion"": ""neutral"", ""intensity"": ""none""}"
Ses02F_script02_2_M029,words_only,anger,high,"{""emotion"": ""anger"", ""intensity"": ""high""}"
Ses02F_script02_2_M035,words_only,neutral,none,"{""emotion"": ""neutral"", ""intensity"": ""none""}"
Ses02F_script02_2_M038,words_only,sadness,high,"{""emotion"": ""sadness"", ""intensity"": ""high""}"
Ses02F_script03_1_F005,words_only,neutral,none,"{""emotion"": ""neutral"", ""intensity"": ""none""}"
Ses02F_script03_1_F012,words_only,neutral,none,"{""emotion"": ""neutral"", ""intensity"": ""none""}"
Ses02F_script03_1_F021,words_only,anger,high,"{""emotion"": ""anger"", ""intensity"": ""high""}"
Ses02F_script03_1_F025,words_only,neutral,none,"{""emotion"": ""neutral"", ""intensity"": ""none""}"
Ses02F_script03_1_F028,words_only,neutral,none,"{""emotion"": ""neutral"", ""intensity"": ""none""}"
Ses02F_script03_1_F029,words_only,anger,high,"{""emotion"": ""anger"", ""intensity"": ""high""}"
Ses02F_script03_1_M001,words_only,neutral,none,"{""emotion"": ""neutral"", ""intensity"": ""none""}"
Ses02F_script03_1_M007,words_only,neutral,none,"{""emotion"": ""neutral"", ""intensity"": ""none""}"
Ses02F_script03_1_M009,words_only,sadness,low,"{""emotion"": ""sadness"", ""intensity"": ""low""}"
Ses02F_script03_1_M018,words_only,neutral,none,"{""emotion"": ""neutral"", ""intensity"": ""none""}"
Ses02F_script03_1_M022,words_only,happiness,high,"{""emotion"": ""happiness"", ""intensity"": ""high""}"
Ses02F_script03_1_M025,words_only,sadness,low,"{""emotion"": ""sadness"", ""intensity"": ""low""}"
Ses02F_script03_2_F011,words_only,neutral,none,"{""emotion"": ""neutral"", ""intensity"": ""none""}"
Ses02F_script03_2_F013,words_only,anger,high,"{""emotion"": ""anger"", ""intensity"": ""high""}"
Ses02F_script03_2_F014,words_only,neutral,none,"{""emotion"": ""neutral"", ""intensity"": ""none""}"
Ses02F_script03_2_F020,words_only,neutral,none,"{""emotion"": ""neutral"", ""intensity"": ""none""}"
Ses02F_script03_2_F029,words_only,anger,high,"{""emotion"": ""anger"", ""intensity"": ""high""}"
Ses02F_script03_2_F034,words_only,neutral,none,"{""emotion"": ""neutral"", ""intensity"": ""none""}"
Ses02F_script03_2_F035,words_only,anger,high,"{""emotion"": ""anger"", ""intensity"": ""high""}"
Ses02F_script03_2_F036,words_only,anger,low,"{""emotion"": ""anger"", ""intensity"": ""low""}"
Ses02F_script03_2_F038,words_only,anger,high,"{""emotion"": ""anger"", ""intensity"": ""high""}"
Ses02F_script03_2_F042,words_only,anger,high,"{""emotion"": ""anger"", ""intensity"": ""high""}"
Ses02F_script03_2_F043,words_only,anger,high,"{""emotion"": ""anger"", ""intensity"": ""high""}"
Ses02F_script03_2_M006,words_only,neutral,none,"{""emotion"": ""neutral"", ""intensity"": ""none""}"
Ses02F_script03_2_M007,words_only,neutral,none,"{""emotion"": ""neutral"", ""intensity"": ""none""}"
Ses02F_script03_2_M009,words_only,neutral,none,"{""emotion"": ""neutral"", ""intensity"": ""none""}"
Ses02F_script03_2_M013,words_only,anger,low,"{""emotion"": ""anger"", ""intensity"": ""low""}"
Ses02F_script03_2_M027,words_only,neutral,none,"{""emotion"": ""neutral"", ""intensity"": ""none""}"
Ses02F_script03_2_M030,words_only,neutral,none,"{""emotion"": ""neutral"", ""intensity"": ""none""}"
Ses02F_script03_2_M036,words_only,anger,high,"{""emotion"": ""anger"", ""intensity"": ""high""}"
Ses02F_script03_2_M039,words_only,neutral,none,"{""emotion"": ""neutral"", ""intensity"": ""none""}"
Ses02F_script03_2_M043,words_only,neutral,none,"{""emotion"": ""neutral"", ""intensity"": ""none""}"
Ses02F_script03_2_M044,words_only,anger,high,"{""emotion"": ""anger"", ""intensity"": ""high""}"
Ses02F_script03_2_M046,words_only,anger,high,"{""emotion"": ""anger"", ""intensity"": ""high""}"
Ses02M_impro01_F001,words_only,neutral,none,"{""emotion"": ""neutral"", ""intensity"": ""none""}"
Ses02M_impro01_F005,words_only,neutral,none,"{""emotion"": ""neutral"", ""intensity"": ""none""}"
Ses02M_impro01_F016,words_only,sadness,low,"{""emotion"": ""sadness"", ""intensity"": ""low""}"
Ses02M_impro01_M002,words_only,neutral,none,"{""emotion"": ""neutral"", ""intensity"": ""none""}"
Ses02M_impro01_M003,words_only,neutral,none,"{""emotion"": ""neutral"", ""intensity"": ""none""}"
Ses02M_impro01_M008,words_only,neutral,none,"{""emotion"": ""neutral"", ""intensity"": ""none""}"
Ses02M_impro01_M009,words_only,anger,high,"{""emotion"": ""anger"", ""intensity"": ""high""}"
Ses02M_impro01_M010,words_only,neutral,none,"{""emotion"": ""neutral"", ""intensity"": ""none""}"
Ses02M_impro02_F000,words_only,sadness,high,"{""emotion"": ""sadness"", ""intensity"": ""high""}"
Ses02M_impro02_F001,words_only,sadness,high,"{""emotion"": ""sadness"", ""intensity"": ""high""}"
Ses02M_impro02_F009,words_only,sadness,low,"{""emotion"": ""sadness"", ""intensity"": ""low""}"
Ses02M_impro02_M000,words_only,sadness,high,"{""emotion"": ""sadness"", ""intensity"": ""high""}"
Ses02M_impro02_M002,words_only,neutral,none,"{""emotion"": ""neutral"", ""intensity"": ""none""}"
Ses02M_impro02_M009,words_only,sadness,high,"{""emotion"": ""sadness"", ""intensity"": ""high""}"
Ses02M_impro03_F003,words_only,happiness,high,"{""emotion"": ""happiness"", ""intensity"": ""high""}"
Ses02M_impro03_F016,words_only,neutral,none,"{""emotion"": ""neutral"", ""intensity"": ""none""}"
Ses02M_impro03_F017,words_only,happiness,high,"{""emotion"": ""happiness"", ""intensity"": ""high""}"
Ses02M_impro03_F018,words_only,neutral,none,"{""emotion"": ""neutral"", ""intensity"": ""none""}"
Ses02M_impro03_M000,words_only,neutral,none,"{""emotion"": ""neutral"", ""intensity"": ""none""}"
Ses02M_impro03_M005,words_only,happiness,high,"{""emotion"": ""happiness"", ""intensity"": ""high""}"
Ses02M_impro03_M015,words_only,anger,high,"{""emotion"": ""anger"", ""intensity"": ""high""}"
Ses02M_impro03_M026,words_only,neutral,none,"{""emotion"": ""neutral"", ""intensity"": ""none""}"
Ses02M_impro03_M028,words_only,neutral,none,"{""emotion"": ""neutral"", ""intensity"": ""none""}"
Ses02M_impro03_M030,words_only,neutral,none,"{""emotion"": ""neutral"", ""intensity"": ""none""}"
Ses02M_impro04_F004,words_only,neutral,none,"{""emotion"": ""neutral"", ""intensity"": ""none""}"
Ses02M_impro04_F009,words_only,sadness,low,"{""emotion"": ""sadness"", ""intensity"": ""low""}"
Ses02M_impro04_F012,words_only,neutral,none,"{""emotion"": ""neutral"", ""intensity"": ""none""}"
Ses02M_impro04_M014,words_only,sadness,low,"{""emotion"": ""sadness"", ""intensity"": ""low""}"
Ses02M_impro04_M019,words_only,sadness,high,"{""emotion"": ""sadness"", ""intensity"": ""high""}"
Ses02M_impro05_F001,words_only,neutral,none,"{""emotion"": ""neutral"", ""intensity"": ""none""}"
Ses02M_impro05_F002,words_only,neutral,none,"{""emotion"": ""neutral"", ""intensity"": ""none""}"
Ses02M_impro05_F006,words_only,neutral,none,"{""emotion"": ""neutral"", ""intensity"": ""none""}"
Ses02M_impro05_F010,words_only,neutral,none,"{""emotion"": ""neutral"", ""intensity"": ""none""}"
Ses02M_impro05_F012,words_only,neutral,none,"{""emotion"": ""neutral"", ""intensity"": ""none""}"
Ses02M_impro05_F015,words_only,neutral,none,"{""emotion"": ""neutral"", ""intensity"": ""none""}"
Ses02M_impro05_F016,words_only,neutral,none,"{""emotion"": ""neutral"", ""intensity"": ""none""}"
Ses02M_impro05_F018,words_only,neutral,none,"{""emotion"": ""neutral"", ""intensity"": ""none""}"
Ses02M_impro05_F023,words_only,sadness,low,"{""emotion"": ""sadness"", ""intensity"": ""low""}"
Ses02M_impro05_F026,words_only,neutral,none,"{""emotion"": ""neutral"", ""intensity"": ""none""}"
Ses02M_impro05_M016,words_only,anger,high,"{""emotion"": ""anger"", ""intensity"": ""high""}"
Ses02M_impro05_M018,words_only,anger,low,"{""emotion"": ""anger"", ""intensity"": ""low""}"
Ses02M_impro05_M026,words_only,anger,high,"{""emotion"": ""anger"", ""intensity"": ""high""}"
Ses02M_impro06_F003,words_only,sadness,low,"{""emotion"": ""sadness"", ""intensity"": ""low""}"
Ses02M_impro06_F013,words_only,,,"{""emotion"": ""concern"", ""intensity"": ""low""}"
Ses02M_impro06_F015,words_only,sadness,low,"{""emotion"": ""sadness"", ""intensity"": ""low""}"
Ses02M_impro06_F018,words_only,neutral,none,"{""emotion"": ""neutral"", ""intensity"": ""none""}"
Ses02M_impro06_M000,words_only,sadness,high,"{""emotion"": ""sadness"", ""intensity"": ""high""}"
Ses02M_impro06_M002,words_only,sadness,high,"{""emotion"": ""sadness"", ""intensity"": ""high""}"
Ses02M_impro06_M004,words_only,sadness,low,"{""emotion"": ""sadness"", ""intensity"": ""low""}"
Ses02M_impro06_M007,words_only,neutral,none,"{""emotion"": ""neutral"", ""intensity"": ""none""}"
Ses02M_impro06_M008,words_only,neutral,none,"{""emotion"": ""neutral"", ""intensity"": ""none""}"
Ses02M_impro06_M010,words_only,neutral,none,"{""emotion"": ""neutral"", ""intensity"": ""none""}"
Ses02M_impro06_M012,words_only,happiness,high,"{""emotion"": ""happiness"", ""intensity"": ""high""}"
Ses02M_impro06_M013,words_only,sadness,high,"{""emotion"": ""sadness"", ""intensity"": ""high""}"
Ses02M_impro06_M017,words_only,sadness,high,"{""emotion"": ""sadness"", ""intensity"": ""high""}"
Ses02M_impro06_M018,words_only,sadness,low,"{""emotion"": ""sadness"", ""intensity"": ""low""}"
Ses02M_impro06_M019,words_only,happiness,low,"{""emotion"": ""happiness"", ""intensity"": ""low""}"
Ses02M_impro06_M021,words_only,neutral,none,"{""emotion"": ""neutral"", ""intensity"": ""none""}"
Ses02M_impro06_M023,words_only,neutral,none,"{""emotion"": ""neutral"", ""intensity"": ""none""}"
Ses02M_impro07_F000,words_only,neutral,none,"{""emotion"": ""neutral"", ""intensity"": ""none""}"
Ses02M_impro07_F001,words_only,neutral,none,"{""emotion"": ""neutral"", ""intensity"": ""none""}"
Ses02M_impro07_F006,words_only,neutral,none,"{""emotion"": ""neutral"", ""intensity"": ""none""}"
Ses02M_impro07_F013,words_only,happiness,low,"{""emotion"": ""happiness"", ""intensity"": ""low""}"
Ses02M_impro07_F018,words_only,neutral,none,"{""emotion"": ""neutral"", ""intensity"": ""none""}"
Ses02M_impro07_F025,words_only,happiness,high,"{""emotion"": ""happiness"", ""intensity"": ""high""}"
Ses02M_impro07_M010,words_only,neutral,none,"{""emotion"": ""neutral"", ""intensity"": ""none""}"
Ses02M_impro07_M014,words_only,neutral,none,"{""emotion"": ""neutral"", ""intensity"": ""none""}"
Ses02M_impro07_M015,words_only,happiness,low,"{""emotion"": ""happiness"", ""intensity"": ""low""}"
Ses02M_impro07_M026,words_only,happiness,low,"{""emotion"": ""happiness"", ""intensity"": ""low""}"
Ses02M_impro07_M030,words_only,neutral,none,"{""emotion"": ""neutral"", ""intensity"": ""none""}"
Ses02M_impro08_F000,words_only,happiness,low,"{""emotion"": ""happiness"", ""intensity"": ""low""}"
Ses02M_impro08_F008,words_only,sadness,high,"{""emotion"": ""sadness"", ""intensity"": ""high""}"
Ses02M_impro08_F019,words_only,neutral,none,"{""emotion"": ""neutral"", ""intensity"": ""none""}"
Ses02M_impro08_F024,words_only,neutral,none,"{""emotion"": ""neutral"", ""intensity"": ""none""}"
Ses02M_impro08_F025,words_only,neutral,none,"{""emotion"": ""neutral"", ""intensity"": ""none""}"
Ses02M_impro08_F027,words_only,neutral,none,"{""emotion"": ""neutral"", ""intensity"": ""none""}"
Ses02M_impro08_F030,words_only,neutral,none,"{""emotion"": ""neutral"", ""intensity"": ""none""}"
Ses02M_impro08_M004,words_only,neutral,none,"{""emotion"": ""neutral"", ""intensity"": ""none""}"
Ses02M_impro08_M008,words_only,neutral,none,"{""emotion"": ""neutral"", ""intensity"": ""none""}"
Ses02M_impro08_M011,words_only,anger,low,"{""emotion"": ""anger"", ""intensity"": ""low""}"
Ses02M_impro08_M018,words_only,neutral,none,"{""emotion"": ""neutral"", ""intensity"": ""none""}"
Ses02M_impro08_M023,words_only,neutral,none,"{""emotion"": ""neutral"", ""intensity"": ""none""}"
Ses02M_impro08_M029,words_only,neutral,none,"{""emotion"": ""neutral"", ""intensity"": ""none""}"
Ses02M_script01_1_F018,words_only,neutral,none,"{""emotion"": ""neutral"", ""intensity"": ""none""}"
Ses02M_script01_1_F023,words_only,happiness,low,"{""emotion"": ""happiness"", ""intensity"": ""low""}"
Ses02M_script01_1_F026,words_only,anger,low,"{""emotion"": ""anger"", ""intensity"": ""low""}"
Ses02M_script01_1_F027,words_only,neutral,none,"{""emotion"": ""neutral"", ""intensity"": ""none""}"
Ses02M_script01_1_F033,words_only,anger,high,"{""emotion"": ""anger"", ""intensity"": ""high""}"
Ses02M_script01_1_F036,words_only,neutral,none,"{""emotion"": ""neutral"", ""intensity"": ""none""}"
Ses02M_script01_1_M012,words_only,neutral,none,"{""emotion"": ""neutral"", ""intensity"": ""none""}"
Ses02M_script01_1_M021,words_only,neutral,none,"{""emotion"": ""neutral"", ""intensity"": ""none""}"
Ses02M_script01_1_M024,words_only,sadness,high,"{""emotion"": ""sadness"", ""intensity"": ""high""}"
Ses02M_script01_1_M025,words_only,anger,high,"{""emotion"": ""anger"", ""intensity"": ""high""}"
Ses02M_script01_1_M028,words_only,anger,high,"{""emotion"": ""anger"", ""intensity"": ""high""}"
Ses02M_script01_1_M035,words_only,anger,high,"{""emotion"": ""anger"", ""intensity"": ""high""}"
Ses02M_script01_1_M037,words_only,anger,high,"{""emotion"": ""anger"", ""intensity"": ""high""}"
Ses02M_script01_1_M038,words_only,sadness,low,"{""emotion"": ""sadness"", ""intensity"": ""low""}"
Ses02M_script01_2_F002,words_only,neutral,none,"{""emotion"": ""neutral"", ""intensity"": ""none""}"
Ses02M_script01_2_F005,words_only,neutral,none,"{""emotion"": ""neutral"", ""intensity"": ""none""}"
Ses02M_script01_2_M001,words_only,neutral,none,"{""emotion"": ""neutral"", ""intensity"": ""none""}"
Ses02M_script01_2_M017,words_only,anger,high,"{""emotion"": ""anger"", ""intensity"": ""high""}"
Ses02M_script01_3_F008,words_only,neutral,none,"{""emotion"": ""neutral"", ""intensity"": ""none""}"
Ses02M_script01_3_F021,words_only,neutral,none,"{""emotion"": ""neutral"", ""intensity"": ""none""}"
Ses02M_script01_3_F025,words_only,neutral,none,"{""emotion"": ""neutral"", ""intensity"": ""none""}"
Ses02M_script01_3_M000,words_only,neutral,none,"{""emotion"": ""neutral"", ""intensity"": ""none""}"
Ses02M_script01_3_M021,words_only,neutral,none,"{""emotion"": ""neutral"", ""intensity"": ""none""}"
Ses02M_script01_3_M025,words_only,neutral,none,"{""emotion"": ""neutral"", ""intensity"": ""none""}"
Ses02M_script01_3_M026,words_only,neutral,none,"{""emotion"": ""neutral"", ""intensity"": ""none""}"
Ses02M_script01_3_M028,words_only,happiness,low,"{""emotion"": ""happiness"", ""intensity"": ""low""}"
Ses02M_script01_3_M031,words_only,neutral,none,"{""emotion"": ""neutral"", ""intensity"": ""none""}"
Ses02M_script01_3_M032,words_only,happiness,high,"{""emotion"": ""happiness"", ""intensity"": ""high""}"
Ses02M_script01_3_M033,words_only,sadness,low,"{""emotion"": ""sadness"", ""intensity"": ""low""}"
Ses02M_script01_3_M034,words_only,neutral,none,"{""emotion"": ""neutral"", ""intensity"": ""none""}"
Ses02M_script02_1_F001,words_only,neutral,none,"{""emotion"": ""neutral"", ""intensity"": ""none""}"
Ses02M_script02_1_F011,words_only,neutral,none,"{""emotion"": ""neutral"", ""intensity"": ""none""}"
Ses02M_script02_1_F017,words_only,neutral,none,"{""emotion"": ""neutral"", ""intensity"": ""none""}"
Ses02M_script02_1_F018,words_only,sadness,high,"{""emotion"": ""sadness"", ""intensity"": ""high""}"
Ses02M_script02_1_F020,words_only,neutral,none,"{""emotion"": ""neutral"", ""intensity"": ""none""}"
Ses02M_script02_1_M004,words_only,neutral,none,"{""emotion"": ""neutral"", ""intensity"": ""none""}"
Ses02M_script02_1_M006,words_only,anger,high,"{""emotion"": ""anger"", ""intensity"": ""high""}"
Ses02M_script02_1_M023,words_only,neutral,none,"{""emotion"": ""neutral"", ""intensity"": ""none""}"
Ses02M_script02_1_M028,words_only,neutral,none,"{""emotion"": ""neutral"", ""intensity"": ""none""}"
Ses02M_script02_1_M036,words_only,happiness,high,"{""emotion"": ""happiness"", ""intensity"": ""high""}"
Ses02M_script02_1_M038,words_only,neutral,none,"{""emotion"": ""neutral"", ""intensity"": ""none""}"
Ses02M_script02_2_F005,words_only,anger,high,"{""emotion"": ""anger"", ""intensity"": ""high""}"
Ses02M_script02_2_F013,words_only,sadness,high,"{""emotion"": ""sadness"", ""intensity"": ""high""}"
Ses02M_script02_2_F016,words_only,happiness,high,"{""emotion"": ""happiness"", ""intensity"": ""high""}"
Ses02M_script02_2_F018,words_only,happiness,high,"{""emotion"": ""happiness"", ""intensity"": ""high""}"
Ses02M_script02_2_F021,words_only,neutral,none,"{""emotion"": ""neutral"", ""intensity"": ""none""}"
Ses02M_script02_2_F022,words_only,neutral,none,"{""emotion"": ""neutral"", ""intensity"": ""none""}"
Ses02M_script02_2_F031,words_only,sadness,low,"{""emotion"": ""sadness"", ""intensity"": ""low""}"
Ses02M_script02_2_F034,words_only,sadness,low,"{""emotion"": ""sadness"", ""intensity"": ""low""}"
Ses02M_script02_2_F042,words_only,neutral,none,"{""emotion"": ""neutral"", ""intensity"": ""none""}"
Ses02M_script02_2_F044,words_only,sadness,low,"{""emotion"": ""sadness"", ""intensity"": ""low""}"
Ses02M_script02_2_F045,words_only,neutral,none,"{""emotion"": ""neutral"", ""intensity"": ""none""}"
Ses02M_script02_2_M020,words_only,neutral,none,"{""emotion"": ""neutral"", ""intensity"": ""none""}"
Ses02M_script02_2_M023,words_only,neutral,none,"{""emotion"": ""neutral"", ""intensity"": ""none""}"
Ses02M_script02_2_M029,words_only,anger,high,"{""emotion"": ""anger"", ""intensity"": ""high""}"
Ses02M_script02_2_M035,words_only,neutral,none,"{""emotion"": ""neutral"", ""intensity"": ""none""}"
Ses02M_script02_2_M037,words_only,neutral,none,"{""emotion"": ""neutral"", ""intensity"": ""none""}"
Ses02M_script02_2_M038,words_only,neutral,none,"{""emotion"": ""neutral"", ""intensity"": ""none""}"
Ses02M_script02_2_M042,words_only,neutral,none,"{""emotion"": ""neutral"", ""intensity"": ""none""}"
Ses02M_script03_1_F015,words_only,neutral,none,"{""emotion"": ""neutral"", ""intensity"": ""none""}"
Ses02M_script03_1_F021,words_only,neutral,none,"{""emotion"": ""neutral"", ""intensity"": ""none""}"
Ses02M_script03_1_F024,words_only,neutral,none,"{""emotion"": ""neutral"", ""intensity"": ""none""}"
Ses02M_script03_1_M007,words_only,neutral,none,"{""emotion"": ""neutral"", ""intensity"": ""none""}"
Ses02M_script03_1_M009,words_only,sadness,low,"{""emotion"": ""sadness"", ""intensity"": ""low""}"
Ses02M_script03_1_M015,words_only,neutral,none,"{""emotion"": ""neutral"", ""intensity"": ""none""}"
Ses02M_script03_1_M016,words_only,sadness,high,"{""emotion"": ""sadness"", ""intensity"": ""high""}"
Ses02M_script03_1_M021,words_only,happiness,high,"{""emotion"": ""happiness"", ""intensity"": ""high""}"
Ses02M_script03_1_M022,words_only,sadness,high,"{""emotion"": ""sadness"", ""intensity"": ""high""}"
Ses02M_script03_2_F006,words_only,happiness,low,"{""emotion"": ""happiness"", ""intensity"": ""low""}"
Ses02M_script03_2_F009,words_only,neutral,none,"{""emotion"": ""neutral"", ""intensity"": ""none""}"
Ses02M_script03_2_F014,words_only,neutral,none,"{""emotion"": ""neutral"", ""intensity"": ""none""}"
Ses02M_script03_2_F019,words_only,anger,high,"{""emotion"": ""anger"", ""intensity"": ""high""}"
Ses02M_script03_2_F023,words_only,anger,high,"{""emotion"": ""anger"", ""intensity"": ""high""}"
Ses02M_script03_2_F024,words_only,neutral,none,"{""emotion"": ""neutral"", ""intensity"": ""none""}"
Ses02M_script03_2_F035,words_only,anger,low,"{""emotion"": ""anger"", ""intensity"": ""low""}"
Ses02M_script03_2_F036,words_only,anger,high,"{""emotion"": ""anger"", ""intensity"": ""high""}"
Ses02M_script03_2_F037,words_only,anger,high,"{""emotion"": ""anger"", ""intensity"": ""high""}"
Ses02M_script03_2_F038,words_only,anger,high,"{""emotion"": ""anger"", ""intensity"": ""high""}"
Ses02M_script03_2_F041,words_only,anger,high,"{""emotion"": ""anger"", ""intensity"": ""high""}"
Ses02M_script03_2_F042,words_only,anger,high,"{""emotion"": ""anger"", ""intensity"": ""high""}"
Ses02M_script03_2_M001,words_only,anger,high,"{""emotion"": ""anger"", ""intensity"": ""high""}"
Ses02M_script03_2_M007,words_only,neutral,none,"{""emotion"": ""neutral"", ""intensity"": ""none""}"
Ses02M_script03_2_M012,words_only,neutral,none,"{""emotion"": ""neutral"", ""intensity"": ""none""}"
Ses02M_script03_2_M026,words_only,happiness,low,"{""emotion"": ""happiness"", ""intensity"": ""low""}"
Ses02M_script03_2_M027,words_only,happiness,high,"{""emotion"": ""happiness"", ""intensity"": ""high""}"
Ses02M_script03_2_M032,words_only,neutral,none,"{""emotion"": ""neutral"", ""intensity"": ""none""}"
Ses02M_script03_2_M040,words_only,neutral,none,"{""emotion"": ""neutral"", ""intensity"": ""none""}"
Ses02M_script03_2_M041,words_only,happiness,low,"{""emotion"": ""happiness"", ""intensity"": ""low""}"
Ses02M_script03_2_M046,words_only,anger,high,"{""emotion"": ""anger"", ""intensity"": ""high""}"
Ses02M_script03_2_M047,words_only,anger,high,"{""emotion"": ""anger"", ""intensity"": ""high""}"
Ses03F_impro02_F000,words_only,happiness,low,"{""emotion"": ""happiness"", ""intensity"": ""low""}"
Ses03F_impro02_F007,words_only,happiness,low,"{""emotion"": ""happiness"", ""intensity"": ""low""}"
Ses03F_impro02_F019,words_only,neutral,none,"{""emotion"": ""neutral"", ""intensity"": ""none""}"
Ses03F_impro02_F026,words_only,neutral,none,"{""emotion"": ""neutral"", ""intensity"": ""none""}"
Ses03F_impro02_M001,words_only,happiness,high,"{""emotion"": ""happiness"", ""intensity"": ""high""}"
Ses03F_impro02_M019,words_only,sadness,high,"{""emotion"": ""sadness"", ""intensity"": ""high""}"
Ses03F_impro02_M020,words_only,sadness,high,"{""emotion"": ""sadness"", ""intensity"": ""high""}"
Ses03F_impro02_M021,words_only,neutral,none,"{""emotion"": ""neutral"", ""intensity"": ""none""}"
Ses03F_impro02_M027,words_only,anger,high,"{""emotion"": ""anger"", ""intensity"": ""high""}"
Ses03F_impro02_M029,words_only,sadness,high,"{""emotion"": ""sadness"", ""intensity"": ""high""}"
Ses03F_impro03_F011,words_only,happiness,high,"{""emotion"": ""happiness"", ""intensity"": ""high""}"
Ses03F_impro03_F013,words_only,neutral,none,"{""emotion"": ""neutral"", ""intensity"": ""none""}"
Ses03F_impro03_F014,words_only,happiness,low,"{""emotion"": ""happiness"", ""intensity"": ""low""}"
Ses03F_impro03_F021,words_only,happiness,low,"{""emotion"": ""happiness"", ""intensity"": ""low""}"
Ses03F_impro03_M001,words_only,neutral,none,"{""emotion"": ""neutral"", ""intensity"": ""none""}"
Ses03F_impro03_M005,words_only,neutral,none,"{""emotion"": ""neutral"", ""intensity"": ""none""}"
Ses03F_impro03_M021,words_only,happiness,high,"{""emotion"": ""happiness"", ""intensity"": ""high""}"
Ses03F_impro04_F022,words_only,anger,low,"{""emotion"": ""anger"", ""intensity"": ""low""}"
Ses03F_impro04_M001,words_only,neutral,none,"{""emotion"": ""neutral"", ""intensity"": ""none""}"
Ses03F_impro04_M006,words_only,neutral,none,"{""emotion"": ""neutral"", ""intensity"": ""none""}"
Ses03F_impro04_M007,words_only,neutral,none,"{""emotion"": ""neutral"", ""intensity"": ""none""}"
Ses03F_impro04_M009,words_only,sadness,high,"{""emotion"": ""sadness"", ""intensity"": ""high""}"
Ses03F_impro04_M013,words_only,anger,low,"{""emotion"": ""anger"", ""intensity"": ""low""}"
Ses03F_impro04_M014,words_only,neutral,none,"{""emotion"": ""neutral"", ""intensity"": ""none""}"
Ses03F_impro05_F002,words_only,neutral,none,"{""emotion"": ""neutral"", ""intensity"": ""none""}"
Ses03F_impro05_F009,words_only,anger,high,"{""emotion"": ""anger"", ""intensity"": ""high""}"
Ses03F_impro05_F010,words_only,neutral,none,"{""emotion"": ""neutral"", ""intensity"": ""none""}"
Ses03F_impro05_F015,words_only,anger,high,"{""emotion"": ""anger"", ""intensity"": ""high""}"
Ses03F_impro05_F016,words_only,anger,high,"{""emotion"": ""anger"", ""intensity"": ""high""}"
Ses03F_impro05_F017,words_only,happiness,low,"{""emotion"": ""happiness"", ""intensity"": ""low""}"
Ses03F_impro05_M003,words_only,neutral,none,"{""emotion"": ""neutral"", ""intensity"": ""none""}"
Ses03F_impro06_F000,words_only,neutral,none,"{""emotion"": ""neutral"", ""intensity"": ""none""}"
Ses03F_impro06_F001,words_only,neutral,none,"{""emotion"": ""neutral"", ""intensity"": ""none""}"
Ses03F_impro06_F005,words_only,sadness,high,"{""emotion"": ""sadness"", ""intensity"": ""high""}"
Ses03F_impro06_F006,words_only,sadness,low,"{""emotion"": ""sadness"", ""intensity"": ""low""}"
Ses03F_impro06_F007,words_only,happiness,high,"{""emotion"": ""happiness"", ""intensity"": ""high""}"
Ses03F_impro06_F011,words_only,sadness,low,"{""emotion"": ""sadness"", ""intensity"": ""low""}"
Ses03F_impro06_F018,words_only,happiness,low,"{""emotion"": ""happiness"", ""intensity"": ""low""}"
Ses03F_impro06_F020,words_only,sadness,high,"{""emotion"": ""sadness"", ""intensity"": ""high""}"
Ses03F_impro06_F021,words_only,sadness,high,"{""emotion"": ""sadness"", ""intensity"": ""high""}"
Ses03F_impro06_F024,words_only,sadness,high,"{""emotion"": ""sadness"", ""intensity"": ""high""}"
Ses03F_impro06_F027,words_only,neutral,none,"{""emotion"": ""neutral"", ""intensity"": ""none""}"
Ses03F_impro06_M001,words_only,sadness,high,"{""emotion"": ""sadness"", ""intensity"": ""high""}"
Ses03F_impro06_M003,words_only,neutral,none,"{""emotion"": ""neutral"", ""intensity"": ""none""}"
Ses03F_impro06_M006,words_only,neutral,none,"{""emotion"": ""neutral"", ""intensity"": ""none""}"
Ses03F_impro06_M007,words_only,neutral,none,"{""emotion"": ""neutral"", ""intensity"": ""none""}"
Ses03F_impro06_M008,words_only,neutral,none,"{""emotion"": ""neutral"", ""intensity"": ""none""}"
Ses03F_impro06_M011,words_only,sadness,high,"{""emotion"": ""sadness"", ""intensity"": ""high""}"
Ses03F_impro06_M013,words_only,neutral,none,"{""emotion"": ""neutral"", ""intensity"": ""none""}"
Ses03F_impro06_M016,words_only,sadness,low,"{""emotion"": ""sadness"", ""intensity"": ""low""}"
Ses03F_impro07_F004,words_only,happiness,low,"{""emotion"": ""happiness"", ""intensity"": ""low""}"
Ses03F_impro07_F005,words_only,neutral,none,"{""emotion"": ""neutral"", ""intensity"": ""none""}"
Ses03F_impro07_F013,words_only,happiness,high,"{""emotion"": ""happiness"", ""intensity"": ""high""}"
Ses03F_impro07_F014,words_only,happiness,low,"{""emotion"": ""happiness"", ""intensity"": ""low""}"
Ses03F_impro07_F020,words_only,happiness,low,"{""emotion"": ""happiness"", ""intensity"": ""low""}"
Ses03F_impro07_F023,words_only,happiness,high,"{""emotion"": ""happiness"", ""intensity"": ""high""}"
Ses03F_impro07_F025,words_only,happiness,high,"{""emotion"": ""happiness"", ""intensity"": ""high""}"
Ses03F_impro07_F032,words_only,anger,high,"{""emotion"": ""anger"", ""intensity"": ""high""}"
Ses03F_impro07_F034,words_only,neutral,none,"{""emotion"": ""neutral"", ""intensity"": ""none""}"
Ses03F_impro07_M000,words_only,happiness,low,"{""emotion"": ""happiness"", ""intensity"": ""low""}"
Ses03F_impro07_M004,words_only,neutral,none,"{""emotion"": ""neutral"", ""intensity"": ""none""}"
Ses03F_impro07_M014,words_only,neutral,none,"{""emotion"": ""neutral"", ""intensity"": ""none""}"
Ses03F_impro07_M021,words_only,happiness,high,"{""emotion"": ""happiness"", ""intensity"": ""high""}"
Ses03F_impro07_M022,words_only,happiness,low,"{""emotion"": ""happiness"", ""intensity"": ""low""}"
Ses03F_impro07_M033,words_only,neutral,none,"{""emotion"": ""neutral"", ""intensity"": ""none""}"
Ses03F_impro07_M034,words_only,neutral,none,"{""emotion"": ""neutral"", ""intensity"": ""none""}"
Ses03F_impro07_M035,words_only,neutral,none,"{""emotion"": ""neutral"", ""intensity"": ""none""}"
Ses03F_impro08_F003,words_only,anger,low,"{""emotion"": ""anger"", ""intensity"": ""low""}"
Ses03F_impro08_F006,words_only,neutral,none,"{""emotion"": ""neutral"", ""intensity"": ""none""}"
Ses03F_impro08_F011,words_only,neutral,none,"{""emotion"": ""neutral"", ""intensity"": ""none""}"
Ses03F_impro08_F012,words_only,neutral,none,"{""emotion"": ""neutral"", ""intensity"": ""none""}"
Ses03F_impro08_F013,words_only,neutral,none,"{""emotion"": ""neutral"", ""intensity"": ""none""}"
Ses03F_impro08_F020,words_only,neutral,none,"{""emotion"": ""neutral"", ""intensity"": ""none""}"
Ses03F_impro08_F022,words_only,neutral,none,"{""emotion"": ""neutral"", ""intensity"": ""none""}"
Ses03F_impro08_F023,words_only,sadness,low,"{""emotion"": ""sadness"", ""intensity"": ""low""}"
Ses03F_impro08_F024,words_only,neutral,none,"{""emotion"": ""neutral"", ""intensity"": ""none""}"
Ses03F_impro08_F027,words_only,neutral,none,"{""emotion"": ""neutral"", ""intensity"": ""none""}"
Ses03F_impro08_M007,words_only,neutral,none,"{""emotion"": ""neutral"", ""intensity"": ""none""}"
Ses03F_impro08_M010,words_only,neutral,none,"{""emotion"": ""neutral"", ""intensity"": ""none""}"
Ses03F_script01_1_F004,words_only,neutral,none,"{""emotion"": ""neutral"", ""intensity"": ""none""}"
Ses03F_script01_1_F014,words_only,neutral,none,"{""emotion"": ""neutral"", ""intensity"": ""none""}"
Ses03F_script01_1_F017,words_only,anger,high,"{""emotion"": ""anger"", ""intensity"": ""high""}"
Ses03F_script01_1_F030,words_only,neutral,none,"{""emotion"": ""neutral"", ""intensity"": ""none""}"
Ses03F_script01_1_F031,words_only,neutral,none,"{""emotion"": ""neutral"", ""intensity"": ""none""}"
Ses03F_script01_1_F052,words_only,neutral,none,"{""emotion"": ""neutral"", ""intensity"": ""none""}"
Ses03F_script01_1_M009,words_only,neutral,none,"{""emotion"": ""neutral"", ""intensity"": ""none""}"
Ses03F_script01_1_M022,words_only,anger,high,"{""emotion"": ""anger"", ""intensity"": ""high""}"
Ses03F_script01_1_M027,words_only,anger,high,"{""emotion"": ""anger"", ""intensity"": ""high""}"
Ses03F_script01_1_M030,words_only,sadness,high,"{""emotion"": ""sadness"", ""intensity"": ""high""}"
Ses03F_script01_1_M034,words_only,neutral,none,"{""emotion"": ""neutral"", ""intensity"": ""none""}"
Ses03F_script01_1_M042,words_only,neutral,none,"{""emotion"": ""neutral"", ""intensity"": ""none""}"
Ses03F_script01_1_M046,words_only,neutral,none,"{""emotion"": ""neutral"", ""intensity"": ""none""}"
Ses03F_script01_1_M047,words_only,neutral,none,"{""emotion"": ""neutral"", ""intensity"": ""none""}"
Ses03F_script01_2_F016,words_only,anger,high,"{""emotion"": ""anger"", ""intensity"": ""high""}"
Ses03F_script01_2_M001,words_only,neutral,none,"{""emotion"": ""neutral"", ""intensity"": ""none""}"
Ses03F_script01_2_M013,words_only,sadness,high,"{""emotion"": ""sadness"", ""intensity"": ""high""}"
Ses03F_script01_2_M016,words_only,neutral,none,"{""emotion"": ""neutral"", ""intensity"": ""none""}"
Ses03F_script01_3_F000,words_only,happiness,low,"{""emotion"": ""happiness"", ""intensity"": ""low""}"
Ses03F_script01_3_F014,words_only,neutral,none,"{""emotion"": ""neutral"", ""intensity"": ""none""}"
Ses03F_script01_3_F018,words_only,sadness,high,"{""emotion"": ""sadness"", ""intensity"": ""high""}"
Ses03F_script01_3_F023,words_only,neutral,none,"{""emotion"": ""neutral"", ""intensity"": ""none""}"
Ses03F_script01_3_F027,words_only,neutral,none,"{""emotion"": ""neutral"", ""intensity"": ""none""}"
Ses03F_script01_3_F029,words_only,neutral,none,"{""emotion"": ""neutral"", ""intensity"": ""none""}"
Ses03F_script01_3_F031,words_only,anger,low,"{""emotion"": ""anger"", ""intensity"": ""low""}"
Ses03F_script01_3_F035,words_only,neutral,none,"{""emotion"": ""neutral"", ""intensity"": ""none""}"
Ses03F_script01_3_M004,words_only,neutral,none,"{""emotion"": ""neutral"", ""intensity"": ""none""}"
Ses03F_script01_3_M015,words_only,neutral,none,"{""emotion"": ""neutral"", ""intensity"": ""none""}"
Ses03F_script01_3_M018,words_only,neutral,none,"{""emotion"": ""neutral"", ""intensity"": ""none""}"
Ses03F_script01_3_M027,words_only,neutral,none,"{""emotion"": ""neutral"", ""intensity"": ""none""}"
Ses03F_script01_3_M029,words_only,neutral,none,"{""emotion"": ""neutral"", ""intensity"": ""none""}"
Ses03F_script01_3_M030,words_only,sadness,low,"{""emotion"": ""sadness"", ""intensity"": ""low""}"
Ses03F_script01_3_M036,words_only,sadness,low,"{""emotion"": ""sadness"", ""intensity"": ""low""}"
Ses03F_script01_3_M037,words_only,neutral,none,"{""emotion"": ""neutral"", ""intensity"": ""none""}"
Ses03F_script01_3_M045,words_only,neutral,none,"{""emotion"": ""neutral"", ""intensity"": ""none""}"
Ses03F_script02_1_M010,words_only,neutral,none,"{""emotion"": ""neutral"", ""intensity"": ""none""}"
Ses03F_script02_1_M022,words_only,neutral,none,"{""emotion"": ""neutral"", ""intensity"": ""none""}"
Ses03F_script02_1_M036,words_only,happiness,low,"{""emotion"": ""happiness"", ""intensity"": ""low""}"
Ses03F_script02_1_M039,words_only,neutral,none,"{""emotion"": ""neutral"", ""intensity"": ""none""}"
Ses03F_script02_1_M040,words_only,neutral,none,"{""emotion"": ""neutral"", ""intensity"": ""none""}"
Ses03F_script02_1_M041,words_only,neutral,none,"{""emotion"": ""neutral"", ""intensity"": ""none""}"
Ses03F_script02_1_M042,words_only,happiness,high,"{""emotion"": ""happiness"", ""intensity"": ""high""}"
Ses03F_script02_1_M044,words_only,neutral,none,"{""emotion"": ""neutral"", ""intensity"": ""none""}"
Ses03F_script02_2_F005,words_only,anger,high,"{""emotion"": ""anger"", ""intensity"": ""high""}"
Ses03F_script02_2_F012,words_only,sadness,high,"{""emotion"": ""sadness"", ""intensity"": ""high""}"
Ses03F_script02_2_F018,words_only,neutral,none,"{""emotion"": ""neutral"", ""intensity"": ""none""}"
Ses03F_script02_2_F023,words_only,happiness,high,"{""emotion"": ""happiness"", ""intensity"": ""high""}"
Ses03F_script02_2_F035,words_only,neutral,none,"{""emotion"": ""neutral"", ""intensity"": ""none""}"
Ses03F_script02_2_F038,words_only,neutral,none,"{""emotion"": ""neutral"", ""intensity"": ""none""}"
Ses03F_script02_2_F039,words_only,sadness,high,"{""emotion"": ""sadness"", ""intensity"": ""high""}"
Ses03F_script02_2_M038,words_only,neutral,none,"{""emotion"": ""neutral"", ""intensity"": ""none""}"
Ses03F_script03_1_F014,words_only,neutral,none,"{""emotion"": ""neutral"", ""intensity"": ""none""}"
Ses03F_script03_1_F019,words_only,anger,high,"{""emotion"": ""anger"", ""intensity"": ""high""}"
Ses03F_script03_1_F021,words_only,sadness,high,"{""emotion"": ""sadness"", ""intensity"": ""high""}"
Ses03F_script03_1_F026,words_only,neutral,none,"{""emotion"": ""neutral"", ""intensity"": ""none""}"
Ses03F_script03_1_M007,words_only,happiness,low,"{""emotion"": ""happiness"", ""intensity"": ""low""}"
Ses03F_script03_1_M011,words_only,anger,high,"{""emotion"": ""anger"", ""intensity"": ""high""}"
Ses03F_script03_1_M013,words_only,neutral,none,"{""emotion"": ""neutral"", ""intensity"": ""none""}"
Ses03F_script03_2_F008,words_only,neutral,none,"{""emotion"": ""neutral"", ""intensity"": ""none""}"
Ses03F_script03_2_F015,words_only,neutral,none,"{""emotion"": ""neutral"", ""intensity"": ""none""}"
Ses03F_script03_2_F037,words_only,anger,high,"{""emotion"": ""anger"", ""intensity"": ""high""}"
Ses03F_script03_2_F039,words_only,anger,high,"{""emotion"": ""anger"", ""intensity"": ""high""}"
Ses03F_script03_2_F041,words_only,neutral,none,"{""emotion"": ""neutral"", ""intensity"": ""none""}"
Ses03F_script03_2_M001,words_only,neutral,none,"{""emotion"": ""neutral"", ""intensity"": ""none""}"
Ses03F_script03_2_M007,words_only,neutral,none,"{""emotion"": ""neutral"", ""intensity"": ""none""}"
Ses03F_script03_2_M008,words_only,neutral,none,"{""emotion"": ""neutral"", ""intensity"": ""none""}"
Ses03F_script03_2_M009,words_only,neutral,none,"{""emotion"": ""neutral"", ""intensity"": ""none""}"
Ses03F_script03_2_M012,words_only,neutral,none,"{""emotion"": ""neutral"", ""intensity"": ""none""}"
Ses03F_script03_2_M026,words_only,neutral,none,"{""emotion"": ""neutral"", ""intensity"": ""none""}"
Ses03F_script03_2_M028,words_only,happiness,high,"{""emotion"": ""happiness"", ""intensity"": ""high""}"
Ses03F_script03_2_M029,words_only,neutral,none,"{""emotion"": ""neutral"", ""intensity"": ""none""}"
Ses03F_script03_2_M038,words_only,anger,low,"{""emotion"": ""anger"", ""intensity"": ""low""}"
Ses03F_script03_2_M043,words_only,anger,high,"{""emotion"": ""anger"", ""intensity"": ""high""}"
Ses03F_script03_2_M044,words_only,anger,high,"{""emotion"": ""anger"", ""intensity"": ""high""}"
Ses03M_impro01_F022,words_only,anger,high,"{""emotion"": ""anger"", ""intensity"": ""high""}"
Ses03M_impro01_F025,words_only,anger,high,"{""emotion"": ""anger"", ""intensity"": ""high""}"
Ses03M_impro01_M014,words_only,anger,high,"{""emotion"": ""anger"", ""intensity"": ""high""}"
Ses03M_impro01_M023,words_only,anger,high,"{""emotion"": ""anger"", ""intensity"": ""high""}"
Ses03M_impro01_M029,words_only,anger,high,"{""emotion"": ""anger"", ""intensity"": ""high""}"
Ses03M_impro02_F003,words_only,sadness,low,"{""emotion"": ""sadness"", ""intensity"": ""low""}"
Ses03M_impro02_F013,words_only,neutral,none,"{""emotion"": ""neutral"", ""intensity"": ""none""}"
Ses03M_impro02_F015,words_only,sadness,low,"{""emotion"": ""sadness"", ""intensity"": ""low""}"
Ses03M_impro02_F022,words_only,happiness,high,"{""emotion"": ""happiness"", ""intensity"": ""high""}"
Ses03M_impro02_F025,words_only,neutral,none,"{""emotion"": ""neutral"", ""intensity"": ""none""}"
Ses03M_impro02_F028,words_only,sadness,high,"{""emotion"": ""sadness"", ""intensity"": ""high""}"
Ses03M_impro02_F030,words_only,sadness,high,"{""emotion"": ""sadness"", ""intensity"": ""high""}"
Ses03M_impro02_M001,words_only,neutral,none,"{""emotion"": ""neutral"", ""intensity"": ""none""}"
Ses03M_impro02_M016,words_only,sadness,low,"{""emotion"": ""sadness"", ""intensity"": ""low""}"
Ses03M_impro02_M026,words_only,neutral,none,"{""emotion"": ""neutral"", ""intensity"": ""none""}"
Ses03M_impro02_M029,words_only,neutral,none,"{""emotion"": ""neutral"", ""intensity"": ""none""}"
Ses03M_impro02_M030,words_only,neutral,none,"{""emotion"": ""neutral"", ""intensity"": ""none""}"
Ses03M_impro03_F001,words_only,neutral,none,"{""emotion"": ""neutral"", ""intensity"": ""none""}"
Ses03M_impro03_F006,words_only,neutral,none,"{""emotion"": ""neutral"", ""intensity"": ""none""}"
Ses03M_impro03_F017,words_only,neutral,none,"{""emotion"": ""neutral"", ""intensity"": ""none""}"
Ses03M_impro03_F018,words_only,neutral,none,"{""emotion"": ""neutral"", ""intensity"": ""none""}"
Ses03M_impro03_F024,words_only,neutral,none,"{""emotion"": ""neutral"", ""intensity"": ""none""}"
Ses03M_impro03_F025,words_only,neutral,none,"{""emotion"": ""neutral"", ""intensity"": ""none""}"
Ses03M_impro03_F027,words_only,neutral,none,"{""emotion"": ""neutral"", ""intensity"": ""none""}"
Ses03M_impro03_M004,words_only,neutral,none,"{""emotion"": ""neutral"", ""intensity"": ""none""}"
Ses03M_impro03_M020,words_only,neutral,none,"{""emotion"": ""neutral"", ""intensity"": ""none""}"
Ses03M_impro03_M035,words_only,happiness,high,"{""emotion"": ""happiness"", ""intensity"": ""high""}"
Ses03M_impro03_M039,words_only,happiness,low,"{""emotion"": ""happiness"", ""intensity"": ""low""}"
Ses03M_impro04_F007,words_only,neutral,none,"{""emotion"": ""neutral"", ""intensity"": ""none""}"
Ses03M_impro04_M024,words_only,neutral,none,"{""emotion"": ""neutral"", ""intensity"": ""none""}"
Ses03M_impro04_M031,words_only,neutral,none,"{""emotion"": ""neutral"", ""intensity"": ""none""}"
Ses03M_impro05a_F000,words_only,neutral,none,"{""emotion"": ""neutral"", ""intensity"": ""none""}"
Ses03M_impro05a_F005,words_only,neutral,none,"{""emotion"": ""neutral"", ""intensity"": ""none""}"
Ses03M_impro05a_F012,words_only,sadness,high,"{""emotion"": ""sadness"", ""intensity"": ""high""}"
Ses03M_impro05a_F016,words_only,neutral,none,"{""emotion"": ""neutral"", ""intensity"": ""none""}"
Ses03M_impro05a_F018,words_only,anger,high,"{""emotion"": ""anger"", ""intensity"": ""high""}"
Ses03M_impro05a_F021,words_only,neutral,none,"{""emotion"": ""neutral"", ""intensity"": ""none""}"
Ses03M_impro05a_F025,words_only,neutral,none,"{""emotion"": ""neutral"", ""intensity"": ""none""}"
Ses03M_impro05a_F028,words_only,neutral,none,"{""emotion"": ""neutral"", ""intensity"": ""none""}"
Ses03M_impro05a_M006,words_only,neutral,none,"{""emotion"": ""neutral"", ""intensity"": ""none""}"
Ses03M_impro05a_M022,words_only,sadness,high,"{""emotion"": ""sadness"", ""intensity"": ""high""}"
Ses03M_impro05a_M023,words_only,anger,high,"{""emotion"": ""anger"", ""intensity"": ""high""}"
Ses03M_impro05a_M025,words_only,anger,high,"{""emotion"": ""anger"", ""intensity"": ""high""}"
Ses03M_impro05a_M030,words_only,anger,high,"{""emotion"": ""anger"", ""intensity"": ""high""}"
Ses03M_impro05b_F001,words_only,neutral,none,"{""emotion"": ""neutral"", ""intensity"": ""none""}"
Ses03M_impro05b_F002,words_only,neutral,none,"{""emotion"": ""neutral"", ""intensity"": ""none""}"
Ses03M_impro05b_F004,words_only,neutral,none,"{""emotion"": ""neutral"", ""intensity"": ""none""}"
Ses03M_impro05b_F007,words_only,neutral,none,"{""emotion"": ""neutral"", ""intensity"": ""none""}"
Ses03M_impro05b_F012,words_only,neutral,none,"{""emotion"": ""neutral"", ""intensity"": ""none""}"
Ses03M_impro05b_F013,words_only,neutral,none,"{""emotion"": ""neutral"", ""intensity"": ""none""}"
Ses03M_impro05b_F014,words_only,neutral,none,"{""emotion"": ""neutral"", ""intensity"": ""none""}"
Ses03M_impro05b_F020,words_only,neutral,none,"{""emotion"": ""neutral"", ""intensity"": ""none""}"
Ses03M_impro05b_F022,words_only,neutral,none,"{""emotion"": ""neutral"", ""intensity"": ""none""}"
Ses03M_impro05b_F028,words_only,neutral,none,"{""emotion"": ""neutral"", ""intensity"": ""none""}"
Ses03M_impro05b_F029,words_only,neutral,none,"{""emotion"": ""neutral"", ""intensity"": ""none""}"
Ses03M_impro05b_F030,words_only,neutral,none,"{""emotion"": ""neutral"", ""intensity"": ""none""}"
Ses03M_impro05b_M013,words_only,happiness,low,"{""emotion"": ""happiness"", ""intensity"": ""low""}"
Ses03M_impro05b_M015,words_only,neutral,none,"{""emotion"": ""neutral"", ""intensity"": ""none""}"
Ses03M_impro05b_M020,words_only,happiness,low,"{""emotion"": ""happiness"", ""intensity"": ""low""}"
Ses03M_impro05b_M022,words_only,anger,low,"{""emotion"": ""anger"", ""intensity"": ""low""}"
Ses03M_impro05b_M032,words_only,sadness,low,"{""emotion"": ""sadness"", ""intensity"": ""low""}"
Ses03M_impro06_F007,words_only,sadness,low,"{""emotion"": ""sadness"", ""intensity"": ""low""}"
Ses03M_impro06_F013,words_only,sadness,low,"{""emotion"": ""sadness"", ""intensity"": ""low""}"
Ses03M_impro06_F016,words_only,neutral,none,"{""emotion"": ""neutral"", ""intensity"": ""none""}"
Ses03M_impro06_F019,words_only,sadness,low,"{""emotion"": ""sadness"", ""intensity"": ""low""}"
Ses03M_impro06_M001,words_only,neutral,none,"{""emotion"": ""neutral"", ""intensity"": ""none""}"
Ses03M_impro06_M005,words_only,sadness,high,"{""emotion"": ""sadness"", ""intensity"": ""high""}"
Ses03M_impro06_M007,words_only,neutral,none,"{""emotion"": ""neutral"", ""intensity"": ""none""}"
Ses03M_impro06_M012,words_only,sadness,high,"{""emotion"": ""sadness"", ""intensity"": ""high""}"
Ses03M_impro06_M013,words_only,sadness,high,"{""emotion"": ""sadness"", ""intensity"": ""high""}"
Ses03M_impro06_M017,words_only,sadness,high,"{""emotion"": ""sadness"", ""intensity"": ""high""}"
Ses03M_impro06_M018,words_only,sadness,low,"{""emotion"": ""sadness"", ""intensity"": ""low""}"
Ses03M_impro06_M028,words_only,neutral,none,"{""emotion"": ""neutral"", ""intensity"": ""none""}"
Ses03M_impro06_M030,words_only,sadness,low,"{""emotion"": ""sadness"", ""intensity"": ""low""}"
Ses03M_impro06_M031,words_only,sadness,low,"{""emotion"": ""sadness"", ""intensity"": ""low""}"
Ses03M_impro07_F006,words_only,happiness,low,"{""emotion"": ""happiness"", ""intensity"": ""low""}"
Ses03M_impro07_F009,words_only,happiness,high,"{""emotion"": ""happiness"", ""intensity"": ""high""}"
Ses03M_impro07_F016,words_only,happiness,high,"{""emotion"": ""happiness"", ""intensity"": ""high""}"
Ses03M_impro07_F017,words_only,happiness,high,"{""emotion"": ""happiness"", ""intensity"": ""high""}"
Ses03M_impro07_M002,words_only,happiness,high,"{""emotion"": ""happiness"", ""intensity"": ""high""}"
Ses03M_impro07_M004,words_only,neutral,none,"{""emotion"": ""neutral"", ""intensity"": ""none""}"
Ses03M_impro07_M010,words_only,happiness,high,"{""emotion"": ""happiness"", ""intensity"": ""high""}"
Ses03M_impro07_M014,words_only,happiness,low,"{""emotion"": ""happiness"", ""intensity"": ""low""}"
Ses03M_impro07_M023,words_only,neutral,none,"{""emotion"": ""neutral"", ""intensity"": ""none""}"
Ses03M_impro07_M024,words_only,happiness,high,"{""emotion"": ""happiness"", ""intensity"": ""high""}"
Ses03M_impro08a_F013,words_only,anger,high,"{""emotion"": ""anger"", ""intensity"": ""high""}"
Ses03M_impro08a_F014,words_only,neutral,none,"{""emotion"": ""neutral"", ""intensity"": ""none""}"
Ses03M_impro08a_F020,words_only,anger,high,"{""emotion"": ""anger"", ""intensity"": ""high""}"
Ses03M_impro08a_F021,words_only,neutral,none,"{""emotion"": ""neutral"", ""intensity"": ""none""}"
Ses03M_impro08a_F022,words_only,anger,high,"{""emotion"": ""anger"", ""intensity"": ""high""}"
Ses03M_impro08a_M002,words_only,neutral,none,"{""emotion"": ""neutral"", ""intensity"": ""none""}"
Ses03M_impro08a_M020,words_only,neutral,none,"{""emotion"": ""neutral"", ""intensity"": ""none""}"
Ses03M_impro08b_F005,words_only,anger,high,"{""emotion"": ""anger"", ""intensity"": ""high""}"
Ses03M_impro08b_F006,words_only,anger,high,"{""emotion"": ""anger"", ""intensity"": ""high""}"
Ses03M_impro08b_M003,words_only,neutral,none,"{""emotion"": ""neutral"", ""intensity"": ""none""}"
Ses03M_impro08b_M017,words_only,neutral,none,"{""emotion"": ""neutral"", ""intensity"": ""none""}"
Ses03M_impro08b_M021,words_only,neutral,none,"{""emotion"": ""neutral"", ""intensity"": ""none""}"
Ses03M_script01_1_F017,words_only,neutral,none,"{""emotion"": ""neutral"", ""intensity"": ""none""}"
Ses03M_script01_1_F020,words_only,neutral,none,"{""emotion"": ""neutral"", ""intensity"": ""none""}"
Ses03M_script01_1_M001,words_only,neutral,none,"{""emotion"": ""neutral"", ""intensity"": ""none""}"
Ses03M_script01_1_M004,words_only,sadness,low,"{""emotion"": ""sadness"", ""intensity"": ""low""}"
Ses03M_script01_1_M012,words_only,sadness,high,"{""emotion"": ""sadness"", ""intensity"": ""high""}"
Ses03M_script01_1_M019,words_only,happiness,high,"{""emotion"": ""happiness"", ""intensity"": ""high""}"
Ses03M_script01_1_M027,words_only,anger,high,"{""emotion"": ""anger"", ""intensity"": ""high""}"
Ses03M_script01_1_M030,words_only,neutral,none,"{""emotion"": ""neutral"", ""intensity"": ""none""}"
Ses03M_script01_1_M036,words_only,happiness,low,"{""emotion"": ""happiness"", ""intensity"": ""low""}"
Ses03M_script01_1_M037,words_only,anger,high,"{""emotion"": ""anger"", ""intensity"": ""high""}"
Ses03M_script01_1_M038,words_only,neutral,none,"{""emotion"": ""neutral"", ""intensity"": ""none""}"
Ses03M_script01_1_M041,words_only,happiness,high,"{""emotion"": ""happiness"", ""intensity"": ""high""}"
Ses03M_script01_2_F001,words_only,sadness,low,"{""emotion"": ""sadness"", ""intensity"": ""low""}"
Ses03M_script01_2_F009,words_only,neutral,none,"{""emotion"": ""neutral"", ""intensity"": ""none""}"
Ses03M_script01_2_F011,words_only,neutral,none,"{""emotion"": ""neutral"", ""intensity"": ""none""}"
Ses03M_script01_2_F012,words_only,anger,high,"{""emotion"": ""anger"", ""intensity"": ""high""}"
Ses03M_script01_2_F015,words_only,sadness,high,"{""emotion"": ""sadness"", ""intensity"": ""high""}"
Ses03M_script01_2_F017,words_only,neutral,none,"{""emotion"": ""neutral"", ""intensity"": ""none""}"
Ses03M_script01_2_M004,words_only,neutral,none,"{""emotion"": ""neutral"", ""intensity"": ""none""}"
Ses03M_script01_2_M014,words_only,anger,high,"{""emotion"": ""anger"", ""intensity"": ""high""}"
Ses03M_script01_2_M016,words_only,neutral,none,"{""emotion"": ""neutral"", ""intensity"": ""none""}"
Ses03M_script01_3_F011,words_only,happiness,low,"{""emotion"": ""happiness"", ""intensity"": ""low""}"
Ses03M_script01_3_F015,words_only,neutral,none,"{""emotion"": ""neutral"", ""intensity"": ""none""}"
Ses03M_script01_3_F016,words_only,neutral,none,"{""emotion"": ""neutral"", ""intensity"": ""none""}"
Ses03M_script01_3_F021,words_only,anger,low,"{""emotion"": ""anger"", ""intensity"": ""low""}"
Ses03M_script01_3_F033,words_only,neutral,none,"{""emotion"": ""neutral"", ""intensity"": ""none""}"
Ses03M_script01_3_M021,words_only,happiness,high,"{""emotion"": ""happiness"", ""intensity"": ""high""}"
Ses03M_script01_3_M030,words_only,sadness,low,"{""emotion"": ""sadness"", ""intensity"": ""low""}"
Ses03M_script01_3_M031,words_only,happiness,low,"{""emotion"": ""happiness"", ""intensity"": ""low""}"
Ses03M_script01_3_M034,words_only,neutral,none,"{""emotion"": ""neutral"", ""intensity"": ""none""}"
Ses03M_script01_3_M041,words_only,anger,high,"{""emotion"": ""anger"", ""intensity"": ""high""}"
Ses03M_script02_1_F016,words_only,neutral,none,"{""emotion"": ""neutral"", ""intensity"": ""none""}"
Ses03M_script02_1_M003,words_only,neutral,none,"{""emotion"": ""neutral"", ""intensity"": ""none""}"
Ses03M_script02_1_M005,words_only,sadness,low,"{""emotion"": ""sadness"", ""intensity"": ""low""}"
Ses03M_script02_1_M023,words_only,happiness,low,"{""emotion"": ""happiness"", ""intensity"": ""low""}"
Ses03M_script02_1_M025,words_only,neutral,none,"{""emotion"": ""neutral"", ""intensity"": ""none""}"
Ses03M_script02_1_M036,words_only,neutral,none,"{""emotion"": ""neutral"", ""intensity"": ""none""}"
Ses03M_script02_2_F002,words_only,neutral,none,"{""emotion"": ""neutral"", ""intensity"": ""none""}"
Ses03M_script02_2_F009,words_only,neutral,none,"{""emotion"": ""neutral"", ""intensity"": ""none""}"
Ses03M_script02_2_F024,words_only,sadness,low,"{""emotion"": ""sadness"", ""intensity"": ""low""}"
Ses03M_script02_2_F025,words_only,neutral,none,"{""emotion"": ""neutral"", ""intensity"": ""none""}"
Ses03M_script02_2_F034,words_only,neutral,none,"{""emotion"": ""neutral"", ""intensity"": ""none""}"
Ses03M_script02_2_F036,words_only,sadness,low,"{""emotion"": ""sadness"", ""intensity"": ""low""}"
Ses03M_script02_2_F038,words_only,happiness,high,"{""emotion"": ""happiness"", ""intensity"": ""high""}"
Ses03M_script02_2_F042,words_only,happiness,low,"{""emotion"": ""happiness"", ""intensity"": ""low""}"
Ses03M_script02_2_F049,words_only,neutral,none,"{""emotion"": ""neutral"", ""intensity"": ""none""}"
Ses03M_script02_2_M017,words_only,neutral,none,"{""emotion"": ""neutral"", ""intensity"": ""none""}"
Ses03M_script02_2_M020,words_only,neutral,none,"{""emotion"": ""neutral"", ""intensity"": ""none""}"
Ses03M_script02_2_M021,words_only,neutral,none,"{""emotion"": ""neutral"", ""intensity"": ""none""}"
Ses03M_script02_2_M030,words_only,happiness,low,"{""emotion"": ""happiness"", ""intensity"": ""low""}"
Ses03M_script02_2_M031,words_only,anger,high,"{""emotion"": ""anger"", ""intensity"": ""high""}"
Ses03M_script02_2_M036,words_only,neutral,none,"{""emotion"": ""neutral"", ""intensity"": ""none""}"
Ses03M_script02_2_M041,words_only,neutral,none,"{""emotion"": ""neutral"", ""intensity"": ""none""}"
Ses03M_script02_2_M045,words_only,neutral,none,"{""emotion"": ""neutral"", ""intensity"": ""none""}"
Ses03M_script03_2_F000,words_only,anger,low,"{""emotion"": ""anger"", ""intensity"": ""low""}"
Ses03M_script03_2_F004,words_only,neutral,none,"{""emotion"": ""neutral"", ""intensity"": ""none""}"
Ses03M_script03_2_F011,words_only,anger,low,"{""emotion"": ""anger"", ""intensity"": ""low""}"
Ses03M_script03_2_F012,words_only,neutral,none,"{""emotion"": ""neutral"", ""intensity"": ""none""}"
Ses03M_script03_2_F028,words_only,anger,high,"{""emotion"": ""anger"", ""intensity"": ""high""}"
Ses03M_script03_2_F030,words_only,anger,high,"{""emotion"": ""anger"", ""intensity"": ""high""}"
Ses03M_script03_2_F033,words_only,sadness,low,"{""emotion"": ""sadness"", ""intensity"": ""low""}"
Ses03M_script03_2_F041,words_only,anger,high,"{""emotion"": ""anger"", ""intensity"": ""high""}"
Ses03M_script03_2_F044,words_only,anger,high,"{""emotion"": ""anger"", ""intensity"": ""high""}"
Ses03M_script03_2_M003,words_only,anger,high,"{""emotion"": ""anger"", ""intensity"": ""high""}"
Ses03M_script03_2_M005,words_only,anger,high,"{""emotion"": ""anger"", ""intensity"": ""high""}"
Ses03M_script03_2_M008,words_only,sadness,low,"{""emotion"": ""sadness"", ""intensity"": ""low""}"
Ses03M_script03_2_M009,words_only,neutral,none,"{""emotion"": ""neutral"", ""intensity"": ""none""}"
Ses03M_script03_2_M010,words_only,neutral,none,"{""emotion"": ""neutral"", ""intensity"": ""none""}"
Ses03M_script03_2_M019,words_only,neutral,none,"{""emotion"": ""neutral"", ""intensity"": ""none""}"
Ses03M_script03_2_M040,words_only,anger,high,"{""emotion"": ""anger"", ""intensity"": ""high""}"
Ses04F_impro01_F008,words_only,sadness,low,"{""emotion"": ""sadness"", ""intensity"": ""low""}"
Ses04F_impro01_F009,words_only,anger,low,"{""emotion"": ""anger"", ""intensity"": ""low""}"
Ses04F_impro01_F012,words_only,anger,high,"{""emotion"": ""anger"", ""intensity"": ""high""}"
Ses04F_impro01_F021,words_only,anger,low,"{""emotion"": ""anger"", ""intensity"": ""low""}"
Ses04F_impro01_M005,words_only,anger,high,"{""emotion"": ""anger"", ""intensity"": ""high""}"
Ses04F_impro01_M008,words_only,sadness,high,"{""emotion"": ""sadness"", ""intensity"": ""high""}"
Ses04F_impro01_M014,words_only,neutral,none,"{""emotion"": ""neutral"", ""intensity"": ""none""}"
Ses04F_impro01_M023,words_only,anger,high,"{""emotion"": ""anger"", ""intensity"": ""high""}"
Ses04F_impro02_F001,words_only,neutral,none,"{""emotion"": ""neutral"", ""intensity"": ""none""}"
Ses04F_impro02_F007,words_only,sadness,high,"{""emotion"": ""sadness"", ""intensity"": ""high""}"
Ses04F_impro02_F009,words_only,anger,low,"{""emotion"": ""anger"", ""intensity"": ""low""}"
Ses04F_impro02_F011,words_only,anger,low,"{""emotion"": ""anger"", ""intensity"": ""low""}"
Ses04F_impro02_F023,words_only,neutral,none,"{""emotion"": ""neutral"", ""intensity"": ""none""}"
Ses04F_impro02_F024,words_only,neutral,none,"{""emotion"": ""neutral"", ""intensity"": ""none""}"
Ses04F_impro02_M000,words_only,neutral,none,"{""emotion"": ""neutral"", ""intensity"": ""none""}"
Ses04F_impro02_M012,words_only,sadness,high,"{""emotion"": ""sadness"", ""intensity"": ""high""}"
Ses04F_impro03_F001,words_only,happiness,high,"{""emotion"": ""happiness"", ""intensity"": ""high""}"
Ses04F_impro03_F002,words_only,neutral,none,"{""emotion"": ""neutral"", ""intensity"": ""none""}"
Ses04F_impro03_F012,words_only,neutral,none,"{""emotion"": ""neutral"", ""intensity"": ""none""}"
Ses04F_impro03_F038,words_only,happiness,low,"{""emotion"": ""happiness"", ""intensity"": ""low""}"
Ses04F_impro03_F040,words_only,neutral,none,"{""emotion"": ""neutral"", ""intensity"": ""none""}"
Ses04F_impro03_F042,words_only,happiness,high,"{""emotion"": ""happiness"", ""intensity"": ""high""}"
Ses04F_impro03_F044,words_only,neutral,none,"{""emotion"": ""neutral"", ""intensity"": ""none""}"
Ses04F_impro03_F045,words_only,neutral,none,"{""emotion"": ""neutral"", ""intensity"": ""none""}"
Ses04F_impro03_M019,words_only,neutral,none,"{""emotion"": ""neutral"", ""intensity"": ""none""}"
Ses04F_impro03_M027,words_only,neutral,none,"{""emotion"": ""neutral"", ""intensity"": ""none""}"
Ses04F_impro03_M037,words_only,happiness,high,"{""emotion"": ""happiness"", ""intensity"": ""high""}"
Ses04F_impro03_M040,words_only,sadness,high,"{""emotion"": ""sadness"", ""intensity"": ""high""}"
Ses04F_impro03_M043,words_only,sadness,low,"{""emotion"": ""sadness"", ""intensity"": ""low""}"
Ses04F_impro04_F000,words_only,neutral,none,"{""emotion"": ""neutral"", ""intensity"": ""none""}"
Ses04F_impro04_F025,words_only,anger,low,"{""emotion"": ""anger"", ""intensity"": ""low""}"
Ses04F_impro04_M003,words_only,neutral,none,"{""emotion"": ""neutral"", ""intensity"": ""none""}"
Ses04F_impro04_M004,words_only,neutral,none,"{""emotion"": ""neutral"", ""intensity"": ""none""}"
Ses04F_impro04_M013,words_only,neutral,none,"{""emotion"": ""neutral"", ""intensity"": ""none""}"
Ses04F_impro04_M018,words_only,neutral,none,"{""emotion"": ""neutral"", ""intensity"": ""none""}"
Ses04F_impro05_F004,words_only,sadness,low,"{""emotion"": ""sadness"", ""intensity"": ""low""}"
Ses04F_impro05_F010,words_only,neutral,none,"{""emotion"": ""neutral"", ""intensity"": ""none""}"
Ses04F_impro06_F000,words_only,neutral,none,"{""emotion"": ""neutral"", ""intensity"": ""none""}"
Ses04F_impro06_F003,words_only,neutral,none,"{""emotion"": ""neutral"", ""intensity"": ""none""}"
Ses04F_impro06_F004,words_only,neutral,none,"{""emotion"": ""neutral"", ""intensity"": ""none""}"
Ses04F_impro06_F005,words_only,sadness,high,"{""emotion"": ""sadness"", ""intensity"": ""high""}"
Ses04F_impro06_F007,words_only,happiness,low,"{""emotion"": ""happiness"", ""intensity"": ""low""}"
Ses04F_impro06_F010,words_only,neutral,none,"{""emotion"": ""neutral"", ""intensity"": ""none""}"
Ses04F_impro06_M006,words_only,sadness,low,"{""emotion"": ""sadness"", ""intensity"": ""low""}"
Ses04F_impro06_M007,words_only,neutral,none,"{""emotion"": ""neutral"", ""intensity"": ""none""}"
Ses04F_impro06_M009,words_only,sadness,low,"{""emotion"": ""sadness"", ""intensity"": ""low""}"
Ses04F_impro06_M010,words_only,neutral,none,"{""emotion"": ""neutral"", ""intensity"": ""none""}"
Ses04F_impro06_M011,words_only,happiness,low,"{""emotion"": ""happiness"", ""intensity"": ""low""}"
Ses04F_impro06_M013,words_only,neutral,none,"{""emotion"": ""neutral"", ""intensity"": ""none""}"
Ses04F_impro06_M014,words_only,neutral,none,"{""emotion"": ""neutral"", ""intensity"": ""none""}"
Ses04F_impro07_F000,words_only,happiness,low,"{""emotion"": ""happiness"", ""intensity"": ""low""}"
Ses04F_impro07_F001,words_only,neutral,none,"{""emotion"": ""neutral"", ""intensity"": ""none""}"
Ses04F_impro07_F005,words_only,happiness,high,"{""emotion"": ""happiness"", ""intensity"": ""high""}"
Ses04F_impro07_F007,words_only,sadness,low,"{""emotion"": ""sadness"", ""intensity"": ""low""}"
Ses04F_impro07_F016,words_only,happiness,high,"{""emotion"": ""happiness"", ""intensity"": ""high""}"
Ses04F_impro07_F029,words_only,happiness,high,"{""emotion"": ""happiness"", ""intensity"": ""high""}"
Ses04F_impro07_F059,words_only,neutral,none,"{""emotion"": ""neutral"", ""intensity"": ""none""}"
Ses04F_impro07_F062,words_only,anger,low,"{""emotion"": ""anger"", ""intensity"": ""low""}"
Ses04F_impro07_F066,words_only,neutral,none,"{""emotion"": ""neutral"", ""intensity"": ""none""}"
Ses04F_impro07_F079,words_only,neutral,none,"{""emotion"": ""neutral"", ""intensity"": ""none""}"
Ses04F_impro07_M001,words_only,neutral,none,"{""emotion"": ""neutral"", ""intensity"": ""none""}"
Ses04F_impro07_M009,words_only,neutral,none,"{""emotion"": ""neutral"", ""intensity"": ""none""}"
Ses04F_impro07_M017,words_only,anger,high,"{""emotion"": ""anger"", ""intensity"": ""high""}"
Ses04F_impro07_M020,words_only,neutral,none,"{""emotion"": ""neutral"", ""intensity"": ""none""}"
Ses04F_impro07_M022,words_only,neutral,none,"{""emotion"": ""neutral"", ""intensity"": ""none""}"
Ses04F_impro07_M023,words_only,neutral,none,"{""emotion"": ""neutral"", ""intensity"": ""none""}"
Ses04F_impro07_M034,words_only,happiness,low,"{""emotion"": ""happiness"", ""intensity"": ""low""}"
Ses04F_impro07_M035,words_only,neutral,none,"{""emotion"": ""neutral"", ""intensity"": ""none""}"
Ses04F_impro07_M038,words_only,neutral,none,"{""emotion"": ""neutral"", ""intensity"": ""none""}"
Ses04F_impro07_M040,words_only,neutral,none,"{""emotion"": ""neutral"", ""intensity"": ""none""}"
Ses04F_impro07_M043,words_only,happiness,low,"{""emotion"": ""happiness"", ""intensity"": ""low""}"
Ses04F_impro07_M050,words_only,neutral,none,"{""emotion"": ""neutral"", ""intensity"": ""none""}"
Ses04F_impro07_M072,words_only,neutral,none,"{""emotion"": ""neutral"", ""intensity"": ""none""}"
Ses04F_impro07_M073,words_only,neutral,none,"{""emotion"": ""neutral"", ""intensity"": ""none""}"
Ses04F_impro07_M076,words_only,neutral,none,"{""emotion"": ""neutral"", ""intensity"": ""none""}"
Ses04F_impro07_M077,words_only,neutral,none,"{""emotion"": ""neutral"", ""intensity"": ""none""}"
Ses04F_impro07_M079,words_only,anger,low,"{""emotion"": ""anger"", ""intensity"": ""low""}"
Ses04F_impro08_F001,words_only,neutral,none,"{""emotion"": ""neutral"", ""intensity"": ""none""}"
Ses04F_impro08_F002,words_only,happiness,low,"{""emotion"": ""happiness"", ""intensity"": ""low""}"
Ses04F_impro08_F009,words_only,neutral,none,"{""emotion"": ""neutral"", ""intensity"": ""none""}"
Ses04F_impro08_F023,words_only,neutral,none,"{""emotion"": ""neutral"", ""intensity"": ""none""}"
Ses04F_impro08_M001,words_only,neutral,none,"{""emotion"": ""neutral"", ""intensity"": ""none""}"
Ses04F_impro08_M013,words_only,anger,low,"{""emotion"": ""anger"", ""intensity"": ""low""}"
Ses04F_impro08_M015,words_only,anger,high,"{""emotion"": ""anger"", ""intensity"": ""high""}"
Ses04F_impro08_M022,words_only,neutral,none,"{""emotion"": ""neutral"", ""intensity"": ""none""}"
Ses04F_script01_1_F011,words_only,anger,high,"{""emotion"": ""anger"", ""intensity"": ""high""}"
Ses04F_script01_1_F014,words_only,neutral,none,"{""emotion"": ""neutral"", ""intensity"": ""none""}"
Ses04F_script01_1_F018,words_only,neutral,none,"{""emotion"": ""neutral"", ""intensity"": ""none""}"
Ses04F_script01_1_F022,words_only,neutral,none,"{""emotion"": ""neutral"", ""intensity"": ""none""}"
Ses04F_script01_1_F023,words_only,anger,high,"{""emotion"": ""anger"", ""intensity"": ""high""}"
Ses04F_script01_1_F040,words_only,neutral,none,"{""emotion"": ""neutral"", ""intensity"": ""none""}"
Ses04F_script01_1_M004,words_only,neutral,none,"{""emotion"": ""neutral"", ""intensity"": ""none""}"
Ses04F_script01_1_M009,words_only,sadness,high,"{""emotion"": ""sadness"", ""intensity"": ""high""}"
Ses04F_script01_1_M013,words_only,anger,high,"{""emotion"": ""anger"", ""intensity"": ""high""}"
Ses04F_script01_1_M022,words_only,neutral,none,"{""emotion"": ""neutral"", ""intensity"": ""none""}"
Ses04F_script01_1_M025,words_only,anger,high,"{""emotion"": ""anger"", ""intensity"": ""high""}"
Ses04F_script01_1_M032,words_only,happiness,low,"{""emotion"": ""happiness"", ""intensity"": ""low""}"
Ses04F_script01_2_F000,words_only,anger,low,"{""emotion"": ""anger"", ""intensity"": ""low""}"
Ses04F_script01_2_M000,words_only,neutral,none,"{""emotion"": ""neutral"", ""intensity"": ""none""}"
Ses04F_script01_3_F009,words_only,neutral,none,"{""emotion"": ""neutral"", ""intensity"": ""none""}"
Ses04F_script01_3_F024,words_only,neutral,none,"{""emotion"": ""neutral"", ""intensity"": ""none""}"
Ses04F_script01_3_F030,words_only,neutral,none,"{""emotion"": ""neutral"", ""intensity"": ""none""}"
Ses04F_script01_3_M010,words_only,sadness,low,"{""emotion"": ""sadness"", ""intensity"": ""low""}"
Ses04F_script01_3_M014,words_only,sadness,high,"{""emotion"": ""sadness"", ""intensity"": ""high""}"
Ses04F_script01_3_M018,words_only,happiness,high,"{""emotion"": ""happiness"", ""intensity"": ""high""}"
Ses04F_script01_3_M019,words_only,happiness,low,"{""emotion"": ""happiness"", ""intensity"": ""low""}"
Ses04F_script01_3_M020,words_only,happiness,high,"{""emotion"": ""happiness"", ""intensity"": ""high""}"
Ses04F_script01_3_M023,words_only,neutral,none,"{""emotion"": ""neutral"", ""intensity"": ""none""}"
Ses04F_script01_3_M024,words_only,sadness,low,"{""emotion"": ""sadness"", ""intensity"": ""low""}"
Ses04F_script01_3_M026,words_only,neutral,none,"{""emotion"": ""neutral"", ""intensity"": ""none""}"
Ses04F_script01_3_M028,words_only,sadness,low,"{""emotion"": ""sadness"", ""intensity"": ""low""}"
Ses04F_script01_3_M032,words_only,neutral,none,"{""emotion"": ""neutral"", ""intensity"": ""none""}"
Ses04F_script01_3_M033,words_only,sadness,high,"{""emotion"": ""sadness"", ""intensity"": ""high""}"
Ses04F_script01_3_M034,words_only,neutral,none,"{""emotion"": ""neutral"", ""intensity"": ""none""}"
Ses04F_script01_3_M035,words_only,neutral,none,"{""emotion"": ""neutral"", ""intensity"": ""none""}"
Ses04F_script01_3_M039,words_only,sadness,low,"{""emotion"": ""sadness"", ""intensity"": ""low""}"
Ses04F_script01_3_M040,words_only,sadness,low,"{""emotion"": ""sadness"", ""intensity"": ""low""}"
Ses04F_script01_3_M041,words_only,sadness,high,"{""emotion"": ""sadness"", ""intensity"": ""high""}"
Ses04F_script01_3_M043,words_only,happiness,low,"{""emotion"": ""happiness"", ""intensity"": ""low""}"
Ses04F_script02_1_F000,words_only,neutral,none,"{""emotion"": ""neutral"", ""intensity"": ""none""}"
Ses04F_script02_1_F013,words_only,sadness,low,"{""emotion"": ""sadness"", ""intensity"": ""low""}"
Ses04F_script02_1_M009,words_only,neutral,none,"{""emotion"": ""neutral"", ""intensity"": ""none""}"
Ses04F_script02_1_M010,words_only,neutral,none,"{""emotion"": ""neutral"", ""intensity"": ""none""}"
Ses04F_script02_1_M023,words_only,neutral,none,"{""emotion"": ""neutral"", ""intensity"": ""none""}"
Ses04F_script02_1_M032,words_only,neutral,none,"{""emotion"": ""neutral"", ""intensity"": ""none""}"
Ses04F_script02_1_M034,words_only,neutral,none,"{""emotion"": ""neutral"", ""intensity"": ""none""}"
Ses04F_script02_1_M036,words_only,neutral,none,"{""emotion"": ""neutral"", ""intensity"": ""none""}"
Ses04F_script02_1_M040,words_only,happiness,high,"{""emotion"": ""happiness"", ""intensity"": ""high""}"
Ses04F_script02_2_F008,words_only,neutral,none,"{""emotion"": ""neutral"", ""intensity"": ""none""}"
Ses04F_script02_2_F019,words_only,happiness,low,"{""emotion"": ""happiness"", ""intensity"": ""low""}"
Ses04F_script02_2_F020,words_only,happiness,high,"{""emotion"": ""happiness"", ""intensity"": ""high""}"
Ses04F_script02_2_F021,words_only,neutral,none,"{""emotion"": ""neutral"", ""intensity"": ""none""}"
Ses04F_script02_2_F022,words_only,neutral,none,"{""emotion"": ""neutral"", ""intensity"": ""none""}"
Ses04F_script02_2_F037,words_only,sadness,high,"{""emotion"": ""sadness"", ""intensity"": ""high""}"
Ses04F_script02_2_F041,words_only,happiness,low,"{""emotion"": ""happiness"", ""intensity"": ""low""}"
Ses04F_script02_2_F043,words_only,happiness,low,"{""emotion"": ""happiness"", ""intensity"": ""low""}"
Ses04F_script02_2_F045,words_only,neutral,none,"{""emotion"": ""neutral"", ""intensity"": ""none""}"
Ses04F_script02_2_F046,words_only,neutral,none,"{""emotion"": ""neutral"", ""intensity"": ""none""}"
Ses04F_script02_2_M021,words_only,anger,high,"{""emotion"": ""anger"", ""intensity"": ""high""}"
Ses04F_script02_2_M046,words_only,neutral,none,"{""emotion"": ""neutral"", ""intensity"": ""none""}"
Ses04F_script02_2_M047,words_only,neutral,none,"{""emotion"": ""neutral"", ""intensity"": ""none""}"
Ses04F_script03_1_F007,words_only,neutral,none,"{""emotion"": ""neutral"", ""intensity"": ""none""}"
Ses04F_script03_1_F017,words_only,sadness,high,"{""emotion"": ""sadness"", ""intensity"": ""high""}"
Ses04F_script03_1_F030,words_only,neutral,none,"{""emotion"": ""neutral"", ""intensity"": ""none""}"
Ses04F_script03_2_F013,words_only,anger,high,"{""emotion"": ""anger"", ""intensity"": ""high""}"
Ses04F_script03_2_F019,words_only,anger,low,"{""emotion"": ""anger"", ""intensity"": ""low""}"
Ses04F_script03_2_F020,words_only,neutral,none,"{""emotion"": ""neutral"", ""intensity"": ""none""}"
Ses04F_script03_2_F023,words_only,neutral,none,"{""emotion"": ""neutral"", ""intensity"": ""none""}"
Ses04F_script03_2_F024,words_only,anger,high,"{""emotion"": ""anger"", ""intensity"": ""high""}"
Ses04F_script03_2_F038,words_only,anger,high,"{""emotion"": ""anger"", ""intensity"": ""high""}"
Ses04F_script03_2_M000,words_only,neutral,none,"{""emotion"": ""neutral"", ""intensity"": ""none""}"
Ses04F_script03_2_M005,words_only,anger,high,"{""emotion"": ""anger"", ""intensity"": ""high""}"
Ses04F_script03_2_M006,words_only,neutral,none,"{""emotion"": ""neutral"", ""intensity"": ""none""}"
Ses04F_script03_2_M014,words_only,anger,high,"{""emotion"": ""anger"", ""intensity"": ""high""}"
Ses04F_script03_2_M015,words_only,neutral,none,"{""emotion"": ""neutral"", ""intensity"": ""none""}"
Ses04F_script03_2_M040,words_only,happiness,low,"{""emotion"": ""happiness"", ""intensity"": ""low""}"
Ses04F_script03_2_M045,words_only,anger,high,"{""emotion"": ""anger"", ""intensity"": ""high""}"
Ses04M_impro01_F000,words_only,neutral,none,"{""emotion"": ""neutral"", ""intensity"": ""none""}"
Ses04M_impro01_F001,words_only,neutral,none,"{""emotion"": ""neutral"", ""intensity"": ""none""}"
Ses04M_impro01_F012,words_only,neutral,none,"{""emotion"": ""neutral"", ""intensity"": ""none""}"
Ses04M_impro01_M003,words_only,neutral,none,"{""emotion"": ""neutral"", ""intensity"": ""none""}"
Ses04M_impro02_F009,words_only,sadness,high,"{""emotion"": ""sadness"", ""intensity"": ""high""}"
Ses04M_impro02_F020,words_only,neutral,none,"{""emotion"": ""neutral"", ""intensity"": ""none""}"
Ses04M_impro03_F004,words_only,neutral,none,"{""emotion"": ""neutral"", ""intensity"": ""none""}"
Ses04M_impro03_F006,words_only,happiness,high,"{""emotion"": ""happiness"", ""intensity"": ""high""}"
Ses04M_impro03_F011,words_only,neutral,none,"{""emotion"": ""neutral"", ""intensity"": ""none""}"
Ses04M_impro03_F016,words_only,neutral,none,"{""emotion"": ""neutral"", ""intensity"": ""none""}"
Ses04M_impro03_M009,words_only,neutral,none,"{""emotion"": ""neutral"", ""intensity"": ""none""}"
Ses04M_impro03_M017,words_only,happiness,high,"{""emotion"": ""happiness"", ""intensity"": ""high""}"
Ses04M_impro03_M020,words_only,neutral,none,"{""emotion"": ""neutral"", ""intensity"": ""none""}"
Ses04M_impro03_M021,words_only,neutral,none,"{""emotion"": ""neutral"", ""intensity"": ""none""}"
Ses04M_impro03_M025,words_only,neutral,none,"{""emotion"": ""neutral"", ""intensity"": ""none""}"
Ses04M_impro03_M030,words_only,neutral,none,"{""emotion"": ""neutral"", ""intensity"": ""none""}"
Ses04M_impro04_F000,words_only,neutral,none,"{""emotion"": ""neutral"", ""intensity"": ""none""}"
Ses04M_impro04_F003,words_only,neutral,none,"{""emotion"": ""neutral"", ""intensity"": ""none""}"
Ses04M_impro04_F004,words_only,anger,low,"{""emotion"": ""anger"", ""intensity"": ""low""}"
Ses04M_impro04_F006,words_only,anger,low,"{""emotion"": ""anger"", ""intensity"": ""low""}"
Ses04M_impro04_F007,words_only,neutral,none,"{""emotion"": ""neutral"", ""intensity"": ""none""}"
Ses04M_impro04_F015,words_only,anger,high,"{""emotion"": ""anger"", ""intensity"": ""high""}"
Ses04M_impro04_F016,words_only,anger,high,"{""emotion"": ""anger"", ""intensity"": ""high""}"
Ses04M_impro04_F017,words_only,neutral,none,"{""emotion"": ""neutral"", ""intensity"": ""none""}"
Ses04M_impro04_M020,words_only,neutral,none,"{""emotion"": ""neutral"", ""intensity"": ""none""}"
Ses04M_impro05_F001,words_only,neutral,none,"{""emotion"": ""neutral"", ""intensity"": ""none""}"
Ses04M_impro05_F007,words_only,neutral,none,"{""emotion"": ""neutral"", ""intensity"": ""none""}"
Ses04M_impro05_F008,words_only,neutral,none,"{""emotion"": ""neutral"", ""intensity"": ""none""}"
Ses04M_impro05_F017,words_only,sadness,low,"{""emotion"": ""sadness"", ""intensity"": ""low""}"
Ses04M_impro05_F019,words_only,neutral,none,"{""emotion"": ""neutral"", ""intensity"": ""none""}"
Ses04M_impro05_F036,words_only,neutral,none,"{""emotion"": ""neutral"", ""intensity"": ""none""}"
Ses04M_impro05_F037,words_only,neutral,none,"{""emotion"": ""neutral"", ""intensity"": ""none""}"
Ses04M_impro05_M011,words_only,neutral,none,"{""emotion"": ""neutral"", ""intensity"": ""none""}"
Ses04M_impro05_M014,words_only,anger,high,"{""emotion"": ""anger"", ""intensity"": ""high""}"
Ses04M_impro05_M017,words_only,neutral,none,"{""emotion"": ""neutral"", ""intensity"": ""none""}"
Ses04M_impro05_M022,words_only,anger,high,"{""emotion"": ""anger"", ""intensity"": ""high""}"
Ses04M_impro05_M044,words_only,anger,high,"{""emotion"": ""anger"", ""intensity"": ""high""}"
Ses04M_impro06_F001,words_only,sadness,low,"{""emotion"": ""sadness"", ""intensity"": ""low""}"
Ses04M_impro06_F002,words_only,sadness,low,"{""emotion"": ""sadness"", ""intensity"": ""low""}"
Ses04M_impro06_F005,words_only,neutral,none,"{""emotion"": ""neutral"", ""intensity"": ""none""}"
Ses04M_impro06_F006,words_only,sadness,low,"{""emotion"": ""sadness"", ""intensity"": ""low""}"
Ses04M_impro06_F007,words_only,neutral,none,"{""emotion"": ""neutral"", ""intensity"": ""none""}"
Ses04M_impro06_F008,words_only,neutral,none,"{""emotion"": ""neutral"", ""intensity"": ""none""}"
Ses04M_impro06_F009,words_only,sadness,low,"{""emotion"": ""sadness"", ""intensity"": ""low""}"
Ses04M_impro06_F012,words_only,neutral,none,"{""emotion"": ""neutral"", ""intensity"": ""none""}"
Ses04M_impro06_F014,words_only,neutral,none,"{""emotion"": ""neutral"", ""intensity"": ""none""}"
Ses04M_impro06_F017,words_only,neutral,none,"{""emotion"": ""neutral"", ""intensity"": ""none""}"
Ses04M_impro06_F018,words_only,neutral,none,"{""emotion"": ""neutral"", ""intensity"": ""none""}"
Ses04M_impro06_F019,words_only,sadness,low,"{""emotion"": ""sadness"", ""intensity"": ""low""}"
Ses04M_impro06_M000,words_only,neutral,none,"{""emotion"": ""neutral"", ""intensity"": ""none""}"
Ses04M_impro06_M003,words_only,neutral,none,"{""emotion"": ""neutral"", ""intensity"": ""none""}"
Ses04M_impro06_M006,words_only,sadness,low,"{""emotion"": ""sadness"", ""intensity"": ""low""}"
Ses04M_impro06_M008,words_only,neutral,none,"{""emotion"": ""neutral"", ""intensity"": ""none""}"
Ses04M_impro06_M009,words_only,neutral,none,"{""emotion"": ""neutral"", ""intensity"": ""none""}"
Ses04M_impro06_M011,words_only,sadness,high,"{""emotion"": ""sadness"", ""intensity"": ""high""}"
Ses04M_impro06_M012,words_only,anger,low,"{""emotion"": ""anger"", ""intensity"": ""low""}"
Ses04M_impro06_M017,words_only,neutral,none,"{""emotion"": ""neutral"", ""intensity"": ""none""}"
Ses04M_impro07_F002,words_only,neutral,none,"{""emotion"": ""neutral"", ""intensity"": ""none""}"
Ses04M_impro07_F003,words_only,anger,high,"{""emotion"": ""anger"", ""intensity"": ""high""}"
Ses04M_impro07_F006,words_only,neutral,none,"{""emotion"": ""neutral"", ""intensity"": ""none""}"
Ses04M_impro07_F009,words_only,happiness,low,"{""emotion"": ""happiness"", ""intensity"": ""low""}"
Ses04M_impro07_F011,words_only,anger,high,"{""emotion"": ""anger"", ""intensity"": ""high""}"
Ses04M_impro07_F014,words_only,happiness,low,"{""emotion"": ""happiness"", ""intensity"": ""low""}"
Ses04M_impro07_F022,words_only,happiness,low,"{""emotion"": ""happiness"", ""intensity"": ""low""}"
Ses04M_impro07_F023,words_only,neutral,none,"{""emotion"": ""neutral"", ""intensity"": ""none""}"
Ses04M_impro07_F027,words_only,happiness,high,"{""emotion"": ""happiness"", ""intensity"": ""high""}"
Ses04M_impro07_M000,words_only,neutral,none,"{""emotion"": ""neutral"", ""intensity"": ""none""}"
Ses04M_impro07_M007,words_only,neutral,none,"{""emotion"": ""neutral"", ""intensity"": ""none""}"
Ses04M_impro07_M011,words_only,neutral,none,"{""emotion"": ""neutral"", ""intensity"": ""none""}"
Ses04M_impro07_M021,words_only,neutral,none,"{""emotion"": ""neutral"", ""intensity"": ""none""}"
Ses04M_impro07_M026,words_only,neutral,none,"{""emotion"": ""neutral"", ""intensity"": ""none""}"
Ses04M_impro07_M030,words_only,neutral,none,"{""emotion"": ""neutral"", ""intensity"": ""none""}"
Ses04M_impro07_M032,words_only,neutral,none,"{""emotion"": ""neutral"", ""intensity"": ""none""}"
Ses04M_impro07_M035,words_only,neutral,none,"{""emotion"": ""neutral"", ""intensity"": ""none""}"
Ses04M_impro08_F020,words_only,neutral,none,"{""emotion"": ""neutral"", ""intensity"": ""none""}"
Ses04M_impro08_F027,words_only,neutral,none,"{""emotion"": ""neutral"", ""intensity"": ""none""}"
Ses04M_impro08_F030,words_only,neutral,none,"{""emotion"": ""neutral"", ""intensity"": ""none""}"
Ses04M_impro08_M010,words_only,neutral,none,"{""emotion"": ""neutral"", ""intensity"": ""none""}"
Ses04M_impro08_M013,words_only,neutral,none,"{""emotion"": ""neutral"", ""intensity"": ""none""}"
Ses04M_impro08_M024,words_only,neutral,none,"{""emotion"": ""neutral"", ""intensity"": ""none""}"
Ses04M_script01_1_F000,words_only,neutral,none,"{""emotion"": ""neutral"", ""intensity"": ""none""}"
Ses04M_script01_1_F007,words_only,sadness,high,"{""emotion"": ""sadness"", ""intensity"": ""high""}"
Ses04M_script01_1_F015,words_only,neutral,none,"{""emotion"": ""neutral"", ""intensity"": ""none""}"
Ses04M_script01_1_F017,words_only,neutral,none,"{""emotion"": ""neutral"", ""intensity"": ""none""}"
Ses04M_script01_1_F018,words_only,neutral,none,"{""emotion"": ""neutral"", ""intensity"": ""none""}"
Ses04M_script01_1_F022,words_only,anger,high,"{""emotion"": ""anger"", ""intensity"": ""high""}"
Ses04M_script01_1_F027,words_only,neutral,none,"{""emotion"": ""neutral"", ""intensity"": ""none""}"
Ses04M_script01_1_F028,words_only,anger,high,"{""emotion"": ""anger"", ""intensity"": ""high""}"
Ses04M_script01_1_F034,words_only,anger,high,"{""emotion"": ""anger"", ""intensity"": ""high""}"
Ses04M_script01_1_F039,words_only,neutral,none,"{""emotion"": ""neutral"", ""intensity"": ""none""}"
Ses04M_script01_1_M000,words_only,neutral,none,"{""emotion"": ""neutral"", ""intensity"": ""none""}"
Ses04M_script01_1_M022,words_only,anger,high,"{""emotion"": ""anger"", ""intensity"": ""high""}"
Ses04M_script01_1_M031,words_only,neutral,none,"{""emotion"": ""neutral"", ""intensity"": ""none""}"
Ses04M_script01_1_M034,words_only,sadness,low,"{""emotion"": ""sadness"", ""intensity"": ""low""}"
Ses04M_script01_1_M037,words_only,anger,high,"{""emotion"": ""anger"", ""intensity"": ""high""}"
Ses04M_script01_2_F001,words_only,neutral,none,"{""emotion"": ""neutral"", ""intensity"": ""none""}"
Ses04M_script01_2_F007,words_only,anger,low,"{""emotion"": ""anger"", ""intensity"": ""low""}"
Ses04M_script01_2_F014,words_only,sadness,high,"{""emotion"": ""sadness"", ""intensity"": ""high""}"
Ses04M_script01_2_F020,words_only,neutral,none,"{""emotion"": ""neutral"", ""intensity"": ""none""}"
Ses04M_script01_2_M000,words_only,neutral,none,"{""emotion"": ""neutral"", ""intensity"": ""none""}"
Ses04M_script01_2_M005,words_only,neutral,none,"{""emotion"": ""neutral"", ""intensity"": ""none""}"
Ses04M_script01_3_F023,words_only,neutral,none,"{""emotion"": ""neutral"", ""intensity"": ""none""}"
Ses04M_script01_3_M023,words_only,neutral,none,"{""emotion"": ""neutral"", ""intensity"": ""none""}"
Ses04M_script01_3_M024,words_only,neutral,none,"{""emotion"": ""neutral"", ""intensity"": ""none""}"
Ses04M_script01_3_M025,words_only,neutral,none,"{""emotion"": ""neutral"", ""intensity"": ""none""}"
Ses04M_script01_3_M026,words_only,neutral,none,"{""emotion"": ""neutral"", ""intensity"": ""none""}"
Ses04M_script01_3_M030,words_only,neutral,none,"{""emotion"": ""neutral"", ""intensity"": ""none""}"
Ses04M_script01_3_M031,words_only,neutral,none,"{""emotion"": ""neutral"", ""intensity"": ""none""}"
Ses04M_script01_3_M032,words_only,neutral,none,"{""emotion"": ""neutral"", ""intensity"": ""none""}"
Ses04M_script01_3_M034,words_only,happiness,low,"{""emotion"": ""happiness"", ""intensity"": ""low""}"
Ses04M_script01_3_M035,words_only,sadness,high,"{""emotion"": ""sadness"", ""intensity"": ""high""}"
Ses04M_script02_1_F012,words_only,anger,low,"{""emotion"": ""anger"", ""intensity"": ""low""}"
Ses04M_script02_1_M002,words_only,neutral,none,"{""emotion"": ""neutral"", ""intensity"": ""none""}"
Ses04M_script02_1_M009,words_only,neutral,none,"{""emotion"": ""neutral"", ""intensity"": ""none""}"
Ses04M_script02_1_M018,words_only,happiness,high,"{""emotion"": ""happiness"", ""intensity"": ""high""}"
Ses04M_script02_1_M020,words_only,neutral,none,"{""emotion"": ""neutral"", ""intensity"": ""none""}"
Ses04M_script02_1_M021,words_only,neutral,none,"{""emotion"": ""neutral"", ""intensity"": ""none""}"
Ses04M_script02_1_M030,words_only,neutral,none,"{""emotion"": ""neutral"", ""intensity"": ""none""}"
Ses04M_script02_1_M033,words_only,neutral,none,"{""emotion"": ""neutral"", ""intensity"": ""none""}"
Ses04M_script02_2_F000,words_only,neutral,none,"{""emotion"": ""neutral"", ""intensity"": ""none""}"
Ses04M_script02_2_F013,words_only,sadness,high,"{""emotion"": ""sadness"", ""intensity"": ""high""}"
Ses04M_script02_2_F016,words_only,neutral,none,"{""emotion"": ""neutral"", ""intensity"": ""none""}"
Ses04M_script02_2_F018,words_only,happiness,high,"{""emotion"": ""happiness"", ""intensity"": ""high""}"
Ses04M_script02_2_F020,words_only,neutral,none,"{""emotion"": ""neutral"", ""intensity"": ""none""}"
Ses04M_script02_2_F028,words_only,neutral,none,"{""emotion"": ""neutral"", ""intensity"": ""none""}"
Ses04M_script02_2_F029,words_only,sadness,high,"{""emotion"": ""sadness"", ""intensity"": ""high""}"
Ses04M_script02_2_F032,words_only,neutral,none,"{""emotion"": ""neutral"", ""intensity"": ""none""}"
Ses04M_script02_2_M031,words_only,happiness,high,"{""emotion"": ""happiness"", ""intensity"": ""high""}"
Ses04M_script02_2_M034,words_only,neutral,none,"{""emotion"": ""neutral"", ""intensity"": ""none""}"
Ses04M_script02_2_M037,words_only,sadness,high,"{""emotion"": ""sadness"", ""intensity"": ""high""}"
Ses04M_script02_2_M039,words_only,neutral,none,"{""emotion"": ""neutral"", ""intensity"": ""none""}"
Ses04M_script02_2_M040,words_only,neutral,none,"{""emotion"": ""neutral"", ""intensity"": ""none""}"
Ses04M_script03_1_F015,words_only,anger,low,"{""emotion"": ""anger"", ""intensity"": ""low""}"
Ses04M_script03_1_F024,words_only,sadness,high,"{""emotion"": ""sadness"", ""intensity"": ""high""}"
Ses04M_script03_1_F028,words_only,happiness,high,"{""emotion"": ""happiness"", ""intensity"": ""high""}"
Ses04M_script03_1_M013,words_only,anger,high,"{""emotion"": ""anger"", ""intensity"": ""high""}"
Ses04M_script03_1_M029,words_only,happiness,low,"{""emotion"": ""happiness"", ""intensity"": ""low""}"
Ses04M_script03_2_F009,words_only,neutral,none,"{""emotion"": ""neutral"", ""intensity"": ""none""}"
Ses04M_script03_2_F017,words_only,neutral,none,"{""emotion"": ""neutral"", ""intensity"": ""none""}"
Ses04M_script03_2_F019,words_only,neutral,none,"{""emotion"": ""neutral"", ""intensity"": ""none""}"
Ses04M_script03_2_F029,words_only,neutral,none,"{""emotion"": ""neutral"", ""intensity"": ""none""}"
Ses04M_script03_2_F032,words_only,anger,high,"{""emotion"": ""anger"", ""intensity"": ""high""}"
Ses04M_script03_2_F033,words_only,neutral,none,"{""emotion"": ""neutral"", ""intensity"": ""none""}"
Ses04M_script03_2_F037,words_only,neutral,none,"{""emotion"": ""neutral"", ""intensity"": ""none""}"
Ses04M_script03_2_F039,words_only,neutral,none,"{""emotion"": ""neutral"", ""intensity"": ""none""}"
Ses04M_script03_2_F040,words_only,anger,high,"{""emotion"": ""anger"", ""intensity"": ""high""}"
Ses04M_script03_2_F043,words_only,neutral,none,"{""emotion"": ""neutral"", ""intensity"": ""none""}"
Ses04M_script03_2_F044,words_only,anger,high,"{""emotion"": ""anger"", ""intensity"": ""high""}"
Ses04M_script03_2_F052,words_only,happiness,low,"{""emotion"": ""happiness"", ""intensity"": ""low""}"
Ses04M_script03_2_M010,words_only,anger,high,"{""emotion"": ""anger"", ""intensity"": ""high""}"
Ses04M_script03_2_M011,words_only,neutral,none,"{""emotion"": ""neutral"", ""intensity"": ""none""}"
Ses04M_script03_2_M013,words_only,neutral,none,"{""emotion"": ""neutral"", ""intensity"": ""none""}"
Ses04M_script03_2_M026,words_only,neutral,none,"{""emotion"": ""neutral"", ""intensity"": ""none""}"
Ses04M_script03_2_M027,words_only,anger,low,"{""emotion"": ""anger"", ""intensity"": ""low""}"
Ses04M_script03_2_M030,words_only,neutral,none,"{""emotion"": ""neutral"", ""intensity"": ""none""}"
Ses04M_script03_2_M035,words_only,happiness,high,"{""emotion"": ""happiness"", ""intensity"": ""high""}"
Ses04M_script03_2_M041,words_only,anger,low,"{""emotion"": ""anger"", ""intensity"": ""low""}"
Ses04M_script03_2_M046,words_only,anger,high,"{""emotion"": ""anger"", ""intensity"": ""high""}"
Ses04M_script03_2_M048,words_only,neutral,none,"{""emotion"": ""neutral"", ""intensity"": ""none""}"
Ses04M_script03_2_M051,words_only,anger,high,"{""emotion"": ""anger"", ""intensity"": ""high""}"
Ses04M_script03_2_M053,words_only,anger,high,"{""emotion"": ""anger"", ""intensity"": ""high""}"
Ses04M_script03_2_M054,words_only,anger,high,"{""emotion"": ""anger"", ""intensity"": ""high""}"
Ses04M_script03_2_M056,words_only,neutral,none,"{""emotion"": ""neutral"", ""intensity"": ""none""}"
Ses05F_impro01_F000,words_only,neutral,none,"{""emotion"": ""neutral"", ""intensity"": ""none""}"
Ses05F_impro01_F008,words_only,neutral,none,"{""emotion"": ""neutral"", ""intensity"": ""none""}"
Ses05F_impro01_F017,words_only,anger,high,"{""emotion"": ""anger"", ""intensity"": ""high""}"
Ses05F_impro01_F018,words_only,neutral,none,"{""emotion"": ""neutral"", ""intensity"": ""none""}"
Ses05F_impro01_M003,words_only,neutral,none,"{""emotion"": ""neutral"", ""intensity"": ""none""}"
Ses05F_impro02_F004,words_only,neutral,none,"{""emotion"": ""neutral"", ""intensity"": ""none""}"
Ses05F_impro02_F005,words_only,neutral,none,"{""emotion"": ""neutral"", ""intensity"": ""none""}"
Ses05F_impro02_F009,words_only,neutral,none,"{""emotion"": ""neutral"", ""intensity"": ""none""}"
Ses05F_impro02_F011,words_only,neutral,none,"{""emotion"": ""neutral"", ""intensity"": ""none""}"
Ses05F_impro02_F023,words_only,neutral,none,"{""emotion"": ""neutral"", ""intensity"": ""none""}"
Ses05F_impro02_F027,words_only,neutral,none,"{""emotion"": ""neutral"", ""intensity"": ""none""}"
Ses05F_impro02_F031,words_only,sadness,high,"{""emotion"": ""sadness"", ""intensity"": ""high""}"
Ses05F_impro02_F036,words_only,neutral,none,"{""emotion"": ""neutral"", ""intensity"": ""none""}"
Ses05F_impro02_F038,words_only,happiness,high,"{""emotion"": ""happiness"", ""intensity"": ""high""}"
Ses05F_impro02_M010,words_only,neutral,none,"{""emotion"": ""neutral"", ""intensity"": ""none""}"
Ses05F_impro02_M025,words_only,anger,low,"{""emotion"": ""anger"", ""intensity"": ""low""}"
Ses05F_impro02_M031,words_only,neutral,none,"{""emotion"": ""neutral"", ""intensity"": ""none""}"
Ses05F_impro02_M032,words_only,neutral,none,"{""emotion"": ""neutral"", ""intensity"": ""none""}"
Ses05F_impro02_M033,words_only,neutral,none,"{""emotion"": ""neutral"", ""intensity"": ""none""}"
Ses05F_impro02_M034,words_only,sadness,high,"{""emotion"": ""sadness"", ""intensity"": ""high""}"
Ses05F_impro03_F000,words_only,neutral,none,"{""emotion"": ""neutral"", ""intensity"": ""none""}"
Ses05F_impro03_F001,words_only,happiness,high,"{""emotion"": ""happiness"", ""intensity"": ""high""}"
Ses05F_impro03_F003,words_only,neutral,none,"{""emotion"": ""neutral"", ""intensity"": ""none""}"
Ses05F_impro03_F009,words_only,neutral,none,"{""emotion"": ""neutral"", ""intensity"": ""none""}"
Ses05F_impro03_F011,words_only,neutral,none,"{""emotion"": ""neutral"", ""intensity"": ""none""}"
Ses05F_impro03_F027,words_only,neutral,none,"{""emotion"": ""neutral"", ""intensity"": ""none""}"
Ses05F_impro03_F032,words_only,neutral,none,"{""emotion"": ""neutral"", ""intensity"": ""none""}"
Ses05F_impro03_F034,words_only,neutral,none,"{""emotion"": ""neutral"", ""intensity"": ""none""}"
Ses05F_impro03_M000,words_only,neutral,none,"{""emotion"": ""neutral"", ""intensity"": ""none""}"
Ses05F_impro03_M007,words_only,neutral,none,"{""emotion"": ""surprise"", ""intensity"": ""high""}   Note: Since ""surprise"" is not one of the listed emotions, the closest match in the given context would be ""neutral"" as the default when none of the listed emotions fit. However, the instruction is to choose exactly one of the listed emotions, and ""surprise"" is the most accurate based on the description. If we must choose from the given list, then:  {""emotion"": ""neutral"", ""intensity"": ""none""}"
Ses05F_impro03_M009,words_only,neutral,none,"{""emotion"": ""neutral"", ""intensity"": ""none""}"
Ses05F_impro03_M036,words_only,happiness,high,"{""emotion"": ""happiness"", ""intensity"": ""high""}"
Ses05F_impro03_M041,words_only,neutral,none,"{""emotion"": ""neutral"", ""intensity"": ""none""}"
Ses05F_impro03_M043,words_only,neutral,none,"{""emotion"": ""neutral"", ""intensity"": ""none""}"
Ses05F_impro03_M051,words_only,neutral,none,"{""emotion"": ""neutral"", ""intensity"": ""none""}"
Ses05F_impro03_M060,words_only,happiness,high,"{""emotion"": ""happiness"", ""intensity"": ""high""}"
Ses05F_impro03_M061,words_only,neutral,none,"{""emotion"": ""neutral"", ""intensity"": ""none""}"
Ses05F_impro04_F000,words_only,neutral,none,"{""emotion"": ""neutral"", ""intensity"": ""none""}"
Ses05F_impro04_F016,words_only,neutral,none,"{""emotion"": ""neutral"", ""intensity"": ""none""}"
Ses05F_impro04_F022,words_only,sadness,low,"{""emotion"": ""sadness"", ""intensity"": ""low""}"
Ses05F_impro04_M003,words_only,neutral,none,"{""emotion"": ""neutral"", ""intensity"": ""none""}"
Ses05F_impro04_M013,words_only,neutral,none,"{""emotion"": ""neutral"", ""intensity"": ""none""}"
Ses05F_impro04_M017,words_only,neutral,none,"{""emotion"": ""neutral"", ""intensity"": ""none""}"
Ses05F_impro04_M026,words_only,neutral,none,"{""emotion"": ""neutral"", ""intensity"": ""none""}"
Ses05F_impro04_M028,words_only,neutral,none,"{""emotion"": ""neutral"", ""intensity"": ""none""}"
Ses05F_impro04_M029,words_only,neutral,none,"{""emotion"": ""neutral"", ""intensity"": ""none""}"
Ses05F_impro04_M031,words_only,neutral,none,"{""emotion"": ""neutral"", ""intensity"": ""none""}"
Ses05F_impro04_M032,words_only,neutral,none,"{""emotion"": ""neutral"", ""intensity"": ""none""}"
Ses05F_impro04_M040,words_only,neutral,none,"{""emotion"": ""neutral"", ""intensity"": ""none""}"
Ses05F_impro04_M043,words_only,happiness,low,"{""emotion"": ""happiness"", ""intensity"": ""low""}"
Ses05F_impro05_F002,words_only,neutral,none,"{""emotion"": ""neutral"", ""intensity"": ""none""}"
Ses05F_impro05_F004,words_only,neutral,none,"{""emotion"": ""neutral"", ""intensity"": ""none""}"
Ses05F_impro05_F005,words_only,neutral,none,"{""emotion"": ""neutral"", ""intensity"": ""none""}"
Ses05F_impro05_F018,words_only,anger,high,"{""emotion"": ""anger"", ""intensity"": ""high""}"
Ses05F_impro05_F019,words_only,anger,high,"{""emotion"": ""anger"", ""intensity"": ""high""}"
Ses05F_impro05_F022,words_only,neutral,none,"{""emotion"": ""neutral"", ""intensity"": ""none""}"
Ses05F_impro05_F024,words_only,anger,high,"{""emotion"": ""anger"", ""intensity"": ""high""}"
Ses05F_impro05_F041,words_only,sadness,high,"{""emotion"": ""sadness"", ""intensity"": ""high""}"
Ses05F_impro05_F042,words_only,neutral,none,"{""emotion"": ""neutral"", ""intensity"": ""none""}"
Ses05F_impro05_M009,words_only,neutral,none,"{""emotion"": ""neutral"", ""intensity"": ""none""}"
Ses05F_impro05_M010,words_only,neutral,none,"{""emotion"": ""neutral"", ""intensity"": ""none""}"
Ses05F_impro05_M018,words_only,neutral,none,"{""emotion"": ""neutral"", ""intensity"": ""none""}"
Ses05F_impro05_M022,words_only,neutral,none,"{""emotion"": ""neutral"", ""intensity"": ""none""}"
Ses05F_impro05_M032,words_only,neutral,none,"{""emotion"": ""neutral"", ""intensity"": ""none""}"
Ses05F_impro05_M033,words_only,anger,high,"{""emotion"": ""anger"", ""intensity"": ""high""}"
Ses05F_impro05_M034,words_only,neutral,none,"{""emotion"": ""neutral"", ""intensity"": ""none""}"
Ses05F_impro05_M036,words_only,sadness,low,"{""emotion"": ""sadness"", ""intensity"": ""low""}"
Ses05F_impro05_M041,words_only,neutral,none,"{""emotion"": ""neutral"", ""intensity"": ""none""}"
Ses05F_impro06_F001,words_only,sadness,high,"{""emotion"": ""sadness"", ""intensity"": ""high""}"
Ses05F_impro06_F002,words_only,sadness,high,"{""emotion"": ""sadness"", ""intensity"": ""high""}"
Ses05F_impro06_F003,words_only,neutral,none,"{""emotion"": ""neutral"", ""intensity"": ""none""}"
Ses05F_impro06_F004,words_only,neutral,none,"{""emotion"": ""neutral"", ""intensity"": ""none""}"
Ses05F_impro06_F010,words_only,neutral,none,"{""emotion"": ""neutral"", ""intensity"": ""none""}"
Ses05F_impro06_F018,words_only,neutral,none,"{""emotion"": ""neutral"", ""intensity"": ""none""}"
Ses05F_impro06_F021,words_only,neutral,none,"{""emotion"": ""neutral"", ""intensity"": ""none""}"
Ses05F_impro06_F022,words_only,sadness,high,"{""emotion"": ""sadness"", ""intensity"": ""high""}"
Ses05F_impro06_F026,words_only,sadness,high,"{""emotion"": ""sadness"", ""intensity"": ""high""}"
Ses05F_impro06_M002,words_only,anger,high,"{""emotion"": ""anger"", ""intensity"": ""high""}"
Ses05F_impro06_M003,words_only,sadness,high,"{""emotion"": ""sadness"", ""intensity"": ""high""}"
Ses05F_impro06_M005,words_only,neutral,none,"{""emotion"": ""neutral"", ""intensity"": ""none""}"
Ses05F_impro06_M006,words_only,neutral,none,"{""emotion"": ""neutral"", ""intensity"": ""none""}"
Ses05F_impro06_M007,words_only,neutral,none,"{""emotion"": ""neutral"", ""intensity"": ""none""}"
Ses05F_impro06_M014,words_only,neutral,none,"{""emotion"": ""neutral"", ""intensity"": ""none""}"
Ses05F_impro06_M021,words_only,neutral,none,"{""emotion"": ""neutral"", ""intensity"": ""none""}"
Ses05F_impro06_M023,words_only,neutral,none,"{""emotion"": ""neutral"", ""intensity"": ""none""}"
Ses05F_impro07_F001,words_only,happiness,high,"{""emotion"": ""happiness"", ""intensity"": ""high""}"
Ses05F_impro07_F002,words_only,neutral,none,"{""emotion"": ""neutral"", ""intensity"": ""none""}"
Ses05F_impro07_F004,words_only,neutral,none,"{""emotion"": ""neutral"", ""intensity"": ""none""}"
Ses05F_impro07_F005,words_only,neutral,none,"{""emotion"": ""neutral"", ""intensity"": ""none""}"
Ses05F_impro07_F011,words_only,happiness,high,"{""emotion"": ""happiness"", ""intensity"": ""high""}"
Ses05F_impro07_F013,words_only,neutral,none,"{""emotion"": ""neutral"", ""intensity"": ""none""}"
Ses05F_impro07_F026,words_only,neutral,none,"{""emotion"": ""neutral"", ""intensity"": ""none""}"
Ses05F_impro07_F028,words_only,happiness,low,"{""emotion"": ""happiness"", ""intensity"": ""low""}"
Ses05F_impro07_F029,words_only,happiness,low,"{""emotion"": ""happiness"", ""intensity"": ""low""}"
Ses05F_impro07_F031,words_only,neutral,none,"{""emotion"": ""neutral"", ""intensity"": ""none""}"
Ses05F_impro07_F033,words_only,neutral,none,"{""emotion"": ""neutral"", ""intensity"": ""none""}"
Ses05F_impro07_F037,words_only,neutral,none,"{""emotion"": ""neutral"", ""intensity"": ""none""}"
Ses05F_impro07_M000,words_only,neutral,none,"{""emotion"": ""neutral"", ""intensity"": ""none""}"
Ses05F_impro07_M003,words_only,happiness,low,"{""emotion"": ""happiness"", ""intensity"": ""low""}"
Ses05F_impro07_M012,words_only,happiness,high,"{""emotion"": ""happiness"", ""intensity"": ""high""}"
Ses05F_impro07_M014,words_only,happiness,low,"{""emotion"": ""happiness"", ""intensity"": ""low""}"
Ses05F_impro07_M027,words_only,happiness,low,"{""emotion"": ""happiness"", ""intensity"": ""low""}"
Ses05F_impro07_M029,words_only,sadness,high,"{""emotion"": ""sadness"", ""intensity"": ""high""}"
Ses05F_impro08_F001,words_only,neutral,none,"{""emotion"": ""neutral"", ""intensity"": ""none""}"
Ses05F_impro08_F003,words_only,neutral,none,"{""emotion"": ""neutral"", ""intensity"": ""none""}"
Ses05F_impro08_F007,words_only,neutral,none,"{""emotion"": ""neutral"", ""intensity"": ""none""}"
Ses05F_impro08_F020,words_only,neutral,none,"{""emotion"": ""neutral"", ""intensity"": ""none""}"
Ses05F_impro08_F024,words_only,neutral,none,"{""emotion"": ""neutral"", ""intensity"": ""none""}"
Ses05F_impro08_F026,words_only,neutral,none,"{""emotion"": ""neutral"", ""intensity"": ""none""}"
Ses05F_impro08_M004,words_only,anger,high,"{""emotion"": ""anger"", ""intensity"": ""high""}"
Ses05F_impro08_M007,words_only,anger,high,"{""emotion"": ""anger"", ""intensity"": ""high""}"
Ses05F_impro08_M013,words_only,neutral,none,"{""emotion"": ""neutral"", ""intensity"": ""none""}"
Ses05F_impro08_M018,words_only,neutral,none,"{""emotion"": ""neutral"", ""intensity"": ""none""}"
Ses05F_script01_1_F004,words_only,neutral,none,"{""emotion"": ""neutral"", ""intensity"": ""none""}"
Ses05F_script01_1_F005,words_only,sadness,high,"{""emotion"": ""sadness"", ""intensity"": ""high""}"
Ses05F_script01_1_F026,words_only,neutral,none,"{""emotion"": ""neutral"", ""intensity"": ""none""}"
Ses05F_script01_1_F028,words_only,neutral,none,"{""emotion"": ""neutral"", ""intensity"": ""none""}"
Ses05F_script01_1_F031,words_only,anger,high,"{""emotion"": ""anger"", ""intensity"": ""high""}"
Ses05F_script01_1_F033,words_only,anger,high,"{""emotion"": ""anger"", ""intensity"": ""high""}"
Ses05F_script01_1_M001,words_only,neutral,none,"{""emotion"": ""neutral"", ""intensity"": ""none""}"
Ses05F_script01_1_M006,words_only,neutral,none,"{""emotion"": ""neutral"", ""intensity"": ""none""}"
Ses05F_script01_1_M008,words_only,neutral,none,"{""emotion"": ""neutral"", ""intensity"": ""none""}"
Ses05F_script01_1_M016,words_only,neutral,none,"{""emotion"": ""neutral"", ""intensity"": ""none""}"
Ses05F_script01_1_M025,words_only,anger,high,"{""emotion"": ""anger"", ""intensity"": ""high""}"
Ses05F_script01_2_F006,words_only,sadness,high,"{""emotion"": ""sadness"", ""intensity"": ""high""}"
Ses05F_script01_2_F010,words_only,sadness,high,"{""emotion"": ""sadness"", ""intensity"": ""high""}"
Ses05F_script01_2_F011,words_only,sadness,high,"{""emotion"": ""sadness"", ""intensity"": ""high""}"
Ses05F_script01_2_F014,words_only,sadness,low,"{""emotion"": ""sadness"", ""intensity"": ""low""}"
Ses05F_script01_2_F017,words_only,anger,high,"{""emotion"": ""anger"", ""intensity"": ""high""}"
Ses05F_script01_2_M000,words_only,neutral,none,"{""emotion"": ""neutral"", ""intensity"": ""none""}"
Ses05F_script01_2_M002,words_only,neutral,none,"{""emotion"": ""neutral"", ""intensity"": ""none""}"
Ses05F_script01_2_M016,words_only,neutral,none,"{""emotion"": ""neutral"", ""intensity"": ""none""}"
Ses05F_script01_3_F000,words_only,happiness,low,"{""emotion"": ""happiness"", ""intensity"": ""low""}"
Ses05F_script01_3_F003,words_only,neutral,none,"{""emotion"": ""neutral"", ""intensity"": ""none""}"
Ses05F_script01_3_F020,words_only,neutral,none,"{""emotion"": ""neutral"", ""intensity"": ""none""}"
Ses05F_script01_3_F023,words_only,neutral,none,"{""emotion"": ""neutral"", ""intensity"": ""none""}"
Ses05F_script01_3_F025,words_only,anger,high,"{""emotion"": ""anger"", ""intensity"": ""high""}"
Ses05F_script01_3_M004,words_only,neutral,none,"{""emotion"": ""neutral"", ""intensity"": ""none""}"
Ses05F_script01_3_M021,words_only,neutral,none,"{""emotion"": ""neutral"", ""intensity"": ""none""}"
Ses05F_script01_3_M023,words_only,neutral,none,"{""emotion"": ""neutral"", ""intensity"": ""none""}"
Ses05F_script01_3_M026,words_only,neutral,none,"{""emotion"": ""neutral"", ""intensity"": ""none""}"
Ses05F_script01_3_M029,words_only,sadness,low,"{""emotion"": ""sadness"", ""intensity"": ""low""}"
Ses05F_script01_3_M030,words_only,sadness,high,"{""emotion"": ""sadness"", ""intensity"": ""high""}"
Ses05F_script01_3_M032,words_only,neutral,none,"{""emotion"": ""neutral"", ""intensity"": ""none""}"
Ses05F_script01_3_M036,words_only,sadness,high,"{""emotion"": ""sadness"", ""intensity"": ""high""}"
Ses05F_script01_3_M039,words_only,happiness,high,"{""emotion"": ""happiness"", ""intensity"": ""high""}"
Ses05F_script02_1_F015,words_only,neutral,none,"{""emotion"": ""neutral"", ""intensity"": ""none""}"
Ses05F_script02_1_M001,words_only,neutral,none,"{""emotion"": ""neutral"", ""intensity"": ""none""}"
Ses05F_script02_1_M024,words_only,happiness,low,"{""emotion"": ""happiness"", ""intensity"": ""low""}"
Ses05F_script02_2_F013,words_only,neutral,none,"{""emotion"": ""neutral"", ""intensity"": ""none""}"
Ses05F_script02_2_F016,words_only,happiness,high,"{""emotion"": ""happiness"", ""intensity"": ""high""}"
Ses05F_script02_2_F029,words_only,neutral,none,"{""emotion"": ""neutral"", ""intensity"": ""none""}"
Ses05F_script02_2_F030,words_only,happiness,high,"{""emotion"": ""happiness"", ""intensity"": ""high""}"
Ses05F_script02_2_M002,words_only,neutral,none,"{""emotion"": ""neutral"", ""intensity"": ""none""}"
Ses05F_script02_2_M003,words_only,neutral,none,"{""emotion"": ""neutral"", ""intensity"": ""none""}"
Ses05F_script02_2_M005,words_only,anger,low,"{""emotion"": ""anger"", ""intensity"": ""low""}"
Ses05F_script03_1_M011,words_only,sadness,high,"{""emotion"": ""sadness"", ""intensity"": ""high""}"
Ses05F_script03_1_M029,words_only,happiness,low,"{""emotion"": ""happiness"", ""intensity"": ""low""}"
Ses05F_script03_1_M032,words_only,sadness,low,"{""emotion"": ""sadness"", ""intensity"": ""low""}"
Ses05F_script03_2_F003,words_only,anger,high,"{""emotion"": ""anger"", ""intensity"": ""high""}"
Ses05F_script03_2_F018,words_only,neutral,none,"{""emotion"": ""neutral"", ""intensity"": ""none""}"
Ses05F_script03_2_F020,words_only,anger,low,"{""emotion"": ""anger"", ""intensity"": ""low""}"
Ses05F_script03_2_F022,words_only,neutral,none,"{""emotion"": ""neutral"", ""intensity"": ""none""}"
Ses05F_script03_2_F027,words_only,anger,low,"{""emotion"": ""anger"", ""intensity"": ""low""}"
Ses05F_script03_2_F029,words_only,neutral,none,"{""emotion"": ""neutral"", ""intensity"": ""none""}"
Ses05F_script03_2_F032,words_only,neutral,none,"{""emotion"": ""neutral"", ""intensity"": ""none""}"
Ses05F_script03_2_F035,words_only,neutral,none,"{""emotion"": ""neutral"", ""intensity"": ""none""}"
Ses05F_script03_2_F036,words_only,anger,high,"{""emotion"": ""anger"", ""intensity"": ""high""}"
Ses05F_script03_2_F037,words_only,anger,high,"{""emotion"": ""anger"", ""intensity"": ""high""}"
Ses05F_script03_2_F038,words_only,anger,high,"{""emotion"": ""anger"", ""intensity"": ""high""}"
Ses05F_script03_2_F040,words_only,anger,high,"{""emotion"": ""anger"", ""intensity"": ""high""}"
Ses05F_script03_2_M013,words_only,anger,low,"{""emotion"": ""anger"", ""intensity"": ""low""}"
Ses05F_script03_2_M014,words_only,neutral,none,"{""emotion"": ""neutral"", ""intensity"": ""none""}"
Ses05F_script03_2_M019,words_only,anger,high,"{""emotion"": ""anger"", ""intensity"": ""high""}"
Ses05F_script03_2_M025,words_only,neutral,none,"{""emotion"": ""neutral"", ""intensity"": ""none""}"
Ses05F_script03_2_M037,words_only,anger,high,"{""emotion"": ""anger"", ""intensity"": ""high""}"
Ses05F_script03_2_M038,words_only,anger,high,"{""emotion"": ""anger"", ""intensity"": ""high""}"
Ses05F_script03_2_M039,words_only,anger,high,"{""emotion"": ""anger"", ""intensity"": ""high""}"
Ses05F_script03_2_M040,words_only,neutral,none,"{""emotion"": ""neutral"", ""intensity"": ""none""}"
Ses05F_script03_2_M042,words_only,anger,high,"{""emotion"": ""anger"", ""intensity"": ""high""}"
Ses05F_script03_2_M043,words_only,anger,high,"{""emotion"": ""anger"", ""intensity"": ""high""}"
Ses05M_impro01_F003,words_only,neutral,none,"{""emotion"": ""neutral"", ""intensity"": ""none""}"
Ses05M_impro01_F006,words_only,neutral,none,"{""emotion"": ""neutral"", ""intensity"": ""none""}"
Ses05M_impro01_F021,words_only,anger,high,"{""emotion"": ""anger"", ""intensity"": ""high""}"
Ses05M_impro01_F023,words_only,neutral,none,"{""emotion"": ""neutral"", ""intensity"": ""none""}"
Ses05M_impro02_F023,words_only,neutral,none,"{""emotion"": ""neutral"", ""intensity"": ""none""}"
Ses05M_impro02_M007,words_only,sadness,high,"{""emotion"": ""sadness"", ""intensity"": ""high""}"
Ses05M_impro02_M013,words_only,sadness,high,"{""emotion"": ""sadness"", ""intensity"": ""high""}"
Ses05M_impro02_M023,words_only,anger,high,"{""emotion"": ""anger"", ""intensity"": ""high""}"
Ses05M_impro02_M028,words_only,happiness,high,"{""emotion"": ""happiness"", ""intensity"": ""high""}"
Ses05M_impro03_F002,words_only,neutral,none,"{""emotion"": ""neutral"", ""intensity"": ""none""}"
Ses05M_impro03_F004,words_only,neutral,none,"{""emotion"": ""neutral"", ""intensity"": ""none""}"
Ses05M_impro03_F005,words_only,happiness,high,"{""emotion"": ""happiness"", ""intensity"": ""high""}"
Ses05M_impro03_F019,words_only,happiness,high,"{""emotion"": ""happiness"", ""intensity"": ""high""}"
Ses05M_impro03_F022,words_only,neutral,none,"{""emotion"": ""neutral"", ""intensity"": ""none""}"
Ses05M_impro03_M001,words_only,happiness,high,"{""emotion"": ""happiness"", ""intensity"": ""high""}"
Ses05M_impro03_M002,words_only,neutral,none,"{""emotion"": ""neutral"", ""intensity"": ""none""}"
Ses05M_impro03_M003,words_only,neutral,none,"{""emotion"": ""neutral"", ""intensity"": ""none""}"
Ses05M_impro03_M007,words_only,happiness,low,"{""emotion"": ""happiness"", ""intensity"": ""low""}"
Ses05M_impro03_M023,words_only,happiness,low,"{""emotion"": ""happiness"", ""intensity"": ""low""}"
Ses05M_impro03_M026,words_only,happiness,low,"{""emotion"": ""happiness"", ""intensity"": ""low""}"
Ses05M_impro03_M030,words_only,neutral,none,"{""emotion"": ""neutral"", ""intensity"": ""none""}"
Ses05M_impro03_M031,words_only,happiness,low,"{""emotion"": ""happiness"", ""intensity"": ""low""}"
Ses05M_impro04_F003,words_only,neutral,none,"{""emotion"": ""neutral"", ""intensity"": ""none""}"
Ses05M_impro04_F004,words_only,neutral,none,"{""emotion"": ""neutral"", ""intensity"": ""none""}"
Ses05M_impro04_F008,words_only,sadness,low,"{""emotion"": ""sadness"", ""intensity"": ""low""}"
Ses05M_impro04_F014,words_only,neutral,none,"{""emotion"": ""neutral"", ""intensity"": ""none""}"
Ses05M_impro04_F017,words_only,neutral,none,"{""emotion"": ""neutral"", ""intensity"": ""none""}"
Ses05M_impro04_F023,words_only,neutral,none,"{""emotion"": ""neutral"", ""intensity"": ""none""}"
Ses05M_impro04_F027,words_only,neutral,none,"{""emotion"": ""neutral"", ""intensity"": ""none""}"
Ses05M_impro04_F037,words_only,neutral,none,"{""emotion"": ""neutral"", ""intensity"": ""none""}"
Ses05M_impro04_M019,words_only,anger,low,"{""emotion"": ""anger"", ""intensity"": ""low""}"
Ses05M_impro04_M020,words_only,sadness,high,"{""emotion"": ""sadness"", ""intensity"": ""high""}"
Ses05M_impro04_M040,words_only,neutral,none,"{""emotion"": ""neutral"", ""intensity"": ""none""}"
Ses05M_impro04_M041,words_only,neutral,none,"{""emotion"": ""neutral"", ""intensity"": ""none""}"
Ses05M_impro05_F001,words_only,neutral,none,"{""emotion"": ""neutral"", ""intensity"": ""none""}"
Ses05M_impro05_F004,words_only,neutral,none,"{""emotion"": ""neutral"", ""intensity"": ""none""}"
Ses05M_impro05_F012,words_only,neutral,none,"{""emotion"": ""neutral"", ""intensity"": ""none""}"
Ses05M_impro05_F014,words_only,neutral,none,"{""emotion"": ""neutral"", ""intensity"": ""none""}"
Ses05M_impro05_M004,words_only,neutral,none,"{""emotion"": ""neutral"", ""intensity"": ""none""}"
Ses05M_impro05_M022,words_only,neutral,none,"{""emotion"": ""neutral"", ""intensity"": ""none""}"
Ses05M_impro06_F004,words_only,neutral,none,"{""emotion"": ""neutral"", ""intensity"": ""none""}"
Ses05M_impro06_M004,words_only,neutral,none,"{""emotion"": ""neutral"", ""intensity"": ""none""}"
Ses05M_impro06_M009,words_only,neutral,none,"{""emotion"": ""neutral"", ""intensity"": ""none""}"
Ses05M_impro06_M012,words_only,neutral,none,"{""emotion"": ""neutral"", ""intensity"": ""none""}"
Ses05M_impro06_M013,words_only,sadness,high,"{""emotion"": ""sadness"", ""intensity"": ""high""}"
Ses05M_impro06_M014,words_only,neutral,none,"{""emotion"": ""neutral"", ""intensity"": ""none""}"
Ses05M_impro06_M020,words_only,neutral,none,"{""emotion"": ""neutral"", ""intensity"": ""none""}"
Ses05M_impro07_F000,words_only,neutral,none,"{""emotion"": ""neutral"", ""intensity"": ""none""}"
Ses05M_impro07_F011,words_only,neutral,none,"{""emotion"": ""neutral"", ""intensity"": ""none""}"
Ses05M_impro07_F015,words_only,neutral,none,"{""emotion"": ""neutral"", ""intensity"": ""none""}"
Ses05M_impro07_F018,words_only,neutral,none,"{""emotion"": ""neutral"", ""intensity"": ""none""}"
Ses05M_impro07_F022,words_only,happiness,high,"{""emotion"": ""happiness"", ""intensity"": ""high""}"
Ses05M_impro07_F036,words_only,neutral,none,"{""emotion"": ""neutral"", ""intensity"": ""none""}"
Ses05M_impro07_F041,words_only,happiness,high,"{""emotion"": ""happiness"", ""intensity"": ""high""}"
Ses05M_impro07_F044,words_only,happiness,high,"{""emotion"": ""happiness"", ""intensity"": ""high""}"
Ses05M_impro07_F045,words_only,happiness,low,"{""emotion"": ""happiness"", ""intensity"": ""low""}"
Ses05M_impro07_M016,words_only,happiness,high,"{""emotion"": ""happiness"", ""intensity"": ""high""}"
Ses05M_impro07_M020,words_only,neutral,none,"{""emotion"": ""neutral"", ""intensity"": ""none""}"
Ses05M_impro07_M025,words_only,neutral,none,"{""emotion"": ""neutral"", ""intensity"": ""none""}"
Ses05M_impro07_M035,words_only,neutral,none,"{""emotion"": ""neutral"", ""intensity"": ""none""}"
Ses05M_impro08_F007,words_only,neutral,none,"{""emotion"": ""neutral"", ""intensity"": ""none""}"
Ses05M_impro08_F008,words_only,neutral,none,"{""emotion"": ""neutral"", ""intensity"": ""none""}"
Ses05M_impro08_F013,words_only,neutral,none,"{""emotion"": ""neutral"", ""intensity"": ""none""}"
Ses05M_impro08_F022,words_only,happiness,high,"{""emotion"": ""happiness"", ""intensity"": ""high""}"
Ses05M_impro08_M002,words_only,sadness,low,"{""emotion"": ""sadness"", ""intensity"": ""low""}"
Ses05M_impro08_M009,words_only,neutral,none,"{""emotion"": ""neutral"", ""intensity"": ""none""}"
Ses05M_impro08_M024,words_only,neutral,none,"{""emotion"": ""neutral"", ""intensity"": ""none""}"
Ses05M_script01_1_F004,words_only,neutral,none,"{""emotion"": ""neutral"", ""intensity"": ""none""}"
Ses05M_script01_1_F014,words_only,anger,high,"{""emotion"": ""anger"", ""intensity"": ""high""}"
Ses05M_script01_1_F022,words_only,neutral,none,"{""emotion"": ""neutral"", ""intensity"": ""none""}"
Ses05M_script01_1_F026,words_only,neutral,none,"{""emotion"": ""neutral"", ""intensity"": ""none""}"
Ses05M_script01_1_F032,words_only,anger,high,"{""emotion"": ""anger"", ""intensity"": ""high""}"
Ses05M_script01_1_F035,words_only,anger,high,"{""emotion"": ""anger"", ""intensity"": ""high""}"
Ses05M_script01_1_F036,words_only,anger,high,"{""emotion"": ""anger"", ""intensity"": ""high""}"
Ses05M_script01_1_M011,words_only,sadness,high,"{""emotion"": ""sadness"", ""intensity"": ""high""}"
Ses05M_script01_1_M020,words_only,neutral,none,"{""emotion"": ""neutral"", ""intensity"": ""none""}"
Ses05M_script01_1_M033,words_only,neutral,none,"{""emotion"": ""neutral"", ""intensity"": ""none""}"
Ses05M_script01_1_M035,words_only,anger,high,"{""emotion"": ""anger"", ""intensity"": ""high""}"
Ses05M_script01_1b_F033,words_only,neutral,none,"{""emotion"": ""neutral"", ""intensity"": ""none""}"
Ses05M_script01_1b_M001,words_only,neutral,none,"{""emotion"": ""neutral"", ""intensity"": ""none""}"
Ses05M_script01_1b_M005,words_only,neutral,none,"{""emotion"": ""neutral"", ""intensity"": ""none""}"
Ses05M_script01_1b_M020,words_only,neutral,none,"{""emotion"": ""neutral"", ""intensity"": ""none""}"
Ses05M_script01_1b_M032,words_only,neutral,none,"{""emotion"": ""neutral"", ""intensity"": ""none""}"
Ses05M_script01_1b_M036,words_only,happiness,low,"{""emotion"": ""happiness"", ""intensity"": ""low""}"
Ses05M_script01_1b_M040,words_only,neutral,none,"{""emotion"": ""neutral"", ""intensity"": ""none""}"
Ses05M_script01_2_F005,words_only,neutral,none,"{""emotion"": ""neutral"", ""intensity"": ""none""}"
Ses05M_script01_2_M001,words_only,neutral,none,"{""emotion"": ""neutral"", ""intensity"": ""none""}"
Ses05M_script01_2_M015,words_only,anger,high,"{""emotion"": ""anger"", ""intensity"": ""high""}"
Ses05M_script01_3_F012,words_only,sadness,high,"{""emotion"": ""sadness"", ""intensity"": ""high""}"
Ses05M_script01_3_F020,words_only,neutral,none,"{""emotion"": ""neutral"", ""intensity"": ""none""}"
Ses05M_script01_3_M003,words_only,neutral,none,"{""emotion"": ""neutral"", ""intensity"": ""none""}"
Ses05M_script01_3_M010,words_only,sadness,low,"{""emotion"": ""sadness"", ""intensity"": ""low""}"
Ses05M_script01_3_M020,words_only,neutral,none,"{""emotion"": ""neutral"", ""intensity"": ""none""}"
Ses05M_script01_3_M022,words_only,neutral,none,"{""emotion"": ""neutral"", ""intensity"": ""none""}"
Ses05M_script01_3_M029,words_only,neutral,none,"{""emotion"": ""neutral"", ""intensity"": ""none""}"
Ses05M_script01_3_M030,words_only,anger,high,"{""emotion"": ""anger"", ""intensity"": ""high""}"
Ses05M_script01_3_M036,words_only,neutral,none,"{""emotion"": ""neutral"", ""intensity"": ""none""}"
Ses05M_script01_3_M039,words_only,neutral,none,"{""emotion"": ""neutral"", ""intensity"": ""none""}"
Ses05M_script02_1_F016,words_only,neutral,none,"{""emotion"": ""neutral"", ""intensity"": ""none""}"
Ses05M_script02_1_M010,words_only,neutral,none,"{""emotion"": ""neutral"", ""intensity"": ""none""}"
Ses05M_script02_1_M021,words_only,happiness,low,"{""emotion"": ""happiness"", ""intensity"": ""low""}"
Ses05M_script02_1_M031,words_only,neutral,none,"{""emotion"": ""neutral"", ""intensity"": ""none""}"
Ses05M_script02_2_F000,words_only,neutral,none,"{""emotion"": ""neutral"", ""intensity"": ""none""}"
Ses05M_script02_2_F009,words_only,neutral,none,"{""emotion"": ""neutral"", ""intensity"": ""none""}"
Ses05M_script02_2_F014,words_only,neutral,none,"{""emotion"": ""neutral"", ""intensity"": ""none""}"
Ses05M_script02_2_F015,words_only,happiness,high,"{""emotion"": ""happiness"", ""intensity"": ""high""}"
Ses05M_script02_2_F027,words_only,neutral,none,"{""emotion"": ""neutral"", ""intensity"": ""none""}"
Ses05M_script02_2_F032,words_only,anger,high,"{""emotion"": ""anger"", ""intensity"": ""high""}"
Ses05M_script02_2_F038,words_only,neutral,none,"{""emotion"": ""neutral"", ""intensity"": ""none""}"
Ses05M_script02_2_M016,words_only,neutral,none,"{""emotion"": ""neutral"", ""intensity"": ""none""}"
Ses05M_script02_2_M026,words_only,neutral,none,"{""emotion"": ""neutral"", ""intensity"": ""none""}"
Ses05M_script03_1_F001,words_only,neutral,none,"{""emotion"": ""neutral"", ""intensity"": ""none""}"
Ses05M_script03_1_F012,words_only,neutral,none,"{""emotion"": ""neutral"", ""intensity"": ""none""}"
Ses05M_script03_1_F024,words_only,sadness,high,"{""emotion"": ""sadness"", ""intensity"": ""high""}"
Ses05M_script03_1_M004,words_only,neutral,none,"{""emotion"": ""neutral"", ""intensity"": ""none""}"
Ses05M_script03_1_M022,words_only,neutral,none,"{""emotion"": ""neutral"", ""intensity"": ""none""}"
Ses05M_script03_1_M029,words_only,anger,high,"{""emotion"": ""anger"", ""intensity"": ""high""}"
Ses05M_script03_2_F001,words_only,neutral,none,"{""emotion"": ""neutral"", ""intensity"": ""none""}"
Ses05M_script03_2_F009,words_only,neutral,none,"{""emotion"": ""neutral"", ""intensity"": ""none""}"
Ses05M_script03_2_F012,words_only,neutral,none,"{""emotion"": ""neutral"", ""intensity"": ""none""}"
Ses05M_script03_2_F017,words_only,neutral,none,"{""emotion"": ""neutral"", ""intensity"": ""none""}"
Ses05M_script03_2_F028,words_only,anger,high,"{""emotion"": ""anger"", ""intensity"": ""high""}"
Ses05M_script03_2_F034,words_only,anger,high,"{""emotion"": ""anger"", ""intensity"": ""high""}"
Ses05M_script03_2_F036,words_only,anger,high,"{""emotion"": ""anger"", ""intensity"": ""high""}"
Ses05M_script03_2_F039,words_only,anger,high,"{""emotion"": ""anger"", ""intensity"": ""high""}"
Ses05M_script03_2_F043,words_only,anger,high,"{""emotion"": ""anger"", ""intensity"": ""high""}"
Ses05M_script03_2_M008,words_only,neutral,none,"{""emotion"": ""neutral"", ""intensity"": ""none""}"
Ses05M_script03_2_M009,words_only,neutral,none,"{""emotion"": ""neutral"", ""intensity"": ""none""}"
Ses05M_script03_2_M015,words_only,neutral,none,"{""emotion"": ""neutral"", ""intensity"": ""none""}"
Ses05M_script03_2_M024,words_only,neutral,none,"{""emotion"": ""neutral"", ""intensity"": ""none""}"
Ses05M_script03_2_M026,words_only,neutral,none,"{""emotion"": ""neutral"", ""intensity"": ""none""}"
Ses05M_script03_2_M027,words_only,neutral,none,"{""emotion"": ""neutral"", ""intensity"": ""none""}"
Ses05M_script03_2_M028,words_only,neutral,none,"{""emotion"": ""neutral"", ""intensity"": ""none""}"
Ses05M_script03_2_M030,words_only,neutral,none,"{""emotion"": ""neutral"", ""intensity"": ""none""}"
Ses05M_script03_2_M035,words_only,neutral,none,"{""emotion"": ""neutral"", ""intensity"": ""none""}"
Ses05M_script03_2_M038,words_only,anger,low,"{""emotion"": ""anger"", ""intensity"": ""low""}"
Ses05M_script03_2_M039,words_only,happiness,high,"{""emotion"": ""happiness"", ""intensity"": ""high""}"
Ses05M_script03_2_M041,words_only,anger,high,"{""emotion"": ""anger"", ""intensity"": ""high""}"
Ses05M_script03_2_M044,words_only,anger,high,"{""emotion"": ""anger"", ""intensity"": ""high""}"
