clip,condition,emotion,intensity,raw
EN_01_00_01,behaviour_only,anger,high,"{""emotion"": ""anger"", ""intensity"": ""high""}"
EN_01_00_02,behaviour_only,anger,high,"{""emotion"": ""anger"", ""intensity"": ""high""}"
EN_01_00_03,behaviour_only,anger,high,"{""emotion"": ""anger"", ""intensity"": ""high""}"
EN_01_00_04,behaviour_only,anger,high,"{""emotion"": ""anger"", ""intensity"": ""high""}"
EN_01_00_05,behaviour_only,anger,high,"{""emotion"": ""anger"", ""intensity"": ""high""}"
EN_01_00_06,behaviour_only,anger,high,"{""emotion"": ""anger"", ""intensity"": ""high""}"
EN_01_00_07,behaviour_only,anger,high,"{""emotion"": ""anger"", ""intensity"": ""high""}"
EN_01_00_08,behaviour_only,anger,high,"{""emotion"": ""anger"", ""intensity"": ""high""}"
EN_01_00_09,behaviour_only,anger,high,"{""emotion"": ""anger"", ""intensity"": ""high""}"
EN_01_00_10,behaviour_only,anger,high,"{""emotion"": ""anger"", ""intensity"": ""high""}"
EN_01_01_01_1_2,behaviour_only,sadness,low,"{""emotion"": ""sadness"", ""intensity"": ""moderate""}"
EN_01_01_01_2_2,behaviour_only,sadness,high,"{""emotion"": ""sadness"", ""intensity"": ""high""}"
EN_01_01_02_1_2,behaviour_only,confidence,high,"{""emotion"": ""confidence"", ""intensity"": ""high""}"
EN_01_01_02_2_2,behaviour_only,confidence,low,"{""emotion"": ""confidence"", ""intensity"": ""low""}"
EN_01_01_03_1_2,behaviour_only,confidence,high,"{""emotion"": ""confidence"", ""intensity"": ""high""}"
EN_01_01_03_2_2,behaviour_only,confidence,high,"{""emotion"": ""confidence"", ""intensity"": ""high""}"
EN_01_01_04_1_2,behaviour_only,confidence,low,"{""emotion"": ""confidence"", ""intensity"": ""low""}"
EN_01_01_04_2_2,behaviour_only,neutral,none,"{""emotion"": ""neutral"", ""intensity"": ""none""}"
EN_01_01_05_1_2,behaviour_only,anger,low,"{""emotion"": ""anger"", ""intensity"": ""low""}"
EN_01_01_05_2_2,behaviour_only,disgust,high,"{""emotion"": ""disgust"", ""intensity"": ""high""}"
EN_01_01_06_1_2,behaviour_only,anger,high,"{""emotion"": ""anger"", ""intensity"": ""high""}"
EN_01_01_06_2_2,behaviour_only,confidence,high,"{""emotion"": ""confidence"", ""intensity"": ""high""}"
EN_01_01_07_1_2,behaviour_only,sadness,low,"{""emotion"": ""sadness"", ""intensity"": ""low""}"
EN_01_01_07_2_2,behaviour_only,anger,high,"{""emotion"": ""anger"", ""intensity"": ""high""}"
EN_01_01_08_1_2,behaviour_only,anger,high,"{""emotion"": ""anger"", ""intensity"": ""high""}"
EN_01_01_08_2_2,behaviour_only,confidence,high,"{""emotion"": ""confidence"", ""intensity"": ""high""}"
EN_01_01_09_1_2,behaviour_only,sadness,high,"{""emotion"": ""sadness"", ""intensity"": ""high""}"
EN_01_01_09_2_2,behaviour_only,anger,high,"{""emotion"": ""anger"", ""intensity"": ""high""}"
EN_01_01_10_1_2,behaviour_only,sadness,high,"{""emotion"": ""sadness"", ""intensity"": ""high""}"
EN_01_01_10_2_2,behaviour_only,sadness,high,"{""emotion"": ""sadness"", ""intensity"": ""high""}"
EN_01_02_01_1_2,behaviour_only,neutral,none,"{""emotion"": ""neutral"", ""intensity"": ""none""}"
EN_01_02_01_2_2,behaviour_only,confidence,low,"{""emotion"": ""confidence"", ""intensity"": ""low""}"
EN_01_02_02_1_2,behaviour_only,anger,high,"{""emotion"": ""anger"", ""intensity"": ""high""}"
EN_01_02_02_2_2,behaviour_only,disgust,low,"{""emotion"": ""disgust"", ""intensity"": ""moderate""}"
EN_01_02_03_1_2,behaviour_only,anger,low,"{""emotion"": ""anger"", ""intensity"": ""low""}"
EN_01_02_03_2_2,behaviour_only,disgust,high,"{""emotion"": ""disgust"", ""intensity"": ""high""}"
EN_01_02_04_1_2,behaviour_only,anger,high,"{""emotion"": ""anger"", ""intensity"": ""high""}"
EN_01_02_04_2_2,behaviour_only,confidence,low,"{""emotion"": ""confidence"", ""intensity"": ""low""}"
EN_01_02_05_1_2,behaviour_only,sadness,high,"{""emotion"": ""sadness"", ""intensity"": ""high""}"
EN_01_02_05_2_2,behaviour_only,confidence,high,"{""emotion"": ""confidence"", ""intensity"": ""high""}"
EN_01_02_06_1_2,behaviour_only,confidence,low,"{""emotion"": ""confidence"", ""intensity"": ""low""}"
EN_01_02_06_2_2,behaviour_only,confidence,high,"{""emotion"": ""confidence"", ""intensity"": ""high""}"
EN_01_02_07_1_2,behaviour_only,sadness,high,"{""emotion"": ""sadness"", ""intensity"": ""high""}"
EN_01_02_07_2_2,behaviour_only,surprise,high,"{""emotion"": ""surprise"", ""intensity"": ""high""}"
EN_01_02_08_1_2,behaviour_only,confidence,low,"{""emotion"": ""confidence"", ""intensity"": ""low""}"
EN_01_02_08_2_2,behaviour_only,surprise,high,"{""emotion"": ""surprise"", ""intensity"": ""high""}"
EN_01_02_09_1_2,behaviour_only,sadness,low,"{""emotion"": ""sadness"", ""intensity"": ""moderate""}"
EN_01_02_09_2_2,behaviour_only,sadness,high,"{""emotion"": ""sadness"", ""intensity"": ""high""}"
EN_01_02_10_1_2,behaviour_only,anger,high,"{""emotion"": ""anger"", ""intensity"": ""high""}"
EN_01_02_10_2_2,behaviour_only,disgust,high,"{""emotion"": ""disgust"", ""intensity"": ""high""}"
EN_01_03_01_1_2,behaviour_only,confusion,low,"{""emotion"": ""confusion"", ""intensity"": ""low""}"
EN_01_03_01_2_2,behaviour_only,happiness,low,"{""emotion"": ""happiness"", ""intensity"": ""moderate""}"
EN_01_03_02_1_2,behaviour_only,happiness,low,"{""emotion"": ""happiness"", ""intensity"": ""moderate""}"
EN_01_03_02_2_2,behaviour_only,happiness,high,"{""emotion"": ""happiness"", ""intensity"": ""high""}"
EN_01_03_03_1_2,behaviour_only,happiness,low,"{""emotion"": ""happiness"", ""intensity"": ""moderate""}"
EN_01_03_03_2_2,behaviour_only,happiness,high,"{""emotion"": ""happiness"", ""intensity"": ""high""}"
EN_01_03_04_1_2,behaviour_only,happiness,low,"{""emotion"": ""happiness"", ""intensity"": ""low""}"
EN_01_03_04_2_2,behaviour_only,happiness,high,"{""emotion"": ""happiness"", ""intensity"": ""high""}"
EN_01_03_05_1_2,behaviour_only,confusion,low,"{""emotion"": ""confusion"", ""intensity"": ""low""}"
EN_01_03_05_2_2,behaviour_only,happiness,high,"{""emotion"": ""happiness"", ""intensity"": ""high""}"
EN_01_03_06_1_2,behaviour_only,happiness,low,"{""emotion"": ""happiness"", ""intensity"": ""low""}"
EN_01_03_06_2_2,behaviour_only,sadness,low,"{""emotion"": ""sadness"", ""intensity"": ""moderate""}"
EN_01_03_07_1_2,behaviour_only,sadness,low,"{""emotion"": ""sadness"", ""intensity"": ""low""}"
EN_01_03_07_2_2,behaviour_only,happiness,low,"{""emotion"": ""happiness"", ""intensity"": ""moderate""}"
EN_01_03_08_1_2,behaviour_only,happiness,low,"{""emotion"": ""happiness"", ""intensity"": ""low""}"
EN_01_03_08_2_2,behaviour_only,happiness,low,"{""emotion"": ""happiness"", ""intensity"": ""moderate""}"
EN_01_03_09_1_2,behaviour_only,sadness,low,"{""emotion"": ""sadness"", ""intensity"": ""moderate""}"
EN_01_03_09_2_2,behaviour_only,happiness,high,"{""emotion"": ""happiness"", ""intensity"": ""high""}"
EN_01_03_10_1_2,behaviour_only,happiness,high,"{""emotion"": ""happiness"", ""intensity"": ""high""}"
EN_01_03_10_2_2,behaviour_only,happiness,high,"{""emotion"": ""happiness"", ""intensity"": ""high""}"
EN_01_04_01_1_2,behaviour_only,sadness,low,"{""emotion"": ""sadness"", ""intensity"": ""moderate""}"
EN_01_04_01_2_2,behaviour_only,sadness,high,"{""emotion"": ""sadness"", ""intensity"": ""high""}"
EN_01_04_02_1_2,behaviour_only,disgust,high,"{""emotion"": ""disgust"", ""intensity"": ""high""}"
EN_01_04_02_2_2,behaviour_only,surprise,low,"{""emotion"": ""surprise"", ""intensity"": ""moderate""}"
EN_01_04_03_1_2,behaviour_only,sadness,high,"{""emotion"": ""sadness"", ""intensity"": ""high""}"
EN_01_04_03_2_2,behaviour_only,anger,high,"{""emotion"": ""anger"", ""intensity"": ""high""}"
EN_01_04_04_1_2,behaviour_only,sadness,high,"{""emotion"": ""sadness"", ""intensity"": ""high""}"
EN_01_04_04_2_2,behaviour_only,sadness,high,"{""emotion"": ""sadness"", ""intensity"": ""high""}"
EN_01_04_05_1_2,behaviour_only,disgust,high,"{""emotion"": ""disgust"", ""intensity"": ""high""}"
EN_01_04_05_2_2,behaviour_only,anger,high,"{""emotion"": ""anger"", ""intensity"": ""high""}"
EN_01_04_06_1_2,behaviour_only,sadness,high,"{""emotion"": ""sadness"", ""intensity"": ""high""}"
EN_01_04_06_2_2,behaviour_only,sadness,high,"{""emotion"": ""sadness"", ""intensity"": ""high""}"
EN_01_04_07_1_2,behaviour_only,sadness,high,"{""emotion"": ""sadness"", ""intensity"": ""high""}"
EN_01_04_07_2_2,behaviour_only,sadness,low,"{""emotion"": ""sadness"", ""intensity"": ""moderate""}"
EN_01_04_08_1_2,behaviour_only,neutral,none,"{""emotion"": ""neutral"", ""intensity"": ""none""}"
EN_01_04_08_2_2,behaviour_only,sadness,high,"{""emotion"": ""sadness"", ""intensity"": ""high""}"
EN_01_04_09_1_2,behaviour_only,disgust,low,"{""emotion"": ""disgust"", ""intensity"": ""low""}"
EN_01_04_09_2_2,behaviour_only,fear,high,"{""emotion"": ""fear"", ""intensity"": ""high""}"
EN_01_04_10_1_2,behaviour_only,sadness,high,"{""emotion"": ""sadness"", ""intensity"": ""high""}"
EN_01_04_10_2_2,behaviour_only,confusion,high,"{""emotion"": ""confusion"", ""intensity"": ""high""}"
EN_01_05_01_1_2,behaviour_only,disgust,high,"{""emotion"": ""disgust"", ""intensity"": ""high""}"
EN_01_05_01_2_2,behaviour_only,disgust,low,"{""emotion"": ""disgust"", ""intensity"": ""moderate""}"
EN_01_05_02_1_2,behaviour_only,confidence,high,"{""emotion"": ""confidence"", ""intensity"": ""high""}"
EN_01_05_02_2_2,behaviour_only,sadness,high,"{""emotion"": ""sadness"", ""intensity"": ""high""}"
EN_01_05_03_1_2,behaviour_only,sadness,high,"{""emotion"": ""sadness"", ""intensity"": ""high""}"
EN_01_05_03_2_2,behaviour_only,sadness,high,"{""emotion"": ""sadness"", ""intensity"": ""high""}"
EN_01_05_04_1_2,behaviour_only,sadness,high,"{""emotion"": ""sadness"", ""intensity"": ""high""}"
EN_01_05_04_2_2,behaviour_only,neutral,none,"{""emotion"": ""neutral"", ""intensity"": ""none""}"
EN_01_05_05_1_2,behaviour_only,sadness,high,"{""emotion"": ""sadness"", ""intensity"": ""high""}"
EN_01_05_05_2_2,behaviour_only,sadness,high,"{""emotion"": ""sadness"", ""intensity"": ""high""}"
EN_01_05_06_1_2,behaviour_only,sadness,high,"{""emotion"": ""sadness"", ""intensity"": ""high""}"
EN_01_05_06_2_2,behaviour_only,sadness,low,"{""emotion"": ""sadness"", ""intensity"": ""low""}"
EN_01_05_07_1_2,behaviour_only,happiness,low,"{""emotion"": ""happiness"", ""intensity"": ""low""}"
EN_01_05_07_2_2,behaviour_only,happiness,high,"{""emotion"": ""happiness"", ""intensity"": ""high""}"
EN_01_05_08_1_2,behaviour_only,sadness,high,"{""emotion"": ""sadness"", ""intensity"": ""high""}"
EN_01_05_08_2_2,behaviour_only,sadness,high,"{""emotion"": ""sadness"", ""intensity"": ""high""}"
EN_01_05_09_1_2,behaviour_only,confidence,high,"{""emotion"": ""confidence"", ""intensity"": ""high""}"
EN_01_05_09_2_2,behaviour_only,sadness,high,"{""emotion"": ""sadness"", ""intensity"": ""high""}"
EN_01_05_10_1_2,behaviour_only,disgust,high,"{""emotion"": ""disgust"", ""intensity"": ""high""}"
EN_01_05_10_2_2,behaviour_only,disgust,low,"{""emotion"": ""disgust"", ""intensity"": ""low""}"
EN_01_06_01_1_2,behaviour_only,sadness,high,"{""emotion"": ""sadness"", ""intensity"": ""high""}"
EN_01_06_01_2_2,behaviour_only,sadness,high,"{""emotion"": ""sadness"", ""intensity"": ""high""}"
EN_01_06_02_1_2,behaviour_only,sadness,low,"{""emotion"": ""sadness"", ""intensity"": ""low""}"
EN_01_06_02_2_2,behaviour_only,sadness,high,"{""emotion"": ""sadness"", ""intensity"": ""high""}"
EN_01_06_03_1_2,behaviour_only,fear,high,"{""emotion"": ""fear"", ""intensity"": ""high""}"
EN_01_06_03_2_2,behaviour_only,happiness,low,"{""emotion"": ""happiness"", ""intensity"": ""low""}"
EN_01_06_04_1_2,behaviour_only,sadness,high,"{""emotion"": ""sadness"", ""intensity"": ""high""}"
EN_01_06_04_2_2,behaviour_only,sadness,high,"{""emotion"": ""sadness"", ""intensity"": ""high""}"
EN_01_06_05_1_2,behaviour_only,sadness,high,"{""emotion"": ""sadness"", ""intensity"": ""high""}"
EN_01_06_05_2_2,behaviour_only,sadness,high,"{""emotion"": ""sadness"", ""intensity"": ""high""}"
EN_01_06_06_1_2,behaviour_only,sadness,high,"{""emotion"": ""sadness"", ""intensity"": ""high""}"
EN_01_06_06_2_2,behaviour_only,sadness,high,"{""emotion"": ""sadness"", ""intensity"": ""high""}"
EN_01_06_07_1_2,behaviour_only,sadness,high,"{""emotion"": ""sadness"", ""intensity"": ""high""}"
EN_01_06_07_2_2,behaviour_only,happiness,low,"{""emotion"": ""happiness"", ""intensity"": ""low""}"
EN_01_06_08_1_2,behaviour_only,disgust,high,"{""emotion"": ""disgust"", ""intensity"": ""high""}"
EN_01_06_08_2_2,behaviour_only,disgust,high,"{""emotion"": ""disgust"", ""intensity"": ""high""}"
EN_01_06_09_1_2,behaviour_only,sadness,low,"{""emotion"": ""sadness"", ""intensity"": ""moderate""}"
EN_01_06_09_2_2,behaviour_only,sadness,high,"{""emotion"": ""sadness"", ""intensity"": ""high""}"
EN_01_06_10_1_2,behaviour_only,sadness,high,"{""emotion"": ""sadness"", ""intensity"": ""high""}"
EN_01_06_10_2_2,behaviour_only,happiness,low,"{""emotion"": ""happiness"", ""intensity"": ""moderate""}"
EN_01_07_01_1_2,behaviour_only,sadness,high,"{""emotion"": ""sadness"", ""intensity"": ""high""}"
EN_01_07_01_2_2,behaviour_only,sadness,high,"{""emotion"": ""sadness"", ""intensity"": ""high""}"
EN_01_07_02_1_2,behaviour_only,sadness,low,"{""emotion"": ""sadness"", ""intensity"": ""moderate""}"
EN_01_07_02_2_2,behaviour_only,sadness,high,"{""emotion"": ""sadness"", ""intensity"": ""high""}"
EN_01_07_03_1_2,behaviour_only,sadness,high,"{""emotion"": ""sadness"", ""intensity"": ""high""}"
EN_01_07_03_2_2,behaviour_only,happiness,high,"{""emotion"": ""happiness"", ""intensity"": ""high""}"
EN_01_07_04_1_2,behaviour_only,sadness,low,"{""emotion"": ""sadness"", ""intensity"": ""low""}"
EN_01_07_04_2_2,behaviour_only,confusion,low,"{""emotion"": ""confusion"", ""intensity"": ""moderate""}"
EN_01_07_05_1_2,behaviour_only,sadness,high,"{""emotion"": ""sadness"", ""intensity"": ""high""}"
EN_01_07_05_2_2,behaviour_only,surprise,high,"{""emotion"": ""surprise"", ""intensity"": ""high""}"
EN_01_07_06_1_2,behaviour_only,sadness,high,"{""emotion"": ""sadness"", ""intensity"": ""high""}"
EN_01_07_06_2_2,behaviour_only,surprise,high,"{""emotion"": ""surprise"", ""intensity"": ""high""}"
EN_01_07_07_1_2,behaviour_only,sadness,high,"{""emotion"": ""sadness"", ""intensity"": ""high""}"
EN_01_07_07_2_2,behaviour_only,sadness,high,"{""emotion"": ""sadness"", ""intensity"": ""high""}"
EN_01_07_08_1_2,behaviour_only,sadness,high,"{""emotion"": ""sadness"", ""intensity"": ""high""}"
EN_01_07_08_2_2,behaviour_only,sadness,high,"{""emotion"": ""sadness"", ""intensity"": ""high""}"
EN_01_07_09_1_2,behaviour_only,sadness,high,"{""emotion"": ""sadness"", ""intensity"": ""high""}"
EN_01_07_09_2_2,behaviour_only,sadness,low,"{""emotion"": ""sadness"", ""intensity"": ""low""}"
EN_01_07_10_1_2,behaviour_only,sadness,low,"{""emotion"": ""sadness"", ""intensity"": ""low""}"
EN_01_07_10_2_2,behaviour_only,sadness,low,"{""emotion"": ""sadness"", ""intensity"": ""moderate""}"
EN_01_08_01_1_2,behaviour_only,sadness,high,"{""emotion"": ""sadness"", ""intensity"": ""high""}"
EN_01_08_01_2_2,behaviour_only,sadness,high,"{""emotion"": ""sadness"", ""intensity"": ""high""}"
EN_01_08_02_1_2,behaviour_only,sadness,high,"{""emotion"": ""sadness"", ""intensity"": ""high""}"
EN_01_08_02_2_2,behaviour_only,sadness,low,"{""emotion"": ""sadness"", ""intensity"": ""moderate""}"
EN_01_08_03_1_2,behaviour_only,happiness,high,"{""emotion"": ""happiness"", ""intensity"": ""high""}"
EN_01_08_03_2_2,behaviour_only,sadness,high,"{""emotion"": ""sadness"", ""intensity"": ""high""}"
EN_01_08_04_1_2,behaviour_only,sadness,high,"{""emotion"": ""sadness"", ""intensity"": ""high""}"
EN_01_08_04_2_2,behaviour_only,sadness,low,"{""emotion"": ""sadness"", ""intensity"": ""low""}"
EN_01_08_05_1_2,behaviour_only,sadness,high,"{""emotion"": ""sadness"", ""intensity"": ""high""}"
EN_01_08_05_2_2,behaviour_only,sadness,high,"{""emotion"": ""sadness"", ""intensity"": ""high""}"
EN_01_08_06_1_2,behaviour_only,sadness,high,"{""emotion"": ""sadness"", ""intensity"": ""high""}"
EN_01_08_06_2_2,behaviour_only,sadness,high,"{""emotion"": ""sadness"", ""intensity"": ""high""}"
EN_01_08_07_1_2,behaviour_only,sadness,high,"{""emotion"": ""sadness"", ""intensity"": ""high""}"
EN_01_08_07_2_2,behaviour_only,sadness,high,"{""emotion"": ""sadness"", ""intensity"": ""high""}"
EN_01_08_08_1_2,behaviour_only,sadness,high,"{""emotion"": ""sadness"", ""intensity"": ""high""}"
EN_01_08_08_2_2,behaviour_only,sadness,high,"{""emotion"": ""sadness"", ""intensity"": ""high""}"
EN_01_08_09_1_2,behaviour_only,confidence,high,"{""emotion"": ""confidence"", ""intensity"": ""high""}"
EN_01_08_09_2_2,behaviour_only,disgust,high,"{""emotion"": ""disgust"", ""intensity"": ""high""}"
EN_01_08_10_1_2,behaviour_only,sadness,high,"{""emotion"": ""sadness"", ""intensity"": ""high""}"
EN_01_08_10_2_2,behaviour_only,sadness,high,"{""emotion"": ""sadness"", ""intensity"": ""high""}"
EN_01_09_01_1_2,behaviour_only,disgust,high,"{""emotion"": ""disgust"", ""intensity"": ""high""}"
EN_01_09_01_2_2,behaviour_only,sadness,high,"{""emotion"": ""sadness"", ""intensity"": ""high""}"
EN_01_09_02_1_2,behaviour_only,sadness,high,"{""emotion"": ""sadness"", ""intensity"": ""high""}"
EN_01_09_02_2_2,behaviour_only,happiness,low,"{""emotion"": ""happiness"", ""intensity"": ""moderate""}"
EN_01_09_03_1_2,behaviour_only,anger,high,"{""emotion"": ""anger"", ""intensity"": ""high""}"
EN_01_09_03_2_2,behaviour_only,happiness,low,"{""emotion"": ""happiness"", ""intensity"": ""low""}"
EN_01_09_04_1_2,behaviour_only,anger,high,"{""emotion"": ""anger"", ""intensity"": ""high""}"
EN_01_09_04_2_2,behaviour_only,confidence,low,"{""emotion"": ""confidence"", ""intensity"": ""low""}"
EN_01_09_05_1_2,behaviour_only,surprise,high,"{""emotion"": ""surprise"", ""intensity"": ""high""}"
EN_01_09_05_2_2,behaviour_only,sadness,high,"{""emotion"": ""sadness"", ""intensity"": ""high""}"
EN_01_09_06_1_2,behaviour_only,neutral,none,"{""emotion"": ""neutral"", ""intensity"": ""none""}"
EN_01_09_06_2_2,behaviour_only,sadness,low,"{""emotion"": ""sadness"", ""intensity"": ""low""}"
EN_01_09_07_1_2,behaviour_only,sadness,low,"{""emotion"": ""sadness"", ""intensity"": ""low""}"
EN_01_09_07_2_2,behaviour_only,sadness,low,"{""emotion"": ""sadness"", ""intensity"": ""moderate""}"
EN_01_09_08_1_2,behaviour_only,sadness,low,"{""emotion"": ""sadness"", ""intensity"": ""moderate""}"
EN_01_09_08_2_2,behaviour_only,surprise,low,"{""emotion"": ""surprise"", ""intensity"": ""moderate""}"
EN_01_09_09_1_2,behaviour_only,anger,high,"{""emotion"": ""anger"", ""intensity"": ""high""}"
EN_01_09_09_2_2,behaviour_only,confidence,high,"{""emotion"": ""confidence"", ""intensity"": ""high""}"
EN_01_09_10_1_2,behaviour_only,neutral,none,"{""emotion"": ""neutral"", ""intensity"": ""none""}"
EN_01_09_10_2_2,behaviour_only,sadness,high,"{""emotion"": ""sadness"", ""intensity"": ""high""}"
EN_01_10_01_1_2,behaviour_only,sadness,low,"{""emotion"": ""sadness"", ""intensity"": ""low""}"
EN_01_10_01_2_2,behaviour_only,sadness,low,"{""emotion"": ""sadness"", ""intensity"": ""low""}"
EN_01_10_02_1_2,behaviour_only,sadness,high,"{""emotion"": ""sadness"", ""intensity"": ""high""}"
EN_01_10_02_2_2,behaviour_only,sadness,low,"{""emotion"": ""sadness"", ""intensity"": ""low""}"
EN_01_10_03_1_2,behaviour_only,happiness,low,"{""emotion"": ""happiness"", ""intensity"": ""low""}"
EN_01_10_03_2_2,behaviour_only,contempt,high,"{""emotion"": ""contempt"", ""intensity"": ""high""}"
EN_01_10_04_1_2,behaviour_only,sadness,high,"{""emotion"": ""sadness"", ""intensity"": ""high""}"
EN_01_10_04_2_2,behaviour_only,happiness,low,"{""emotion"": ""happiness"", ""intensity"": ""low""}"
EN_01_10_05_1_2,behaviour_only,sadness,high,"{""emotion"": ""sadness"", ""intensity"": ""high""}"
EN_01_10_05_2_2,behaviour_only,confidence,high,"{""emotion"": ""confidence"", ""intensity"": ""high""}"
EN_01_10_06_1_2,behaviour_only,disgust,high,"{""emotion"": ""disgust"", ""intensity"": ""high""}"
EN_01_10_06_2_2,behaviour_only,sadness,high,"{""emotion"": ""sadness"", ""intensity"": ""high""}"
EN_01_10_07_1_2,behaviour_only,sadness,high,"{""emotion"": ""sadness"", ""intensity"": ""high""}"
EN_01_10_07_2_2,behaviour_only,sadness,high,"{""emotion"": ""sadness"", ""intensity"": ""high""}"
EN_01_10_08_1_2,behaviour_only,sadness,high,"{""emotion"": ""sadness"", ""intensity"": ""high""}"
EN_01_10_08_2_2,behaviour_only,happiness,low,"{""emotion"": ""happiness"", ""intensity"": ""moderate""}"
EN_01_10_09_1_2,behaviour_only,anger,high,"{""emotion"": ""anger"", ""intensity"": ""high""}"
EN_01_10_09_2_2,behaviour_only,confidence,high,"{""emotion"": ""confidence"", ""intensity"": ""high""}"
EN_01_10_10_1_2,behaviour_only,sadness,high,"{""emotion"": ""sadness"", ""intensity"": ""high""}"
EN_01_10_10_2_2,behaviour_only,anger,high,"{""emotion"": ""anger"", ""intensity"": ""high""}"
EN_02_00_01,behaviour_only,confidence,high,"{""emotion"": ""confidence"", ""intensity"": ""high""}"
EN_02_00_02,behaviour_only,confidence,high,"{""emotion"": ""confidence"", ""intensity"": ""high""}"
EN_02_00_03,behaviour_only,neutral,none,"{""emotion"": ""neutral"", ""intensity"": ""none""}"
EN_02_00_04,behaviour_only,neutral,none,"{""emotion"": ""neutral"", ""intensity"": ""none""}"
EN_02_00_05,behaviour_only,neutral,none,"{""emotion"": ""neutral"", ""intensity"": ""none""}"
EN_02_00_06,behaviour_only,sadness,low,"{""emotion"": ""sadness"", ""intensity"": ""low""}"
EN_02_00_07,behaviour_only,neutral,none,"{""emotion"": ""neutral"", ""intensity"": ""none""}"
EN_02_00_08,behaviour_only,surprise,low,"{""emotion"": ""surprise"", ""intensity"": ""low""}"
EN_02_00_09,behaviour_only,surprise,low,"{""emotion"": ""surprise"", ""intensity"": ""low""}"
EN_02_00_10,behaviour_only,neutral,none,"{""emotion"": ""neutral"", ""intensity"": ""none""}"
EN_02_01_01_1_2,behaviour_only,neutral,none,"{""emotion"": ""neutral"", ""intensity"": ""none""}"
EN_02_01_01_2_2,behaviour_only,disgust,low,"{""emotion"": ""disgust"", ""intensity"": ""low""}"
EN_02_01_02_1_2,behaviour_only,sadness,low,"{""emotion"": ""sadness"", ""intensity"": ""low""}"
EN_02_01_02_2_2,behaviour_only,sadness,low,"{""emotion"": ""sadness"", ""intensity"": ""low""}"
EN_02_01_03_1_2,behaviour_only,confusion,low,"{""emotion"": ""confusion"", ""intensity"": ""moderate""}"
EN_02_01_03_2_2,behaviour_only,sadness,high,"{""emotion"": ""sadness"", ""intensity"": ""high""}"
EN_02_01_04_1_2,behaviour_only,neutral,none,"{""emotion"": ""neutral"", ""intensity"": ""none""}"
EN_02_01_04_2_2,behaviour_only,sadness,low,"{""emotion"": ""sadness"", ""intensity"": ""low""}"
EN_02_01_05_1_2,behaviour_only,sadness,high,"{""emotion"": ""sadness"", ""intensity"": ""high""}"
EN_02_01_05_2_2,behaviour_only,surprise,high,"{""emotion"": ""surprise"", ""intensity"": ""high""}"
EN_02_01_06_1_2,behaviour_only,sadness,low,"{""emotion"": ""sadness"", ""intensity"": ""low""}"
EN_02_01_06_2_2,behaviour_only,sadness,low,"{""emotion"": ""sadness"", ""intensity"": ""low""}"
EN_02_01_07_1_2,behaviour_only,neutral,none,"{""emotion"": ""neutral"", ""intensity"": ""none""}"
EN_02_01_07_2_2,behaviour_only,sadness,low,"{""emotion"": ""sadness"", ""intensity"": ""moderate""}"
EN_02_01_08_1_2,behaviour_only,confidence,low,"{""emotion"": ""confidence"", ""intensity"": ""low""}"
EN_02_01_08_2_2,behaviour_only,sadness,high,"{""emotion"": ""sadness"", ""intensity"": ""high""}"
EN_02_01_09_1_2,behaviour_only,neutral,none,"{""emotion"": ""neutral"", ""intensity"": ""none""}"
EN_02_01_09_2_2,behaviour_only,confidence,high,"{""emotion"": ""confidence"", ""intensity"": ""high""}"
EN_02_01_10_1_2,behaviour_only,neutral,none,"{""emotion"": ""neutral"", ""intensity"": ""none""}"
EN_02_01_10_2_2,behaviour_only,surprise,low,"{""emotion"": ""surprise"", ""intensity"": ""moderate""}"
EN_02_02_01_1_2,behaviour_only,sadness,high,"{""emotion"": ""sadness"", ""intensity"": ""high""}"
EN_02_02_01_2_2,behaviour_only,sadness,high,"{""emotion"": ""sadness"", ""intensity"": ""high""}"
EN_02_02_02_1_2,behaviour_only,sadness,high,"{""emotion"": ""sadness"", ""intensity"": ""high""}"
EN_02_02_02_2_2,behaviour_only,surprise,high,"{""emotion"": ""surprise"", ""intensity"": ""high""}"
EN_02_02_03_1_2,behaviour_only,sadness,high,"{""emotion"": ""sadness"", ""intensity"": ""high""}"
EN_02_02_03_2_2,behaviour_only,sadness,low,"{""emotion"": ""sadness"", ""intensity"": ""moderate""}"
EN_02_02_04_1_2,behaviour_only,sadness,high,"{""emotion"": ""sadness"", ""intensity"": ""high""}"
EN_02_02_04_2_2,behaviour_only,disgust,low,"{""emotion"": ""disgust"", ""intensity"": ""moderate""}"
EN_02_02_05_1_2,behaviour_only,sadness,high,"{""emotion"": ""sadness"", ""intensity"": ""high""}"
EN_02_02_05_2_2,behaviour_only,sadness,high,"{""emotion"": ""sadness"", ""intensity"": ""high""}"
EN_02_02_06_1_2,behaviour_only,sadness,high,"{""emotion"": ""sadness"", ""intensity"": ""high""}"
EN_02_02_06_2_2,behaviour_only,sadness,high,"{""emotion"": ""sadness"", ""intensity"": ""high""}"
EN_02_02_07_1_2,behaviour_only,sadness,low,"{""emotion"": ""sadness"", ""intensity"": ""moderate""}"
EN_02_02_07_2_2,behaviour_only,sadness,high,"{""emotion"": ""sadness"", ""intensity"": ""high""}"
EN_02_02_08_1_2,behaviour_only,sadness,low,"{""emotion"": ""sadness"", ""intensity"": ""low""}"
EN_02_02_08_2_2,behaviour_only,confidence,high,"{""emotion"": ""confidence"", ""intensity"": ""high""}"
EN_02_02_09_1_2,behaviour_only,surprise,high,"{""emotion"": ""surprise"", ""intensity"": ""high""}"
EN_02_02_09_2_2,behaviour_only,sadness,high,"{""emotion"": ""sadness"", ""intensity"": ""high""}"
EN_02_02_10_1_2,behaviour_only,sadness,high,"{""emotion"": ""sadness"", ""intensity"": ""high""}"
EN_02_02_10_2_2,behaviour_only,contempt,high,"{""emotion"": ""contempt"", ""intensity"": ""high""}"
EN_02_03_01_1_2,behaviour_only,sadness,low,"{""emotion"": ""sadness"", ""intensity"": ""moderate""}"
EN_02_03_01_2_2,behaviour_only,sadness,high,"{""emotion"": ""sadness"", ""intensity"": ""high""}"
EN_02_03_02_1_2,behaviour_only,sadness,high,"{""emotion"": ""sadness"", ""intensity"": ""high""}"
EN_02_03_02_2_2,behaviour_only,sadness,high,"{""emotion"": ""sadness"", ""intensity"": ""high""}"
EN_02_03_03_1_2,behaviour_only,sadness,high,"{""emotion"": ""sadness"", ""intensity"": ""high""}"
EN_02_03_03_2_2,behaviour_only,happiness,low,"{""emotion"": ""happiness"", ""intensity"": ""moderate""}"
EN_02_03_04_1_2,behaviour_only,sadness,high,"{""emotion"": ""sadness"", ""intensity"": ""high""}"
EN_02_03_04_2_2,behaviour_only,happiness,low,"{""emotion"": ""happiness"", ""intensity"": ""moderate""}"
EN_02_03_05_1_2,behaviour_only,sadness,low,"{""emotion"": ""sadness"", ""intensity"": ""moderate""}"
EN_02_03_05_2_2,behaviour_only,sadness,low,"{""emotion"": ""sadness"", ""intensity"": ""moderate""}"
EN_02_03_06_1_2,behaviour_only,sadness,high,"{""emotion"": ""sadness"", ""intensity"": ""high""}"
EN_02_03_06_2_2,behaviour_only,sadness,high,"{""emotion"": ""sadness"", ""intensity"": ""high""}"
EN_02_03_07_1_2,behaviour_only,sadness,high,"{""emotion"": ""sadness"", ""intensity"": ""high""}"
EN_02_03_07_2_2,behaviour_only,sadness,high,"{""emotion"": ""sadness"", ""intensity"": ""high""}"
EN_02_03_08_1_2,behaviour_only,sadness,high,"{""emotion"": ""sadness"", ""intensity"": ""high""}"
EN_02_03_08_2_2,behaviour_only,sadness,high,"{""emotion"": ""sadness"", ""intensity"": ""high""}"
EN_02_03_09_1_2,behaviour_only,sadness,high,"{""emotion"": ""sadness"", ""intensity"": ""high""}"
EN_02_03_09_2_2,behaviour_only,sadness,high,"{""emotion"": ""sadness"", ""intensity"": ""high""}"
EN_02_03_10_1_2,behaviour_only,happiness,high,"{""emotion"": ""happiness"", ""intensity"": ""high""}"
EN_02_03_10_2_2,behaviour_only,happiness,low,"{""emotion"": ""happiness"", ""intensity"": ""low""}"
EN_02_04_01_1_2,behaviour_only,neutral,none,"{""emotion"": ""neutral"", ""intensity"": ""none""}"
EN_02_04_01_2_2,behaviour_only,confidence,high,"{""emotion"": ""confidence"", ""intensity"": ""high""}"
EN_02_04_02_1_2,behaviour_only,sadness,high,"{""emotion"": ""sadness"", ""intensity"": ""high""}"
EN_02_04_02_2_2,behaviour_only,sadness,low,"{""emotion"": ""sadness"", ""intensity"": ""moderate""}"
EN_02_04_03_1_2,behaviour_only,sadness,low,"{""emotion"": ""sadness"", ""intensity"": ""low""}"
EN_02_04_03_2_2,behaviour_only,sadness,high,"{""emotion"": ""sadness"", ""intensity"": ""high""}"
EN_02_04_04_1_2,behaviour_only,sadness,high,"{""emotion"": ""sadness"", ""intensity"": ""high""}"
EN_02_04_04_2_2,behaviour_only,anger,high,"{""emotion"": ""anger"", ""intensity"": ""high""}"
EN_02_04_05_1_2,behaviour_only,sadness,high,"{""emotion"": ""sadness"", ""intensity"": ""high""}"
EN_02_04_05_2_2,behaviour_only,anger,high,"{""emotion"": ""anger"", ""intensity"": ""high""}"
EN_02_04_06_1_2,behaviour_only,sadness,low,"{""emotion"": ""sadness"", ""intensity"": ""low""}"
EN_02_04_06_2_2,behaviour_only,sadness,high,"{""emotion"": ""sadness"", ""intensity"": ""high""}"
EN_02_04_07_1_2,behaviour_only,sadness,low,"{""emotion"": ""sadness"", ""intensity"": ""low""}"
EN_02_04_07_2_2,behaviour_only,sadness,high,"{""emotion"": ""sadness"", ""intensity"": ""high""}"
EN_02_04_08_1_2,behaviour_only,neutral,none,"{""emotion"": ""neutral"", ""intensity"": ""none""}"
EN_02_04_08_2_2,behaviour_only,sadness,high,"{""emotion"": ""sadness"", ""intensity"": ""high""}"
EN_02_04_09_1_2,behaviour_only,sadness,low,"{""emotion"": ""sadness"", ""intensity"": ""moderate""}"
EN_02_04_09_2_2,behaviour_only,sadness,high,"{""emotion"": ""sadness"", ""intensity"": ""high""}"
EN_02_04_10_1_2,behaviour_only,sadness,low,"{""emotion"": ""sadness"", ""intensity"": ""low""}"
EN_02_04_10_2_2,behaviour_only,anger,high,"{""emotion"": ""anger"", ""intensity"": ""high""}"
EN_02_05_01_1_2,behaviour_only,neutral,none,"{""emotion"": ""neutral"", ""intensity"": ""none""}"
EN_02_05_01_2_2,behaviour_only,sadness,high,"{""emotion"": ""sadness"", ""intensity"": ""high""}"
EN_02_05_02_1_2,behaviour_only,sadness,low,"{""emotion"": ""sadness"", ""intensity"": ""moderate""}"
EN_02_05_02_2_2,behaviour_only,confidence,high,"{""emotion"": ""confidence"", ""intensity"": ""high""}"
EN_02_05_03_1_2,behaviour_only,sadness,high,"{""emotion"": ""sadness"", ""intensity"": ""high""}"
EN_02_05_03_2_2,behaviour_only,sadness,high,"{""emotion"": ""sadness"", ""intensity"": ""high""}"
EN_02_05_04_1_2,behaviour_only,sadness,low,"{""emotion"": ""sadness"", ""intensity"": ""moderate""}"
EN_02_05_04_2_2,behaviour_only,confidence,high,"{""emotion"": ""confidence"", ""intensity"": ""high""}"
EN_02_05_05_1_2,behaviour_only,sadness,high,"{""emotion"": ""sadness"", ""intensity"": ""high""}"
EN_02_05_05_2_2,behaviour_only,sadness,high,"{""emotion"": ""sadness"", ""intensity"": ""high""}"
EN_02_05_06_1_2,behaviour_only,sadness,high,"{""emotion"": ""sadness"", ""intensity"": ""high""}"
EN_02_05_06_2_2,behaviour_only,sadness,high,"{""emotion"": ""sadness"", ""intensity"": ""high""}"
EN_02_05_07_1_2,behaviour_only,sadness,high,"{""emotion"": ""sadness"", ""intensity"": ""high""}"
EN_02_05_07_2_2,behaviour_only,sadness,high,"{""emotion"": ""sadness"", ""intensity"": ""high""}"
EN_02_05_08_1_2,behaviour_only,sadness,high,"{""emotion"": ""sadness"", ""intensity"": ""high""}"
EN_02_05_08_2_2,behaviour_only,surprise,high,"{""emotion"": ""surprise"", ""intensity"": ""high""}"
EN_02_05_09_1_2,behaviour_only,sadness,high,"{""emotion"": ""sadness"", ""intensity"": ""high""}"
EN_02_05_09_2_2,behaviour_only,sadness,high,"{""emotion"": ""sadness"", ""intensity"": ""high""}"
EN_02_05_10_1_2,behaviour_only,sadness,high,"{""emotion"": ""sadness"", ""intensity"": ""high""}"
EN_02_05_10_2_2,behaviour_only,sadness,high,"{""emotion"": ""sadness"", ""intensity"": ""high""}"
EN_02_06_01_1_2,behaviour_only,sadness,high,"{""emotion"": ""sadness"", ""intensity"": ""high""}"
EN_02_06_01_2_2,behaviour_only,sadness,high,"{""emotion"": ""sadness"", ""intensity"": ""high""}"
EN_02_06_02_1_2,behaviour_only,sadness,high,"{""emotion"": ""sadness"", ""intensity"": ""high""}"
EN_02_06_02_2_2,behaviour_only,confidence,high,"{""emotion"": ""confidence"", ""intensity"": ""high""}"
EN_02_06_03_1_2,behaviour_only,sadness,low,"{""emotion"": ""sadness"", ""intensity"": ""moderate""}"
EN_02_06_03_2_2,behaviour_only,sadness,high,"{""emotion"": ""sadness"", ""intensity"": ""high""}"
EN_02_06_04_1_2,behaviour_only,sadness,low,"{""emotion"": ""sadness"", ""intensity"": ""low""}"
EN_02_06_04_2_2,behaviour_only,sadness,low,"{""emotion"": ""sadness"", ""intensity"": ""low""}"
EN_02_06_05_1_2,behaviour_only,sadness,low,"{""emotion"": ""sadness"", ""intensity"": ""moderate""}"
EN_02_06_05_2_2,behaviour_only,sadness,high,"{""emotion"": ""sadness"", ""intensity"": ""high""}"
EN_02_06_06_1_2,behaviour_only,sadness,high,"{""emotion"": ""sadness"", ""intensity"": ""high""}"
EN_02_06_06_2_2,behaviour_only,sadness,high,"{""emotion"": ""sadness"", ""intensity"": ""high""}"
EN_02_06_07_1_2,behaviour_only,sadness,high,"{""emotion"": ""sadness"", ""intensity"": ""high""}"
EN_02_06_07_2_2,behaviour_only,sadness,high,"{""emotion"": ""sadness"", ""intensity"": ""high""}"
EN_02_06_08_1_2,behaviour_only,sadness,high,"{""emotion"": ""sadness"", ""intensity"": ""high""}"
EN_02_06_08_2_2,behaviour_only,sadness,high,"{""emotion"": ""sadness"", ""intensity"": ""high""}"
EN_02_06_09_1_2,behaviour_only,sadness,high,"{""emotion"": ""sadness"", ""intensity"": ""high""}"
EN_02_06_09_2_2,behaviour_only,sadness,high,"{""emotion"": ""sadness"", ""intensity"": ""high""}"
EN_02_06_10_1_2,behaviour_only,sadness,low,"{""emotion"": ""sadness"", ""intensity"": ""moderate""}"
EN_02_06_10_2_2,behaviour_only,sadness,high,"{""emotion"": ""sadness"", ""intensity"": ""high""}"
EN_02_07_01_1_2,behaviour_only,confidence,low,"{""emotion"": ""confidence"", ""intensity"": ""low""}"
EN_02_07_01_2_2,behaviour_only,disgust,low,"{""emotion"": ""disgust"", ""intensity"": ""low""}"
EN_02_07_02_1_2,behaviour_only,surprise,low,"{""emotion"": ""surprise"", ""intensity"": ""low""}"
EN_02_07_02_2_2,behaviour_only,surprise,high,"{""emotion"": ""surprise"", ""intensity"": ""high""}"
EN_02_07_03_1_2,behaviour_only,sadness,low,"{""emotion"": ""sadness"", ""intensity"": ""low""}"
EN_02_07_03_2_2,behaviour_only,surprise,low,"{""emotion"": ""surprise"", ""intensity"": ""low""}"
EN_02_07_04_1_2,behaviour_only,confidence,low,"{""emotion"": ""confidence"", ""intensity"": ""low""}"
EN_02_07_04_2_2,behaviour_only,confidence,low,"{""emotion"": ""confidence"", ""intensity"": ""moderate""}"
EN_02_07_05_1_2,behaviour_only,sadness,high,"{""emotion"": ""sadness"", ""intensity"": ""high""}"
EN_02_07_05_2_2,behaviour_only,sadness,high,"{""emotion"": ""sadness"", ""intensity"": ""high""}"
EN_02_07_06_1_2,behaviour_only,surprise,low,"{""emotion"": ""surprise"", ""intensity"": ""moderate""}"
EN_02_07_06_2_2,behaviour_only,surprise,low,"{""emotion"": ""surprise"", ""intensity"": ""low""}"
EN_02_07_07_1_2,behaviour_only,sadness,high,"{""emotion"": ""sadness"", ""intensity"": ""high""}"
EN_02_07_07_2_2,behaviour_only,sadness,high,"{""emotion"": ""sadness"", ""intensity"": ""high""}"
EN_02_07_08_1_2,behaviour_only,sadness,high,"{""emotion"": ""sadness"", ""intensity"": ""high""}"
EN_02_07_08_2_2,behaviour_only,sadness,high,"{""emotion"": ""sadness"", ""intensity"": ""high""}"
EN_02_07_09_1_2,behaviour_only,sadness,high,"{""emotion"": ""sadness"", ""intensity"": ""high""}"
EN_02_07_09_2_2,behaviour_only,surprise,high,"{""emotion"": ""surprise"", ""intensity"": ""high""}"
EN_02_07_10_1_2,behaviour_only,neutral,none,"{""emotion"": ""neutral"", ""intensity"": ""none""}"
EN_02_07_10_2_2,behaviour_only,confidence,high,"{""emotion"": ""confidence"", ""intensity"": ""high""}"
EN_02_08_01_1_2,behaviour_only,sadness,high,"{""emotion"": ""sadness"", ""intensity"": ""high""}"
EN_02_08_01_2_2,behaviour_only,sadness,high,"{""emotion"": ""sadness"", ""intensity"": ""high""}"
EN_02_08_02_1_2,behaviour_only,sadness,high,"{""emotion"": ""sadness"", ""intensity"": ""high""}"
EN_02_08_02_2_2,behaviour_only,sadness,high,"{""emotion"": ""sadness"", ""intensity"": ""high""}"
EN_02_08_03_1_2,behaviour_only,sadness,high,"{""emotion"": ""sadness"", ""intensity"": ""high""}"
EN_02_08_03_2_2,behaviour_only,disgust,low,"{""emotion"": ""disgust"", ""intensity"": ""moderate""}"
EN_02_08_04_1_2,behaviour_only,sadness,high,"{""emotion"": ""sadness"", ""intensity"": ""high""}"
EN_02_08_04_2_2,behaviour_only,sadness,high,"{""emotion"": ""sadness"", ""intensity"": ""high""}"
EN_02_08_05_1_2,behaviour_only,sadness,high,"{""emotion"": ""sadness"", ""intensity"": ""high""}"
EN_02_08_05_2_2,behaviour_only,sadness,high,"{""emotion"": ""sadness"", ""intensity"": ""high""}"
EN_02_08_06_1_2,behaviour_only,sadness,high,"{""emotion"": ""sadness"", ""intensity"": ""high""}"
EN_02_08_06_2_2,behaviour_only,sadness,high,"{""emotion"": ""sadness"", ""intensity"": ""high""}"
EN_02_08_07_1_2,behaviour_only,sadness,high,"{""emotion"": ""sadness"", ""intensity"": ""high""}"
EN_02_08_07_2_2,behaviour_only,sadness,high,"{""emotion"": ""sadness"", ""intensity"": ""high""}"
EN_02_08_08_1_2,behaviour_only,sadness,high,"{""emotion"": ""sadness"", ""intensity"": ""high""}"
EN_02_08_08_2_2,behaviour_only,sadness,high,"{""emotion"": ""sadness"", ""intensity"": ""high""}"
EN_02_08_09_1_2,behaviour_only,sadness,high,"{""emotion"": ""sadness"", ""intensity"": ""high""}"
EN_02_08_09_2_2,behaviour_only,sadness,high,"{""emotion"": ""sadness"", ""intensity"": ""high""}"
EN_02_08_10_1_2,behaviour_only,sadness,high,"{""emotion"": ""sadness"", ""intensity"": ""high""}"
EN_02_08_10_2_2,behaviour_only,sadness,high,"{""emotion"": ""sadness"", ""intensity"": ""high""}"
EN_02_09_01_1_2,behaviour_only,disgust,low,"{""emotion"": ""disgust"", ""intensity"": ""low""}"
EN_02_09_01_2_2,behaviour_only,sadness,high,"{""emotion"": ""sadness"", ""intensity"": ""high""}"
EN_02_09_02_1_2,behaviour_only,surprise,high,"{""emotion"": ""surprise"", ""intensity"": ""high""}"
EN_02_09_02_2_2,behaviour_only,sadness,high,"{""emotion"": ""sadness"", ""intensity"": ""high""}"
EN_02_09_03_1_2,behaviour_only,confusion,low,"{""emotion"": ""confusion"", ""intensity"": ""moderate""}"
EN_02_09_03_2_2,behaviour_only,sadness,high,"{""emotion"": ""sadness"", ""intensity"": ""high""}"
EN_02_09_04_1_2,behaviour_only,confidence,low,"{""emotion"": ""confidence"", ""intensity"": ""low""}"
EN_02_09_04_2_2,behaviour_only,sadness,high,"{""emotion"": ""sadness"", ""intensity"": ""high""}"
EN_02_09_05_1_2,behaviour_only,surprise,high,"{""emotion"": ""surprise"", ""intensity"": ""high""}"
EN_02_09_05_2_2,behaviour_only,sadness,high,"{""emotion"": ""sadness"", ""intensity"": ""high""}"
EN_02_09_06_1_2,behaviour_only,sadness,high,"{""emotion"": ""sadness"", ""intensity"": ""high""}"
EN_02_09_06_2_2,behaviour_only,sadness,high,"{""emotion"": ""sadness"", ""intensity"": ""high""}"
EN_02_09_07_1_2,behaviour_only,sadness,low,"{""emotion"": ""sadness"", ""intensity"": ""low""}"
EN_02_09_07_2_2,behaviour_only,sadness,high,"{""emotion"": ""sadness"", ""intensity"": ""high""}"
EN_02_09_08_1_2,behaviour_only,surprise,low,"{""emotion"": ""surprise"", ""intensity"": ""low""}"
EN_02_09_08_2_2,behaviour_only,sadness,high,"{""emotion"": ""sadness"", ""intensity"": ""high""}"
EN_02_09_09_1_2,behaviour_only,sadness,low,"{""emotion"": ""sadness"", ""intensity"": ""low""}"
EN_02_09_09_2_2,behaviour_only,sadness,high,"{""emotion"": ""sadness"", ""intensity"": ""high""}"
EN_02_09_10_1_2,behaviour_only,neutral,none,"{""emotion"": ""neutral"", ""intensity"": ""none""}"
EN_02_09_10_2_2,behaviour_only,sadness,high,"{""emotion"": ""sadness"", ""intensity"": ""high""}"
EN_02_10_01_1_2,behaviour_only,sadness,low,"{""emotion"": ""sadness"", ""intensity"": ""low""}"
EN_02_10_01_2_2,behaviour_only,sadness,low,"{""emotion"": ""sadness"", ""intensity"": ""low""}"
EN_02_10_02_1_2,behaviour_only,sadness,high,"{""emotion"": ""sadness"", ""intensity"": ""high""}"
EN_02_10_02_2_2,behaviour_only,surprise,high,"{""emotion"": ""surprise"", ""intensity"": ""high""}"
EN_02_10_03_1_2,behaviour_only,sadness,high,"{""emotion"": ""sadness"", ""intensity"": ""high""}"
EN_02_10_03_2_2,behaviour_only,anger,high,"{""emotion"": ""anger"", ""intensity"": ""high""}"
EN_02_10_04_1_2,behaviour_only,disgust,high,"{""emotion"": ""disgust"", ""intensity"": ""high""}"
EN_02_10_04_2_2,behaviour_only,happiness,low,"{""emotion"": ""happiness"", ""intensity"": ""low""}"
EN_02_10_05_1_2,behaviour_only,sadness,low,"{""emotion"": ""sadness"", ""intensity"": ""moderate""}"
EN_02_10_05_2_2,behaviour_only,surprise,low,"{""emotion"": ""surprise"", ""intensity"": ""low""}"
EN_02_10_06_1_2,behaviour_only,happiness,low,"{""emotion"": ""happiness"", ""intensity"": ""low""}"
EN_02_10_06_2_2,behaviour_only,sadness,high,"{""emotion"": ""sadness"", ""intensity"": ""high""}"
EN_02_10_07_1_2,behaviour_only,contempt,low,"{""emotion"": ""contempt"", ""intensity"": ""low""}"
EN_02_10_07_2_2,behaviour_only,sadness,low,"{""emotion"": ""sadness"", ""intensity"": ""low""}"
EN_02_10_08_1_2,behaviour_only,surprise,high,"{""emotion"": ""surprise"", ""intensity"": ""high""}"
EN_02_10_08_2_2,behaviour_only,disgust,low,"{""emotion"": ""disgust"", ""intensity"": ""low""}"
EN_02_10_09_1_2,behaviour_only,sadness,low,"{""emotion"": ""sadness"", ""intensity"": ""moderate""}"
EN_02_10_09_2_2,behaviour_only,sadness,high,"{""emotion"": ""sadness"", ""intensity"": ""high""}"
EN_02_10_10_1_2,behaviour_only,sadness,high,"{""emotion"": ""sadness"", ""intensity"": ""high""}"
EN_02_10_10_2_2,behaviour_only,contempt,low,"{""emotion"": ""contempt"", ""intensity"": ""moderate""}"
EN_03_00_01,behaviour_only,neutral,none,"{""emotion"": ""neutral"", ""intensity"": ""none""}"
EN_03_00_02,behaviour_only,confusion,low,"{""emotion"": ""confusion"", ""intensity"": ""low""}"
EN_03_00_03,behaviour_only,neutral,none,"{""emotion"": ""neutral"", ""intensity"": ""none""}"
EN_03_00_04,behaviour_only,neutral,none,"{""emotion"": ""neutral"", ""intensity"": ""none""}"
EN_03_00_05,behaviour_only,neutral,none,"{""emotion"": ""neutral"", ""intensity"": ""none""}"
EN_03_00_06,behaviour_only,anger,high,"{""emotion"": ""anger"", ""intensity"": ""high""}"
EN_03_00_07,behaviour_only,neutral,none,"{""emotion"": ""neutral"", ""intensity"": ""none""}"
EN_03_00_08,behaviour_only,neutral,none,"{""emotion"": ""neutral"", ""intensity"": ""none""}"
EN_03_00_09,behaviour_only,sadness,low,"{""emotion"": ""sadness"", ""intensity"": ""low""}"
EN_03_00_10,behaviour_only,anger,high,"{""emotion"": ""anger"", ""intensity"": ""high""}"
EN_03_01_01_1_2,behaviour_only,confidence,high,"{""emotion"": ""confidence"", ""intensity"": ""high""}"
EN_03_01_01_2_2,behaviour_only,confidence,low,"{""emotion"": ""confidence"", ""intensity"": ""low""}"
EN_03_01_02_1_2,behaviour_only,neutral,none,"{""emotion"": ""neutral"", ""intensity"": ""none""}"
EN_03_01_02_2_2,behaviour_only,neutral,none,"{""emotion"": ""neutral"", ""intensity"": ""none""}"
EN_03_01_03_1_2,behaviour_only,confidence,low,"{""emotion"": ""confidence"", ""intensity"": ""low""}"
EN_03_01_03_2_2,behaviour_only,anger,high,"{""emotion"": ""anger"", ""intensity"": ""high""}"
EN_03_01_04_1_2,behaviour_only,confidence,high,"{""emotion"": ""confidence"", ""intensity"": ""high""}"
EN_03_01_04_2_2,behaviour_only,anger,high,"{""emotion"": ""anger"", ""intensity"": ""high""}"
EN_03_01_05_1_2,behaviour_only,neutral,none,"{""emotion"": ""neutral"", ""intensity"": ""none""}"
EN_03_01_05_2_2,behaviour_only,confidence,high,"{""emotion"": ""confidence"", ""intensity"": ""high""}"
EN_03_01_06_1_2,behaviour_only,neutral,none,"{""emotion"": ""neutral"", ""intensity"": ""none""}"
EN_03_01_06_2_2,behaviour_only,confidence,high,"{""emotion"": ""confidence"", ""intensity"": ""high""}"
EN_03_01_07_1_2,behaviour_only,confidence,high,"{""emotion"": ""confidence"", ""intensity"": ""high""}"
EN_03_01_07_2_2,behaviour_only,confidence,high,"{""emotion"": ""confidence"", ""intensity"": ""high""}"
EN_03_01_08_1_2,behaviour_only,neutral,none,"{""emotion"": ""neutral"", ""intensity"": ""none""}"
EN_03_01_08_2_2,behaviour_only,confidence,high,"{""emotion"": ""confidence"", ""intensity"": ""high""}"
EN_03_01_09_1_2,behaviour_only,neutral,none,"{""emotion"": ""neutral"", ""intensity"": ""none""}"
EN_03_01_09_2_2,behaviour_only,confidence,high,"{""emotion"": ""confidence"", ""intensity"": ""high""}"
EN_03_01_10_1_2,behaviour_only,neutral,none,"{""emotion"": ""neutral"", ""intensity"": ""none""}"
EN_03_01_10_2_2,behaviour_only,confidence,high,"{""emotion"": ""confidence"", ""intensity"": ""high""}"
EN_03_02_01_1_2,behaviour_only,confidence,high,"{""emotion"": ""confidence"", ""intensity"": ""high""}"
EN_03_02_01_2_2,behaviour_only,confidence,high,"{""emotion"": ""confidence"", ""intensity"": ""high""}"
EN_03_02_02_1_2,behaviour_only,confidence,low,"{""emotion"": ""confidence"", ""intensity"": ""low""}"
EN_03_02_02_2_2,behaviour_only,confidence,high,"{""emotion"": ""confidence"", ""intensity"": ""high""}"
EN_03_02_03_1_2,behaviour_only,neutral,none,"{""emotion"": ""neutral"", ""intensity"": ""none""}"
EN_03_02_03_2_2,behaviour_only,anger,high,"{""emotion"": ""anger"", ""intensity"": ""high""}"
EN_03_02_04_1_2,behaviour_only,neutral,none,"{""emotion"": ""neutral"", ""intensity"": ""none""}"
EN_03_02_04_2_2,behaviour_only,confidence,high,"{""emotion"": ""confidence"", ""intensity"": ""high""}"
EN_03_02_05_1_2,behaviour_only,sadness,low,"{""emotion"": ""sadness"", ""intensity"": ""low""}"
EN_03_02_05_2_2,behaviour_only,confidence,high,"{""emotion"": ""confidence"", ""intensity"": ""high""}"
EN_03_02_06_1_2,behaviour_only,confidence,low,"{""emotion"": ""confidence"", ""intensity"": ""low""}"
EN_03_02_06_2_2,behaviour_only,confidence,high,"{""emotion"": ""confidence"", ""intensity"": ""high""}"
EN_03_02_07_1_2,behaviour_only,neutral,none,"{""emotion"": ""neutral"", ""intensity"": ""none""}"
EN_03_02_07_2_2,behaviour_only,confidence,high,"{""emotion"": ""confidence"", ""intensity"": ""high""}"
EN_03_02_08_1_2,behaviour_only,confidence,low,"{""emotion"": ""confidence"", ""intensity"": ""low""}"
EN_03_02_08_2_2,behaviour_only,confidence,high,"{""emotion"": ""confidence"", ""intensity"": ""high""}"
EN_03_02_09_1_2,behaviour_only,anger,high,"{""emotion"": ""anger"", ""intensity"": ""high""}"
EN_03_02_09_2_2,behaviour_only,confidence,high,"{""emotion"": ""confidence"", ""intensity"": ""high""}"
EN_03_02_10_1_2,behaviour_only,confidence,low,"{""emotion"": ""confidence"", ""intensity"": ""low""}"
EN_03_02_10_2_2,behaviour_only,confidence,high,"{""emotion"": ""confidence"", ""intensity"": ""high""}"
EN_03_03_01_1_2,behaviour_only,anger,high,"{""emotion"": ""anger"", ""intensity"": ""high""}"
EN_03_03_01_2_2,behaviour_only,anger,high,"{""emotion"": ""anger"", ""intensity"": ""high""}"
EN_03_03_02_1_2,behaviour_only,anger,high,"{""emotion"": ""anger"", ""intensity"": ""high""}"
EN_03_03_02_2_2,behaviour_only,anger,high,"{""emotion"": ""anger"", ""intensity"": ""high""}"
EN_03_03_03_1_2,behaviour_only,anger,high,"{""emotion"": ""anger"", ""intensity"": ""high""}"
EN_03_03_03_2_2,behaviour_only,anger,high,"{""emotion"": ""anger"", ""intensity"": ""high""}"
EN_03_03_04_1_2,behaviour_only,anger,high,"{""emotion"": ""anger"", ""intensity"": ""high""}"
EN_03_03_04_2_2,behaviour_only,anger,high,"{""emotion"": ""anger"", ""intensity"": ""high""}"
EN_03_03_05_1_2,behaviour_only,anger,high,"{""emotion"": ""anger"", ""intensity"": ""high""}"
EN_03_03_05_2_2,behaviour_only,anger,high,"{""emotion"": ""anger"", ""intensity"": ""high""}"
EN_03_03_06_1_2,behaviour_only,anger,high,"{""emotion"": ""anger"", ""intensity"": ""high""}"
EN_03_03_06_2_2,behaviour_only,anger,high,"{""emotion"": ""anger"", ""intensity"": ""high""}"
EN_03_03_07_1_2,behaviour_only,anger,high,"{""emotion"": ""anger"", ""intensity"": ""high""}"
EN_03_03_07_2_2,behaviour_only,anger,high,"{""emotion"": ""anger"", ""intensity"": ""high""}"
EN_03_03_08_1_2,behaviour_only,anger,high,"{""emotion"": ""anger"", ""intensity"": ""high""}"
EN_03_03_08_2_2,behaviour_only,anger,high,"{""emotion"": ""anger"", ""intensity"": ""high""}"
EN_03_03_09_1_2,behaviour_only,anger,high,"{""emotion"": ""anger"", ""intensity"": ""high""}"
EN_03_03_09_2_2,behaviour_only,anger,high,"{""emotion"": ""anger"", ""intensity"": ""high""}"
EN_03_03_10_1_2,behaviour_only,anger,high,"{""emotion"": ""anger"", ""intensity"": ""high""}"
EN_03_03_10_2_2,behaviour_only,anger,high,"{""emotion"": ""anger"", ""intensity"": ""high""}"
EN_03_04_01_1_2,behaviour_only,neutral,none,"{""emotion"": ""neutral"", ""intensity"": ""none""}"
EN_03_04_01_2_2,behaviour_only,confidence,low,"{""emotion"": ""confidence"", ""intensity"": ""low""}"
EN_03_04_02_1_2,behaviour_only,neutral,none,"{""emotion"": ""neutral"", ""intensity"": ""none""}"
EN_03_04_02_2_2,behaviour_only,confidence,high,"{""emotion"": ""confidence"", ""intensity"": ""high""}"
EN_03_04_03_1_2,behaviour_only,neutral,none,"{""emotion"": ""neutral"", ""intensity"": ""none""}"
EN_03_04_03_2_2,behaviour_only,confidence,high,"{""emotion"": ""confidence"", ""intensity"": ""high""}"
EN_03_04_04_1_2,behaviour_only,anger,high,"{""emotion"": ""anger"", ""intensity"": ""high""}"
EN_03_04_04_2_2,behaviour_only,confidence,high,"{""emotion"": ""confidence"", ""intensity"": ""high""}"
EN_03_04_05_1_2,behaviour_only,neutral,none,"{""emotion"": ""neutral"", ""intensity"": ""none""}"
EN_03_04_05_2_2,behaviour_only,confidence,low,"{""emotion"": ""confidence"", ""intensity"": ""low""}"
EN_03_04_06_1_2,behaviour_only,confusion,low,"{""emotion"": ""confusion"", ""intensity"": ""moderate""}"
EN_03_04_06_2_2,behaviour_only,confidence,high,"{""emotion"": ""confidence"", ""intensity"": ""high""}"
EN_03_04_07_1_2,behaviour_only,neutral,none,"{""emotion"": ""neutral"", ""intensity"": ""none""}"
EN_03_04_07_2_2,behaviour_only,confidence,high,"{""emotion"": ""confidence"", ""intensity"": ""high""}"
EN_03_04_08_1_2,behaviour_only,neutral,none,"{""emotion"": ""neutral"", ""intensity"": ""none""}"
EN_03_04_08_2_2,behaviour_only,confidence,high,"{""emotion"": ""confidence"", ""intensity"": ""high""}"
EN_03_04_09_1_2,behaviour_only,anger,high,"{""emotion"": ""anger"", ""intensity"": ""high""}"
EN_03_04_09_2_2,behaviour_only,confidence,high,"{""emotion"": ""confidence"", ""intensity"": ""high""}"
EN_03_04_10_1_2,behaviour_only,neutral,none,"{""emotion"": ""neutral"", ""intensity"": ""none""}"
EN_03_04_10_2_2,behaviour_only,confidence,high,"{""emotion"": ""confidence"", ""intensity"": ""high""}"
EN_03_05_01_1_2,behaviour_only,confidence,high,"{""emotion"": ""confidence"", ""intensity"": ""high""}"
EN_03_05_01_2_2,behaviour_only,confidence,high,"{""emotion"": ""confidence"", ""intensity"": ""high""}"
EN_03_05_02_1_2,behaviour_only,confidence,low,"{""emotion"": ""confidence"", ""intensity"": ""low""}"
EN_03_05_02_2_2,behaviour_only,confidence,low,"{""emotion"": ""confidence"", ""intensity"": ""low""}"
EN_03_05_03_1_2,behaviour_only,contempt,high,"{""emotion"": ""contempt"", ""intensity"": ""high""}"
EN_03_05_03_2_2,behaviour_only,confidence,low,"{""emotion"": ""confidence"", ""intensity"": ""low""}"
EN_03_05_04_1_2,behaviour_only,contempt,high,"{""emotion"": ""contempt"", ""intensity"": ""high""}"
EN_03_05_04_2_2,behaviour_only,confidence,low,"{""emotion"": ""confidence"", ""intensity"": ""low""}"
EN_03_05_05_1_2,behaviour_only,contempt,low,"{""emotion"": ""contempt"", ""intensity"": ""moderate""}"
EN_03_05_05_2_2,behaviour_only,confidence,high,"{""emotion"": ""confidence"", ""intensity"": ""high""}"
EN_03_05_06_1_2,behaviour_only,confidence,low,"{""emotion"": ""confidence"", ""intensity"": ""low""}"
EN_03_05_06_2_2,behaviour_only,neutral,none,"{""emotion"": ""neutral"", ""intensity"": ""none""}"
EN_03_05_07_1_2,behaviour_only,confidence,high,"{""emotion"": ""confidence"", ""intensity"": ""high""}"
EN_03_05_07_2_2,behaviour_only,confidence,high,"{""emotion"": ""confidence"", ""intensity"": ""high""}"
EN_03_05_08_1_2,behaviour_only,confidence,low,"{""emotion"": ""confidence"", ""intensity"": ""low""}"
EN_03_05_08_2_2,behaviour_only,confidence,high,"{""emotion"": ""confidence"", ""intensity"": ""high""}"
EN_03_05_09_1_2,behaviour_only,neutral,none,"{""emotion"": ""neutral"", ""intensity"": ""none""}"
EN_03_05_09_2_2,behaviour_only,confidence,high,"{""emotion"": ""confidence"", ""intensity"": ""high""}"
EN_03_05_10_1_2,behaviour_only,contempt,high,"{""emotion"": ""contempt"", ""intensity"": ""high""}"
EN_03_05_10_2_2,behaviour_only,contempt,low,"{""emotion"": ""contempt"", ""intensity"": ""low""}"
EN_03_06_01_1_2,behaviour_only,confusion,low,"{""emotion"": ""confusion"", ""intensity"": ""moderate""}"
EN_03_06_01_2_2,behaviour_only,confidence,high,"{""emotion"": ""confidence"", ""intensity"": ""high""}"
EN_03_06_02_1_2,behaviour_only,confidence,high,"{""emotion"": ""confidence"", ""intensity"": ""high""}"
EN_03_06_02_2_2,behaviour_only,anger,high,"{""emotion"": ""anger"", ""intensity"": ""high""}"
EN_03_06_03_1_2,behaviour_only,anger,high,"{""emotion"": ""anger"", ""intensity"": ""high""}"
EN_03_06_03_2_2,behaviour_only,anger,high,"{""emotion"": ""anger"", ""intensity"": ""high""}"
EN_03_06_04_1_2,behaviour_only,neutral,none,"{""emotion"": ""neutral"", ""intensity"": ""none""}"
EN_03_06_04_2_2,behaviour_only,anger,high,"{""emotion"": ""anger"", ""intensity"": ""high""}"
EN_03_06_05_1_2,behaviour_only,confidence,high,"{""emotion"": ""confidence"", ""intensity"": ""high""}"
EN_03_06_05_2_2,behaviour_only,surprise,high,"{""emotion"": ""surprise"", ""intensity"": ""high""}"
EN_03_06_06_1_2,behaviour_only,confidence,low,"{""emotion"": ""confidence"", ""intensity"": ""low""}"
EN_03_06_06_2_2,behaviour_only,confidence,high,"{""emotion"": ""confidence"", ""intensity"": ""high""}"
EN_03_06_07_1_2,behaviour_only,confidence,high,"{""emotion"": ""confidence"", ""intensity"": ""high""}"
EN_03_06_07_2_2,behaviour_only,anger,high,"{""emotion"": ""anger"", ""intensity"": ""high""}"
EN_03_06_08_1_2,behaviour_only,confidence,high,"{""emotion"": ""confidence"", ""intensity"": ""high""}"
EN_03_06_08_2_2,behaviour_only,confidence,high,"{""emotion"": ""confidence"", ""intensity"": ""high""}"
EN_03_06_09_1_2,behaviour_only,neutral,none,"{""emotion"": ""neutral"", ""intensity"": ""none""}"
EN_03_06_09_2_2,behaviour_only,confidence,high,"{""emotion"": ""confidence"", ""intensity"": ""high""}"
EN_03_06_10_1_2,behaviour_only,confusion,low,"{""emotion"": ""confusion"", ""intensity"": ""low""}"
EN_03_06_10_2_2,behaviour_only,anger,high,"{""emotion"": ""anger"", ""intensity"": ""high""}"
EN_03_07_01_1_2,behaviour_only,confidence,low,"{""emotion"": ""confidence"", ""intensity"": ""low""}"
EN_03_07_01_2_2,behaviour_only,confidence,low,"{""emotion"": ""confidence"", ""intensity"": ""moderate""}"
EN_03_07_02_1_2,behaviour_only,confidence,low,"{""emotion"": ""confidence"", ""intensity"": ""low""}"
EN_03_07_02_2_2,behaviour_only,anger,high,"{""emotion"": ""anger"", ""intensity"": ""high""}"
EN_03_07_03_1_2,behaviour_only,confidence,high,"{""emotion"": ""confidence"", ""intensity"": ""high""}"
EN_03_07_03_2_2,behaviour_only,anger,high,"{""emotion"": ""anger"", ""intensity"": ""high""}"
EN_03_07_04_1_2,behaviour_only,confusion,low,"{""emotion"": ""confusion"", ""intensity"": ""low""}"
EN_03_07_04_2_2,behaviour_only,confidence,low,"{""emotion"": ""confidence"", ""intensity"": ""low""}"
EN_03_07_05_1_2,behaviour_only,confidence,low,"{""emotion"": ""confidence"", ""intensity"": ""low""}"
EN_03_07_05_2_2,behaviour_only,anger,high,"{""emotion"": ""anger"", ""intensity"": ""high""}"
EN_03_07_06_1_2,behaviour_only,neutral,none,"{""emotion"": ""neutral"", ""intensity"": ""none""}"
EN_03_07_06_2_2,behaviour_only,confidence,low,"{""emotion"": ""confidence"", ""intensity"": ""low""}"
EN_03_07_07_1_2,behaviour_only,confusion,low,"{""emotion"": ""confusion"", ""intensity"": ""low""}"
EN_03_07_07_2_2,behaviour_only,neutral,none,"{""emotion"": ""neutral"", ""intensity"": ""none""}"
EN_03_07_08_1_2,behaviour_only,neutral,none,"{""emotion"": ""neutral"", ""intensity"": ""none""}"
EN_03_07_08_2_2,behaviour_only,anger,high,"{""emotion"": ""anger"", ""intensity"": ""high""}"
EN_03_07_09_1_2,behaviour_only,sadness,high,"{""emotion"": ""sadness"", ""intensity"": ""high""}"
EN_03_07_09_2_2,behaviour_only,anger,high,"{""emotion"": ""anger"", ""intensity"": ""high""}"
EN_03_07_10_1_2,behaviour_only,neutral,none,"{""emotion"": ""neutral"", ""intensity"": ""none""}"
EN_03_07_10_2_2,behaviour_only,confusion,low,"{""emotion"": ""confusion"", ""intensity"": ""low""}"
EN_03_08_01_1_2,behaviour_only,neutral,none,"{""emotion"": ""neutral"", ""intensity"": ""none""}"
EN_03_08_01_2_2,behaviour_only,confidence,high,"{""emotion"": ""confidence"", ""intensity"": ""high""}"
EN_03_08_02_1_2,behaviour_only,confidence,high,"{""emotion"": ""confidence"", ""intensity"": ""high""}"
EN_03_08_02_2_2,behaviour_only,surprise,high,"{""emotion"": ""surprise"", ""intensity"": ""high""}"
EN_03_08_03_1_2,behaviour_only,confidence,high,"{""emotion"": ""confidence"", ""intensity"": ""high""}"
EN_03_08_03_2_2,behaviour_only,anger,high,"{""emotion"": ""anger"", ""intensity"": ""high""}"
EN_03_08_04_1_2,behaviour_only,confidence,low,"{""emotion"": ""confidence"", ""intensity"": ""low""}"
EN_03_08_04_2_2,behaviour_only,sadness,high,"{""emotion"": ""sadness"", ""intensity"": ""high""}"
EN_03_08_05_1_2,behaviour_only,confidence,low,"{""emotion"": ""confidence"", ""intensity"": ""low""}"
EN_03_08_05_2_2,behaviour_only,confidence,high,"{""emotion"": ""confidence"", ""intensity"": ""high""}"
EN_03_08_06_1_2,behaviour_only,confidence,low,"{""emotion"": ""confidence"", ""intensity"": ""moderate""}"
EN_03_08_06_2_2,behaviour_only,anger,high,"{""emotion"": ""anger"", ""intensity"": ""high""}"
EN_03_08_07_1_2,behaviour_only,neutral,none,"{""emotion"": ""neutral"", ""intensity"": ""none""}"
EN_03_08_07_2_2,behaviour_only,sadness,low,"{""emotion"": ""sadness"", ""intensity"": ""low""}"
EN_03_08_08_1_2,behaviour_only,sadness,high,"{""emotion"": ""sadness"", ""intensity"": ""high""}"
EN_03_08_08_2_2,behaviour_only,confidence,high,"{""emotion"": ""confidence"", ""intensity"": ""high""}"
EN_03_08_09_1_2,behaviour_only,confidence,high,"{""emotion"": ""confidence"", ""intensity"": ""high""}"
EN_03_08_09_2_2,behaviour_only,confidence,low,"{""emotion"": ""confidence"", ""intensity"": ""low""}"
EN_03_08_10_1_2,behaviour_only,neutral,none,"{""emotion"": ""neutral"", ""intensity"": ""none""}"
EN_03_08_10_2_2,behaviour_only,neutral,none,"{""emotion"": ""neutral"", ""intensity"": ""none""}"
EN_03_09_01_1_2,behaviour_only,neutral,none,"{""emotion"": ""neutral"", ""intensity"": ""none""}"
EN_03_09_01_2_2,behaviour_only,confidence,high,"{""emotion"": ""confidence"", ""intensity"": ""high""}"
EN_03_09_02_1_2,behaviour_only,neutral,none,"{""emotion"": ""neutral"", ""intensity"": ""none""}"
EN_03_09_02_2_2,behaviour_only,confidence,high,"{""emotion"": ""confidence"", ""intensity"": ""high""}"
EN_03_09_03_1_2,behaviour_only,confidence,low,"{""emotion"": ""confidence"", ""intensity"": ""low""}"
EN_03_09_03_2_2,behaviour_only,confidence,high,"{""emotion"": ""confidence"", ""intensity"": ""high""}"
EN_03_09_04_1_2,behaviour_only,neutral,none,"{""emotion"": ""neutral"", ""intensity"": ""none""}"
EN_03_09_04_2_2,behaviour_only,confidence,high,"{""emotion"": ""confidence"", ""intensity"": ""high""}"
EN_03_09_05_1_2,behaviour_only,sadness,high,"{""emotion"": ""sadness"", ""intensity"": ""high""}"
EN_03_09_05_2_2,behaviour_only,confidence,high,"{""emotion"": ""confidence"", ""intensity"": ""high""}"
EN_03_09_06_1_2,behaviour_only,neutral,none,"{""emotion"": ""neutral"", ""intensity"": ""none""}"
EN_03_09_06_2_2,behaviour_only,confidence,low,"{""emotion"": ""confidence"", ""intensity"": ""low""}"
EN_03_09_07_1_2,behaviour_only,sadness,high,"{""emotion"": ""sadness"", ""intensity"": ""high""}"
EN_03_09_07_2_2,behaviour_only,confidence,high,"{""emotion"": ""confidence"", ""intensity"": ""high""}"
EN_03_09_08_1_2,behaviour_only,confidence,low,"{""emotion"": ""confidence"", ""intensity"": ""low""}"
EN_03_09_08_2_2,behaviour_only,confidence,high,"{""emotion"": ""confidence"", ""intensity"": ""high""}"
EN_03_09_09_1_2,behaviour_only,confidence,low,"{""emotion"": ""confidence"", ""intensity"": ""low""}"
EN_03_09_09_2_2,behaviour_only,confidence,high,"{""emotion"": ""confidence"", ""intensity"": ""high""}"
EN_03_09_10_1_2,behaviour_only,anger,high,"{""emotion"": ""anger"", ""intensity"": ""high""}"
EN_03_09_10_2_2,behaviour_only,sadness,high,"{""emotion"": ""sadness"", ""intensity"": ""high""}"
EN_03_10_01_1_2,behaviour_only,neutral,none,"{""emotion"": ""neutral"", ""intensity"": ""none""}"
EN_03_10_01_2_2,behaviour_only,confidence,high,"{""emotion"": ""confidence"", ""intensity"": ""high""}"
EN_03_10_02_1_2,behaviour_only,anger,high,"{""emotion"": ""anger"", ""intensity"": ""high""}"
EN_03_10_02_2_2,behaviour_only,confidence,low,"{""emotion"": ""confidence"", ""intensity"": ""low""}"
EN_03_10_03_1_2,behaviour_only,neutral,none,"{""emotion"": ""neutral"", ""intensity"": ""none""}"
EN_03_10_03_2_2,behaviour_only,confidence,high,"{""emotion"": ""confidence"", ""intensity"": ""high""}"
EN_03_10_04_1_2,behaviour_only,confidence,low,"{""emotion"": ""confidence"", ""intensity"": ""low""}"
EN_03_10_04_2_2,behaviour_only,neutral,none,"{""emotion"": ""neutral"", ""intensity"": ""none""}"
EN_03_10_05_1_2,behaviour_only,confidence,low,"{""emotion"": ""confidence"", ""intensity"": ""low""}"
EN_03_10_05_2_2,behaviour_only,confidence,low,"{""emotion"": ""confidence"", ""intensity"": ""low""}"
EN_03_10_06_1_2,behaviour_only,confidence,low,"{""emotion"": ""confidence"", ""intensity"": ""low""}"
EN_03_10_06_2_2,behaviour_only,confidence,high,"{""emotion"": ""confidence"", ""intensity"": ""high""}"
EN_03_10_07_1_2,behaviour_only,neutral,none,"{""emotion"": ""neutral"", ""intensity"": ""none""}"
EN_03_10_07_2_2,behaviour_only,neutral,none,"{""emotion"": ""neutral"", ""intensity"": ""none""}"
EN_03_10_08_1_2,behaviour_only,neutral,none,"{""emotion"": ""neutral"", ""intensity"": ""none""}"
EN_03_10_08_2_2,behaviour_only,confidence,high,"{""emotion"": ""confidence"", ""intensity"": ""high""}"
EN_03_10_09_1_2,behaviour_only,confidence,low,"{""emotion"": ""confidence"", ""intensity"": ""low""}"
EN_03_10_09_2_2,behaviour_only,confidence,low,"{""emotion"": ""confidence"", ""intensity"": ""low""}"
EN_03_10_10_1_2,behaviour_only,neutral,none,"{""emotion"": ""neutral"", ""intensity"": ""none""}"
EN_03_10_10_2_2,behaviour_only,confidence,high,"{""emotion"": ""confidence"", ""intensity"": ""high""}"
EN_04_00_01,behaviour_only,neutral,none,"{""emotion"": ""neutral"", ""intensity"": ""none""}"
EN_04_00_02,behaviour_only,neutral,none,"{""emotion"": ""neutral"", ""intensity"": ""none""}"
EN_04_00_03,behaviour_only,neutral,none,"{""emotion"": ""neutral"", ""intensity"": ""none""}"
EN_04_00_04,behaviour_only,anger,low,"{""emotion"": ""anger"", ""intensity"": ""low""}"
EN_04_00_05,behaviour_only,confidence,low,"{""emotion"": ""confidence"", ""intensity"": ""low""}"
EN_04_00_06,behaviour_only,neutral,none,"{""emotion"": ""neutral"", ""intensity"": ""none""}"
EN_04_00_07,behaviour_only,neutral,none,"{""emotion"": ""neutral"", ""intensity"": ""none""}"
EN_04_00_08,behaviour_only,neutral,none,"{""emotion"": ""neutral"", ""intensity"": ""none""}"
EN_04_00_09,behaviour_only,confidence,high,"{""emotion"": ""confidence"", ""intensity"": ""high""}"
EN_04_00_10,behaviour_only,sadness,low,"{""emotion"": ""sadness"", ""intensity"": ""low""}"
EN_04_01_01_1_2,behaviour_only,sadness,high,"{""emotion"": ""sadness"", ""intensity"": ""high""}"
EN_04_01_01_2_2,behaviour_only,sadness,high,"{""emotion"": ""sadness"", ""intensity"": ""high""}"
EN_04_01_02_1_2,behaviour_only,sadness,low,"{""emotion"": ""sadness"", ""intensity"": ""low""}"
EN_04_01_02_2_2,behaviour_only,sadness,low,"{""emotion"": ""sadness"", ""intensity"": ""low""}"
EN_04_01_03_1_2,behaviour_only,sadness,high,"{""emotion"": ""sadness"", ""intensity"": ""high""}"
EN_04_01_03_2_2,behaviour_only,sadness,high,"{""emotion"": ""sadness"", ""intensity"": ""high""}"
EN_04_01_04_1_2,behaviour_only,sadness,high,"{""emotion"": ""sadness"", ""intensity"": ""high""}"
EN_04_01_04_2_2,behaviour_only,sadness,high,"{""emotion"": ""sadness"", ""intensity"": ""high""}"
EN_04_01_05_1_2,behaviour_only,sadness,high,"{""emotion"": ""sadness"", ""intensity"": ""high""}"
EN_04_01_05_2_2,behaviour_only,disgust,high,"{""emotion"": ""disgust"", ""intensity"": ""high""}"
EN_04_01_06_1_2,behaviour_only,sadness,high,"{""emotion"": ""sadness"", ""intensity"": ""high""}"
EN_04_01_06_2_2,behaviour_only,sadness,high,"{""emotion"": ""sadness"", ""intensity"": ""high""}"
EN_04_01_07_1_2,behaviour_only,sadness,high,"{""emotion"": ""sadness"", ""intensity"": ""high""}"
EN_04_01_07_2_2,behaviour_only,sadness,high,"{""emotion"": ""sadness"", ""intensity"": ""high""}"
EN_04_01_08_1_2,behaviour_only,sadness,high,"{""emotion"": ""sadness"", ""intensity"": ""high""}"
EN_04_01_08_2_2,behaviour_only,sadness,high,"{""emotion"": ""sadness"", ""intensity"": ""high""}"
EN_04_01_09_1_2,behaviour_only,sadness,high,"{""emotion"": ""sadness"", ""intensity"": ""high""}"
EN_04_01_09_2_2,behaviour_only,sadness,high,"{""emotion"": ""sadness"", ""intensity"": ""high""}"
EN_04_01_10_1_2,behaviour_only,sadness,high,"{""emotion"": ""sadness"", ""intensity"": ""high""}"
EN_04_01_10_2_2,behaviour_only,sadness,high,"{""emotion"": ""sadness"", ""intensity"": ""high""}"
EN_04_02_01_1_2,behaviour_only,sadness,high,"{""emotion"": ""sadness"", ""intensity"": ""high""}"
EN_04_02_01_2_2,behaviour_only,disgust,high,"{""emotion"": ""disgust"", ""intensity"": ""high""}"
EN_04_02_02_1_2,behaviour_only,disgust,low,"{""emotion"": ""disgust"", ""intensity"": ""low""}"
EN_04_02_02_2_2,behaviour_only,sadness,high,"{""emotion"": ""sadness"", ""intensity"": ""high""}"
EN_04_02_03_1_2,behaviour_only,sadness,low,"{""emotion"": ""sadness"", ""intensity"": ""low""}"
EN_04_02_03_2_2,behaviour_only,anger,high,"{""emotion"": ""anger"", ""intensity"": ""high""}"
EN_04_02_04_1_2,behaviour_only,confidence,low,"{""emotion"": ""confidence"", ""intensity"": ""low""}"
EN_04_02_04_2_2,behaviour_only,disgust,low,"{""emotion"": ""disgust"", ""intensity"": ""low""}"
EN_04_02_05_1_2,behaviour_only,confidence,low,"{""emotion"": ""confidence"", ""intensity"": ""moderate""}"
EN_04_02_05_2_2,behaviour_only,surprise,high,"{""emotion"": ""surprise"", ""intensity"": ""high""}"
EN_04_02_06_1_2,behaviour_only,disgust,low,"{""emotion"": ""disgust"", ""intensity"": ""moderate""}"
EN_04_02_06_2_2,behaviour_only,disgust,low,"{""emotion"": ""disgust"", ""intensity"": ""moderate""}"
EN_04_02_07_1_2,behaviour_only,anger,high,"{""emotion"": ""anger"", ""intensity"": ""high""}"
EN_04_02_07_2_2,behaviour_only,disgust,high,"{""emotion"": ""disgust"", ""intensity"": ""high""}"
EN_04_02_08_1_2,behaviour_only,sadness,high,"{""emotion"": ""sadness"", ""intensity"": ""high""}"
EN_04_02_08_2_2,behaviour_only,disgust,high,"{""emotion"": ""disgust"", ""intensity"": ""high""}"
EN_04_02_09_1_2,behaviour_only,confidence,high,"{""emotion"": ""confidence"", ""intensity"": ""high""}"
EN_04_02_09_2_2,behaviour_only,disgust,high,"{""emotion"": ""disgust"", ""intensity"": ""high""}"
EN_04_02_10_1_2,behaviour_only,neutral,none,"{""emotion"": ""neutral"", ""intensity"": ""none""}"
EN_04_02_10_2_2,behaviour_only,disgust,high,"{""emotion"": ""disgust"", ""intensity"": ""high""}"
EN_04_03_01_1_2,behaviour_only,happiness,low,"{""emotion"": ""happiness"", ""intensity"": ""moderate""}"
EN_04_03_01_2_2,behaviour_only,sadness,high,"{""emotion"": ""sadness"", ""intensity"": ""high""}"
EN_04_03_02_1_2,behaviour_only,disgust,low,"{""emotion"": ""disgust"", ""intensity"": ""low""}"
EN_04_03_02_2_2,behaviour_only,confidence,high,"{""emotion"": ""confidence"", ""intensity"": ""high""}"
EN_04_03_03_1_2,behaviour_only,happiness,high,"{""emotion"": ""happiness"", ""intensity"": ""high""}"
EN_04_03_03_2_2,behaviour_only,contempt,high,"{""emotion"": ""contempt"", ""intensity"": ""high""}"
EN_04_03_04_1_2,behaviour_only,surprise,low,"{""emotion"": ""surprise"", ""intensity"": ""moderate""}"
EN_04_03_04_2_2,behaviour_only,sadness,high,"{""emotion"": ""sadness"", ""intensity"": ""high""}"
EN_04_03_05_1_2,behaviour_only,sadness,high,"{""emotion"": ""sadness"", ""intensity"": ""high""}"
EN_04_03_05_2_2,behaviour_only,sadness,high,"{""emotion"": ""sadness"", ""intensity"": ""high""}"
EN_04_03_06_1_2,behaviour_only,disgust,low,"{""emotion"": ""disgust"", ""intensity"": ""moderate""}"
EN_04_03_06_2_2,behaviour_only,sadness,low,"{""emotion"": ""sadness"", ""intensity"": ""moderate""}"
EN_04_03_07_1_2,behaviour_only,sadness,high,"{""emotion"": ""sadness"", ""intensity"": ""high""}"
EN_04_03_07_2_2,behaviour_only,confidence,high,"{""emotion"": ""confidence"", ""intensity"": ""high""}"
EN_04_03_08_1_2,behaviour_only,sadness,high,"{""emotion"": ""sadness"", ""intensity"": ""high""}"
EN_04_03_08_2_2,behaviour_only,sadness,high,"{""emotion"": ""sadness"", ""intensity"": ""high""}"
EN_04_03_09_1_2,behaviour_only,sadness,high,"{""emotion"": ""sadness"", ""intensity"": ""high""}"
EN_04_03_09_2_2,behaviour_only,sadness,high,"{""emotion"": ""sadness"", ""intensity"": ""high""}"
EN_04_03_10_1_2,behaviour_only,sadness,low,"{""emotion"": ""sadness"", ""intensity"": ""low""}"
EN_04_03_10_2_2,behaviour_only,happiness,high,"{""emotion"": ""happiness"", ""intensity"": ""high""}"
EN_04_04_01_1_2,behaviour_only,sadness,high,"{""emotion"": ""sadness"", ""intensity"": ""high""}"
EN_04_04_01_2_2,behaviour_only,sadness,high,"{""emotion"": ""sadness"", ""intensity"": ""high""}"
EN_04_04_02_1_2,behaviour_only,fear,high,"{""emotion"": ""fear"", ""intensity"": ""high""}"
EN_04_04_02_2_2,behaviour_only,confidence,high,"{""emotion"": ""confidence"", ""intensity"": ""high""}"
EN_04_04_03_1_2,behaviour_only,confidence,high,"{""emotion"": ""confidence"", ""intensity"": ""high""}"
EN_04_04_03_2_2,behaviour_only,sadness,low,"{""emotion"": ""sadness"", ""intensity"": ""low""}"
EN_04_04_04_1_2,behaviour_only,sadness,high,"{""emotion"": ""sadness"", ""intensity"": ""high""}"
EN_04_04_04_2_2,behaviour_only,sadness,low,"{""emotion"": ""sadness"", ""intensity"": ""low""}"
EN_04_04_05_1_2,behaviour_only,sadness,high,"{""emotion"": ""sadness"", ""intensity"": ""high""}"
EN_04_04_05_2_2,behaviour_only,sadness,high,"{""emotion"": ""sadness"", ""intensity"": ""high""}"
EN_04_04_06_1_2,behaviour_only,confidence,high,"{""emotion"": ""confidence"", ""intensity"": ""high""}"
EN_04_04_06_2_2,behaviour_only,disgust,high,"{""emotion"": ""disgust"", ""intensity"": ""high""}"
EN_04_04_07_1_2,behaviour_only,sadness,high,"{""emotion"": ""sadness"", ""intensity"": ""high""}"
EN_04_04_07_2_2,behaviour_only,confidence,high,"{""emotion"": ""confidence"", ""intensity"": ""high""}"
EN_04_04_08_1_2,behaviour_only,disgust,high,"{""emotion"": ""disgust"", ""intensity"": ""high""}"
EN_04_04_08_2_2,behaviour_only,disgust,high,"{""emotion"": ""disgust"", ""intensity"": ""high""}"
EN_04_04_09_1_2,behaviour_only,sadness,high,"{""emotion"": ""sadness"", ""intensity"": ""high""}"
EN_04_04_09_2_2,behaviour_only,confidence,high,"{""emotion"": ""confidence"", ""intensity"": ""high""}"
EN_04_04_10_1_2,behaviour_only,sadness,high,"{""emotion"": ""sadness"", ""intensity"": ""high""}"
EN_04_04_10_2_2,behaviour_only,sadness,high,"{""emotion"": ""sadness"", ""intensity"": ""high""}"
EN_04_05_01_1_2,behaviour_only,sadness,high,"{""emotion"": ""sadness"", ""intensity"": ""high""}"
EN_04_05_01_2_2,behaviour_only,sadness,low,"{""emotion"": ""sadness"", ""intensity"": ""low""}"
EN_04_05_02_1_2,behaviour_only,anger,high,"{""emotion"": ""anger"", ""intensity"": ""high""}"
EN_04_05_02_2_2,behaviour_only,confidence,high,"{""emotion"": ""confidence"", ""intensity"": ""high""}"
EN_04_05_03_1_2,behaviour_only,anger,high,"{""emotion"": ""anger"", ""intensity"": ""high""}"
EN_04_05_03_2_2,behaviour_only,disgust,high,"{""emotion"": ""disgust"", ""intensity"": ""high""}"
EN_04_05_04_1_2,behaviour_only,neutral,none,"{""emotion"": ""neutral"", ""intensity"": ""none""}"
EN_04_05_04_2_2,behaviour_only,disgust,high,"{""emotion"": ""disgust"", ""intensity"": ""high""}"
EN_04_05_05_1_2,behaviour_only,confidence,high,"{""emotion"": ""confidence"", ""intensity"": ""high""}"
EN_04_05_05_2_2,behaviour_only,anger,high,"{""emotion"": ""anger"", ""intensity"": ""high""}"
EN_04_05_06_1_2,behaviour_only,anger,high,"{""emotion"": ""anger"", ""intensity"": ""high""}"
EN_04_05_06_2_2,behaviour_only,anger,high,"{""emotion"": ""anger"", ""intensity"": ""high""}"
EN_04_05_07_1_2,behaviour_only,sadness,high,"{""emotion"": ""sadness"", ""intensity"": ""high""}"
EN_04_05_07_2_2,behaviour_only,surprise,low,"{""emotion"": ""surprise"", ""intensity"": ""low""}"
EN_04_05_08_1_2,behaviour_only,sadness,low,"{""emotion"": ""sadness"", ""intensity"": ""low""}"
EN_04_05_08_2_2,behaviour_only,sadness,high,"{""emotion"": ""sadness"", ""intensity"": ""high""}"
EN_04_05_09_1_2,behaviour_only,fear,high,"{""emotion"": ""fear"", ""intensity"": ""high""}"
EN_04_05_09_2_2,behaviour_only,disgust,high,"{""emotion"": ""disgust"", ""intensity"": ""high""}"
EN_04_05_10_1_2,behaviour_only,disgust,low,"{""emotion"": ""disgust"", ""intensity"": ""low""}"
EN_04_05_10_2_2,behaviour_only,anger,high,"{""emotion"": ""anger"", ""intensity"": ""high""}"
EN_04_06_01_1_2,behaviour_only,neutral,none,"{""emotion"": ""neutral"", ""intensity"": ""none""}"
EN_04_06_01_2_2,behaviour_only,disgust,high,"{""emotion"": ""disgust"", ""intensity"": ""high""}"
EN_04_06_02_1_2,behaviour_only,sadness,high,"{""emotion"": ""sadness"", ""intensity"": ""high""}"
EN_04_06_02_2_2,behaviour_only,sadness,low,"{""emotion"": ""sadness"", ""intensity"": ""low""}"
EN_04_06_03_1_2,behaviour_only,fear,high,"{""emotion"": ""fear"", ""intensity"": ""high""}"
EN_04_06_03_2_2,behaviour_only,contempt,high,"{""emotion"": ""contempt"", ""intensity"": ""high""}"
EN_04_06_04_1_2,behaviour_only,sadness,high,"{""emotion"": ""sadness"", ""intensity"": ""high""}"
EN_04_06_04_2_2,behaviour_only,disgust,high,"{""emotion"": ""disgust"", ""intensity"": ""high""}"
EN_04_06_05_1_2,behaviour_only,neutral,none,"{""emotion"": ""neutral"", ""intensity"": ""none""}"
EN_04_06_05_2_2,behaviour_only,confusion,high,"{""emotion"": ""confusion"", ""intensity"": ""high""}"
EN_04_06_06_1_2,behaviour_only,sadness,low,"{""emotion"": ""sadness"", ""intensity"": ""low""}"
EN_04_06_06_2_2,behaviour_only,disgust,high,"{""emotion"": ""disgust"", ""intensity"": ""high""}"
EN_04_06_07_1_2,behaviour_only,sadness,high,"{""emotion"": ""sadness"", ""intensity"": ""high""}"
EN_04_06_07_2_2,behaviour_only,disgust,low,"{""emotion"": ""disgust"", ""intensity"": ""low""}"
EN_04_06_08_1_2,behaviour_only,sadness,high,"{""emotion"": ""sadness"", ""intensity"": ""high""}"
EN_04_06_08_2_2,behaviour_only,sadness,low,"{""emotion"": ""sadness"", ""intensity"": ""low""}"
EN_04_06_09_1_2,behaviour_only,disgust,low,"{""emotion"": ""disgust"", ""intensity"": ""moderate""}"
EN_04_06_09_2_2,behaviour_only,fear,low,"{""emotion"": ""fear"", ""intensity"": ""low""}"
EN_04_06_10_1_2,behaviour_only,sadness,high,"{""emotion"": ""sadness"", ""intensity"": ""high""}"
EN_04_06_10_2_2,behaviour_only,disgust,low,"{""emotion"": ""disgust"", ""intensity"": ""moderate""}"
EN_04_07_01_1_2,behaviour_only,neutral,none,"{""emotion"": ""neutral"", ""intensity"": ""none""}"
EN_04_07_01_2_2,behaviour_only,sadness,high,"{""emotion"": ""sadness"", ""intensity"": ""high""}"
EN_04_07_02_1_2,behaviour_only,confidence,high,"{""emotion"": ""confidence"", ""intensity"": ""high""}"
EN_04_07_02_2_2,behaviour_only,anger,high,"{""emotion"": ""anger"", ""intensity"": ""high""}"
EN_04_07_03_1_2,behaviour_only,sadness,high,"{""emotion"": ""sadness"", ""intensity"": ""high""}"
EN_04_07_03_2_2,behaviour_only,confidence,high,"{""emotion"": ""confidence"", ""intensity"": ""high""}"
EN_04_07_04_1_2,behaviour_only,sadness,high,"{""emotion"": ""sadness"", ""intensity"": ""high""}"
EN_04_07_04_2_2,behaviour_only,confidence,high,"{""emotion"": ""confidence"", ""intensity"": ""high""}"
EN_04_07_05_1_2,behaviour_only,sadness,high,"{""emotion"": ""sadness"", ""intensity"": ""high""}"
EN_04_07_05_2_2,behaviour_only,confidence,high,"{""emotion"": ""confidence"", ""intensity"": ""high""}"
EN_04_07_06_1_2,behaviour_only,sadness,high,"{""emotion"": ""sadness"", ""intensity"": ""high""}"
EN_04_07_06_2_2,behaviour_only,confidence,high,"{""emotion"": ""confidence"", ""intensity"": ""high""}"
EN_04_07_07_1_2,behaviour_only,sadness,high,"{""emotion"": ""sadness"", ""intensity"": ""high""}"
EN_04_07_07_2_2,behaviour_only,confidence,low,"{""emotion"": ""confidence"", ""intensity"": ""moderate""}"
EN_04_07_08_1_2,behaviour_only,sadness,low,"{""emotion"": ""sadness"", ""intensity"": ""low""}"
EN_04_07_08_2_2,behaviour_only,confidence,high,"{""emotion"": ""confidence"", ""intensity"": ""high""}"
EN_04_07_09_1_2,behaviour_only,sadness,high,"{""emotion"": ""sadness"", ""intensity"": ""high""}"
EN_04_07_09_2_2,behaviour_only,confidence,high,"{""emotion"": ""confidence"", ""intensity"": ""high""}"
EN_04_07_10_1_2,behaviour_only,sadness,high,"{""emotion"": ""sadness"", ""intensity"": ""high""}"
EN_04_07_10_2_2,behaviour_only,anger,high,"{""emotion"": ""anger"", ""intensity"": ""high""}"
EN_04_08_01_1_2,behaviour_only,sadness,high,"{""emotion"": ""sadness"", ""intensity"": ""high""}"
EN_04_08_01_2_2,behaviour_only,disgust,high,"{""emotion"": ""disgust"", ""intensity"": ""high""}"
EN_04_08_02_1_2,behaviour_only,anger,high,"{""emotion"": ""anger"", ""intensity"": ""high""}"
EN_04_08_02_2_2,behaviour_only,disgust,high,"{""emotion"": ""disgust"", ""intensity"": ""high""}"
EN_04_08_03_1_2,behaviour_only,surprise,low,"{""emotion"": ""surprise"", ""intensity"": ""low""}"
EN_04_08_03_2_2,behaviour_only,contempt,high,"{""emotion"": ""contempt"", ""intensity"": ""high""}"
EN_04_08_04_1_2,behaviour_only,sadness,high,"{""emotion"": ""sadness"", ""intensity"": ""high""}"
EN_04_08_04_2_2,behaviour_only,disgust,low,"{""emotion"": ""disgust"", ""intensity"": ""moderate""}"
EN_04_08_05_1_2,behaviour_only,neutral,none,"{""emotion"": ""neutral"", ""intensity"": ""none""}"
EN_04_08_05_2_2,behaviour_only,disgust,low,"{""emotion"": ""disgust"", ""intensity"": ""low""}"
EN_04_08_06_1_2,behaviour_only,sadness,high,"{""emotion"": ""sadness"", ""intensity"": ""high""}"
EN_04_08_06_2_2,behaviour_only,surprise,high,"{""emotion"": ""surprise"", ""intensity"": ""high""}"
EN_04_08_07_1_2,behaviour_only,anger,high,"{""emotion"": ""anger"", ""intensity"": ""high""}"
EN_04_08_07_2_2,behaviour_only,disgust,low,"{""emotion"": ""disgust"", ""intensity"": ""low""}"
EN_04_08_08_1_2,behaviour_only,sadness,high,"{""emotion"": ""sadness"", ""intensity"": ""high""}"
EN_04_08_08_2_2,behaviour_only,disgust,low,"{""emotion"": ""disgust"", ""intensity"": ""low""}"
EN_04_08_09_1_2,behaviour_only,disgust,low,"{""emotion"": ""disgust"", ""intensity"": ""low""}"
EN_04_08_09_2_2,behaviour_only,disgust,high,"{""emotion"": ""disgust"", ""intensity"": ""high""}"
EN_04_08_10_1_2,behaviour_only,disgust,low,"{""emotion"": ""disgust"", ""intensity"": ""low""}"
EN_04_08_10_2_2,behaviour_only,confidence,high,"{""emotion"": ""confidence"", ""intensity"": ""high""}"
EN_04_09_01_1_2,behaviour_only,disgust,high,"{""emotion"": ""disgust"", ""intensity"": ""high""}"
EN_04_09_01_2_2,behaviour_only,disgust,high,"{""emotion"": ""disgust"", ""intensity"": ""high""}"
EN_04_09_02_1_2,behaviour_only,anger,high,"{""emotion"": ""anger"", ""intensity"": ""high""}"
EN_04_09_02_2_2,behaviour_only,anger,high,"{""emotion"": ""anger"", ""intensity"": ""high""}"
EN_04_09_03_1_2,behaviour_only,disgust,high,"{""emotion"": ""disgust"", ""intensity"": ""high""}"
EN_04_09_03_2_2,behaviour_only,confidence,high,"{""emotion"": ""confidence"", ""intensity"": ""high""}"
EN_04_09_04_1_2,behaviour_only,sadness,high,"{""emotion"": ""sadness"", ""intensity"": ""high""}"
EN_04_09_04_2_2,behaviour_only,confidence,high,"{""emotion"": ""confidence"", ""intensity"": ""high""}"
EN_04_09_05_1_2,behaviour_only,disgust,low,"{""emotion"": ""disgust"", ""intensity"": ""moderate""}"
EN_04_09_05_2_2,behaviour_only,confidence,high,"{""emotion"": ""confidence"", ""intensity"": ""high""}"
EN_04_09_06_1_2,behaviour_only,disgust,low,"{""emotion"": ""disgust"", ""intensity"": ""low""}"
EN_04_09_06_2_2,behaviour_only,disgust,low,"{""emotion"": ""disgust"", ""intensity"": ""moderate""}"
EN_04_09_07_1_2,behaviour_only,disgust,high,"{""emotion"": ""disgust"", ""intensity"": ""high""}"
EN_04_09_07_2_2,behaviour_only,disgust,high,"{""emotion"": ""disgust"", ""intensity"": ""high""}"
EN_04_09_08_1_2,behaviour_only,sadness,high,"{""emotion"": ""sadness"", ""intensity"": ""high""}"
EN_04_09_08_2_2,behaviour_only,fear,high,"{""emotion"": ""fear"", ""intensity"": ""high""}"
EN_04_09_09_1_2,behaviour_only,disgust,high,"{""emotion"": ""disgust"", ""intensity"": ""high""}"
EN_04_09_09_2_2,behaviour_only,sadness,high,"{""emotion"": ""sadness"", ""intensity"": ""high""}"
EN_04_09_10_1_2,behaviour_only,neutral,none,"{""emotion"": ""neutral"", ""intensity"": ""none""}"
EN_04_09_10_2_2,behaviour_only,confidence,low,"{""emotion"": ""confidence"", ""intensity"": ""low""}"
EN_04_10_01_1_2,behaviour_only,neutral,none,"{""emotion"": ""neutral"", ""intensity"": ""none""}"
EN_04_10_01_2_2,behaviour_only,confidence,high,"{""emotion"": ""confidence"", ""intensity"": ""high""}"
EN_04_10_02_1_2,behaviour_only,confidence,high,"{""emotion"": ""confidence"", ""intensity"": ""high""}"
EN_04_10_02_2_2,behaviour_only,confidence,high,"{""emotion"": ""confidence"", ""intensity"": ""high""}"
EN_04_10_03_1_2,behaviour_only,disgust,high,"{""emotion"": ""disgust"", ""intensity"": ""high""}"
EN_04_10_03_2_2,behaviour_only,disgust,low,"{""emotion"": ""disgust"", ""intensity"": ""moderate""}"
EN_04_10_04_1_2,behaviour_only,disgust,high,"{""emotion"": ""disgust"", ""intensity"": ""high""}"
EN_04_10_04_2_2,behaviour_only,confidence,high,"{""emotion"": ""confidence"", ""intensity"": ""high""}"
EN_04_10_05_1_2,behaviour_only,neutral,none,"{""emotion"": ""neutral"", ""intensity"": ""none""}"
EN_04_10_05_2_2,behaviour_only,disgust,low,"{""emotion"": ""disgust"", ""intensity"": ""low""}"
EN_04_10_06_1_2,behaviour_only,sadness,high,"{""emotion"": ""sadness"", ""intensity"": ""high""}"
EN_04_10_06_2_2,behaviour_only,disgust,high,"{""emotion"": ""disgust"", ""intensity"": ""high""}"
EN_04_10_07_1_2,behaviour_only,confidence,high,"{""emotion"": ""confidence"", ""intensity"": ""high""}"
EN_04_10_07_2_2,behaviour_only,disgust,low,"{""emotion"": ""disgust"", ""intensity"": ""moderate""}"
EN_04_10_08_1_2,behaviour_only,neutral,none,"{""emotion"": ""neutral"", ""intensity"": ""none""}"
EN_04_10_08_2_2,behaviour_only,fear,high,"{""emotion"": ""fear"", ""intensity"": ""high""}"
EN_04_10_09_1_2,behaviour_only,neutral,none,"{""emotion"": ""neutral"", ""intensity"": ""none""}"
EN_04_10_09_2_2,behaviour_only,confidence,high,"{""emotion"": ""confidence"", ""intensity"": ""high""}"
EN_04_10_10_1_2,behaviour_only,confidence,high,"{""emotion"": ""confidence"", ""intensity"": ""high""}"
EN_04_10_10_2_2,behaviour_only,confidence,high,"{""emotion"": ""confidence"", ""intensity"": ""high""}"
EN_05_00_01,behaviour_only,confidence,high,"{""emotion"": ""confidence"", ""intensity"": ""high""}"
EN_05_00_02,behaviour_only,confidence,high,"{""emotion"": ""confidence"", ""intensity"": ""high""}"
EN_05_00_03,behaviour_only,neutral,none,"{""emotion"": ""neutral"", ""intensity"": ""none""}"
EN_05_00_04,behaviour_only,sadness,low,"{""emotion"": ""sadness"", ""intensity"": ""low""}"
EN_05_00_05,behaviour_only,confidence,high,"{""emotion"": ""confidence"", ""intensity"": ""high""}"
EN_05_00_06,behaviour_only,neutral,none,"{""emotion"": ""neutral"", ""intensity"": ""none""}"
EN_05_00_07,behaviour_only,sadness,low,"{""emotion"": ""sadness"", ""intensity"": ""low""}"
EN_05_00_08,behaviour_only,neutral,none,"{""emotion"": ""neutral"", ""intensity"": ""none""}"
EN_05_00_09,behaviour_only,surprise,high,"{""emotion"": ""surprise"", ""intensity"": ""high""}"
EN_05_00_10,behaviour_only,surprise,high,"{""emotion"": ""surprise"", ""intensity"": ""high""}"
EN_05_01_01_1_2,behaviour_only,sadness,high,"{""emotion"": ""sadness"", ""intensity"": ""high""}"
EN_05_01_01_2_2,behaviour_only,confidence,high,"{""emotion"": ""confidence"", ""intensity"": ""high""}"
EN_05_01_02_1_2,behaviour_only,neutral,none,"{""emotion"": ""neutral"", ""intensity"": ""none""}"
EN_05_01_02_2_2,behaviour_only,confidence,high,"{""emotion"": ""confidence"", ""intensity"": ""high""}"
EN_05_01_03_1_2,behaviour_only,neutral,none,"{""emotion"": ""neutral"", ""intensity"": ""none""}"
EN_05_01_03_2_2,behaviour_only,confidence,low,"{""emotion"": ""confidence"", ""intensity"": ""low""}"
EN_05_01_04_1_2,behaviour_only,neutral,none,"{""emotion"": ""neutral"", ""intensity"": ""none""}"
EN_05_01_04_2_2,behaviour_only,confidence,high,"{""emotion"": ""confidence"", ""intensity"": ""high""}"
EN_05_01_05_1_2,behaviour_only,neutral,none,"{""emotion"": ""neutral"", ""intensity"": ""none""}"
EN_05_01_05_2_2,behaviour_only,surprise,low,"{""emotion"": ""surprise"", ""intensity"": ""moderate""}"
EN_05_01_06_1_2,behaviour_only,neutral,none,"{""emotion"": ""neutral"", ""intensity"": ""none""}"
EN_05_01_06_2_2,behaviour_only,surprise,low,"{""emotion"": ""surprise"", ""intensity"": ""moderate""}"
EN_05_01_07_1_2,behaviour_only,neutral,none,"{""emotion"": ""neutral"", ""intensity"": ""none""}"
EN_05_01_07_2_2,behaviour_only,neutral,none,"{""emotion"": ""neutral"", ""intensity"": ""none""}"
EN_05_01_08_1_2,behaviour_only,sadness,low,"{""emotion"": ""sadness"", ""intensity"": ""low""}"
EN_05_01_08_2_2,behaviour_only,sadness,high,"{""emotion"": ""sadness"", ""intensity"": ""high""}"
EN_05_01_09_1_2,behaviour_only,sadness,low,"{""emotion"": ""sadness"", ""intensity"": ""low""}"
EN_05_01_09_2_2,behaviour_only,surprise,high,"{""emotion"": ""surprise"", ""intensity"": ""high""}"
EN_05_01_10_1_2,behaviour_only,surprise,low,"{""emotion"": ""surprise"", ""intensity"": ""low""}"
EN_05_01_10_2_2,behaviour_only,surprise,low,"{""emotion"": ""surprise"", ""intensity"": ""low""}"
EN_05_02_01_1_2,behaviour_only,sadness,low,"{""emotion"": ""sadness"", ""intensity"": ""low""}"
EN_05_02_01_2_2,behaviour_only,confidence,high,"{""emotion"": ""confidence"", ""intensity"": ""high""}"
EN_05_02_02_1_2,behaviour_only,sadness,high,"{""emotion"": ""sadness"", ""intensity"": ""high""}"
EN_05_02_02_2_2,behaviour_only,sadness,high,"{""emotion"": ""sadness"", ""intensity"": ""high""}"
EN_05_02_03_1_2,behaviour_only,neutral,none,"{""emotion"": ""neutral"", ""intensity"": ""none""}"
EN_05_02_03_2_2,behaviour_only,neutral,none,"{""emotion"": ""neutral"", ""intensity"": ""none""}"
EN_05_02_04_1_2,behaviour_only,confidence,low,"{""emotion"": ""confidence"", ""intensity"": ""low""}"
EN_05_02_04_2_2,behaviour_only,happiness,low,"{""emotion"": ""happiness"", ""intensity"": ""low""}"
EN_05_02_05_1_2,behaviour_only,sadness,high,"{""emotion"": ""sadness"", ""intensity"": ""high""}"
EN_05_02_05_2_2,behaviour_only,surprise,high,"{""emotion"": ""surprise"", ""intensity"": ""high""}"
EN_05_02_06_1_2,behaviour_only,sadness,high,"{""emotion"": ""sadness"", ""intensity"": ""high""}"
EN_05_02_06_2_2,behaviour_only,surprise,high,"{""emotion"": ""surprise"", ""intensity"": ""high""}"
EN_05_02_07_1_2,behaviour_only,sadness,low,"{""emotion"": ""sadness"", ""intensity"": ""low""}"
EN_05_02_07_2_2,behaviour_only,surprise,high,"{""emotion"": ""surprise"", ""intensity"": ""high""}"
EN_05_02_08_1_2,behaviour_only,sadness,high,"{""emotion"": ""sadness"", ""intensity"": ""high""}"
EN_05_02_08_2_2,behaviour_only,surprise,low,"{""emotion"": ""surprise"", ""intensity"": ""moderate""}"
EN_05_02_09_1_2,behaviour_only,surprise,high,"{""emotion"": ""surprise"", ""intensity"": ""high""}"
EN_05_02_09_2_2,behaviour_only,surprise,high,"{""emotion"": ""surprise"", ""intensity"": ""high""}"
EN_05_02_10_1_2,behaviour_only,sadness,high,"{""emotion"": ""sadness"", ""intensity"": ""high""}"
EN_05_02_10_2_2,behaviour_only,surprise,high,"{""emotion"": ""surprise"", ""intensity"": ""high""}"
EN_05_03_01_1_2,behaviour_only,happiness,low,"{""emotion"": ""happiness"", ""intensity"": ""low""}"
EN_05_03_01_2_2,behaviour_only,happiness,high,"{""emotion"": ""happiness"", ""intensity"": ""high""}"
EN_05_03_02_1_2,behaviour_only,happiness,low,"{""emotion"": ""happiness"", ""intensity"": ""low""}"
EN_05_03_02_2_2,behaviour_only,happiness,high,"{""emotion"": ""happiness"", ""intensity"": ""high""}"
EN_05_03_03_1_2,behaviour_only,sadness,low,"{""emotion"": ""sadness"", ""intensity"": ""low""}"
EN_05_03_03_2_2,behaviour_only,surprise,low,"{""emotion"": ""surprise"", ""intensity"": ""low""}"
EN_05_03_04_1_2,behaviour_only,sadness,low,"{""emotion"": ""sadness"", ""intensity"": ""low""}"
EN_05_03_04_2_2,behaviour_only,happiness,high,"{""emotion"": ""happiness"", ""intensity"": ""high""}"
EN_05_03_05_1_2,behaviour_only,happiness,high,"{""emotion"": ""happiness"", ""intensity"": ""high""}"
EN_05_03_05_2_2,behaviour_only,happiness,high,"{""emotion"": ""happiness"", ""intensity"": ""high""}"
EN_05_03_06_1_2,behaviour_only,happiness,low,"{""emotion"": ""happiness"", ""intensity"": ""moderate""}"
EN_05_03_06_2_2,behaviour_only,happiness,high,"{""emotion"": ""happiness"", ""intensity"": ""high""}"
EN_05_03_07_1_2,behaviour_only,happiness,low,"{""emotion"": ""happiness"", ""intensity"": ""low""}"
EN_05_03_07_2_2,behaviour_only,happiness,high,"{""emotion"": ""happiness"", ""intensity"": ""high""}"
EN_05_03_08_1_2,behaviour_only,sadness,high,"{""emotion"": ""sadness"", ""intensity"": ""high""}"
EN_05_03_08_2_2,behaviour_only,happiness,low,"{""emotion"": ""happiness"", ""intensity"": ""moderate""}"
EN_05_03_09_1_2,behaviour_only,surprise,high,"{""emotion"": ""surprise"", ""intensity"": ""high""}"
EN_05_03_09_2_2,behaviour_only,happiness,high,"{""emotion"": ""happiness"", ""intensity"": ""high""}"
EN_05_03_10_1_2,behaviour_only,surprise,high,"{""emotion"": ""surprise"", ""intensity"": ""high""}"
EN_05_03_10_2_2,behaviour_only,surprise,high,"{""emotion"": ""surprise"", ""intensity"": ""high""}"
EN_05_04_01_1_2,behaviour_only,neutral,none,"{""emotion"": ""neutral"", ""intensity"": ""none""}"
EN_05_04_01_2_2,behaviour_only,confidence,high,"{""emotion"": ""confidence"", ""intensity"": ""high""}"
EN_05_04_02_1_2,behaviour_only,sadness,low,"{""emotion"": ""sadness"", ""intensity"": ""low""}"
EN_05_04_02_2_2,behaviour_only,confusion,high,"{""emotion"": ""confusion"", ""intensity"": ""high""}"
EN_05_04_03_1_2,behaviour_only,neutral,none,"{""emotion"": ""neutral"", ""intensity"": ""none""}"
EN_05_04_03_2_2,behaviour_only,surprise,low,"{""emotion"": ""surprise"", ""intensity"": ""low""}"
EN_05_04_04_1_2,behaviour_only,sadness,low,"{""emotion"": ""sadness"", ""intensity"": ""low""}"
EN_05_04_04_2_2,behaviour_only,anger,high,"{""emotion"": ""anger"", ""intensity"": ""high""}"
EN_05_04_05_1_2,behaviour_only,sadness,high,"{""emotion"": ""sadness"", ""intensity"": ""high""}"
EN_05_04_05_2_2,behaviour_only,surprise,high,"{""emotion"": ""surprise"", ""intensity"": ""high""}"
EN_05_04_06_1_2,behaviour_only,sadness,high,"{""emotion"": ""sadness"", ""intensity"": ""high""}"
EN_05_04_06_2_2,behaviour_only,anger,high,"{""emotion"": ""anger"", ""intensity"": ""high""}"
EN_05_04_07_1_2,behaviour_only,sadness,high,"{""emotion"": ""sadness"", ""intensity"": ""high""}"
EN_05_04_07_2_2,behaviour_only,sadness,high,"{""emotion"": ""sadness"", ""intensity"": ""high""}"
EN_05_04_08_1_2,behaviour_only,surprise,high,"{""emotion"": ""surprise"", ""intensity"": ""high""}"
EN_05_04_08_2_2,behaviour_only,fear,high,"{""emotion"": ""fear"", ""intensity"": ""high""}"
EN_05_04_09_1_2,behaviour_only,sadness,high,"{""emotion"": ""sadness"", ""intensity"": ""high""}"
EN_05_04_09_2_2,behaviour_only,surprise,high,"{""emotion"": ""surprise"", ""intensity"": ""high""}"
EN_05_04_10_1_2,behaviour_only,confusion,low,"{""emotion"": ""confusion"", ""intensity"": ""low""}"
EN_05_04_10_2_2,behaviour_only,anger,high,"{""emotion"": ""anger"", ""intensity"": ""high""}"
EN_05_05_01_1_2,behaviour_only,contempt,low,"{""emotion"": ""contempt"", ""intensity"": ""moderate""}"
EN_05_05_01_2_2,behaviour_only,confidence,high,"{""emotion"": ""confidence"", ""intensity"": ""high""}"
EN_05_05_02_1_2,behaviour_only,confusion,low,"{""emotion"": ""confusion"", ""intensity"": ""low""}"
EN_05_05_02_2_2,behaviour_only,surprise,low,"{""emotion"": ""surprise"", ""intensity"": ""moderate""}"
EN_05_05_03_1_2,behaviour_only,sadness,high,"{""emotion"": ""sadness"", ""intensity"": ""high""}"
EN_05_05_03_2_2,behaviour_only,neutral,none,"{""emotion"": ""neutral"", ""intensity"": ""none""}"
EN_05_05_04_1_2,behaviour_only,neutral,none,"{""emotion"": ""neutral"", ""intensity"": ""none""}"
EN_05_05_04_2_2,behaviour_only,sadness,high,"{""emotion"": ""sadness"", ""intensity"": ""high""}"
EN_05_05_05_1_2,behaviour_only,anger,high,"{""emotion"": ""anger"", ""intensity"": ""high""}"
EN_05_05_05_2_2,behaviour_only,sadness,high,"{""emotion"": ""sadness"", ""intensity"": ""high""}"
EN_05_05_06_1_2,behaviour_only,confidence,high,"{""emotion"": ""confidence"", ""intensity"": ""high""}"
EN_05_05_06_2_2,behaviour_only,sadness,high,"{""emotion"": ""sadness"", ""intensity"": ""high""}"
EN_05_05_07_1_2,behaviour_only,sadness,high,"{""emotion"": ""sadness"", ""intensity"": ""high""}"
EN_05_05_07_2_2,behaviour_only,confusion,low,"{""emotion"": ""confusion"", ""intensity"": ""moderate""}"
EN_05_05_08_1_2,behaviour_only,sadness,high,"{""emotion"": ""sadness"", ""intensity"": ""high""}"
EN_05_05_08_2_2,behaviour_only,surprise,high,"{""emotion"": ""surprise"", ""intensity"": ""high""}"
EN_05_05_09_1_2,behaviour_only,sadness,high,"{""emotion"": ""sadness"", ""intensity"": ""high""}"
EN_05_05_09_2_2,behaviour_only,confusion,high,"{""emotion"": ""confusion"", ""intensity"": ""high""}"
EN_05_05_10_1_2,behaviour_only,sadness,low,"{""emotion"": ""sadness"", ""intensity"": ""low""}"
EN_05_05_10_2_2,behaviour_only,confusion,low,"{""emotion"": ""confusion"", ""intensity"": ""low""}"
EN_05_06_01_1_2,behaviour_only,sadness,low,"{""emotion"": ""sadness"", ""intensity"": ""low""}"
EN_05_06_01_2_2,behaviour_only,confidence,high,"{""emotion"": ""confidence"", ""intensity"": ""high""}"
EN_05_06_02_1_2,behaviour_only,anger,high,"{""emotion"": ""anger"", ""intensity"": ""high""}"
EN_05_06_02_2_2,behaviour_only,happiness,high,"{""emotion"": ""happiness"", ""intensity"": ""high""}"
EN_05_06_03_1_2,behaviour_only,happiness,high,"{""emotion"": ""happiness"", ""intensity"": ""high""}"
EN_05_06_03_2_2,behaviour_only,happiness,high,"{""emotion"": ""happiness"", ""intensity"": ""high""}"
EN_05_06_04_1_2,behaviour_only,fear,high,"{""emotion"": ""fear"", ""intensity"": ""high""}"
EN_05_06_04_2_2,behaviour_only,sadness,low,"{""emotion"": ""sadness"", ""intensity"": ""low""}"
EN_05_06_05_1_2,behaviour_only,disgust,low,"{""emotion"": ""disgust"", ""intensity"": ""low""}"
EN_05_06_05_2_2,behaviour_only,anger,high,"{""emotion"": ""anger"", ""intensity"": ""high""}"
EN_05_06_06_1_2,behaviour_only,anger,high,"{""emotion"": ""anger"", ""intensity"": ""high""}"
EN_05_06_06_2_2,behaviour_only,surprise,high,"{""emotion"": ""surprise"", ""intensity"": ""high""}"
EN_05_06_07_1_2,behaviour_only,sadness,high,"{""emotion"": ""sadness"", ""intensity"": ""high""}"
EN_05_06_07_2_2,behaviour_only,surprise,low,"{""emotion"": ""surprise"", ""intensity"": ""moderate""}"
EN_05_06_08_1_2,behaviour_only,disgust,low,"{""emotion"": ""disgust"", ""intensity"": ""moderate""}"
EN_05_06_08_2_2,behaviour_only,surprise,high,"{""emotion"": ""surprise"", ""intensity"": ""high""}"
EN_05_06_09_1_2,behaviour_only,surprise,high,"{""emotion"": ""surprise"", ""intensity"": ""high""}"
EN_05_06_09_2_2,behaviour_only,surprise,high,"{""emotion"": ""surprise"", ""intensity"": ""high""}"
EN_05_06_10_1_2,behaviour_only,happiness,low,"{""emotion"": ""happiness"", ""intensity"": ""low""}"
EN_05_06_10_2_2,behaviour_only,surprise,low,"{""emotion"": ""surprise"", ""intensity"": ""low""}"
EN_05_07_01_1_2,behaviour_only,neutral,none,"{""emotion"": ""neutral"", ""intensity"": ""none""}"
EN_05_07_01_2_2,behaviour_only,sadness,low,"{""emotion"": ""sadness"", ""intensity"": ""low""}"
EN_05_07_02_1_2,behaviour_only,neutral,none,"{""emotion"": ""neutral"", ""intensity"": ""none""}"
EN_05_07_02_2_2,behaviour_only,surprise,low,"{""emotion"": ""surprise"", ""intensity"": ""low""}"
EN_05_07_03_1_2,behaviour_only,neutral,none,"{""emotion"": ""neutral"", ""intensity"": ""none""}"
EN_05_07_03_2_2,behaviour_only,confusion,low,"{""emotion"": ""confusion"", ""intensity"": ""low""}"
EN_05_07_04_1_2,behaviour_only,neutral,none,"{""emotion"": ""neutral"", ""intensity"": ""none""}"
EN_05_07_04_2_2,behaviour_only,neutral,none,"{""emotion"": ""neutral"", ""intensity"": ""none""}"
EN_05_07_05_1_2,behaviour_only,neutral,none,"{""emotion"": ""neutral"", ""intensity"": ""none""}"
EN_05_07_05_2_2,behaviour_only,sadness,high,"{""emotion"": ""sadness"", ""intensity"": ""high""}"
EN_05_07_06_1_2,behaviour_only,confusion,low,"{""emotion"": ""confusion"", ""intensity"": ""low""}"
EN_05_07_06_2_2,behaviour_only,sadness,high,"{""emotion"": ""sadness"", ""intensity"": ""high""}"
EN_05_07_07_1_2,behaviour_only,neutral,none,"{""emotion"": ""neutral"", ""intensity"": ""none""}"
EN_05_07_07_2_2,behaviour_only,surprise,low,"{""emotion"": ""surprise"", ""intensity"": ""low""}"
EN_05_07_08_1_2,behaviour_only,sadness,high,"{""emotion"": ""sadness"", ""intensity"": ""high""}"
EN_05_07_08_2_2,behaviour_only,surprise,high,"{""emotion"": ""surprise"", ""intensity"": ""high""}"
EN_05_07_09_1_2,behaviour_only,confidence,high,"{""emotion"": ""confidence"", ""intensity"": ""high""}"
EN_05_07_09_2_2,behaviour_only,surprise,high,"{""emotion"": ""surprise"", ""intensity"": ""high""}"
EN_05_07_10_1_2,behaviour_only,neutral,none,"{""emotion"": ""neutral"", ""intensity"": ""none""}"
EN_05_07_10_2_2,behaviour_only,anger,high,"{""emotion"": ""anger"", ""intensity"": ""high""}"
EN_05_08_01_1_2,behaviour_only,sadness,high,"{""emotion"": ""sadness"", ""intensity"": ""high""}"
EN_05_08_01_2_2,behaviour_only,surprise,high,"{""emotion"": ""surprise"", ""intensity"": ""high""}"
EN_05_08_02_1_2,behaviour_only,sadness,high,"{""emotion"": ""sadness"", ""intensity"": ""high""}"
EN_05_08_02_2_2,behaviour_only,surprise,high,"{""emotion"": ""surprise"", ""intensity"": ""high""}"
EN_05_08_03_1_2,behaviour_only,surprise,high,"{""emotion"": ""surprise"", ""intensity"": ""high""}"
EN_05_08_03_2_2,behaviour_only,happiness,high,"{""emotion"": ""happiness"", ""intensity"": ""high""}"
EN_05_08_04_1_2,behaviour_only,sadness,high,"{""emotion"": ""sadness"", ""intensity"": ""high""}"
EN_05_08_04_2_2,behaviour_only,anger,high,"{""emotion"": ""anger"", ""intensity"": ""high""}"
EN_05_08_05_1_2,behaviour_only,surprise,low,"{""emotion"": ""surprise"", ""intensity"": ""moderate""}"
EN_05_08_05_2_2,behaviour_only,surprise,high,"{""emotion"": ""surprise"", ""intensity"": ""high""}"
EN_05_08_06_1_2,behaviour_only,sadness,high,"{""emotion"": ""sadness"", ""intensity"": ""high""}"
EN_05_08_06_2_2,behaviour_only,disgust,high,"{""emotion"": ""disgust"", ""intensity"": ""high""}"
EN_05_08_07_1_2,behaviour_only,sadness,high,"{""emotion"": ""sadness"", ""intensity"": ""high""}"
EN_05_08_07_2_2,behaviour_only,sadness,high,"{""emotion"": ""sadness"", ""intensity"": ""high""}"
EN_05_08_08_1_2,behaviour_only,sadness,high,"{""emotion"": ""sadness"", ""intensity"": ""high""}"
EN_05_08_08_2_2,behaviour_only,confidence,high,"{""emotion"": ""confidence"", ""intensity"": ""high""}"
EN_05_08_09_1_2,behaviour_only,sadness,high,"{""emotion"": ""sadness"", ""intensity"": ""high""}"
EN_05_08_09_2_2,behaviour_only,surprise,high,"{""emotion"": ""surprise"", ""intensity"": ""high""}"
EN_05_08_10_1_2,behaviour_only,happiness,low,"{""emotion"": ""happiness"", ""intensity"": ""low""}"
EN_05_08_10_2_2,behaviour_only,surprise,high,"{""emotion"": ""surprise"", ""intensity"": ""high""}"
EN_05_09_01_1_2,behaviour_only,sadness,high,"{""emotion"": ""sadness"", ""intensity"": ""high""}"
EN_05_09_01_2_2,behaviour_only,surprise,low,"{""emotion"": ""surprise"", ""intensity"": ""low""}"
EN_05_09_02_1_2,behaviour_only,sadness,low,"{""emotion"": ""sadness"", ""intensity"": ""low""}"
EN_05_09_02_2_2,behaviour_only,surprise,low,"{""emotion"": ""surprise"", ""intensity"": ""moderate""}"
EN_05_09_03_1_2,behaviour_only,sadness,low,"{""emotion"": ""sadness"", ""intensity"": ""low""}"
EN_05_09_03_2_2,behaviour_only,happiness,low,"{""emotion"": ""happiness"", ""intensity"": ""low""}"
EN_05_09_04_1_2,behaviour_only,happiness,high,"{""emotion"": ""happiness"", ""intensity"": ""high""}"
EN_05_09_04_2_2,behaviour_only,happiness,high,"{""emotion"": ""happiness"", ""intensity"": ""high""}"
EN_05_09_05_1_2,behaviour_only,sadness,high,"{""emotion"": ""sadness"", ""intensity"": ""high""}"
EN_05_09_05_2_2,behaviour_only,surprise,high,"{""emotion"": ""surprise"", ""intensity"": ""high""}"
EN_05_09_06_1_2,behaviour_only,neutral,none,"{""emotion"": ""neutral"", ""intensity"": ""none""}"
EN_05_09_06_2_2,behaviour_only,surprise,low,"{""emotion"": ""surprise"", ""intensity"": ""moderate""}"
EN_05_09_07_1_2,behaviour_only,neutral,none,"{""emotion"": ""neutral"", ""intensity"": ""none""}"
EN_05_09_07_2_2,behaviour_only,surprise,high,"{""emotion"": ""surprise"", ""intensity"": ""high""}"
EN_05_09_08_1_2,behaviour_only,surprise,high,"{""emotion"": ""surprise"", ""intensity"": ""high""}"
EN_05_09_08_2_2,behaviour_only,surprise,high,"{""emotion"": ""surprise"", ""intensity"": ""high""}"
EN_05_09_09_1_2,behaviour_only,sadness,high,"{""emotion"": ""sadness"", ""intensity"": ""high""}"
EN_05_09_09_2_2,behaviour_only,sadness,high,"{""emotion"": ""sadness"", ""intensity"": ""high""}"
EN_05_09_10_1_2,behaviour_only,sadness,low,"{""emotion"": ""sadness"", ""intensity"": ""low""}"
EN_05_09_10_2_2,behaviour_only,surprise,high,"{""emotion"": ""surprise"", ""intensity"": ""high""}"
EN_05_10_01_1_2,behaviour_only,neutral,none,"{""emotion"": ""neutral"", ""intensity"": ""none""}"
EN_05_10_01_2_2,behaviour_only,anger,high,"{""emotion"": ""anger"", ""intensity"": ""high""}"
EN_05_10_02_1_2,behaviour_only,happiness,low,"{""emotion"": ""happiness"", ""intensity"": ""low""}"
EN_05_10_02_2_2,behaviour_only,confidence,high,"{""emotion"": ""confidence"", ""intensity"": ""high""}"
EN_05_10_03_1_2,behaviour_only,fear,high,"{""emotion"": ""fear"", ""intensity"": ""high""}"
EN_05_10_03_2_2,behaviour_only,confidence,low,"{""emotion"": ""confidence"", ""intensity"": ""low""}"
EN_05_10_04_1_2,behaviour_only,happiness,low,"{""emotion"": ""happiness"", ""intensity"": ""low""}"
EN_05_10_04_2_2,behaviour_only,neutral,none,"{""emotion"": ""neutral"", ""intensity"": ""none""}"
EN_05_10_05_1_2,behaviour_only,sadness,high,"{""emotion"": ""sadness"", ""intensity"": ""high""}"
EN_05_10_05_2_2,behaviour_only,sadness,high,"{""emotion"": ""sadness"", ""intensity"": ""high""}"
EN_05_10_06_1_2,behaviour_only,happiness,low,"{""emotion"": ""happiness"", ""intensity"": ""low""}"
EN_05_10_06_2_2,behaviour_only,confidence,high,"{""emotion"": ""confidence"", ""intensity"": ""high""}"
EN_05_10_07_1_2,behaviour_only,sadness,high,"{""emotion"": ""sadness"", ""intensity"": ""high""}"
EN_05_10_07_2_2,behaviour_only,anger,high,"{""emotion"": ""anger"", ""intensity"": ""high""}"
EN_05_10_08_1_2,behaviour_only,sadness,high,"{""emotion"": ""sadness"", ""intensity"": ""high""}"
EN_05_10_08_2_2,behaviour_only,fear,high,"{""emotion"": ""fear"", ""intensity"": ""high""}"
EN_05_10_09_1_2,behaviour_only,surprise,high,"{""emotion"": ""surprise"", ""intensity"": ""high""}"
EN_05_10_09_2_2,behaviour_only,confusion,high,"{""emotion"": ""confusion"", ""intensity"": ""high""}"
EN_05_10_10_1_2,behaviour_only,neutral,none,"{""emotion"": ""neutral"", ""intensity"": ""none""}"
EN_05_10_10_2_2,behaviour_only,surprise,high,"{""emotion"": ""surprise"", ""intensity"": ""high""}"
EN_06_00_01,behaviour_only,confidence,high,"{""emotion"": ""confidence"", ""intensity"": ""high""}"
EN_06_00_02,behaviour_only,sadness,high,"{""emotion"": ""sadness"", ""intensity"": ""high""}"
EN_06_00_03,behaviour_only,confidence,high,"{""emotion"": ""confidence"", ""intensity"": ""high""}"
EN_06_00_04,behaviour_only,confidence,high,"{""emotion"": ""confidence"", ""intensity"": ""high""}"
EN_06_00_05,behaviour_only,neutral,none,"{""emotion"": ""neutral"", ""intensity"": ""none""}"
EN_06_00_06,behaviour_only,neutral,none,"{""emotion"": ""neutral"", ""intensity"": ""none""}"
EN_06_00_07,behaviour_only,neutral,none,"{""emotion"": ""neutral"", ""intensity"": ""none""}"
EN_06_00_08,behaviour_only,neutral,none,"{""emotion"": ""neutral"", ""intensity"": ""none""}"
EN_06_00_09,behaviour_only,neutral,none,"{""emotion"": ""neutral"", ""intensity"": ""none""}"
EN_06_00_10,behaviour_only,neutral,none,"{""emotion"": ""neutral"", ""intensity"": ""none""}"
EN_06_01_01_1_2,behaviour_only,sadness,high,"{""emotion"": ""sadness"", ""intensity"": ""high""}"
EN_06_01_01_2_2,behaviour_only,sadness,low,"{""emotion"": ""sadness"", ""intensity"": ""moderate""}"
EN_06_01_02_1_2,behaviour_only,sadness,low,"{""emotion"": ""sadness"", ""intensity"": ""low""}"
EN_06_01_02_2_2,behaviour_only,sadness,low,"{""emotion"": ""sadness"", ""intensity"": ""moderate""}"
EN_06_01_03_1_2,behaviour_only,confidence,low,"{""emotion"": ""confidence"", ""intensity"": ""low""}"
EN_06_01_03_2_2,behaviour_only,happiness,high,"{""emotion"": ""happiness"", ""intensity"": ""high""}"
EN_06_01_04_1_2,behaviour_only,happiness,high,"{""emotion"": ""happiness"", ""intensity"": ""high""}"
EN_06_01_04_2_2,behaviour_only,sadness,high,"{""emotion"": ""sadness"", ""intensity"": ""high""}"
EN_06_01_05_1_2,behaviour_only,sadness,low,"{""emotion"": ""sadness"", ""intensity"": ""low""}"
EN_06_01_05_2_2,behaviour_only,sadness,high,"{""emotion"": ""sadness"", ""intensity"": ""high""}"
EN_06_01_06_1_2,behaviour_only,sadness,high,"{""emotion"": ""sadness"", ""intensity"": ""high""}"
EN_06_01_06_2_2,behaviour_only,happiness,high,"{""emotion"": ""happiness"", ""intensity"": ""high""}"
EN_06_01_07_1_2,behaviour_only,happiness,low,"{""emotion"": ""happiness"", ""intensity"": ""low""}"
EN_06_01_07_2_2,behaviour_only,anger,high,"{""emotion"": ""anger"", ""intensity"": ""high""}"
EN_06_01_08_1_2,behaviour_only,confidence,low,"{""emotion"": ""confidence"", ""intensity"": ""low""}"
EN_06_01_08_2_2,behaviour_only,happiness,low,"{""emotion"": ""happiness"", ""intensity"": ""low""}"
EN_06_01_09_1_2,behaviour_only,neutral,none,"{""emotion"": ""neutral"", ""intensity"": ""none""}"
EN_06_01_09_2_2,behaviour_only,sadness,high,"{""emotion"": ""sadness"", ""intensity"": ""high""}"
EN_06_01_10_1_2,behaviour_only,surprise,high,"{""emotion"": ""surprise"", ""intensity"": ""high""}"
EN_06_01_10_2_2,behaviour_only,confidence,high,"{""emotion"": ""confidence"", ""intensity"": ""high""}"
EN_06_02_01_1_2,behaviour_only,sadness,high,"{""emotion"": ""sadness"", ""intensity"": ""high""}"
EN_06_02_01_2_2,behaviour_only,sadness,high,"{""emotion"": ""sadness"", ""intensity"": ""high""}"
EN_06_02_02_1_2,behaviour_only,neutral,none,"{""emotion"": ""neutral"", ""intensity"": ""none""}"
EN_06_02_02_2_2,behaviour_only,sadness,high,"{""emotion"": ""sadness"", ""intensity"": ""high""}"
EN_06_02_03_1_2,behaviour_only,confidence,high,"{""emotion"": ""confidence"", ""intensity"": ""high""}"
EN_06_02_03_2_2,behaviour_only,sadness,high,"{""emotion"": ""sadness"", ""intensity"": ""high""}"
EN_06_02_04_1_2,behaviour_only,sadness,low,"{""emotion"": ""sadness"", ""intensity"": ""moderate""}"
EN_06_02_04_2_2,behaviour_only,sadness,high,"{""emotion"": ""sadness"", ""intensity"": ""high""}"
EN_06_02_05_1_2,behaviour_only,anger,high,"{""emotion"": ""anger"", ""intensity"": ""high""}"
EN_06_02_05_2_2,behaviour_only,sadness,high,"{""emotion"": ""sadness"", ""intensity"": ""high""}"
EN_06_02_06_1_2,behaviour_only,sadness,low,"{""emotion"": ""sadness"", ""intensity"": ""low""}"
EN_06_02_06_2_2,behaviour_only,sadness,high,"{""emotion"": ""sadness"", ""intensity"": ""high""}"
EN_06_02_07_1_2,behaviour_only,sadness,low,"{""emotion"": ""sadness"", ""intensity"": ""low""}"
EN_06_02_07_2_2,behaviour_only,sadness,high,"{""emotion"": ""sadness"", ""intensity"": ""high""}"
EN_06_02_08_1_2,behaviour_only,confidence,low,"{""emotion"": ""confidence"", ""intensity"": ""low""}"
EN_06_02_08_2_2,behaviour_only,sadness,high,"{""emotion"": ""sadness"", ""intensity"": ""high""}"
EN_06_02_09_1_2,behaviour_only,neutral,none,"{""emotion"": ""neutral"", ""intensity"": ""none""}"
EN_06_02_09_2_2,behaviour_only,sadness,high,"{""emotion"": ""sadness"", ""intensity"": ""high""}"
EN_06_02_10_1_2,behaviour_only,sadness,low,"{""emotion"": ""sadness"", ""intensity"": ""low""}"
EN_06_02_10_2_2,behaviour_only,sadness,high,"{""emotion"": ""sadness"", ""intensity"": ""high""}"
EN_06_03_01_1_2,behaviour_only,anger,high,"{""emotion"": ""anger"", ""intensity"": ""high""}"
EN_06_03_01_2_2,behaviour_only,contempt,high,"{""emotion"": ""contempt"", ""intensity"": ""high""}"
EN_06_03_02_1_2,behaviour_only,sadness,high,"{""emotion"": ""sadness"", ""intensity"": ""high""}"
EN_06_03_02_2_2,behaviour_only,sadness,high,"{""emotion"": ""sadness"", ""intensity"": ""high""}"
EN_06_03_03_1_2,behaviour_only,happiness,high,"{""emotion"": ""happiness"", ""intensity"": ""high""}"
EN_06_03_03_2_2,behaviour_only,happiness,high,"{""emotion"": ""happiness"", ""intensity"": ""high""}"
EN_06_03_04_1_2,behaviour_only,confidence,high,"{""emotion"": ""confidence"", ""intensity"": ""high""}"
EN_06_03_04_2_2,behaviour_only,happiness,low,"{""emotion"": ""happiness"", ""intensity"": ""moderate""}"
EN_06_03_05_1_2,behaviour_only,confusion,low,"{""emotion"": ""confusion"", ""intensity"": ""moderate""}"
EN_06_03_05_2_2,behaviour_only,sadness,high,"{""emotion"": ""sadness"", ""intensity"": ""high""}"
EN_06_03_06_1_2,behaviour_only,sadness,high,"{""emotion"": ""sadness"", ""intensity"": ""high""}"
EN_06_03_06_2_2,behaviour_only,happiness,high,"{""emotion"": ""happiness"", ""intensity"": ""high""}"
EN_06_03_07_1_2,behaviour_only,sadness,low,"{""emotion"": ""sadness"", ""intensity"": ""moderate""}"
EN_06_03_07_2_2,behaviour_only,surprise,high,"{""emotion"": ""surprise"", ""intensity"": ""high""}"
EN_06_03_08_1_2,behaviour_only,happiness,high,"{""emotion"": ""happiness"", ""intensity"": ""high""}"
EN_06_03_08_2_2,behaviour_only,anger,high,"{""emotion"": ""anger"", ""intensity"": ""high""}"
EN_06_03_09_1_2,behaviour_only,confidence,high,"{""emotion"": ""confidence"", ""intensity"": ""high""}"
EN_06_03_09_2_2,behaviour_only,surprise,high,"{""emotion"": ""surprise"", ""intensity"": ""high""}"
EN_06_03_10_1_2,behaviour_only,happiness,high,"{""emotion"": ""happiness"", ""intensity"": ""high""}"
EN_06_03_10_2_2,behaviour_only,happiness,high,"{""emotion"": ""happiness"", ""intensity"": ""high""}"
EN_06_04_01_1_2,behaviour_only,sadness,high,"{""emotion"": ""sadness"", ""intensity"": ""high""}"
EN_06_04_01_2_2,behaviour_only,sadness,low,"{""emotion"": ""sadness"", ""intensity"": ""moderate""}"
EN_06_04_02_1_2,behaviour_only,sadness,high,"{""emotion"": ""sadness"", ""intensity"": ""high""}"
EN_06_04_02_2_2,behaviour_only,sadness,high,"{""emotion"": ""sadness"", ""intensity"": ""high""}"
EN_06_04_03_1_2,behaviour_only,sadness,high,"{""emotion"": ""sadness"", ""intensity"": ""high""}"
EN_06_04_03_2_2,behaviour_only,sadness,high,"{""emotion"": ""sadness"", ""intensity"": ""high""}"
EN_06_04_04_1_2,behaviour_only,sadness,high,"{""emotion"": ""sadness"", ""intensity"": ""high""}"
EN_06_04_04_2_2,behaviour_only,sadness,low,"{""emotion"": ""sadness"", ""intensity"": ""moderate""}"
EN_06_04_05_1_2,behaviour_only,contempt,high,"{""emotion"": ""contempt"", ""intensity"": ""high""}"
EN_06_04_05_2_2,behaviour_only,sadness,high,"{""emotion"": ""sadness"", ""intensity"": ""high""}"
EN_06_04_06_1_2,behaviour_only,confusion,high,"{""emotion"": ""confusion"", ""intensity"": ""high""}"
EN_06_04_06_2_2,behaviour_only,sadness,high,"{""emotion"": ""sadness"", ""intensity"": ""high""}"
EN_06_04_07_1_2,behaviour_only,sadness,low,"{""emotion"": ""sadness"", ""intensity"": ""low""}"
EN_06_04_07_2_2,behaviour_only,disgust,low,"{""emotion"": ""disgust"", ""intensity"": ""low""}"
EN_06_04_08_1_2,behaviour_only,sadness,low,"{""emotion"": ""sadness"", ""intensity"": ""low""}"
EN_06_04_08_2_2,behaviour_only,sadness,high,"{""emotion"": ""sadness"", ""intensity"": ""high""}"
EN_06_04_09_1_2,behaviour_only,sadness,low,"{""emotion"": ""sadness"", ""intensity"": ""low""}"
EN_06_04_09_2_2,behaviour_only,sadness,high,"{""emotion"": ""sadness"", ""intensity"": ""high""}"
EN_06_04_10_1_2,behaviour_only,sadness,high,"{""emotion"": ""sadness"", ""intensity"": ""high""}"
EN_06_04_10_2_2,behaviour_only,anger,high,"{""emotion"": ""anger"", ""intensity"": ""high""}"
EN_06_05_01_1_2,behaviour_only,neutral,none,"{""emotion"": ""neutral"", ""intensity"": ""none""}"
EN_06_05_01_2_2,behaviour_only,confidence,high,"{""emotion"": ""confidence"", ""intensity"": ""high""}"
EN_06_05_02_1_2,behaviour_only,sadness,low,"{""emotion"": ""sadness"", ""intensity"": ""moderate""}"
EN_06_05_02_2_2,behaviour_only,sadness,high,"{""emotion"": ""sadness"", ""intensity"": ""high""}"
EN_06_05_03_1_2,behaviour_only,sadness,low,"{""emotion"": ""sadness"", ""intensity"": ""moderate""}"
EN_06_05_03_2_2,behaviour_only,fear,high,"{""emotion"": ""fear"", ""intensity"": ""high""}"
EN_06_05_04_1_2,behaviour_only,sadness,low,"{""emotion"": ""sadness"", ""intensity"": ""moderate""}"
EN_06_05_04_2_2,behaviour_only,disgust,high,"{""emotion"": ""disgust"", ""intensity"": ""high""}"
EN_06_05_05_1_2,behaviour_only,sadness,low,"{""emotion"": ""sadness"", ""intensity"": ""low""}"
EN_06_05_05_2_2,behaviour_only,sadness,low,"{""emotion"": ""sadness"", ""intensity"": ""moderate""}"
EN_06_05_06_1_2,behaviour_only,neutral,none,"{""emotion"": ""neutral"", ""intensity"": ""none""}"
EN_06_05_06_2_2,behaviour_only,disgust,high,"{""emotion"": ""disgust"", ""intensity"": ""high""}"
EN_06_05_07_1_2,behaviour_only,neutral,none,"{""emotion"": ""neutral"", ""intensity"": ""none""}"
EN_06_05_07_2_2,behaviour_only,sadness,low,"{""emotion"": ""sadness"", ""intensity"": ""moderate""}"
EN_06_05_08_1_2,behaviour_only,sadness,high,"{""emotion"": ""sadness"", ""intensity"": ""high""}"
EN_06_05_08_2_2,behaviour_only,sadness,high,"{""emotion"": ""sadness"", ""intensity"": ""high""}"
EN_06_05_09_1_2,behaviour_only,neutral,none,"{""emotion"": ""neutral"", ""intensity"": ""none""}"
EN_06_05_09_2_2,behaviour_only,sadness,high,"{""emotion"": ""sadness"", ""intensity"": ""high""}"
EN_06_05_10_1_2,behaviour_only,happiness,low,"{""emotion"": ""happiness"", ""intensity"": ""low""}"
EN_06_05_10_2_2,behaviour_only,happiness,high,"{""emotion"": ""happiness"", ""intensity"": ""high""}"
EN_06_06_01_1_2,behaviour_only,sadness,low,"{""emotion"": ""sadness"", ""intensity"": ""moderate""}"
EN_06_06_01_2_2,behaviour_only,confidence,high,"{""emotion"": ""confidence"", ""intensity"": ""high""}"
EN_06_06_02_1_2,behaviour_only,sadness,high,"{""emotion"": ""sadness"", ""intensity"": ""high""}"
EN_06_06_02_2_2,behaviour_only,surprise,high,"{""emotion"": ""surprise"", ""intensity"": ""high""}"
EN_06_06_03_1_2,behaviour_only,confidence,high,"{""emotion"": ""confidence"", ""intensity"": ""high""}"
EN_06_06_03_2_2,behaviour_only,confidence,high,"{""emotion"": ""confidence"", ""intensity"": ""high""}"
EN_06_06_04_1_2,behaviour_only,sadness,high,"{""emotion"": ""sadness"", ""intensity"": ""high""}"
EN_06_06_04_2_2,behaviour_only,anger,high,"{""emotion"": ""anger"", ""intensity"": ""high""}"
EN_06_06_05_1_2,behaviour_only,sadness,high,"{""emotion"": ""sadness"", ""intensity"": ""high""}"
EN_06_06_05_2_2,behaviour_only,sadness,high,"{""emotion"": ""sadness"", ""intensity"": ""high""}"
EN_06_06_06_1_2,behaviour_only,confusion,low,"{""emotion"": ""confusion"", ""intensity"": ""low""}"
EN_06_06_06_2_2,behaviour_only,happiness,high,"{""emotion"": ""happiness"", ""intensity"": ""high""}"
EN_06_06_07_1_2,behaviour_only,fear,high,"{""emotion"": ""fear"", ""intensity"": ""high""}"
EN_06_06_07_2_2,behaviour_only,surprise,high,"{""emotion"": ""surprise"", ""intensity"": ""high""}"
EN_06_06_08_1_2,behaviour_only,confidence,high,"{""emotion"": ""confidence"", ""intensity"": ""high""}"
EN_06_06_08_2_2,behaviour_only,surprise,low,"{""emotion"": ""surprise"", ""intensity"": ""low""}"
EN_06_06_09_1_2,behaviour_only,fear,high,"{""emotion"": ""fear"", ""intensity"": ""high""}"
EN_06_06_09_2_2,behaviour_only,surprise,high,"{""emotion"": ""surprise"", ""intensity"": ""high""}"
EN_06_06_10_1_2,behaviour_only,anger,high,"{""emotion"": ""anger"", ""intensity"": ""high""}"
EN_06_06_10_2_2,behaviour_only,anger,high,"{""emotion"": ""anger"", ""intensity"": ""high""}"
EN_06_07_01_1_2,behaviour_only,neutral,none,"{""emotion"": ""neutral"", ""intensity"": ""none""}"
EN_06_07_01_2_2,behaviour_only,sadness,high,"{""emotion"": ""sadness"", ""intensity"": ""high""}"
EN_06_07_02_1_2,behaviour_only,fear,low,"{""emotion"": ""fear"", ""intensity"": ""low""}"
EN_06_07_02_2_2,behaviour_only,neutral,none,"{""emotion"": ""neutral"", ""intensity"": ""none""}"
EN_06_07_03_1_2,behaviour_only,anger,high,"{""emotion"": ""anger"", ""intensity"": ""high""}"
EN_06_07_03_2_2,behaviour_only,sadness,high,"{""emotion"": ""sadness"", ""intensity"": ""high""}"
EN_06_07_04_1_2,behaviour_only,neutral,none,"{""emotion"": ""neutral"", ""intensity"": ""none""}"
EN_06_07_04_2_2,behaviour_only,confidence,low,"{""emotion"": ""confidence"", ""intensity"": ""moderate""}"
EN_06_07_05_1_2,behaviour_only,neutral,none,"{""emotion"": ""neutral"", ""intensity"": ""none""}"
EN_06_07_05_2_2,behaviour_only,surprise,low,"{""emotion"": ""surprise"", ""intensity"": ""moderate""}"
EN_06_07_06_1_2,behaviour_only,neutral,none,"{""emotion"": ""neutral"", ""intensity"": ""none""}"
EN_06_07_06_2_2,behaviour_only,confidence,high,"{""emotion"": ""confidence"", ""intensity"": ""high""}"
EN_06_07_07_1_2,behaviour_only,sadness,high,"{""emotion"": ""sadness"", ""intensity"": ""high""}"
EN_06_07_07_2_2,behaviour_only,sadness,low,"{""emotion"": ""sadness"", ""intensity"": ""low""}"
EN_06_07_08_1_2,behaviour_only,neutral,none,"{""emotion"": ""neutral"", ""intensity"": ""none""}"
EN_06_07_08_2_2,behaviour_only,sadness,high,"{""emotion"": ""sadness"", ""intensity"": ""high""}"
EN_06_07_09_1_2,behaviour_only,neutral,none,"{""emotion"": ""neutral"", ""intensity"": ""none""}"
EN_06_07_09_2_2,behaviour_only,confidence,high,"{""emotion"": ""confidence"", ""intensity"": ""high""}"
EN_06_07_10_1_2,behaviour_only,happiness,low,"{""emotion"": ""happiness"", ""intensity"": ""low""}"
EN_06_07_10_2_2,behaviour_only,happiness,low,"{""emotion"": ""happiness"", ""intensity"": ""low""}"
EN_06_08_01_1_2,behaviour_only,sadness,high,"{""emotion"": ""sadness"", ""intensity"": ""high""}"
EN_06_08_01_2_2,behaviour_only,sadness,high,"{""emotion"": ""sadness"", ""intensity"": ""high""}"
EN_06_08_02_1_2,behaviour_only,sadness,high,"{""emotion"": ""sadness"", ""intensity"": ""high""}"
EN_06_08_02_2_2,behaviour_only,sadness,high,"{""emotion"": ""sadness"", ""intensity"": ""high""}"
EN_06_08_03_1_2,behaviour_only,confidence,high,"{""emotion"": ""confidence"", ""intensity"": ""high""}"
EN_06_08_03_2_2,behaviour_only,confidence,high,"{""emotion"": ""confidence"", ""intensity"": ""high""}"
EN_06_08_04_1_2,behaviour_only,sadness,high,"{""emotion"": ""sadness"", ""intensity"": ""high""}"
EN_06_08_04_2_2,behaviour_only,happiness,high,"{""emotion"": ""happiness"", ""intensity"": ""high""}"
EN_06_08_05_1_2,behaviour_only,confidence,low,"{""emotion"": ""confidence"", ""intensity"": ""low""}"
EN_06_08_05_2_2,behaviour_only,sadness,high,"{""emotion"": ""sadness"", ""intensity"": ""high""}"
EN_06_08_06_1_2,behaviour_only,sadness,high,"{""emotion"": ""sadness"", ""intensity"": ""high""}"
EN_06_08_06_2_2,behaviour_only,confidence,high,"{""emotion"": ""confidence"", ""intensity"": ""high""}"
EN_06_08_07_1_2,behaviour_only,sadness,low,"{""emotion"": ""sadness"", ""intensity"": ""moderate""}"
EN_06_08_07_2_2,behaviour_only,sadness,high,"{""emotion"": ""sadness"", ""intensity"": ""high""}"
EN_06_08_08_1_2,behaviour_only,sadness,high,"{""emotion"": ""sadness"", ""intensity"": ""high""}"
EN_06_08_08_2_2,behaviour_only,sadness,high,"{""emotion"": ""sadness"", ""intensity"": ""high""}"
EN_06_08_09_1_2,behaviour_only,sadness,high,"{""emotion"": ""sadness"", ""intensity"": ""high""}"
EN_06_08_09_2_2,behaviour_only,sadness,high,"{""emotion"": ""sadness"", ""intensity"": ""high""}"
EN_06_08_10_1_2,behaviour_only,sadness,low,"{""emotion"": ""sadness"", ""intensity"": ""moderate""}"
EN_06_08_10_2_2,behaviour_only,surprise,high,"{""emotion"": ""surprise"", ""intensity"": ""high""}"
EN_06_09_01_1_2,behaviour_only,confidence,low,"{""emotion"": ""confidence"", ""intensity"": ""low""}"
EN_06_09_01_2_2,behaviour_only,sadness,high,"{""emotion"": ""sadness"", ""intensity"": ""high""}"
EN_06_09_02_1_2,behaviour_only,confidence,low,"{""emotion"": ""confidence"", ""intensity"": ""low""}"
EN_06_09_02_2_2,behaviour_only,surprise,low,"{""emotion"": ""surprise"", ""intensity"": ""moderate""}"
EN_06_09_03_1_2,behaviour_only,confidence,high,"{""emotion"": ""confidence"", ""intensity"": ""high""}"
EN_06_09_03_2_2,behaviour_only,happiness,low,"{""emotion"": ""happiness"", ""intensity"": ""moderate""}"
EN_06_09_04_1_2,behaviour_only,confidence,low,"{""emotion"": ""confidence"", ""intensity"": ""low""}"
EN_06_09_04_2_2,behaviour_only,sadness,high,"{""emotion"": ""sadness"", ""intensity"": ""high""}"
EN_06_09_05_1_2,behaviour_only,neutral,none,"{""emotion"": ""neutral"", ""intensity"": ""none""}"
EN_06_09_05_2_2,behaviour_only,disgust,high,"{""emotion"": ""disgust"", ""intensity"": ""high""}"
EN_06_09_06_1_2,behaviour_only,disgust,high,"{""emotion"": ""disgust"", ""intensity"": ""high""}"
EN_06_09_06_2_2,behaviour_only,sadness,low,"{""emotion"": ""sadness"", ""intensity"": ""low""}"
EN_06_09_07_1_2,behaviour_only,neutral,none,"{""emotion"": ""neutral"", ""intensity"": ""none""}"
EN_06_09_07_2_2,behaviour_only,confidence,high,"{""emotion"": ""confidence"", ""intensity"": ""high""}"
EN_06_09_08_1_2,behaviour_only,confidence,low,"{""emotion"": ""confidence"", ""intensity"": ""low""}"
EN_06_09_08_2_2,behaviour_only,sadness,high,"{""emotion"": ""sadness"", ""intensity"": ""high""}"
EN_06_09_09_1_2,behaviour_only,neutral,none,"{""emotion"": ""neutral"", ""intensity"": ""none""}"
EN_06_09_09_2_2,behaviour_only,confidence,high,"{""emotion"": ""confidence"", ""intensity"": ""high""}"
EN_06_09_10_1_2,behaviour_only,confidence,high,"{""emotion"": ""confidence"", ""intensity"": ""high""}"
EN_06_09_10_2_2,behaviour_only,confidence,high,"{""emotion"": ""confidence"", ""intensity"": ""high""}"
EN_06_10_01_1_2,behaviour_only,sadness,high,"{""emotion"": ""sadness"", ""intensity"": ""high""}"
EN_06_10_01_2_2,behaviour_only,sadness,low,"{""emotion"": ""sadness"", ""intensity"": ""moderate""}"
EN_06_10_02_1_2,behaviour_only,neutral,none,"{""emotion"": ""neutral"", ""intensity"": ""none""}"
EN_06_10_02_2_2,behaviour_only,sadness,low,"{""emotion"": ""sadness"", ""intensity"": ""low""}"
EN_06_10_03_1_2,behaviour_only,sadness,low,"{""emotion"": ""sadness"", ""intensity"": ""low""}"
EN_06_10_03_2_2,behaviour_only,happiness,low,"{""emotion"": ""happiness"", ""intensity"": ""low""}"
EN_06_10_04_1_2,behaviour_only,anger,high,"{""emotion"": ""anger"", ""intensity"": ""high""}"
EN_06_10_04_2_2,behaviour_only,happiness,high,"{""emotion"": ""happiness"", ""intensity"": ""high""}"
EN_06_10_05_1_2,behaviour_only,confidence,high,"{""emotion"": ""confidence"", ""intensity"": ""high""}"
EN_06_10_05_2_2,behaviour_only,surprise,low,"{""emotion"": ""surprise"", ""intensity"": ""moderate""}"
EN_06_10_06_1_2,behaviour_only,sadness,high,"{""emotion"": ""sadness"", ""intensity"": ""high""}"
EN_06_10_06_2_2,behaviour_only,happiness,high,"{""emotion"": ""happiness"", ""intensity"": ""high""}"
EN_06_10_07_1_2,behaviour_only,neutral,none,"{""emotion"": ""neutral"", ""intensity"": ""none""}"
EN_06_10_07_2_2,behaviour_only,happiness,low,"{""emotion"": ""happiness"", ""intensity"": ""low""}"
EN_06_10_08_1_2,behaviour_only,neutral,none,"{""emotion"": ""neutral"", ""intensity"": ""none""}"
EN_06_10_08_2_2,behaviour_only,happiness,low,"{""emotion"": ""happiness"", ""intensity"": ""low""}"
EN_06_10_09_1_2,behaviour_only,neutral,none,"{""emotion"": ""neutral"", ""intensity"": ""none""}"
EN_06_10_09_2_2,behaviour_only,confidence,low,"{""emotion"": ""confidence"", ""intensity"": ""moderate""}"
EN_06_10_10_1_2,behaviour_only,sadness,low,"{""emotion"": ""sadness"", ""intensity"": ""moderate""}"
EN_06_10_10_2_2,behaviour_only,happiness,high,"{""emotion"": ""happiness"", ""intensity"": ""high""}"
EN_07_00_01,behaviour_only,neutral,none,"{""emotion"": ""neutral"", ""intensity"": ""none""}"
EN_07_00_02,behaviour_only,confidence,low,"{""emotion"": ""confidence"", ""intensity"": ""low""}"
EN_07_00_03,behaviour_only,neutral,none,"{""emotion"": ""neutral"", ""intensity"": ""none""}"
EN_07_00_04,behaviour_only,sadness,low,"{""emotion"": ""sadness"", ""intensity"": ""low""}"
EN_07_00_05,behaviour_only,neutral,none,"{""emotion"": ""neutral"", ""intensity"": ""none""}"
EN_07_00_06,behaviour_only,confidence,low,"{""emotion"": ""confidence"", ""intensity"": ""low""}"
EN_07_00_07,behaviour_only,sadness,high,"{""emotion"": ""sadness"", ""intensity"": ""high""}"
EN_07_00_08,behaviour_only,happiness,high,"{""emotion"": ""happiness"", ""intensity"": ""high""}"
EN_07_00_09,behaviour_only,confidence,low,"{""emotion"": ""confidence"", ""intensity"": ""low""}"
EN_07_00_10,behaviour_only,neutral,none,"{""emotion"": ""neutral"", ""intensity"": ""none""}"
EN_07_01_01_1_2,behaviour_only,neutral,none,"{""emotion"": ""neutral"", ""intensity"": ""none""}"
EN_07_01_01_2_2,behaviour_only,anger,low,"{""emotion"": ""anger"", ""intensity"": ""low""}"
EN_07_01_02_1_2,behaviour_only,fear,high,"{""emotion"": ""fear"", ""intensity"": ""high""}"
EN_07_01_02_2_2,behaviour_only,confidence,high,"{""emotion"": ""confidence"", ""intensity"": ""high""}"
EN_07_01_03_1_2,behaviour_only,confidence,low,"{""emotion"": ""confidence"", ""intensity"": ""low""}"
EN_07_01_03_2_2,behaviour_only,confidence,low,"{""emotion"": ""confidence"", ""intensity"": ""low""}"
EN_07_01_04_1_2,behaviour_only,sadness,low,"{""emotion"": ""sadness"", ""intensity"": ""low""}"
EN_07_01_04_2_2,behaviour_only,confidence,high,"{""emotion"": ""confidence"", ""intensity"": ""high""}"
EN_07_01_05_1_2,behaviour_only,sadness,high,"{""emotion"": ""sadness"", ""intensity"": ""high""}"
EN_07_01_05_2_2,behaviour_only,confusion,low,"{""emotion"": ""confusion"", ""intensity"": ""low""}"
EN_07_01_06_1_2,behaviour_only,sadness,high,"{""emotion"": ""sadness"", ""intensity"": ""high""}"
EN_07_01_06_2_2,behaviour_only,fear,high,"{""emotion"": ""fear"", ""intensity"": ""high""}"
EN_07_01_07_1_2,behaviour_only,sadness,high,"{""emotion"": ""sadness"", ""intensity"": ""high""}"
EN_07_01_07_2_2,behaviour_only,neutral,none,"{""emotion"": ""neutral"", ""intensity"": ""none""}"
EN_07_01_08_1_2,behaviour_only,sadness,high,"{""emotion"": ""sadness"", ""intensity"": ""high""}"
EN_07_01_08_2_2,behaviour_only,disgust,low,"{""emotion"": ""disgust"", ""intensity"": ""low""}"
EN_07_01_09_1_2,behaviour_only,sadness,low,"{""emotion"": ""sadness"", ""intensity"": ""low""}"
EN_07_01_09_2_2,behaviour_only,neutral,none,"{""emotion"": ""neutral"", ""intensity"": ""none""}"
EN_07_01_10_1_2,behaviour_only,neutral,none,"{""emotion"": ""neutral"", ""intensity"": ""none""}"
EN_07_01_10_2_2,behaviour_only,neutral,none,"{""emotion"": ""neutral"", ""intensity"": ""none""}"
EN_07_02_01_1_2,behaviour_only,happiness,high,"{""emotion"": ""happiness"", ""intensity"": ""high""}"
EN_07_02_01_2_2,behaviour_only,disgust,low,"{""emotion"": ""disgust"", ""intensity"": ""moderate""}"
EN_07_02_02_1_2,behaviour_only,neutral,none,"{""emotion"": ""neutral"", ""intensity"": ""none""}"
EN_07_02_02_2_2,behaviour_only,disgust,high,"{""emotion"": ""disgust"", ""intensity"": ""high""}"
EN_07_02_03_1_2,behaviour_only,sadness,high,"{""emotion"": ""sadness"", ""intensity"": ""high""}"
EN_07_02_03_2_2,behaviour_only,happiness,low,"{""emotion"": ""happiness"", ""intensity"": ""moderate""}"
EN_07_02_04_1_2,behaviour_only,sadness,high,"{""emotion"": ""sadness"", ""intensity"": ""high""}"
EN_07_02_04_2_2,behaviour_only,happiness,low,"{""emotion"": ""happiness"", ""intensity"": ""low""}"
EN_07_02_05_1_2,behaviour_only,happiness,low,"{""emotion"": ""happiness"", ""intensity"": ""low""}"
EN_07_02_05_2_2,behaviour_only,disgust,low,"{""emotion"": ""disgust"", ""intensity"": ""moderate""}"
EN_07_02_06_1_2,behaviour_only,happiness,high,"{""emotion"": ""happiness"", ""intensity"": ""high""}"
EN_07_02_06_2_2,behaviour_only,sadness,high,"{""emotion"": ""sadness"", ""intensity"": ""high""}"
EN_07_02_07_1_2,behaviour_only,neutral,none,"{""emotion"": ""neutral"", ""intensity"": ""none""}"
EN_07_02_07_2_2,behaviour_only,disgust,low,"{""emotion"": ""disgust"", ""intensity"": ""low""}"
EN_07_02_08_1_2,behaviour_only,neutral,none,"{""emotion"": ""neutral"", ""intensity"": ""none""}"
EN_07_02_08_2_2,behaviour_only,disgust,low,"{""emotion"": ""disgust"", ""intensity"": ""low""}"
EN_07_02_09_1_2,behaviour_only,disgust,high,"{""emotion"": ""disgust"", ""intensity"": ""high""}"
EN_07_02_09_2_2,behaviour_only,surprise,high,"{""emotion"": ""surprise"", ""intensity"": ""high""}"
EN_07_02_10_1_2,behaviour_only,happiness,low,"{""emotion"": ""happiness"", ""intensity"": ""low""}"
EN_07_02_10_2_2,behaviour_only,sadness,high,"{""emotion"": ""sadness"", ""intensity"": ""high""}"
EN_07_03_01_1_2,behaviour_only,happiness,high,"{""emotion"": ""happiness"", ""intensity"": ""high""}"
EN_07_03_01_2_2,behaviour_only,sadness,high,"{""emotion"": ""sadness"", ""intensity"": ""high""}"
EN_07_03_02_1_2,behaviour_only,sadness,high,"{""emotion"": ""sadness"", ""intensity"": ""high""}"
EN_07_03_02_2_2,behaviour_only,disgust,high,"{""emotion"": ""disgust"", ""intensity"": ""high""}"
EN_07_03_03_1_2,behaviour_only,sadness,high,"{""emotion"": ""sadness"", ""intensity"": ""high""}"
EN_07_03_03_2_2,behaviour_only,anger,high,"{""emotion"": ""anger"", ""intensity"": ""high""}"
EN_07_03_04_1_2,behaviour_only,confidence,high,"{""emotion"": ""confidence"", ""intensity"": ""high""}"
EN_07_03_04_2_2,behaviour_only,disgust,high,"{""emotion"": ""disgust"", ""intensity"": ""high""}"
EN_07_03_05_1_2,behaviour_only,happiness,high,"{""emotion"": ""happiness"", ""intensity"": ""high""}"
EN_07_03_05_2_2,behaviour_only,confidence,high,"{""emotion"": ""confidence"", ""intensity"": ""high""}"
EN_07_03_06_1_2,behaviour_only,sadness,high,"{""emotion"": ""sadness"", ""intensity"": ""high""}"
EN_07_03_06_2_2,behaviour_only,disgust,high,"{""emotion"": ""disgust"", ""intensity"": ""high""}"
EN_07_03_07_1_2,behaviour_only,sadness,high,"{""emotion"": ""sadness"", ""intensity"": ""high""}"
EN_07_03_07_2_2,behaviour_only,sadness,high,"{""emotion"": ""sadness"", ""intensity"": ""high""}"
EN_07_03_08_1_2,behaviour_only,sadness,high,"{""emotion"": ""sadness"", ""intensity"": ""high""}"
EN_07_03_08_2_2,behaviour_only,sadness,high,"{""emotion"": ""sadness"", ""intensity"": ""high""}"
EN_07_03_09_1_2,behaviour_only,sadness,high,"{""emotion"": ""sadness"", ""intensity"": ""high""}"
EN_07_03_09_2_2,behaviour_only,anger,high,"{""emotion"": ""anger"", ""intensity"": ""high""}"
EN_07_03_10_1_2,behaviour_only,sadness,high,"{""emotion"": ""sadness"", ""intensity"": ""high""}"
EN_07_03_10_2_2,behaviour_only,sadness,low,"{""emotion"": ""sadness"", ""intensity"": ""moderate""}"
EN_07_04_01_1_2,behaviour_only,sadness,high,"{""emotion"": ""sadness"", ""intensity"": ""high""}"
EN_07_04_01_2_2,behaviour_only,sadness,high,"{""emotion"": ""sadness"", ""intensity"": ""high""}"
EN_07_04_02_1_2,behaviour_only,neutral,none,"{""emotion"": ""neutral"", ""intensity"": ""none""}"
EN_07_04_02_2_2,behaviour_only,sadness,high,"{""emotion"": ""sadness"", ""intensity"": ""high""}"
EN_07_04_03_1_2,behaviour_only,surprise,low,"{""emotion"": ""surprise"", ""intensity"": ""low""}"
EN_07_04_03_2_2,behaviour_only,sadness,high,"{""emotion"": ""sadness"", ""intensity"": ""high""}"
EN_07_04_04_1_2,behaviour_only,surprise,high,"{""emotion"": ""surprise"", ""intensity"": ""high""}"
EN_07_04_04_2_2,behaviour_only,happiness,low,"{""emotion"": ""happiness"", ""intensity"": ""low""}"
EN_07_04_05_1_2,behaviour_only,sadness,high,"{""emotion"": ""sadness"", ""intensity"": ""high""}"
EN_07_04_05_2_2,behaviour_only,sadness,high,"{""emotion"": ""sadness"", ""intensity"": ""high""}"
EN_07_04_06_1_2,behaviour_only,confidence,high,"{""emotion"": ""confidence"", ""intensity"": ""high""}"
EN_07_04_06_2_2,behaviour_only,sadness,high,"{""emotion"": ""sadness"", ""intensity"": ""high""}"
EN_07_04_07_1_2,behaviour_only,surprise,low,"{""emotion"": ""surprise"", ""intensity"": ""low""}"
EN_07_04_07_2_2,behaviour_only,happiness,low,"{""emotion"": ""happiness"", ""intensity"": ""low""}"
EN_07_04_08_1_2,behaviour_only,sadness,low,"{""emotion"": ""sadness"", ""intensity"": ""low""}"
EN_07_04_08_2_2,behaviour_only,confidence,high,"{""emotion"": ""confidence"", ""intensity"": ""high""}"
EN_07_04_09_1_2,behaviour_only,neutral,none,"{""emotion"": ""neutral"", ""intensity"": ""none""}"
EN_07_04_09_2_2,behaviour_only,confidence,high,"{""emotion"": ""confidence"", ""intensity"": ""high""}"
EN_07_04_10_1_2,behaviour_only,happiness,low,"{""emotion"": ""happiness"", ""intensity"": ""low""}"
EN_07_04_10_2_2,behaviour_only,confidence,high,"{""emotion"": ""confidence"", ""intensity"": ""high""}"
EN_07_05_01_1_2,behaviour_only,sadness,high,"{""emotion"": ""sadness"", ""intensity"": ""high""}"
EN_07_05_01_2_2,behaviour_only,confidence,high,"{""emotion"": ""confidence"", ""intensity"": ""high""}"
EN_07_05_02_1_2,behaviour_only,neutral,none,"{""emotion"": ""neutral"", ""intensity"": ""none""}"
EN_07_05_02_2_2,behaviour_only,disgust,high,"{""emotion"": ""disgust"", ""intensity"": ""high""}"
EN_07_05_03_1_2,behaviour_only,contempt,high,"{""emotion"": ""contempt"", ""intensity"": ""high""}"
EN_07_05_03_2_2,behaviour_only,contempt,low,"{""emotion"": ""contempt"", ""intensity"": ""low""}"
EN_07_05_04_1_2,behaviour_only,neutral,none,"{""emotion"": ""neutral"", ""intensity"": ""none""}"
EN_07_05_04_2_2,behaviour_only,anger,high,"{""emotion"": ""anger"", ""intensity"": ""high""}"
EN_07_05_05_1_2,behaviour_only,confidence,high,"{""emotion"": ""confidence"", ""intensity"": ""high""}"
EN_07_05_05_2_2,behaviour_only,sadness,low,"{""emotion"": ""sadness"", ""intensity"": ""moderate""}"
EN_07_05_06_1_2,behaviour_only,sadness,high,"{""emotion"": ""sadness"", ""intensity"": ""high""}"
EN_07_05_06_2_2,behaviour_only,sadness,low,"{""emotion"": ""sadness"", ""intensity"": ""low""}"
EN_07_05_07_1_2,behaviour_only,neutral,none,"{""emotion"": ""neutral"", ""intensity"": ""none""}"
EN_07_05_07_2_2,behaviour_only,anger,high,"{""emotion"": ""anger"", ""intensity"": ""high""}"
EN_07_05_08_1_2,behaviour_only,sadness,low,"{""emotion"": ""sadness"", ""intensity"": ""low""}"
EN_07_05_08_2_2,behaviour_only,sadness,high,"{""emotion"": ""sadness"", ""intensity"": ""high""}"
EN_07_05_09_1_2,behaviour_only,neutral,none,"{""emotion"": ""neutral"", ""intensity"": ""none""}"
EN_07_05_09_2_2,behaviour_only,contempt,high,"{""emotion"": ""contempt"", ""intensity"": ""high""}"
EN_07_05_10_1_2,behaviour_only,disgust,high,"{""emotion"": ""disgust"", ""intensity"": ""high""}"
EN_07_05_10_2_2,behaviour_only,sadness,high,"{""emotion"": ""sadness"", ""intensity"": ""high""}"
EN_07_06_01_1_2,behaviour_only,neutral,none,"{""emotion"": ""neutral"", ""intensity"": ""none""}"
EN_07_06_01_2_2,behaviour_only,confidence,high,"{""emotion"": ""confidence"", ""intensity"": ""high""}"
EN_07_06_02_1_2,behaviour_only,neutral,none,"{""emotion"": ""neutral"", ""intensity"": ""none""}"
EN_07_06_02_2_2,behaviour_only,sadness,high,"{""emotion"": ""sadness"", ""intensity"": ""high""}"
EN_07_06_03_1_2,behaviour_only,neutral,none,"{""emotion"": ""neutral"", ""intensity"": ""none""}"
EN_07_06_03_2_2,behaviour_only,happiness,low,"{""emotion"": ""happiness"", ""intensity"": ""low""}"
EN_07_06_04_1_2,behaviour_only,neutral,none,"{""emotion"": ""neutral"", ""intensity"": ""none""}"
EN_07_06_04_2_2,behaviour_only,confidence,high,"{""emotion"": ""confidence"", ""intensity"": ""high""}"
EN_07_06_05_1_2,behaviour_only,neutral,none,"{""emotion"": ""neutral"", ""intensity"": ""none""}"
EN_07_06_05_2_2,behaviour_only,confidence,low,"{""emotion"": ""confidence"", ""intensity"": ""low""}"
EN_07_06_06_1_2,behaviour_only,confidence,low,"{""emotion"": ""confidence"", ""intensity"": ""low""}"
EN_07_06_06_2_2,behaviour_only,confidence,low,"{""emotion"": ""confidence"", ""intensity"": ""low""}"
EN_07_06_07_1_2,behaviour_only,sadness,low,"{""emotion"": ""sadness"", ""intensity"": ""low""}"
EN_07_06_07_2_2,behaviour_only,neutral,none,"{""emotion"": ""neutral"", ""intensity"": ""none""}"
EN_07_06_08_1_2,behaviour_only,neutral,none,"{""emotion"": ""neutral"", ""intensity"": ""none""}"
EN_07_06_08_2_2,behaviour_only,neutral,none,"{""emotion"": ""neutral"", ""intensity"": ""none""}"
EN_07_06_09_1_2,behaviour_only,neutral,none,"{""emotion"": ""neutral"", ""intensity"": ""none""}"
EN_07_06_09_2_2,behaviour_only,confidence,low,"{""emotion"": ""confidence"", ""intensity"": ""low""}"
EN_07_06_10_1_2,behaviour_only,neutral,none,"{""emotion"": ""neutral"", ""intensity"": ""none""}"
EN_07_06_10_2_2,behaviour_only,confidence,high,"{""emotion"": ""confidence"", ""intensity"": ""high""}"
EN_07_07_01_1_2,behaviour_only,happiness,high,"{""emotion"": ""happiness"", ""intensity"": ""high""}"
EN_07_07_01_2_2,behaviour_only,happiness,high,"{""emotion"": ""happiness"", ""intensity"": ""high""}"
EN_07_07_02_1_2,behaviour_only,happiness,low,"{""emotion"": ""happiness"", ""intensity"": ""low""}"
EN_07_07_02_2_2,behaviour_only,happiness,low,"{""emotion"": ""happiness"", ""intensity"": ""low""}"
EN_07_07_03_1_2,behaviour_only,happiness,low,"{""emotion"": ""happiness"", ""intensity"": ""low""}"
EN_07_07_03_2_2,behaviour_only,neutral,none,"{""emotion"": ""neutral"", ""intensity"": ""none""}"
EN_07_07_04_1_2,behaviour_only,happiness,low,"{""emotion"": ""happiness"", ""intensity"": ""moderate""}"
EN_07_07_04_2_2,behaviour_only,neutral,none,"{""emotion"": ""neutral"", ""intensity"": ""none""}"
EN_07_07_05_1_2,behaviour_only,confidence,high,"{""emotion"": ""confidence"", ""intensity"": ""high""}"
EN_07_07_05_2_2,behaviour_only,sadness,low,"{""emotion"": ""sadness"", ""intensity"": ""low""}"
EN_07_07_06_1_2,behaviour_only,neutral,none,"{""emotion"": ""neutral"", ""intensity"": ""none""}"
EN_07_07_06_2_2,behaviour_only,neutral,none,"{""emotion"": ""neutral"", ""intensity"": ""none""}"
EN_07_07_07_1_2,behaviour_only,neutral,none,"{""emotion"": ""neutral"", ""intensity"": ""none""}"
EN_07_07_07_2_2,behaviour_only,happiness,low,"{""emotion"": ""happiness"", ""intensity"": ""low""}"
EN_07_07_08_1_2,behaviour_only,neutral,none,"{""emotion"": ""neutral"", ""intensity"": ""none""}"
EN_07_07_08_2_2,behaviour_only,neutral,none,"{""emotion"": ""neutral"", ""intensity"": ""none""}"
EN_07_07_09_1_2,behaviour_only,happiness,high,"{""emotion"": ""happiness"", ""intensity"": ""high""}"
EN_07_07_09_2_2,behaviour_only,happiness,low,"{""emotion"": ""happiness"", ""intensity"": ""low""}"
EN_07_07_10_1_2,behaviour_only,neutral,none,"{""emotion"": ""neutral"", ""intensity"": ""none""}"
EN_07_07_10_2_2,behaviour_only,happiness,low,"{""emotion"": ""happiness"", ""intensity"": ""low""}"
EN_07_08_01_1_2,behaviour_only,sadness,high,"{""emotion"": ""sadness"", ""intensity"": ""high""}"
EN_07_08_01_2_2,behaviour_only,anger,high,"{""emotion"": ""anger"", ""intensity"": ""high""}"
EN_07_08_02_1_2,behaviour_only,sadness,high,"{""emotion"": ""sadness"", ""intensity"": ""high""}"
EN_07_08_02_2_2,behaviour_only,anger,high,"{""emotion"": ""anger"", ""intensity"": ""high""}"
EN_07_08_03_1_2,behaviour_only,disgust,low,"{""emotion"": ""disgust"", ""intensity"": ""low""}"
EN_07_08_03_2_2,behaviour_only,sadness,high,"{""emotion"": ""sadness"", ""intensity"": ""high""}"
EN_07_08_04_1_2,behaviour_only,sadness,high,"{""emotion"": ""sadness"", ""intensity"": ""high""}"
EN_07_08_04_2_2,behaviour_only,confidence,high,"{""emotion"": ""confidence"", ""intensity"": ""high""}"
EN_07_08_05_1_2,behaviour_only,anger,high,"{""emotion"": ""anger"", ""intensity"": ""high""}"
EN_07_08_05_2_2,behaviour_only,anger,high,"{""emotion"": ""anger"", ""intensity"": ""high""}"
EN_07_08_06_1_2,behaviour_only,sadness,low,"{""emotion"": ""sadness"", ""intensity"": ""low""}"
EN_07_08_06_2_2,behaviour_only,happiness,low,"{""emotion"": ""happiness"", ""intensity"": ""low""}"
EN_07_08_07_1_2,behaviour_only,sadness,low,"{""emotion"": ""sadness"", ""intensity"": ""low""}"
EN_07_08_07_2_2,behaviour_only,disgust,high,"{""emotion"": ""disgust"", ""intensity"": ""high""}"
EN_07_08_08_1_2,behaviour_only,sadness,high,"{""emotion"": ""sadness"", ""intensity"": ""high""}"
EN_07_08_08_2_2,behaviour_only,anger,high,"{""emotion"": ""anger"", ""intensity"": ""high""}"
EN_07_08_09_1_2,behaviour_only,sadness,high,"{""emotion"": ""sadness"", ""intensity"": ""high""}"
EN_07_08_09_2_2,behaviour_only,sadness,high,"{""emotion"": ""sadness"", ""intensity"": ""high""}"
EN_07_08_10_1_2,behaviour_only,happiness,low,"{""emotion"": ""happiness"", ""intensity"": ""moderate""}"
EN_07_08_10_2_2,behaviour_only,sadness,high,"{""emotion"": ""sadness"", ""intensity"": ""high""}"
EN_07_09_01_1_2,behaviour_only,happiness,low,"{""emotion"": ""happiness"", ""intensity"": ""low""}"
EN_07_09_01_2_2,behaviour_only,sadness,low,"{""emotion"": ""sadness"", ""intensity"": ""moderate""}"
EN_07_09_02_1_2,behaviour_only,neutral,none,"{""emotion"": ""neutral"", ""intensity"": ""none""}"
EN_07_09_02_2_2,behaviour_only,confidence,high,"{""emotion"": ""confidence"", ""intensity"": ""high""}"
EN_07_09_03_1_2,behaviour_only,neutral,none,"{""emotion"": ""neutral"", ""intensity"": ""none""}"
EN_07_09_03_2_2,behaviour_only,happiness,high,"{""emotion"": ""happiness"", ""intensity"": ""high""}"
EN_07_09_04_1_2,behaviour_only,sadness,low,"{""emotion"": ""sadness"", ""intensity"": ""low""}"
EN_07_09_04_2_2,behaviour_only,happiness,high,"{""emotion"": ""happiness"", ""intensity"": ""high""}"
EN_07_09_05_1_2,behaviour_only,happiness,low,"{""emotion"": ""happiness"", ""intensity"": ""low""}"
EN_07_09_05_2_2,behaviour_only,disgust,low,"{""emotion"": ""disgust"", ""intensity"": ""low""}"
EN_07_09_06_1_2,behaviour_only,happiness,high,"{""emotion"": ""happiness"", ""intensity"": ""high""}"
EN_07_09_06_2_2,behaviour_only,sadness,high,"{""emotion"": ""sadness"", ""intensity"": ""high""}"
EN_07_09_07_1_2,behaviour_only,sadness,high,"{""emotion"": ""sadness"", ""intensity"": ""high""}"
EN_07_09_07_2_2,behaviour_only,happiness,low,"{""emotion"": ""happiness"", ""intensity"": ""low""}"
EN_07_09_08_1_2,behaviour_only,happiness,low,"{""emotion"": ""happiness"", ""intensity"": ""low""}"
EN_07_09_08_2_2,behaviour_only,happiness,high,"{""emotion"": ""happiness"", ""intensity"": ""high""}"
EN_07_09_09_1_2,behaviour_only,happiness,low,"{""emotion"": ""happiness"", ""intensity"": ""low""}"
EN_07_09_09_2_2,behaviour_only,neutral,none,"{""emotion"": ""neutral"", ""intensity"": ""none""}"
EN_07_09_10_1_2,behaviour_only,happiness,high,"{""emotion"": ""happiness"", ""intensity"": ""high""}"
EN_07_09_10_2_2,behaviour_only,sadness,high,"{""emotion"": ""sadness"", ""intensity"": ""high""}"
EN_07_10_01_1_2,behaviour_only,neutral,none,"{""emotion"": ""neutral"", ""intensity"": ""none""}"
EN_07_10_01_2_2,behaviour_only,happiness,low,"{""emotion"": ""happiness"", ""intensity"": ""low""}"
EN_07_10_02_1_2,behaviour_only,confidence,high,"{""emotion"": ""confidence"", ""intensity"": ""high""}"
EN_07_10_02_2_2,behaviour_only,neutral,none,"{""emotion"": ""neutral"", ""intensity"": ""none""}"
EN_07_10_03_1_2,behaviour_only,confidence,high,"{""emotion"": ""confidence"", ""intensity"": ""high""}"
EN_07_10_03_2_2,behaviour_only,happiness,low,"{""emotion"": ""happiness"", ""intensity"": ""low""}"
EN_07_10_04_1_2,behaviour_only,sadness,low,"{""emotion"": ""sadness"", ""intensity"": ""low""}"
EN_07_10_04_2_2,behaviour_only,happiness,low,"{""emotion"": ""happiness"", ""intensity"": ""low""}"
EN_07_10_05_1_2,behaviour_only,happiness,low,"{""emotion"": ""happiness"", ""intensity"": ""low""}"
EN_07_10_05_2_2,behaviour_only,happiness,high,"{""emotion"": ""happiness"", ""intensity"": ""high""}"
EN_07_10_06_1_2,behaviour_only,happiness,low,"{""emotion"": ""happiness"", ""intensity"": ""low""}"
EN_07_10_06_2_2,behaviour_only,happiness,high,"{""emotion"": ""happiness"", ""intensity"": ""high""}"
EN_07_10_07_1_2,behaviour_only,neutral,none,"{""emotion"": ""neutral"", ""intensity"": ""none""}"
EN_07_10_07_2_2,behaviour_only,neutral,none,"{""emotion"": ""neutral"", ""intensity"": ""none""}"
EN_07_10_08_1_2,behaviour_only,neutral,none,"{""emotion"": ""neutral"", ""intensity"": ""none""}"
EN_07_10_08_2_2,behaviour_only,happiness,low,"{""emotion"": ""happiness"", ""intensity"": ""moderate""}"
EN_07_10_09_1_2,behaviour_only,neutral,none,"{""emotion"": ""neutral"", ""intensity"": ""none""}"
EN_07_10_09_2_2,behaviour_only,confidence,low,"{""emotion"": ""confidence"", ""intensity"": ""low""}"
EN_07_10_10_1_2,behaviour_only,happiness,low,"{""emotion"": ""happiness"", ""intensity"": ""low""}"
EN_07_10_10_2_2,behaviour_only,happiness,low,"{""emotion"": ""happiness"", ""intensity"": ""moderate""}"
EN_08_00_01,behaviour_only,sadness,low,"{""emotion"": ""sadness"", ""intensity"": ""low""}"
EN_08_00_02,behaviour_only,confidence,high,"{""emotion"": ""confidence"", ""intensity"": ""high""}"
EN_08_00_03,behaviour_only,confidence,high,"{""emotion"": ""confidence"", ""intensity"": ""high""}"
EN_08_00_04,behaviour_only,confidence,high,"{""emotion"": ""confidence"", ""intensity"": ""high""}"
EN_08_00_05,behaviour_only,neutral,none,"{""emotion"": ""neutral"", ""intensity"": ""none""}"
EN_08_00_06,behaviour_only,happiness,low,"{""emotion"": ""happiness"", ""intensity"": ""low""}"
EN_08_00_07,behaviour_only,neutral,none,"{""emotion"": ""neutral"", ""intensity"": ""none""}"
EN_08_00_08,behaviour_only,sadness,low,"{""emotion"": ""sadness"", ""intensity"": ""moderate""}"
EN_08_00_09,behaviour_only,confidence,high,"{""emotion"": ""confidence"", ""intensity"": ""high""}"
EN_08_00_10,behaviour_only,sadness,low,"{""emotion"": ""sadness"", ""intensity"": ""low""}"
EN_08_01_01_1_2,behaviour_only,neutral,none,"{""emotion"": ""neutral"", ""intensity"": ""none""}"
EN_08_01_01_2_2,behaviour_only,happiness,high,"{""emotion"": ""happiness"", ""intensity"": ""high""}"
EN_08_01_02_1_2,behaviour_only,neutral,none,"{""emotion"": ""neutral"", ""intensity"": ""none""}"
EN_08_01_02_2_2,behaviour_only,anger,high,"{""emotion"": ""anger"", ""intensity"": ""high""}"
EN_08_01_03_1_2,behaviour_only,confidence,high,"{""emotion"": ""confidence"", ""intensity"": ""high""}"
EN_08_01_03_2_2,behaviour_only,confidence,low,"{""emotion"": ""confidence"", ""intensity"": ""moderate""}"
EN_08_01_04_1_2,behaviour_only,happiness,low,"{""emotion"": ""happiness"", ""intensity"": ""low""}"
EN_08_01_04_2_2,behaviour_only,confidence,high,"{""emotion"": ""confidence"", ""intensity"": ""high""}"
EN_08_01_05_1_2,behaviour_only,neutral,none,"{""emotion"": ""neutral"", ""intensity"": ""none""}"
EN_08_01_05_2_2,behaviour_only,anger,high,"{""emotion"": ""anger"", ""intensity"": ""high""}"
EN_08_01_06_1_2,behaviour_only,confidence,low,"{""emotion"": ""confidence"", ""intensity"": ""low""}"
EN_08_01_06_2_2,behaviour_only,confidence,high,"{""emotion"": ""confidence"", ""intensity"": ""high""}"
EN_08_01_07_1_2,behaviour_only,confidence,low,"{""emotion"": ""confidence"", ""intensity"": ""low""}"
EN_08_01_07_2_2,behaviour_only,anger,high,"{""emotion"": ""anger"", ""intensity"": ""high""}"
EN_08_01_08_1_2,behaviour_only,sadness,low,"{""emotion"": ""sadness"", ""intensity"": ""low""}"
EN_08_01_08_2_2,behaviour_only,confidence,low,"{""emotion"": ""confidence"", ""intensity"": ""moderate""}"
EN_08_01_09_1_2,behaviour_only,sadness,high,"{""emotion"": ""sadness"", ""intensity"": ""high""}"
EN_08_01_09_2_2,behaviour_only,anger,high,"{""emotion"": ""anger"", ""intensity"": ""high""}"
EN_08_01_10_1_2,behaviour_only,neutral,none,"{""emotion"": ""neutral"", ""intensity"": ""none""}"
EN_08_01_10_2_2,behaviour_only,anger,high,"{""emotion"": ""anger"", ""intensity"": ""high""}"
EN_08_02_01_1_2,behaviour_only,neutral,none,"{""emotion"": ""neutral"", ""intensity"": ""none""}"
EN_08_02_01_2_2,behaviour_only,confidence,high,"{""emotion"": ""confidence"", ""intensity"": ""high""}"
EN_08_02_02_1_2,behaviour_only,sadness,high,"{""emotion"": ""sadness"", ""intensity"": ""high""}"
EN_08_02_02_2_2,behaviour_only,neutral,none,"{""emotion"": ""neutral"", ""intensity"": ""none""}"
EN_08_02_03_1_2,behaviour_only,sadness,high,"{""emotion"": ""sadness"", ""intensity"": ""high""}"
EN_08_02_03_2_2,behaviour_only,neutral,none,"{""emotion"": ""neutral"", ""intensity"": ""none""}"
EN_08_02_04_1_2,behaviour_only,neutral,none,"{""emotion"": ""neutral"", ""intensity"": ""none""}"
EN_08_02_04_2_2,behaviour_only,neutral,none,"{""emotion"": ""neutral"", ""intensity"": ""none""}"
EN_08_02_05_1_2,behaviour_only,sadness,low,"{""emotion"": ""sadness"", ""intensity"": ""low""}"
EN_08_02_05_2_2,behaviour_only,sadness,high,"{""emotion"": ""sadness"", ""intensity"": ""high""}"
EN_08_02_06_1_2,behaviour_only,neutral,none,"{""emotion"": ""neutral"", ""intensity"": ""none""}"
EN_08_02_06_2_2,behaviour_only,confidence,high,"{""emotion"": ""confidence"", ""intensity"": ""high""}"
EN_08_02_07_1_2,behaviour_only,sadness,high,"{""emotion"": ""sadness"", ""intensity"": ""high""}"
EN_08_02_07_2_2,behaviour_only,sadness,high,"{""emotion"": ""sadness"", ""intensity"": ""high""}"
EN_08_02_08_1_2,behaviour_only,sadness,high,"{""emotion"": ""sadness"", ""intensity"": ""high""}"
EN_08_02_08_2_2,behaviour_only,sadness,low,"{""emotion"": ""sadness"", ""intensity"": ""low""}"
EN_08_02_09_1_2,behaviour_only,sadness,low,"{""emotion"": ""sadness"", ""intensity"": ""low""}"
EN_08_02_09_2_2,behaviour_only,sadness,high,"{""emotion"": ""sadness"", ""intensity"": ""high""}"
EN_08_02_10_1_2,behaviour_only,sadness,low,"{""emotion"": ""sadness"", ""intensity"": ""moderate""}"
EN_08_02_10_2_2,behaviour_only,confidence,low,"{""emotion"": ""confidence"", ""intensity"": ""low""}"
EN_08_03_01_1_2,behaviour_only,neutral,none,"{""emotion"": ""neutral"", ""intensity"": ""none""}"
EN_08_03_01_2_2,behaviour_only,sadness,low,"{""emotion"": ""sadness"", ""intensity"": ""low""}"
EN_08_03_02_1_2,behaviour_only,sadness,low,"{""emotion"": ""sadness"", ""intensity"": ""low""}"
EN_08_03_02_2_2,behaviour_only,happiness,low,"{""emotion"": ""happiness"", ""intensity"": ""low""}"
EN_08_03_03_1_2,behaviour_only,fear,high,"{""emotion"": ""fear"", ""intensity"": ""high""}"
EN_08_03_03_2_2,behaviour_only,happiness,high,"{""emotion"": ""happiness"", ""intensity"": ""high""}"
EN_08_03_04_1_2,behaviour_only,sadness,high,"{""emotion"": ""sadness"", ""intensity"": ""high""}"
EN_08_03_04_2_2,behaviour_only,happiness,low,"{""emotion"": ""happiness"", ""intensity"": ""low""}"
EN_08_03_05_1_2,behaviour_only,happiness,low,"{""emotion"": ""happiness"", ""intensity"": ""low""}"
EN_08_03_05_2_2,behaviour_only,happiness,low,"{""emotion"": ""happiness"", ""intensity"": ""moderate""}"
EN_08_03_06_1_2,behaviour_only,neutral,none,"{""emotion"": ""neutral"", ""intensity"": ""none""}"
EN_08_03_06_2_2,behaviour_only,happiness,low,"{""emotion"": ""happiness"", ""intensity"": ""low""}"
EN_08_03_07_1_2,behaviour_only,neutral,none,"{""emotion"": ""neutral"", ""intensity"": ""none""}"
EN_08_03_07_2_2,behaviour_only,sadness,low,"{""emotion"": ""sadness"", ""intensity"": ""moderate""}"
EN_08_03_08_1_2,behaviour_only,sadness,low,"{""emotion"": ""sadness"", ""intensity"": ""low""}"
EN_08_03_08_2_2,behaviour_only,confidence,high,"{""emotion"": ""confidence"", ""intensity"": ""high""}"
EN_08_03_09_1_2,behaviour_only,sadness,low,"{""emotion"": ""sadness"", ""intensity"": ""moderate""}"
EN_08_03_09_2_2,behaviour_only,happiness,low,"{""emotion"": ""happiness"", ""intensity"": ""low""}"
EN_08_03_10_1_2,behaviour_only,happiness,low,"{""emotion"": ""happiness"", ""intensity"": ""low""}"
EN_08_03_10_2_2,behaviour_only,happiness,low,"{""emotion"": ""happiness"", ""intensity"": ""low""}"
EN_08_04_01_1_2,behaviour_only,anger,high,"{""emotion"": ""anger"", ""intensity"": ""high""}"
EN_08_04_01_2_2,behaviour_only,anger,high,"{""emotion"": ""anger"", ""intensity"": ""high""}"
EN_08_04_02_1_2,behaviour_only,confidence,high,"{""emotion"": ""confidence"", ""intensity"": ""high""}"
EN_08_04_02_2_2,behaviour_only,sadness,high,"{""emotion"": ""sadness"", ""intensity"": ""high""}"
EN_08_04_03_1_2,behaviour_only,anger,high,"{""emotion"": ""anger"", ""intensity"": ""high""}"
EN_08_04_03_2_2,behaviour_only,anger,high,"{""emotion"": ""anger"", ""intensity"": ""high""}"
EN_08_04_04_1_2,behaviour_only,anger,high,"{""emotion"": ""anger"", ""intensity"": ""high""}"
EN_08_04_04_2_2,behaviour_only,anger,high,"{""emotion"": ""anger"", ""intensity"": ""high""}"
EN_08_04_05_1_2,behaviour_only,anger,high,"{""emotion"": ""anger"", ""intensity"": ""high""}"
EN_08_04_05_2_2,behaviour_only,sadness,high,"{""emotion"": ""sadness"", ""intensity"": ""high""}"
EN_08_04_06_1_2,behaviour_only,anger,high,"{""emotion"": ""anger"", ""intensity"": ""high""}"
EN_08_04_06_2_2,behaviour_only,anger,high,"{""emotion"": ""anger"", ""intensity"": ""high""}"
EN_08_04_07_1_2,behaviour_only,sadness,low,"{""emotion"": ""sadness"", ""intensity"": ""moderate""}"
EN_08_04_07_2_2,behaviour_only,sadness,low,"{""emotion"": ""sadness"", ""intensity"": ""moderate""}"
EN_08_04_08_1_2,behaviour_only,anger,high,"{""emotion"": ""anger"", ""intensity"": ""high""}"
EN_08_04_08_2_2,behaviour_only,sadness,high,"{""emotion"": ""sadness"", ""intensity"": ""high""}"
EN_08_04_09_1_2,behaviour_only,sadness,high,"{""emotion"": ""sadness"", ""intensity"": ""high""}"
EN_08_04_09_2_2,behaviour_only,sadness,low,"{""emotion"": ""sadness"", ""intensity"": ""low""}"
EN_08_04_10_1_2,behaviour_only,confusion,low,"{""emotion"": ""confusion"", ""intensity"": ""low""}"
EN_08_04_10_2_2,behaviour_only,anger,high,"{""emotion"": ""anger"", ""intensity"": ""high""}"
EN_08_05_01_1_2,behaviour_only,sadness,low,"{""emotion"": ""sadness"", ""intensity"": ""low""}"
EN_08_05_01_2_2,behaviour_only,anger,high,"{""emotion"": ""anger"", ""intensity"": ""high""}"
EN_08_05_02_1_2,behaviour_only,sadness,high,"{""emotion"": ""sadness"", ""intensity"": ""high""}"
EN_08_05_02_2_2,behaviour_only,sadness,low,"{""emotion"": ""sadness"", ""intensity"": ""low""}"
EN_08_05_03_1_2,behaviour_only,sadness,high,"{""emotion"": ""sadness"", ""intensity"": ""high""}"
EN_08_05_03_2_2,behaviour_only,anger,high,"{""emotion"": ""anger"", ""intensity"": ""high""}"
EN_08_05_04_1_2,behaviour_only,neutral,none,"{""emotion"": ""neutral"", ""intensity"": ""none""}"
EN_08_05_04_2_2,behaviour_only,anger,high,"{""emotion"": ""anger"", ""intensity"": ""high""}"
EN_08_05_05_1_2,behaviour_only,contempt,high,"{""emotion"": ""contempt"", ""intensity"": ""high""}"
EN_08_05_05_2_2,behaviour_only,sadness,high,"{""emotion"": ""sadness"", ""intensity"": ""high""}"
EN_08_05_06_1_2,behaviour_only,sadness,high,"{""emotion"": ""sadness"", ""intensity"": ""high""}"
EN_08_05_06_2_2,behaviour_only,contempt,high,"{""emotion"": ""contempt"", ""intensity"": ""high""}"
EN_08_05_07_1_2,behaviour_only,sadness,high,"{""emotion"": ""sadness"", ""intensity"": ""high""}"
EN_08_05_07_2_2,behaviour_only,sadness,high,"{""emotion"": ""sadness"", ""intensity"": ""high""}"
EN_08_05_08_1_2,behaviour_only,sadness,high,"{""emotion"": ""sadness"", ""intensity"": ""high""}"
EN_08_05_08_2_2,behaviour_only,confidence,low,"{""emotion"": ""confidence"", ""intensity"": ""low""}"
EN_08_05_09_1_2,behaviour_only,sadness,high,"{""emotion"": ""sadness"", ""intensity"": ""high""}"
EN_08_05_09_2_2,behaviour_only,sadness,high,"{""emotion"": ""sadness"", ""intensity"": ""high""}"
EN_08_05_10_1_2,behaviour_only,anger,high,"{""emotion"": ""anger"", ""intensity"": ""high""}"
EN_08_05_10_2_2,behaviour_only,confidence,low,"{""emotion"": ""confidence"", ""intensity"": ""moderate""}"
EN_08_06_01_1_2,behaviour_only,neutral,none,"{""emotion"": ""neutral"", ""intensity"": ""none""}"
EN_08_06_01_2_2,behaviour_only,surprise,low,"{""emotion"": ""surprise"", ""intensity"": ""low""}"
EN_08_06_02_1_2,behaviour_only,confidence,high,"{""emotion"": ""confidence"", ""intensity"": ""high""}"
EN_08_06_02_2_2,behaviour_only,confidence,high,"{""emotion"": ""confidence"", ""intensity"": ""high""}"
EN_08_06_03_1_2,behaviour_only,confidence,low,"{""emotion"": ""confidence"", ""intensity"": ""low""}"
EN_08_06_03_2_2,behaviour_only,surprise,high,"{""emotion"": ""surprise"", ""intensity"": ""high""}"
EN_08_06_04_1_2,behaviour_only,confidence,high,"{""emotion"": ""confidence"", ""intensity"": ""high""}"
EN_08_06_04_2_2,behaviour_only,confidence,low,"{""emotion"": ""confidence"", ""intensity"": ""low""}"
EN_08_06_05_1_2,behaviour_only,neutral,none,"{""emotion"": ""neutral"", ""intensity"": ""none""}"
EN_08_06_05_2_2,behaviour_only,neutral,none,"{""emotion"": ""neutral"", ""intensity"": ""none""}"
EN_08_06_06_1_2,behaviour_only,neutral,none,"{""emotion"": ""neutral"", ""intensity"": ""none""}"
EN_08_06_06_2_2,behaviour_only,confidence,high,"{""emotion"": ""confidence"", ""intensity"": ""high""}"
EN_08_06_07_1_2,behaviour_only,sadness,low,"{""emotion"": ""sadness"", ""intensity"": ""low""}"
EN_08_06_07_2_2,behaviour_only,sadness,low,"{""emotion"": ""sadness"", ""intensity"": ""moderate""}"
EN_08_06_08_1_2,behaviour_only,neutral,none,"{""emotion"": ""neutral"", ""intensity"": ""none""}"
EN_08_06_08_2_2,behaviour_only,surprise,low,"{""emotion"": ""surprise"", ""intensity"": ""low""}"
EN_08_06_09_1_2,behaviour_only,sadness,high,"{""emotion"": ""sadness"", ""intensity"": ""high""}"
EN_08_06_09_2_2,behaviour_only,neutral,none,"{""emotion"": ""neutral"", ""intensity"": ""none""}"
EN_08_06_10_1_2,behaviour_only,sadness,low,"{""emotion"": ""sadness"", ""intensity"": ""moderate""}"
EN_08_06_10_2_2,behaviour_only,confidence,low,"{""emotion"": ""confidence"", ""intensity"": ""low""}"
EN_08_07_01_1_2,behaviour_only,neutral,none,"{""emotion"": ""neutral"", ""intensity"": ""none""}"
EN_08_07_01_2_2,behaviour_only,neutral,none,"{""emotion"": ""neutral"", ""intensity"": ""none""}"
EN_08_07_02_1_2,behaviour_only,sadness,low,"{""emotion"": ""sadness"", ""intensity"": ""low""}"
EN_08_07_02_2_2,behaviour_only,sadness,high,"{""emotion"": ""sadness"", ""intensity"": ""high""}"
EN_08_07_03_1_2,behaviour_only,confidence,low,"{""emotion"": ""confidence"", ""intensity"": ""low""}"
EN_08_07_03_2_2,behaviour_only,sadness,high,"{""emotion"": ""sadness"", ""intensity"": ""high""}"
EN_08_07_04_1_2,behaviour_only,confidence,high,"{""emotion"": ""confidence"", ""intensity"": ""high""}"
EN_08_07_04_2_2,behaviour_only,surprise,low,"{""emotion"": ""surprise"", ""intensity"": ""low""}"
EN_08_07_05_1_2,behaviour_only,surprise,low,"{""emotion"": ""surprise"", ""intensity"": ""low""}"
EN_08_07_05_2_2,behaviour_only,sadness,low,"{""emotion"": ""sadness"", ""intensity"": ""low""}"
EN_08_07_06_1_2,behaviour_only,confidence,low,"{""emotion"": ""confidence"", ""intensity"": ""low""}"
EN_08_07_06_2_2,behaviour_only,confidence,low,"{""emotion"": ""confidence"", ""intensity"": ""low""}"
EN_08_07_07_1_2,behaviour_only,sadness,low,"{""emotion"": ""sadness"", ""intensity"": ""low""}"
EN_08_07_07_2_2,behaviour_only,sadness,low,"{""emotion"": ""sadness"", ""intensity"": ""low""}"
EN_08_07_08_1_2,behaviour_only,sadness,low,"{""emotion"": ""sadness"", ""intensity"": ""low""}"
EN_08_07_08_2_2,behaviour_only,neutral,none,"{""emotion"": ""neutral"", ""intensity"": ""none""}"
EN_08_07_09_1_2,behaviour_only,sadness,high,"{""emotion"": ""sadness"", ""intensity"": ""high""}"
EN_08_07_09_2_2,behaviour_only,sadness,high,"{""emotion"": ""sadness"", ""intensity"": ""high""}"
EN_08_07_10_1_2,behaviour_only,neutral,none,"{""emotion"": ""neutral"", ""intensity"": ""none""}"
EN_08_07_10_2_2,behaviour_only,neutral,none,"{""emotion"": ""neutral"", ""intensity"": ""none""}"
EN_08_08_01_1_2,behaviour_only,confidence,low,"{""emotion"": ""confidence"", ""intensity"": ""low""}"
EN_08_08_01_2_2,behaviour_only,anger,high,"{""emotion"": ""anger"", ""intensity"": ""high""}"
EN_08_08_02_1_2,behaviour_only,sadness,high,"{""emotion"": ""sadness"", ""intensity"": ""high""}"
EN_08_08_02_2_2,behaviour_only,sadness,high,"{""emotion"": ""sadness"", ""intensity"": ""high""}"
EN_08_08_03_1_2,behaviour_only,sadness,high,"{""emotion"": ""sadness"", ""intensity"": ""high""}"
EN_08_08_03_2_2,behaviour_only,sadness,low,"{""emotion"": ""sadness"", ""intensity"": ""low""}"
EN_08_08_04_1_2,behaviour_only,confidence,low,"{""emotion"": ""confidence"", ""intensity"": ""low""}"
EN_08_08_04_2_2,behaviour_only,confidence,low,"{""emotion"": ""confidence"", ""intensity"": ""low""}"
EN_08_08_05_1_2,behaviour_only,sadness,high,"{""emotion"": ""sadness"", ""intensity"": ""high""}"
EN_08_08_05_2_2,behaviour_only,confidence,high,"{""emotion"": ""confidence"", ""intensity"": ""high""}"
EN_08_08_06_1_2,behaviour_only,sadness,high,"{""emotion"": ""sadness"", ""intensity"": ""high""}"
EN_08_08_06_2_2,behaviour_only,sadness,low,"{""emotion"": ""sadness"", ""intensity"": ""low""}"
EN_08_08_07_1_2,behaviour_only,sadness,high,"{""emotion"": ""sadness"", ""intensity"": ""high""}"
EN_08_08_07_2_2,behaviour_only,sadness,high,"{""emotion"": ""sadness"", ""intensity"": ""high""}"
EN_08_08_08_1_2,behaviour_only,sadness,high,"{""emotion"": ""sadness"", ""intensity"": ""high""}"
EN_08_08_08_2_2,behaviour_only,sadness,high,"{""emotion"": ""sadness"", ""intensity"": ""high""}"
EN_08_08_09_1_2,behaviour_only,sadness,high,"{""emotion"": ""sadness"", ""intensity"": ""high""}"
EN_08_08_09_2_2,behaviour_only,anger,high,"{""emotion"": ""anger"", ""intensity"": ""high""}"
EN_08_08_10_1_2,behaviour_only,confidence,low,"{""emotion"": ""confidence"", ""intensity"": ""low""}"
EN_08_08_10_2_2,behaviour_only,confidence,high,"{""emotion"": ""confidence"", ""intensity"": ""high""}"
EN_08_09_01_1_2,behaviour_only,neutral,none,"{""emotion"": ""neutral"", ""intensity"": ""none""}"
EN_08_09_01_2_2,behaviour_only,sadness,low,"{""emotion"": ""sadness"", ""intensity"": ""low""}"
EN_08_09_02_1_2,behaviour_only,neutral,none,"{""emotion"": ""neutral"", ""intensity"": ""none""}"
EN_08_09_02_2_2,behaviour_only,surprise,high,"{""emotion"": ""surprise"", ""intensity"": ""high""}"
EN_08_09_03_1_2,behaviour_only,confidence,high,"{""emotion"": ""confidence"", ""intensity"": ""high""}"
EN_08_09_03_2_2,behaviour_only,confidence,low,"{""emotion"": ""confidence"", ""intensity"": ""low""}"
EN_08_09_04_1_2,behaviour_only,confidence,high,"{""emotion"": ""confidence"", ""intensity"": ""high""}"
EN_08_09_04_2_2,behaviour_only,confidence,high,"{""emotion"": ""confidence"", ""intensity"": ""high""}"
EN_08_09_05_1_2,behaviour_only,neutral,none,"{""emotion"": ""neutral"", ""intensity"": ""none""}"
EN_08_09_05_2_2,behaviour_only,confidence,low,"{""emotion"": ""confidence"", ""intensity"": ""low""}"
EN_08_09_06_1_2,behaviour_only,sadness,high,"{""emotion"": ""sadness"", ""intensity"": ""high""}"
EN_08_09_06_2_2,behaviour_only,confidence,high,"{""emotion"": ""confidence"", ""intensity"": ""high""}"
EN_08_09_07_1_2,behaviour_only,neutral,none,"{""emotion"": ""neutral"", ""intensity"": ""none""}"
EN_08_09_07_2_2,behaviour_only,sadness,low,"{""emotion"": ""sadness"", ""intensity"": ""low""}"
EN_08_09_08_1_2,behaviour_only,sadness,low,"{""emotion"": ""sadness"", ""intensity"": ""low""}"
EN_08_09_08_2_2,behaviour_only,confidence,high,"{""emotion"": ""confidence"", ""intensity"": ""high""}"
EN_08_09_09_1_2,behaviour_only,sadness,high,"{""emotion"": ""sadness"", ""intensity"": ""high""}"
EN_08_09_09_2_2,behaviour_only,neutral,none,"{""emotion"": ""neutral"", ""intensity"": ""none""}"
EN_08_09_10_1_2,behaviour_only,neutral,none,"{""emotion"": ""neutral"", ""intensity"": ""none""}"
EN_08_09_10_2_2,behaviour_only,confidence,high,"{""emotion"": ""confidence"", ""intensity"": ""high""}"
EN_08_10_01_1_2,behaviour_only,confidence,high,"{""emotion"": ""confidence"", ""intensity"": ""high""}"
EN_08_10_01_2_2,behaviour_only,neutral,none,"{""emotion"": ""neutral"", ""intensity"": ""none""}"
EN_08_10_02_1_2,behaviour_only,sadness,low,"{""emotion"": ""sadness"", ""intensity"": ""low""}"
EN_08_10_02_2_2,behaviour_only,neutral,none,"{""emotion"": ""neutral"", ""intensity"": ""none""}"
EN_08_10_03_1_2,behaviour_only,sadness,high,"{""emotion"": ""sadness"", ""intensity"": ""high""}"
EN_08_10_03_2_2,behaviour_only,confidence,high,"{""emotion"": ""confidence"", ""intensity"": ""high""}"
EN_08_10_04_1_2,behaviour_only,neutral,none,"{""emotion"": ""neutral"", ""intensity"": ""none""}"
EN_08_10_04_2_2,behaviour_only,sadness,low,"{""emotion"": ""sadness"", ""intensity"": ""low""}"
EN_08_10_05_1_2,behaviour_only,sadness,low,"{""emotion"": ""sadness"", ""intensity"": ""low""}"
EN_08_10_05_2_2,behaviour_only,confidence,high,"{""emotion"": ""confidence"", ""intensity"": ""high""}"
EN_08_10_06_1_2,behaviour_only,neutral,none,"{""emotion"": ""neutral"", ""intensity"": ""none""}"
EN_08_10_06_2_2,behaviour_only,sadness,high,"{""emotion"": ""sadness"", ""intensity"": ""high""}"
EN_08_10_07_1_2,behaviour_only,sadness,high,"{""emotion"": ""sadness"", ""intensity"": ""high""}"
EN_08_10_07_2_2,behaviour_only,sadness,low,"{""emotion"": ""sadness"", ""intensity"": ""low""}"
EN_08_10_08_1_2,behaviour_only,neutral,none,"{""emotion"": ""neutral"", ""intensity"": ""none""}"
EN_08_10_08_2_2,behaviour_only,confidence,high,"{""emotion"": ""confidence"", ""intensity"": ""high""}"
EN_08_10_09_1_2,behaviour_only,sadness,high,"{""emotion"": ""sadness"", ""intensity"": ""high""}"
EN_08_10_09_2_2,behaviour_only,neutral,none,"{""emotion"": ""neutral"", ""intensity"": ""none""}"
EN_08_10_10_1_2,behaviour_only,sadness,low,"{""emotion"": ""sadness"", ""intensity"": ""low""}"
EN_08_10_10_2_2,behaviour_only,sadness,low,"{""emotion"": ""sadness"", ""intensity"": ""moderate""}"
EN_09_00_01,behaviour_only,confidence,high,"{""emotion"": ""confidence"", ""intensity"": ""high""}"
EN_09_00_02,behaviour_only,neutral,none,"{""emotion"": ""neutral"", ""intensity"": ""none""}"
EN_09_00_03,behaviour_only,neutral,none,"{""emotion"": ""neutral"", ""intensity"": ""none""}"
EN_09_00_04,behaviour_only,neutral,none,"{""emotion"": ""neutral"", ""intensity"": ""none""}"
EN_09_00_05,behaviour_only,confidence,high,"{""emotion"": ""confidence"", ""intensity"": ""high""}"
EN_09_00_06,behaviour_only,neutral,none,"{""emotion"": ""neutral"", ""intensity"": ""none""}"
EN_09_00_07,behaviour_only,neutral,none,"{""emotion"": ""neutral"", ""intensity"": ""none""}"
EN_09_00_08,behaviour_only,confidence,high,"{""emotion"": ""confidence"", ""intensity"": ""high""}"
EN_09_00_09,behaviour_only,neutral,none,"{""emotion"": ""neutral"", ""intensity"": ""none""}"
EN_09_00_10,behaviour_only,neutral,none,"{""emotion"": ""neutral"", ""intensity"": ""none""}"
EN_09_01_01_1_2,behaviour_only,happiness,low,"{""emotion"": ""happiness"", ""intensity"": ""low""}"
EN_09_01_01_2_2,behaviour_only,sadness,high,"{""emotion"": ""sadness"", ""intensity"": ""high""}"
EN_09_01_02_1_2,behaviour_only,happiness,high,"{""emotion"": ""happiness"", ""intensity"": ""high""}"
EN_09_01_02_2_2,behaviour_only,disgust,high,"{""emotion"": ""disgust"", ""intensity"": ""high""}"
EN_09_01_03_1_2,behaviour_only,confidence,low,"{""emotion"": ""confidence"", ""intensity"": ""low""}"
EN_09_01_03_2_2,behaviour_only,disgust,high,"{""emotion"": ""disgust"", ""intensity"": ""high""}"
EN_09_01_04_1_2,behaviour_only,confidence,low,"{""emotion"": ""confidence"", ""intensity"": ""low""}"
EN_09_01_04_2_2,behaviour_only,happiness,high,"{""emotion"": ""happiness"", ""intensity"": ""high""}"
EN_09_01_05_1_2,behaviour_only,happiness,low,"{""emotion"": ""happiness"", ""intensity"": ""low""}"
EN_09_01_05_2_2,behaviour_only,sadness,high,"{""emotion"": ""sadness"", ""intensity"": ""high""}"
EN_09_01_06_1_2,behaviour_only,happiness,low,"{""emotion"": ""happiness"", ""intensity"": ""low""}"
EN_09_01_06_2_2,behaviour_only,sadness,high,"{""emotion"": ""sadness"", ""intensity"": ""high""}"
EN_09_01_07_1_2,behaviour_only,happiness,low,"{""emotion"": ""happiness"", ""intensity"": ""low""}"
EN_09_01_07_2_2,behaviour_only,confidence,high,"{""emotion"": ""confidence"", ""intensity"": ""high""}"
EN_09_01_08_1_2,behaviour_only,happiness,low,"{""emotion"": ""happiness"", ""intensity"": ""low""}"
EN_09_01_08_2_2,behaviour_only,contempt,high,"{""emotion"": ""contempt"", ""intensity"": ""high""}"
EN_09_01_09_1_2,behaviour_only,happiness,low,"{""emotion"": ""happiness"", ""intensity"": ""low""}"
EN_09_01_09_2_2,behaviour_only,happiness,low,"{""emotion"": ""happiness"", ""intensity"": ""low""}"
EN_09_01_10_1_2,behaviour_only,disgust,high,"{""emotion"": ""disgust"", ""intensity"": ""high""}"
EN_09_01_10_2_2,behaviour_only,happiness,high,"{""emotion"": ""happiness"", ""intensity"": ""high""}"
EN_09_02_01_1_2,behaviour_only,sadness,high,"{""emotion"": ""sadness"", ""intensity"": ""high""}"
EN_09_02_01_2_2,behaviour_only,happiness,low,"{""emotion"": ""happiness"", ""intensity"": ""low""}"
EN_09_02_02_1_2,behaviour_only,confidence,high,"{""emotion"": ""confidence"", ""intensity"": ""high""}"
EN_09_02_02_2_2,behaviour_only,sadness,high,"{""emotion"": ""sadness"", ""intensity"": ""high""}"
EN_09_02_03_1_2,behaviour_only,confidence,low,"{""emotion"": ""confidence"", ""intensity"": ""moderate""}"
EN_09_02_03_2_2,behaviour_only,happiness,high,"{""emotion"": ""happiness"", ""intensity"": ""high""}"
EN_09_02_04_1_2,behaviour_only,happiness,low,"{""emotion"": ""happiness"", ""intensity"": ""moderate""}"
EN_09_02_04_2_2,behaviour_only,happiness,high,"{""emotion"": ""happiness"", ""intensity"": ""high""}"
EN_09_02_05_1_2,behaviour_only,sadness,low,"{""emotion"": ""sadness"", ""intensity"": ""low""}"
EN_09_02_05_2_2,behaviour_only,happiness,high,"{""emotion"": ""happiness"", ""intensity"": ""high""}"
EN_09_02_06_1_2,behaviour_only,sadness,high,"{""emotion"": ""sadness"", ""intensity"": ""high""}"
EN_09_02_06_2_2,behaviour_only,happiness,high,"{""emotion"": ""happiness"", ""intensity"": ""high""}"
EN_09_02_07_1_2,behaviour_only,happiness,low,"{""emotion"": ""happiness"", ""intensity"": ""low""}"
EN_09_02_07_2_2,behaviour_only,anger,high,"{""emotion"": ""anger"", ""intensity"": ""high""}"
EN_09_02_08_1_2,behaviour_only,sadness,high,"{""emotion"": ""sadness"", ""intensity"": ""high""}"
EN_09_02_08_2_2,behaviour_only,happiness,high,"{""emotion"": ""happiness"", ""intensity"": ""high""}"
EN_09_02_09_1_2,behaviour_only,sadness,high,"{""emotion"": ""sadness"", ""intensity"": ""high""}"
EN_09_02_09_2_2,behaviour_only,happiness,high,"{""emotion"": ""happiness"", ""intensity"": ""high""}"
EN_09_02_10_1_2,behaviour_only,sadness,high,"{""emotion"": ""sadness"", ""intensity"": ""high""}"
EN_09_02_10_2_2,behaviour_only,happiness,high,"{""emotion"": ""happiness"", ""intensity"": ""high""}"
EN_09_03_01_1_2,behaviour_only,happiness,low,"{""emotion"": ""happiness"", ""intensity"": ""low""}"
EN_09_03_01_2_2,behaviour_only,confidence,low,"{""emotion"": ""confidence"", ""intensity"": ""moderate""}"
EN_09_03_02_1_2,behaviour_only,happiness,low,"{""emotion"": ""happiness"", ""intensity"": ""low""}"
EN_09_03_02_2_2,behaviour_only,happiness,high,"{""emotion"": ""happiness"", ""intensity"": ""high""}"
EN_09_03_03_1_2,behaviour_only,happiness,high,"{""emotion"": ""happiness"", ""intensity"": ""high""}"
EN_09_03_03_2_2,behaviour_only,happiness,high,"{""emotion"": ""happiness"", ""intensity"": ""high""}"
EN_09_03_04_1_2,behaviour_only,happiness,high,"{""emotion"": ""happiness"", ""intensity"": ""high""}"
EN_09_03_04_2_2,behaviour_only,happiness,high,"{""emotion"": ""happiness"", ""intensity"": ""high""}"
EN_09_03_05_1_2,behaviour_only,disgust,high,"{""emotion"": ""disgust"", ""intensity"": ""high""}"
EN_09_03_05_2_2,behaviour_only,happiness,low,"{""emotion"": ""happiness"", ""intensity"": ""moderate""}"
EN_09_03_06_1_2,behaviour_only,happiness,low,"{""emotion"": ""happiness"", ""intensity"": ""moderate""}"
EN_09_03_06_2_2,behaviour_only,happiness,high,"{""emotion"": ""happiness"", ""intensity"": ""high""}"
EN_09_03_07_1_2,behaviour_only,sadness,low,"{""emotion"": ""sadness"", ""intensity"": ""low""}"
EN_09_03_07_2_2,behaviour_only,happiness,high,"{""emotion"": ""happiness"", ""intensity"": ""high""}"
EN_09_03_08_1_2,behaviour_only,happiness,high,"{""emotion"": ""happiness"", ""intensity"": ""high""}"
EN_09_03_08_2_2,behaviour_only,happiness,low,"{""emotion"": ""happiness"", ""intensity"": ""low""}"
EN_09_03_09_1_2,behaviour_only,happiness,high,"{""emotion"": ""happiness"", ""intensity"": ""high""}"
EN_09_03_09_2_2,behaviour_only,confidence,high,"{""emotion"": ""confidence"", ""intensity"": ""high""}"
EN_09_03_10_1_2,behaviour_only,fear,high,"{""emotion"": ""fear"", ""intensity"": ""high""}"
EN_09_03_10_2_2,behaviour_only,happiness,high,"{""emotion"": ""happiness"", ""intensity"": ""high""}"
EN_09_04_01_1_2,behaviour_only,neutral,none,"{""emotion"": ""neutral"", ""intensity"": ""none""}"
EN_09_04_01_2_2,behaviour_only,anger,high,"{""emotion"": ""anger"", ""intensity"": ""high""}"
EN_09_04_02_1_2,behaviour_only,neutral,none,"{""emotion"": ""neutral"", ""intensity"": ""none""}"
EN_09_04_02_2_2,behaviour_only,happiness,low,"{""emotion"": ""happiness"", ""intensity"": ""low""}"
EN_09_04_03_1_2,behaviour_only,neutral,none,"{""emotion"": ""neutral"", ""intensity"": ""none""}"
EN_09_04_03_2_2,behaviour_only,sadness,low,"{""emotion"": ""sadness"", ""intensity"": ""moderate""}"
EN_09_04_04_1_2,behaviour_only,confidence,low,"{""emotion"": ""confidence"", ""intensity"": ""low""}"
EN_09_04_04_2_2,behaviour_only,happiness,high,"{""emotion"": ""happiness"", ""intensity"": ""high""}"
EN_09_04_05_1_2,behaviour_only,sadness,high,"{""emotion"": ""sadness"", ""intensity"": ""high""}"
EN_09_04_05_2_2,behaviour_only,sadness,high,"{""emotion"": ""sadness"", ""intensity"": ""high""}"
EN_09_04_06_1_2,behaviour_only,neutral,none,"{""emotion"": ""neutral"", ""intensity"": ""none""}"
EN_09_04_06_2_2,behaviour_only,sadness,high,"{""emotion"": ""sadness"", ""intensity"": ""high""}"
EN_09_04_07_1_2,behaviour_only,sadness,high,"{""emotion"": ""sadness"", ""intensity"": ""high""}"
EN_09_04_07_2_2,behaviour_only,disgust,high,"{""emotion"": ""disgust"", ""intensity"": ""high""}"
EN_09_04_08_1_2,behaviour_only,sadness,low,"{""emotion"": ""sadness"", ""intensity"": ""low""}"
EN_09_04_08_2_2,behaviour_only,anger,high,"{""emotion"": ""anger"", ""intensity"": ""high""}"
EN_09_04_09_1_2,behaviour_only,sadness,high,"{""emotion"": ""sadness"", ""intensity"": ""high""}"
EN_09_04_09_2_2,behaviour_only,sadness,low,"{""emotion"": ""sadness"", ""intensity"": ""moderate""}"
EN_09_04_10_1_2,behaviour_only,sadness,high,"{""emotion"": ""sadness"", ""intensity"": ""high""}"
EN_09_04_10_2_2,behaviour_only,anger,high,"{""emotion"": ""anger"", ""intensity"": ""high""}"
EN_09_05_01_1_2,behaviour_only,sadness,high,"{""emotion"": ""sadness"", ""intensity"": ""high""}"
EN_09_05_01_2_2,behaviour_only,happiness,high,"{""emotion"": ""happiness"", ""intensity"": ""high""}"
EN_09_05_02_1_2,behaviour_only,sadness,high,"{""emotion"": ""sadness"", ""intensity"": ""high""}"
EN_09_05_02_2_2,behaviour_only,happiness,high,"{""emotion"": ""happiness"", ""intensity"": ""high""}"
EN_09_05_03_1_2,behaviour_only,sadness,high,"{""emotion"": ""sadness"", ""intensity"": ""high""}"
EN_09_05_03_2_2,behaviour_only,happiness,high,"{""emotion"": ""happiness"", ""intensity"": ""high""}"
EN_09_05_04_1_2,behaviour_only,happiness,high,"{""emotion"": ""happiness"", ""intensity"": ""high""}"
EN_09_05_04_2_2,behaviour_only,happiness,low,"{""emotion"": ""happiness"", ""intensity"": ""low""}"
EN_09_05_05_1_2,behaviour_only,happiness,high,"{""emotion"": ""happiness"", ""intensity"": ""high""}"
EN_09_05_05_2_2,behaviour_only,sadness,high,"{""emotion"": ""sadness"", ""intensity"": ""high""}"
EN_09_05_06_1_2,behaviour_only,sadness,high,"{""emotion"": ""sadness"", ""intensity"": ""high""}"
EN_09_05_06_2_2,behaviour_only,happiness,high,"{""emotion"": ""happiness"", ""intensity"": ""high""}"
EN_09_05_07_1_2,behaviour_only,happiness,low,"{""emotion"": ""happiness"", ""intensity"": ""moderate""}"
EN_09_05_07_2_2,behaviour_only,happiness,low,"{""emotion"": ""happiness"", ""intensity"": ""moderate""}"
EN_09_05_08_1_2,behaviour_only,sadness,low,"{""emotion"": ""sadness"", ""intensity"": ""moderate""}"
EN_09_05_08_2_2,behaviour_only,sadness,high,"{""emotion"": ""sadness"", ""intensity"": ""high""}"
EN_09_05_09_1_2,behaviour_only,happiness,high,"{""emotion"": ""happiness"", ""intensity"": ""high""}"
EN_09_05_09_2_2,behaviour_only,anger,high,"{""emotion"": ""anger"", ""intensity"": ""high""}"
EN_09_05_10_1_2,behaviour_only,sadness,high,"{""emotion"": ""sadness"", ""intensity"": ""high""}"
EN_09_05_10_2_2,behaviour_only,happiness,high,"{""emotion"": ""happiness"", ""intensity"": ""high""}"
EN_09_06_01_1_2,behaviour_only,anger,high,"{""emotion"": ""anger"", ""intensity"": ""high""}"
EN_09_06_01_2_2,behaviour_only,confidence,low,"{""emotion"": ""confidence"", ""intensity"": ""low""}"
EN_09_06_02_1_2,behaviour_only,confidence,high,"{""emotion"": ""confidence"", ""intensity"": ""high""}"
EN_09_06_02_2_2,behaviour_only,surprise,high,"{""emotion"": ""surprise"", ""intensity"": ""high""}"
EN_09_06_03_1_2,behaviour_only,fear,high,"{""emotion"": ""fear"", ""intensity"": ""high""}"
EN_09_06_03_2_2,behaviour_only,happiness,high,"{""emotion"": ""happiness"", ""intensity"": ""high""}"
EN_09_06_04_1_2,behaviour_only,disgust,high,"{""emotion"": ""disgust"", ""intensity"": ""high""}"
EN_09_06_04_2_2,behaviour_only,happiness,high,"{""emotion"": ""happiness"", ""intensity"": ""high""}"
EN_09_06_05_1_2,behaviour_only,sadness,high,"{""emotion"": ""sadness"", ""intensity"": ""high""}"
EN_09_06_05_2_2,behaviour_only,happiness,high,"{""emotion"": ""happiness"", ""intensity"": ""high""}"
EN_09_06_06_1_2,behaviour_only,disgust,high,"{""emotion"": ""disgust"", ""intensity"": ""high""}"
EN_09_06_06_2_2,behaviour_only,happiness,low,"{""emotion"": ""happiness"", ""intensity"": ""moderate""}"
EN_09_06_07_1_2,behaviour_only,happiness,low,"{""emotion"": ""happiness"", ""intensity"": ""low""}"
EN_09_06_07_2_2,behaviour_only,surprise,low,"{""emotion"": ""surprise"", ""intensity"": ""low""}"
EN_09_06_08_1_2,behaviour_only,sadness,high,"{""emotion"": ""sadness"", ""intensity"": ""high""}"
EN_09_06_08_2_2,behaviour_only,happiness,low,"{""emotion"": ""happiness"", ""intensity"": ""moderate""}"
EN_09_06_09_1_2,behaviour_only,disgust,high,"{""emotion"": ""disgust"", ""intensity"": ""high""}"
EN_09_06_09_2_2,behaviour_only,happiness,high,"{""emotion"": ""happiness"", ""intensity"": ""high""}"
EN_09_06_10_1_2,behaviour_only,sadness,high,"{""emotion"": ""sadness"", ""intensity"": ""high""}"
EN_09_06_10_2_2,behaviour_only,surprise,high,"{""emotion"": ""surprise"", ""intensity"": ""high""}"
EN_09_07_01_1_2,behaviour_only,sadness,high,"{""emotion"": ""sadness"", ""intensity"": ""high""}"
EN_09_07_01_2_2,behaviour_only,happiness,low,"{""emotion"": ""happiness"", ""intensity"": ""low""}"
EN_09_07_02_1_2,behaviour_only,happiness,low,"{""emotion"": ""happiness"", ""intensity"": ""low""}"
EN_09_07_02_2_2,behaviour_only,happiness,low,"{""emotion"": ""happiness"", ""intensity"": ""low""}"
EN_09_07_03_1_2,behaviour_only,neutral,none,"{""emotion"": ""neutral"", ""intensity"": ""none""}"
EN_09_07_03_2_2,behaviour_only,happiness,low,"{""emotion"": ""happiness"", ""intensity"": ""moderate""}"
EN_09_07_04_1_2,behaviour_only,neutral,none,"{""emotion"": ""neutral"", ""intensity"": ""none""}"
EN_09_07_04_2_2,behaviour_only,sadness,high,"{""emotion"": ""sadness"", ""intensity"": ""high""}"
EN_09_07_05_1_2,behaviour_only,happiness,low,"{""emotion"": ""happiness"", ""intensity"": ""low""}"
EN_09_07_05_2_2,behaviour_only,confidence,high,"{""emotion"": ""confidence"", ""intensity"": ""high""}"
EN_09_07_06_1_2,behaviour_only,neutral,none,"{""emotion"": ""neutral"", ""intensity"": ""none""}"
EN_09_07_06_2_2,behaviour_only,happiness,low,"{""emotion"": ""happiness"", ""intensity"": ""low""}"
EN_09_07_07_1_2,behaviour_only,sadness,low,"{""emotion"": ""sadness"", ""intensity"": ""low""}"
EN_09_07_07_2_2,behaviour_only,happiness,high,"{""emotion"": ""happiness"", ""intensity"": ""high""}"
EN_09_07_08_1_2,behaviour_only,neutral,none,"{""emotion"": ""neutral"", ""intensity"": ""none""}"
EN_09_07_08_2_2,behaviour_only,confidence,high,"{""emotion"": ""confidence"", ""intensity"": ""high""}"
EN_09_07_09_1_2,behaviour_only,confidence,low,"{""emotion"": ""confidence"", ""intensity"": ""low""}"
EN_09_07_09_2_2,behaviour_only,sadness,high,"{""emotion"": ""sadness"", ""intensity"": ""high""}"
EN_09_07_10_1_2,behaviour_only,neutral,none,"{""emotion"": ""neutral"", ""intensity"": ""none""}"
EN_09_07_10_2_2,behaviour_only,happiness,low,"{""emotion"": ""happiness"", ""intensity"": ""moderate""}"
EN_09_08_01_1_2,behaviour_only,anger,high,"{""emotion"": ""anger"", ""intensity"": ""high""}"
EN_09_08_01_2_2,behaviour_only,sadness,high,"{""emotion"": ""sadness"", ""intensity"": ""high""}"
EN_09_08_02_1_2,behaviour_only,sadness,high,"{""emotion"": ""sadness"", ""intensity"": ""high""}"
EN_09_08_02_2_2,behaviour_only,happiness,high,"{""emotion"": ""happiness"", ""intensity"": ""high""}"
EN_09_08_03_1_2,behaviour_only,sadness,high,"{""emotion"": ""sadness"", ""intensity"": ""high""}"
EN_09_08_03_2_2,behaviour_only,happiness,high,"{""emotion"": ""happiness"", ""intensity"": ""high""}"
EN_09_08_04_1_2,behaviour_only,happiness,high,"{""emotion"": ""happiness"", ""intensity"": ""high""}"
EN_09_08_04_2_2,behaviour_only,surprise,high,"{""emotion"": ""surprise"", ""intensity"": ""high""}"
EN_09_08_05_1_2,behaviour_only,sadness,high,"{""emotion"": ""sadness"", ""intensity"": ""high""}"
EN_09_08_05_2_2,behaviour_only,happiness,high,"{""emotion"": ""happiness"", ""intensity"": ""high""}"
EN_09_08_06_1_2,behaviour_only,sadness,high,"{""emotion"": ""sadness"", ""intensity"": ""high""}"
EN_09_08_06_2_2,behaviour_only,sadness,high,"{""emotion"": ""sadness"", ""intensity"": ""high""}"
EN_09_08_07_1_2,behaviour_only,sadness,low,"{""emotion"": ""sadness"", ""intensity"": ""moderate""}"
EN_09_08_07_2_2,behaviour_only,surprise,high,"{""emotion"": ""surprise"", ""intensity"": ""high""}"
EN_09_08_08_1_2,behaviour_only,sadness,high,"{""emotion"": ""sadness"", ""intensity"": ""high""}"
EN_09_08_08_2_2,behaviour_only,surprise,high,"{""emotion"": ""surprise"", ""intensity"": ""high""}"
EN_09_08_09_1_2,behaviour_only,sadness,high,"{""emotion"": ""sadness"", ""intensity"": ""high""}"
EN_09_08_09_2_2,behaviour_only,sadness,high,"{""emotion"": ""sadness"", ""intensity"": ""high""}"
EN_09_08_10_1_2,behaviour_only,happiness,low,"{""emotion"": ""happiness"", ""intensity"": ""low""}"
EN_09_08_10_2_2,behaviour_only,confidence,high,"{""emotion"": ""confidence"", ""intensity"": ""high""}"
EN_09_09_01_1_2,behaviour_only,sadness,high,"{""emotion"": ""sadness"", ""intensity"": ""high""}"
EN_09_09_01_2_2,behaviour_only,sadness,high,"{""emotion"": ""sadness"", ""intensity"": ""high""}"
EN_09_09_02_1_2,behaviour_only,sadness,high,"{""emotion"": ""sadness"", ""intensity"": ""high""}"
EN_09_09_02_2_2,behaviour_only,sadness,high,"{""emotion"": ""sadness"", ""intensity"": ""high""}"
EN_09_09_03_1_2,behaviour_only,sadness,low,"{""emotion"": ""sadness"", ""intensity"": ""low""}"
EN_09_09_03_2_2,behaviour_only,sadness,high,"{""emotion"": ""sadness"", ""intensity"": ""high""}"
EN_09_09_04_1_2,behaviour_only,anger,high,"{""emotion"": ""anger"", ""intensity"": ""high""}"
EN_09_09_04_2_2,behaviour_only,happiness,high,"{""emotion"": ""happiness"", ""intensity"": ""high""}"
EN_09_09_05_1_2,behaviour_only,confidence,low,"{""emotion"": ""confidence"", ""intensity"": ""moderate""}"
EN_09_09_05_2_2,behaviour_only,happiness,low,"{""emotion"": ""happiness"", ""intensity"": ""low""}"
EN_09_09_06_1_2,behaviour_only,sadness,low,"{""emotion"": ""sadness"", ""intensity"": ""moderate""}"
EN_09_09_06_2_2,behaviour_only,happiness,low,"{""emotion"": ""happiness"", ""intensity"": ""low""}"
EN_09_09_07_1_2,behaviour_only,sadness,low,"{""emotion"": ""sadness"", ""intensity"": ""low""}"
EN_09_09_07_2_2,behaviour_only,sadness,high,"{""emotion"": ""sadness"", ""intensity"": ""high""}"
EN_09_09_08_1_2,behaviour_only,sadness,high,"{""emotion"": ""sadness"", ""intensity"": ""high""}"
EN_09_09_08_2_2,behaviour_only,sadness,high,"{""emotion"": ""sadness"", ""intensity"": ""high""}"
EN_09_09_09_1_2,behaviour_only,sadness,high,"{""emotion"": ""sadness"", ""intensity"": ""high""}"
EN_09_09_09_2_2,behaviour_only,happiness,low,"{""emotion"": ""happiness"", ""intensity"": ""low""}"
EN_09_09_10_1_2,behaviour_only,sadness,low,"{""emotion"": ""sadness"", ""intensity"": ""low""}"
EN_09_09_10_2_2,behaviour_only,anger,high,"{""emotion"": ""anger"", ""intensity"": ""high""}"
EN_09_10_01_1_2,behaviour_only,confidence,low,"{""emotion"": ""confidence"", ""intensity"": ""low""}"
EN_09_10_01_2_2,behaviour_only,happiness,high,"{""emotion"": ""happiness"", ""intensity"": ""high""}"
EN_09_10_02_1_2,behaviour_only,neutral,none,"{""emotion"": ""neutral"", ""intensity"": ""none""}"
EN_09_10_02_2_2,behaviour_only,sadness,high,"{""emotion"": ""sadness"", ""intensity"": ""high""}"
EN_09_10_03_1_2,behaviour_only,neutral,none,"{""emotion"": ""neutral"", ""intensity"": ""none""}"
EN_09_10_03_2_2,behaviour_only,happiness,high,"{""emotion"": ""happiness"", ""intensity"": ""high""}"
EN_09_10_04_1_2,behaviour_only,neutral,none,"{""emotion"": ""neutral"", ""intensity"": ""none""}"
EN_09_10_04_2_2,behaviour_only,confidence,high,"{""emotion"": ""confidence"", ""intensity"": ""high""}"
EN_09_10_05_1_2,behaviour_only,sadness,low,"{""emotion"": ""sadness"", ""intensity"": ""low""}"
EN_09_10_05_2_2,behaviour_only,happiness,low,"{""emotion"": ""happiness"", ""intensity"": ""low""}"
EN_09_10_06_1_2,behaviour_only,neutral,none,"{""emotion"": ""neutral"", ""intensity"": ""none""}"
EN_09_10_06_2_2,behaviour_only,happiness,low,"{""emotion"": ""happiness"", ""intensity"": ""low""}"
EN_09_10_07_1_2,behaviour_only,happiness,low,"{""emotion"": ""happiness"", ""intensity"": ""low""}"
EN_09_10_07_2_2,behaviour_only,sadness,high,"{""emotion"": ""sadness"", ""intensity"": ""high""}"
EN_09_10_08_1_2,behaviour_only,neutral,none,"{""emotion"": ""neutral"", ""intensity"": ""none""}"
EN_09_10_08_2_2,behaviour_only,sadness,high,"{""emotion"": ""sadness"", ""intensity"": ""high""}"
EN_09_10_09_1_2,behaviour_only,confidence,high,"{""emotion"": ""confidence"", ""intensity"": ""high""}"
EN_09_10_09_2_2,behaviour_only,happiness,low,"{""emotion"": ""happiness"", ""intensity"": ""low""}"
EN_09_10_10_1_2,behaviour_only,neutral,none,"{""emotion"": ""neutral"", ""intensity"": ""none""}"
EN_09_10_10_2_2,behaviour_only,sadness,high,"{""emotion"": ""sadness"", ""intensity"": ""high""}"
EN_10_00_01,behaviour_only,confidence,high,"{""emotion"": ""confidence"", ""intensity"": ""high""}"
EN_10_00_02,behaviour_only,surprise,low,"{""emotion"": ""surprise"", ""intensity"": ""low""}"
EN_10_00_03,behaviour_only,neutral,none,"{""emotion"": ""neutral"", ""intensity"": ""none""}"
EN_10_00_04,behaviour_only,surprise,low,"{""emotion"": ""surprise"", ""intensity"": ""low""}"
EN_10_00_05,behaviour_only,neutral,none,"{""emotion"": ""neutral"", ""intensity"": ""none""}"
EN_10_00_06,behaviour_only,disgust,high,"{""emotion"": ""disgust"", ""intensity"": ""high""}"
EN_10_00_07,behaviour_only,neutral,none,"{""emotion"": ""neutral"", ""intensity"": ""none""}"
EN_10_00_08,behaviour_only,surprise,high,"{""emotion"": ""surprise"", ""intensity"": ""high""}"
EN_10_00_09,behaviour_only,neutral,none,"{""emotion"": ""neutral"", ""intensity"": ""none""}"
EN_10_00_10,behaviour_only,surprise,high,"{""emotion"": ""surprise"", ""intensity"": ""high""}"
EN_10_01_01_1_2,behaviour_only,anger,high,"{""emotion"": ""anger"", ""intensity"": ""high""}"
EN_10_01_01_2_2,behaviour_only,anger,high,"{""emotion"": ""anger"", ""intensity"": ""high""}"
EN_10_01_02_1_2,behaviour_only,anger,high,"{""emotion"": ""anger"", ""intensity"": ""high""}"
EN_10_01_02_2_2,behaviour_only,anger,high,"{""emotion"": ""anger"", ""intensity"": ""high""}"
EN_10_01_03_1_2,behaviour_only,fear,low,"{""emotion"": ""fear"", ""intensity"": ""moderate""}"
EN_10_01_03_2_2,behaviour_only,anger,high,"{""emotion"": ""anger"", ""intensity"": ""high""}"
EN_10_01_04_1_2,behaviour_only,anger,high,"{""emotion"": ""anger"", ""intensity"": ""high""}"
EN_10_01_04_2_2,behaviour_only,confidence,high,"{""emotion"": ""confidence"", ""intensity"": ""high""}"
EN_10_01_05_1_2,behaviour_only,anger,high,"{""emotion"": ""anger"", ""intensity"": ""high""}"
EN_10_01_05_2_2,behaviour_only,anger,high,"{""emotion"": ""anger"", ""intensity"": ""high""}"
EN_10_01_06_1_2,behaviour_only,fear,low,"{""emotion"": ""fear"", ""intensity"": ""moderate""}"
EN_10_01_06_2_2,behaviour_only,anger,high,"{""emotion"": ""anger"", ""intensity"": ""high""}"
EN_10_01_07_1_2,behaviour_only,anger,high,"{""emotion"": ""anger"", ""intensity"": ""high""}"
EN_10_01_07_2_2,behaviour_only,surprise,high,"{""emotion"": ""surprise"", ""intensity"": ""high""}"
EN_10_01_08_1_2,behaviour_only,fear,low,"{""emotion"": ""fear"", ""intensity"": ""moderate""}"
EN_10_01_08_2_2,behaviour_only,anger,high,"{""emotion"": ""anger"", ""intensity"": ""high""}"
EN_10_01_09_1_2,behaviour_only,fear,low,"{""emotion"": ""fear"", ""intensity"": ""moderate""}"
EN_10_01_09_2_2,behaviour_only,surprise,high,"{""emotion"": ""surprise"", ""intensity"": ""high""}"
EN_10_01_10_1_2,behaviour_only,anger,high,"{""emotion"": ""anger"", ""intensity"": ""high""}"
EN_10_01_10_2_2,behaviour_only,anger,high,"{""emotion"": ""anger"", ""intensity"": ""high""}"
EN_10_02_01_1_2,behaviour_only,anger,high,"{""emotion"": ""anger"", ""intensity"": ""high""}"
EN_10_02_01_2_2,behaviour_only,anger,high,"{""emotion"": ""anger"", ""intensity"": ""high""}"
EN_10_02_02_1_2,behaviour_only,anger,high,"{""emotion"": ""anger"", ""intensity"": ""high""}"
EN_10_02_02_2_2,behaviour_only,surprise,low,"{""emotion"": ""surprise"", ""intensity"": ""moderate""}"
EN_10_02_03_1_2,behaviour_only,fear,high,"{""emotion"": ""fear"", ""intensity"": ""high""}"
EN_10_02_03_2_2,behaviour_only,surprise,high,"{""emotion"": ""surprise"", ""intensity"": ""high""}"
EN_10_02_04_1_2,behaviour_only,surprise,low,"{""emotion"": ""surprise"", ""intensity"": ""low""}"
EN_10_02_04_2_2,behaviour_only,happiness,low,"{""emotion"": ""happiness"", ""intensity"": ""moderate""}"
EN_10_02_05_1_2,behaviour_only,surprise,high,"{""emotion"": ""surprise"", ""intensity"": ""high""}"
EN_10_02_05_2_2,behaviour_only,disgust,high,"{""emotion"": ""disgust"", ""intensity"": ""high""}"
EN_10_02_06_1_2,behaviour_only,surprise,low,"{""emotion"": ""surprise"", ""intensity"": ""moderate""}"
EN_10_02_06_2_2,behaviour_only,surprise,high,"{""emotion"": ""surprise"", ""intensity"": ""high""}"
EN_10_02_07_1_2,behaviour_only,sadness,high,"{""emotion"": ""sadness"", ""intensity"": ""high""}"
EN_10_02_07_2_2,behaviour_only,surprise,high,"{""emotion"": ""surprise"", ""intensity"": ""high""}"
EN_10_02_08_1_2,behaviour_only,fear,low,"{""emotion"": ""fear"", ""intensity"": ""moderate""}"
EN_10_02_08_2_2,behaviour_only,anger,high,"{""emotion"": ""anger"", ""intensity"": ""high""}"
EN_10_02_09_1_2,behaviour_only,surprise,low,"{""emotion"": ""surprise"", ""intensity"": ""moderate""}"
EN_10_02_09_2_2,behaviour_only,surprise,high,"{""emotion"": ""surprise"", ""intensity"": ""high""}"
EN_10_02_10_1_2,behaviour_only,anger,high,"{""emotion"": ""anger"", ""intensity"": ""high""}"
EN_10_02_10_2_2,behaviour_only,surprise,high,"{""emotion"": ""surprise"", ""intensity"": ""high""}"
EN_10_03_01_1_2,behaviour_only,happiness,high,"{""emotion"": ""happiness"", ""intensity"": ""high""}"
EN_10_03_01_2_2,behaviour_only,surprise,high,"{""emotion"": ""surprise"", ""intensity"": ""high""}"
EN_10_03_02_1_2,behaviour_only,happiness,high,"{""emotion"": ""happiness"", ""intensity"": ""high""}"
EN_10_03_02_2_2,behaviour_only,happiness,high,"{""emotion"": ""happiness"", ""intensity"": ""high""}"
EN_10_03_03_1_2,behaviour_only,happiness,high,"{""emotion"": ""happiness"", ""intensity"": ""high""}"
EN_10_03_03_2_2,behaviour_only,sadness,high,"{""emotion"": ""sadness"", ""intensity"": ""high""}"
EN_10_03_04_1_2,behaviour_only,sadness,high,"{""emotion"": ""sadness"", ""intensity"": ""high""}"
EN_10_03_04_2_2,behaviour_only,happiness,high,"{""emotion"": ""happiness"", ""intensity"": ""high""}"
EN_10_03_05_1_2,behaviour_only,happiness,high,"{""emotion"": ""happiness"", ""intensity"": ""high""}"
EN_10_03_05_2_2,behaviour_only,happiness,high,"{""emotion"": ""happiness"", ""intensity"": ""high""}"
EN_10_03_06_1_2,behaviour_only,happiness,high,"{""emotion"": ""happiness"", ""intensity"": ""high""}"
EN_10_03_06_2_2,behaviour_only,surprise,high,"{""emotion"": ""surprise"", ""intensity"": ""high""}"
EN_10_03_07_1_2,behaviour_only,happiness,high,"{""emotion"": ""happiness"", ""intensity"": ""high""}"
EN_10_03_07_2_2,behaviour_only,happiness,high,"{""emotion"": ""happiness"", ""intensity"": ""high""}"
EN_10_03_08_1_2,behaviour_only,happiness,high,"{""emotion"": ""happiness"", ""intensity"": ""high""}"
EN_10_03_08_2_2,behaviour_only,happiness,high,"{""emotion"": ""happiness"", ""intensity"": ""high""}"
EN_10_03_09_1_2,behaviour_only,happiness,high,"{""emotion"": ""happiness"", ""intensity"": ""high""}"
EN_10_03_09_2_2,behaviour_only,surprise,high,"{""emotion"": ""surprise"", ""intensity"": ""high""}"
EN_10_03_10_1_2,behaviour_only,happiness,high,"{""emotion"": ""happiness"", ""intensity"": ""high""}"
EN_10_03_10_2_2,behaviour_only,disgust,high,"{""emotion"": ""disgust"", ""intensity"": ""high""}"
EN_10_04_01_1_2,behaviour_only,neutral,none,"{""emotion"": ""neutral"", ""intensity"": ""none""}"
EN_10_04_01_2_2,behaviour_only,anger,high,"{""emotion"": ""anger"", ""intensity"": ""high""}"
EN_10_04_02_1_2,behaviour_only,neutral,none,"{""emotion"": ""neutral"", ""intensity"": ""none""}"
EN_10_04_02_2_2,behaviour_only,anger,high,"{""emotion"": ""anger"", ""intensity"": ""high""}"
EN_10_04_03_1_2,behaviour_only,sadness,high,"{""emotion"": ""sadness"", ""intensity"": ""high""}"
EN_10_04_03_2_2,behaviour_only,anger,high,"{""emotion"": ""anger"", ""intensity"": ""high""}"
EN_10_04_04_1_2,behaviour_only,sadness,low,"{""emotion"": ""sadness"", ""intensity"": ""low""}"
EN_10_04_04_2_2,behaviour_only,anger,high,"{""emotion"": ""anger"", ""intensity"": ""high""}"
EN_10_04_05_1_2,behaviour_only,anger,high,"{""emotion"": ""anger"", ""intensity"": ""high""}"
EN_10_04_05_2_2,behaviour_only,anger,high,"{""emotion"": ""anger"", ""intensity"": ""high""}"
EN_10_04_06_1_2,behaviour_only,contempt,low,"{""emotion"": ""contempt"", ""intensity"": ""low""}"
EN_10_04_06_2_2,behaviour_only,disgust,low,"{""emotion"": ""disgust"", ""intensity"": ""moderate""}"
EN_10_04_07_1_2,behaviour_only,fear,low,"{""emotion"": ""fear"", ""intensity"": ""moderate""}"
EN_10_04_07_2_2,behaviour_only,anger,high,"{""emotion"": ""anger"", ""intensity"": ""high""}"
EN_10_04_08_1_2,behaviour_only,neutral,none,"{""emotion"": ""neutral"", ""intensity"": ""none""}"
EN_10_04_08_2_2,behaviour_only,anger,high,"{""emotion"": ""anger"", ""intensity"": ""high""}"
EN_10_04_09_1_2,behaviour_only,fear,low,"{""emotion"": ""fear"", ""intensity"": ""moderate""}"
EN_10_04_09_2_2,behaviour_only,anger,high,"{""emotion"": ""anger"", ""intensity"": ""high""}"
EN_10_04_10_1_2,behaviour_only,neutral,none,"{""emotion"": ""neutral"", ""intensity"": ""none""}"
EN_10_04_10_2_2,behaviour_only,confidence,high,"{""emotion"": ""confidence"", ""intensity"": ""high""}"
EN_10_05_01_1_2,behaviour_only,anger,high,"{""emotion"": ""anger"", ""intensity"": ""high""}"
EN_10_05_01_2_2,behaviour_only,happiness,low,"{""emotion"": ""happiness"", ""intensity"": ""low""}"
EN_10_05_02_1_2,behaviour_only,confidence,high,"{""emotion"": ""confidence"", ""intensity"": ""high""}"
EN_10_05_02_2_2,behaviour_only,sadness,high,"{""emotion"": ""sadness"", ""intensity"": ""high""}"
EN_10_05_03_1_2,behaviour_only,sadness,low,"{""emotion"": ""sadness"", ""intensity"": ""low""}"
EN_10_05_03_2_2,behaviour_only,disgust,low,"{""emotion"": ""disgust"", ""intensity"": ""low""}"
EN_10_05_04_1_2,behaviour_only,neutral,none,"{""emotion"": ""neutral"", ""intensity"": ""none""}"
EN_10_05_04_2_2,behaviour_only,sadness,low,"{""emotion"": ""sadness"", ""intensity"": ""low""}"
EN_10_05_05_1_2,behaviour_only,sadness,high,"{""emotion"": ""sadness"", ""intensity"": ""high""}"
EN_10_05_05_2_2,behaviour_only,fear,high,"{""emotion"": ""fear"", ""intensity"": ""high""}"
EN_10_05_06_1_2,behaviour_only,confidence,high,"{""emotion"": ""confidence"", ""intensity"": ""high""}"
EN_10_05_06_2_2,behaviour_only,disgust,high,"{""emotion"": ""disgust"", ""intensity"": ""high""}"
EN_10_05_07_1_2,behaviour_only,neutral,none,"{""emotion"": ""neutral"", ""intensity"": ""none""}"
EN_10_05_07_2_2,behaviour_only,sadness,high,"{""emotion"": ""sadness"", ""intensity"": ""high""}"
EN_10_05_08_1_2,behaviour_only,neutral,none,"{""emotion"": ""neutral"", ""intensity"": ""none""}"
EN_10_05_08_2_2,behaviour_only,sadness,high,"{""emotion"": ""sadness"", ""intensity"": ""high""}"
EN_10_05_09_1_2,behaviour_only,disgust,high,"{""emotion"": ""disgust"", ""intensity"": ""high""}"
EN_10_05_09_2_2,behaviour_only,sadness,high,"{""emotion"": ""sadness"", ""intensity"": ""high""}"
EN_10_05_10_1_2,behaviour_only,neutral,none,"{""emotion"": ""neutral"", ""intensity"": ""none""}"
EN_10_05_10_2_2,behaviour_only,disgust,high,"{""emotion"": ""disgust"", ""intensity"": ""high""}"
EN_10_06_01_1_2,behaviour_only,anger,high,"{""emotion"": ""anger"", ""intensity"": ""high""}"
EN_10_06_01_2_2,behaviour_only,happiness,high,"{""emotion"": ""happiness"", ""intensity"": ""high""}"
EN_10_06_02_1_2,behaviour_only,happiness,high,"{""emotion"": ""happiness"", ""intensity"": ""high""}"
EN_10_06_02_2_2,behaviour_only,happiness,high,"{""emotion"": ""happiness"", ""intensity"": ""high""}"
EN_10_06_03_1_2,behaviour_only,happiness,high,"{""emotion"": ""happiness"", ""intensity"": ""high""}"
EN_10_06_03_2_2,behaviour_only,happiness,high,"{""emotion"": ""happiness"", ""intensity"": ""high""}"
EN_10_06_04_1_2,behaviour_only,happiness,high,"{""emotion"": ""happiness"", ""intensity"": ""high""}"
EN_10_06_04_2_2,behaviour_only,happiness,high,"{""emotion"": ""happiness"", ""intensity"": ""high""}"
EN_10_06_05_1_2,behaviour_only,happiness,high,"{""emotion"": ""happiness"", ""intensity"": ""high""}"
EN_10_06_05_2_2,behaviour_only,happiness,high,"{""emotion"": ""happiness"", ""intensity"": ""high""}"
EN_10_06_06_1_2,behaviour_only,happiness,low,"{""emotion"": ""happiness"", ""intensity"": ""moderate""}"
EN_10_06_06_2_2,behaviour_only,happiness,high,"{""emotion"": ""happiness"", ""intensity"": ""high""}"
EN_10_06_07_1_2,behaviour_only,disgust,low,"{""emotion"": ""disgust"", ""intensity"": ""low""}"
EN_10_06_07_2_2,behaviour_only,happiness,high,"{""emotion"": ""happiness"", ""intensity"": ""high""}"
EN_10_06_08_1_2,behaviour_only,happiness,low,"{""emotion"": ""happiness"", ""intensity"": ""low""}"
EN_10_06_08_2_2,behaviour_only,surprise,high,"{""emotion"": ""surprise"", ""intensity"": ""high""}"
EN_10_06_09_1_2,behaviour_only,happiness,high,"{""emotion"": ""happiness"", ""intensity"": ""high""}"
EN_10_06_09_2_2,behaviour_only,happiness,high,"{""emotion"": ""happiness"", ""intensity"": ""high""}"
EN_10_06_10_1_2,behaviour_only,happiness,high,"{""emotion"": ""happiness"", ""intensity"": ""high""}"
EN_10_06_10_2_2,behaviour_only,happiness,high,"{""emotion"": ""happiness"", ""intensity"": ""high""}"
EN_10_07_01_1_2,behaviour_only,happiness,low,"{""emotion"": ""happiness"", ""intensity"": ""low""}"
EN_10_07_01_2_2,behaviour_only,happiness,low,"{""emotion"": ""happiness"", ""intensity"": ""moderate""}"
EN_10_07_02_1_2,behaviour_only,surprise,low,"{""emotion"": ""surprise"", ""intensity"": ""moderate""}"
EN_10_07_02_2_2,behaviour_only,happiness,high,"{""emotion"": ""happiness"", ""intensity"": ""high""}"
EN_10_07_03_1_2,behaviour_only,happiness,high,"{""emotion"": ""happiness"", ""intensity"": ""high""}"
EN_10_07_03_2_2,behaviour_only,happiness,low,"{""emotion"": ""happiness"", ""intensity"": ""moderate""}"
EN_10_07_04_1_2,behaviour_only,happiness,high,"{""emotion"": ""happiness"", ""intensity"": ""high""}"
EN_10_07_04_2_2,behaviour_only,happiness,low,"{""emotion"": ""happiness"", ""intensity"": ""moderate""}"
EN_10_07_05_1_2,behaviour_only,surprise,low,"{""emotion"": ""surprise"", ""intensity"": ""low""}"
EN_10_07_05_2_2,behaviour_only,surprise,high,"{""emotion"": ""surprise"", ""intensity"": ""high""}"
EN_10_07_06_1_2,behaviour_only,happiness,low,"{""emotion"": ""happiness"", ""intensity"": ""low""}"
EN_10_07_06_2_2,behaviour_only,confidence,high,"{""emotion"": ""confidence"", ""intensity"": ""high""}"
EN_10_07_07_1_2,behaviour_only,surprise,high,"{""emotion"": ""surprise"", ""intensity"": ""high""}"
EN_10_07_07_2_2,behaviour_only,confidence,low,"{""emotion"": ""confidence"", ""intensity"": ""low""}"
EN_10_07_08_1_2,behaviour_only,disgust,high,"{""emotion"": ""disgust"", ""intensity"": ""high""}"
EN_10_07_08_2_2,behaviour_only,surprise,high,"{""emotion"": ""surprise"", ""intensity"": ""high""}"
EN_10_07_09_1_2,behaviour_only,sadness,high,"{""emotion"": ""sadness"", ""intensity"": ""high""}"
EN_10_07_09_2_2,behaviour_only,sadness,high,"{""emotion"": ""sadness"", ""intensity"": ""high""}"
EN_10_07_10_1_2,behaviour_only,neutral,none,"{""emotion"": ""neutral"", ""intensity"": ""none""}"
EN_10_07_10_2_2,behaviour_only,surprise,high,"{""emotion"": ""surprise"", ""intensity"": ""high""}"
EN_10_08_01_1_2,behaviour_only,anger,high,"{""emotion"": ""anger"", ""intensity"": ""high""}"
EN_10_08_01_2_2,behaviour_only,anger,high,"{""emotion"": ""anger"", ""intensity"": ""high""}"
EN_10_08_02_1_2,behaviour_only,surprise,high,"{""emotion"": ""surprise"", ""intensity"": ""high""}"
EN_10_08_02_2_2,behaviour_only,disgust,high,"{""emotion"": ""disgust"", ""intensity"": ""high""}"
EN_10_08_03_1_2,behaviour_only,fear,high,"{""emotion"": ""fear"", ""intensity"": ""high""}"
EN_10_08_03_2_2,behaviour_only,fear,high,"{""emotion"": ""fear"", ""intensity"": ""high""}"
EN_10_08_04_1_2,behaviour_only,surprise,low,"{""emotion"": ""surprise"", ""intensity"": ""low""}"
EN_10_08_04_2_2,behaviour_only,disgust,high,"{""emotion"": ""disgust"", ""intensity"": ""high""}"
EN_10_08_05_1_2,behaviour_only,disgust,high,"{""emotion"": ""disgust"", ""intensity"": ""high""}"
EN_10_08_05_2_2,behaviour_only,surprise,high,"{""emotion"": ""surprise"", ""intensity"": ""high""}"
EN_10_08_06_1_2,behaviour_only,fear,high,"{""emotion"": ""fear"", ""intensity"": ""high""}"
EN_10_08_06_2_2,behaviour_only,disgust,high,"{""emotion"": ""disgust"", ""intensity"": ""high""}"
EN_10_08_07_1_2,behaviour_only,confidence,high,"{""emotion"": ""confidence"", ""intensity"": ""high""}"
EN_10_08_07_2_2,behaviour_only,sadness,high,"{""emotion"": ""sadness"", ""intensity"": ""high""}"
EN_10_08_08_1_2,behaviour_only,confidence,high,"{""emotion"": ""confidence"", ""intensity"": ""high""}"
EN_10_08_08_2_2,behaviour_only,disgust,high,"{""emotion"": ""disgust"", ""intensity"": ""high""}"
EN_10_08_09_1_2,behaviour_only,fear,high,"{""emotion"": ""fear"", ""intensity"": ""high""}"
EN_10_08_09_2_2,behaviour_only,happiness,high,"{""emotion"": ""happiness"", ""intensity"": ""high""}"
EN_10_08_10_1_2,behaviour_only,happiness,high,"{""emotion"": ""happiness"", ""intensity"": ""high""}"
EN_10_08_10_2_2,behaviour_only,sadness,high,"{""emotion"": ""sadness"", ""intensity"": ""high""}"
EN_10_09_01_1_2,behaviour_only,sadness,high,"{""emotion"": ""sadness"", ""intensity"": ""high""}"
EN_10_09_01_2_2,behaviour_only,surprise,high,"{""emotion"": ""surprise"", ""intensity"": ""high""}"
EN_10_09_02_1_2,behaviour_only,disgust,high,"{""emotion"": ""disgust"", ""intensity"": ""high""}"
EN_10_09_02_2_2,behaviour_only,anger,high,"{""emotion"": ""anger"", ""intensity"": ""high""}"
EN_10_09_03_1_2,behaviour_only,neutral,none,"{""emotion"": ""neutral"", ""intensity"": ""none""}"
EN_10_09_03_2_2,behaviour_only,happiness,high,"{""emotion"": ""happiness"", ""intensity"": ""high""}"
EN_10_09_04_1_2,behaviour_only,happiness,low,"{""emotion"": ""happiness"", ""intensity"": ""low""}"
EN_10_09_04_2_2,behaviour_only,happiness,high,"{""emotion"": ""happiness"", ""intensity"": ""high""}"
EN_10_09_05_1_2,behaviour_only,sadness,low,"{""emotion"": ""sadness"", ""intensity"": ""low""}"
EN_10_09_05_2_2,behaviour_only,anger,high,"{""emotion"": ""anger"", ""intensity"": ""high""}"
EN_10_09_06_1_2,behaviour_only,confidence,high,"{""emotion"": ""confidence"", ""intensity"": ""high""}"
EN_10_09_06_2_2,behaviour_only,disgust,high,"{""emotion"": ""disgust"", ""intensity"": ""high""}"
EN_10_09_07_1_2,behaviour_only,disgust,high,"{""emotion"": ""disgust"", ""intensity"": ""high""}"
EN_10_09_07_2_2,behaviour_only,confidence,low,"{""emotion"": ""confidence"", ""intensity"": ""low""}"
EN_10_09_08_1_2,behaviour_only,anger,high,"{""emotion"": ""anger"", ""intensity"": ""high""}"
EN_10_09_08_2_2,behaviour_only,surprise,high,"{""emotion"": ""surprise"", ""intensity"": ""high""}"
EN_10_09_09_1_2,behaviour_only,disgust,high,"{""emotion"": ""disgust"", ""intensity"": ""high""}"
EN_10_09_09_2_2,behaviour_only,sadness,high,"{""emotion"": ""sadness"", ""intensity"": ""high""}"
EN_10_09_10_1_2,behaviour_only,surprise,low,"{""emotion"": ""surprise"", ""intensity"": ""low""}"
EN_10_09_10_2_2,behaviour_only,happiness,low,"{""emotion"": ""happiness"", ""intensity"": ""low""}"
EN_10_10_01_1_2,behaviour_only,happiness,high,"{""emotion"": ""happiness"", ""intensity"": ""high""}"
EN_10_10_01_2_2,behaviour_only,happiness,high,"{""emotion"": ""happiness"", ""intensity"": ""high""}"
EN_10_10_02_1_2,behaviour_only,happiness,low,"{""emotion"": ""happiness"", ""intensity"": ""moderate""}"
EN_10_10_02_2_2,behaviour_only,happiness,low,"{""emotion"": ""happiness"", ""intensity"": ""moderate""}"
EN_10_10_03_1_2,behaviour_only,happiness,low,"{""emotion"": ""happiness"", ""intensity"": ""low""}"
EN_10_10_03_2_2,behaviour_only,happiness,high,"{""emotion"": ""happiness"", ""intensity"": ""high""}"
EN_10_10_04_1_2,behaviour_only,happiness,high,"{""emotion"": ""happiness"", ""intensity"": ""high""}"
EN_10_10_04_2_2,behaviour_only,happiness,high,"{""emotion"": ""happiness"", ""intensity"": ""high""}"
EN_10_10_05_1_2,behaviour_only,neutral,none,"{""emotion"": ""neutral"", ""intensity"": ""none""}"
EN_10_10_05_2_2,behaviour_only,happiness,high,"{""emotion"": ""happiness"", ""intensity"": ""high""}"
EN_10_10_06_1_2,behaviour_only,neutral,none,"{""emotion"": ""neutral"", ""intensity"": ""none""}"
EN_10_10_06_2_2,behaviour_only,happiness,high,"{""emotion"": ""happiness"", ""intensity"": ""high""}"
EN_10_10_07_1_2,behaviour_only,neutral,none,"{""emotion"": ""neutral"", ""intensity"": ""none""}"
EN_10_10_07_2_2,behaviour_only,happiness,high,"{""emotion"": ""happiness"", ""intensity"": ""high""}"
EN_10_10_08_1_2,behaviour_only,happiness,low,"{""emotion"": ""happiness"", ""intensity"": ""moderate""}"
EN_10_10_08_2_2,behaviour_only,happiness,low,"{""emotion"": ""happiness"", ""intensity"": ""moderate""}"
EN_10_10_09_1_2,behaviour_only,confidence,high,"{""emotion"": ""confidence"", ""intensity"": ""high""}"
EN_10_10_09_2_2,behaviour_only,happiness,high,"{""emotion"": ""happiness"", ""intensity"": ""high""}"
EN_10_10_10_1_2,behaviour_only,happiness,low,"{""emotion"": ""happiness"", ""intensity"": ""low""}"
EN_10_10_10_2_2,behaviour_only,happiness,high,"{""emotion"": ""happiness"", ""intensity"": ""high""}"
EN_01_00_01,both,confidence,high,"{""emotion"": ""confidence"", ""intensity"": ""high""}"
EN_01_00_02,both,confidence,high,"{""emotion"": ""confidence"", ""intensity"": ""high""}"
EN_01_00_03,both,confidence,high,"{""emotion"": ""confidence"", ""intensity"": ""high""}"
EN_01_00_04,both,confidence,high,"{""emotion"": ""confidence"", ""intensity"": ""high""}"
EN_01_00_05,both,confidence,high,"{""emotion"": ""confidence"", ""intensity"": ""high""}"
EN_01_00_06,both,confidence,high,"{""emotion"": ""confidence"", ""intensity"": ""high""}"
EN_01_00_07,both,anger,high,"{""emotion"": ""anger"", ""intensity"": ""high""}"
EN_01_00_08,both,disgust,high,"{""emotion"": ""disgust"", ""intensity"": ""high""}"
EN_01_00_09,both,confidence,high,"{""emotion"": ""confidence"", ""intensity"": ""high""}"
EN_01_00_10,both,contempt,high,"{""emotion"": ""contempt"", ""intensity"": ""high""}"
EN_01_01_01_1_2,both,neutral,none,"{""emotion"": ""neutral"", ""intensity"": ""none""}"
EN_01_01_01_2_2,both,confusion,high,"{""emotion"": ""confusion"", ""intensity"": ""high""}"
EN_01_01_02_1_2,both,confidence,low,"{""emotion"": ""confidence"", ""intensity"": ""low""}"
EN_01_01_02_2_2,both,confidence,low,"{""emotion"": ""confidence"", ""intensity"": ""low""}"
EN_01_01_03_1_2,both,confidence,high,"{""emotion"": ""confidence"", ""intensity"": ""high""}"
EN_01_01_03_2_2,both,confidence,high,"{""emotion"": ""confidence"", ""intensity"": ""high""}"
EN_01_01_04_1_2,both,sadness,high,"{""emotion"": ""sadness"", ""intensity"": ""high""}"
EN_01_01_04_2_2,both,sadness,low,"{""emotion"": ""sadness"", ""intensity"": ""low""}"
EN_01_01_05_1_2,both,confusion,low,"{""emotion"": ""confusion"", ""intensity"": ""low""}"
EN_01_01_05_2_2,both,anger,high,"{""emotion"": ""anger"", ""intensity"": ""high""}"
EN_01_01_06_1_2,both,confidence,low,"{""emotion"": ""confidence"", ""intensity"": ""low""}"
EN_01_01_06_2_2,both,confidence,high,"{""emotion"": ""confidence"", ""intensity"": ""high""}"
EN_01_01_07_1_2,both,neutral,none,"{""emotion"": ""neutral"", ""intensity"": ""none""}"
EN_01_01_07_2_2,both,confusion,low,"{""emotion"": ""confusion"", ""intensity"": ""low""}"
EN_01_01_08_1_2,both,disgust,high,"{""emotion"": ""disgust"", ""intensity"": ""high""}"
EN_01_01_08_2_2,both,disgust,low,"{""emotion"": ""disgust"", ""intensity"": ""moderate""}"
EN_01_01_09_1_2,both,sadness,low,"{""emotion"": ""sadness"", ""intensity"": ""low""}"
EN_01_01_09_2_2,both,confidence,high,"{""emotion"": ""confidence"", ""intensity"": ""high""}"
EN_01_01_10_1_2,both,contempt,high,"{""emotion"": ""contempt"", ""intensity"": ""high""}"
EN_01_01_10_2_2,both,contempt,high,"{""emotion"": ""contempt"", ""intensity"": ""high""}"
EN_01_02_01_1_2,both,neutral,none,"{""emotion"": ""neutral"", ""intensity"": ""none""}"
EN_01_02_01_2_2,both,surprise,low,"{""emotion"": ""surprise"", ""intensity"": ""low""}"
EN_01_02_02_1_2,both,confidence,high,"{""emotion"": ""confidence"", ""intensity"": ""high""}"
EN_01_02_02_2_2,both,confidence,high,"{""emotion"": ""confidence"", ""intensity"": ""high""}"
EN_01_02_03_1_2,both,confidence,low,"{""emotion"": ""confidence"", ""intensity"": ""low""}"
EN_01_02_03_2_2,both,confidence,high,"{""emotion"": ""confidence"", ""intensity"": ""high""}"
EN_01_02_04_1_2,both,sadness,high,"{""emotion"": ""sadness"", ""intensity"": ""high""}"
EN_01_02_04_2_2,both,sadness,low,"{""emotion"": ""sadness"", ""intensity"": ""low""}"
EN_01_02_05_1_2,both,neutral,none,"{""emotion"": ""neutral"", ""intensity"": ""none""}"
EN_01_02_05_2_2,both,confidence,high,"{""emotion"": ""confidence"", ""intensity"": ""high""}"
EN_01_02_06_1_2,both,confidence,low,"{""emotion"": ""confidence"", ""intensity"": ""low""}"
EN_01_02_06_2_2,both,confidence,high,"{""emotion"": ""confidence"", ""intensity"": ""high""}"
EN_01_02_07_1_2,both,confusion,low,"{""emotion"": ""confusion"", ""intensity"": ""low""}"
EN_01_02_07_2_2,both,confusion,low,"{""emotion"": ""confusion"", ""intensity"": ""moderate""}"
EN_01_02_08_1_2,both,disgust,low,"{""emotion"": ""disgust"", ""intensity"": ""low""}"
EN_01_02_08_2_2,both,disgust,high,"{""emotion"": ""disgust"", ""intensity"": ""high""}"
EN_01_02_09_1_2,both,sadness,low,"{""emotion"": ""sadness"", ""intensity"": ""moderate""}"
EN_01_02_09_2_2,both,sadness,high,"{""emotion"": ""sadness"", ""intensity"": ""high""}"
EN_01_02_10_1_2,both,contempt,high,"{""emotion"": ""contempt"", ""intensity"": ""high""}"
EN_01_02_10_2_2,both,contempt,high,"{""emotion"": ""contempt"", ""intensity"": ""high""}"
EN_01_03_01_1_2,both,neutral,none,"{""emotion"": ""neutral"", ""intensity"": ""none""}"
EN_01_03_01_2_2,both,happiness,low,"{""emotion"": ""happiness"", ""intensity"": ""moderate""}"
EN_01_03_02_1_2,both,happiness,low,"{""emotion"": ""happiness"", ""intensity"": ""moderate""}"
EN_01_03_02_2_2,both,happiness,high,"{""emotion"": ""happiness"", ""intensity"": ""high""}"
EN_01_03_03_1_2,both,confidence,low,"{""emotion"": ""confidence"", ""intensity"": ""moderate""}"
EN_01_03_03_2_2,both,confidence,high,"{""emotion"": ""confidence"", ""intensity"": ""high""}"
EN_01_03_04_1_2,both,sadness,low,"{""emotion"": ""sadness"", ""intensity"": ""low""}"
EN_01_03_04_2_2,both,happiness,high,"{""emotion"": ""happiness"", ""intensity"": ""high""}"
EN_01_03_05_1_2,both,neutral,none,"{""emotion"": ""neutral"", ""intensity"": ""none""}"
EN_01_03_05_2_2,both,happiness,high,"{""emotion"": ""happiness"", ""intensity"": ""high""}"
EN_01_03_06_1_2,both,happiness,low,"{""emotion"": ""happiness"", ""intensity"": ""low""}"
EN_01_03_06_2_2,both,happiness,low,"{""emotion"": ""happiness"", ""intensity"": ""low""}"
EN_01_03_07_1_2,both,neutral,none,"{""emotion"": ""neutral"", ""intensity"": ""none""}"
EN_01_03_07_2_2,both,happiness,low,"{""emotion"": ""happiness"", ""intensity"": ""moderate""}"
EN_01_03_08_1_2,both,disgust,high,"{""emotion"": ""disgust"", ""intensity"": ""high""}"
EN_01_03_08_2_2,both,disgust,high,"{""emotion"": ""disgust"", ""intensity"": ""high""}"
EN_01_03_09_1_2,both,sadness,low,"{""emotion"": ""sadness"", ""intensity"": ""moderate""}"
EN_01_03_09_2_2,both,confidence,high,"{""emotion"": ""confidence"", ""intensity"": ""high""}"
EN_01_03_10_1_2,both,confidence,low,"{""emotion"": ""confidence"", ""intensity"": ""low""}"
EN_01_03_10_2_2,both,happiness,high,"{""emotion"": ""happiness"", ""intensity"": ""high""}"
EN_01_04_01_1_2,both,neutral,none,"{""emotion"": ""neutral"", ""intensity"": ""none""}"
EN_01_04_01_2_2,both,confusion,high,"{""emotion"": ""confusion"", ""intensity"": ""high""}"
EN_01_04_02_1_2,both,disgust,low,"{""emotion"": ""disgust"", ""intensity"": ""low""}"
EN_01_04_02_2_2,both,confidence,low,"{""emotion"": ""confidence"", ""intensity"": ""low""}"
EN_01_04_03_1_2,both,sadness,low,"{""emotion"": ""sadness"", ""intensity"": ""low""}"
EN_01_04_03_2_2,both,confidence,high,"{""emotion"": ""confidence"", ""intensity"": ""high""}"
EN_01_04_04_1_2,both,sadness,low,"{""emotion"": ""sadness"", ""intensity"": ""low""}"
EN_01_04_04_2_2,both,disgust,high,"{""emotion"": ""disgust"", ""intensity"": ""high""}"
EN_01_04_05_1_2,both,disgust,high,"{""emotion"": ""disgust"", ""intensity"": ""high""}"
EN_01_04_05_2_2,both,confidence,high,"{""emotion"": ""confidence"", ""intensity"": ""high""}"
EN_01_04_06_1_2,both,disgust,low,"{""emotion"": ""disgust"", ""intensity"": ""low""}"
EN_01_04_06_2_2,both,disgust,high,"{""emotion"": ""disgust"", ""intensity"": ""high""}"
EN_01_04_07_1_2,both,neutral,none,"{""emotion"": ""neutral"", ""intensity"": ""none""}"
EN_01_04_07_2_2,both,disgust,low,"{""emotion"": ""disgust"", ""intensity"": ""moderate""}"
EN_01_04_08_1_2,both,disgust,low,"{""emotion"": ""disgust"", ""intensity"": ""low""}"
EN_01_04_08_2_2,both,disgust,low,"{""emotion"": ""disgust"", ""intensity"": ""moderate""}"
EN_01_04_09_1_2,both,sadness,low,"{""emotion"": ""fatigue"", ""intensity"": ""moderate""}   Note: Fatigue is not one of the provided options, but based on the description, it seems the closest to the expressed state. If we must choose from the provided list, we might consider ""sadness"" or ""confusion"" as the closest approximations, but neither fits perfectly. Given the context, I will select ""sadness"" as it can sometimes be associated with fatigue or weariness.  {""emotion"": ""sadness"", ""intensity"": ""moderate""}"
EN_01_04_09_2_2,both,confidence,high,"{""emotion"": ""confidence"", ""intensity"": ""high""}"
EN_01_04_10_1_2,both,contempt,high,"{""emotion"": ""contempt"", ""intensity"": ""high""}"
EN_01_04_10_2_2,both,contempt,high,"{""emotion"": ""contempt"", ""intensity"": ""high""}"
EN_01_05_01_1_2,both,disgust,low,"{""emotion"": ""disgust"", ""intensity"": ""low""}"
EN_01_05_01_2_2,both,disgust,low,"{""emotion"": ""disgust"", ""intensity"": ""moderate""}"
EN_01_05_02_1_2,both,confidence,low,"{""emotion"": ""confidence"", ""intensity"": ""moderate""}"
EN_01_05_02_2_2,both,confidence,high,"{""emotion"": ""confidence"", ""intensity"": ""high""}"
EN_01_05_03_1_2,both,confidence,low,"{""emotion"": ""confidence"", ""intensity"": ""moderate""}"
EN_01_05_03_2_2,both,confidence,low,"{""emotion"": ""confidence"", ""intensity"": ""low""}"
EN_01_05_04_1_2,both,sadness,low,"{""emotion"": ""sadness"", ""intensity"": ""moderate""}"
EN_01_05_04_2_2,both,sadness,low,"{""emotion"": ""sadness"", ""intensity"": ""low""}"
EN_01_05_05_1_2,both,neutral,none,"{""emotion"": ""neutral"", ""intensity"": ""none""}"
EN_01_05_05_2_2,both,neutral,none,"{""emotion"": ""neutral"", ""intensity"": ""none""}"
EN_01_05_06_1_2,both,neutral,none,"{""emotion"": ""neutral"", ""intensity"": ""none""}"
EN_01_05_06_2_2,both,neutral,none,"{""emotion"": ""neutral"", ""intensity"": ""none""}"
EN_01_05_07_1_2,both,neutral,none,"{""emotion"": ""neutral"", ""intensity"": ""none""}"
EN_01_05_07_2_2,both,disgust,high,"{""emotion"": ""disgust"", ""intensity"": ""high""}"
EN_01_05_08_1_2,both,disgust,low,"{""emotion"": ""disgust"", ""intensity"": ""moderate""}"
EN_01_05_08_2_2,both,disgust,high,"{""emotion"": ""disgust"", ""intensity"": ""high""}"
EN_01_05_09_1_2,both,confidence,high,"{""emotion"": ""confidence"", ""intensity"": ""high""}"
EN_01_05_09_2_2,both,neutral,none,"{""emotion"": ""neutral"", ""intensity"": ""none""}"
EN_01_05_10_1_2,both,contempt,high,"{""emotion"": ""contempt"", ""intensity"": ""high""}"
EN_01_05_10_2_2,both,disgust,low,"{""emotion"": ""disgust"", ""intensity"": ""low""}"
EN_01_06_01_1_2,both,sadness,high,"{""emotion"": ""sadness"", ""intensity"": ""high""}"
EN_01_06_01_2_2,both,confidence,high,"{""emotion"": ""confidence"", ""intensity"": ""high""}"
EN_01_06_02_1_2,both,confusion,low,"{""emotion"": ""confusion"", ""intensity"": ""low""}"
EN_01_06_02_2_2,both,confidence,low,"{""emotion"": ""confidence"", ""intensity"": ""low""}"
EN_01_06_03_1_2,both,confidence,high,"{""emotion"": ""confidence"", ""intensity"": ""high""}"
EN_01_06_03_2_2,both,confidence,low,"{""emotion"": ""confidence"", ""intensity"": ""low""}"
EN_01_06_04_1_2,both,sadness,low,"{""emotion"": ""sadness"", ""intensity"": ""low""}"
EN_01_06_04_2_2,both,sadness,high,"{""emotion"": ""sadness"", ""intensity"": ""high""}"
EN_01_06_05_1_2,both,confusion,high,"{""emotion"": ""confusion"", ""intensity"": ""high""}"
EN_01_06_05_2_2,both,confusion,low,"{""emotion"": ""confusion"", ""intensity"": ""moderate""}"
EN_01_06_06_1_2,both,disgust,low,"{""emotion"": ""disgust"", ""intensity"": ""low""}"
EN_01_06_06_2_2,both,happiness,low,"{""emotion"": ""happiness"", ""intensity"": ""low""}"
EN_01_06_07_1_2,both,sadness,high,"{""emotion"": ""sadness"", ""intensity"": ""high""}"
EN_01_06_07_2_2,both,disgust,high,"{""emotion"": ""disgust"", ""intensity"": ""high""}"
EN_01_06_08_1_2,both,disgust,high,"{""emotion"": ""disgust"", ""intensity"": ""high""}"
EN_01_06_08_2_2,both,disgust,high,"{""emotion"": ""disgust"", ""intensity"": ""high""}"
EN_01_06_09_1_2,both,neutral,none,"{""emotion"": ""neutral"", ""intensity"": ""none""}"
EN_01_06_09_2_2,both,confidence,high,"{""emotion"": ""confidence"", ""intensity"": ""high""}"
EN_01_06_10_1_2,both,contempt,high,"{""emotion"": ""contempt"", ""intensity"": ""high""}"
EN_01_06_10_2_2,both,confidence,low,"{""emotion"": ""confidence"", ""intensity"": ""moderate""}"
EN_01_07_01_1_2,both,neutral,none,"{""emotion"": ""neutral"", ""intensity"": ""none""}"
EN_01_07_01_2_2,both,surprise,high,"{""emotion"": ""surprise"", ""intensity"": ""high""}"
EN_01_07_02_1_2,both,confidence,low,"{""emotion"": ""confidence"", ""intensity"": ""low""}"
EN_01_07_02_2_2,both,confidence,low,"{""emotion"": ""confidence"", ""intensity"": ""low""}"
EN_01_07_03_1_2,both,contempt,low,"{""emotion"": ""contempt"", ""intensity"": ""moderate""}"
EN_01_07_03_2_2,both,confidence,high,"{""emotion"": ""confidence"", ""intensity"": ""high""}"
EN_01_07_04_1_2,both,sadness,low,"{""emotion"": ""sadness"", ""intensity"": ""low""}"
EN_01_07_04_2_2,both,happiness,low,"{""emotion"": ""happiness"", ""intensity"": ""low""}"
EN_01_07_05_1_2,both,confusion,low,"{""emotion"": ""confusion"", ""intensity"": ""low""}"
EN_01_07_05_2_2,both,neutral,none,"{""emotion"": ""neutral"", ""intensity"": ""none""}"
EN_01_07_06_1_2,both,sadness,high,"{""emotion"": ""sadness"", ""intensity"": ""high""}"
EN_01_07_06_2_2,both,happiness,low,"{""emotion"": ""happiness"", ""intensity"": ""low""}"
EN_01_07_07_1_2,both,sadness,high,"{""emotion"": ""sadness"", ""intensity"": ""high""}"
EN_01_07_07_2_2,both,sadness,high,"{""emotion"": ""sadness"", ""intensity"": ""high""}"
EN_01_07_08_1_2,both,disgust,high,"{""emotion"": ""disgust"", ""intensity"": ""high""}"
EN_01_07_08_2_2,both,disgust,high,"{""emotion"": ""disgust"", ""intensity"": ""high""}"
EN_01_07_09_1_2,both,sadness,low,"{""emotion"": ""sadness"", ""intensity"": ""moderate""}"
EN_01_07_09_2_2,both,sadness,low,"{""emotion"": ""sadness"", ""intensity"": ""low""}"
EN_01_07_10_1_2,both,contempt,low,"{""emotion"": ""contempt"", ""intensity"": ""low""}"
EN_01_07_10_2_2,both,contempt,low,"{""emotion"": ""contempt"", ""intensity"": ""moderate""}"
EN_01_08_01_1_2,both,happiness,high,"{""emotion"": ""happiness"", ""intensity"": ""high""}"
EN_01_08_01_2_2,both,sadness,high,"{""emotion"": ""sadness"", ""intensity"": ""high""}"
EN_01_08_02_1_2,both,confidence,high,"{""emotion"": ""confidence"", ""intensity"": ""high""}"
EN_01_08_02_2_2,both,confidence,low,"{""emotion"": ""confidence"", ""intensity"": ""low""}"
EN_01_08_03_1_2,both,confidence,high,"{""emotion"": ""confidence"", ""intensity"": ""high""}"
EN_01_08_03_2_2,both,confidence,low,"{""emotion"": ""confidence"", ""intensity"": ""low""}"
EN_01_08_04_1_2,both,sadness,high,"{""emotion"": ""sadness"", ""intensity"": ""high""}"
EN_01_08_04_2_2,both,sadness,low,"{""emotion"": ""sadness"", ""intensity"": ""low""}"
EN_01_08_05_1_2,both,confusion,high,"{""emotion"": ""confusion"", ""intensity"": ""high""}"
EN_01_08_05_2_2,both,neutral,none,"{""emotion"": ""neutral"", ""intensity"": ""none""}"
EN_01_08_06_1_2,both,disgust,high,"{""emotion"": ""disgust"", ""intensity"": ""high""}"
EN_01_08_06_2_2,both,confusion,low,"{""emotion"": ""confusion"", ""intensity"": ""moderate""}"
EN_01_08_07_1_2,both,disgust,high,"{""emotion"": ""disgust"", ""intensity"": ""high""}"
EN_01_08_07_2_2,both,neutral,none,"{""emotion"": ""neutral"", ""intensity"": ""none""}"
EN_01_08_08_1_2,both,disgust,high,"{""emotion"": ""disgust"", ""intensity"": ""high""}"
EN_01_08_08_2_2,both,disgust,low,"{""emotion"": ""disgust"", ""intensity"": ""low""}"
EN_01_08_09_1_2,both,confidence,high,"{""emotion"": ""confidence"", ""intensity"": ""high""}"
EN_01_08_09_2_2,both,confidence,high,"{""emotion"": ""confidence"", ""intensity"": ""high""}"
EN_01_08_10_1_2,both,contempt,high,"{""emotion"": ""contempt"", ""intensity"": ""high""}"
EN_01_08_10_2_2,both,contempt,high,"{""emotion"": ""contempt"", ""intensity"": ""high""}"
EN_01_09_01_1_2,both,neutral,none,"{""emotion"": ""neutral"", ""intensity"": ""none""}"
EN_01_09_01_2_2,both,neutral,none,"{""emotion"": ""neutral"", ""intensity"": ""none""}"
EN_01_09_02_1_2,both,sadness,low,"{""emotion"": ""sadness"", ""intensity"": ""low""}"
EN_01_09_02_2_2,both,confidence,low,"{""emotion"": ""confidence"", ""intensity"": ""moderate""}"
EN_01_09_03_1_2,both,contempt,high,"{""emotion"": ""contempt"", ""intensity"": ""high""}"
EN_01_09_03_2_2,both,confidence,low,"{""emotion"": ""confidence"", ""intensity"": ""low""}"
EN_01_09_04_1_2,both,sadness,high,"{""emotion"": ""sadness"", ""intensity"": ""high""}"
EN_01_09_04_2_2,both,sadness,low,"{""emotion"": ""sadness"", ""intensity"": ""low""}"
EN_01_09_05_1_2,both,surprise,high,"{""emotion"": ""surprise"", ""intensity"": ""high""}"
EN_01_09_05_2_2,both,neutral,none,"{""emotion"": ""neutral"", ""intensity"": ""none""}"
EN_01_09_06_1_2,both,disgust,high,"{""emotion"": ""disgust"", ""intensity"": ""high""}"
EN_01_09_06_2_2,both,confidence,low,"{""emotion"": ""confidence"", ""intensity"": ""low""}"
EN_01_09_07_1_2,both,sadness,low,"{""emotion"": ""sadness"", ""intensity"": ""low""}"
EN_01_09_07_2_2,both,neutral,none,"{""emotion"": ""neutral"", ""intensity"": ""none""}"
EN_01_09_08_1_2,both,disgust,low,"{""emotion"": ""disgust"", ""intensity"": ""low""}"
EN_01_09_08_2_2,both,disgust,low,"{""emotion"": ""disgust"", ""intensity"": ""moderate""}"
EN_01_09_09_1_2,both,confidence,high,"{""emotion"": ""confidence"", ""intensity"": ""high""}"
EN_01_09_09_2_2,both,confidence,high,"{""emotion"": ""confidence"", ""intensity"": ""high""}"
EN_01_09_10_1_2,both,contempt,low,"{""emotion"": ""contempt"", ""intensity"": ""low""}"
EN_01_09_10_2_2,both,contempt,low,"{""emotion"": ""contempt"", ""intensity"": ""low""}"
EN_01_10_01_1_2,both,neutral,none,"{""emotion"": ""neutral"", ""intensity"": ""none""}"
EN_01_10_01_2_2,both,neutral,none,"{""emotion"": ""neutral"", ""intensity"": ""none""}"
EN_01_10_02_1_2,both,confidence,high,"{""emotion"": ""confidence"", ""intensity"": ""high""}"
EN_01_10_02_2_2,both,confidence,low,"{""emotion"": ""confidence"", ""intensity"": ""low""}"
EN_01_10_03_1_2,both,confidence,low,"{""emotion"": ""confidence"", ""intensity"": ""low""}"
EN_01_10_03_2_2,both,confidence,high,"{""emotion"": ""confidence"", ""intensity"": ""high""}"
EN_01_10_04_1_2,both,sadness,high,"{""emotion"": ""sadness"", ""intensity"": ""high""}"
EN_01_10_04_2_2,both,sadness,low,"{""emotion"": ""sadness"", ""intensity"": ""low""}"
EN_01_10_05_1_2,both,confusion,low,"{""emotion"": ""confusion"", ""intensity"": ""moderate""}"
EN_01_10_05_2_2,both,confidence,high,"{""emotion"": ""confidence"", ""intensity"": ""high""}"
EN_01_10_06_1_2,both,disgust,high,"{""emotion"": ""disgust"", ""intensity"": ""high""}"
EN_01_10_06_2_2,both,disgust,high,"{""emotion"": ""disgust"", ""intensity"": ""high""}"
EN_01_10_07_1_2,both,sadness,low,"{""emotion"": ""sadness"", ""intensity"": ""moderate""}"
EN_01_10_07_2_2,both,sadness,high,"{""emotion"": ""sadness"", ""intensity"": ""high""}"
EN_01_10_08_1_2,both,disgust,high,"{""emotion"": ""disgust"", ""intensity"": ""high""}"
EN_01_10_08_2_2,both,disgust,high,"{""emotion"": ""disgust"", ""intensity"": ""high""}"
EN_01_10_09_1_2,both,confidence,high,"{""emotion"": ""confidence"", ""intensity"": ""high""}"
EN_01_10_09_2_2,both,confidence,high,"{""emotion"": ""confidence"", ""intensity"": ""high""}"
EN_01_10_10_1_2,both,contempt,high,"{""emotion"": ""contempt"", ""intensity"": ""high""}"
EN_01_10_10_2_2,both,contempt,high,"{""emotion"": ""contempt"", ""intensity"": ""high""}"
EN_02_00_01,both,neutral,none,"{""emotion"": ""neutral"", ""intensity"": ""none""}"
EN_02_00_02,both,confidence,low,"{""emotion"": ""confidence"", ""intensity"": ""low""}"
EN_02_00_03,both,confidence,low,"{""emotion"": ""confidence"", ""intensity"": ""low""}"
EN_02_00_04,both,neutral,none,"{""emotion"": ""neutral"", ""intensity"": ""none""}"
EN_02_00_05,both,neutral,none,"{""emotion"": ""neutral"", ""intensity"": ""none""}"
EN_02_00_06,both,neutral,none,"{""emotion"": ""neutral"", ""intensity"": ""none""}"
EN_02_00_07,both,neutral,none,"{""emotion"": ""neutral"", ""intensity"": ""none""}"
EN_02_00_08,both,neutral,none,"{""emotion"": ""neutral"", ""intensity"": ""none""}"
EN_02_00_09,both,neutral,none,"{""emotion"": ""neutral"", ""intensity"": ""none""}"
EN_02_00_10,both,contempt,low,"{""emotion"": ""contempt"", ""intensity"": ""low""}"
EN_02_01_01_1_2,both,neutral,none,"{""emotion"": ""neutral"", ""intensity"": ""none""}"
EN_02_01_01_2_2,both,confusion,low,"{""emotion"": ""confusion"", ""intensity"": ""low""}"
EN_02_01_02_1_2,both,confidence,low,"{""emotion"": ""confidence"", ""intensity"": ""low""}"
EN_02_01_02_2_2,both,confidence,low,"{""emotion"": ""confidence"", ""intensity"": ""low""}"
EN_02_01_03_1_2,both,confidence,low,"{""emotion"": ""confidence"", ""intensity"": ""low""}"
EN_02_01_03_2_2,both,contempt,high,"{""emotion"": ""contempt"", ""intensity"": ""high""}"
EN_02_01_04_1_2,both,sadness,low,"{""emotion"": ""sadness"", ""intensity"": ""low""}"
EN_02_01_04_2_2,both,sadness,high,"{""emotion"": ""sadness"", ""intensity"": ""high""}"
EN_02_01_05_1_2,both,neutral,none,"{""emotion"": ""neutral"", ""intensity"": ""none""}"
EN_02_01_05_2_2,both,confusion,high,"{""emotion"": ""confusion"", ""intensity"": ""high""}"
EN_02_01_06_1_2,both,neutral,none,"{""emotion"": ""neutral"", ""intensity"": ""none""}"
EN_02_01_06_2_2,both,disgust,low,"{""emotion"": ""disgust"", ""intensity"": ""low""}"
EN_02_01_07_1_2,both,neutral,none,"{""emotion"": ""neutral"", ""intensity"": ""none""}"
EN_02_01_07_2_2,both,sadness,low,"{""emotion"": ""sadness"", ""intensity"": ""moderate""}"
EN_02_01_08_1_2,both,disgust,low,"{""emotion"": ""disgust"", ""intensity"": ""low""}"
EN_02_01_08_2_2,both,disgust,high,"{""emotion"": ""disgust"", ""intensity"": ""high""}"
EN_02_01_09_1_2,both,neutral,none,"{""emotion"": ""neutral"", ""intensity"": ""none""}"
EN_02_01_09_2_2,both,confidence,high,"{""emotion"": ""confidence"", ""intensity"": ""high""}"
EN_02_01_10_1_2,both,contempt,low,"{""emotion"": ""contempt"", ""intensity"": ""low""}"
EN_02_01_10_2_2,both,contempt,low,"{""emotion"": ""contempt"", ""intensity"": ""low""}"
EN_02_02_01_1_2,both,sadness,low,"{""emotion"": ""sadness"", ""intensity"": ""moderate""}"
EN_02_02_01_2_2,both,sadness,high,"{""emotion"": ""sadness"", ""intensity"": ""high""}"
EN_02_02_02_1_2,both,confusion,low,"{""emotion"": ""confusion"", ""intensity"": ""low""}"
EN_02_02_02_2_2,both,confidence,high,"{""emotion"": ""confidence"", ""intensity"": ""high""}"
EN_02_02_03_1_2,both,confidence,low,"{""emotion"": ""confidence"", ""intensity"": ""low""}"
EN_02_02_03_2_2,both,confidence,low,"{""emotion"": ""confidence"", ""intensity"": ""low""}"
EN_02_02_04_1_2,both,sadness,high,"{""emotion"": ""sadness"", ""intensity"": ""high""}"
EN_02_02_04_2_2,both,surprise,low,"{""emotion"": ""surprise"", ""intensity"": ""low""}"
EN_02_02_05_1_2,both,disgust,low,"{""emotion"": ""disgust"", ""intensity"": ""moderate""}"
EN_02_02_05_2_2,both,confusion,high,"{""emotion"": ""confusion"", ""intensity"": ""high""}"
EN_02_02_06_1_2,both,disgust,high,"{""emotion"": ""disgust"", ""intensity"": ""high""}"
EN_02_02_06_2_2,both,disgust,high,"{""emotion"": ""disgust"", ""intensity"": ""high""}"
EN_02_02_07_1_2,both,sadness,low,"{""emotion"": ""sadness"", ""intensity"": ""moderate""}"
EN_02_02_07_2_2,both,sadness,high,"{""emotion"": ""sadness"", ""intensity"": ""high""}"
EN_02_02_08_1_2,both,disgust,low,"{""emotion"": ""disgust"", ""intensity"": ""low""}"
EN_02_02_08_2_2,both,contempt,high,"{""emotion"": ""contempt"", ""intensity"": ""high""}"
EN_02_02_09_1_2,both,fear,high,"{""emotion"": ""fear"", ""intensity"": ""high""}"
EN_02_02_09_2_2,both,confidence,high,"{""emotion"": ""confidence"", ""intensity"": ""high""}"
EN_02_02_10_1_2,both,sadness,high,"{""emotion"": ""sadness"", ""intensity"": ""high""}"
EN_02_02_10_2_2,both,contempt,low,"{""emotion"": ""contempt"", ""intensity"": ""moderate""}"
EN_02_03_01_1_2,both,sadness,low,"{""emotion"": ""sadness"", ""intensity"": ""moderate""}"
EN_02_03_01_2_2,both,surprise,low,"{""emotion"": ""surprise"", ""intensity"": ""moderate""}"
EN_02_03_02_1_2,both,confidence,high,"{""emotion"": ""confidence"", ""intensity"": ""high""}"
EN_02_03_02_2_2,both,confidence,high,"{""emotion"": ""confidence"", ""intensity"": ""high""}"
EN_02_03_03_1_2,both,contempt,low,"{""emotion"": ""contempt"", ""intensity"": ""low""}"
EN_02_03_03_2_2,both,confidence,high,"{""emotion"": ""confidence"", ""intensity"": ""high""}"
EN_02_03_04_1_2,both,sadness,high,"{""emotion"": ""sadness"", ""intensity"": ""high""}"
EN_02_03_04_2_2,both,surprise,low,"{""emotion"": ""surprise"", ""intensity"": ""moderate""}"
EN_02_03_05_1_2,both,confusion,low,"{""emotion"": ""confusion"", ""intensity"": ""low""}"
EN_02_03_05_2_2,both,confusion,low,"{""emotion"": ""confusion"", ""intensity"": ""low""}"
EN_02_03_06_1_2,both,neutral,none,"{""emotion"": ""neutral"", ""intensity"": ""none""}"
EN_02_03_06_2_2,both,disgust,low,"{""emotion"": ""disgust"", ""intensity"": ""low""}"
EN_02_03_07_1_2,both,sadness,high,"{""emotion"": ""sadness"", ""intensity"": ""high""}"
EN_02_03_07_2_2,both,sadness,low,"{""emotion"": ""sadness"", ""intensity"": ""moderate""}"
EN_02_03_08_1_2,both,neutral,none,"{""emotion"": ""neutral"", ""intensity"": ""none""}"
EN_02_03_08_2_2,both,disgust,low,"{""emotion"": ""disgust"", ""intensity"": ""moderate""}"
EN_02_03_09_1_2,both,sadness,high,"{""emotion"": ""sadness"", ""intensity"": ""high""}"
EN_02_03_09_2_2,both,confidence,high,"{""emotion"": ""confidence"", ""intensity"": ""high""}"
EN_02_03_10_1_2,both,contempt,high,"{""emotion"": ""contempt"", ""intensity"": ""high""}"
EN_02_03_10_2_2,both,contempt,low,"{""emotion"": ""contempt"", ""intensity"": ""low""}"
EN_02_04_01_1_2,both,neutral,none,"{""emotion"": ""neutral"", ""intensity"": ""none""}"
EN_02_04_01_2_2,both,confidence,high,"{""emotion"": ""confidence"", ""intensity"": ""high""}"
EN_02_04_02_1_2,both,confidence,low,"{""emotion"": ""confidence"", ""intensity"": ""low""}"
EN_02_04_02_2_2,both,confidence,low,"{""emotion"": ""confidence"", ""intensity"": ""low""}"
EN_02_04_03_1_2,both,confidence,low,"{""emotion"": ""confidence"", ""intensity"": ""low""}"
EN_02_04_03_2_2,both,confidence,low,"{""emotion"": ""confidence"", ""intensity"": ""low""}"
EN_02_04_04_1_2,both,sadness,low,"{""emotion"": ""sadness"", ""intensity"": ""low""}"
EN_02_04_04_2_2,both,sadness,high,"{""emotion"": ""sadness"", ""intensity"": ""high""}"
EN_02_04_05_1_2,both,confusion,high,"{""emotion"": ""confusion"", ""intensity"": ""high""}"
EN_02_04_05_2_2,both,confidence,high,"{""emotion"": ""confidence"", ""intensity"": ""high""}"
EN_02_04_06_1_2,both,neutral,none,"{""emotion"": ""neutral"", ""intensity"": ""none""}"
EN_02_04_06_2_2,both,disgust,low,"{""emotion"": ""disgust"", ""intensity"": ""moderate""}"
EN_02_04_07_1_2,both,sadness,low,"{""emotion"": ""sadness"", ""intensity"": ""low""}"
EN_02_04_07_2_2,both,anger,high,"{""emotion"": ""anger"", ""intensity"": ""high""}"
EN_02_04_08_1_2,both,neutral,none,"{""emotion"": ""neutral"", ""intensity"": ""none""}"
EN_02_04_08_2_2,both,disgust,high,"{""emotion"": ""disgust"", ""intensity"": ""high""}"
EN_02_04_09_1_2,both,neutral,none,"{""emotion"": ""neutral"", ""intensity"": ""none""}"
EN_02_04_09_2_2,both,sadness,high,"{""emotion"": ""sadness"", ""intensity"": ""high""}"
EN_02_04_10_1_2,both,contempt,low,"{""emotion"": ""contempt"", ""intensity"": ""low""}"
EN_02_04_10_2_2,both,contempt,high,"{""emotion"": ""contempt"", ""intensity"": ""high""}"
EN_02_05_01_1_2,both,neutral,none,"{""emotion"": ""neutral"", ""intensity"": ""none""}"
EN_02_05_01_2_2,both,sadness,high,"{""emotion"": ""sadness"", ""intensity"": ""high""}"
EN_02_05_02_1_2,both,confidence,low,"{""emotion"": ""confidence"", ""intensity"": ""low""}"
EN_02_05_02_2_2,both,confidence,high,"{""emotion"": ""confidence"", ""intensity"": ""high""}"
EN_02_05_03_1_2,both,confidence,high,"{""emotion"": ""confidence"", ""intensity"": ""high""}"
EN_02_05_03_2_2,both,contempt,high,"{""emotion"": ""contempt"", ""intensity"": ""high""}"
EN_02_05_04_1_2,both,sadness,low,"{""emotion"": ""sadness"", ""intensity"": ""moderate""}"
EN_02_05_04_2_2,both,disgust,high,"{""emotion"": ""disgust"", ""intensity"": ""high""}"
EN_02_05_05_1_2,both,confusion,low,"{""emotion"": ""confusion"", ""intensity"": ""moderate""}"
EN_02_05_05_2_2,both,neutral,none,"{""emotion"": ""neutral"", ""intensity"": ""none""}"
EN_02_05_06_1_2,both,disgust,high,"{""emotion"": ""disgust"", ""intensity"": ""high""}"
EN_02_05_06_2_2,both,disgust,high,"{""emotion"": ""disgust"", ""intensity"": ""high""}"
EN_02_05_07_1_2,both,sadness,high,"{""emotion"": ""sadness"", ""intensity"": ""high""}"
EN_02_05_07_2_2,both,sadness,high,"{""emotion"": ""sadness"", ""intensity"": ""high""}"
EN_02_05_08_1_2,both,disgust,low,"{""emotion"": ""disgust"", ""intensity"": ""low""}"
EN_02_05_08_2_2,both,disgust,high,"{""emotion"": ""disgust"", ""intensity"": ""high""}"
EN_02_05_09_1_2,both,sadness,high,"{""emotion"": ""sadness"", ""intensity"": ""high""}"
EN_02_05_09_2_2,both,sadness,high,"{""emotion"": ""sadness"", ""intensity"": ""high""}"
EN_02_05_10_1_2,both,contempt,high,"{""emotion"": ""contempt"", ""intensity"": ""high""}"
EN_02_05_10_2_2,both,contempt,high,"{""emotion"": ""contempt"", ""intensity"": ""high""}"
EN_02_06_01_1_2,both,confusion,high,"{""emotion"": ""confusion"", ""intensity"": ""high""}"
EN_02_06_01_2_2,both,confusion,low,"{""emotion"": ""confusion"", ""intensity"": ""moderate""}"
EN_02_06_02_1_2,both,confusion,low,"{""emotion"": ""confusion"", ""intensity"": ""low""}"
EN_02_06_02_2_2,both,confidence,low,"{""emotion"": ""confidence"", ""intensity"": ""low""}"
EN_02_06_03_1_2,both,contempt,low,"{""emotion"": ""contempt"", ""intensity"": ""moderate""}"
EN_02_06_03_2_2,both,confidence,low,"{""emotion"": ""confidence"", ""intensity"": ""low""}"
EN_02_06_04_1_2,both,sadness,low,"{""emotion"": ""sadness"", ""intensity"": ""low""}"
EN_02_06_04_2_2,both,sadness,low,"{""emotion"": ""sadness"", ""intensity"": ""low""}"
EN_02_06_05_1_2,both,neutral,none,"{""emotion"": ""neutral"", ""intensity"": ""none""}"
EN_02_06_05_2_2,both,confusion,high,"{""emotion"": ""confusion"", ""intensity"": ""high""}"
EN_02_06_06_1_2,both,disgust,high,"{""emotion"": ""disgust"", ""intensity"": ""high""}"
EN_02_06_06_2_2,both,disgust,low,"{""emotion"": ""disgust"", ""intensity"": ""low""}"
EN_02_06_07_1_2,both,confusion,low,"{""emotion"": ""confusion"", ""intensity"": ""low""}"
EN_02_06_07_2_2,both,confusion,high,"{""emotion"": ""confusion"", ""intensity"": ""high""}"
EN_02_06_08_1_2,both,disgust,high,"{""emotion"": ""disgust"", ""intensity"": ""high""}"
EN_02_06_08_2_2,both,disgust,low,"{""emotion"": ""disgust"", ""intensity"": ""moderate""}"
EN_02_06_09_1_2,both,confusion,low,"{""emotion"": ""confusion"", ""intensity"": ""low""}"
EN_02_06_09_2_2,both,sadness,low,"{""emotion"": ""sadness"", ""intensity"": ""moderate""}"
EN_02_06_10_1_2,both,disgust,low,"{""emotion"": ""disgust"", ""intensity"": ""moderate""}"
EN_02_06_10_2_2,both,contempt,low,"{""emotion"": ""contempt"", ""intensity"": ""low""}"
EN_02_07_01_1_2,both,neutral,none,"{""emotion"": ""neutral"", ""intensity"": ""none""}"
EN_02_07_01_2_2,both,neutral,none,"{""emotion"": ""neutral"", ""intensity"": ""none""}"
EN_02_07_02_1_2,both,confidence,low,"{""emotion"": ""confidence"", ""intensity"": ""low""}"
EN_02_07_02_2_2,both,confidence,high,"{""emotion"": ""confidence"", ""intensity"": ""high""}"
EN_02_07_03_1_2,both,confidence,low,"{""emotion"": ""confidence"", ""intensity"": ""low""}"
EN_02_07_03_2_2,both,confidence,low,"{""emotion"": ""confidence"", ""intensity"": ""low""}"
EN_02_07_04_1_2,both,sadness,low,"{""emotion"": ""sadness"", ""intensity"": ""low""}"
EN_02_07_04_2_2,both,sadness,low,"{""emotion"": ""sadness"", ""intensity"": ""low""}"
EN_02_07_05_1_2,both,neutral,none,"{""emotion"": ""neutral"", ""intensity"": ""none""}"
EN_02_07_05_2_2,both,confusion,high,"{""emotion"": ""confusion"", ""intensity"": ""high""}"
EN_02_07_06_1_2,both,neutral,none,"{""emotion"": ""neutral"", ""intensity"": ""none""}"
EN_02_07_06_2_2,both,surprise,low,"{""emotion"": ""surprise"", ""intensity"": ""low""}"
EN_02_07_07_1_2,both,confusion,low,"{""emotion"": ""confusion"", ""intensity"": ""low""}"
EN_02_07_07_2_2,both,sadness,low,"{""emotion"": ""sadness"", ""intensity"": ""moderate""}"
EN_02_07_08_1_2,both,disgust,high,"{""emotion"": ""disgust"", ""intensity"": ""high""}"
EN_02_07_08_2_2,both,disgust,high,"{""emotion"": ""disgust"", ""intensity"": ""high""}"
EN_02_07_09_1_2,both,sadness,high,"{""emotion"": ""sadness"", ""intensity"": ""high""}"
EN_02_07_09_2_2,both,sadness,high,"{""emotion"": ""sadness"", ""intensity"": ""high""}"
EN_02_07_10_1_2,both,contempt,low,"{""emotion"": ""contempt"", ""intensity"": ""low""}"
EN_02_07_10_2_2,both,contempt,low,"{""emotion"": ""contempt"", ""intensity"": ""moderate""}"
EN_02_08_01_1_2,both,neutral,none,"{""emotion"": ""neutral"", ""intensity"": ""none""}"
EN_02_08_01_2_2,both,sadness,high,"{""emotion"": ""sadness"", ""intensity"": ""high""}"
EN_02_08_02_1_2,both,confusion,high,"{""emotion"": ""confusion"", ""intensity"": ""high""}"
EN_02_08_02_2_2,both,contempt,low,"{""emotion"": ""contempt"", ""intensity"": ""moderate""}"
EN_02_08_03_1_2,both,confidence,high,"{""emotion"": ""confidence"", ""intensity"": ""high""}"
EN_02_08_03_2_2,both,contempt,high,"{""emotion"": ""contempt"", ""intensity"": ""high""}"
EN_02_08_04_1_2,both,sadness,high,"{""emotion"": ""sadness"", ""intensity"": ""high""}"
EN_02_08_04_2_2,both,disgust,high,"{""emotion"": ""disgust"", ""intensity"": ""high""}"
EN_02_08_05_1_2,both,sadness,high,"{""emotion"": ""sadness"", ""intensity"": ""high""}"
EN_02_08_05_2_2,both,confusion,high,"{""emotion"": ""confusion"", ""intensity"": ""high""}"
EN_02_08_06_1_2,both,disgust,high,"{""emotion"": ""disgust"", ""intensity"": ""high""}"
EN_02_08_06_2_2,both,disgust,low,"{""emotion"": ""disgust"", ""intensity"": ""low""}"
EN_02_08_07_1_2,both,sadness,high,"{""emotion"": ""sadness"", ""intensity"": ""high""}"
EN_02_08_07_2_2,both,sadness,high,"{""emotion"": ""sadness"", ""intensity"": ""high""}"
EN_02_08_08_1_2,both,disgust,high,"{""emotion"": ""disgust"", ""intensity"": ""high""}"
EN_02_08_08_2_2,both,disgust,high,"{""emotion"": ""disgust"", ""intensity"": ""high""}"
EN_02_08_09_1_2,both,confidence,high,"{""emotion"": ""confidence"", ""intensity"": ""high""}"
EN_02_08_09_2_2,both,sadness,high,"{""emotion"": ""sadness"", ""intensity"": ""high""}"
EN_02_08_10_1_2,both,disgust,high,"{""emotion"": ""disgust"", ""intensity"": ""high""}"
EN_02_08_10_2_2,both,disgust,high,"{""emotion"": ""disgust"", ""intensity"": ""high""}"
EN_02_09_01_1_2,both,neutral,none,"{""emotion"": ""neutral"", ""intensity"": ""none""}"
EN_02_09_01_2_2,both,neutral,none,"{""emotion"": ""neutral"", ""intensity"": ""none""}"
EN_02_09_02_1_2,both,confidence,low,"{""emotion"": ""confidence"", ""intensity"": ""low""}"
EN_02_09_02_2_2,both,confidence,low,"{""emotion"": ""confidence"", ""intensity"": ""low""}"
EN_02_09_03_1_2,both,confidence,low,"{""emotion"": ""confidence"", ""intensity"": ""low""}"
EN_02_09_03_2_2,both,confusion,low,"{""emotion"": ""confusion"", ""intensity"": ""moderate""}"
EN_02_09_04_1_2,both,surprise,low,"{""emotion"": ""surprise"", ""intensity"": ""low""}"
EN_02_09_04_2_2,both,confusion,low,"{""emotion"": ""confusion"", ""intensity"": ""moderate""}"
EN_02_09_05_1_2,both,neutral,none,"{""emotion"": ""neutral"", ""intensity"": ""none""}"
EN_02_09_05_2_2,both,confusion,high,"{""emotion"": ""confusion"", ""intensity"": ""high""}"
EN_02_09_06_1_2,both,disgust,low,"{""emotion"": ""disgust"", ""intensity"": ""low""}"
EN_02_09_06_2_2,both,disgust,low,"{""emotion"": ""disgust"", ""intensity"": ""low""}"
EN_02_09_07_1_2,both,neutral,none,"{""emotion"": ""neutral"", ""intensity"": ""none""}"
EN_02_09_07_2_2,both,sadness,high,"{""emotion"": ""sadness"", ""intensity"": ""high""}"
EN_02_09_08_1_2,both,neutral,none,"{""emotion"": ""neutral"", ""intensity"": ""none""}"
EN_02_09_08_2_2,both,disgust,high,"{""emotion"": ""disgust"", ""intensity"": ""high""}"
EN_02_09_09_1_2,both,neutral,none,"{""emotion"": ""neutral"", ""intensity"": ""none""}"
EN_02_09_09_2_2,both,disgust,high,"{""emotion"": ""disgust"", ""intensity"": ""high""}"
EN_02_09_10_1_2,both,contempt,low,"{""emotion"": ""contempt"", ""intensity"": ""low""}"
EN_02_09_10_2_2,both,disgust,low,"{""emotion"": ""disgust"", ""intensity"": ""moderate""}"
EN_02_10_01_1_2,both,neutral,none,"{""emotion"": ""neutral"", ""intensity"": ""none""}"
EN_02_10_01_2_2,both,confidence,low,"{""emotion"": ""confidence"", ""intensity"": ""low""}"
EN_02_10_02_1_2,both,confidence,low,"{""emotion"": ""confidence"", ""intensity"": ""low""}"
EN_02_10_02_2_2,both,confidence,low,"{""emotion"": ""confidence"", ""intensity"": ""low""}"
EN_02_10_03_1_2,both,confidence,low,"{""emotion"": ""confidence"", ""intensity"": ""moderate""}"
EN_02_10_03_2_2,both,confidence,low,"{""emotion"": ""confidence"", ""intensity"": ""low""}"
EN_02_10_04_1_2,both,sadness,low,"{""emotion"": ""sadness"", ""intensity"": ""low""}"
EN_02_10_04_2_2,both,happiness,low,"{""emotion"": ""happiness"", ""intensity"": ""low""}"
EN_02_10_05_1_2,both,neutral,none,"{""emotion"": ""neutral"", ""intensity"": ""none""}"
EN_02_10_05_2_2,both,neutral,none,"{""emotion"": ""neutral"", ""intensity"": ""none""}"
EN_02_10_06_1_2,both,confidence,low,"{""emotion"": ""confidence"", ""intensity"": ""low""}"
EN_02_10_06_2_2,both,disgust,low,"{""emotion"": ""disgust"", ""intensity"": ""low""}"
EN_02_10_07_1_2,both,neutral,none,"{""emotion"": ""neutral"", ""intensity"": ""none""}"
EN_02_10_07_2_2,both,sadness,low,"{""emotion"": ""sadness"", ""intensity"": ""low""}"
EN_02_10_08_1_2,both,disgust,high,"{""emotion"": ""disgust"", ""intensity"": ""high""}"
EN_02_10_08_2_2,both,disgust,low,"{""emotion"": ""disgust"", ""intensity"": ""low""}"
EN_02_10_09_1_2,both,neutral,none,"{""emotion"": ""neutral"", ""intensity"": ""none""}"
EN_02_10_09_2_2,both,sadness,high,"{""emotion"": ""sadness"", ""intensity"": ""high""}"
EN_02_10_10_1_2,both,contempt,low,"{""emotion"": ""contempt"", ""intensity"": ""moderate""}"
EN_02_10_10_2_2,both,contempt,low,"{""emotion"": ""contempt"", ""intensity"": ""moderate""}"
EN_03_00_01,both,neutral,none,"{""emotion"": ""neutral"", ""intensity"": ""none""}"
EN_03_00_02,both,confidence,low,"{""emotion"": ""confidence"", ""intensity"": ""low""}"
EN_03_00_03,both,confidence,low,"{""emotion"": ""confidence"", ""intensity"": ""low""}"
EN_03_00_04,both,sadness,low,"{""emotion"": ""sadness"", ""intensity"": ""low""}"
EN_03_00_05,both,neutral,none,"{""emotion"": ""neutral"", ""intensity"": ""none""}"
EN_03_00_06,both,confidence,high,"{""emotion"": ""confidence"", ""intensity"": ""high""}"
EN_03_00_07,both,neutral,none,"{""emotion"": ""neutral"", ""intensity"": ""none""}"
EN_03_00_08,both,disgust,low,"{""emotion"": ""disgust"", ""intensity"": ""low""}"
EN_03_00_09,both,neutral,none,"{""emotion"": ""neutral"", ""intensity"": ""none""}"
EN_03_00_10,both,contempt,high,"{""emotion"": ""contempt"", ""intensity"": ""high""}"
EN_03_01_01_1_2,both,confidence,high,"{""emotion"": ""confidence"", ""intensity"": ""high""}"
EN_03_01_01_2_2,both,confidence,low,"{""emotion"": ""confidence"", ""intensity"": ""low""}"
EN_03_01_02_1_2,both,confidence,low,"{""emotion"": ""confidence"", ""intensity"": ""low""}"
EN_03_01_02_2_2,both,confidence,low,"{""emotion"": ""confidence"", ""intensity"": ""low""}"
EN_03_01_03_1_2,both,confidence,low,"{""emotion"": ""confidence"", ""intensity"": ""low""}"
EN_03_01_03_2_2,both,confidence,high,"{""emotion"": ""confidence"", ""intensity"": ""high""}"
EN_03_01_04_1_2,both,surprise,high,"{""emotion"": ""surprise"", ""intensity"": ""high""}"
EN_03_01_04_2_2,both,confidence,high,"{""emotion"": ""confidence"", ""intensity"": ""high""}"
EN_03_01_05_1_2,both,neutral,none,"{""emotion"": ""neutral"", ""intensity"": ""none""}"
EN_03_01_05_2_2,both,confidence,high,"{""emotion"": ""confidence"", ""intensity"": ""high""}"
EN_03_01_06_1_2,both,neutral,none,"{""emotion"": ""neutral"", ""intensity"": ""none""}"
EN_03_01_06_2_2,both,confidence,high,"{""emotion"": ""confidence"", ""intensity"": ""high""}"
EN_03_01_07_1_2,both,neutral,none,"{""emotion"": ""neutral"", ""intensity"": ""none""}"
EN_03_01_07_2_2,both,confidence,high,"{""emotion"": ""confidence"", ""intensity"": ""high""}"
EN_03_01_08_1_2,both,neutral,none,"{""emotion"": ""neutral"", ""intensity"": ""none""}"
EN_03_01_08_2_2,both,disgust,high,"{""emotion"": ""disgust"", ""intensity"": ""high""}"
EN_03_01_09_1_2,both,neutral,none,"{""emotion"": ""neutral"", ""intensity"": ""none""}"
EN_03_01_09_2_2,both,confidence,high,"{""emotion"": ""confidence"", ""intensity"": ""high""}"
EN_03_01_10_1_2,both,neutral,none,"{""emotion"": ""neutral"", ""intensity"": ""none""}"
EN_03_01_10_2_2,both,contempt,high,"{""emotion"": ""contempt"", ""intensity"": ""high""}"
EN_03_02_01_1_2,both,neutral,none,"{""emotion"": ""neutral"", ""intensity"": ""none""}"
EN_03_02_01_2_2,both,confidence,high,"{""emotion"": ""confidence"", ""intensity"": ""high""}"
EN_03_02_02_1_2,both,confidence,low,"{""emotion"": ""confidence"", ""intensity"": ""low""}"
EN_03_02_02_2_2,both,confidence,high,"{""emotion"": ""confidence"", ""intensity"": ""high""}"
EN_03_02_03_1_2,both,confidence,low,"{""emotion"": ""confidence"", ""intensity"": ""low""}"
EN_03_02_03_2_2,both,confidence,high,"{""emotion"": ""confidence"", ""intensity"": ""high""}"
EN_03_02_04_1_2,both,sadness,low,"{""emotion"": ""sadness"", ""intensity"": ""low""}"
EN_03_02_04_2_2,both,confidence,high,"{""emotion"": ""confidence"", ""intensity"": ""high""}"
EN_03_02_05_1_2,both,neutral,none,"{""emotion"": ""neutral"", ""intensity"": ""none""}"
EN_03_02_05_2_2,both,confidence,high,"{""emotion"": ""confidence"", ""intensity"": ""high""}"
EN_03_02_06_1_2,both,confidence,low,"{""emotion"": ""confidence"", ""intensity"": ""low""}"
EN_03_02_06_2_2,both,happiness,high,"{""emotion"": ""happiness"", ""intensity"": ""high""}"
EN_03_02_07_1_2,both,neutral,none,"{""emotion"": ""neutral"", ""intensity"": ""none""}"
EN_03_02_07_2_2,both,confidence,high,"{""emotion"": ""confidence"", ""intensity"": ""high""}"
EN_03_02_08_1_2,both,contempt,high,"{""emotion"": ""contempt"", ""intensity"": ""high""}"
EN_03_02_08_2_2,both,confidence,high,"{""emotion"": ""confidence"", ""intensity"": ""high""}"
EN_03_02_09_1_2,both,confidence,high,"{""emotion"": ""confidence"", ""intensity"": ""high""}"
EN_03_02_09_2_2,both,confidence,high,"{""emotion"": ""confidence"", ""intensity"": ""high""}"
EN_03_02_10_1_2,both,contempt,high,"{""emotion"": ""contempt"", ""intensity"": ""high""}"
EN_03_02_10_2_2,both,contempt,high,"{""emotion"": ""contempt"", ""intensity"": ""high""}"
EN_03_03_01_1_2,both,confusion,high,"{""emotion"": ""confusion"", ""intensity"": ""high""}"
EN_03_03_01_2_2,both,anger,high,"{""emotion"": ""anger"", ""intensity"": ""high""}"
EN_03_03_02_1_2,both,anger,high,"{""emotion"": ""anger"", ""intensity"": ""high""}"
EN_03_03_02_2_2,both,confidence,high,"{""emotion"": ""confidence"", ""intensity"": ""high""}"
EN_03_03_03_1_2,both,confidence,high,"{""emotion"": ""confidence"", ""intensity"": ""high""}"
EN_03_03_03_2_2,both,confidence,high,"{""emotion"": ""confidence"", ""intensity"": ""high""}"
EN_03_03_04_1_2,both,contempt,high,"{""emotion"": ""contempt"", ""intensity"": ""high""}"
EN_03_03_04_2_2,both,confidence,high,"{""emotion"": ""confidence"", ""intensity"": ""high""}"
EN_03_03_05_1_2,both,confusion,high,"{""emotion"": ""confusion"", ""intensity"": ""high""}"
EN_03_03_05_2_2,both,confidence,high,"{""emotion"": ""confidence"", ""intensity"": ""high""}"
EN_03_03_06_1_2,both,contempt,high,"{""emotion"": ""contempt"", ""intensity"": ""high""}"
EN_03_03_06_2_2,both,confidence,high,"{""emotion"": ""confidence"", ""intensity"": ""high""}"
EN_03_03_07_1_2,both,anger,high,"{""emotion"": ""anger"", ""intensity"": ""high""}"
EN_03_03_07_2_2,both,anger,high,"{""emotion"": ""anger"", ""intensity"": ""high""}"
EN_03_03_08_1_2,both,disgust,high,"{""emotion"": ""disgust"", ""intensity"": ""high""}"
EN_03_03_08_2_2,both,disgust,high,"{""emotion"": ""disgust"", ""intensity"": ""high""}"
EN_03_03_09_1_2,both,confidence,high,"{""emotion"": ""confidence"", ""intensity"": ""high""}"
EN_03_03_09_2_2,both,confidence,high,"{""emotion"": ""confidence"", ""intensity"": ""high""}"
EN_03_03_10_1_2,both,contempt,high,"{""emotion"": ""contempt"", ""intensity"": ""high""}"
EN_03_03_10_2_2,both,contempt,high,"{""emotion"": ""contempt"", ""intensity"": ""high""}"
EN_03_04_01_1_2,both,neutral,none,"{""emotion"": ""neutral"", ""intensity"": ""none""}"
EN_03_04_01_2_2,both,neutral,none,"{""emotion"": ""neutral"", ""intensity"": ""none""}"
EN_03_04_02_1_2,both,neutral,none,"{""emotion"": ""neutral"", ""intensity"": ""none""}"
EN_03_04_02_2_2,both,confidence,high,"{""emotion"": ""confidence"", ""intensity"": ""high""}"
EN_03_04_03_1_2,both,confidence,low,"{""emotion"": ""confidence"", ""intensity"": ""low""}"
EN_03_04_03_2_2,both,confidence,high,"{""emotion"": ""confidence"", ""intensity"": ""high""}"
EN_03_04_04_1_2,both,sadness,low,"{""emotion"": ""sadness"", ""intensity"": ""low""}"
EN_03_04_04_2_2,both,surprise,high,"{""emotion"": ""surprise"", ""intensity"": ""high""}"
EN_03_04_05_1_2,both,neutral,none,"{""emotion"": ""neutral"", ""intensity"": ""none""}"
EN_03_04_05_2_2,both,neutral,none,"{""emotion"": ""neutral"", ""intensity"": ""none""}"
EN_03_04_06_1_2,both,confidence,low,"{""emotion"": ""confidence"", ""intensity"": ""low""}"
EN_03_04_06_2_2,both,confidence,high,"{""emotion"": ""confidence"", ""intensity"": ""high""}"
EN_03_04_07_1_2,both,neutral,none,"{""emotion"": ""neutral"", ""intensity"": ""none""}"
EN_03_04_07_2_2,both,neutral,none,"{""emotion"": ""neutral"", ""intensity"": ""none""}"
EN_03_04_08_1_2,both,neutral,none,"{""emotion"": ""neutral"", ""intensity"": ""none""}"
EN_03_04_08_2_2,both,neutral,none,"{""emotion"": ""neutral"", ""intensity"": ""none""}"
EN_03_04_09_1_2,both,confidence,high,"{""emotion"": ""confidence"", ""intensity"": ""high""}"
EN_03_04_09_2_2,both,confidence,high,"{""emotion"": ""confidence"", ""intensity"": ""high""}"
EN_03_04_10_1_2,both,contempt,low,"{""emotion"": ""contempt"", ""intensity"": ""low""}"
EN_03_04_10_2_2,both,contempt,high,"{""emotion"": ""contempt"", ""intensity"": ""high""}"
EN_03_05_01_1_2,both,confidence,high,"{""emotion"": ""confidence"", ""intensity"": ""high""}"
EN_03_05_01_2_2,both,confidence,low,"{""emotion"": ""confidence"", ""intensity"": ""low""}"
EN_03_05_02_1_2,both,confidence,low,"{""emotion"": ""confidence"", ""intensity"": ""low""}"
EN_03_05_02_2_2,both,confidence,low,"{""emotion"": ""confidence"", ""intensity"": ""low""}"
EN_03_05_03_1_2,both,confidence,high,"{""emotion"": ""confidence"", ""intensity"": ""high""}"
EN_03_05_03_2_2,both,confidence,low,"{""emotion"": ""confidence"", ""intensity"": ""low""}"
EN_03_05_04_1_2,both,disgust,low,"{""emotion"": ""disgust"", ""intensity"": ""low""}"
EN_03_05_04_2_2,both,disgust,low,"{""emotion"": ""disgust"", ""intensity"": ""low""}"
EN_03_05_05_1_2,both,contempt,low,"{""emotion"": ""contempt"", ""intensity"": ""moderate""}"
EN_03_05_05_2_2,both,confidence,high,"{""emotion"": ""confidence"", ""intensity"": ""high""}"
EN_03_05_06_1_2,both,disgust,low,"{""emotion"": ""disgust"", ""intensity"": ""low""}"
EN_03_05_06_2_2,both,neutral,none,"{""emotion"": ""neutral"", ""intensity"": ""none""}"
EN_03_05_07_1_2,both,confidence,low,"{""emotion"": ""confidence"", ""intensity"": ""low""}"
EN_03_05_07_2_2,both,confidence,high,"{""emotion"": ""confidence"", ""intensity"": ""high""}"
EN_03_05_08_1_2,both,disgust,low,"{""emotion"": ""disgust"", ""intensity"": ""low""}"
EN_03_05_08_2_2,both,neutral,none,"{""emotion"": ""neutral"", ""intensity"": ""none""}"
EN_03_05_09_1_2,both,neutral,none,"{""emotion"": ""neutral"", ""intensity"": ""none""}"
EN_03_05_09_2_2,both,neutral,none,"{""emotion"": ""neutral"", ""intensity"": ""none""}"
EN_03_05_10_1_2,both,contempt,high,"{""emotion"": ""contempt"", ""intensity"": ""high""}"
EN_03_05_10_2_2,both,contempt,high,"{""emotion"": ""contempt"", ""intensity"": ""high""}"
EN_03_06_01_1_2,both,neutral,none,"{""emotion"": ""neutral"", ""intensity"": ""none""}"
EN_03_06_01_2_2,both,confidence,low,"{""emotion"": ""confidence"", ""intensity"": ""low""}"
EN_03_06_02_1_2,both,confidence,high,"{""emotion"": ""confidence"", ""intensity"": ""high""}"
EN_03_06_02_2_2,both,confidence,high,"{""emotion"": ""confidence"", ""intensity"": ""high""}"
EN_03_06_03_1_2,both,confidence,high,"{""emotion"": ""confidence"", ""intensity"": ""high""}"
EN_03_06_03_2_2,both,confidence,high,"{""emotion"": ""confidence"", ""intensity"": ""high""}"
EN_03_06_04_1_2,both,sadness,low,"{""emotion"": ""sadness"", ""intensity"": ""low""}"
EN_03_06_04_2_2,both,disgust,high,"{""emotion"": ""disgust"", ""intensity"": ""high""}"
EN_03_06_05_1_2,both,confidence,high,"{""emotion"": ""confidence"", ""intensity"": ""high""}"
EN_03_06_05_2_2,both,confidence,high,"{""emotion"": ""confidence"", ""intensity"": ""high""}"
EN_03_06_06_1_2,both,disgust,low,"{""emotion"": ""disgust"", ""intensity"": ""low""}"
EN_03_06_06_2_2,both,confidence,high,"{""emotion"": ""confidence"", ""intensity"": ""high""}"
EN_03_06_07_1_2,both,neutral,none,"{""emotion"": ""neutral"", ""intensity"": ""none""}"
EN_03_06_07_2_2,both,anger,high,"{""emotion"": ""anger"", ""intensity"": ""high""}"
EN_03_06_08_1_2,both,disgust,high,"{""emotion"": ""disgust"", ""intensity"": ""high""}"
EN_03_06_08_2_2,both,disgust,high,"{""emotion"": ""disgust"", ""intensity"": ""high""}"
EN_03_06_09_1_2,both,neutral,none,"{""emotion"": ""neutral"", ""intensity"": ""none""}"
EN_03_06_09_2_2,both,confidence,high,"{""emotion"": ""confidence"", ""intensity"": ""high""}"
EN_03_06_10_1_2,both,contempt,low,"{""emotion"": ""contempt"", ""intensity"": ""low""}"
EN_03_06_10_2_2,both,contempt,high,"{""emotion"": ""contempt"", ""intensity"": ""high""}"
EN_03_07_01_1_2,both,neutral,none,"{""emotion"": ""neutral"", ""intensity"": ""none""}"
EN_03_07_01_2_2,both,confidence,low,"{""emotion"": ""confidence"", ""intensity"": ""low""}"
EN_03_07_02_1_2,both,confidence,low,"{""emotion"": ""confidence"", ""intensity"": ""low""}"
EN_03_07_02_2_2,both,confidence,high,"{""emotion"": ""confidence"", ""intensity"": ""high""}"
EN_03_07_03_1_2,both,confidence,high,"{""emotion"": ""confidence"", ""intensity"": ""high""}"
EN_03_07_03_2_2,both,confidence,low,"{""emotion"": ""confidence"", ""intensity"": ""low""}"
EN_03_07_04_1_2,both,sadness,low,"{""emotion"": ""sadness"", ""intensity"": ""low""}"
EN_03_07_04_2_2,both,sadness,low,"{""emotion"": ""sadness"", ""intensity"": ""low""}"
EN_03_07_05_1_2,both,neutral,none,"{""emotion"": ""neutral"", ""intensity"": ""none""}"
EN_03_07_05_2_2,both,confidence,high,"{""emotion"": ""confidence"", ""intensity"": ""high""}"
EN_03_07_06_1_2,both,neutral,none,"{""emotion"": ""neutral"", ""intensity"": ""none""}"
EN_03_07_06_2_2,both,confidence,low,"{""emotion"": ""confidence"", ""intensity"": ""low""}"
EN_03_07_07_1_2,both,confusion,low,"{""emotion"": ""confusion"", ""intensity"": ""low""}"
EN_03_07_07_2_2,both,neutral,none,"{""emotion"": ""neutral"", ""intensity"": ""none""}"
EN_03_07_08_1_2,both,neutral,none,"{""emotion"": ""neutral"", ""intensity"": ""none""}"
EN_03_07_08_2_2,both,disgust,high,"{""emotion"": ""disgust"", ""intensity"": ""high""}"
EN_03_07_09_1_2,both,neutral,none,"{""emotion"": ""neutral"", ""intensity"": ""none""}"
EN_03_07_09_2_2,both,confidence,high,"{""emotion"": ""confidence"", ""intensity"": ""high""}"
EN_03_07_10_1_2,both,contempt,low,"{""emotion"": ""contempt"", ""intensity"": ""low""}"
EN_03_07_10_2_2,both,contempt,high,"{""emotion"": ""contempt"", ""intensity"": ""high""}"
EN_03_08_01_1_2,both,neutral,none,"{""emotion"": ""neutral"", ""intensity"": ""none""}"
EN_03_08_01_2_2,both,confidence,high,"{""emotion"": ""confidence"", ""intensity"": ""high""}"
EN_03_08_02_1_2,both,confidence,high,"{""emotion"": ""confidence"", ""intensity"": ""high""}"
EN_03_08_02_2_2,both,confidence,low,"{""emotion"": ""confidence"", ""intensity"": ""low""}"
EN_03_08_03_1_2,both,confidence,high,"{""emotion"": ""confidence"", ""intensity"": ""high""}"
EN_03_08_03_2_2,both,confidence,high,"{""emotion"": ""confidence"", ""intensity"": ""high""}"
EN_03_08_04_1_2,both,sadness,low,"{""emotion"": ""sadness"", ""intensity"": ""low""}"
EN_03_08_04_2_2,both,sadness,low,"{""emotion"": ""sadness"", ""intensity"": ""moderate""}"
EN_03_08_05_1_2,both,neutral,none,"{""emotion"": ""neutral"", ""intensity"": ""none""}"
EN_03_08_05_2_2,both,confidence,high,"{""emotion"": ""confidence"", ""intensity"": ""high""}"
EN_03_08_06_1_2,both,confidence,low,"{""emotion"": ""confidence"", ""intensity"": ""low""}"
EN_03_08_06_2_2,both,confidence,high,"{""emotion"": ""confidence"", ""intensity"": ""high""}"
EN_03_08_07_1_2,both,neutral,none,"{""emotion"": ""neutral"", ""intensity"": ""none""}"
EN_03_08_07_2_2,both,confusion,low,"{""emotion"": ""confusion"", ""intensity"": ""low""}"
EN_03_08_08_1_2,both,disgust,high,"{""emotion"": ""disgust"", ""intensity"": ""high""}"
EN_03_08_08_2_2,both,neutral,none,"{""emotion"": ""neutral"", ""intensity"": ""none""}"
EN_03_08_09_1_2,both,neutral,none,"{""emotion"": ""neutral"", ""intensity"": ""none""}"
EN_03_08_09_2_2,both,neutral,none,"{""emotion"": ""neutral"", ""intensity"": ""none""}"
EN_03_08_10_1_2,both,contempt,low,"{""emotion"": ""contempt"", ""intensity"": ""low""}"
EN_03_08_10_2_2,both,contempt,low,"{""emotion"": ""contempt"", ""intensity"": ""low""}"
EN_03_09_01_1_2,both,neutral,none,"{""emotion"": ""neutral"", ""intensity"": ""none""}"
EN_03_09_01_2_2,both,confidence,high,"{""emotion"": ""confidence"", ""intensity"": ""high""}"
EN_03_09_02_1_2,both,confidence,low,"{""emotion"": ""confidence"", ""intensity"": ""low""}"
EN_03_09_02_2_2,both,confidence,high,"{""emotion"": ""confidence"", ""intensity"": ""high""}"
EN_03_09_03_1_2,both,confidence,low,"{""emotion"": ""confidence"", ""intensity"": ""low""}"
EN_03_09_03_2_2,both,confidence,high,"{""emotion"": ""confidence"", ""intensity"": ""high""}"
EN_03_09_04_1_2,both,sadness,low,"{""emotion"": ""sadness"", ""intensity"": ""low""}"
EN_03_09_04_2_2,both,surprise,low,"{""emotion"": ""surprise"", ""intensity"": ""moderate""}"
EN_03_09_05_1_2,both,neutral,low,"{""emotion"": ""neutral"", ""intensity"": ""low""}"
EN_03_09_05_2_2,both,confidence,high,"{""emotion"": ""confidence"", ""intensity"": ""high""}"
EN_03_09_06_1_2,both,neutral,none,"{""emotion"": ""neutral"", ""intensity"": ""none""}"
EN_03_09_06_2_2,both,confidence,low,"{""emotion"": ""confidence"", ""intensity"": ""low""}"
EN_03_09_07_1_2,both,neutral,none,"{""emotion"": ""neutral"", ""intensity"": ""none""}"
EN_03_09_07_2_2,both,anger,high,"{""emotion"": ""anger"", ""intensity"": ""high""}"
EN_03_09_08_1_2,both,neutral,none,"{""emotion"": ""neutral"", ""intensity"": ""none""}"
EN_03_09_08_2_2,both,confidence,high,"{""emotion"": ""confidence"", ""intensity"": ""high""}"
EN_03_09_09_1_2,both,neutral,none,"{""emotion"": ""neutral"", ""intensity"": ""none""}"
EN_03_09_09_2_2,both,confidence,high,"{""emotion"": ""confidence"", ""intensity"": ""high""}"
EN_03_09_10_1_2,both,contempt,high,"{""emotion"": ""contempt"", ""intensity"": ""high""}"
EN_03_09_10_2_2,both,contempt,high,"{""emotion"": ""contempt"", ""intensity"": ""high""}"
EN_03_10_01_1_2,both,neutral,none,"{""emotion"": ""neutral"", ""intensity"": ""none""}"
EN_03_10_01_2_2,both,confidence,low,"{""emotion"": ""confidence"", ""intensity"": ""low""}"
EN_03_10_02_1_2,both,confidence,high,"{""emotion"": ""confidence"", ""intensity"": ""high""}"
EN_03_10_02_2_2,both,confidence,low,"{""emotion"": ""confidence"", ""intensity"": ""low""}"
EN_03_10_03_1_2,both,confidence,low,"{""emotion"": ""confidence"", ""intensity"": ""low""}"
EN_03_10_03_2_2,both,confidence,high,"{""emotion"": ""confidence"", ""intensity"": ""high""}"
EN_03_10_04_1_2,both,sadness,low,"{""emotion"": ""sadness"", ""intensity"": ""low""}"
EN_03_10_04_2_2,both,sadness,low,"{""emotion"": ""sadness"", ""intensity"": ""low""}"
EN_03_10_05_1_2,both,confidence,low,"{""emotion"": ""confidence"", ""intensity"": ""low""}"
EN_03_10_05_2_2,both,confidence,low,"{""emotion"": ""confidence"", ""intensity"": ""low""}"
EN_03_10_06_1_2,both,confidence,low,"{""emotion"": ""confidence"", ""intensity"": ""low""}"
EN_03_10_06_2_2,both,neutral,none,"{""emotion"": ""neutral"", ""intensity"": ""none""}"
EN_03_10_07_1_2,both,neutral,none,"{""emotion"": ""neutral"", ""intensity"": ""none""}"
EN_03_10_07_2_2,both,neutral,none,"{""emotion"": ""neutral"", ""intensity"": ""none""}"
EN_03_10_08_1_2,both,neutral,none,"{""emotion"": ""neutral"", ""intensity"": ""none""}"
EN_03_10_08_2_2,both,neutral,none,"{""emotion"": ""neutral"", ""intensity"": ""none""}"
EN_03_10_09_1_2,both,neutral,none,"{""emotion"": ""neutral"", ""intensity"": ""none""}"
EN_03_10_09_2_2,both,neutral,none,"{""emotion"": ""neutral"", ""intensity"": ""none""}"
EN_03_10_10_1_2,both,neutral,none,"{""emotion"": ""neutral"", ""intensity"": ""none""}"
EN_03_10_10_2_2,both,contempt,high,"{""emotion"": ""contempt"", ""intensity"": ""high""}"
EN_04_00_01,both,neutral,none,"{""emotion"": ""neutral"", ""intensity"": ""none""}"
EN_04_00_02,both,confidence,low,"{""emotion"": ""confidence"", ""intensity"": ""low""}"
EN_04_00_03,both,confidence,low,"{""emotion"": ""confidence"", ""intensity"": ""low""}"
EN_04_00_04,both,sadness,low,"{""emotion"": ""sadness"", ""intensity"": ""low""}"
EN_04_00_05,both,neutral,none,"{""emotion"": ""neutral"", ""intensity"": ""none""}"
EN_04_00_06,both,neutral,none,"{""emotion"": ""neutral"", ""intensity"": ""none""}"
EN_04_00_07,both,neutral,none,"{""emotion"": ""neutral"", ""intensity"": ""none""}"
EN_04_00_08,both,neutral,none,"{""emotion"": ""neutral"", ""intensity"": ""none""}"
EN_04_00_09,both,neutral,none,"{""emotion"": ""neutral"", ""intensity"": ""none""}"
EN_04_00_10,both,contempt,low,"{""emotion"": ""contempt"", ""intensity"": ""low""}"
EN_04_01_01_1_2,both,sadness,high,"{""emotion"": ""sadness"", ""intensity"": ""high""}"
EN_04_01_01_2_2,both,sadness,high,"{""emotion"": ""sadness"", ""intensity"": ""high""}"
EN_04_01_02_1_2,both,confidence,low,"{""emotion"": ""confidence"", ""intensity"": ""low""}"
EN_04_01_02_2_2,both,confidence,low,"{""emotion"": ""confidence"", ""intensity"": ""low""}"
EN_04_01_03_1_2,both,confidence,low,"{""emotion"": ""confidence"", ""intensity"": ""low""}"
EN_04_01_03_2_2,both,contempt,low,"{""emotion"": ""contempt"", ""intensity"": ""moderate""}"
EN_04_01_04_1_2,both,sadness,high,"{""emotion"": ""sadness"", ""intensity"": ""high""}"
EN_04_01_04_2_2,both,sadness,high,"{""emotion"": ""sadness"", ""intensity"": ""high""}"
EN_04_01_05_1_2,both,confusion,high,"{""emotion"": ""confusion"", ""intensity"": ""high""}"
EN_04_01_05_2_2,both,confusion,high,"{""emotion"": ""confusion"", ""intensity"": ""high""}"
EN_04_01_06_1_2,both,disgust,high,"{""emotion"": ""disgust"", ""intensity"": ""high""}"
EN_04_01_06_2_2,both,disgust,high,"{""emotion"": ""disgust"", ""intensity"": ""high""}"
EN_04_01_07_1_2,both,sadness,high,"{""emotion"": ""sadness"", ""intensity"": ""high""}"
EN_04_01_07_2_2,both,sadness,high,"{""emotion"": ""sadness"", ""intensity"": ""high""}"
EN_04_01_08_1_2,both,disgust,high,"{""emotion"": ""disgust"", ""intensity"": ""high""}"
EN_04_01_08_2_2,both,disgust,high,"{""emotion"": ""disgust"", ""intensity"": ""high""}"
EN_04_01_09_1_2,both,sadness,high,"{""emotion"": ""sadness"", ""intensity"": ""high""}"
EN_04_01_09_2_2,both,sadness,high,"{""emotion"": ""sadness"", ""intensity"": ""high""}"
EN_04_01_10_1_2,both,disgust,high,"{""emotion"": ""disgust"", ""intensity"": ""high""}"
EN_04_01_10_2_2,both,contempt,high,"{""emotion"": ""contempt"", ""intensity"": ""high""}"
EN_04_02_01_1_2,both,disgust,low,"{""emotion"": ""disgust"", ""intensity"": ""low""}"
EN_04_02_01_2_2,both,disgust,low,"{""emotion"": ""disgust"", ""intensity"": ""low""}"
EN_04_02_02_1_2,both,confidence,low,"{""emotion"": ""confidence"", ""intensity"": ""low""}"
EN_04_02_02_2_2,both,anger,high,"{""emotion"": ""anger"", ""intensity"": ""high""}"
EN_04_02_03_1_2,both,confusion,low,"{""emotion"": ""confusion"", ""intensity"": ""low""}"
EN_04_02_03_2_2,both,confidence,high,"{""emotion"": ""confidence"", ""intensity"": ""high""}"
EN_04_02_04_1_2,both,sadness,low,"{""emotion"": ""sadness"", ""intensity"": ""low""}"
EN_04_02_04_2_2,both,sadness,low,"{""emotion"": ""sadness"", ""intensity"": ""low""}"
EN_04_02_05_1_2,both,confidence,low,"{""emotion"": ""confidence"", ""intensity"": ""low""}"
EN_04_02_05_2_2,both,surprise,high,"{""emotion"": ""surprise"", ""intensity"": ""high""}"
EN_04_02_06_1_2,both,disgust,low,"{""emotion"": ""disgust"", ""intensity"": ""moderate""}"
EN_04_02_06_2_2,both,disgust,low,"{""emotion"": ""disgust"", ""intensity"": ""moderate""}"
EN_04_02_07_1_2,both,anger,high,"{""emotion"": ""anger"", ""intensity"": ""high""}"
EN_04_02_07_2_2,both,surprise,high,"{""emotion"": ""surprise"", ""intensity"": ""high""}"
EN_04_02_08_1_2,both,disgust,low,"{""emotion"": ""disgust"", ""intensity"": ""moderate""}"
EN_04_02_08_2_2,both,disgust,high,"{""emotion"": ""disgust"", ""intensity"": ""high""}"
EN_04_02_09_1_2,both,confidence,high,"{""emotion"": ""confidence"", ""intensity"": ""high""}"
EN_04_02_09_2_2,both,confidence,high,"{""emotion"": ""confidence"", ""intensity"": ""high""}"
EN_04_02_10_1_2,both,disgust,low,"{""emotion"": ""disgust"", ""intensity"": ""low""}"
EN_04_02_10_2_2,both,contempt,high,"{""emotion"": ""contempt"", ""intensity"": ""high""}"
EN_04_03_01_1_2,both,happiness,low,"{""emotion"": ""happiness"", ""intensity"": ""moderate""}"
EN_04_03_01_2_2,both,sadness,low,"{""emotion"": ""sadness"", ""intensity"": ""low""}"
EN_04_03_02_1_2,both,confusion,low,"{""emotion"": ""confusion"", ""intensity"": ""low""}"
EN_04_03_02_2_2,both,confidence,high,"{""emotion"": ""confidence"", ""intensity"": ""high""}"
EN_04_03_03_1_2,both,confidence,high,"{""emotion"": ""confidence"", ""intensity"": ""high""}"
EN_04_03_03_2_2,both,confidence,high,"{""emotion"": ""confidence"", ""intensity"": ""high""}"
EN_04_03_04_1_2,both,sadness,low,"{""emotion"": ""sadness"", ""intensity"": ""low""}"
EN_04_03_04_2_2,both,surprise,high,"{""emotion"": ""surprise"", ""intensity"": ""high""}"
EN_04_03_05_1_2,both,disgust,low,"{""emotion"": ""disgust"", ""intensity"": ""moderate""}"
EN_04_03_05_2_2,both,confusion,high,"{""emotion"": ""confusion"", ""intensity"": ""high""}"
EN_04_03_06_1_2,both,disgust,low,"{""emotion"": ""disgust"", ""intensity"": ""moderate""}"
EN_04_03_06_2_2,both,disgust,low,"{""emotion"": ""disgust"", ""intensity"": ""low""}"
EN_04_03_07_1_2,both,sadness,high,"{""emotion"": ""sadness"", ""intensity"": ""high""}"
EN_04_03_07_2_2,both,disgust,low,"{""emotion"": ""disgust"", ""intensity"": ""low""}"
EN_04_03_08_1_2,both,disgust,high,"{""emotion"": ""disgust"", ""intensity"": ""high""}"
EN_04_03_08_2_2,both,disgust,low,"{""emotion"": ""disgust"", ""intensity"": ""low""}"
EN_04_03_09_1_2,both,sadness,high,"{""emotion"": ""sadness"", ""intensity"": ""high""}"
EN_04_03_09_2_2,both,sadness,low,"{""emotion"": ""sadness"", ""intensity"": ""moderate""}"
EN_04_03_10_1_2,both,disgust,low,"{""emotion"": ""disgust"", ""intensity"": ""low""}"
EN_04_03_10_2_2,both,contempt,high,"{""emotion"": ""contempt"", ""intensity"": ""high""}"
EN_04_04_01_1_2,both,neutral,none,"{""emotion"": ""neutral"", ""intensity"": ""none""}"
EN_04_04_01_2_2,both,confusion,high,"{""emotion"": ""confusion"", ""intensity"": ""high""}"
EN_04_04_02_1_2,both,confidence,low,"{""emotion"": ""confidence"", ""intensity"": ""low""}"
EN_04_04_02_2_2,both,confidence,high,"{""emotion"": ""confidence"", ""intensity"": ""high""}"
EN_04_04_03_1_2,both,confidence,high,"{""emotion"": ""confidence"", ""intensity"": ""high""}"
EN_04_04_03_2_2,both,confusion,low,"{""emotion"": ""confusion"", ""intensity"": ""low""}"
EN_04_04_04_1_2,both,sadness,low,"{""emotion"": ""sadness"", ""intensity"": ""low""}"
EN_04_04_04_2_2,both,sadness,low,"{""emotion"": ""sadness"", ""intensity"": ""low""}"
EN_04_04_05_1_2,both,neutral,none,"{""emotion"": ""neutral"", ""intensity"": ""none""}"
EN_04_04_05_2_2,both,confusion,high,"{""emotion"": ""confusion"", ""intensity"": ""high""}"
EN_04_04_06_1_2,both,confidence,low,"{""emotion"": ""confidence"", ""intensity"": ""low""}"
EN_04_04_06_2_2,both,disgust,high,"{""emotion"": ""disgust"", ""intensity"": ""high""}"
EN_04_04_07_1_2,both,sadness,high,"{""emotion"": ""sadness"", ""intensity"": ""high""}"
EN_04_04_07_2_2,both,surprise,high,"{""emotion"": ""surprise"", ""intensity"": ""high""}"
EN_04_04_08_1_2,both,disgust,high,"{""emotion"": ""disgust"", ""intensity"": ""high""}"
EN_04_04_08_2_2,both,disgust,high,"{""emotion"": ""disgust"", ""intensity"": ""high""}"
EN_04_04_09_1_2,both,sadness,high,"{""emotion"": ""sadness"", ""intensity"": ""high""}"
EN_04_04_09_2_2,both,confidence,high,"{""emotion"": ""confidence"", ""intensity"": ""high""}"
EN_04_04_10_1_2,both,sadness,high,"{""emotion"": ""sadness"", ""intensity"": ""high""}"
EN_04_04_10_2_2,both,contempt,low,"{""emotion"": ""contempt"", ""intensity"": ""moderate""}"
EN_04_05_01_1_2,both,sadness,high,"{""emotion"": ""sadness"", ""intensity"": ""high""}"
EN_04_05_01_2_2,both,neutral,none,"{""emotion"": ""neutral"", ""intensity"": ""none""}"
EN_04_05_02_1_2,both,confidence,low,"{""emotion"": ""confidence"", ""intensity"": ""low""}"
EN_04_05_02_2_2,both,confidence,high,"{""emotion"": ""confidence"", ""intensity"": ""high""}"
EN_04_05_03_1_2,both,confidence,high,"{""emotion"": ""confidence"", ""intensity"": ""high""}"
EN_04_05_03_2_2,both,contempt,high,"{""emotion"": ""contempt"", ""intensity"": ""high""}"
EN_04_05_04_1_2,both,neutral,none,"{""emotion"": ""neutral"", ""intensity"": ""none""}"
EN_04_05_04_2_2,both,disgust,high,"{""emotion"": ""disgust"", ""intensity"": ""high""}"
EN_04_05_05_1_2,both,confidence,low,"{""emotion"": ""confidence"", ""intensity"": ""low""}"
EN_04_05_05_2_2,both,contempt,high,"{""emotion"": ""contempt"", ""intensity"": ""high""}"
EN_04_05_06_1_2,both,disgust,high,"{""emotion"": ""disgust"", ""intensity"": ""high""}"
EN_04_05_06_2_2,both,confidence,high,"{""emotion"": ""confidence"", ""intensity"": ""high""}"
EN_04_05_07_1_2,both,sadness,low,"{""emotion"": ""sadness"", ""intensity"": ""low""}"
EN_04_05_07_2_2,both,neutral,none,"{""emotion"": ""neutral"", ""intensity"": ""none""}"
EN_04_05_08_1_2,both,disgust,low,"{""emotion"": ""disgust"", ""intensity"": ""low""}"
EN_04_05_08_2_2,both,disgust,high,"{""emotion"": ""disgust"", ""intensity"": ""high""}"
EN_04_05_09_1_2,both,neutral,none,"{""emotion"": ""neutral"", ""intensity"": ""none""}"
EN_04_05_09_2_2,both,disgust,high,"{""emotion"": ""disgust"", ""intensity"": ""high""}"
EN_04_05_10_1_2,both,contempt,low,"{""emotion"": ""contempt"", ""intensity"": ""low""}"
EN_04_05_10_2_2,both,contempt,high,"{""emotion"": ""contempt"", ""intensity"": ""high""}"
EN_04_06_01_1_2,both,neutral,none,"{""emotion"": ""neutral"", ""intensity"": ""none""}"
EN_04_06_01_2_2,both,surprise,high,"{""emotion"": ""surprise"", ""intensity"": ""high""}"
EN_04_06_02_1_2,both,confusion,high,"{""emotion"": ""confusion"", ""intensity"": ""high""}"
EN_04_06_02_2_2,both,confusion,low,"{""emotion"": ""confusion"", ""intensity"": ""low""}"
EN_04_06_03_1_2,both,contempt,high,"{""emotion"": ""contempt"", ""intensity"": ""high""}"
EN_04_06_03_2_2,both,contempt,high,"{""emotion"": ""contempt"", ""intensity"": ""high""}"
EN_04_06_04_1_2,both,sadness,low,"{""emotion"": ""sadness"", ""intensity"": ""low""}"
EN_04_06_04_2_2,both,surprise,high,"{""emotion"": ""surprise"", ""intensity"": ""high""}"
EN_04_06_05_1_2,both,neutral,none,"{""emotion"": ""neutral"", ""intensity"": ""none""}"
EN_04_06_05_2_2,both,confusion,high,"{""emotion"": ""confusion"", ""intensity"": ""high""}"
EN_04_06_06_1_2,both,neutral,none,"{""emotion"": ""neutral"", ""intensity"": ""none""}"
EN_04_06_06_2_2,both,disgust,high,"{""emotion"": ""disgust"", ""intensity"": ""high""}"
EN_04_06_07_1_2,both,sadness,high,"{""emotion"": ""sadness"", ""intensity"": ""high""}"
EN_04_06_07_2_2,both,confusion,low,"{""emotion"": ""confusion"", ""intensity"": ""low""}"
EN_04_06_08_1_2,both,sadness,low,"{""emotion"": ""sadness"", ""intensity"": ""moderate""}"
EN_04_06_08_2_2,both,disgust,low,"{""emotion"": ""disgust"", ""intensity"": ""low""}"
EN_04_06_09_1_2,both,disgust,low,"{""emotion"": ""disgust"", ""intensity"": ""moderate""}"
EN_04_06_09_2_2,both,confidence,low,"{""emotion"": ""confidence"", ""intensity"": ""low""}"
EN_04_06_10_1_2,both,contempt,high,"{""emotion"": ""contempt"", ""intensity"": ""high""}"
EN_04_06_10_2_2,both,contempt,low,"{""emotion"": ""contempt"", ""intensity"": ""moderate""}"
EN_04_07_01_1_2,both,neutral,none,"{""emotion"": ""neutral"", ""intensity"": ""none""}"
EN_04_07_01_2_2,both,neutral,none,"{""emotion"": ""neutral"", ""intensity"": ""none""}"
EN_04_07_02_1_2,both,confidence,low,"{""emotion"": ""confidence"", ""intensity"": ""low""}"
EN_04_07_02_2_2,both,confidence,low,"{""emotion"": ""confidence"", ""intensity"": ""low""}"
EN_04_07_03_1_2,both,sadness,high,"{""emotion"": ""sadness"", ""intensity"": ""high""}"
EN_04_07_03_2_2,both,confidence,high,"{""emotion"": ""confidence"", ""intensity"": ""high""}"
EN_04_07_04_1_2,both,sadness,low,"{""emotion"": ""sadness"", ""intensity"": ""low""}"
EN_04_07_04_2_2,both,sadness,high,"{""emotion"": ""sadness"", ""intensity"": ""high""}"
EN_04_07_05_1_2,both,neutral,none,"{""emotion"": ""neutral"", ""intensity"": ""none""}"
EN_04_07_05_2_2,both,confidence,low,"{""emotion"": ""confidence"", ""intensity"": ""low""}"
EN_04_07_06_1_2,both,neutral,none,"{""emotion"": ""neutral"", ""intensity"": ""none""}"
EN_04_07_06_2_2,both,confidence,high,"{""emotion"": ""confidence"", ""intensity"": ""high""}"
EN_04_07_07_1_2,both,confusion,low,"{""emotion"": ""confusion"", ""intensity"": ""low""}"
EN_04_07_07_2_2,both,anger,low,"{""emotion"": ""anger"", ""intensity"": ""low""}"
EN_04_07_08_1_2,both,neutral,none,"{""emotion"": ""neutral"", ""intensity"": ""none""}"
EN_04_07_08_2_2,both,disgust,high,"{""emotion"": ""disgust"", ""intensity"": ""high""}"
EN_04_07_09_1_2,both,neutral,none,"{""emotion"": ""neutral"", ""intensity"": ""none""}"
EN_04_07_09_2_2,both,confidence,low,"{""emotion"": ""confidence"", ""intensity"": ""low""}"
EN_04_07_10_1_2,both,contempt,low,"{""emotion"": ""contempt"", ""intensity"": ""low""}"
EN_04_07_10_2_2,both,contempt,low,"{""emotion"": ""contempt"", ""intensity"": ""moderate""}"
EN_04_08_01_1_2,both,neutral,none,"{""emotion"": ""neutral"", ""intensity"": ""none""}"
EN_04_08_01_2_2,both,sadness,high,"{""emotion"": ""sadness"", ""intensity"": ""high""}"
EN_04_08_02_1_2,both,anger,high,"{""emotion"": ""anger"", ""intensity"": ""high""}"
EN_04_08_02_2_2,both,anger,high,"{""emotion"": ""anger"", ""intensity"": ""high""}"
EN_04_08_03_1_2,both,confidence,low,"{""emotion"": ""confidence"", ""intensity"": ""low""}"
EN_04_08_03_2_2,both,confidence,high,"{""emotion"": ""confidence"", ""intensity"": ""high""}"
EN_04_08_04_1_2,both,sadness,high,"{""emotion"": ""sadness"", ""intensity"": ""high""}"
EN_04_08_04_2_2,both,sadness,low,"{""emotion"": ""sadness"", ""intensity"": ""low""}"
EN_04_08_05_1_2,both,neutral,none,"{""emotion"": ""neutral"", ""intensity"": ""none""}"
EN_04_08_05_2_2,both,disgust,low,"{""emotion"": ""disgust"", ""intensity"": ""low""}"
EN_04_08_06_1_2,both,disgust,low,"{""emotion"": ""disgust"", ""intensity"": ""low""}"
EN_04_08_06_2_2,both,happiness,high,"{""emotion"": ""happiness"", ""intensity"": ""high""}"
EN_04_08_07_1_2,both,confusion,low,"{""emotion"": ""confusion"", ""intensity"": ""moderate""}"
EN_04_08_07_2_2,both,surprise,high,"{""emotion"": ""surprise"", ""intensity"": ""high""}"
EN_04_08_08_1_2,both,disgust,high,"{""emotion"": ""disgust"", ""intensity"": ""high""}"
EN_04_08_08_2_2,both,disgust,high,"{""emotion"": ""disgust"", ""intensity"": ""high""}"
EN_04_08_09_1_2,both,disgust,low,"{""emotion"": ""disgust"", ""intensity"": ""low""}"
EN_04_08_09_2_2,both,confidence,high,"{""emotion"": ""confidence"", ""intensity"": ""high""}"
EN_04_08_10_1_2,both,disgust,low,"{""emotion"": ""disgust"", ""intensity"": ""low""}"
EN_04_08_10_2_2,both,contempt,high,"{""emotion"": ""contempt"", ""intensity"": ""high""}"
EN_04_09_01_1_2,both,disgust,high,"{""emotion"": ""disgust"", ""intensity"": ""high""}"
EN_04_09_01_2_2,both,disgust,low,"{""emotion"": ""disgust"", ""intensity"": ""low""}"
EN_04_09_02_1_2,both,confidence,high,"{""emotion"": ""confidence"", ""intensity"": ""high""}"
EN_04_09_02_2_2,both,confidence,high,"{""emotion"": ""confidence"", ""intensity"": ""high""}"
EN_04_09_03_1_2,both,contempt,high,"{""emotion"": ""contempt"", ""intensity"": ""high""}"
EN_04_09_03_2_2,both,confidence,low,"{""emotion"": ""confidence"", ""intensity"": ""low""}"
EN_04_09_04_1_2,both,sadness,high,"{""emotion"": ""sadness"", ""intensity"": ""high""}"
EN_04_09_04_2_2,both,sadness,low,"{""emotion"": ""sadness"", ""intensity"": ""low""}"
EN_04_09_05_1_2,both,disgust,low,"{""emotion"": ""disgust"", ""intensity"": ""moderate""}"
EN_04_09_05_2_2,both,neutral,none,"{""emotion"": ""neutral"", ""intensity"": ""none""}"
EN_04_09_06_1_2,both,disgust,low,"{""emotion"": ""disgust"", ""intensity"": ""low""}"
EN_04_09_06_2_2,both,disgust,low,"{""emotion"": ""disgust"", ""intensity"": ""moderate""}"
EN_04_09_07_1_2,both,disgust,low,"{""emotion"": ""disgust"", ""intensity"": ""low""}"
EN_04_09_07_2_2,both,disgust,high,"{""emotion"": ""disgust"", ""intensity"": ""high""}"
EN_04_09_08_1_2,both,contempt,low,"{""emotion"": ""contempt"", ""intensity"": ""low""}"
EN_04_09_08_2_2,both,contempt,high,"{""emotion"": ""contempt"", ""intensity"": ""high""}"
EN_04_09_09_1_2,both,disgust,high,"{""emotion"": ""disgust"", ""intensity"": ""high""}"
EN_04_09_09_2_2,both,sadness,high,"{""emotion"": ""sadness"", ""intensity"": ""high""}"
EN_04_09_10_1_2,both,contempt,low,"{""emotion"": ""contempt"", ""intensity"": ""low""}"
EN_04_09_10_2_2,both,contempt,low,"{""emotion"": ""contempt"", ""intensity"": ""low""}"
EN_04_10_01_1_2,both,neutral,none,"{""emotion"": ""neutral"", ""intensity"": ""none""}"
EN_04_10_01_2_2,both,confidence,high,"{""emotion"": ""confidence"", ""intensity"": ""high""}"
EN_04_10_02_1_2,both,confidence,low,"{""emotion"": ""confidence"", ""intensity"": ""low""}"
EN_04_10_02_2_2,both,confidence,low,"{""emotion"": ""confidence"", ""intensity"": ""low""}"
EN_04_10_03_1_2,both,contempt,high,"{""emotion"": ""contempt"", ""intensity"": ""high""}"
EN_04_10_03_2_2,both,contempt,low,"{""emotion"": ""contempt"", ""intensity"": ""moderate""}"
EN_04_10_04_1_2,both,disgust,high,"{""emotion"": ""disgust"", ""intensity"": ""high""}"
EN_04_10_04_2_2,both,sadness,low,"{""emotion"": ""sadness"", ""intensity"": ""low""}"
EN_04_10_05_1_2,both,neutral,none,"{""emotion"": ""neutral"", ""intensity"": ""none""}"
EN_04_10_05_2_2,both,disgust,low,"{""emotion"": ""disgust"", ""intensity"": ""low""}"
EN_04_10_06_1_2,both,neutral,none,"{""emotion"": ""neutral"", ""intensity"": ""none""}"
EN_04_10_06_2_2,both,disgust,high,"{""emotion"": ""disgust"", ""intensity"": ""high""}"
EN_04_10_07_1_2,both,confidence,high,"{""emotion"": ""confidence"", ""intensity"": ""high""}"
EN_04_10_07_2_2,both,disgust,low,"{""emotion"": ""disgust"", ""intensity"": ""moderate""}"
EN_04_10_08_1_2,both,neutral,none,"{""emotion"": ""neutral"", ""intensity"": ""none""}"
EN_04_10_08_2_2,both,disgust,high,"{""emotion"": ""disgust"", ""intensity"": ""high""}"
EN_04_10_09_1_2,both,neutral,none,"{""emotion"": ""neutral"", ""intensity"": ""none""}"
EN_04_10_09_2_2,both,confidence,high,"{""emotion"": ""confidence"", ""intensity"": ""high""}"
EN_04_10_10_1_2,both,contempt,high,"{""emotion"": ""contempt"", ""intensity"": ""high""}"
EN_04_10_10_2_2,both,contempt,high,"{""emotion"": ""contempt"", ""intensity"": ""high""}"
EN_05_00_01,both,confidence,high,"{""emotion"": ""confidence"", ""intensity"": ""high""}"
EN_05_00_02,both,neutral,none,"{""emotion"": ""neutral"", ""intensity"": ""none""}"
EN_05_00_03,both,neutral,none,"{""emotion"": ""neutral"", ""intensity"": ""none""}"
EN_05_00_04,both,sadness,low,"{""emotion"": ""sadness"", ""intensity"": ""low""}"
EN_05_00_05,both,neutral,none,"{""emotion"": ""neutral"", ""intensity"": ""none""}"
EN_05_00_06,both,neutral,none,"{""emotion"": ""neutral"", ""intensity"": ""none""}"
EN_05_00_07,both,neutral,none,"{""emotion"": ""neutral"", ""intensity"": ""none""}"
EN_05_00_08,both,neutral,none,"{""emotion"": ""neutral"", ""intensity"": ""none""}"
EN_05_00_09,both,confidence,high,"{""emotion"": ""confidence"", ""intensity"": ""high""}"
EN_05_00_10,both,contempt,high,"{""emotion"": ""contempt"", ""intensity"": ""high""}"
EN_05_01_01_1_2,both,neutral,none,"{""emotion"": ""neutral"", ""intensity"": ""none""}"
EN_05_01_01_2_2,both,confidence,high,"{""emotion"": ""confidence"", ""intensity"": ""high""}"
EN_05_01_02_1_2,both,neutral,none,"{""emotion"": ""neutral"", ""intensity"": ""none""}"
EN_05_01_02_2_2,both,confidence,high,"{""emotion"": ""confidence"", ""intensity"": ""high""}"
EN_05_01_03_1_2,both,confidence,low,"{""emotion"": ""confidence"", ""intensity"": ""low""}"
EN_05_01_03_2_2,both,confidence,low,"{""emotion"": ""confidence"", ""intensity"": ""low""}"
EN_05_01_04_1_2,both,sadness,low,"{""emotion"": ""sadness"", ""intensity"": ""low""}"
EN_05_01_04_2_2,both,surprise,high,"{""emotion"": ""surprise"", ""intensity"": ""high""}"
EN_05_01_05_1_2,both,neutral,none,"{""emotion"": ""neutral"", ""intensity"": ""none""}"
EN_05_01_05_2_2,both,neutral,none,"{""emotion"": ""neutral"", ""intensity"": ""none""}"
EN_05_01_06_1_2,both,neutral,none,"{""emotion"": ""neutral"", ""intensity"": ""none""}"
EN_05_01_06_2_2,both,confidence,low,"{""emotion"": ""confidence"", ""intensity"": ""low""}"
EN_05_01_07_1_2,both,neutral,none,"{""emotion"": ""neutral"", ""intensity"": ""none""}"
EN_05_01_07_2_2,both,neutral,none,"{""emotion"": ""neutral"", ""intensity"": ""none""}"
EN_05_01_08_1_2,both,disgust,low,"{""emotion"": ""disgust"", ""intensity"": ""low""}"
EN_05_01_08_2_2,both,disgust,low,"{""emotion"": ""disgust"", ""intensity"": ""low""}"
EN_05_01_09_1_2,both,neutral,none,"{""emotion"": ""neutral"", ""intensity"": ""none""}"
EN_05_01_09_2_2,both,confidence,high,"{""emotion"": ""confidence"", ""intensity"": ""high""}"
EN_05_01_10_1_2,both,contempt,low,"{""emotion"": ""contempt"", ""intensity"": ""low""}"
EN_05_01_10_2_2,both,contempt,low,"{""emotion"": ""contempt"", ""intensity"": ""low""}"
EN_05_02_01_1_2,both,neutral,none,"{""emotion"": ""neutral"", ""intensity"": ""none""}"
EN_05_02_01_2_2,both,confidence,high,"{""emotion"": ""confidence"", ""intensity"": ""high""}"
EN_05_02_02_1_2,both,confidence,low,"{""emotion"": ""confidence"", ""intensity"": ""low""}"
EN_05_02_02_2_2,both,confidence,high,"{""emotion"": ""confidence"", ""intensity"": ""high""}"
EN_05_02_03_1_2,both,confidence,low,"{""emotion"": ""confidence"", ""intensity"": ""low""}"
EN_05_02_03_2_2,both,confidence,low,"{""emotion"": ""confidence"", ""intensity"": ""low""}"
EN_05_02_04_1_2,both,surprise,low,"{""emotion"": ""surprise"", ""intensity"": ""low""}"
EN_05_02_04_2_2,both,surprise,low,"{""emotion"": ""surprise"", ""intensity"": ""low""}"
EN_05_02_05_1_2,both,neutral,none,"{""emotion"": ""neutral"", ""intensity"": ""none""}"
EN_05_02_05_2_2,both,confusion,low,"{""emotion"": ""confusion"", ""intensity"": ""low""}"
EN_05_02_06_1_2,both,confidence,low,"{""emotion"": ""confidence"", ""intensity"": ""low""}"
EN_05_02_06_2_2,both,confidence,high,"{""emotion"": ""confidence"", ""intensity"": ""high""}"
EN_05_02_07_1_2,both,neutral,none,"{""emotion"": ""neutral"", ""intensity"": ""none""}"
EN_05_02_07_2_2,both,surprise,high,"{""emotion"": ""surprise"", ""intensity"": ""high""}"
EN_05_02_08_1_2,both,disgust,low,"{""emotion"": ""disgust"", ""intensity"": ""moderate""}"
EN_05_02_08_2_2,both,contempt,low,"{""emotion"": ""contempt"", ""intensity"": ""low""}"
EN_05_02_09_1_2,both,neutral,none,"{""emotion"": ""neutral"", ""intensity"": ""none""}"
EN_05_02_09_2_2,both,disgust,high,"{""emotion"": ""disgust"", ""intensity"": ""high""}"
EN_05_02_10_1_2,both,contempt,low,"{""emotion"": ""contempt"", ""intensity"": ""low""}"
EN_05_02_10_2_2,both,sadness,high,"{""emotion"": ""sadness"", ""intensity"": ""high""}"
EN_05_03_01_1_2,both,happiness,low,"{""emotion"": ""happiness"", ""intensity"": ""low""}"
EN_05_03_01_2_2,both,happiness,high,"{""emotion"": ""happiness"", ""intensity"": ""high""}"
EN_05_03_02_1_2,both,confidence,low,"{""emotion"": ""confidence"", ""intensity"": ""low""}"
EN_05_03_02_2_2,both,happiness,high,"{""emotion"": ""happiness"", ""intensity"": ""high""}"
EN_05_03_03_1_2,both,neutral,none,"{""emotion"": ""neutral"", ""intensity"": ""none""}"
EN_05_03_03_2_2,both,confidence,low,"{""emotion"": ""confidence"", ""intensity"": ""low""}"
EN_05_03_04_1_2,both,sadness,low,"{""emotion"": ""sadness"", ""intensity"": ""low""}"
EN_05_03_04_2_2,both,surprise,high,"{""emotion"": ""surprise"", ""intensity"": ""high""}"
EN_05_03_05_1_2,both,happiness,high,"{""emotion"": ""happiness"", ""intensity"": ""high""}"
EN_05_03_05_2_2,both,surprise,high,"{""emotion"": ""surprise"", ""intensity"": ""high""}"
EN_05_03_06_1_2,both,happiness,low,"{""emotion"": ""happiness"", ""intensity"": ""low""}"
EN_05_03_06_2_2,both,happiness,high,"{""emotion"": ""happiness"", ""intensity"": ""high""}"
EN_05_03_07_1_2,both,neutral,none,"{""emotion"": ""neutral"", ""intensity"": ""none""}"
EN_05_03_07_2_2,both,happiness,high,"{""emotion"": ""happiness"", ""intensity"": ""high""}"
EN_05_03_08_1_2,both,disgust,high,"{""emotion"": ""disgust"", ""intensity"": ""high""}"
EN_05_03_08_2_2,both,neutral,none,"{""emotion"": ""neutral"", ""intensity"": ""none""}"
EN_05_03_09_1_2,both,surprise,high,"{""emotion"": ""surprise"", ""intensity"": ""high""}"
EN_05_03_09_2_2,both,confidence,high,"{""emotion"": ""confidence"", ""intensity"": ""high""}"
EN_05_03_10_1_2,both,contempt,low,"{""emotion"": ""contempt"", ""intensity"": ""low""}"
EN_05_03_10_2_2,both,contempt,high,"{""emotion"": ""contempt"", ""intensity"": ""high""}"
EN_05_04_01_1_2,both,neutral,none,"{""emotion"": ""neutral"", ""intensity"": ""none""}"
EN_05_04_01_2_2,both,confidence,high,"{""emotion"": ""confidence"", ""intensity"": ""high""}"
EN_05_04_02_1_2,both,neutral,none,"{""emotion"": ""neutral"", ""intensity"": ""none""}"
EN_05_04_02_2_2,both,confidence,high,"{""emotion"": ""confidence"", ""intensity"": ""high""}"
EN_05_04_03_1_2,both,confidence,low,"{""emotion"": ""confidence"", ""intensity"": ""low""}"
EN_05_04_03_2_2,both,confidence,low,"{""emotion"": ""confidence"", ""intensity"": ""low""}"
EN_05_04_04_1_2,both,sadness,low,"{""emotion"": ""sadness"", ""intensity"": ""low""}"
EN_05_04_04_2_2,both,sadness,low,"{""emotion"": ""sadness"", ""intensity"": ""low""}"
EN_05_04_05_1_2,both,neutral,none,"{""emotion"": ""neutral"", ""intensity"": ""none""}"
EN_05_04_05_2_2,both,surprise,high,"{""emotion"": ""surprise"", ""intensity"": ""high""}"
EN_05_04_06_1_2,both,neutral,none,"{""emotion"": ""neutral"", ""intensity"": ""none""}"
EN_05_04_06_2_2,both,contempt,high,"{""emotion"": ""contempt"", ""intensity"": ""high""}"
EN_05_04_07_1_2,both,confusion,high,"{""emotion"": ""confusion"", ""intensity"": ""high""}"
EN_05_04_07_2_2,both,confusion,high,"{""emotion"": ""confusion"", ""intensity"": ""high""}"
EN_05_04_08_1_2,both,disgust,high,"{""emotion"": ""disgust"", ""intensity"": ""high""}"
EN_05_04_08_2_2,both,disgust,high,"{""emotion"": ""disgust"", ""intensity"": ""high""}"
EN_05_04_09_1_2,both,anger,high,"{""emotion"": ""anger"", ""intensity"": ""high""}"
EN_05_04_09_2_2,both,confidence,high,"{""emotion"": ""confidence"", ""intensity"": ""high""}"
EN_05_04_10_1_2,both,contempt,low,"{""emotion"": ""contempt"", ""intensity"": ""low""}"
EN_05_04_10_2_2,both,contempt,low,"{""emotion"": ""contempt"", ""intensity"": ""low""}"
EN_05_05_01_1_2,both,disgust,low,"{""emotion"": ""disgust"", ""intensity"": ""low""}"
EN_05_05_01_2_2,both,confidence,high,"{""emotion"": ""confidence"", ""intensity"": ""high""}"
EN_05_05_02_1_2,both,neutral,none,"{""emotion"": ""neutral"", ""intensity"": ""none""}"
EN_05_05_02_2_2,both,confidence,low,"{""emotion"": ""confidence"", ""intensity"": ""low""}"
EN_05_05_03_1_2,both,confusion,low,"{""emotion"": ""confusion"", ""intensity"": ""low""}"
EN_05_05_03_2_2,both,confidence,low,"{""emotion"": ""confidence"", ""intensity"": ""low""}"
EN_05_05_04_1_2,both,sadness,low,"{""emotion"": ""sadness"", ""intensity"": ""low""}"
EN_05_05_04_2_2,both,sadness,high,"{""emotion"": ""sadness"", ""intensity"": ""high""}"
EN_05_05_05_1_2,both,confusion,high,"{""emotion"": ""confusion"", ""intensity"": ""high""}"
EN_05_05_05_2_2,both,neutral,none,"{""emotion"": ""neutral"", ""intensity"": ""none""}"
EN_05_05_06_1_2,both,neutral,none,"{""emotion"": ""neutral"", ""intensity"": ""none""}"
EN_05_05_06_2_2,both,disgust,high,"{""emotion"": ""disgust"", ""intensity"": ""high""}"
EN_05_05_07_1_2,both,confusion,high,"{""emotion"": ""confusion"", ""intensity"": ""high""}"
EN_05_05_07_2_2,both,confusion,low,"{""emotion"": ""confusion"", ""intensity"": ""moderate""}"
EN_05_05_08_1_2,both,disgust,high,"{""emotion"": ""disgust"", ""intensity"": ""high""}"
EN_05_05_08_2_2,both,disgust,high,"{""emotion"": ""disgust"", ""intensity"": ""high""}"
EN_05_05_09_1_2,both,sadness,low,"{""emotion"": ""sadness"", ""intensity"": ""low""}"
EN_05_05_09_2_2,both,confusion,high,"{""emotion"": ""confusion"", ""intensity"": ""high""}"
EN_05_05_10_1_2,both,contempt,low,"{""emotion"": ""contempt"", ""intensity"": ""low""}"
EN_05_05_10_2_2,both,contempt,low,"{""emotion"": ""contempt"", ""intensity"": ""low""}"
EN_05_06_01_1_2,both,neutral,none,"{""emotion"": ""neutral"", ""intensity"": ""none""}"
EN_05_06_01_2_2,both,confidence,high,"{""emotion"": ""confidence"", ""intensity"": ""high""}"
EN_05_06_02_1_2,both,confidence,high,"{""emotion"": ""confidence"", ""intensity"": ""high""}"
EN_05_06_02_2_2,both,happiness,high,"{""emotion"": ""happiness"", ""intensity"": ""high""}"
EN_05_06_03_1_2,both,confidence,high,"{""emotion"": ""confidence"", ""intensity"": ""high""}"
EN_05_06_03_2_2,both,happiness,high,"{""emotion"": ""happiness"", ""intensity"": ""high""}"
EN_05_06_04_1_2,both,sadness,low,"{""emotion"": ""sadness"", ""intensity"": ""low""}"
EN_05_06_04_2_2,both,sadness,low,"{""emotion"": ""sadness"", ""intensity"": ""low""}"
EN_05_06_05_1_2,both,disgust,low,"{""emotion"": ""disgust"", ""intensity"": ""low""}"
EN_05_06_05_2_2,both,confusion,high,"{""emotion"": ""confusion"", ""intensity"": ""high""}"
EN_05_06_06_1_2,both,contempt,high,"{""emotion"": ""contempt"", ""intensity"": ""high""}"
EN_05_06_06_2_2,both,happiness,low,"{""emotion"": ""happiness"", ""intensity"": ""low""}"
EN_05_06_07_1_2,both,neutral,none,"{""emotion"": ""neutral"", ""intensity"": ""none""}"
EN_05_06_07_2_2,both,confusion,low,"{""emotion"": ""confusion"", ""intensity"": ""low""}"
EN_05_06_08_1_2,both,disgust,low,"{""emotion"": ""disgust"", ""intensity"": ""moderate""}"
EN_05_06_08_2_2,both,disgust,high,"{""emotion"": ""disgust"", ""intensity"": ""high""}"
EN_05_06_09_1_2,both,surprise,high,"{""emotion"": ""surprise"", ""intensity"": ""high""}"
EN_05_06_09_2_2,both,surprise,high,"{""emotion"": ""surprise"", ""intensity"": ""high""}"
EN_05_06_10_1_2,both,contempt,low,"{""emotion"": ""contempt"", ""intensity"": ""low""}"
EN_05_06_10_2_2,both,contempt,low,"{""emotion"": ""contempt"", ""intensity"": ""low""}"
EN_05_07_01_1_2,both,neutral,none,"{""emotion"": ""neutral"", ""intensity"": ""none""}"
EN_05_07_01_2_2,both,neutral,none,"{""emotion"": ""neutral"", ""intensity"": ""none""}"
EN_05_07_02_1_2,both,neutral,none,"{""emotion"": ""neutral"", ""intensity"": ""none""}"
EN_05_07_02_2_2,both,confidence,low,"{""emotion"": ""confidence"", ""intensity"": ""low""}"
EN_05_07_03_1_2,both,confidence,low,"{""emotion"": ""confidence"", ""intensity"": ""low""}"
EN_05_07_03_2_2,both,confidence,low,"{""emotion"": ""confidence"", ""intensity"": ""low""}"
EN_05_07_04_1_2,both,sadness,low,"{""emotion"": ""sadness"", ""intensity"": ""low""}"
EN_05_07_04_2_2,both,neutral,none,"{""emotion"": ""neutral"", ""intensity"": ""none""}"
EN_05_07_05_1_2,both,neutral,none,"{""emotion"": ""neutral"", ""intensity"": ""none""}"
EN_05_07_05_2_2,both,confusion,low,"{""emotion"": ""confusion"", ""intensity"": ""moderate""}"
EN_05_07_06_1_2,both,confusion,low,"{""emotion"": ""confusion"", ""intensity"": ""low""}"
EN_05_07_06_2_2,both,confidence,low,"{""emotion"": ""confidence"", ""intensity"": ""low""}"
EN_05_07_07_1_2,both,neutral,none,"{""emotion"": ""neutral"", ""intensity"": ""none""}"
EN_05_07_07_2_2,both,surprise,low,"{""emotion"": ""surprise"", ""intensity"": ""low""}"
EN_05_07_08_1_2,both,disgust,low,"{""emotion"": ""disgust"", ""intensity"": ""low""}"
EN_05_07_08_2_2,both,disgust,high,"{""emotion"": ""disgust"", ""intensity"": ""high""}"
EN_05_07_09_1_2,both,confidence,low,"{""emotion"": ""confidence"", ""intensity"": ""low""}"
EN_05_07_09_2_2,both,confidence,high,"{""emotion"": ""confidence"", ""intensity"": ""high""}"
EN_05_07_10_1_2,both,contempt,low,"{""emotion"": ""contempt"", ""intensity"": ""low""}"
EN_05_07_10_2_2,both,contempt,low,"{""emotion"": ""contempt"", ""intensity"": ""moderate""}"
EN_05_08_01_1_2,both,sadness,high,"{""emotion"": ""sadness"", ""intensity"": ""high""}"
EN_05_08_01_2_2,both,surprise,high,"{""emotion"": ""surprise"", ""intensity"": ""high""}"
EN_05_08_02_1_2,both,confidence,low,"{""emotion"": ""confidence"", ""intensity"": ""low""}"
EN_05_08_02_2_2,both,confidence,high,"{""emotion"": ""confidence"", ""intensity"": ""high""}"
EN_05_08_03_1_2,both,confidence,high,"{""emotion"": ""confidence"", ""intensity"": ""high""}"
EN_05_08_03_2_2,both,confidence,high,"{""emotion"": ""confidence"", ""intensity"": ""high""}"
EN_05_08_04_1_2,both,sadness,low,"{""emotion"": ""sadness"", ""intensity"": ""low""}"
EN_05_08_04_2_2,both,sadness,high,"{""emotion"": ""sadness"", ""intensity"": ""high""}"
EN_05_08_05_1_2,both,neutral,none,"{""emotion"": ""neutral"", ""intensity"": ""none""}"
EN_05_08_05_2_2,both,surprise,high,"{""emotion"": ""surprise"", ""intensity"": ""high""}"
EN_05_08_06_1_2,both,disgust,high,"{""emotion"": ""disgust"", ""intensity"": ""high""}"
EN_05_08_06_2_2,both,disgust,high,"{""emotion"": ""disgust"", ""intensity"": ""high""}"
EN_05_08_07_1_2,both,anger,high,"{""emotion"": ""anger"", ""intensity"": ""high""}"
EN_05_08_07_2_2,both,confusion,low,"{""emotion"": ""confusion"", ""intensity"": ""moderate""}"
EN_05_08_08_1_2,both,disgust,low,"{""emotion"": ""disgust"", ""intensity"": ""moderate""}"
EN_05_08_08_2_2,both,disgust,high,"{""emotion"": ""disgust"", ""intensity"": ""high""}"
EN_05_08_09_1_2,both,neutral,none,"{""emotion"": ""neutral"", ""intensity"": ""none""}"
EN_05_08_09_2_2,both,confusion,high,"{""emotion"": ""confusion"", ""intensity"": ""high""}"
EN_05_08_10_1_2,both,contempt,high,"{""emotion"": ""contempt"", ""intensity"": ""high""}"
EN_05_08_10_2_2,both,contempt,high,"{""emotion"": ""contempt"", ""intensity"": ""high""}"
EN_05_09_01_1_2,both,neutral,none,"{""emotion"": ""neutral"", ""intensity"": ""none""}"
EN_05_09_01_2_2,both,neutral,none,"{""emotion"": ""neutral"", ""intensity"": ""none""}"
EN_05_09_02_1_2,both,neutral,none,"{""emotion"": ""neutral"", ""intensity"": ""none""}"
EN_05_09_02_2_2,both,confidence,high,"{""emotion"": ""confidence"", ""intensity"": ""high""}"
EN_05_09_03_1_2,both,confidence,low,"{""emotion"": ""confidence"", ""intensity"": ""low""}"
EN_05_09_03_2_2,both,confidence,low,"{""emotion"": ""confidence"", ""intensity"": ""low""}"
EN_05_09_04_1_2,both,happiness,low,"{""emotion"": ""happiness"", ""intensity"": ""low""}"
EN_05_09_04_2_2,both,happiness,high,"{""emotion"": ""happiness"", ""intensity"": ""high""}"
EN_05_09_05_1_2,both,confusion,low,"{""emotion"": ""confusion"", ""intensity"": ""moderate""}"
EN_05_09_05_2_2,both,confusion,high,"{""emotion"": ""confusion"", ""intensity"": ""high""}"
EN_05_09_06_1_2,both,neutral,none,"{""emotion"": ""neutral"", ""intensity"": ""none""}"
EN_05_09_06_2_2,both,happiness,low,"{""emotion"": ""happiness"", ""intensity"": ""low""}"
EN_05_09_07_1_2,both,neutral,none,"{""emotion"": ""neutral"", ""intensity"": ""none""}"
EN_05_09_07_2_2,both,surprise,high,"{""emotion"": ""surprise"", ""intensity"": ""high""}"
EN_05_09_08_1_2,both,disgust,high,"{""emotion"": ""disgust"", ""intensity"": ""high""}"
EN_05_09_08_2_2,both,disgust,low,"{""emotion"": ""disgust"", ""intensity"": ""low""}"
EN_05_09_09_1_2,both,sadness,high,"{""emotion"": ""sadness"", ""intensity"": ""high""}"
EN_05_09_09_2_2,both,sadness,high,"{""emotion"": ""sadness"", ""intensity"": ""high""}"
EN_05_09_10_1_2,both,contempt,low,"{""emotion"": ""contempt"", ""intensity"": ""low""}"
EN_05_09_10_2_2,both,disgust,low,"{""emotion"": ""disgust"", ""intensity"": ""low""}"
EN_05_10_01_1_2,both,neutral,none,"{""emotion"": ""neutral"", ""intensity"": ""none""}"
EN_05_10_01_2_2,both,confidence,low,"{""emotion"": ""confidence"", ""intensity"": ""low""}"
EN_05_10_02_1_2,both,confidence,low,"{""emotion"": ""confidence"", ""intensity"": ""low""}"
EN_05_10_02_2_2,both,confidence,high,"{""emotion"": ""confidence"", ""intensity"": ""high""}"
EN_05_10_03_1_2,both,confidence,low,"{""emotion"": ""confidence"", ""intensity"": ""low""}"
EN_05_10_03_2_2,both,confidence,low,"{""emotion"": ""confidence"", ""intensity"": ""low""}"
EN_05_10_04_1_2,both,happiness,low,"{""emotion"": ""happiness"", ""intensity"": ""low""}"
EN_05_10_04_2_2,both,sadness,low,"{""emotion"": ""sadness"", ""intensity"": ""low""}"
EN_05_10_05_1_2,both,neutral,none,"{""emotion"": ""neutral"", ""intensity"": ""none""}"
EN_05_10_05_2_2,both,confusion,low,"{""emotion"": ""confusion"", ""intensity"": ""moderate""}"
EN_05_10_06_1_2,both,happiness,low,"{""emotion"": ""happiness"", ""intensity"": ""low""}"
EN_05_10_06_2_2,both,confidence,low,"{""emotion"": ""confidence"", ""intensity"": ""low""}"
EN_05_10_07_1_2,both,confusion,high,"{""emotion"": ""confusion"", ""intensity"": ""high""}"
EN_05_10_07_2_2,both,confusion,high,"{""emotion"": ""confusion"", ""intensity"": ""high""}"
EN_05_10_08_1_2,both,disgust,low,"{""emotion"": ""disgust"", ""intensity"": ""low""}"
EN_05_10_08_2_2,both,disgust,high,"{""emotion"": ""disgust"", ""intensity"": ""high""}"
EN_05_10_09_1_2,both,neutral,none,"{""emotion"": ""neutral"", ""intensity"": ""none""}"
EN_05_10_09_2_2,both,confidence,high,"{""emotion"": ""confidence"", ""intensity"": ""high""}"
EN_05_10_10_1_2,both,contempt,low,"{""emotion"": ""contempt"", ""intensity"": ""low""}"
EN_05_10_10_2_2,both,contempt,low,"{""emotion"": ""contempt"", ""intensity"": ""low""}"
EN_06_00_01,both,neutral,none,"{""emotion"": ""neutral"", ""intensity"": ""none""}"
EN_06_00_02,both,confidence,low,"{""emotion"": ""confidence"", ""intensity"": ""low""}"
EN_06_00_03,both,confidence,high,"{""emotion"": ""confidence"", ""intensity"": ""high""}"
EN_06_00_04,both,sadness,low,"{""emotion"": ""sadness"", ""intensity"": ""low""}"
EN_06_00_05,both,neutral,none,"{""emotion"": ""neutral"", ""intensity"": ""none""}"
EN_06_00_06,both,neutral,none,"{""emotion"": ""neutral"", ""intensity"": ""none""}"
EN_06_00_07,both,neutral,none,"{""emotion"": ""neutral"", ""intensity"": ""none""}"
EN_06_00_08,both,neutral,none,"{""emotion"": ""neutral"", ""intensity"": ""none""}"
EN_06_00_09,both,neutral,none,"{""emotion"": ""neutral"", ""intensity"": ""none""}"
EN_06_00_10,both,neutral,none,"{""emotion"": ""neutral"", ""intensity"": ""none""}"
EN_06_01_01_1_2,both,sadness,high,"{""emotion"": ""sadness"", ""intensity"": ""high""}"
EN_06_01_01_2_2,both,surprise,low,"{""emotion"": ""surprise"", ""intensity"": ""moderate""}"
EN_06_01_02_1_2,both,confidence,low,"{""emotion"": ""confidence"", ""intensity"": ""low""}"
EN_06_01_02_2_2,both,confusion,low,"{""emotion"": ""confusion"", ""intensity"": ""low""}"
EN_06_01_03_1_2,both,confidence,low,"{""emotion"": ""confidence"", ""intensity"": ""low""}"
EN_06_01_03_2_2,both,confidence,high,"{""emotion"": ""confidence"", ""intensity"": ""high""}"
EN_06_01_04_1_2,both,sadness,high,"{""emotion"": ""sadness"", ""intensity"": ""high""}"
EN_06_01_04_2_2,both,sadness,high,"{""emotion"": ""sadness"", ""intensity"": ""high""}"
EN_06_01_05_1_2,both,neutral,none,"{""emotion"": ""neutral"", ""intensity"": ""none""}"
EN_06_01_05_2_2,both,confidence,high,"{""emotion"": ""confidence"", ""intensity"": ""high""}"
EN_06_01_06_1_2,both,disgust,high,"{""emotion"": ""disgust"", ""intensity"": ""high""}"
EN_06_01_06_2_2,both,confidence,high,"{""emotion"": ""confidence"", ""intensity"": ""high""}"
EN_06_01_07_1_2,both,neutral,none,"{""emotion"": ""neutral"", ""intensity"": ""none""}"
EN_06_01_07_2_2,both,confusion,high,"{""emotion"": ""confusion"", ""intensity"": ""high""}"
EN_06_01_08_1_2,both,neutral,none,"{""emotion"": ""neutral"", ""intensity"": ""none""}"
EN_06_01_08_2_2,both,surprise,low,"{""emotion"": ""surprise"", ""intensity"": ""low""}"
EN_06_01_09_1_2,both,neutral,none,"{""emotion"": ""neutral"", ""intensity"": ""none""}"
EN_06_01_09_2_2,both,confusion,high,"{""emotion"": ""confusion"", ""intensity"": ""high""}"
EN_06_01_10_1_2,both,contempt,high,"{""emotion"": ""contempt"", ""intensity"": ""high""}"
EN_06_01_10_2_2,both,contempt,high,"{""emotion"": ""contempt"", ""intensity"": ""high""}"
EN_06_02_01_1_2,both,neutral,none,"{""emotion"": ""neutral"", ""intensity"": ""none""}"
EN_06_02_01_2_2,both,surprise,low,"{""emotion"": ""surprise"", ""intensity"": ""moderate""}"
EN_06_02_02_1_2,both,confidence,low,"{""emotion"": ""confidence"", ""intensity"": ""low""}"
EN_06_02_02_2_2,both,confusion,low,"{""emotion"": ""confusion"", ""intensity"": ""low""}"
EN_06_02_03_1_2,both,confidence,low,"{""emotion"": ""confidence"", ""intensity"": ""moderate""}"
EN_06_02_03_2_2,both,confidence,high,"{""emotion"": ""confidence"", ""intensity"": ""high""}"
EN_06_02_04_1_2,both,sadness,low,"{""emotion"": ""sadness"", ""intensity"": ""moderate""}"
EN_06_02_04_2_2,both,sadness,high,"{""emotion"": ""sadness"", ""intensity"": ""high""}"
EN_06_02_05_1_2,both,confidence,low,"{""emotion"": ""confidence"", ""intensity"": ""low""}"
EN_06_02_05_2_2,both,confusion,low,"{""emotion"": ""confusion"", ""intensity"": ""moderate""}"
EN_06_02_06_1_2,both,sadness,low,"{""emotion"": ""sadness"", ""intensity"": ""low""}"
EN_06_02_06_2_2,both,disgust,high,"{""emotion"": ""disgust"", ""intensity"": ""high""}"
EN_06_02_07_1_2,both,neutral,none,"{""emotion"": ""neutral"", ""intensity"": ""none""}"
EN_06_02_07_2_2,both,sadness,high,"{""emotion"": ""sadness"", ""intensity"": ""high""}"
EN_06_02_08_1_2,both,neutral,none,"{""emotion"": ""neutral"", ""intensity"": ""none""}"
EN_06_02_08_2_2,both,neutral,none,"{""emotion"": ""neutral"", ""intensity"": ""none""}"
EN_06_02_09_1_2,both,neutral,none,"{""emotion"": ""neutral"", ""intensity"": ""none""}"
EN_06_02_09_2_2,both,sadness,high,"{""emotion"": ""sadness"", ""intensity"": ""high""}"
EN_06_02_10_1_2,both,contempt,low,"{""emotion"": ""contempt"", ""intensity"": ""moderate""}"
EN_06_02_10_2_2,both,disgust,low,"{""emotion"": ""disgust"", ""intensity"": ""moderate""}"
EN_06_03_01_1_2,both,confusion,high,"{""emotion"": ""confusion"", ""intensity"": ""high""}"
EN_06_03_01_2_2,both,confusion,high,"{""emotion"": ""confusion"", ""intensity"": ""high""}"
EN_06_03_02_1_2,both,confidence,low,"{""emotion"": ""confidence"", ""intensity"": ""low""}"
EN_06_03_02_2_2,both,confusion,high,"{""emotion"": ""confusion"", ""intensity"": ""high""}"
EN_06_03_03_1_2,both,confidence,high,"{""emotion"": ""confidence"", ""intensity"": ""high""}"
EN_06_03_03_2_2,both,confidence,high,"{""emotion"": ""confidence"", ""intensity"": ""high""}"
EN_06_03_04_1_2,both,surprise,high,"{""emotion"": ""surprise"", ""intensity"": ""high""}"
EN_06_03_04_2_2,both,happiness,low,"{""emotion"": ""happiness"", ""intensity"": ""moderate""}"
EN_06_03_05_1_2,both,confusion,low,"{""emotion"": ""confusion"", ""intensity"": ""moderate""}"
EN_06_03_05_2_2,both,confusion,low,"{""emotion"": ""confusion"", ""intensity"": ""moderate""}"
EN_06_03_06_1_2,both,sadness,high,"{""emotion"": ""sadness"", ""intensity"": ""high""}"
EN_06_03_06_2_2,both,happiness,high,"{""emotion"": ""happiness"", ""intensity"": ""high""}"
EN_06_03_07_1_2,both,confusion,low,"{""emotion"": ""confusion"", ""intensity"": ""moderate""}"
EN_06_03_07_2_2,both,surprise,high,"{""emotion"": ""surprise"", ""intensity"": ""high""}"
EN_06_03_08_1_2,both,disgust,high,"{""emotion"": ""disgust"", ""intensity"": ""high""}"
EN_06_03_08_2_2,both,disgust,high,"{""emotion"": ""disgust"", ""intensity"": ""high""}"
EN_06_03_09_1_2,both,confidence,low,"{""emotion"": ""confidence"", ""intensity"": ""moderate""}"
EN_06_03_09_2_2,both,confusion,low,"{""emotion"": ""confusion"", ""intensity"": ""moderate""}"
EN_06_03_10_1_2,both,contempt,high,"{""emotion"": ""contempt"", ""intensity"": ""high""}"
EN_06_03_10_2_2,both,confidence,high,"{""emotion"": ""confidence"", ""intensity"": ""high""}"
EN_06_04_01_1_2,both,sadness,low,"{""emotion"": ""sadness"", ""intensity"": ""low""}"
EN_06_04_01_2_2,both,confidence,high,"{""emotion"": ""confidence"", ""intensity"": ""high""}"
EN_06_04_02_1_2,both,confusion,low,"{""emotion"": ""confusion"", ""intensity"": ""moderate""}"
EN_06_04_02_2_2,both,confidence,high,"{""emotion"": ""confidence"", ""intensity"": ""high""}"
EN_06_04_03_1_2,both,confidence,low,"{""emotion"": ""confidence"", ""intensity"": ""low""}"
EN_06_04_03_2_2,both,sadness,high,"{""emotion"": ""sadness"", ""intensity"": ""high""}"
EN_06_04_04_1_2,both,sadness,high,"{""emotion"": ""sadness"", ""intensity"": ""high""}"
EN_06_04_04_2_2,both,surprise,low,"{""emotion"": ""surprise"", ""intensity"": ""low""}"
EN_06_04_05_1_2,both,confusion,low,"{""emotion"": ""confusion"", ""intensity"": ""moderate""}"
EN_06_04_05_2_2,both,neutral,none,"{""emotion"": ""neutral"", ""intensity"": ""none""}"
EN_06_04_06_1_2,both,confusion,high,"{""emotion"": ""confusion"", ""intensity"": ""high""}"
EN_06_04_06_2_2,both,disgust,high,"{""emotion"": ""disgust"", ""intensity"": ""high""}"
EN_06_04_07_1_2,both,neutral,none,"{""emotion"": ""neutral"", ""intensity"": ""none""}"
EN_06_04_07_2_2,both,anger,high,"{""emotion"": ""anger"", ""intensity"": ""high""}"
EN_06_04_08_1_2,both,disgust,low,"{""emotion"": ""disgust"", ""intensity"": ""low""}"
EN_06_04_08_2_2,both,disgust,low,"{""emotion"": ""disgust"", ""intensity"": ""low""}"
EN_06_04_09_1_2,both,sadness,low,"{""emotion"": ""sadness"", ""intensity"": ""low""}"
EN_06_04_09_2_2,both,confidence,high,"{""emotion"": ""confidence"", ""intensity"": ""high""}"
EN_06_04_10_1_2,both,contempt,low,"{""emotion"": ""contempt"", ""intensity"": ""moderate""}"
EN_06_04_10_2_2,both,contempt,high,"{""emotion"": ""contempt"", ""intensity"": ""high""}"
EN_06_05_01_1_2,both,neutral,none,"{""emotion"": ""neutral"", ""intensity"": ""none""}"
EN_06_05_01_2_2,both,confidence,high,"{""emotion"": ""confidence"", ""intensity"": ""high""}"
EN_06_05_02_1_2,both,neutral,none,"{""emotion"": ""neutral"", ""intensity"": ""none""}"
EN_06_05_02_2_2,both,confidence,high,"{""emotion"": ""confidence"", ""intensity"": ""high""}"
EN_06_05_03_1_2,both,confidence,low,"{""emotion"": ""confidence"", ""intensity"": ""low""}"
EN_06_05_03_2_2,both,contempt,high,"{""emotion"": ""contempt"", ""intensity"": ""high""}"
EN_06_05_04_1_2,both,sadness,low,"{""emotion"": ""sadness"", ""intensity"": ""low""}"
EN_06_05_04_2_2,both,sadness,high,"{""emotion"": ""sadness"", ""intensity"": ""high""}"
EN_06_05_05_1_2,both,neutral,low,"{""emotion"": ""neutral"", ""intensity"": ""low""}"
EN_06_05_05_2_2,both,neutral,none,"{""emotion"": ""neutral"", ""intensity"": ""none""}"
EN_06_05_06_1_2,both,confidence,low,"{""emotion"": ""confidence"", ""intensity"": ""low""}"
EN_06_05_06_2_2,both,disgust,low,"{""emotion"": ""disgust"", ""intensity"": ""low""}"
EN_06_05_07_1_2,both,neutral,none,"{""emotion"": ""neutral"", ""intensity"": ""none""}"
EN_06_05_07_2_2,both,sadness,low,"{""emotion"": ""sadness"", ""intensity"": ""moderate""}"
EN_06_05_08_1_2,both,disgust,low,"{""emotion"": ""disgust"", ""intensity"": ""moderate""}"
EN_06_05_08_2_2,both,disgust,high,"{""emotion"": ""disgust"", ""intensity"": ""high""}"
EN_06_05_09_1_2,both,neutral,none,"{""emotion"": ""neutral"", ""intensity"": ""none""}"
EN_06_05_09_2_2,both,confidence,high,"{""emotion"": ""confidence"", ""intensity"": ""high""}"
EN_06_05_10_1_2,both,contempt,high,"{""emotion"": ""contempt"", ""intensity"": ""high""}"
EN_06_05_10_2_2,both,contempt,high,"{""emotion"": ""contempt"", ""intensity"": ""high""}"
EN_06_06_01_1_2,both,neutral,none,"{""emotion"": ""neutral"", ""intensity"": ""none""}"
EN_06_06_01_2_2,both,surprise,high,"{""emotion"": ""surprise"", ""intensity"": ""high""}"
EN_06_06_02_1_2,both,confusion,high,"{""emotion"": ""confusion"", ""intensity"": ""high""}"
EN_06_06_02_2_2,both,confidence,high,"{""emotion"": ""confidence"", ""intensity"": ""high""}"
EN_06_06_03_1_2,both,confidence,high,"{""emotion"": ""confidence"", ""intensity"": ""high""}"
EN_06_06_03_2_2,both,confidence,high,"{""emotion"": ""confidence"", ""intensity"": ""high""}"
EN_06_06_04_1_2,both,sadness,high,"{""emotion"": ""sadness"", ""intensity"": ""high""}"
EN_06_06_04_2_2,both,contempt,high,"{""emotion"": ""contempt"", ""intensity"": ""high""}"
EN_06_06_05_1_2,both,confusion,low,"{""emotion"": ""confusion"", ""intensity"": ""low""}"
EN_06_06_05_2_2,both,confusion,low,"{""emotion"": ""confusion"", ""intensity"": ""low""}"
EN_06_06_06_1_2,both,disgust,low,"{""emotion"": ""disgust"", ""intensity"": ""low""}"
EN_06_06_06_2_2,both,happiness,high,"{""emotion"": ""happiness"", ""intensity"": ""high""}"
EN_06_06_07_1_2,both,surprise,high,"{""emotion"": ""surprise"", ""intensity"": ""high""}"
EN_06_06_07_2_2,both,surprise,high,"{""emotion"": ""surprise"", ""intensity"": ""high""}"
EN_06_06_08_1_2,both,disgust,high,"{""emotion"": ""disgust"", ""intensity"": ""high""}"
EN_06_06_08_2_2,both,confusion,low,"{""emotion"": ""confusion"", ""intensity"": ""low""}"
EN_06_06_09_1_2,both,confidence,high,"{""emotion"": ""confidence"", ""intensity"": ""high""}"
EN_06_06_09_2_2,both,confidence,high,"{""emotion"": ""confidence"", ""intensity"": ""high""}"
EN_06_06_10_1_2,both,contempt,high,"{""emotion"": ""contempt"", ""intensity"": ""high""}"
EN_06_06_10_2_2,both,contempt,high,"{""emotion"": ""contempt"", ""intensity"": ""high""}"
EN_06_07_01_1_2,both,neutral,none,"{""emotion"": ""neutral"", ""intensity"": ""none""}"
EN_06_07_01_2_2,both,neutral,none,"{""emotion"": ""neutral"", ""intensity"": ""none""}"
EN_06_07_02_1_2,both,confidence,low,"{""emotion"": ""confidence"", ""intensity"": ""low""}"
EN_06_07_02_2_2,both,confidence,low,"{""emotion"": ""confidence"", ""intensity"": ""low""}"
EN_06_07_03_1_2,both,confidence,high,"{""emotion"": ""confidence"", ""intensity"": ""high""}"
EN_06_07_03_2_2,both,confidence,high,"{""emotion"": ""confidence"", ""intensity"": ""high""}"
EN_06_07_04_1_2,both,sadness,low,"{""emotion"": ""sadness"", ""intensity"": ""low""}"
EN_06_07_04_2_2,both,sadness,low,"{""emotion"": ""sadness"", ""intensity"": ""low""}"
EN_06_07_05_1_2,both,neutral,none,"{""emotion"": ""neutral"", ""intensity"": ""none""}"
EN_06_07_05_2_2,both,surprise,low,"{""emotion"": ""surprise"", ""intensity"": ""low""}"
EN_06_07_06_1_2,both,neutral,none,"{""emotion"": ""neutral"", ""intensity"": ""none""}"
EN_06_07_06_2_2,both,confidence,high,"{""emotion"": ""confidence"", ""intensity"": ""high""}"
EN_06_07_07_1_2,both,sadness,low,"{""emotion"": ""sadness"", ""intensity"": ""moderate""}"
EN_06_07_07_2_2,both,neutral,none,"{""emotion"": ""neutral"", ""intensity"": ""none""}"
EN_06_07_08_1_2,both,neutral,none,"{""emotion"": ""neutral"", ""intensity"": ""none""}"
EN_06_07_08_2_2,both,disgust,low,"{""emotion"": ""disgust"", ""intensity"": ""low""}"
EN_06_07_09_1_2,both,neutral,none,"{""emotion"": ""neutral"", ""intensity"": ""none""}"
EN_06_07_09_2_2,both,confidence,low,"{""emotion"": ""confidence"", ""intensity"": ""low""}"
EN_06_07_10_1_2,both,contempt,low,"{""emotion"": ""contempt"", ""intensity"": ""low""}"
EN_06_07_10_2_2,both,contempt,low,"{""emotion"": ""contempt"", ""intensity"": ""low""}"
EN_06_08_01_1_2,both,sadness,high,"{""emotion"": ""sadness"", ""intensity"": ""high""}"
EN_06_08_01_2_2,both,sadness,high,"{""emotion"": ""sadness"", ""intensity"": ""high""}"
EN_06_08_02_1_2,both,confidence,low,"{""emotion"": ""confidence"", ""intensity"": ""low""}"
EN_06_08_02_2_2,both,confidence,high,"{""emotion"": ""confidence"", ""intensity"": ""high""}"
EN_06_08_03_1_2,both,confidence,low,"{""emotion"": ""confidence"", ""intensity"": ""low""}"
EN_06_08_03_2_2,both,confidence,high,"{""emotion"": ""confidence"", ""intensity"": ""high""}"
EN_06_08_04_1_2,both,sadness,high,"{""emotion"": ""sadness"", ""intensity"": ""high""}"
EN_06_08_04_2_2,both,surprise,high,"{""emotion"": ""surprise"", ""intensity"": ""high""}"
EN_06_08_05_1_2,both,confusion,low,"{""emotion"": ""confusion"", ""intensity"": ""low""}"
EN_06_08_05_2_2,both,confusion,low,"{""emotion"": ""confusion"", ""intensity"": ""moderate""}"
EN_06_08_06_1_2,both,disgust,low,"{""emotion"": ""disgust"", ""intensity"": ""low""}"
EN_06_08_06_2_2,both,confidence,high,"{""emotion"": ""confidence"", ""intensity"": ""high""}"
EN_06_08_07_1_2,both,confusion,low,"{""emotion"": ""confusion"", ""intensity"": ""low""}"
EN_06_08_07_2_2,both,confusion,low,"{""emotion"": ""confusion"", ""intensity"": ""moderate""}"
EN_06_08_08_1_2,both,confusion,low,"{""emotion"": ""confusion"", ""intensity"": ""low""}"
EN_06_08_08_2_2,both,confusion,high,"{""emotion"": ""confusion"", ""intensity"": ""high""}"
EN_06_08_09_1_2,both,confusion,low,"{""emotion"": ""confusion"", ""intensity"": ""low""}"
EN_06_08_09_2_2,both,sadness,low,"{""emotion"": ""sadness"", ""intensity"": ""low""}"
EN_06_08_10_1_2,both,contempt,low,"{""emotion"": ""contempt"", ""intensity"": ""moderate""}"
EN_06_08_10_2_2,both,contempt,high,"{""emotion"": ""contempt"", ""intensity"": ""high""}"
EN_06_09_01_1_2,both,confidence,low,"{""emotion"": ""confidence"", ""intensity"": ""low""}"
EN_06_09_01_2_2,both,confidence,high,"{""emotion"": ""confidence"", ""intensity"": ""high""}"
EN_06_09_02_1_2,both,confidence,low,"{""emotion"": ""confidence"", ""intensity"": ""low""}"
EN_06_09_02_2_2,both,confidence,low,"{""emotion"": ""confidence"", ""intensity"": ""moderate""}"
EN_06_09_03_1_2,both,confidence,high,"{""emotion"": ""confidence"", ""intensity"": ""high""}"
EN_06_09_03_2_2,both,confidence,high,"{""emotion"": ""confidence"", ""intensity"": ""high""}"
EN_06_09_04_1_2,both,sadness,low,"{""emotion"": ""sadness"", ""intensity"": ""low""}"
EN_06_09_04_2_2,both,sadness,high,"{""emotion"": ""sadness"", ""intensity"": ""high""}"
EN_06_09_05_1_2,both,neutral,none,"{""emotion"": ""neutral"", ""intensity"": ""none""}"
EN_06_09_05_2_2,both,confidence,high,"{""emotion"": ""confidence"", ""intensity"": ""high""}"
EN_06_09_06_1_2,both,disgust,low,"{""emotion"": ""disgust"", ""intensity"": ""low""}"
EN_06_09_06_2_2,both,happiness,low,"{""emotion"": ""happiness"", ""intensity"": ""low""}"
EN_06_09_07_1_2,both,neutral,none,"{""emotion"": ""neutral"", ""intensity"": ""none""}"
EN_06_09_07_2_2,both,neutral,none,"{""emotion"": ""neutral"", ""intensity"": ""none""}"
EN_06_09_08_1_2,both,disgust,low,"{""emotion"": ""disgust"", ""intensity"": ""moderate""}"
EN_06_09_08_2_2,both,sadness,high,"{""emotion"": ""sadness"", ""intensity"": ""high""}"
EN_06_09_09_1_2,both,neutral,none,"{""emotion"": ""neutral"", ""intensity"": ""none""}"
EN_06_09_09_2_2,both,confidence,low,"{""emotion"": ""confidence"", ""intensity"": ""low""}"
EN_06_09_10_1_2,both,contempt,high,"{""emotion"": ""contempt"", ""intensity"": ""high""}"
EN_06_09_10_2_2,both,contempt,high,"{""emotion"": ""contempt"", ""intensity"": ""high""}"
EN_06_10_01_1_2,both,sadness,high,"{""emotion"": ""sadness"", ""intensity"": ""high""}"
EN_06_10_01_2_2,both,sadness,low,"{""emotion"": ""sadness"", ""intensity"": ""low""}"
EN_06_10_02_1_2,both,confidence,low,"{""emotion"": ""confidence"", ""intensity"": ""low""}"
EN_06_10_02_2_2,both,confidence,low,"{""emotion"": ""confidence"", ""intensity"": ""low""}"
EN_06_10_03_1_2,both,confidence,low,"{""emotion"": ""confidence"", ""intensity"": ""low""}"
EN_06_10_03_2_2,both,confidence,low,"{""emotion"": ""confidence"", ""intensity"": ""low""}"
EN_06_10_04_1_2,both,contempt,high,"{""emotion"": ""contempt"", ""intensity"": ""high""}"
EN_06_10_04_2_2,both,happiness,low,"{""emotion"": ""happiness"", ""intensity"": ""moderate""}"
EN_06_10_05_1_2,both,confidence,low,"{""emotion"": ""confidence"", ""intensity"": ""low""}"
EN_06_10_05_2_2,both,neutral,none,"{""emotion"": ""neutral"", ""intensity"": ""none""}"
EN_06_10_06_1_2,both,disgust,high,"{""emotion"": ""disgust"", ""intensity"": ""high""}"
EN_06_10_06_2_2,both,happiness,high,"{""emotion"": ""happiness"", ""intensity"": ""high""}"
EN_06_10_07_1_2,both,neutral,none,"{""emotion"": ""neutral"", ""intensity"": ""none""}"
EN_06_10_07_2_2,both,happiness,low,"{""emotion"": ""happiness"", ""intensity"": ""low""}"
EN_06_10_08_1_2,both,neutral,none,"{""emotion"": ""neutral"", ""intensity"": ""none""}"
EN_06_10_08_2_2,both,neutral,none,"{""emotion"": ""neutral"", ""intensity"": ""none""}"
EN_06_10_09_1_2,both,neutral,none,"{""emotion"": ""neutral"", ""intensity"": ""none""}"
EN_06_10_09_2_2,both,confidence,low,"{""emotion"": ""confidence"", ""intensity"": ""moderate""}"
EN_06_10_10_1_2,both,contempt,low,"{""emotion"": ""contempt"", ""intensity"": ""moderate""}"
EN_06_10_10_2_2,both,confidence,high,"{""emotion"": ""confidence"", ""intensity"": ""high""}"
EN_07_00_01,both,neutral,none,"{""emotion"": ""neutral"", ""intensity"": ""none""}"
EN_07_00_02,both,confidence,low,"{""emotion"": ""confidence"", ""intensity"": ""low""}"
EN_07_00_03,both,confidence,low,"{""emotion"": ""confidence"", ""intensity"": ""low""}"
EN_07_00_04,both,disgust,low,"{""emotion"": ""disgust"", ""intensity"": ""low""}"
EN_07_00_05,both,neutral,none,"{""emotion"": ""neutral"", ""intensity"": ""none""}"
EN_07_00_06,both,confidence,low,"{""emotion"": ""confidence"", ""intensity"": ""low""}"
EN_07_00_07,both,sadness,high,"{""emotion"": ""sadness"", ""intensity"": ""high""}"
EN_07_00_08,both,confidence,high,"{""emotion"": ""confidence"", ""intensity"": ""high""}"
EN_07_00_09,both,neutral,none,"{""emotion"": ""neutral"", ""intensity"": ""none""}"
EN_07_00_10,both,neutral,none,"{""emotion"": ""neutral"", ""intensity"": ""none""}"
EN_07_01_01_1_2,both,neutral,none,"{""emotion"": ""neutral"", ""intensity"": ""none""}"
EN_07_01_01_2_2,both,confusion,low,"{""emotion"": ""confusion"", ""intensity"": ""low""}"
EN_07_01_02_1_2,both,confidence,low,"{""emotion"": ""confidence"", ""intensity"": ""low""}"
EN_07_01_02_2_2,both,confidence,high,"{""emotion"": ""confidence"", ""intensity"": ""high""}"
EN_07_01_03_1_2,both,confidence,low,"{""emotion"": ""confidence"", ""intensity"": ""low""}"
EN_07_01_03_2_2,both,sadness,low,"{""emotion"": ""sadness"", ""intensity"": ""low""}"
EN_07_01_04_1_2,both,sadness,low,"{""emotion"": ""sadness"", ""intensity"": ""low""}"
EN_07_01_04_2_2,both,confidence,high,"{""emotion"": ""confidence"", ""intensity"": ""high""}"
EN_07_01_05_1_2,both,confusion,low,"{""emotion"": ""confusion"", ""intensity"": ""low""}"
EN_07_01_05_2_2,both,neutral,none,"{""emotion"": ""neutral"", ""intensity"": ""none""}"
EN_07_01_06_1_2,both,neutral,none,"{""emotion"": ""neutral"", ""intensity"": ""none""}"
EN_07_01_06_2_2,both,confidence,high,"{""emotion"": ""confidence"", ""intensity"": ""high""}"
EN_07_01_07_1_2,both,neutral,none,"{""emotion"": ""neutral"", ""intensity"": ""none""}"
EN_07_01_07_2_2,both,neutral,none,"{""emotion"": ""neutral"", ""intensity"": ""none""}"
EN_07_01_08_1_2,both,disgust,low,"{""emotion"": ""disgust"", ""intensity"": ""low""}"
EN_07_01_08_2_2,both,disgust,low,"{""emotion"": ""disgust"", ""intensity"": ""low""}"
EN_07_01_09_1_2,both,neutral,none,"{""emotion"": ""neutral"", ""intensity"": ""none""}"
EN_07_01_09_2_2,both,neutral,none,"{""emotion"": ""neutral"", ""intensity"": ""none""}"
EN_07_01_10_1_2,both,contempt,low,"{""emotion"": ""contempt"", ""intensity"": ""low""}"
EN_07_01_10_2_2,both,contempt,low,"{""emotion"": ""contempt"", ""intensity"": ""low""}"
EN_07_02_01_1_2,both,happiness,low,"{""emotion"": ""happiness"", ""intensity"": ""low""}"
EN_07_02_01_2_2,both,confidence,low,"{""emotion"": ""confidence"", ""intensity"": ""low""}"
EN_07_02_02_1_2,both,neutral,none,"{""emotion"": ""neutral"", ""intensity"": ""none""}"
EN_07_02_02_2_2,both,disgust,high,"{""emotion"": ""disgust"", ""intensity"": ""high""}"
EN_07_02_03_1_2,both,contempt,high,"{""emotion"": ""contempt"", ""intensity"": ""high""}"
EN_07_02_03_2_2,both,happiness,low,"{""emotion"": ""happiness"", ""intensity"": ""low""}"
EN_07_02_04_1_2,both,sadness,high,"{""emotion"": ""sadness"", ""intensity"": ""high""}"
EN_07_02_04_2_2,both,happiness,low,"{""emotion"": ""happiness"", ""intensity"": ""low""}"
EN_07_02_05_1_2,both,happiness,low,"{""emotion"": ""happiness"", ""intensity"": ""low""}"
EN_07_02_05_2_2,both,neutral,none,"{""emotion"": ""neutral"", ""intensity"": ""none""}"
EN_07_02_06_1_2,both,happiness,low,"{""emotion"": ""happiness"", ""intensity"": ""low""}"
EN_07_02_06_2_2,both,disgust,high,"{""emotion"": ""disgust"", ""intensity"": ""high""}"
EN_07_02_07_1_2,both,neutral,none,"{""emotion"": ""neutral"", ""intensity"": ""none""}"
EN_07_02_07_2_2,both,disgust,low,"{""emotion"": ""disgust"", ""intensity"": ""low""}"
EN_07_02_08_1_2,both,neutral,none,"{""emotion"": ""neutral"", ""intensity"": ""none""}"
EN_07_02_08_2_2,both,disgust,low,"{""emotion"": ""disgust"", ""intensity"": ""low""}"
EN_07_02_09_1_2,both,neutral,none,"{""emotion"": ""neutral"", ""intensity"": ""none""}"
EN_07_02_09_2_2,both,surprise,low,"{""emotion"": ""surprise"", ""intensity"": ""moderate""}"
EN_07_02_10_1_2,both,happiness,low,"{""emotion"": ""happiness"", ""intensity"": ""low""}"
EN_07_02_10_2_2,both,contempt,low,"{""emotion"": ""contempt"", ""intensity"": ""moderate""}"
EN_07_03_01_1_2,both,happiness,high,"{""emotion"": ""happiness"", ""intensity"": ""high""}"
EN_07_03_01_2_2,both,surprise,low,"{""emotion"": ""surprise"", ""intensity"": ""low""}"
EN_07_03_02_1_2,both,confidence,high,"{""emotion"": ""confidence"", ""intensity"": ""high""}"
EN_07_03_02_2_2,both,anger,high,"{""emotion"": ""anger"", ""intensity"": ""high""}"
EN_07_03_03_1_2,both,confidence,low,"{""emotion"": ""confidence"", ""intensity"": ""low""}"
EN_07_03_03_2_2,both,contempt,high,"{""emotion"": ""contempt"", ""intensity"": ""high""}"
EN_07_03_04_1_2,both,confidence,high,"{""emotion"": ""confidence"", ""intensity"": ""high""}"
EN_07_03_04_2_2,both,contempt,high,"{""emotion"": ""contempt"", ""intensity"": ""high""}"
EN_07_03_05_1_2,both,happiness,low,"{""emotion"": ""happiness"", ""intensity"": ""low""}"
EN_07_03_05_2_2,both,confusion,low,"{""emotion"": ""confusion"", ""intensity"": ""low""}"
EN_07_03_06_1_2,both,disgust,high,"{""emotion"": ""disgust"", ""intensity"": ""high""}"
EN_07_03_06_2_2,both,contempt,high,"{""emotion"": ""contempt"", ""intensity"": ""high""}"
EN_07_03_07_1_2,both,neutral,none,"{""emotion"": ""neutral"", ""intensity"": ""none""}"
EN_07_03_07_2_2,both,sadness,high,"{""emotion"": ""sadness"", ""intensity"": ""high""}"
EN_07_03_08_1_2,both,disgust,high,"{""emotion"": ""disgust"", ""intensity"": ""high""}"
EN_07_03_08_2_2,both,disgust,high,"{""emotion"": ""disgust"", ""intensity"": ""high""}"
EN_07_03_09_1_2,both,sadness,high,"{""emotion"": ""sadness"", ""intensity"": ""high""}"
EN_07_03_09_2_2,both,anger,high,"{""emotion"": ""anger"", ""intensity"": ""high""}"
EN_07_03_10_1_2,both,contempt,high,"{""emotion"": ""contempt"", ""intensity"": ""high""}"
EN_07_03_10_2_2,both,,,"{""emotion"": ""frustration"", ""intensity"": ""moderate""}"
EN_07_04_01_1_2,both,confidence,high,"{""emotion"": ""confidence"", ""intensity"": ""high""}"
EN_07_04_01_2_2,both,sadness,low,"{""emotion"": ""sadness"", ""intensity"": ""low""}"
EN_07_04_02_1_2,both,confidence,low,"{""emotion"": ""confidence"", ""intensity"": ""low""}"
EN_07_04_02_2_2,both,confidence,low,"{""emotion"": ""confidence"", ""intensity"": ""low""}"
EN_07_04_03_1_2,both,confidence,low,"{""emotion"": ""confidence"", ""intensity"": ""low""}"
EN_07_04_03_2_2,both,contempt,high,"{""emotion"": ""contempt"", ""intensity"": ""high""}"
EN_07_04_04_1_2,both,surprise,low,"{""emotion"": ""surprise"", ""intensity"": ""moderate""}"
EN_07_04_04_2_2,both,happiness,low,"{""emotion"": ""happiness"", ""intensity"": ""low""}"
EN_07_04_05_1_2,both,confusion,high,"{""emotion"": ""confusion"", ""intensity"": ""high""}"
EN_07_04_05_2_2,both,confusion,low,"{""emotion"": ""confusion"", ""intensity"": ""low""}"
EN_07_04_06_1_2,both,confidence,high,"{""emotion"": ""confidence"", ""intensity"": ""high""}"
EN_07_04_06_2_2,both,disgust,high,"{""emotion"": ""disgust"", ""intensity"": ""high""}"
EN_07_04_07_1_2,both,neutral,none,"{""emotion"": ""neutral"", ""intensity"": ""none""}"
EN_07_04_07_2_2,both,surprise,low,"{""emotion"": ""surprise"", ""intensity"": ""low""}"
EN_07_04_08_1_2,both,disgust,low,"{""emotion"": ""disgust"", ""intensity"": ""low""}"
EN_07_04_08_2_2,both,anger,high,"{""emotion"": ""anger"", ""intensity"": ""high""}"
EN_07_04_09_1_2,both,neutral,none,"{""emotion"": ""neutral"", ""intensity"": ""none""}"
EN_07_04_09_2_2,both,confidence,high,"{""emotion"": ""confidence"", ""intensity"": ""high""}"
EN_07_04_10_1_2,both,contempt,high,"{""emotion"": ""contempt"", ""intensity"": ""high""}"
EN_07_04_10_2_2,both,contempt,high,"{""emotion"": ""contempt"", ""intensity"": ""high""}"
EN_07_05_01_1_2,both,confusion,high,"{""emotion"": ""confusion"", ""intensity"": ""high""}"
EN_07_05_01_2_2,both,confusion,high,"{""emotion"": ""confusion"", ""intensity"": ""high""}"
EN_07_05_02_1_2,both,neutral,none,"{""emotion"": ""neutral"", ""intensity"": ""none""}"
EN_07_05_02_2_2,both,neutral,none,"{""emotion"": ""neutral"", ""intensity"": ""none""}"
EN_07_05_03_1_2,both,contempt,high,"{""emotion"": ""contempt"", ""intensity"": ""high""}"
EN_07_05_03_2_2,both,confidence,high,"{""emotion"": ""confidence"", ""intensity"": ""high""}"
EN_07_05_04_1_2,both,disgust,high,"{""emotion"": ""disgust"", ""intensity"": ""high""}"
EN_07_05_04_2_2,both,contempt,high,"{""emotion"": ""contempt"", ""intensity"": ""high""}"
EN_07_05_05_1_2,both,confidence,high,"{""emotion"": ""confidence"", ""intensity"": ""high""}"
EN_07_05_05_2_2,both,confidence,low,"{""emotion"": ""confidence"", ""intensity"": ""low""}"
EN_07_05_06_1_2,both,neutral,none,"{""emotion"": ""neutral"", ""intensity"": ""none""}"
EN_07_05_06_2_2,both,neutral,none,"{""emotion"": ""neutral"", ""intensity"": ""none""}"
EN_07_05_07_1_2,both,neutral,none,"{""emotion"": ""neutral"", ""intensity"": ""none""}"
EN_07_05_07_2_2,both,anger,high,"{""emotion"": ""anger"", ""intensity"": ""high""}"
EN_07_05_08_1_2,both,disgust,low,"{""emotion"": ""disgust"", ""intensity"": ""low""}"
EN_07_05_08_2_2,both,disgust,high,"{""emotion"": ""disgust"", ""intensity"": ""high""}"
EN_07_05_09_1_2,both,neutral,none,"{""emotion"": ""neutral"", ""intensity"": ""none""}"
EN_07_05_09_2_2,both,confidence,low,"{""emotion"": ""confidence"", ""intensity"": ""low""}"
EN_07_05_10_1_2,both,contempt,high,"{""emotion"": ""contempt"", ""intensity"": ""high""}"
EN_07_05_10_2_2,both,contempt,high,"{""emotion"": ""contempt"", ""intensity"": ""high""}"
EN_07_06_01_1_2,both,neutral,none,"{""emotion"": ""neutral"", ""intensity"": ""none""}"
EN_07_06_01_2_2,both,confidence,high,"{""emotion"": ""confidence"", ""intensity"": ""high""}"
EN_07_06_02_1_2,both,neutral,none,"{""emotion"": ""neutral"", ""intensity"": ""none""}"
EN_07_06_02_2_2,both,confidence,low,"{""emotion"": ""confidence"", ""intensity"": ""low""}"
EN_07_06_03_1_2,both,confidence,low,"{""emotion"": ""confidence"", ""intensity"": ""low""}"
EN_07_06_03_2_2,both,confidence,low,"{""emotion"": ""confidence"", ""intensity"": ""low""}"
EN_07_06_04_1_2,both,neutral,none,"{""emotion"": ""neutral"", ""intensity"": ""none""}"
EN_07_06_04_2_2,both,surprise,high,"{""emotion"": ""surprise"", ""intensity"": ""high""}"
EN_07_06_05_1_2,both,neutral,none,"{""emotion"": ""neutral"", ""intensity"": ""none""}"
EN_07_06_05_2_2,both,confusion,low,"{""emotion"": ""confusion"", ""intensity"": ""low""}"
EN_07_06_06_1_2,both,neutral,none,"{""emotion"": ""neutral"", ""intensity"": ""none""}"
EN_07_06_06_2_2,both,confidence,low,"{""emotion"": ""confidence"", ""intensity"": ""low""}"
EN_07_06_07_1_2,both,neutral,none,"{""emotion"": ""neutral"", ""intensity"": ""none""}"
EN_07_06_07_2_2,both,neutral,none,"{""emotion"": ""neutral"", ""intensity"": ""none""}"
EN_07_06_08_1_2,both,disgust,low,"{""emotion"": ""disgust"", ""intensity"": ""low""}"
EN_07_06_08_2_2,both,disgust,low,"{""emotion"": ""disgust"", ""intensity"": ""low""}"
EN_07_06_09_1_2,both,neutral,none,"{""emotion"": ""neutral"", ""intensity"": ""none""}"
EN_07_06_09_2_2,both,confidence,low,"{""emotion"": ""confidence"", ""intensity"": ""low""}"
EN_07_06_10_1_2,both,neutral,none,"{""emotion"": ""neutral"", ""intensity"": ""none""}"
EN_07_06_10_2_2,both,contempt,low,"{""emotion"": ""contempt"", ""intensity"": ""low""}"
EN_07_07_01_1_2,both,happiness,high,"{""emotion"": ""happiness"", ""intensity"": ""high""}"
EN_07_07_01_2_2,both,happiness,high,"{""emotion"": ""happiness"", ""intensity"": ""high""}"
EN_07_07_02_1_2,both,confidence,low,"{""emotion"": ""confidence"", ""intensity"": ""low""}"
EN_07_07_02_2_2,both,happiness,low,"{""emotion"": ""happiness"", ""intensity"": ""low""}"
EN_07_07_03_1_2,both,confidence,low,"{""emotion"": ""confidence"", ""intensity"": ""low""}"
EN_07_07_03_2_2,both,confidence,high,"{""emotion"": ""confidence"", ""intensity"": ""high""}"
EN_07_07_04_1_2,both,happiness,low,"{""emotion"": ""happiness"", ""intensity"": ""low""}"
EN_07_07_04_2_2,both,neutral,none,"{""emotion"": ""neutral"", ""intensity"": ""none""}"
EN_07_07_05_1_2,both,neutral,none,"{""emotion"": ""neutral"", ""intensity"": ""none""}"
EN_07_07_05_2_2,both,neutral,none,"{""emotion"": ""neutral"", ""intensity"": ""none""}"
EN_07_07_06_1_2,both,neutral,none,"{""emotion"": ""neutral"", ""intensity"": ""none""}"
EN_07_07_06_2_2,both,confidence,low,"{""emotion"": ""confidence"", ""intensity"": ""low""}"
EN_07_07_07_1_2,both,neutral,none,"{""emotion"": ""neutral"", ""intensity"": ""none""}"
EN_07_07_07_2_2,both,happiness,low,"{""emotion"": ""happiness"", ""intensity"": ""low""}"
EN_07_07_08_1_2,both,disgust,low,"{""emotion"": ""disgust"", ""intensity"": ""low""}"
EN_07_07_08_2_2,both,disgust,low,"{""emotion"": ""disgust"", ""intensity"": ""low""}"
EN_07_07_09_1_2,both,confidence,high,"{""emotion"": ""confidence"", ""intensity"": ""high""}"
EN_07_07_09_2_2,both,confidence,low,"{""emotion"": ""confidence"", ""intensity"": ""low""}"
EN_07_07_10_1_2,both,neutral,none,"{""emotion"": ""neutral"", ""intensity"": ""none""}"
EN_07_07_10_2_2,both,confidence,low,"{""emotion"": ""confidence"", ""intensity"": ""low""}"
EN_07_08_01_1_2,both,confusion,low,"{""emotion"": ""confusion"", ""intensity"": ""low""}"
EN_07_08_01_2_2,both,confidence,high,"{""emotion"": ""confidence"", ""intensity"": ""high""}"
EN_07_08_02_1_2,both,confusion,low,"{""emotion"": ""confusion"", ""intensity"": ""low""}"
EN_07_08_02_2_2,both,anger,high,"{""emotion"": ""anger"", ""intensity"": ""high""}"
EN_07_08_03_1_2,both,contempt,low,"{""emotion"": ""contempt"", ""intensity"": ""moderate""}"
EN_07_08_03_2_2,both,confidence,high,"{""emotion"": ""confidence"", ""intensity"": ""high""}"
EN_07_08_04_1_2,both,disgust,low,"{""emotion"": ""disgust"", ""intensity"": ""low""}"
EN_07_08_04_2_2,both,contempt,low,"{""emotion"": ""contempt"", ""intensity"": ""moderate""}"
EN_07_08_05_1_2,both,confusion,high,"{""emotion"": ""confusion"", ""intensity"": ""high""}"
EN_07_08_05_2_2,both,disgust,high,"{""emotion"": ""disgust"", ""intensity"": ""high""}"
EN_07_08_06_1_2,both,neutral,none,"{""emotion"": ""neutral"", ""intensity"": ""none""}"
EN_07_08_06_2_2,both,happiness,low,"{""emotion"": ""happiness"", ""intensity"": ""low""}"
EN_07_08_07_1_2,both,confusion,low,"{""emotion"": ""confusion"", ""intensity"": ""low""}"
EN_07_08_07_2_2,both,disgust,high,"{""emotion"": ""disgust"", ""intensity"": ""high""}"
EN_07_08_08_1_2,both,neutral,none,"{""emotion"": ""neutral"", ""intensity"": ""none""}"
EN_07_08_08_2_2,both,disgust,high,"{""emotion"": ""disgust"", ""intensity"": ""high""}"
EN_07_08_09_1_2,both,sadness,low,"{""emotion"": ""sadness"", ""intensity"": ""low""}"
EN_07_08_09_2_2,both,sadness,high,"{""emotion"": ""sadness"", ""intensity"": ""high""}"
EN_07_08_10_1_2,both,confidence,low,"{""emotion"": ""confidence"", ""intensity"": ""low""}"
EN_07_08_10_2_2,both,disgust,low,"{""emotion"": ""disgust"", ""intensity"": ""moderate""}"
EN_07_09_01_1_2,both,confusion,low,"{""emotion"": ""confusion"", ""intensity"": ""low""}"
EN_07_09_01_2_2,both,surprise,low,"{""emotion"": ""surprise"", ""intensity"": ""moderate""}"
EN_07_09_02_1_2,both,neutral,none,"{""emotion"": ""neutral"", ""intensity"": ""none""}"
EN_07_09_02_2_2,both,confidence,low,"{""emotion"": ""confidence"", ""intensity"": ""low""}"
EN_07_09_03_1_2,both,neutral,none,"{""emotion"": ""neutral"", ""intensity"": ""none""}"
EN_07_09_03_2_2,both,happiness,high,"{""emotion"": ""happiness"", ""intensity"": ""high""}"
EN_07_09_04_1_2,both,sadness,low,"{""emotion"": ""sadness"", ""intensity"": ""low""}"
EN_07_09_04_2_2,both,happiness,high,"{""emotion"": ""happiness"", ""intensity"": ""high""}"
EN_07_09_05_1_2,both,neutral,none,"{""emotion"": ""neutral"", ""intensity"": ""none""}"
EN_07_09_05_2_2,both,confusion,low,"{""emotion"": ""confusion"", ""intensity"": ""low""}"
EN_07_09_06_1_2,both,happiness,low,"{""emotion"": ""happiness"", ""intensity"": ""low""}"
EN_07_09_06_2_2,both,disgust,high,"{""emotion"": ""disgust"", ""intensity"": ""high""}"
EN_07_09_07_1_2,both,neutral,none,"{""emotion"": ""neutral"", ""intensity"": ""none""}"
EN_07_09_07_2_2,both,confidence,high,"{""emotion"": ""confidence"", ""intensity"": ""high""}"
EN_07_09_08_1_2,both,happiness,low,"{""emotion"": ""happiness"", ""intensity"": ""low""}"
EN_07_09_08_2_2,both,happiness,high,"{""emotion"": ""happiness"", ""intensity"": ""high""}"
EN_07_09_09_1_2,both,confidence,low,"{""emotion"": ""confidence"", ""intensity"": ""low""}"
EN_07_09_09_2_2,both,confidence,low,"{""emotion"": ""confidence"", ""intensity"": ""low""}"
EN_07_09_10_1_2,both,confidence,high,"{""emotion"": ""confidence"", ""intensity"": ""high""}"
EN_07_09_10_2_2,both,contempt,high,"{""emotion"": ""contempt"", ""intensity"": ""high""}"
EN_07_10_01_1_2,both,neutral,none,"{""emotion"": ""neutral"", ""intensity"": ""none""}"
EN_07_10_01_2_2,both,confidence,low,"{""emotion"": ""confidence"", ""intensity"": ""low""}"
EN_07_10_02_1_2,both,confidence,high,"{""emotion"": ""confidence"", ""intensity"": ""high""}"
EN_07_10_02_2_2,both,neutral,none,"{""emotion"": ""neutral"", ""intensity"": ""none""}"
EN_07_10_03_1_2,both,confidence,low,"{""emotion"": ""confidence"", ""intensity"": ""low""}"
EN_07_10_03_2_2,both,confidence,low,"{""emotion"": ""confidence"", ""intensity"": ""low""}"
EN_07_10_04_1_2,both,confidence,low,"{""emotion"": ""confidence"", ""intensity"": ""low""}"
EN_07_10_04_2_2,both,happiness,low,"{""emotion"": ""happiness"", ""intensity"": ""low""}"
EN_07_10_05_1_2,both,neutral,none,"{""emotion"": ""neutral"", ""intensity"": ""none""}"
EN_07_10_05_2_2,both,happiness,high,"{""emotion"": ""happiness"", ""intensity"": ""high""}"
EN_07_10_06_1_2,both,happiness,low,"{""emotion"": ""happiness"", ""intensity"": ""low""}"
EN_07_10_06_2_2,both,happiness,high,"{""emotion"": ""happiness"", ""intensity"": ""high""}"
EN_07_10_07_1_2,both,neutral,none,"{""emotion"": ""neutral"", ""intensity"": ""none""}"
EN_07_10_07_2_2,both,neutral,none,"{""emotion"": ""neutral"", ""intensity"": ""none""}"
EN_07_10_08_1_2,both,disgust,low,"{""emotion"": ""disgust"", ""intensity"": ""low""}"
EN_07_10_08_2_2,both,contempt,high,"{""emotion"": ""contempt"", ""intensity"": ""high""}"
EN_07_10_09_1_2,both,neutral,none,"{""emotion"": ""neutral"", ""intensity"": ""none""}"
EN_07_10_09_2_2,both,neutral,none,"{""emotion"": ""neutral"", ""intensity"": ""none""}"
EN_07_10_10_1_2,both,confidence,low,"{""emotion"": ""confidence"", ""intensity"": ""low""}"
EN_07_10_10_2_2,both,confidence,low,"{""emotion"": ""confidence"", ""intensity"": ""low""}"
EN_08_00_01,both,sadness,low,"{""emotion"": ""sadness"", ""intensity"": ""low""}"
EN_08_00_02,both,neutral,none,"{""emotion"": ""neutral"", ""intensity"": ""none""}"
EN_08_00_03,both,confidence,low,"{""emotion"": ""confidence"", ""intensity"": ""low""}"
EN_08_00_04,both,confidence,high,"{""emotion"": ""confidence"", ""intensity"": ""high""}"
EN_08_00_05,both,neutral,none,"{""emotion"": ""neutral"", ""intensity"": ""none""}"
EN_08_00_06,both,happiness,low,"{""emotion"": ""happiness"", ""intensity"": ""low""}"
EN_08_00_07,both,neutral,none,"{""emotion"": ""neutral"", ""intensity"": ""none""}"
EN_08_00_08,both,neutral,none,"{""emotion"": ""neutral"", ""intensity"": ""none""}"
EN_08_00_09,both,confidence,high,"{""emotion"": ""confidence"", ""intensity"": ""high""}"
EN_08_00_10,both,contempt,low,"{""emotion"": ""contempt"", ""intensity"": ""low""}"
EN_08_01_01_1_2,both,neutral,none,"{""emotion"": ""neutral"", ""intensity"": ""none""}"
EN_08_01_01_2_2,both,happiness,low,"{""emotion"": ""happiness"", ""intensity"": ""low""}"
EN_08_01_02_1_2,both,neutral,none,"{""emotion"": ""neutral"", ""intensity"": ""none""}"
EN_08_01_02_2_2,both,confidence,high,"{""emotion"": ""confidence"", ""intensity"": ""high""}"
EN_08_01_03_1_2,both,confidence,low,"{""emotion"": ""confidence"", ""intensity"": ""moderate""}"
EN_08_01_03_2_2,both,confidence,low,"{""emotion"": ""confidence"", ""intensity"": ""moderate""}"
EN_08_01_04_1_2,both,sadness,high,"{""emotion"": ""sadness"", ""intensity"": ""high""}"
EN_08_01_04_2_2,both,surprise,high,"{""emotion"": ""surprise"", ""intensity"": ""high""}"
EN_08_01_05_1_2,both,neutral,none,"{""emotion"": ""neutral"", ""intensity"": ""none""}"
EN_08_01_05_2_2,both,confidence,high,"{""emotion"": ""confidence"", ""intensity"": ""high""}"
EN_08_01_06_1_2,both,confidence,low,"{""emotion"": ""confidence"", ""intensity"": ""low""}"
EN_08_01_06_2_2,both,confidence,high,"{""emotion"": ""confidence"", ""intensity"": ""high""}"
EN_08_01_07_1_2,both,neutral,none,"{""emotion"": ""neutral"", ""intensity"": ""none""}"
EN_08_01_07_2_2,both,confidence,high,"{""emotion"": ""confidence"", ""intensity"": ""high""}"
EN_08_01_08_1_2,both,neutral,none,"{""emotion"": ""neutral"", ""intensity"": ""none""}"
EN_08_01_08_2_2,both,disgust,low,"{""emotion"": ""disgust"", ""intensity"": ""moderate""}"
EN_08_01_09_1_2,both,sadness,high,"{""emotion"": ""sadness"", ""intensity"": ""high""}"
EN_08_01_09_2_2,both,confidence,high,"{""emotion"": ""confidence"", ""intensity"": ""high""}"
EN_08_01_10_1_2,both,contempt,low,"{""emotion"": ""contempt"", ""intensity"": ""low""}"
EN_08_01_10_2_2,both,contempt,high,"{""emotion"": ""contempt"", ""intensity"": ""high""}"
EN_08_02_01_1_2,both,neutral,none,"{""emotion"": ""neutral"", ""intensity"": ""none""}"
EN_08_02_01_2_2,both,confidence,high,"{""emotion"": ""confidence"", ""intensity"": ""high""}"
EN_08_02_02_1_2,both,sadness,high,"{""emotion"": ""sadness"", ""intensity"": ""high""}"
EN_08_02_02_2_2,both,confidence,low,"{""emotion"": ""confidence"", ""intensity"": ""low""}"
EN_08_02_03_1_2,both,confidence,high,"{""emotion"": ""confidence"", ""intensity"": ""high""}"
EN_08_02_03_2_2,both,confidence,low,"{""emotion"": ""confidence"", ""intensity"": ""low""}"
EN_08_02_04_1_2,both,sadness,low,"{""emotion"": ""sadness"", ""intensity"": ""low""}"
EN_08_02_04_2_2,both,neutral,none,"{""emotion"": ""neutral"", ""intensity"": ""none""}"
EN_08_02_05_1_2,both,sadness,low,"{""emotion"": ""sadness"", ""intensity"": ""low""}"
EN_08_02_05_2_2,both,neutral,none,"{""emotion"": ""neutral"", ""intensity"": ""none""}"
EN_08_02_06_1_2,both,neutral,none,"{""emotion"": ""neutral"", ""intensity"": ""none""}"
EN_08_02_06_2_2,both,confidence,high,"{""emotion"": ""confidence"", ""intensity"": ""high""}"
EN_08_02_07_1_2,both,confusion,low,"{""emotion"": ""confusion"", ""intensity"": ""low""}"
EN_08_02_07_2_2,both,sadness,high,"{""emotion"": ""sadness"", ""intensity"": ""high""}"
EN_08_02_08_1_2,both,sadness,low,"{""emotion"": ""sadness"", ""intensity"": ""low""}"
EN_08_02_08_2_2,both,neutral,none,"{""emotion"": ""neutral"", ""intensity"": ""none""}"
EN_08_02_09_1_2,both,neutral,none,"{""emotion"": ""neutral"", ""intensity"": ""none""}"
EN_08_02_09_2_2,both,sadness,high,"{""emotion"": ""sadness"", ""intensity"": ""high""}"
EN_08_02_10_1_2,both,contempt,low,"{""emotion"": ""contempt"", ""intensity"": ""moderate""}"
EN_08_02_10_2_2,both,contempt,low,"{""emotion"": ""contempt"", ""intensity"": ""low""}"
EN_08_03_01_1_2,both,neutral,none,"{""emotion"": ""neutral"", ""intensity"": ""none""}"
EN_08_03_01_2_2,both,confusion,low,"{""emotion"": ""confusion"", ""intensity"": ""low""}"
EN_08_03_02_1_2,both,neutral,none,"{""emotion"": ""neutral"", ""intensity"": ""none""}"
EN_08_03_02_2_2,both,confidence,low,"{""emotion"": ""confidence"", ""intensity"": ""low""}"
EN_08_03_03_1_2,both,confidence,low,"{""emotion"": ""confidence"", ""intensity"": ""low""}"
EN_08_03_03_2_2,both,confidence,high,"{""emotion"": ""confidence"", ""intensity"": ""high""}"
EN_08_03_04_1_2,both,sadness,low,"{""emotion"": ""sadness"", ""intensity"": ""low""}"
EN_08_03_04_2_2,both,happiness,low,"{""emotion"": ""happiness"", ""intensity"": ""low""}"
EN_08_03_05_1_2,both,happiness,low,"{""emotion"": ""happiness"", ""intensity"": ""low""}"
EN_08_03_05_2_2,both,happiness,low,"{""emotion"": ""happiness"", ""intensity"": ""low""}"
EN_08_03_06_1_2,both,neutral,none,"{""emotion"": ""neutral"", ""intensity"": ""none""}"
EN_08_03_06_2_2,both,happiness,low,"{""emotion"": ""happiness"", ""intensity"": ""low""}"
EN_08_03_07_1_2,both,neutral,none,"{""emotion"": ""neutral"", ""intensity"": ""none""}"
EN_08_03_07_2_2,both,neutral,none,"{""emotion"": ""neutral"", ""intensity"": ""none""}"
EN_08_03_08_1_2,both,neutral,none,"{""emotion"": ""neutral"", ""intensity"": ""none""}"
EN_08_03_08_2_2,both,disgust,high,"{""emotion"": ""disgust"", ""intensity"": ""high""}"
EN_08_03_09_1_2,both,sadness,low,"{""emotion"": ""sadness"", ""intensity"": ""moderate""}"
EN_08_03_09_2_2,both,confidence,low,"{""emotion"": ""confidence"", ""intensity"": ""low""}"
EN_08_03_10_1_2,both,contempt,low,"{""emotion"": ""contempt"", ""intensity"": ""low""}"
EN_08_03_10_2_2,both,contempt,low,"{""emotion"": ""contempt"", ""intensity"": ""low""}"
EN_08_04_01_1_2,both,confusion,high,"{""emotion"": ""confusion"", ""intensity"": ""high""}"
EN_08_04_01_2_2,both,confidence,high,"{""emotion"": ""confidence"", ""intensity"": ""high""}"
EN_08_04_02_1_2,both,confidence,high,"{""emotion"": ""confidence"", ""intensity"": ""high""}"
EN_08_04_02_2_2,both,confidence,low,"{""emotion"": ""confidence"", ""intensity"": ""low""}"
EN_08_04_03_1_2,both,confidence,high,"{""emotion"": ""confidence"", ""intensity"": ""high""}"
EN_08_04_03_2_2,both,confidence,high,"{""emotion"": ""confidence"", ""intensity"": ""high""}"
EN_08_04_04_1_2,both,sadness,high,"{""emotion"": ""sadness"", ""intensity"": ""high""}"
EN_08_04_04_2_2,both,contempt,high,"{""emotion"": ""contempt"", ""intensity"": ""high""}"
EN_08_04_05_1_2,both,contempt,high,"{""emotion"": ""contempt"", ""intensity"": ""high""}"
EN_08_04_05_2_2,both,sadness,high,"{""emotion"": ""sadness"", ""intensity"": ""high""}"
EN_08_04_06_1_2,both,contempt,high,"{""emotion"": ""contempt"", ""intensity"": ""high""}"
EN_08_04_06_2_2,both,contempt,high,"{""emotion"": ""contempt"", ""intensity"": ""high""}"
EN_08_04_07_1_2,both,sadness,low,"{""emotion"": ""sadness"", ""intensity"": ""moderate""}"
EN_08_04_07_2_2,both,sadness,low,"{""emotion"": ""sadness"", ""intensity"": ""low""}"
EN_08_04_08_1_2,both,disgust,high,"{""emotion"": ""disgust"", ""intensity"": ""high""}"
EN_08_04_08_2_2,both,disgust,high,"{""emotion"": ""disgust"", ""intensity"": ""high""}"
EN_08_04_09_1_2,both,sadness,low,"{""emotion"": ""sadness"", ""intensity"": ""low""}"
EN_08_04_09_2_2,both,confidence,low,"{""emotion"": ""confidence"", ""intensity"": ""low""}"
EN_08_04_10_1_2,both,contempt,low,"{""emotion"": ""contempt"", ""intensity"": ""low""}"
EN_08_04_10_2_2,both,contempt,high,"{""emotion"": ""contempt"", ""intensity"": ""high""}"
EN_08_05_01_1_2,both,sadness,low,"{""emotion"": ""sadness"", ""intensity"": ""low""}"
EN_08_05_01_2_2,both,confidence,high,"{""emotion"": ""confidence"", ""intensity"": ""high""}"
EN_08_05_02_1_2,both,confidence,high,"{""emotion"": ""confidence"", ""intensity"": ""high""}"
EN_08_05_02_2_2,both,anger,low,"{""emotion"": ""anger"", ""intensity"": ""low""}"
EN_08_05_03_1_2,both,confidence,low,"{""emotion"": ""confidence"", ""intensity"": ""low""}"
EN_08_05_03_2_2,both,confidence,high,"{""emotion"": ""confidence"", ""intensity"": ""high""}"
EN_08_05_04_1_2,both,sadness,low,"{""emotion"": ""sadness"", ""intensity"": ""low""}"
EN_08_05_04_2_2,both,sadness,low,"{""emotion"": ""sadness"", ""intensity"": ""moderate""}"
EN_08_05_05_1_2,both,confidence,low,"{""emotion"": ""confidence"", ""intensity"": ""low""}"
EN_08_05_05_2_2,both,contempt,high,"{""emotion"": ""contempt"", ""intensity"": ""high""}"
EN_08_05_06_1_2,both,confidence,low,"{""emotion"": ""confidence"", ""intensity"": ""low""}"
EN_08_05_06_2_2,both,contempt,high,"{""emotion"": ""contempt"", ""intensity"": ""high""}"
EN_08_05_07_1_2,both,sadness,low,"{""emotion"": ""sadness"", ""intensity"": ""low""}"
EN_08_05_07_2_2,both,sadness,high,"{""emotion"": ""sadness"", ""intensity"": ""high""}"
EN_08_05_08_1_2,both,disgust,high,"{""emotion"": ""disgust"", ""intensity"": ""high""}"
EN_08_05_08_2_2,both,neutral,none,"{""emotion"": ""neutral"", ""intensity"": ""none""}"
EN_08_05_09_1_2,both,sadness,high,"{""emotion"": ""sadness"", ""intensity"": ""high""}"
EN_08_05_09_2_2,both,sadness,low,"{""emotion"": ""sadness"", ""intensity"": ""moderate""}"
EN_08_05_10_1_2,both,contempt,high,"{""emotion"": ""contempt"", ""intensity"": ""high""}"
EN_08_05_10_2_2,both,contempt,low,"{""emotion"": ""contempt"", ""intensity"": ""moderate""}"
EN_08_06_01_1_2,both,confusion,low,"{""emotion"": ""confusion"", ""intensity"": ""low""}"
EN_08_06_01_2_2,both,confusion,low,"{""emotion"": ""confusion"", ""intensity"": ""low""}"
EN_08_06_02_1_2,both,confidence,high,"{""emotion"": ""confidence"", ""intensity"": ""high""}"
EN_08_06_02_2_2,both,confidence,high,"{""emotion"": ""confidence"", ""intensity"": ""high""}"
EN_08_06_03_1_2,both,confidence,low,"{""emotion"": ""confidence"", ""intensity"": ""low""}"
EN_08_06_03_2_2,both,confidence,high,"{""emotion"": ""confidence"", ""intensity"": ""high""}"
EN_08_06_04_1_2,both,surprise,high,"{""emotion"": ""surprise"", ""intensity"": ""high""}"
EN_08_06_04_2_2,both,sadness,low,"{""emotion"": ""sadness"", ""intensity"": ""low""}"
EN_08_06_05_1_2,both,neutral,none,"{""emotion"": ""neutral"", ""intensity"": ""none""}"
EN_08_06_05_2_2,both,neutral,none,"{""emotion"": ""neutral"", ""intensity"": ""none""}"
EN_08_06_06_1_2,both,neutral,none,"{""emotion"": ""neutral"", ""intensity"": ""none""}"
EN_08_06_06_2_2,both,confidence,low,"{""emotion"": ""confidence"", ""intensity"": ""moderate""}"
EN_08_06_07_1_2,both,sadness,low,"{""emotion"": ""sadness"", ""intensity"": ""low""}"
EN_08_06_07_2_2,both,sadness,low,"{""emotion"": ""sadness"", ""intensity"": ""moderate""}"
EN_08_06_08_1_2,both,neutral,none,"{""emotion"": ""neutral"", ""intensity"": ""none""}"
EN_08_06_08_2_2,both,neutral,none,"{""emotion"": ""neutral"", ""intensity"": ""none""}"
EN_08_06_09_1_2,both,sadness,low,"{""emotion"": ""sadness"", ""intensity"": ""low""}"
EN_08_06_09_2_2,both,sadness,low,"{""emotion"": ""sadness"", ""intensity"": ""low""}"
EN_08_06_10_1_2,both,contempt,low,"{""emotion"": ""contempt"", ""intensity"": ""moderate""}"
EN_08_06_10_2_2,both,contempt,low,"{""emotion"": ""contempt"", ""intensity"": ""low""}"
EN_08_07_01_1_2,both,neutral,none,"{""emotion"": ""neutral"", ""intensity"": ""none""}"
EN_08_07_01_2_2,both,neutral,none,"{""emotion"": ""neutral"", ""intensity"": ""none""}"
EN_08_07_02_1_2,both,neutral,none,"{""emotion"": ""neutral"", ""intensity"": ""none""}"
EN_08_07_02_2_2,both,sadness,high,"{""emotion"": ""sadness"", ""intensity"": ""high""}"
EN_08_07_03_1_2,both,confidence,low,"{""emotion"": ""confidence"", ""intensity"": ""low""}"
EN_08_07_03_2_2,both,confidence,high,"{""emotion"": ""confidence"", ""intensity"": ""high""}"
EN_08_07_04_1_2,both,confidence,low,"{""emotion"": ""confidence"", ""intensity"": ""low""}"
EN_08_07_04_2_2,both,surprise,low,"{""emotion"": ""surprise"", ""intensity"": ""low""}"
EN_08_07_05_1_2,both,neutral,none,"{""emotion"": ""neutral"", ""intensity"": ""none""}"
EN_08_07_05_2_2,both,sadness,low,"{""emotion"": ""sadness"", ""intensity"": ""low""}"
EN_08_07_06_1_2,both,confidence,low,"{""emotion"": ""confidence"", ""intensity"": ""low""}"
EN_08_07_06_2_2,both,neutral,none,"{""emotion"": ""neutral"", ""intensity"": ""none""}"
EN_08_07_07_1_2,both,sadness,low,"{""emotion"": ""sadness"", ""intensity"": ""low""}"
EN_08_07_07_2_2,both,sadness,low,"{""emotion"": ""sadness"", ""intensity"": ""low""}"
EN_08_07_08_1_2,both,neutral,none,"{""emotion"": ""neutral"", ""intensity"": ""none""}"
EN_08_07_08_2_2,both,neutral,none,"{""emotion"": ""neutral"", ""intensity"": ""none""}"
EN_08_07_09_1_2,both,sadness,high,"{""emotion"": ""sadness"", ""intensity"": ""high""}"
EN_08_07_09_2_2,both,sadness,high,"{""emotion"": ""sadness"", ""intensity"": ""high""}"
EN_08_07_10_1_2,both,neutral,none,"{""emotion"": ""neutral"", ""intensity"": ""none""}"
EN_08_07_10_2_2,both,neutral,none,"{""emotion"": ""neutral"", ""intensity"": ""none""}"
EN_08_08_01_1_2,both,confidence,low,"{""emotion"": ""confidence"", ""intensity"": ""low""}"
EN_08_08_01_2_2,both,confidence,high,"{""emotion"": ""confidence"", ""intensity"": ""high""}"
EN_08_08_02_1_2,both,confidence,high,"{""emotion"": ""confidence"", ""intensity"": ""high""}"
EN_08_08_02_2_2,both,confusion,high,"{""emotion"": ""confusion"", ""intensity"": ""high""}"
EN_08_08_03_1_2,both,confusion,low,"{""emotion"": ""confusion"", ""intensity"": ""low""}"
EN_08_08_03_2_2,both,confidence,low,"{""emotion"": ""confidence"", ""intensity"": ""low""}"
EN_08_08_04_1_2,both,sadness,low,"{""emotion"": ""sadness"", ""intensity"": ""low""}"
EN_08_08_04_2_2,both,sadness,low,"{""emotion"": ""sadness"", ""intensity"": ""low""}"
EN_08_08_05_1_2,both,confusion,low,"{""emotion"": ""confusion"", ""intensity"": ""low""}"
EN_08_08_05_2_2,both,confusion,low,"{""emotion"": ""confusion"", ""intensity"": ""moderate""}"
EN_08_08_06_1_2,both,confusion,low,"{""emotion"": ""confusion"", ""intensity"": ""low""}"
EN_08_08_06_2_2,both,confidence,low,"{""emotion"": ""confidence"", ""intensity"": ""low""}"
EN_08_08_07_1_2,both,neutral,none,"{""emotion"": ""neutral"", ""intensity"": ""none""}"
EN_08_08_07_2_2,both,sadness,low,"{""emotion"": ""sadness"", ""intensity"": ""low""}"
EN_08_08_08_1_2,both,disgust,low,"{""emotion"": ""disgust"", ""intensity"": ""low""}"
EN_08_08_08_2_2,both,disgust,low,"{""emotion"": ""disgust"", ""intensity"": ""low""}"
EN_08_08_09_1_2,both,confusion,low,"{""emotion"": ""confusion"", ""intensity"": ""low""}"
EN_08_08_09_2_2,both,confusion,low,"{""emotion"": ""confusion"", ""intensity"": ""moderate""}"
EN_08_08_10_1_2,both,contempt,low,"{""emotion"": ""contempt"", ""intensity"": ""low""}"
EN_08_08_10_2_2,both,contempt,high,"{""emotion"": ""contempt"", ""intensity"": ""high""}"
EN_08_09_01_1_2,both,neutral,none,"{""emotion"": ""neutral"", ""intensity"": ""none""}"
EN_08_09_01_2_2,both,sadness,low,"{""emotion"": ""sadness"", ""intensity"": ""low""}"
EN_08_09_02_1_2,both,neutral,none,"{""emotion"": ""neutral"", ""intensity"": ""none""}"
EN_08_09_02_2_2,both,confidence,high,"{""emotion"": ""confidence"", ""intensity"": ""high""}"
EN_08_09_03_1_2,both,confidence,low,"{""emotion"": ""confidence"", ""intensity"": ""low""}"
EN_08_09_03_2_2,both,confidence,low,"{""emotion"": ""confidence"", ""intensity"": ""low""}"
EN_08_09_04_1_2,both,confidence,high,"{""emotion"": ""confidence"", ""intensity"": ""high""}"
EN_08_09_04_2_2,both,sadness,low,"{""emotion"": ""sadness"", ""intensity"": ""low""}"
EN_08_09_05_1_2,both,neutral,none,"{""emotion"": ""neutral"", ""intensity"": ""none""}"
EN_08_09_05_2_2,both,neutral,none,"{""emotion"": ""neutral"", ""intensity"": ""none""}"
EN_08_09_06_1_2,both,disgust,low,"{""emotion"": ""disgust"", ""intensity"": ""low""}"
EN_08_09_06_2_2,both,confidence,low,"{""emotion"": ""confidence"", ""intensity"": ""low""}"
EN_08_09_07_1_2,both,neutral,none,"{""emotion"": ""neutral"", ""intensity"": ""none""}"
EN_08_09_07_2_2,both,neutral,none,"{""emotion"": ""neutral"", ""intensity"": ""none""}"
EN_08_09_08_1_2,both,neutral,none,"{""emotion"": ""neutral"", ""intensity"": ""none""}"
EN_08_09_08_2_2,both,neutral,none,"{""emotion"": ""neutral"", ""intensity"": ""none""}"
EN_08_09_09_1_2,both,sadness,low,"{""emotion"": ""sadness"", ""intensity"": ""moderate""}"
EN_08_09_09_2_2,both,neutral,none,"{""emotion"": ""neutral"", ""intensity"": ""none""}"
EN_08_09_10_1_2,both,contempt,low,"{""emotion"": ""contempt"", ""intensity"": ""low""}"
EN_08_09_10_2_2,both,contempt,low,"{""emotion"": ""contempt"", ""intensity"": ""low""}"
EN_08_10_01_1_2,both,neutral,none,"{""emotion"": ""neutral"", ""intensity"": ""none""}"
EN_08_10_01_2_2,both,neutral,none,"{""emotion"": ""neutral"", ""intensity"": ""none""}"
EN_08_10_02_1_2,both,neutral,none,"{""emotion"": ""neutral"", ""intensity"": ""none""}"
EN_08_10_02_2_2,both,confidence,low,"{""emotion"": ""confidence"", ""intensity"": ""low""}"
EN_08_10_03_1_2,both,contempt,high,"{""emotion"": ""contempt"", ""intensity"": ""high""}"
EN_08_10_03_2_2,both,confidence,high,"{""emotion"": ""confidence"", ""intensity"": ""high""}"
EN_08_10_04_1_2,both,sadness,low,"{""emotion"": ""sadness"", ""intensity"": ""low""}"
EN_08_10_04_2_2,both,sadness,low,"{""emotion"": ""sadness"", ""intensity"": ""low""}"
EN_08_10_05_1_2,both,confusion,low,"{""emotion"": ""confusion"", ""intensity"": ""low""}"
EN_08_10_05_2_2,both,confidence,low,"{""emotion"": ""confidence"", ""intensity"": ""low""}"
EN_08_10_06_1_2,both,neutral,none,"{""emotion"": ""neutral"", ""intensity"": ""none""}"
EN_08_10_06_2_2,both,disgust,high,"{""emotion"": ""disgust"", ""intensity"": ""high""}"
EN_08_10_07_1_2,both,sadness,low,"{""emotion"": ""sadness"", ""intensity"": ""low""}"
EN_08_10_07_2_2,both,sadness,low,"{""emotion"": ""sadness"", ""intensity"": ""low""}"
EN_08_10_08_1_2,both,neutral,none,"{""emotion"": ""neutral"", ""intensity"": ""none""}"
EN_08_10_08_2_2,both,neutral,none,"{""emotion"": ""neutral"", ""intensity"": ""none""}"
EN_08_10_09_1_2,both,sadness,high,"{""emotion"": ""sadness"", ""intensity"": ""high""}"
EN_08_10_09_2_2,both,neutral,none,"{""emotion"": ""neutral"", ""intensity"": ""none""}"
EN_08_10_10_1_2,both,sadness,low,"{""emotion"": ""sadness"", ""intensity"": ""low""}"
EN_08_10_10_2_2,both,contempt,low,"{""emotion"": ""contempt"", ""intensity"": ""moderate""}"
EN_09_00_01,both,neutral,none,"{""emotion"": ""neutral"", ""intensity"": ""none""}"
EN_09_00_02,both,neutral,none,"{""emotion"": ""neutral"", ""intensity"": ""none""}"
EN_09_00_03,both,confidence,low,"{""emotion"": ""confidence"", ""intensity"": ""low""}"
EN_09_00_04,both,neutral,none,"{""emotion"": ""neutral"", ""intensity"": ""none""}"
EN_09_00_05,both,neutral,none,"{""emotion"": ""neutral"", ""intensity"": ""none""}"
EN_09_00_06,both,neutral,none,"{""emotion"": ""neutral"", ""intensity"": ""none""}"
EN_09_00_07,both,neutral,none,"{""emotion"": ""neutral"", ""intensity"": ""none""}"
EN_09_00_08,both,neutral,none,"{""emotion"": ""neutral"", ""intensity"": ""none""}"
EN_09_00_09,both,neutral,none,"{""emotion"": ""neutral"", ""intensity"": ""none""}"
EN_09_00_10,both,contempt,low,"{""emotion"": ""contempt"", ""intensity"": ""low""}"
EN_09_01_01_1_2,both,neutral,none,"{""emotion"": ""neutral"", ""intensity"": ""none""}"
EN_09_01_01_2_2,both,confidence,high,"{""emotion"": ""confidence"", ""intensity"": ""high""}"
EN_09_01_02_1_2,both,confidence,high,"{""emotion"": ""confidence"", ""intensity"": ""high""}"
EN_09_01_02_2_2,both,confidence,low,"{""emotion"": ""confidence"", ""intensity"": ""low""}"
EN_09_01_03_1_2,both,confidence,low,"{""emotion"": ""confidence"", ""intensity"": ""low""}"
EN_09_01_03_2_2,both,confidence,high,"{""emotion"": ""confidence"", ""intensity"": ""high""}"
EN_09_01_04_1_2,both,sadness,low,"{""emotion"": ""sadness"", ""intensity"": ""low""}"
EN_09_01_04_2_2,both,happiness,high,"{""emotion"": ""happiness"", ""intensity"": ""high""}"
EN_09_01_05_1_2,both,confidence,low,"{""emotion"": ""confidence"", ""intensity"": ""low""}"
EN_09_01_05_2_2,both,confidence,high,"{""emotion"": ""confidence"", ""intensity"": ""high""}"
EN_09_01_06_1_2,both,confidence,high,"{""emotion"": ""confidence"", ""intensity"": ""high""}"
EN_09_01_06_2_2,both,disgust,high,"{""emotion"": ""disgust"", ""intensity"": ""high""}"
EN_09_01_07_1_2,both,neutral,none,"{""emotion"": ""neutral"", ""intensity"": ""none""}"
EN_09_01_07_2_2,both,confidence,high,"{""emotion"": ""confidence"", ""intensity"": ""high""}"
EN_09_01_08_1_2,both,disgust,low,"{""emotion"": ""disgust"", ""intensity"": ""low""}"
EN_09_01_08_2_2,both,disgust,high,"{""emotion"": ""disgust"", ""intensity"": ""high""}"
EN_09_01_09_1_2,both,confidence,low,"{""emotion"": ""confidence"", ""intensity"": ""low""}"
EN_09_01_09_2_2,both,confidence,high,"{""emotion"": ""confidence"", ""intensity"": ""high""}"
EN_09_01_10_1_2,both,contempt,high,"{""emotion"": ""contempt"", ""intensity"": ""high""}"
EN_09_01_10_2_2,both,contempt,high,"{""emotion"": ""contempt"", ""intensity"": ""high""}"
EN_09_02_01_1_2,both,neutral,none,"{""emotion"": ""neutral"", ""intensity"": ""none""}"
EN_09_02_01_2_2,both,happiness,low,"{""emotion"": ""happiness"", ""intensity"": ""low""}"
EN_09_02_02_1_2,both,confidence,low,"{""emotion"": ""confidence"", ""intensity"": ""low""}"
EN_09_02_02_2_2,both,confidence,low,"{""emotion"": ""confidence"", ""intensity"": ""low""}"
EN_09_02_03_1_2,both,confidence,low,"{""emotion"": ""confidence"", ""intensity"": ""moderate""}"
EN_09_02_03_2_2,both,confidence,high,"{""emotion"": ""confidence"", ""intensity"": ""high""}"
EN_09_02_04_1_2,both,happiness,low,"{""emotion"": ""happiness"", ""intensity"": ""low""}"
EN_09_02_04_2_2,both,happiness,high,"{""emotion"": ""happiness"", ""intensity"": ""high""}"
EN_09_02_05_1_2,both,neutral,none,"{""emotion"": ""neutral"", ""intensity"": ""none""}"
EN_09_02_05_2_2,both,happiness,high,"{""emotion"": ""happiness"", ""intensity"": ""high""}"
EN_09_02_06_1_2,both,disgust,low,"{""emotion"": ""disgust"", ""intensity"": ""low""}"
EN_09_02_06_2_2,both,happiness,low,"{""emotion"": ""happiness"", ""intensity"": ""low""}"
EN_09_02_07_1_2,both,confidence,high,"{""emotion"": ""confidence"", ""intensity"": ""high""}"
EN_09_02_07_2_2,both,anger,high,"{""emotion"": ""anger"", ""intensity"": ""high""}"
EN_09_02_08_1_2,both,contempt,high,"{""emotion"": ""contempt"", ""intensity"": ""high""}"
EN_09_02_08_2_2,both,contempt,high,"{""emotion"": ""contempt"", ""intensity"": ""high""}"
EN_09_02_09_1_2,both,contempt,high,"{""emotion"": ""contempt"", ""intensity"": ""high""}"
EN_09_02_09_2_2,both,contempt,high,"{""emotion"": ""contempt"", ""intensity"": ""high""}"
EN_09_02_10_1_2,both,disgust,high,"{""emotion"": ""disgust"", ""intensity"": ""high""}"
EN_09_02_10_2_2,both,disgust,high,"{""emotion"": ""disgust"", ""intensity"": ""high""}"
EN_09_03_01_1_2,both,neutral,none,"{""emotion"": ""neutral"", ""intensity"": ""none""}"
EN_09_03_01_2_2,both,confidence,low,"{""emotion"": ""confidence"", ""intensity"": ""moderate""}"
EN_09_03_02_1_2,both,confidence,high,"{""emotion"": ""confidence"", ""intensity"": ""high""}"
EN_09_03_02_2_2,both,confidence,high,"{""emotion"": ""confidence"", ""intensity"": ""high""}"
EN_09_03_03_1_2,both,confidence,high,"{""emotion"": ""confidence"", ""intensity"": ""high""}"
EN_09_03_03_2_2,both,happiness,high,"{""emotion"": ""happiness"", ""intensity"": ""high""}"
EN_09_03_04_1_2,both,happiness,high,"{""emotion"": ""happiness"", ""intensity"": ""high""}"
EN_09_03_04_2_2,both,happiness,high,"{""emotion"": ""happiness"", ""intensity"": ""high""}"
EN_09_03_05_1_2,both,neutral,none,"{""emotion"": ""neutral"", ""intensity"": ""none""}"
EN_09_03_05_2_2,both,surprise,low,"{""emotion"": ""surprise"", ""intensity"": ""moderate""}"
EN_09_03_06_1_2,both,happiness,low,"{""emotion"": ""happiness"", ""intensity"": ""moderate""}"
EN_09_03_06_2_2,both,happiness,low,"{""emotion"": ""happiness"", ""intensity"": ""moderate""}"
EN_09_03_07_1_2,both,sadness,low,"{""emotion"": ""sadness"", ""intensity"": ""low""}"
EN_09_03_07_2_2,both,confidence,high,"{""emotion"": ""confidence"", ""intensity"": ""high""}"
EN_09_03_08_1_2,both,disgust,high,"{""emotion"": ""disgust"", ""intensity"": ""high""}"
EN_09_03_08_2_2,both,disgust,high,"{""emotion"": ""disgust"", ""intensity"": ""high""}"
EN_09_03_09_1_2,both,confidence,high,"{""emotion"": ""confidence"", ""intensity"": ""high""}"
EN_09_03_09_2_2,both,confidence,high,"{""emotion"": ""confidence"", ""intensity"": ""high""}"
EN_09_03_10_1_2,both,contempt,high,"{""emotion"": ""contempt"", ""intensity"": ""high""}"
EN_09_03_10_2_2,both,contempt,high,"{""emotion"": ""contempt"", ""intensity"": ""high""}"
EN_09_04_01_1_2,both,neutral,none,"{""emotion"": ""neutral"", ""intensity"": ""none""}"
EN_09_04_01_2_2,both,confidence,high,"{""emotion"": ""confidence"", ""intensity"": ""high""}"
EN_09_04_02_1_2,both,neutral,none,"{""emotion"": ""neutral"", ""intensity"": ""none""}"
EN_09_04_02_2_2,both,confidence,low,"{""emotion"": ""confidence"", ""intensity"": ""low""}"
EN_09_04_03_1_2,both,confidence,low,"{""emotion"": ""confidence"", ""intensity"": ""low""}"
EN_09_04_03_2_2,both,confidence,high,"{""emotion"": ""confidence"", ""intensity"": ""high""}"
EN_09_04_04_1_2,both,sadness,low,"{""emotion"": ""sadness"", ""intensity"": ""low""}"
EN_09_04_04_2_2,both,disgust,high,"{""emotion"": ""disgust"", ""intensity"": ""high""}"
EN_09_04_05_1_2,both,confusion,high,"{""emotion"": ""confusion"", ""intensity"": ""high""}"
EN_09_04_05_2_2,both,confusion,high,"{""emotion"": ""confusion"", ""intensity"": ""high""}"
EN_09_04_06_1_2,both,neutral,none,"{""emotion"": ""neutral"", ""intensity"": ""none""}"
EN_09_04_06_2_2,both,disgust,low,"{""emotion"": ""disgust"", ""intensity"": ""low""}"
EN_09_04_07_1_2,both,neutral,none,"{""emotion"": ""neutral"", ""intensity"": ""none""}"
EN_09_04_07_2_2,both,disgust,high,"{""emotion"": ""disgust"", ""intensity"": ""high""}"
EN_09_04_08_1_2,both,disgust,low,"{""emotion"": ""disgust"", ""intensity"": ""low""}"
EN_09_04_08_2_2,both,disgust,high,"{""emotion"": ""disgust"", ""intensity"": ""high""}"
EN_09_04_09_1_2,both,confidence,low,"{""emotion"": ""confidence"", ""intensity"": ""low""}"
EN_09_04_09_2_2,both,confidence,high,"{""emotion"": ""confidence"", ""intensity"": ""high""}"
EN_09_04_10_1_2,both,contempt,low,"{""emotion"": ""contempt"", ""intensity"": ""moderate""}"
EN_09_04_10_2_2,both,contempt,high,"{""emotion"": ""contempt"", ""intensity"": ""high""}"
EN_09_05_01_1_2,both,confidence,high,"{""emotion"": ""confidence"", ""intensity"": ""high""}"
EN_09_05_01_2_2,both,happiness,high,"{""emotion"": ""happiness"", ""intensity"": ""high""}"
EN_09_05_02_1_2,both,confidence,high,"{""emotion"": ""confidence"", ""intensity"": ""high""}"
EN_09_05_02_2_2,both,happiness,high,"{""emotion"": ""happiness"", ""intensity"": ""high""}"
EN_09_05_03_1_2,both,disgust,low,"{""emotion"": ""disgust"", ""intensity"": ""moderate""}"
EN_09_05_03_2_2,both,disgust,high,"{""emotion"": ""disgust"", ""intensity"": ""high""}"
EN_09_05_04_1_2,both,confidence,high,"{""emotion"": ""confidence"", ""intensity"": ""high""}"
EN_09_05_04_2_2,both,confidence,low,"{""emotion"": ""confidence"", ""intensity"": ""low""}"
EN_09_05_05_1_2,both,happiness,high,"{""emotion"": ""happiness"", ""intensity"": ""high""}"
EN_09_05_05_2_2,both,happiness,low,"{""emotion"": ""happiness"", ""intensity"": ""low""}"
EN_09_05_06_1_2,both,disgust,high,"{""emotion"": ""disgust"", ""intensity"": ""high""}"
EN_09_05_06_2_2,both,happiness,low,"{""emotion"": ""happiness"", ""intensity"": ""low""}"
EN_09_05_07_1_2,both,surprise,low,"{""emotion"": ""surprise"", ""intensity"": ""moderate""}"
EN_09_05_07_2_2,both,confidence,high,"{""emotion"": ""confidence"", ""intensity"": ""high""}"
EN_09_05_08_1_2,both,sadness,low,"{""emotion"": ""sadness"", ""intensity"": ""moderate""}"
EN_09_05_08_2_2,both,sadness,high,"{""emotion"": ""sadness"", ""intensity"": ""high""}"
EN_09_05_09_1_2,both,confidence,high,"{""emotion"": ""confidence"", ""intensity"": ""high""}"
EN_09_05_09_2_2,both,anger,high,"{""emotion"": ""anger"", ""intensity"": ""high""}"
EN_09_05_10_1_2,both,contempt,high,"{""emotion"": ""contempt"", ""intensity"": ""high""}"
EN_09_05_10_2_2,both,happiness,high,"{""emotion"": ""happiness"", ""intensity"": ""high""}"
EN_09_06_01_1_2,both,confidence,high,"{""emotion"": ""confidence"", ""intensity"": ""high""}"
EN_09_06_01_2_2,both,confidence,low,"{""emotion"": ""confidence"", ""intensity"": ""low""}"
EN_09_06_02_1_2,both,confidence,high,"{""emotion"": ""confidence"", ""intensity"": ""high""}"
EN_09_06_02_2_2,both,confidence,high,"{""emotion"": ""confidence"", ""intensity"": ""high""}"
EN_09_06_03_1_2,both,confidence,high,"{""emotion"": ""confidence"", ""intensity"": ""high""}"
EN_09_06_03_2_2,both,confidence,high,"{""emotion"": ""confidence"", ""intensity"": ""high""}"
EN_09_06_04_1_2,both,disgust,high,"{""emotion"": ""disgust"", ""intensity"": ""high""}"
EN_09_06_04_2_2,both,happiness,high,"{""emotion"": ""happiness"", ""intensity"": ""high""}"
EN_09_06_05_1_2,both,confidence,low,"{""emotion"": ""confidence"", ""intensity"": ""low""}"
EN_09_06_05_2_2,both,confidence,high,"{""emotion"": ""confidence"", ""intensity"": ""high""}"
EN_09_06_06_1_2,both,disgust,high,"{""emotion"": ""disgust"", ""intensity"": ""high""}"
EN_09_06_06_2_2,both,happiness,low,"{""emotion"": ""happiness"", ""intensity"": ""moderate""}"
EN_09_06_07_1_2,both,confidence,high,"{""emotion"": ""confidence"", ""intensity"": ""high""}"
EN_09_06_07_2_2,both,confidence,low,"{""emotion"": ""confidence"", ""intensity"": ""low""}"
EN_09_06_08_1_2,both,disgust,low,"{""emotion"": ""disgust"", ""intensity"": ""low""}"
EN_09_06_08_2_2,both,disgust,low,"{""emotion"": ""disgust"", ""intensity"": ""moderate""}"
EN_09_06_09_1_2,both,disgust,high,"{""emotion"": ""disgust"", ""intensity"": ""high""}"
EN_09_06_09_2_2,both,confidence,high,"{""emotion"": ""confidence"", ""intensity"": ""high""}"
EN_09_06_10_1_2,both,contempt,high,"{""emotion"": ""contempt"", ""intensity"": ""high""}"
EN_09_06_10_2_2,both,contempt,high,"{""emotion"": ""contempt"", ""intensity"": ""high""}"
EN_09_07_01_1_2,both,neutral,none,"{""emotion"": ""neutral"", ""intensity"": ""none""}"
EN_09_07_01_2_2,both,confidence,high,"{""emotion"": ""confidence"", ""intensity"": ""high""}"
EN_09_07_02_1_2,both,confidence,low,"{""emotion"": ""confidence"", ""intensity"": ""low""}"
EN_09_07_02_2_2,both,confidence,low,"{""emotion"": ""confidence"", ""intensity"": ""low""}"
EN_09_07_03_1_2,both,confidence,low,"{""emotion"": ""confidence"", ""intensity"": ""low""}"
EN_09_07_03_2_2,both,confidence,high,"{""emotion"": ""confidence"", ""intensity"": ""high""}"
EN_09_07_04_1_2,both,sadness,low,"{""emotion"": ""sadness"", ""intensity"": ""low""}"
EN_09_07_04_2_2,both,sadness,low,"{""emotion"": ""sadness"", ""intensity"": ""moderate""}"
EN_09_07_05_1_2,both,confidence,low,"{""emotion"": ""confidence"", ""intensity"": ""low""}"
EN_09_07_05_2_2,both,confidence,high,"{""emotion"": ""confidence"", ""intensity"": ""high""}"
EN_09_07_06_1_2,both,disgust,low,"{""emotion"": ""disgust"", ""intensity"": ""low""}"
EN_09_07_06_2_2,both,happiness,low,"{""emotion"": ""happiness"", ""intensity"": ""low""}"
EN_09_07_07_1_2,both,neutral,none,"{""emotion"": ""neutral"", ""intensity"": ""none""}"
EN_09_07_07_2_2,both,confidence,high,"{""emotion"": ""confidence"", ""intensity"": ""high""}"
EN_09_07_08_1_2,both,neutral,none,"{""emotion"": ""neutral"", ""intensity"": ""none""}"
EN_09_07_08_2_2,both,disgust,high,"{""emotion"": ""disgust"", ""intensity"": ""high""}"
EN_09_07_09_1_2,both,confusion,low,"{""emotion"": ""confusion"", ""intensity"": ""low""}"
EN_09_07_09_2_2,both,confidence,low,"{""emotion"": ""confidence"", ""intensity"": ""low""}"
EN_09_07_10_1_2,both,contempt,low,"{""emotion"": ""contempt"", ""intensity"": ""low""}"
EN_09_07_10_2_2,both,contempt,high,"{""emotion"": ""contempt"", ""intensity"": ""high""}"
EN_09_08_01_1_2,both,confidence,low,"{""emotion"": ""confidence"", ""intensity"": ""low""}"
EN_09_08_01_2_2,both,confidence,high,"{""emotion"": ""confidence"", ""intensity"": ""high""}"
EN_09_08_02_1_2,both,confidence,high,"{""emotion"": ""confidence"", ""intensity"": ""high""}"
EN_09_08_02_2_2,both,confidence,high,"{""emotion"": ""confidence"", ""intensity"": ""high""}"
EN_09_08_03_1_2,both,contempt,high,"{""emotion"": ""contempt"", ""intensity"": ""high""}"
EN_09_08_03_2_2,both,confidence,high,"{""emotion"": ""confidence"", ""intensity"": ""high""}"
EN_09_08_04_1_2,both,surprise,low,"{""emotion"": ""surprise"", ""intensity"": ""low""}"
EN_09_08_04_2_2,both,surprise,high,"{""emotion"": ""surprise"", ""intensity"": ""high""}"
EN_09_08_05_1_2,both,contempt,high,"{""emotion"": ""contempt"", ""intensity"": ""high""}"
EN_09_08_05_2_2,both,confusion,high,"{""emotion"": ""confusion"", ""intensity"": ""high""}"
EN_09_08_06_1_2,both,disgust,high,"{""emotion"": ""disgust"", ""intensity"": ""high""}"
EN_09_08_06_2_2,both,disgust,low,"{""emotion"": ""disgust"", ""intensity"": ""moderate""}"
EN_09_08_07_1_2,both,sadness,low,"{""emotion"": ""sadness"", ""intensity"": ""low""}"
EN_09_08_07_2_2,both,surprise,high,"{""emotion"": ""surprise"", ""intensity"": ""high""}"
EN_09_08_08_1_2,both,disgust,high,"{""emotion"": ""disgust"", ""intensity"": ""high""}"
EN_09_08_08_2_2,both,disgust,high,"{""emotion"": ""disgust"", ""intensity"": ""high""}"
EN_09_08_09_1_2,both,sadness,high,"{""emotion"": ""sadness"", ""intensity"": ""high""}"
EN_09_08_09_2_2,both,contempt,high,"{""emotion"": ""contempt"", ""intensity"": ""high""}"
EN_09_08_10_1_2,both,disgust,high,"{""emotion"": ""disgust"", ""intensity"": ""high""}"
EN_09_08_10_2_2,both,confusion,high,"{""emotion"": ""confusion"", ""intensity"": ""high""}"
EN_09_09_01_1_2,both,neutral,none,"{""emotion"": ""neutral"", ""intensity"": ""none""}"
EN_09_09_01_2_2,both,confidence,high,"{""emotion"": ""confidence"", ""intensity"": ""high""}"
EN_09_09_02_1_2,both,confidence,low,"{""emotion"": ""confidence"", ""intensity"": ""moderate""}"
EN_09_09_02_2_2,both,confidence,high,"{""emotion"": ""confidence"", ""intensity"": ""high""}"
EN_09_09_03_1_2,both,contempt,low,"{""emotion"": ""contempt"", ""intensity"": ""low""}"
EN_09_09_03_2_2,both,contempt,high,"{""emotion"": ""contempt"", ""intensity"": ""high""}"
EN_09_09_04_1_2,both,sadness,high,"{""emotion"": ""sadness"", ""intensity"": ""high""}"
EN_09_09_04_2_2,both,happiness,high,"{""emotion"": ""happiness"", ""intensity"": ""high""}"
EN_09_09_05_1_2,both,neutral,none,"{""emotion"": ""neutral"", ""intensity"": ""none""}"
EN_09_09_05_2_2,both,disgust,high,"{""emotion"": ""disgust"", ""intensity"": ""high""}"
EN_09_09_06_1_2,both,confidence,low,"{""emotion"": ""confidence"", ""intensity"": ""low""}"
EN_09_09_06_2_2,both,confidence,low,"{""emotion"": ""confidence"", ""intensity"": ""low""}"
EN_09_09_07_1_2,both,sadness,low,"{""emotion"": ""sadness"", ""intensity"": ""low""}"
EN_09_09_07_2_2,both,anger,high,"{""emotion"": ""anger"", ""intensity"": ""high""}"
EN_09_09_08_1_2,both,disgust,low,"{""emotion"": ""disgust"", ""intensity"": ""low""}"
EN_09_09_08_2_2,both,disgust,high,"{""emotion"": ""disgust"", ""intensity"": ""high""}"
EN_09_09_09_1_2,both,surprise,high,"{""emotion"": ""surprise"", ""intensity"": ""high""}"
EN_09_09_09_2_2,both,confidence,low,"{""emotion"": ""confidence"", ""intensity"": ""low""}"
EN_09_09_10_1_2,both,confidence,low,"{""emotion"": ""confidence"", ""intensity"": ""low""}"
EN_09_09_10_2_2,both,confidence,high,"{""emotion"": ""confidence"", ""intensity"": ""high""}"
EN_09_10_01_1_2,both,neutral,none,"{""emotion"": ""neutral"", ""intensity"": ""none""}"
EN_09_10_01_2_2,both,confidence,high,"{""emotion"": ""confidence"", ""intensity"": ""high""}"
EN_09_10_02_1_2,both,confidence,low,"{""emotion"": ""confidence"", ""intensity"": ""low""}"
EN_09_10_02_2_2,both,confidence,low,"{""emotion"": ""confidence"", ""intensity"": ""low""}"
EN_09_10_03_1_2,both,confidence,low,"{""emotion"": ""confidence"", ""intensity"": ""low""}"
EN_09_10_03_2_2,both,happiness,high,"{""emotion"": ""happiness"", ""intensity"": ""high""}"
EN_09_10_04_1_2,both,sadness,low,"{""emotion"": ""sadness"", ""intensity"": ""low""}"
EN_09_10_04_2_2,both,confidence,high,"{""emotion"": ""confidence"", ""intensity"": ""high""}"
EN_09_10_05_1_2,both,neutral,none,"{""emotion"": ""neutral"", ""intensity"": ""none""}"
EN_09_10_05_2_2,both,happiness,low,"{""emotion"": ""happiness"", ""intensity"": ""low""}"
EN_09_10_06_1_2,both,neutral,none,"{""emotion"": ""neutral"", ""intensity"": ""none""}"
EN_09_10_06_2_2,both,happiness,low,"{""emotion"": ""happiness"", ""intensity"": ""low""}"
EN_09_10_07_1_2,both,neutral,none,"{""emotion"": ""neutral"", ""intensity"": ""none""}"
EN_09_10_07_2_2,both,anger,high,"{""emotion"": ""anger"", ""intensity"": ""high""}"
EN_09_10_08_1_2,both,disgust,low,"{""emotion"": ""disgust"", ""intensity"": ""low""}"
EN_09_10_08_2_2,both,disgust,high,"{""emotion"": ""disgust"", ""intensity"": ""high""}"
EN_09_10_09_1_2,both,confidence,low,"{""emotion"": ""confidence"", ""intensity"": ""moderate""}"
EN_09_10_09_2_2,both,confidence,low,"{""emotion"": ""confidence"", ""intensity"": ""low""}"
EN_09_10_10_1_2,both,contempt,low,"{""emotion"": ""contempt"", ""intensity"": ""low""}"
EN_09_10_10_2_2,both,contempt,high,"{""emotion"": ""contempt"", ""intensity"": ""high""}"
EN_10_00_01,both,confidence,high,"{""emotion"": ""confidence"", ""intensity"": ""high""}"
EN_10_00_02,both,confidence,high,"{""emotion"": ""confidence"", ""intensity"": ""high""}"
EN_10_00_03,both,confidence,high,"{""emotion"": ""confidence"", ""intensity"": ""high""}"
EN_10_00_04,both,surprise,low,"{""emotion"": ""surprise"", ""intensity"": ""low""}"
EN_10_00_05,both,neutral,none,"{""emotion"": ""neutral"", ""intensity"": ""none""}"
EN_10_00_06,both,disgust,low,"{""emotion"": ""disgust"", ""intensity"": ""low""}"
EN_10_00_07,both,neutral,none,"{""emotion"": ""neutral"", ""intensity"": ""none""}"
EN_10_00_08,both,disgust,high,"{""emotion"": ""disgust"", ""intensity"": ""high""}"
EN_10_00_09,both,neutral,none,"{""emotion"": ""neutral"", ""intensity"": ""none""}"
EN_10_00_10,both,contempt,high,"{""emotion"": ""contempt"", ""intensity"": ""high""}"
EN_10_01_01_1_2,both,contempt,high,"{""emotion"": ""contempt"", ""intensity"": ""high""}"
EN_10_01_01_2_2,both,anger,high,"{""emotion"": ""anger"", ""intensity"": ""high""}"
EN_10_01_02_1_2,both,confidence,high,"{""emotion"": ""confidence"", ""intensity"": ""high""}"
EN_10_01_02_2_2,both,confidence,high,"{""emotion"": ""confidence"", ""intensity"": ""high""}"
EN_10_01_03_1_2,both,confidence,low,"{""emotion"": ""confidence"", ""intensity"": ""low""}"
EN_10_01_03_2_2,both,confidence,high,"{""emotion"": ""confidence"", ""intensity"": ""high""}"
EN_10_01_04_1_2,both,contempt,high,"{""emotion"": ""contempt"", ""intensity"": ""high""}"
EN_10_01_04_2_2,both,surprise,high,"{""emotion"": ""surprise"", ""intensity"": ""high""}"
EN_10_01_05_1_2,both,confusion,high,"{""emotion"": ""confusion"", ""intensity"": ""high""}"
EN_10_01_05_2_2,both,confusion,high,"{""emotion"": ""confusion"", ""intensity"": ""high""}"
EN_10_01_06_1_2,both,disgust,low,"{""emotion"": ""disgust"", ""intensity"": ""moderate""}"
EN_10_01_06_2_2,both,confidence,high,"{""emotion"": ""confidence"", ""intensity"": ""high""}"
EN_10_01_07_1_2,both,anger,high,"{""emotion"": ""anger"", ""intensity"": ""high""}"
EN_10_01_07_2_2,both,surprise,high,"{""emotion"": ""surprise"", ""intensity"": ""high""}"
EN_10_01_08_1_2,both,disgust,low,"{""emotion"": ""disgust"", ""intensity"": ""moderate""}"
EN_10_01_08_2_2,both,disgust,high,"{""emotion"": ""disgust"", ""intensity"": ""high""}"
EN_10_01_09_1_2,both,neutral,none,"{""emotion"": ""neutral"", ""intensity"": ""none""}"
EN_10_01_09_2_2,both,confidence,high,"{""emotion"": ""confidence"", ""intensity"": ""high""}"
EN_10_01_10_1_2,both,contempt,high,"{""emotion"": ""contempt"", ""intensity"": ""high""}"
EN_10_01_10_2_2,both,contempt,high,"{""emotion"": ""contempt"", ""intensity"": ""high""}"
EN_10_02_01_1_2,both,confusion,high,"{""emotion"": ""confusion"", ""intensity"": ""high""}"
EN_10_02_01_2_2,both,anger,high,"{""emotion"": ""anger"", ""intensity"": ""high""}"
EN_10_02_02_1_2,both,confidence,high,"{""emotion"": ""confidence"", ""intensity"": ""high""}"
EN_10_02_02_2_2,both,confusion,low,"{""emotion"": ""confusion"", ""intensity"": ""moderate""}"
EN_10_02_03_1_2,both,confidence,high,"{""emotion"": ""confidence"", ""intensity"": ""high""}"
EN_10_02_03_2_2,both,surprise,low,"{""emotion"": ""surprise"", ""intensity"": ""moderate""}"
EN_10_02_04_1_2,both,surprise,low,"{""emotion"": ""surprise"", ""intensity"": ""low""}"
EN_10_02_04_2_2,both,disgust,low,"{""emotion"": ""disgust"", ""intensity"": ""low""}"
EN_10_02_05_1_2,both,surprise,high,"{""emotion"": ""surprise"", ""intensity"": ""high""}"
EN_10_02_05_2_2,both,disgust,high,"{""emotion"": ""disgust"", ""intensity"": ""high""}"
EN_10_02_06_1_2,both,confidence,low,"{""emotion"": ""confidence"", ""intensity"": ""low""}"
EN_10_02_06_2_2,both,surprise,high,"{""emotion"": ""surprise"", ""intensity"": ""high""}"
EN_10_02_07_1_2,both,neutral,none,"{""emotion"": ""neutral"", ""intensity"": ""none""}"
EN_10_02_07_2_2,both,surprise,high,"{""emotion"": ""surprise"", ""intensity"": ""high""}"
EN_10_02_08_1_2,both,disgust,low,"{""emotion"": ""disgust"", ""intensity"": ""moderate""}"
EN_10_02_08_2_2,both,disgust,high,"{""emotion"": ""disgust"", ""intensity"": ""high""}"
EN_10_02_09_1_2,both,neutral,none,"{""emotion"": ""neutral"", ""intensity"": ""none""}"
EN_10_02_09_2_2,both,fear,low,"{""emotion"": ""fear"", ""intensity"": ""low""}"
EN_10_02_10_1_2,both,contempt,high,"{""emotion"": ""contempt"", ""intensity"": ""high""}"
EN_10_02_10_2_2,both,contempt,high,"{""emotion"": ""contempt"", ""intensity"": ""high""}"
EN_10_03_01_1_2,both,happiness,high,"{""emotion"": ""happiness"", ""intensity"": ""high""}"
EN_10_03_01_2_2,both,surprise,high,"{""emotion"": ""surprise"", ""intensity"": ""high""}"
EN_10_03_02_1_2,both,happiness,high,"{""emotion"": ""happiness"", ""intensity"": ""high""}"
EN_10_03_02_2_2,both,happiness,high,"{""emotion"": ""happiness"", ""intensity"": ""high""}"
EN_10_03_03_1_2,both,confidence,high,"{""emotion"": ""confidence"", ""intensity"": ""high""}"
EN_10_03_03_2_2,both,confusion,high,"{""emotion"": ""confusion"", ""intensity"": ""high""}"
EN_10_03_04_1_2,both,sadness,high,"{""emotion"": ""sadness"", ""intensity"": ""high""}"
EN_10_03_04_2_2,both,surprise,high,"{""emotion"": ""surprise"", ""intensity"": ""high""}"
EN_10_03_05_1_2,both,happiness,high,"{""emotion"": ""happiness"", ""intensity"": ""high""}"
EN_10_03_05_2_2,both,happiness,high,"{""emotion"": ""happiness"", ""intensity"": ""high""}"
EN_10_03_06_1_2,both,happiness,high,"{""emotion"": ""happiness"", ""intensity"": ""high""}"
EN_10_03_06_2_2,both,confidence,high,"{""emotion"": ""confidence"", ""intensity"": ""high""}"
EN_10_03_07_1_2,both,happiness,high,"{""emotion"": ""happiness"", ""intensity"": ""high""}"
EN_10_03_07_2_2,both,happiness,high,"{""emotion"": ""happiness"", ""intensity"": ""high""}"
EN_10_03_08_1_2,both,happiness,high,"{""emotion"": ""happiness"", ""intensity"": ""high""}"
EN_10_03_08_2_2,both,disgust,high,"{""emotion"": ""disgust"", ""intensity"": ""high""}"
EN_10_03_09_1_2,both,surprise,high,"{""emotion"": ""surprise"", ""intensity"": ""high""}"
EN_10_03_09_2_2,both,confidence,high,"{""emotion"": ""confidence"", ""intensity"": ""high""}"
EN_10_03_10_1_2,both,contempt,high,"{""emotion"": ""contempt"", ""intensity"": ""high""}"
EN_10_03_10_2_2,both,contempt,high,"{""emotion"": ""contempt"", ""intensity"": ""high""}"
EN_10_04_01_1_2,both,neutral,none,"{""emotion"": ""neutral"", ""intensity"": ""none""}"
EN_10_04_01_2_2,both,confidence,high,"{""emotion"": ""confidence"", ""intensity"": ""high""}"
EN_10_04_02_1_2,both,neutral,none,"{""emotion"": ""neutral"", ""intensity"": ""none""}"
EN_10_04_02_2_2,both,anger,high,"{""emotion"": ""anger"", ""intensity"": ""high""}"
EN_10_04_03_1_2,both,confidence,low,"{""emotion"": ""confidence"", ""intensity"": ""low""}"
EN_10_04_03_2_2,both,confidence,high,"{""emotion"": ""confidence"", ""intensity"": ""high""}"
EN_10_04_04_1_2,both,sadness,low,"{""emotion"": ""sadness"", ""intensity"": ""low""}"
EN_10_04_04_2_2,both,contempt,high,"{""emotion"": ""contempt"", ""intensity"": ""high""}"
EN_10_04_05_1_2,both,neutral,none,"{""emotion"": ""neutral"", ""intensity"": ""none""}"
EN_10_04_05_2_2,both,confidence,high,"{""emotion"": ""confidence"", ""intensity"": ""high""}"
EN_10_04_06_1_2,both,disgust,low,"{""emotion"": ""disgust"", ""intensity"": ""low""}"
EN_10_04_06_2_2,both,disgust,low,"{""emotion"": ""disgust"", ""intensity"": ""low""}"
EN_10_04_07_1_2,both,surprise,low,"{""emotion"": ""surprise"", ""intensity"": ""low""}"
EN_10_04_07_2_2,both,anger,high,"{""emotion"": ""anger"", ""intensity"": ""high""}"
EN_10_04_08_1_2,both,disgust,low,"{""emotion"": ""disgust"", ""intensity"": ""low""}"
EN_10_04_08_2_2,both,disgust,low,"{""emotion"": ""disgust"", ""intensity"": ""moderate""}"
EN_10_04_09_1_2,both,neutral,none,"{""emotion"": ""neutral"", ""intensity"": ""none""}"
EN_10_04_09_2_2,both,anger,high,"{""emotion"": ""anger"", ""intensity"": ""high""}"
EN_10_04_10_1_2,both,contempt,low,"{""emotion"": ""contempt"", ""intensity"": ""low""}"
EN_10_04_10_2_2,both,contempt,high,"{""emotion"": ""contempt"", ""intensity"": ""high""}"
EN_10_05_01_1_2,both,anger,high,"{""emotion"": ""anger"", ""intensity"": ""high""}"
EN_10_05_01_2_2,both,confidence,low,"{""emotion"": ""confidence"", ""intensity"": ""low""}"
EN_10_05_02_1_2,both,confidence,high,"{""emotion"": ""confidence"", ""intensity"": ""high""}"
EN_10_05_02_2_2,both,confidence,low,"{""emotion"": ""confidence"", ""intensity"": ""low""}"
EN_10_05_03_1_2,both,confidence,low,"{""emotion"": ""confidence"", ""intensity"": ""low""}"
EN_10_05_03_2_2,both,confidence,low,"{""emotion"": ""confidence"", ""intensity"": ""low""}"
EN_10_05_04_1_2,both,sadness,low,"{""emotion"": ""sadness"", ""intensity"": ""low""}"
EN_10_05_04_2_2,both,sadness,low,"{""emotion"": ""sadness"", ""intensity"": ""low""}"
EN_10_05_05_1_2,both,neutral,none,"{""emotion"": ""neutral"", ""intensity"": ""none""}"
EN_10_05_05_2_2,both,confidence,high,"{""emotion"": ""confidence"", ""intensity"": ""high""}"
EN_10_05_06_1_2,both,confidence,low,"{""emotion"": ""confidence"", ""intensity"": ""low""}"
EN_10_05_06_2_2,both,disgust,low,"{""emotion"": ""disgust"", ""intensity"": ""low""}"
EN_10_05_07_1_2,both,neutral,none,"{""emotion"": ""neutral"", ""intensity"": ""none""}"
EN_10_05_07_2_2,both,disgust,low,"{""emotion"": ""disgust"", ""intensity"": ""low""}"
EN_10_05_08_1_2,both,neutral,none,"{""emotion"": ""neutral"", ""intensity"": ""none""}"
EN_10_05_08_2_2,both,disgust,high,"{""emotion"": ""disgust"", ""intensity"": ""high""}"
EN_10_05_09_1_2,both,confidence,low,"{""emotion"": ""confidence"", ""intensity"": ""low""}"
EN_10_05_09_2_2,both,sadness,high,"{""emotion"": ""sadness"", ""intensity"": ""high""}"
EN_10_05_10_1_2,both,neutral,none,"{""emotion"": ""neutral"", ""intensity"": ""none""}"
EN_10_05_10_2_2,both,contempt,high,"{""emotion"": ""contempt"", ""intensity"": ""high""}"
EN_10_06_01_1_2,both,confusion,high,"{""emotion"": ""confusion"", ""intensity"": ""high""}"
EN_10_06_01_2_2,both,surprise,high,"{""emotion"": ""surprise"", ""intensity"": ""high""}"
EN_10_06_02_1_2,both,happiness,high,"{""emotion"": ""happiness"", ""intensity"": ""high""}"
EN_10_06_02_2_2,both,confidence,high,"{""emotion"": ""confidence"", ""intensity"": ""high""}"
EN_10_06_03_1_2,both,happiness,high,"{""emotion"": ""happiness"", ""intensity"": ""high""}"
EN_10_06_03_2_2,both,confidence,high,"{""emotion"": ""confidence"", ""intensity"": ""high""}"
EN_10_06_04_1_2,both,happiness,high,"{""emotion"": ""happiness"", ""intensity"": ""high""}"
EN_10_06_04_2_2,both,happiness,high,"{""emotion"": ""happiness"", ""intensity"": ""high""}"
EN_10_06_05_1_2,both,happiness,high,"{""emotion"": ""happiness"", ""intensity"": ""high""}"
EN_10_06_05_2_2,both,confidence,high,"{""emotion"": ""confidence"", ""intensity"": ""high""}"
EN_10_06_06_1_2,both,happiness,low,"{""emotion"": ""happiness"", ""intensity"": ""moderate""}"
EN_10_06_06_2_2,both,happiness,high,"{""emotion"": ""happiness"", ""intensity"": ""high""}"
EN_10_06_07_1_2,both,disgust,low,"{""emotion"": ""disgust"", ""intensity"": ""low""}"
EN_10_06_07_2_2,both,happiness,high,"{""emotion"": ""happiness"", ""intensity"": ""high""}"
EN_10_06_08_1_2,both,disgust,low,"{""emotion"": ""disgust"", ""intensity"": ""low""}"
EN_10_06_08_2_2,both,disgust,high,"{""emotion"": ""disgust"", ""intensity"": ""high""}"
EN_10_06_09_1_2,both,confidence,high,"{""emotion"": ""confidence"", ""intensity"": ""high""}"
EN_10_06_09_2_2,both,confidence,high,"{""emotion"": ""confidence"", ""intensity"": ""high""}"
EN_10_06_10_1_2,both,happiness,high,"{""emotion"": ""happiness"", ""intensity"": ""high""}"
EN_10_06_10_2_2,both,contempt,high,"{""emotion"": ""contempt"", ""intensity"": ""high""}"
EN_10_07_01_1_2,both,happiness,low,"{""emotion"": ""happiness"", ""intensity"": ""low""}"
EN_10_07_01_2_2,both,happiness,low,"{""emotion"": ""happiness"", ""intensity"": ""moderate""}"
EN_10_07_02_1_2,both,confidence,low,"{""emotion"": ""confidence"", ""intensity"": ""low""}"
EN_10_07_02_2_2,both,confidence,high,"{""emotion"": ""confidence"", ""intensity"": ""high""}"
EN_10_07_03_1_2,both,confidence,high,"{""emotion"": ""confidence"", ""intensity"": ""high""}"
EN_10_07_03_2_2,both,confidence,low,"{""emotion"": ""confidence"", ""intensity"": ""moderate""}"
EN_10_07_04_1_2,both,happiness,high,"{""emotion"": ""happiness"", ""intensity"": ""high""}"
EN_10_07_04_2_2,both,surprise,low,"{""emotion"": ""surprise"", ""intensity"": ""moderate""}"
EN_10_07_05_1_2,both,disgust,low,"{""emotion"": ""disgust"", ""intensity"": ""low""}"
EN_10_07_05_2_2,both,neutral,none,"{""emotion"": ""neutral"", ""intensity"": ""none""}"
EN_10_07_06_1_2,both,happiness,low,"{""emotion"": ""happiness"", ""intensity"": ""low""}"
EN_10_07_06_2_2,both,confidence,high,"{""emotion"": ""confidence"", ""intensity"": ""high""}"
EN_10_07_07_1_2,both,confusion,high,"{""emotion"": ""confusion"", ""intensity"": ""high""}"
EN_10_07_07_2_2,both,neutral,none,"{""emotion"": ""neutral"", ""intensity"": ""none""}"
EN_10_07_08_1_2,both,disgust,high,"{""emotion"": ""disgust"", ""intensity"": ""high""}"
EN_10_07_08_2_2,both,disgust,high,"{""emotion"": ""disgust"", ""intensity"": ""high""}"
EN_10_07_09_1_2,both,fear,high,"{""emotion"": ""fear"", ""intensity"": ""high""}"
EN_10_07_09_2_2,both,fear,high,"{""emotion"": ""fear"", ""intensity"": ""high""}"
EN_10_07_10_1_2,both,contempt,low,"{""emotion"": ""contempt"", ""intensity"": ""low""}"
EN_10_07_10_2_2,both,contempt,high,"{""emotion"": ""contempt"", ""intensity"": ""high""}"
EN_10_08_01_1_2,both,confidence,high,"{""emotion"": ""confidence"", ""intensity"": ""high""}"
EN_10_08_01_2_2,both,confidence,high,"{""emotion"": ""confidence"", ""intensity"": ""high""}"
EN_10_08_02_1_2,both,confidence,low,"{""emotion"": ""confidence"", ""intensity"": ""low""}"
EN_10_08_02_2_2,both,confidence,high,"{""emotion"": ""confidence"", ""intensity"": ""high""}"
EN_10_08_03_1_2,both,confidence,low,"{""emotion"": ""confidence"", ""intensity"": ""low""}"
EN_10_08_03_2_2,both,confidence,high,"{""emotion"": ""confidence"", ""intensity"": ""high""}"
EN_10_08_04_1_2,both,surprise,low,"{""emotion"": ""surprise"", ""intensity"": ""low""}"
EN_10_08_04_2_2,both,sadness,high,"{""emotion"": ""sadness"", ""intensity"": ""high""}"
EN_10_08_05_1_2,both,neutral,none,"{""emotion"": ""neutral"", ""intensity"": ""none""}"
EN_10_08_05_2_2,both,confidence,low,"{""emotion"": ""confidence"", ""intensity"": ""low""}"
EN_10_08_06_1_2,both,disgust,high,"{""emotion"": ""disgust"", ""intensity"": ""high""}"
EN_10_08_06_2_2,both,disgust,low,"{""emotion"": ""disgust"", ""intensity"": ""low""}"
EN_10_08_07_1_2,both,neutral,none,"{""emotion"": ""neutral"", ""intensity"": ""none""}"
EN_10_08_07_2_2,both,disgust,low,"{""emotion"": ""disgust"", ""intensity"": ""low""}"
EN_10_08_08_1_2,both,disgust,high,"{""emotion"": ""disgust"", ""intensity"": ""high""}"
EN_10_08_08_2_2,both,disgust,high,"{""emotion"": ""disgust"", ""intensity"": ""high""}"
EN_10_08_09_1_2,both,neutral,none,"{""emotion"": ""neutral"", ""intensity"": ""none""}"
EN_10_08_09_2_2,both,confidence,high,"{""emotion"": ""confidence"", ""intensity"": ""high""}"
EN_10_08_10_1_2,both,contempt,high,"{""emotion"": ""contempt"", ""intensity"": ""high""}"
EN_10_08_10_2_2,both,contempt,high,"{""emotion"": ""contempt"", ""intensity"": ""high""}"
EN_10_09_01_1_2,both,sadness,low,"{""emotion"": ""sadness"", ""intensity"": ""low""}"
EN_10_09_01_2_2,both,surprise,high,"{""emotion"": ""surprise"", ""intensity"": ""high""}"
EN_10_09_02_1_2,both,confidence,high,"{""emotion"": ""confidence"", ""intensity"": ""high""}"
EN_10_09_02_2_2,both,anger,high,"{""emotion"": ""anger"", ""intensity"": ""high""}"
EN_10_09_03_1_2,both,confidence,low,"{""emotion"": ""confidence"", ""intensity"": ""low""}"
EN_10_09_03_2_2,both,happiness,high,"{""emotion"": ""happiness"", ""intensity"": ""high""}"
EN_10_09_04_1_2,both,happiness,low,"{""emotion"": ""happiness"", ""intensity"": ""low""}"
EN_10_09_04_2_2,both,happiness,high,"{""emotion"": ""happiness"", ""intensity"": ""high""}"
EN_10_09_05_1_2,both,neutral,none,"{""emotion"": ""neutral"", ""intensity"": ""none""}"
EN_10_09_05_2_2,both,confidence,high,"{""emotion"": ""confidence"", ""intensity"": ""high""}"
EN_10_09_06_1_2,both,neutral,none,"{""emotion"": ""neutral"", ""intensity"": ""none""}"
EN_10_09_06_2_2,both,disgust,high,"{""emotion"": ""disgust"", ""intensity"": ""high""}"
EN_10_09_07_1_2,both,disgust,high,"{""emotion"": ""disgust"", ""intensity"": ""high""}"
EN_10_09_07_2_2,both,neutral,none,"{""emotion"": ""neutral"", ""intensity"": ""none""}"
EN_10_09_08_1_2,both,disgust,high,"{""emotion"": ""disgust"", ""intensity"": ""high""}"
EN_10_09_08_2_2,both,disgust,high,"{""emotion"": ""disgust"", ""intensity"": ""high""}"
EN_10_09_09_1_2,both,fear,low,"{""emotion"": ""fear"", ""intensity"": ""low""}"
EN_10_09_09_2_2,both,confidence,high,"{""emotion"": ""confidence"", ""intensity"": ""high""}"
EN_10_09_10_1_2,both,contempt,low,"{""emotion"": ""contempt"", ""intensity"": ""low""}"
EN_10_09_10_2_2,both,confidence,low,"{""emotion"": ""confidence"", ""intensity"": ""low""}"
EN_10_10_01_1_2,both,happiness,high,"{""emotion"": ""happiness"", ""intensity"": ""high""}"
EN_10_10_01_2_2,both,happiness,high,"{""emotion"": ""happiness"", ""intensity"": ""high""}"
EN_10_10_02_1_2,both,confidence,low,"{""emotion"": ""confidence"", ""intensity"": ""moderate""}"
EN_10_10_02_2_2,both,happiness,low,"{""emotion"": ""happiness"", ""intensity"": ""low""}"
EN_10_10_03_1_2,both,confidence,low,"{""emotion"": ""confidence"", ""intensity"": ""low""}"
EN_10_10_03_2_2,both,happiness,high,"{""emotion"": ""happiness"", ""intensity"": ""high""}"
EN_10_10_04_1_2,both,happiness,high,"{""emotion"": ""happiness"", ""intensity"": ""high""}"
EN_10_10_04_2_2,both,happiness,high,"{""emotion"": ""happiness"", ""intensity"": ""high""}"
EN_10_10_05_1_2,both,neutral,none,"{""emotion"": ""neutral"", ""intensity"": ""none""}"
EN_10_10_05_2_2,both,happiness,high,"{""emotion"": ""happiness"", ""intensity"": ""high""}"
EN_10_10_06_1_2,both,neutral,none,"{""emotion"": ""neutral"", ""intensity"": ""none""}"
EN_10_10_06_2_2,both,happiness,low,"{""emotion"": ""happiness"", ""intensity"": ""moderate""}"
EN_10_10_07_1_2,both,neutral,none,"{""emotion"": ""neutral"", ""intensity"": ""none""}"
EN_10_10_07_2_2,both,happiness,high,"{""emotion"": ""happiness"", ""intensity"": ""high""}"
EN_10_10_08_1_2,both,disgust,high,"{""emotion"": ""disgust"", ""intensity"": ""high""}"
EN_10_10_08_2_2,both,disgust,low,"{""emotion"": ""disgust"", ""intensity"": ""moderate""}"
EN_10_10_09_1_2,both,confidence,high,"{""emotion"": ""confidence"", ""intensity"": ""high""}"
EN_10_10_09_2_2,both,confidence,high,"{""emotion"": ""confidence"", ""intensity"": ""high""}"
EN_10_10_10_1_2,both,confidence,low,"{""emotion"": ""confidence"", ""intensity"": ""low""}"
EN_10_10_10_2_2,both,contempt,high,"{""emotion"": ""contempt"", ""intensity"": ""high""}"
EN_01_00_01,words_only,neutral,none,"{""emotion"": ""neutral"", ""intensity"": ""none""}"
EN_01_00_02,words_only,neutral,none,"{""emotion"": ""neutral"", ""intensity"": ""none""}"
EN_01_00_03,words_only,confidence,low,"{""emotion"": ""confidence"", ""intensity"": ""low""}"
EN_01_00_04,words_only,neutral,none,"{""emotion"": ""neutral"", ""intensity"": ""none""}"
EN_01_00_05,words_only,neutral,none,"{""emotion"": ""neutral"", ""intensity"": ""none""}"
EN_01_00_06,words_only,neutral,none,"{""emotion"": ""neutral"", ""intensity"": ""none""}"
EN_01_00_07,words_only,neutral,none,"{""emotion"": ""neutral"", ""intensity"": ""none""}"
EN_01_00_08,words_only,neutral,none,"{""emotion"": ""neutral"", ""intensity"": ""none""}"
EN_01_00_09,words_only,neutral,none,"{""emotion"": ""neutral"", ""intensity"": ""none""}"
EN_01_00_10,words_only,contempt,low,"{""emotion"": ""contempt"", ""intensity"": ""low""}"
EN_01_01_01_1_2,words_only,neutral,none,"{""emotion"": ""neutral"", ""intensity"": ""none""}"
EN_01_01_01_2_2,words_only,confusion,high,"{""emotion"": ""confusion"", ""intensity"": ""high""}"
EN_01_01_02_1_2,words_only,neutral,none,"{""emotion"": ""neutral"", ""intensity"": ""none""}"
EN_01_01_02_2_2,words_only,neutral,none,"{""emotion"": ""neutral"", ""intensity"": ""none""}"
EN_01_01_03_1_2,words_only,confidence,low,"{""emotion"": ""confidence"", ""intensity"": ""low""}"
EN_01_01_03_2_2,words_only,confidence,low,"{""emotion"": ""confidence"", ""intensity"": ""low""}"
EN_01_01_04_1_2,words_only,neutral,none,"{""emotion"": ""neutral"", ""intensity"": ""none""}"
EN_01_01_04_2_2,words_only,neutral,none,"{""emotion"": ""neutral"", ""intensity"": ""none""}"
EN_01_01_05_1_2,words_only,neutral,none,"{""emotion"": ""neutral"", ""intensity"": ""none""}"
EN_01_01_05_2_2,words_only,confusion,high,"{""emotion"": ""confusion"", ""intensity"": ""high""}"
EN_01_01_06_1_2,words_only,neutral,none,"{""emotion"": ""neutral"", ""intensity"": ""none""}"
EN_01_01_06_2_2,words_only,neutral,none,"{""emotion"": ""neutral"", ""intensity"": ""none""}"
EN_01_01_07_1_2,words_only,neutral,none,"{""emotion"": ""neutral"", ""intensity"": ""none""}"
EN_01_01_07_2_2,words_only,confusion,low,"{""emotion"": ""confusion"", ""intensity"": ""low""}"
EN_01_01_08_1_2,words_only,disgust,high,"{""emotion"": ""disgust"", ""intensity"": ""high""}"
EN_01_01_08_2_2,words_only,disgust,high,"{""emotion"": ""disgust"", ""intensity"": ""high""}"
EN_01_01_09_1_2,words_only,neutral,none,"{""emotion"": ""neutral"", ""intensity"": ""none""}"
EN_01_01_09_2_2,words_only,confusion,low,"{""emotion"": ""confusion"", ""intensity"": ""low""}"
EN_01_01_10_1_2,words_only,contempt,low,"{""emotion"": ""contempt"", ""intensity"": ""low""}"
EN_01_01_10_2_2,words_only,contempt,low,"{""emotion"": ""contempt"", ""intensity"": ""low""}"
EN_01_02_01_1_2,words_only,neutral,none,"{""emotion"": ""neutral"", ""intensity"": ""none""}"
EN_01_02_01_2_2,words_only,surprise,low,"{""emotion"": ""surprise"", ""intensity"": ""low""}"
EN_01_02_02_1_2,words_only,neutral,none,"{""emotion"": ""neutral"", ""intensity"": ""none""}"
EN_01_02_02_2_2,words_only,confidence,high,"{""emotion"": ""confidence"", ""intensity"": ""high""}"
EN_01_02_03_1_2,words_only,confidence,low,"{""emotion"": ""confidence"", ""intensity"": ""low""}"
EN_01_02_03_2_2,words_only,confidence,low,"{""emotion"": ""confidence"", ""intensity"": ""low""}"
EN_01_02_04_1_2,words_only,neutral,none,"{""emotion"": ""neutral"", ""intensity"": ""none""}"
EN_01_02_04_2_2,words_only,neutral,none,"{""emotion"": ""neutral"", ""intensity"": ""none""}"
EN_01_02_05_1_2,words_only,neutral,none,"{""emotion"": ""neutral"", ""intensity"": ""none""}"
EN_01_02_05_2_2,words_only,neutral,none,"{""emotion"": ""neutral"", ""intensity"": ""none""}"
EN_01_02_06_1_2,words_only,neutral,none,"{""emotion"": ""neutral"", ""intensity"": ""none""}"
EN_01_02_06_2_2,words_only,neutral,none,"{""emotion"": ""neutral"", ""intensity"": ""none""}"
EN_01_02_07_1_2,words_only,neutral,none,"{""emotion"": ""neutral"", ""intensity"": ""none""}"
EN_01_02_07_2_2,words_only,neutral,none,"{""emotion"": ""neutral"", ""intensity"": ""none""}"
EN_01_02_08_1_2,words_only,neutral,none,"{""emotion"": ""neutral"", ""intensity"": ""none""}"
EN_01_02_08_2_2,words_only,neutral,none,"{""emotion"": ""neutral"", ""intensity"": ""none""}"
EN_01_02_09_1_2,words_only,neutral,none,"{""emotion"": ""neutral"", ""intensity"": ""none""}"
EN_01_02_09_2_2,words_only,neutral,none,"{""emotion"": ""neutral"", ""intensity"": ""none""}"
EN_01_02_10_1_2,words_only,contempt,low,"{""emotion"": ""contempt"", ""intensity"": ""low""}"
EN_01_02_10_2_2,words_only,contempt,low,"{""emotion"": ""contempt"", ""intensity"": ""low""}"
EN_01_03_01_1_2,words_only,neutral,none,"{""emotion"": ""neutral"", ""intensity"": ""none""}"
EN_01_03_01_2_2,words_only,neutral,none,"{""emotion"": ""neutral"", ""intensity"": ""none""}"
EN_01_03_02_1_2,words_only,neutral,none,"{""emotion"": ""neutral"", ""intensity"": ""none""}"
EN_01_03_02_2_2,words_only,neutral,none,"{""emotion"": ""neutral"", ""intensity"": ""none""}"
EN_01_03_03_1_2,words_only,confidence,low,"{""emotion"": ""confidence"", ""intensity"": ""low""}"
EN_01_03_03_2_2,words_only,confidence,low,"{""emotion"": ""confidence"", ""intensity"": ""low""}"
EN_01_03_04_1_2,words_only,neutral,none,"{""emotion"": ""neutral"", ""intensity"": ""none""}"
EN_01_03_04_2_2,words_only,neutral,none,"{""emotion"": ""neutral"", ""intensity"": ""none""}"
EN_01_03_05_1_2,words_only,neutral,none,"{""emotion"": ""neutral"", ""intensity"": ""none""}"
EN_01_03_05_2_2,words_only,neutral,none,"{""emotion"": ""neutral"", ""intensity"": ""none""}"
EN_01_03_06_1_2,words_only,neutral,none,"{""emotion"": ""neutral"", ""intensity"": ""none""}"
EN_01_03_06_2_2,words_only,neutral,none,"{""emotion"": ""neutral"", ""intensity"": ""none""}"
EN_01_03_07_1_2,words_only,neutral,none,"{""emotion"": ""neutral"", ""intensity"": ""none""}"
EN_01_03_07_2_2,words_only,neutral,none,"{""emotion"": ""neutral"", ""intensity"": ""none""}"
EN_01_03_08_1_2,words_only,confusion,high,"{""emotion"": ""confusion"", ""intensity"": ""high""}"
EN_01_03_08_2_2,words_only,neutral,none,"{""emotion"": ""neutral"", ""intensity"": ""none""}"
EN_01_03_09_1_2,words_only,neutral,none,"{""emotion"": ""neutral"", ""intensity"": ""none""}"
EN_01_03_09_2_2,words_only,neutral,none,"{""emotion"": ""neutral"", ""intensity"": ""none""}"
EN_01_03_10_1_2,words_only,contempt,low,"{""emotion"": ""contempt"", ""intensity"": ""low""}"
EN_01_03_10_2_2,words_only,contempt,low,"{""emotion"": ""contempt"", ""intensity"": ""low""}"
EN_01_04_01_1_2,words_only,neutral,none,"{""emotion"": ""neutral"", ""intensity"": ""none""}"
EN_01_04_01_2_2,words_only,confusion,high,"{""emotion"": ""confusion"", ""intensity"": ""high""}"
EN_01_04_02_1_2,words_only,confidence,low,"{""emotion"": ""confidence"", ""intensity"": ""low""}"
EN_01_04_02_2_2,words_only,neutral,none,"{""emotion"": ""neutral"", ""intensity"": ""none""}"
EN_01_04_03_1_2,words_only,sadness,low,"{""emotion"": ""sadness"", ""intensity"": ""low""}"
EN_01_04_03_2_2,words_only,confidence,high,"{""emotion"": ""confidence"", ""intensity"": ""high""}"
EN_01_04_04_1_2,words_only,neutral,none,"{""emotion"": ""neutral"", ""intensity"": ""none""}"
EN_01_04_04_2_2,words_only,disgust,low,"{""emotion"": ""disgust"", ""intensity"": ""low""}"
EN_01_04_05_1_2,words_only,neutral,none,"{""emotion"": ""neutral"", ""intensity"": ""none""}"
EN_01_04_05_2_2,words_only,neutral,none,"{""emotion"": ""neutral"", ""intensity"": ""none""}"
EN_01_04_06_1_2,words_only,neutral,none,"{""emotion"": ""neutral"", ""intensity"": ""none""}"
EN_01_04_06_2_2,words_only,neutral,none,"{""emotion"": ""neutral"", ""intensity"": ""none""}"
EN_01_04_07_1_2,words_only,neutral,none,"{""emotion"": ""neutral"", ""intensity"": ""none""}"
EN_01_04_07_2_2,words_only,neutral,none,"{""emotion"": ""neutral"", ""intensity"": ""none""}"
EN_01_04_08_1_2,words_only,disgust,high,"{""emotion"": ""disgust"", ""intensity"": ""high""}"
EN_01_04_08_2_2,words_only,neutral,none,"{""emotion"": ""neutral"", ""intensity"": ""none""}"
EN_01_04_09_1_2,words_only,sadness,low,"{""emotion"": ""fatigue"", ""intensity"": ""high""}   Note: Since ""fatigue"" is not one of the listed emotions, the closest match in the context of the given options would be ""sadness"" as it can sometimes be associated with feelings of tiredness or weariness. However, the exact emotion ""fatigue"" is more appropriate, but not listed. If we must choose from the given list:  {""emotion"": ""sadness"", ""intensity"": ""low""}"
EN_01_04_09_2_2,words_only,neutral,none,"{""emotion"": ""neutral"", ""intensity"": ""none""}"
EN_01_04_10_1_2,words_only,contempt,low,"{""emotion"": ""contempt"", ""intensity"": ""low""}"
EN_01_04_10_2_2,words_only,contempt,low,"{""emotion"": ""contempt"", ""intensity"": ""low""}"
EN_01_05_01_1_2,words_only,neutral,none,"{""emotion"": ""neutral"", ""intensity"": ""none""}"
EN_01_05_01_2_2,words_only,neutral,none,"{""emotion"": ""neutral"", ""intensity"": ""none""}"
EN_01_05_02_1_2,words_only,confidence,low,"{""emotion"": ""confidence"", ""intensity"": ""low""}"
EN_01_05_02_2_2,words_only,neutral,none,"{""emotion"": ""neutral"", ""intensity"": ""none""}"
EN_01_05_03_1_2,words_only,confidence,low,"{""emotion"": ""confidence"", ""intensity"": ""low""}"
EN_01_05_03_2_2,words_only,confidence,low,"{""emotion"": ""confidence"", ""intensity"": ""low""}"
EN_01_05_04_1_2,words_only,neutral,none,"{""emotion"": ""neutral"", ""intensity"": ""none""}"
EN_01_05_04_2_2,words_only,neutral,none,"{""emotion"": ""neutral"", ""intensity"": ""none""}"
EN_01_05_05_1_2,words_only,neutral,none,"{""emotion"": ""neutral"", ""intensity"": ""none""}"
EN_01_05_05_2_2,words_only,neutral,none,"{""emotion"": ""neutral"", ""intensity"": ""none""}"
EN_01_05_06_1_2,words_only,neutral,none,"{""emotion"": ""neutral"", ""intensity"": ""none""}"
EN_01_05_06_2_2,words_only,neutral,none,"{""emotion"": ""neutral"", ""intensity"": ""none""}"
EN_01_05_07_1_2,words_only,neutral,none,"{""emotion"": ""neutral"", ""intensity"": ""none""}"
EN_01_05_07_2_2,words_only,neutral,none,"{""emotion"": ""neutral"", ""intensity"": ""none""}"
EN_01_05_08_1_2,words_only,disgust,high,"{""emotion"": ""disgust"", ""intensity"": ""high""}"
EN_01_05_08_2_2,words_only,neutral,none,"{""emotion"": ""neutral"", ""intensity"": ""none""}"
EN_01_05_09_1_2,words_only,neutral,none,"{""emotion"": ""neutral"", ""intensity"": ""none""}"
EN_01_05_09_2_2,words_only,neutral,none,"{""emotion"": ""neutral"", ""intensity"": ""none""}"
EN_01_05_10_1_2,words_only,contempt,low,"{""emotion"": ""contempt"", ""intensity"": ""low""}"
EN_01_05_10_2_2,words_only,contempt,low,"{""emotion"": ""contempt"", ""intensity"": ""low""}"
EN_01_06_01_1_2,words_only,neutral,none,"{""emotion"": ""neutral"", ""intensity"": ""none""}"
EN_01_06_01_2_2,words_only,neutral,none,"{""emotion"": ""neutral"", ""intensity"": ""none""}"
EN_01_06_02_1_2,words_only,neutral,none,"{""emotion"": ""neutral"", ""intensity"": ""none""}"
EN_01_06_02_2_2,words_only,confidence,low,"{""emotion"": ""confidence"", ""intensity"": ""low""}"
EN_01_06_03_1_2,words_only,confidence,low,"{""emotion"": ""confidence"", ""intensity"": ""low""}"
EN_01_06_03_2_2,words_only,confidence,low,"{""emotion"": ""confidence"", ""intensity"": ""low""}"
EN_01_06_04_1_2,words_only,neutral,none,"{""emotion"": ""neutral"", ""intensity"": ""none""}"
EN_01_06_04_2_2,words_only,neutral,none,"{""emotion"": ""neutral"", ""intensity"": ""none""}"
EN_01_06_05_1_2,words_only,neutral,none,"{""emotion"": ""neutral"", ""intensity"": ""none""}"
EN_01_06_05_2_2,words_only,neutral,none,"{""emotion"": ""neutral"", ""intensity"": ""none""}"
EN_01_06_06_1_2,words_only,neutral,none,"{""emotion"": ""neutral"", ""intensity"": ""none""}"
EN_01_06_06_2_2,words_only,neutral,none,"{""emotion"": ""neutral"", ""intensity"": ""none""}"
EN_01_06_07_1_2,words_only,neutral,none,"{""emotion"": ""neutral"", ""intensity"": ""none""}"
EN_01_06_07_2_2,words_only,neutral,none,"{""emotion"": ""neutral"", ""intensity"": ""none""}"
EN_01_06_08_1_2,words_only,neutral,none,"{""emotion"": ""neutral"", ""intensity"": ""none""}"
EN_01_06_08_2_2,words_only,neutral,none,"{""emotion"": ""neutral"", ""intensity"": ""none""}"
EN_01_06_09_1_2,words_only,neutral,none,"{""emotion"": ""neutral"", ""intensity"": ""none""}"
EN_01_06_09_2_2,words_only,neutral,none,"{""emotion"": ""neutral"", ""intensity"": ""none""}"
EN_01_06_10_1_2,words_only,contempt,low,"{""emotion"": ""contempt"", ""intensity"": ""low""}"
EN_01_06_10_2_2,words_only,contempt,low,"{""emotion"": ""contempt"", ""intensity"": ""low""}"
EN_01_07_01_1_2,words_only,neutral,none,"{""emotion"": ""neutral"", ""intensity"": ""none""}"
EN_01_07_01_2_2,words_only,neutral,none,"{""emotion"": ""neutral"", ""intensity"": ""none""}"
EN_01_07_02_1_2,words_only,neutral,none,"{""emotion"": ""neutral"", ""intensity"": ""none""}"
EN_01_07_02_2_2,words_only,neutral,none,"{""emotion"": ""neutral"", ""intensity"": ""none""}"
EN_01_07_03_1_2,words_only,confidence,low,"{""emotion"": ""confidence"", ""intensity"": ""low""}"
EN_01_07_03_2_2,words_only,confidence,low,"{""emotion"": ""confidence"", ""intensity"": ""low""}"
EN_01_07_04_1_2,words_only,neutral,none,"{""emotion"": ""neutral"", ""intensity"": ""none""}"
EN_01_07_04_2_2,words_only,neutral,none,"{""emotion"": ""neutral"", ""intensity"": ""none""}"
EN_01_07_05_1_2,words_only,neutral,none,"{""emotion"": ""neutral"", ""intensity"": ""none""}"
EN_01_07_05_2_2,words_only,neutral,none,"{""emotion"": ""neutral"", ""intensity"": ""none""}"
EN_01_07_06_1_2,words_only,neutral,none,"{""emotion"": ""neutral"", ""intensity"": ""none""}"
EN_01_07_06_2_2,words_only,neutral,none,"{""emotion"": ""neutral"", ""intensity"": ""none""}"
EN_01_07_07_1_2,words_only,neutral,none,"{""emotion"": ""neutral"", ""intensity"": ""none""}"
EN_01_07_07_2_2,words_only,neutral,none,"{""emotion"": ""neutral"", ""intensity"": ""none""}"
EN_01_07_08_1_2,words_only,disgust,high,"{""emotion"": ""disgust"", ""intensity"": ""high""}"
EN_01_07_08_2_2,words_only,neutral,none,"{""emotion"": ""neutral"", ""intensity"": ""none""}"
EN_01_07_09_1_2,words_only,neutral,none,"{""emotion"": ""neutral"", ""intensity"": ""none""}"
EN_01_07_09_2_2,words_only,neutral,none,"{""emotion"": ""neutral"", ""intensity"": ""none""}"
EN_01_07_10_1_2,words_only,contempt,low,"{""emotion"": ""contempt"", ""intensity"": ""low""}"
EN_01_07_10_2_2,words_only,contempt,low,"{""emotion"": ""contempt"", ""intensity"": ""low""}"
EN_01_08_01_1_2,words_only,neutral,none,"{""emotion"": ""neutral"", ""intensity"": ""none""}"
EN_01_08_01_2_2,words_only,neutral,none,"{""emotion"": ""neutral"", ""intensity"": ""none""}"
EN_01_08_02_1_2,words_only,neutral,none,"{""emotion"": ""neutral"", ""intensity"": ""none""}"
EN_01_08_02_2_2,words_only,neutral,none,"{""emotion"": ""neutral"", ""intensity"": ""none""}"
EN_01_08_03_1_2,words_only,confidence,low,"{""emotion"": ""confidence"", ""intensity"": ""low""}"
EN_01_08_03_2_2,words_only,confidence,low,"{""emotion"": ""confidence"", ""intensity"": ""low""}"
EN_01_08_04_1_2,words_only,neutral,none,"{""emotion"": ""neutral"", ""intensity"": ""none""}"
EN_01_08_04_2_2,words_only,neutral,none,"{""emotion"": ""neutral"", ""intensity"": ""none""}"
EN_01_08_05_1_2,words_only,neutral,none,"{""emotion"": ""neutral"", ""intensity"": ""none""}"
EN_01_08_05_2_2,words_only,neutral,none,"{""emotion"": ""neutral"", ""intensity"": ""none""}"
EN_01_08_06_1_2,words_only,confusion,low,"{""emotion"": ""confusion"", ""intensity"": ""low""}"
EN_01_08_06_2_2,words_only,confusion,low,"{""emotion"": ""confusion"", ""intensity"": ""low""}"
EN_01_08_07_1_2,words_only,neutral,none,"{""emotion"": ""neutral"", ""intensity"": ""none""}"
EN_01_08_07_2_2,words_only,neutral,none,"{""emotion"": ""neutral"", ""intensity"": ""none""}"
EN_01_08_08_1_2,words_only,neutral,none,"{""emotion"": ""neutral"", ""intensity"": ""none""}"
EN_01_08_08_2_2,words_only,disgust,high,"{""emotion"": ""disgust"", ""intensity"": ""high""}"
EN_01_08_09_1_2,words_only,neutral,none,"{""emotion"": ""neutral"", ""intensity"": ""none""}"
EN_01_08_09_2_2,words_only,confidence,low,"{""emotion"": ""confidence"", ""intensity"": ""low""}"
EN_01_08_10_1_2,words_only,neutral,none,"{""emotion"": ""neutral"", ""intensity"": ""none""}"
EN_01_08_10_2_2,words_only,contempt,low,"{""emotion"": ""contempt"", ""intensity"": ""low""}"
EN_01_09_01_1_2,words_only,neutral,none,"{""emotion"": ""neutral"", ""intensity"": ""none""}"
EN_01_09_01_2_2,words_only,neutral,none,"{""emotion"": ""neutral"", ""intensity"": ""none""}"
EN_01_09_02_1_2,words_only,neutral,none,"{""emotion"": ""neutral"", ""intensity"": ""none""}"
EN_01_09_02_2_2,words_only,neutral,none,"{""emotion"": ""neutral"", ""intensity"": ""none""}"
EN_01_09_03_1_2,words_only,confidence,low,"{""emotion"": ""confidence"", ""intensity"": ""low""}"
EN_01_09_03_2_2,words_only,confidence,low,"{""emotion"": ""confidence"", ""intensity"": ""low""}"
EN_01_09_04_1_2,words_only,neutral,none,"{""emotion"": ""neutral"", ""intensity"": ""none""}"
EN_01_09_04_2_2,words_only,neutral,none,"{""emotion"": ""neutral"", ""intensity"": ""none""}"
EN_01_09_05_1_2,words_only,neutral,none,"{""emotion"": ""neutral"", ""intensity"": ""none""}"
EN_01_09_05_2_2,words_only,neutral,none,"{""emotion"": ""neutral"", ""intensity"": ""none""}"
EN_01_09_06_1_2,words_only,neutral,none,"{""emotion"": ""neutral"", ""intensity"": ""none""}"
EN_01_09_06_2_2,words_only,neutral,none,"{""emotion"": ""neutral"", ""intensity"": ""none""}"
EN_01_09_07_1_2,words_only,neutral,none,"{""emotion"": ""neutral"", ""intensity"": ""none""}"
EN_01_09_07_2_2,words_only,neutral,none,"{""emotion"": ""neutral"", ""intensity"": ""none""}"
EN_01_09_08_1_2,words_only,disgust,high,"{""emotion"": ""disgust"", ""intensity"": ""high""}"
EN_01_09_08_2_2,words_only,neutral,none,"{""emotion"": ""neutral"", ""intensity"": ""none""}"
EN_01_09_09_1_2,words_only,neutral,none,"{""emotion"": ""neutral"", ""intensity"": ""none""}"
EN_01_09_09_2_2,words_only,neutral,none,"{""emotion"": ""neutral"", ""intensity"": ""none""}"
EN_01_09_10_1_2,words_only,contempt,low,"{""emotion"": ""contempt"", ""intensity"": ""low""}"
EN_01_09_10_2_2,words_only,contempt,low,"{""emotion"": ""contempt"", ""intensity"": ""low""}"
EN_01_10_01_1_2,words_only,neutral,none,"{""emotion"": ""neutral"", ""intensity"": ""none""}"
EN_01_10_01_2_2,words_only,neutral,none,"{""emotion"": ""neutral"", ""intensity"": ""none""}"
EN_01_10_02_1_2,words_only,neutral,none,"{""emotion"": ""neutral"", ""intensity"": ""none""}"
EN_01_10_02_2_2,words_only,neutral,none,"{""emotion"": ""neutral"", ""intensity"": ""none""}"
EN_01_10_03_1_2,words_only,confidence,low,"{""emotion"": ""confidence"", ""intensity"": ""low""}"
EN_01_10_03_2_2,words_only,confidence,low,"{""emotion"": ""confidence"", ""intensity"": ""low""}"
EN_01_10_04_1_2,words_only,neutral,none,"{""emotion"": ""neutral"", ""intensity"": ""none""}"
EN_01_10_04_2_2,words_only,neutral,none,"{""emotion"": ""neutral"", ""intensity"": ""none""}"
EN_01_10_05_1_2,words_only,neutral,none,"{""emotion"": ""neutral"", ""intensity"": ""none""}"
EN_01_10_05_2_2,words_only,neutral,none,"{""emotion"": ""neutral"", ""intensity"": ""none""}"
EN_01_10_06_1_2,words_only,neutral,none,"{""emotion"": ""neutral"", ""intensity"": ""none""}"
EN_01_10_06_2_2,words_only,neutral,none,"{""emotion"": ""neutral"", ""intensity"": ""none""}"
EN_01_10_07_1_2,words_only,neutral,none,"{""emotion"": ""neutral"", ""intensity"": ""none""}"
EN_01_10_07_2_2,words_only,neutral,none,"{""emotion"": ""neutral"", ""intensity"": ""none""}"
EN_01_10_08_1_2,words_only,neutral,none,"{""emotion"": ""neutral"", ""intensity"": ""none""}"
EN_01_10_08_2_2,words_only,neutral,none,"{""emotion"": ""neutral"", ""intensity"": ""none""}"
EN_01_10_09_1_2,words_only,neutral,none,"{""emotion"": ""neutral"", ""intensity"": ""none""}"
EN_01_10_09_2_2,words_only,neutral,none,"{""emotion"": ""neutral"", ""intensity"": ""none""}"
EN_01_10_10_1_2,words_only,neutral,none,"{""emotion"": ""neutral"", ""intensity"": ""none""}"
EN_01_10_10_2_2,words_only,contempt,low,"{""emotion"": ""contempt"", ""intensity"": ""low""}"
EN_02_00_01,words_only,neutral,none,"{""emotion"": ""neutral"", ""intensity"": ""none""}"
EN_02_00_02,words_only,neutral,none,"{""emotion"": ""neutral"", ""intensity"": ""none""}"
EN_02_00_03,words_only,confidence,low,"{""emotion"": ""confidence"", ""intensity"": ""low""}"
EN_02_00_04,words_only,neutral,none,"{""emotion"": ""neutral"", ""intensity"": ""none""}"
EN_02_00_05,words_only,neutral,none,"{""emotion"": ""neutral"", ""intensity"": ""none""}"
EN_02_00_06,words_only,neutral,none,"{""emotion"": ""neutral"", ""intensity"": ""none""}"
EN_02_00_07,words_only,neutral,none,"{""emotion"": ""neutral"", ""intensity"": ""none""}"
EN_02_00_08,words_only,neutral,none,"{""emotion"": ""neutral"", ""intensity"": ""none""}"
EN_02_00_09,words_only,neutral,none,"{""emotion"": ""neutral"", ""intensity"": ""none""}"
EN_02_00_10,words_only,contempt,low,"{""emotion"": ""contempt"", ""intensity"": ""low""}"
EN_02_01_01_1_2,words_only,neutral,none,"{""emotion"": ""neutral"", ""intensity"": ""none""}"
EN_02_01_01_2_2,words_only,neutral,none,"{""emotion"": ""neutral"", ""intensity"": ""none""}"
EN_02_01_02_1_2,words_only,neutral,none,"{""emotion"": ""neutral"", ""intensity"": ""none""}"
EN_02_01_02_2_2,words_only,neutral,none,"{""emotion"": ""neutral"", ""intensity"": ""none""}"
EN_02_01_03_1_2,words_only,confidence,low,"{""emotion"": ""confidence"", ""intensity"": ""low""}"
EN_02_01_03_2_2,words_only,confidence,low,"{""emotion"": ""confidence"", ""intensity"": ""low""}"
EN_02_01_04_1_2,words_only,neutral,none,"{""emotion"": ""neutral"", ""intensity"": ""none""}"
EN_02_01_04_2_2,words_only,neutral,none,"{""emotion"": ""neutral"", ""intensity"": ""none""}"
EN_02_01_05_1_2,words_only,neutral,none,"{""emotion"": ""neutral"", ""intensity"": ""none""}"
EN_02_01_05_2_2,words_only,neutral,none,"{""emotion"": ""neutral"", ""intensity"": ""none""}"
EN_02_01_06_1_2,words_only,neutral,none,"{""emotion"": ""neutral"", ""intensity"": ""none""}"
EN_02_01_06_2_2,words_only,neutral,none,"{""emotion"": ""neutral"", ""intensity"": ""none""}"
EN_02_01_07_1_2,words_only,neutral,none,"{""emotion"": ""neutral"", ""intensity"": ""none""}"
EN_02_01_07_2_2,words_only,neutral,none,"{""emotion"": ""neutral"", ""intensity"": ""none""}"
EN_02_01_08_1_2,words_only,neutral,none,"{""emotion"": ""neutral"", ""intensity"": ""none""}"
EN_02_01_08_2_2,words_only,disgust,high,"{""emotion"": ""disgust"", ""intensity"": ""high""}"
EN_02_01_09_1_2,words_only,neutral,none,"{""emotion"": ""neutral"", ""intensity"": ""none""}"
EN_02_01_09_2_2,words_only,neutral,none,"{""emotion"": ""neutral"", ""intensity"": ""none""}"
EN_02_01_10_1_2,words_only,contempt,low,"{""emotion"": ""contempt"", ""intensity"": ""low""}"
EN_02_01_10_2_2,words_only,contempt,low,"{""emotion"": ""contempt"", ""intensity"": ""low""}"
EN_02_02_01_1_2,words_only,neutral,none,"{""emotion"": ""neutral"", ""intensity"": ""none""}"
EN_02_02_01_2_2,words_only,neutral,none,"{""emotion"": ""neutral"", ""intensity"": ""none""}"
EN_02_02_02_1_2,words_only,neutral,none,"{""emotion"": ""neutral"", ""intensity"": ""none""}"
EN_02_02_02_2_2,words_only,neutral,none,"{""emotion"": ""neutral"", ""intensity"": ""none""}"
EN_02_02_03_1_2,words_only,confidence,low,"{""emotion"": ""confidence"", ""intensity"": ""low""}"
EN_02_02_03_2_2,words_only,confidence,high,"{""emotion"": ""confidence"", ""intensity"": ""high""}"
EN_02_02_04_1_2,words_only,neutral,none,"{""emotion"": ""neutral"", ""intensity"": ""none""}"
EN_02_02_04_2_2,words_only,surprise,low,"{""emotion"": ""surprise"", ""intensity"": ""low""}"
EN_02_02_05_1_2,words_only,neutral,none,"{""emotion"": ""neutral"", ""intensity"": ""none""}"
EN_02_02_05_2_2,words_only,neutral,none,"{""emotion"": ""neutral"", ""intensity"": ""none""}"
EN_02_02_06_1_2,words_only,neutral,none,"{""emotion"": ""neutral"", ""intensity"": ""none""}"
EN_02_02_06_2_2,words_only,happiness,low,"{""emotion"": ""happiness"", ""intensity"": ""low""}"
EN_02_02_07_1_2,words_only,neutral,none,"{""emotion"": ""neutral"", ""intensity"": ""none""}"
EN_02_02_07_2_2,words_only,neutral,none,"{""emotion"": ""neutral"", ""intensity"": ""none""}"
EN_02_02_08_1_2,words_only,disgust,high,"{""emotion"": ""disgust"", ""intensity"": ""high""}"
EN_02_02_08_2_2,words_only,contempt,high,"{""emotion"": ""contempt"", ""intensity"": ""high""}"
EN_02_02_09_1_2,words_only,neutral,none,"{""emotion"": ""neutral"", ""intensity"": ""none""}"
EN_02_02_09_2_2,words_only,neutral,none,"{""emotion"": ""neutral"", ""intensity"": ""none""}"
EN_02_02_10_1_2,words_only,contempt,low,"{""emotion"": ""contempt"", ""intensity"": ""low""}"
EN_02_02_10_2_2,words_only,contempt,low,"{""emotion"": ""contempt"", ""intensity"": ""low""}"
EN_02_03_01_1_2,words_only,neutral,none,"{""emotion"": ""neutral"", ""intensity"": ""none""}"
EN_02_03_01_2_2,words_only,neutral,none,"{""emotion"": ""neutral"", ""intensity"": ""none""}"
EN_02_03_02_1_2,words_only,neutral,none,"{""emotion"": ""neutral"", ""intensity"": ""none""}"
EN_02_03_02_2_2,words_only,neutral,none,"{""emotion"": ""neutral"", ""intensity"": ""none""}"
EN_02_03_03_1_2,words_only,confidence,low,"{""emotion"": ""confidence"", ""intensity"": ""low""}"
EN_02_03_03_2_2,words_only,confidence,high,"{""emotion"": ""confidence"", ""intensity"": ""high""}"
EN_02_03_04_1_2,words_only,neutral,none,"{""emotion"": ""neutral"", ""intensity"": ""none""}"
EN_02_03_04_2_2,words_only,surprise,low,"{""emotion"": ""surprise"", ""intensity"": ""low""}"
EN_02_03_05_1_2,words_only,neutral,none,"{""emotion"": ""neutral"", ""intensity"": ""none""}"
EN_02_03_05_2_2,words_only,neutral,none,"{""emotion"": ""neutral"", ""intensity"": ""none""}"
EN_02_03_06_1_2,words_only,neutral,none,"{""emotion"": ""neutral"", ""intensity"": ""none""}"
EN_02_03_06_2_2,words_only,happiness,low,"{""emotion"": ""happiness"", ""intensity"": ""low""}"
EN_02_03_07_1_2,words_only,neutral,none,"{""emotion"": ""neutral"", ""intensity"": ""none""}"
EN_02_03_07_2_2,words_only,neutral,none,"{""emotion"": ""neutral"", ""intensity"": ""none""}"
EN_02_03_08_1_2,words_only,neutral,none,"{""emotion"": ""neutral"", ""intensity"": ""none""}"
EN_02_03_08_2_2,words_only,neutral,none,"{""emotion"": ""neutral"", ""intensity"": ""none""}"
EN_02_03_09_1_2,words_only,neutral,none,"{""emotion"": ""neutral"", ""intensity"": ""none""}"
EN_02_03_09_2_2,words_only,confidence,high,"{""emotion"": ""confidence"", ""intensity"": ""high""}"
EN_02_03_10_1_2,words_only,contempt,low,"{""emotion"": ""contempt"", ""intensity"": ""low""}"
EN_02_03_10_2_2,words_only,contempt,low,"{""emotion"": ""contempt"", ""intensity"": ""low""}"
EN_02_04_01_1_2,words_only,neutral,none,"{""emotion"": ""neutral"", ""intensity"": ""none""}"
EN_02_04_01_2_2,words_only,neutral,none,"{""emotion"": ""neutral"", ""intensity"": ""none""}"
EN_02_04_02_1_2,words_only,neutral,none,"{""emotion"": ""neutral"", ""intensity"": ""none""}"
EN_02_04_02_2_2,words_only,neutral,none,"{""emotion"": ""neutral"", ""intensity"": ""none""}"
EN_02_04_03_1_2,words_only,confidence,low,"{""emotion"": ""confidence"", ""intensity"": ""low""}"
EN_02_04_03_2_2,words_only,confidence,low,"{""emotion"": ""confidence"", ""intensity"": ""low""}"
EN_02_04_04_1_2,words_only,neutral,none,"{""emotion"": ""neutral"", ""intensity"": ""none""}"
EN_02_04_04_2_2,words_only,surprise,low,"{""emotion"": ""surprise"", ""intensity"": ""low""}"
EN_02_04_05_1_2,words_only,neutral,none,"{""emotion"": ""neutral"", ""intensity"": ""none""}"
EN_02_04_05_2_2,words_only,neutral,none,"{""emotion"": ""neutral"", ""intensity"": ""none""}"
EN_02_04_06_1_2,words_only,neutral,none,"{""emotion"": ""neutral"", ""intensity"": ""none""}"
EN_02_04_06_2_2,words_only,neutral,none,"{""emotion"": ""neutral"", ""intensity"": ""none""}"
EN_02_04_07_1_2,words_only,neutral,none,"{""emotion"": ""neutral"", ""intensity"": ""none""}"
EN_02_04_07_2_2,words_only,neutral,none,"{""emotion"": ""neutral"", ""intensity"": ""none""}"
EN_02_04_08_1_2,words_only,neutral,none,"{""emotion"": ""neutral"", ""intensity"": ""none""}"
EN_02_04_08_2_2,words_only,neutral,none,"{""emotion"": ""neutral"", ""intensity"": ""none""}"
EN_02_04_09_1_2,words_only,neutral,none,"{""emotion"": ""neutral"", ""intensity"": ""none""}"
EN_02_04_09_2_2,words_only,neutral,none,"{""emotion"": ""neutral"", ""intensity"": ""none""}"
EN_02_04_10_1_2,words_only,contempt,low,"{""emotion"": ""contempt"", ""intensity"": ""low""}"
EN_02_04_10_2_2,words_only,contempt,low,"{""emotion"": ""contempt"", ""intensity"": ""low""}"
EN_02_05_01_1_2,words_only,neutral,none,"{""emotion"": ""neutral"", ""intensity"": ""none""}"
EN_02_05_01_2_2,words_only,neutral,none,"{""emotion"": ""neutral"", ""intensity"": ""none""}"
EN_02_05_02_1_2,words_only,neutral,none,"{""emotion"": ""neutral"", ""intensity"": ""none""}"
EN_02_05_02_2_2,words_only,neutral,none,"{""emotion"": ""neutral"", ""intensity"": ""none""}"
EN_02_05_03_1_2,words_only,confidence,low,"{""emotion"": ""confidence"", ""intensity"": ""low""}"
EN_02_05_03_2_2,words_only,confidence,low,"{""emotion"": ""confidence"", ""intensity"": ""low""}"
EN_02_05_04_1_2,words_only,neutral,none,"{""emotion"": ""neutral"", ""intensity"": ""none""}"
EN_02_05_04_2_2,words_only,disgust,low,"{""emotion"": ""disgust"", ""intensity"": ""low""}"
EN_02_05_05_1_2,words_only,neutral,none,"{""emotion"": ""neutral"", ""intensity"": ""none""}"
EN_02_05_05_2_2,words_only,neutral,none,"{""emotion"": ""neutral"", ""intensity"": ""none""}"
EN_02_05_06_1_2,words_only,neutral,none,"{""emotion"": ""neutral"", ""intensity"": ""none""}"
EN_02_05_06_2_2,words_only,neutral,none,"{""emotion"": ""neutral"", ""intensity"": ""none""}"
EN_02_05_07_1_2,words_only,neutral,none,"{""emotion"": ""neutral"", ""intensity"": ""none""}"
EN_02_05_07_2_2,words_only,neutral,none,"{""emotion"": ""neutral"", ""intensity"": ""none""}"
EN_02_05_08_1_2,words_only,neutral,none,"{""emotion"": ""neutral"", ""intensity"": ""none""}"
EN_02_05_08_2_2,words_only,disgust,high,"{""emotion"": ""disgust"", ""intensity"": ""high""}"
EN_02_05_09_1_2,words_only,neutral,none,"{""emotion"": ""neutral"", ""intensity"": ""none""}"
EN_02_05_09_2_2,words_only,neutral,none,"{""emotion"": ""neutral"", ""intensity"": ""none""}"
EN_02_05_10_1_2,words_only,contempt,low,"{""emotion"": ""contempt"", ""intensity"": ""low""}"
EN_02_05_10_2_2,words_only,neutral,none,"{""emotion"": ""neutral"", ""intensity"": ""none""}"
EN_02_06_01_1_2,words_only,neutral,none,"{""emotion"": ""neutral"", ""intensity"": ""none""}"
EN_02_06_01_2_2,words_only,confusion,low,"{""emotion"": ""confusion"", ""intensity"": ""low""}"
EN_02_06_02_1_2,words_only,neutral,none,"{""emotion"": ""neutral"", ""intensity"": ""none""}"
EN_02_06_02_2_2,words_only,neutral,none,"{""emotion"": ""neutral"", ""intensity"": ""none""}"
EN_02_06_03_1_2,words_only,confidence,low,"{""emotion"": ""confidence"", ""intensity"": ""low""}"
EN_02_06_03_2_2,words_only,confidence,low,"{""emotion"": ""confidence"", ""intensity"": ""low""}"
EN_02_06_04_1_2,words_only,neutral,none,"{""emotion"": ""neutral"", ""intensity"": ""none""}"
EN_02_06_04_2_2,words_only,neutral,none,"{""emotion"": ""neutral"", ""intensity"": ""none""}"
EN_02_06_05_1_2,words_only,neutral,none,"{""emotion"": ""neutral"", ""intensity"": ""none""}"
EN_02_06_05_2_2,words_only,neutral,none,"{""emotion"": ""neutral"", ""intensity"": ""none""}"
EN_02_06_06_1_2,words_only,neutral,none,"{""emotion"": ""neutral"", ""intensity"": ""none""}"
EN_02_06_06_2_2,words_only,neutral,none,"{""emotion"": ""neutral"", ""intensity"": ""none""}"
EN_02_06_07_1_2,words_only,neutral,none,"{""emotion"": ""neutral"", ""intensity"": ""none""}"
EN_02_06_07_2_2,words_only,neutral,none,"{""emotion"": ""neutral"", ""intensity"": ""none""}"
EN_02_06_08_1_2,words_only,neutral,none,"{""emotion"": ""neutral"", ""intensity"": ""none""}"
EN_02_06_08_2_2,words_only,neutral,none,"{""emotion"": ""neutral"", ""intensity"": ""none""}"
EN_02_06_09_1_2,words_only,confusion,low,"{""emotion"": ""confusion"", ""intensity"": ""low""}"
EN_02_06_09_2_2,words_only,neutral,none,"{""emotion"": ""neutral"", ""intensity"": ""none""}"
EN_02_06_10_1_2,words_only,contempt,low,"{""emotion"": ""contempt"", ""intensity"": ""low""}"
EN_02_06_10_2_2,words_only,contempt,low,"{""emotion"": ""contempt"", ""intensity"": ""low""}"
EN_02_07_01_1_2,words_only,neutral,none,"{""emotion"": ""neutral"", ""intensity"": ""none""}"
EN_02_07_01_2_2,words_only,neutral,none,"{""emotion"": ""neutral"", ""intensity"": ""none""}"
EN_02_07_02_1_2,words_only,neutral,none,"{""emotion"": ""neutral"", ""intensity"": ""none""}"
EN_02_07_02_2_2,words_only,neutral,none,"{""emotion"": ""neutral"", ""intensity"": ""none""}"
EN_02_07_03_1_2,words_only,confidence,low,"{""emotion"": ""confidence"", ""intensity"": ""low""}"
EN_02_07_03_2_2,words_only,confidence,low,"{""emotion"": ""confidence"", ""intensity"": ""low""}"
EN_02_07_04_1_2,words_only,surprise,low,"{""emotion"": ""surprise"", ""intensity"": ""low""}"
EN_02_07_04_2_2,words_only,neutral,none,"{""emotion"": ""neutral"", ""intensity"": ""none""}"
EN_02_07_05_1_2,words_only,neutral,none,"{""emotion"": ""neutral"", ""intensity"": ""none""}"
EN_02_07_05_2_2,words_only,neutral,none,"{""emotion"": ""neutral"", ""intensity"": ""none""}"
EN_02_07_06_1_2,words_only,neutral,none,"{""emotion"": ""neutral"", ""intensity"": ""none""}"
EN_02_07_06_2_2,words_only,neutral,none,"{""emotion"": ""neutral"", ""intensity"": ""none""}"
EN_02_07_07_1_2,words_only,neutral,none,"{""emotion"": ""neutral"", ""intensity"": ""none""}"
EN_02_07_07_2_2,words_only,neutral,none,"{""emotion"": ""neutral"", ""intensity"": ""none""}"
EN_02_07_08_1_2,words_only,neutral,none,"{""emotion"": ""neutral"", ""intensity"": ""none""}"
EN_02_07_08_2_2,words_only,neutral,none,"{""emotion"": ""neutral"", ""intensity"": ""none""}"
EN_02_07_09_1_2,words_only,confidence,low,"{""emotion"": ""confidence"", ""intensity"": ""low""}"
EN_02_07_09_2_2,words_only,neutral,none,"{""emotion"": ""neutral"", ""intensity"": ""none""}"
EN_02_07_10_1_2,words_only,contempt,low,"{""emotion"": ""contempt"", ""intensity"": ""low""}"
EN_02_07_10_2_2,words_only,contempt,low,"{""emotion"": ""contempt"", ""intensity"": ""low""}"
EN_02_08_01_1_2,words_only,neutral,none,"{""emotion"": ""neutral"", ""intensity"": ""none""}"
EN_02_08_01_2_2,words_only,neutral,none,"{""emotion"": ""neutral"", ""intensity"": ""none""}"
EN_02_08_02_1_2,words_only,neutral,none,"{""emotion"": ""neutral"", ""intensity"": ""none""}"
EN_02_08_02_2_2,words_only,neutral,none,"{""emotion"": ""neutral"", ""intensity"": ""none""}"
EN_02_08_03_1_2,words_only,confidence,low,"{""emotion"": ""confidence"", ""intensity"": ""low""}"
EN_02_08_03_2_2,words_only,confidence,low,"{""emotion"": ""confidence"", ""intensity"": ""low""}"
EN_02_08_04_1_2,words_only,neutral,none,"{""emotion"": ""neutral"", ""intensity"": ""none""}"
EN_02_08_04_2_2,words_only,confusion,low,"{""emotion"": ""confusion"", ""intensity"": ""low""}"
EN_02_08_05_1_2,words_only,neutral,none,"{""emotion"": ""neutral"", ""intensity"": ""none""}"
EN_02_08_05_2_2,words_only,neutral,none,"{""emotion"": ""neutral"", ""intensity"": ""none""}"
EN_02_08_06_1_2,words_only,neutral,none,"{""emotion"": ""neutral"", ""intensity"": ""none""}"
EN_02_08_06_2_2,words_only,neutral,none,"{""emotion"": ""neutral"", ""intensity"": ""none""}"
EN_02_08_07_1_2,words_only,neutral,none,"{""emotion"": ""neutral"", ""intensity"": ""none""}"
EN_02_08_07_2_2,words_only,neutral,none,"{""emotion"": ""neutral"", ""intensity"": ""none""}"
EN_02_08_08_1_2,words_only,neutral,none,"{""emotion"": ""neutral"", ""intensity"": ""none""}"
EN_02_08_08_2_2,words_only,neutral,none,"{""emotion"": ""neutral"", ""intensity"": ""none""}"
EN_02_08_09_1_2,words_only,neutral,none,"{""emotion"": ""neutral"", ""intensity"": ""none""}"
EN_02_08_09_2_2,words_only,neutral,none,"{""emotion"": ""neutral"", ""intensity"": ""none""}"
EN_02_08_10_1_2,words_only,contempt,low,"{""emotion"": ""contempt"", ""intensity"": ""low""}"
EN_02_08_10_2_2,words_only,contempt,low,"{""emotion"": ""contempt"", ""intensity"": ""low""}"
EN_02_09_01_1_2,words_only,neutral,none,"{""emotion"": ""neutral"", ""intensity"": ""none""}"
EN_02_09_01_2_2,words_only,neutral,none,"{""emotion"": ""neutral"", ""intensity"": ""none""}"
EN_02_09_02_1_2,words_only,neutral,none,"{""emotion"": ""neutral"", ""intensity"": ""none""}"
EN_02_09_02_2_2,words_only,neutral,none,"{""emotion"": ""neutral"", ""intensity"": ""none""}"
EN_02_09_03_1_2,words_only,confidence,low,"{""emotion"": ""confidence"", ""intensity"": ""low""}"
EN_02_09_03_2_2,words_only,confidence,low,"{""emotion"": ""confidence"", ""intensity"": ""low""}"
EN_02_09_04_1_2,words_only,neutral,none,"{""emotion"": ""neutral"", ""intensity"": ""none""}"
EN_02_09_04_2_2,words_only,confusion,low,"{""emotion"": ""confusion"", ""intensity"": ""low""}"
EN_02_09_05_1_2,words_only,neutral,none,"{""emotion"": ""neutral"", ""intensity"": ""none""}"
EN_02_09_05_2_2,words_only,neutral,none,"{""emotion"": ""neutral"", ""intensity"": ""none""}"
EN_02_09_06_1_2,words_only,neutral,none,"{""emotion"": ""neutral"", ""intensity"": ""none""}"
EN_02_09_06_2_2,words_only,neutral,none,"{""emotion"": ""neutral"", ""intensity"": ""none""}"
EN_02_09_07_1_2,words_only,neutral,none,"{""emotion"": ""neutral"", ""intensity"": ""none""}"
EN_02_09_07_2_2,words_only,neutral,none,"{""emotion"": ""neutral"", ""intensity"": ""none""}"
EN_02_09_08_1_2,words_only,neutral,none,"{""emotion"": ""neutral"", ""intensity"": ""none""}"
EN_02_09_08_2_2,words_only,neutral,none,"{""emotion"": ""neutral"", ""intensity"": ""none""}"
EN_02_09_09_1_2,words_only,neutral,none,"{""emotion"": ""neutral"", ""intensity"": ""none""}"
EN_02_09_09_2_2,words_only,neutral,none,"{""emotion"": ""neutral"", ""intensity"": ""none""}"
EN_02_09_10_1_2,words_only,contempt,low,"{""emotion"": ""contempt"", ""intensity"": ""low""}"
EN_02_09_10_2_2,words_only,contempt,low,"{""emotion"": ""contempt"", ""intensity"": ""low""}"
EN_02_10_01_1_2,words_only,neutral,none,"{""emotion"": ""neutral"", ""intensity"": ""none""}"
EN_02_10_01_2_2,words_only,confidence,low,"{""emotion"": ""confidence"", ""intensity"": ""low""}"
EN_02_10_02_1_2,words_only,neutral,none,"{""emotion"": ""neutral"", ""intensity"": ""none""}"
EN_02_10_02_2_2,words_only,neutral,none,"{""emotion"": ""neutral"", ""intensity"": ""none""}"
EN_02_10_03_1_2,words_only,confidence,low,"{""emotion"": ""confidence"", ""intensity"": ""low""}"
EN_02_10_03_2_2,words_only,confidence,low,"{""emotion"": ""confidence"", ""intensity"": ""low""}"
EN_02_10_04_1_2,words_only,neutral,none,"{""emotion"": ""neutral"", ""intensity"": ""none""}"
EN_02_10_04_2_2,words_only,neutral,none,"{""emotion"": ""neutral"", ""intensity"": ""none""}"
EN_02_10_05_1_2,words_only,neutral,none,"{""emotion"": ""neutral"", ""intensity"": ""none""}"
EN_02_10_05_2_2,words_only,neutral,none,"{""emotion"": ""neutral"", ""intensity"": ""none""}"
EN_02_10_06_1_2,words_only,neutral,none,"{""emotion"": ""neutral"", ""intensity"": ""none""}"
EN_02_10_06_2_2,words_only,neutral,none,"{""emotion"": ""neutral"", ""intensity"": ""none""}"
EN_02_10_07_1_2,words_only,neutral,none,"{""emotion"": ""neutral"", ""intensity"": ""none""}"
EN_02_10_07_2_2,words_only,neutral,none,"{""emotion"": ""neutral"", ""intensity"": ""none""}"
EN_02_10_08_1_2,words_only,neutral,none,"{""emotion"": ""neutral"", ""intensity"": ""none""}"
EN_02_10_08_2_2,words_only,neutral,none,"{""emotion"": ""neutral"", ""intensity"": ""none""}"
EN_02_10_09_1_2,words_only,neutral,none,"{""emotion"": ""neutral"", ""intensity"": ""none""}"
EN_02_10_09_2_2,words_only,neutral,none,"{""emotion"": ""neutral"", ""intensity"": ""none""}"
EN_02_10_10_1_2,words_only,contempt,low,"{""emotion"": ""contempt"", ""intensity"": ""low""}"
EN_02_10_10_2_2,words_only,contempt,low,"{""emotion"": ""contempt"", ""intensity"": ""low""}"
EN_03_00_01,words_only,neutral,none,"{""emotion"": ""neutral"", ""intensity"": ""none""}"
EN_03_00_02,words_only,neutral,none,"{""emotion"": ""neutral"", ""intensity"": ""none""}"
EN_03_00_03,words_only,confidence,low,"{""emotion"": ""confidence"", ""intensity"": ""low""}"
EN_03_00_04,words_only,neutral,none,"{""emotion"": ""neutral"", ""intensity"": ""none""}"
EN_03_00_05,words_only,neutral,none,"{""emotion"": ""neutral"", ""intensity"": ""none""}"
EN_03_00_06,words_only,neutral,none,"{""emotion"": ""neutral"", ""intensity"": ""none""}"
EN_03_00_07,words_only,neutral,none,"{""emotion"": ""neutral"", ""intensity"": ""none""}"
EN_03_00_08,words_only,disgust,high,"{""emotion"": ""disgust"", ""intensity"": ""high""}"
EN_03_00_09,words_only,neutral,none,"{""emotion"": ""neutral"", ""intensity"": ""none""}"
EN_03_00_10,words_only,contempt,low,"{""emotion"": ""contempt"", ""intensity"": ""low""}"
EN_03_01_01_1_2,words_only,neutral,none,"{""emotion"": ""neutral"", ""intensity"": ""none""}"
EN_03_01_01_2_2,words_only,neutral,none,"{""emotion"": ""neutral"", ""intensity"": ""none""}"
EN_03_01_02_1_2,words_only,neutral,none,"{""emotion"": ""neutral"", ""intensity"": ""none""}"
EN_03_01_02_2_2,words_only,neutral,none,"{""emotion"": ""neutral"", ""intensity"": ""none""}"
EN_03_01_03_1_2,words_only,confidence,low,"{""emotion"": ""confidence"", ""intensity"": ""low""}"
EN_03_01_03_2_2,words_only,confidence,low,"{""emotion"": ""confidence"", ""intensity"": ""low""}"
EN_03_01_04_1_2,words_only,neutral,none,"{""emotion"": ""neutral"", ""intensity"": ""none""}"
EN_03_01_04_2_2,words_only,neutral,none,"{""emotion"": ""neutral"", ""intensity"": ""none""}"
EN_03_01_05_1_2,words_only,neutral,none,"{""emotion"": ""neutral"", ""intensity"": ""none""}"
EN_03_01_05_2_2,words_only,neutral,none,"{""emotion"": ""neutral"", ""intensity"": ""none""}"
EN_03_01_06_1_2,words_only,neutral,none,"{""emotion"": ""neutral"", ""intensity"": ""none""}"
EN_03_01_06_2_2,words_only,neutral,none,"{""emotion"": ""neutral"", ""intensity"": ""none""}"
EN_03_01_07_1_2,words_only,neutral,none,"{""emotion"": ""neutral"", ""intensity"": ""none""}"
EN_03_01_07_2_2,words_only,neutral,none,"{""emotion"": ""neutral"", ""intensity"": ""none""}"
EN_03_01_08_1_2,words_only,neutral,none,"{""emotion"": ""neutral"", ""intensity"": ""none""}"
EN_03_01_08_2_2,words_only,neutral,none,"{""emotion"": ""neutral"", ""intensity"": ""none""}"
EN_03_01_09_1_2,words_only,neutral,none,"{""emotion"": ""neutral"", ""intensity"": ""none""}"
EN_03_01_09_2_2,words_only,neutral,none,"{""emotion"": ""neutral"", ""intensity"": ""none""}"
EN_03_01_10_1_2,words_only,contempt,low,"{""emotion"": ""contempt"", ""intensity"": ""low""}"
EN_03_01_10_2_2,words_only,contempt,low,"{""emotion"": ""contempt"", ""intensity"": ""low""}"
EN_03_02_01_1_2,words_only,neutral,none,"{""emotion"": ""neutral"", ""intensity"": ""none""}"
EN_03_02_01_2_2,words_only,neutral,none,"{""emotion"": ""neutral"", ""intensity"": ""none""}"
EN_03_02_02_1_2,words_only,neutral,none,"{""emotion"": ""neutral"", ""intensity"": ""none""}"
EN_03_02_02_2_2,words_only,neutral,none,"{""emotion"": ""neutral"", ""intensity"": ""none""}"
EN_03_02_03_1_2,words_only,confidence,low,"{""emotion"": ""confidence"", ""intensity"": ""low""}"
EN_03_02_03_2_2,words_only,confidence,low,"{""emotion"": ""confidence"", ""intensity"": ""low""}"
EN_03_02_04_1_2,words_only,neutral,none,"{""emotion"": ""neutral"", ""intensity"": ""none""}"
EN_03_02_04_2_2,words_only,neutral,none,"{""emotion"": ""neutral"", ""intensity"": ""none""}"
EN_03_02_05_1_2,words_only,neutral,none,"{""emotion"": ""neutral"", ""intensity"": ""none""}"
EN_03_02_05_2_2,words_only,neutral,none,"{""emotion"": ""neutral"", ""intensity"": ""none""}"
EN_03_02_06_1_2,words_only,neutral,none,"{""emotion"": ""neutral"", ""intensity"": ""none""}"
EN_03_02_06_2_2,words_only,happiness,low,"{""emotion"": ""happiness"", ""intensity"": ""low""}"
EN_03_02_07_1_2,words_only,neutral,none,"{""emotion"": ""neutral"", ""intensity"": ""none""}"
EN_03_02_07_2_2,words_only,neutral,none,"{""emotion"": ""neutral"", ""intensity"": ""none""}"
EN_03_02_08_1_2,words_only,confusion,high,"{""emotion"": ""confusion"", ""intensity"": ""high""}"
EN_03_02_08_2_2,words_only,neutral,none,"{""emotion"": ""neutral"", ""intensity"": ""none""}"
EN_03_02_09_1_2,words_only,neutral,none,"{""emotion"": ""neutral"", ""intensity"": ""none""}"
EN_03_02_09_2_2,words_only,neutral,none,"{""emotion"": ""neutral"", ""intensity"": ""none""}"
EN_03_02_10_1_2,words_only,contempt,low,"{""emotion"": ""contempt"", ""intensity"": ""low""}"
EN_03_02_10_2_2,words_only,contempt,low,"{""emotion"": ""contempt"", ""intensity"": ""low""}"
EN_03_03_01_1_2,words_only,neutral,none,"{""emotion"": ""neutral"", ""intensity"": ""none""}"
EN_03_03_01_2_2,words_only,neutral,none,"{""emotion"": ""neutral"", ""intensity"": ""none""}"
EN_03_03_02_1_2,words_only,neutral,none,"{""emotion"": ""neutral"", ""intensity"": ""none""}"
EN_03_03_02_2_2,words_only,neutral,none,"{""emotion"": ""neutral"", ""intensity"": ""none""}"
EN_03_03_03_1_2,words_only,confidence,low,"{""emotion"": ""confidence"", ""intensity"": ""low""}"
EN_03_03_03_2_2,words_only,confidence,low,"{""emotion"": ""confidence"", ""intensity"": ""low""}"
EN_03_03_04_1_2,words_only,neutral,none,"{""emotion"": ""neutral"", ""intensity"": ""none""}"
EN_03_03_04_2_2,words_only,neutral,none,"{""emotion"": ""neutral"", ""intensity"": ""none""}"
EN_03_03_05_1_2,words_only,neutral,none,"{""emotion"": ""neutral"", ""intensity"": ""none""}"
EN_03_03_05_2_2,words_only,neutral,none,"{""emotion"": ""neutral"", ""intensity"": ""none""}"
EN_03_03_06_1_2,words_only,neutral,none,"{""emotion"": ""neutral"", ""intensity"": ""none""}"
EN_03_03_06_2_2,words_only,neutral,none,"{""emotion"": ""neutral"", ""intensity"": ""none""}"
EN_03_03_07_1_2,words_only,neutral,none,"{""emotion"": ""neutral"", ""intensity"": ""none""}"
EN_03_03_07_2_2,words_only,neutral,none,"{""emotion"": ""neutral"", ""intensity"": ""none""}"
EN_03_03_08_1_2,words_only,neutral,none,"{""emotion"": ""neutral"", ""intensity"": ""none""}"
EN_03_03_08_2_2,words_only,neutral,none,"{""emotion"": ""neutral"", ""intensity"": ""none""}"
EN_03_03_09_1_2,words_only,neutral,none,"{""emotion"": ""neutral"", ""intensity"": ""none""}"
EN_03_03_09_2_2,words_only,neutral,none,"{""emotion"": ""neutral"", ""intensity"": ""none""}"
EN_03_03_10_1_2,words_only,contempt,low,"{""emotion"": ""contempt"", ""intensity"": ""low""}"
EN_03_03_10_2_2,words_only,contempt,low,"{""emotion"": ""contempt"", ""intensity"": ""low""}"
EN_03_04_01_1_2,words_only,neutral,none,"{""emotion"": ""neutral"", ""intensity"": ""none""}"
EN_03_04_01_2_2,words_only,neutral,none,"{""emotion"": ""neutral"", ""intensity"": ""none""}"
EN_03_04_02_1_2,words_only,neutral,none,"{""emotion"": ""neutral"", ""intensity"": ""none""}"
EN_03_04_02_2_2,words_only,neutral,none,"{""emotion"": ""neutral"", ""intensity"": ""none""}"
EN_03_04_03_1_2,words_only,confidence,low,"{""emotion"": ""confidence"", ""intensity"": ""low""}"
EN_03_04_03_2_2,words_only,confidence,low,"{""emotion"": ""confidence"", ""intensity"": ""low""}"
EN_03_04_04_1_2,words_only,neutral,none,"{""emotion"": ""neutral"", ""intensity"": ""none""}"
EN_03_04_04_2_2,words_only,neutral,none,"{""emotion"": ""neutral"", ""intensity"": ""none""}"
EN_03_04_05_1_2,words_only,neutral,none,"{""emotion"": ""neutral"", ""intensity"": ""none""}"
EN_03_04_05_2_2,words_only,neutral,none,"{""emotion"": ""neutral"", ""intensity"": ""none""}"
EN_03_04_06_1_2,words_only,neutral,none,"{""emotion"": ""neutral"", ""intensity"": ""none""}"
EN_03_04_06_2_2,words_only,neutral,none,"{""emotion"": ""neutral"", ""intensity"": ""none""}"
EN_03_04_07_1_2,words_only,neutral,none,"{""emotion"": ""neutral"", ""intensity"": ""none""}"
EN_03_04_07_2_2,words_only,neutral,none,"{""emotion"": ""neutral"", ""intensity"": ""none""}"
EN_03_04_08_1_2,words_only,neutral,none,"{""emotion"": ""neutral"", ""intensity"": ""none""}"
EN_03_04_08_2_2,words_only,neutral,none,"{""emotion"": ""neutral"", ""intensity"": ""none""}"
EN_03_04_09_1_2,words_only,neutral,none,"{""emotion"": ""neutral"", ""intensity"": ""none""}"
EN_03_04_09_2_2,words_only,neutral,none,"{""emotion"": ""neutral"", ""intensity"": ""none""}"
EN_03_04_10_1_2,words_only,contempt,low,"{""emotion"": ""contempt"", ""intensity"": ""low""}"
EN_03_04_10_2_2,words_only,contempt,low,"{""emotion"": ""contempt"", ""intensity"": ""low""}"
EN_03_05_01_1_2,words_only,neutral,none,"{""emotion"": ""neutral"", ""intensity"": ""none""}"
EN_03_05_01_2_2,words_only,confusion,low,"{""emotion"": ""confusion"", ""intensity"": ""low""}"
EN_03_05_02_1_2,words_only,neutral,none,"{""emotion"": ""neutral"", ""intensity"": ""none""}"
EN_03_05_02_2_2,words_only,neutral,none,"{""emotion"": ""neutral"", ""intensity"": ""none""}"
EN_03_05_03_1_2,words_only,confidence,low,"{""emotion"": ""confidence"", ""intensity"": ""low""}"
EN_03_05_03_2_2,words_only,confidence,low,"{""emotion"": ""confidence"", ""intensity"": ""low""}"
EN_03_05_04_1_2,words_only,neutral,none,"{""emotion"": ""neutral"", ""intensity"": ""none""}"
EN_03_05_04_2_2,words_only,surprise,low,"{""emotion"": ""surprise"", ""intensity"": ""low""}"
EN_03_05_05_1_2,words_only,neutral,none,"{""emotion"": ""neutral"", ""intensity"": ""none""}"
EN_03_05_05_2_2,words_only,neutral,none,"{""emotion"": ""neutral"", ""intensity"": ""none""}"
EN_03_05_06_1_2,words_only,neutral,none,"{""emotion"": ""neutral"", ""intensity"": ""none""}"
EN_03_05_06_2_2,words_only,neutral,none,"{""emotion"": ""neutral"", ""intensity"": ""none""}"
EN_03_05_07_1_2,words_only,neutral,none,"{""emotion"": ""neutral"", ""intensity"": ""none""}"
EN_03_05_07_2_2,words_only,neutral,none,"{""emotion"": ""neutral"", ""intensity"": ""none""}"
EN_03_05_08_1_2,words_only,neutral,none,"{""emotion"": ""neutral"", ""intensity"": ""none""}"
EN_03_05_08_2_2,words_only,neutral,none,"{""emotion"": ""neutral"", ""intensity"": ""none""}"
EN_03_05_09_1_2,words_only,neutral,none,"{""emotion"": ""neutral"", ""intensity"": ""none""}"
EN_03_05_09_2_2,words_only,neutral,none,"{""emotion"": ""neutral"", ""intensity"": ""none""}"
EN_03_05_10_1_2,words_only,contempt,low,"{""emotion"": ""contempt"", ""intensity"": ""low""}"
EN_03_05_10_2_2,words_only,contempt,low,"{""emotion"": ""contempt"", ""intensity"": ""low""}"
EN_03_06_01_1_2,words_only,neutral,none,"{""emotion"": ""neutral"", ""intensity"": ""none""}"
EN_03_06_01_2_2,words_only,neutral,none,"{""emotion"": ""neutral"", ""intensity"": ""none""}"
EN_03_06_02_1_2,words_only,neutral,none,"{""emotion"": ""neutral"", ""intensity"": ""none""}"
EN_03_06_02_2_2,words_only,neutral,none,"{""emotion"": ""neutral"", ""intensity"": ""none""}"
EN_03_06_03_1_2,words_only,confidence,low,"{""emotion"": ""confidence"", ""intensity"": ""low""}"
EN_03_06_03_2_2,words_only,confidence,low,"{""emotion"": ""confidence"", ""intensity"": ""low""}"
EN_03_06_04_1_2,words_only,neutral,none,"{""emotion"": ""neutral"", ""intensity"": ""none""}"
EN_03_06_04_2_2,words_only,neutral,none,"{""emotion"": ""neutral"", ""intensity"": ""none""}"
EN_03_06_05_1_2,words_only,neutral,none,"{""emotion"": ""neutral"", ""intensity"": ""none""}"
EN_03_06_05_2_2,words_only,neutral,none,"{""emotion"": ""neutral"", ""intensity"": ""none""}"
EN_03_06_06_1_2,words_only,neutral,none,"{""emotion"": ""neutral"", ""intensity"": ""none""}"
EN_03_06_06_2_2,words_only,neutral,none,"{""emotion"": ""neutral"", ""intensity"": ""none""}"
EN_03_06_07_1_2,words_only,neutral,none,"{""emotion"": ""neutral"", ""intensity"": ""none""}"
EN_03_06_07_2_2,words_only,neutral,none,"{""emotion"": ""neutral"", ""intensity"": ""none""}"
EN_03_06_08_1_2,words_only,neutral,none,"{""emotion"": ""neutral"", ""intensity"": ""none""}"
EN_03_06_08_2_2,words_only,neutral,none,"{""emotion"": ""neutral"", ""intensity"": ""none""}"
EN_03_06_09_1_2,words_only,neutral,none,"{""emotion"": ""neutral"", ""intensity"": ""none""}"
EN_03_06_09_2_2,words_only,neutral,none,"{""emotion"": ""neutral"", ""intensity"": ""none""}"
EN_03_06_10_1_2,words_only,contempt,low,"{""emotion"": ""contempt"", ""intensity"": ""low""}"
EN_03_06_10_2_2,words_only,contempt,low,"{""emotion"": ""contempt"", ""intensity"": ""low""}"
EN_03_07_01_1_2,words_only,neutral,none,"{""emotion"": ""neutral"", ""intensity"": ""none""}"
EN_03_07_01_2_2,words_only,neutral,none,"{""emotion"": ""neutral"", ""intensity"": ""none""}"
EN_03_07_02_1_2,words_only,neutral,none,"{""emotion"": ""neutral"", ""intensity"": ""none""}"
EN_03_07_02_2_2,words_only,confidence,low,"{""emotion"": ""confidence"", ""intensity"": ""low""}"
EN_03_07_03_1_2,words_only,confidence,low,"{""emotion"": ""confidence"", ""intensity"": ""low""}"
EN_03_07_03_2_2,words_only,confidence,low,"{""emotion"": ""confidence"", ""intensity"": ""low""}"
EN_03_07_04_1_2,words_only,neutral,none,"{""emotion"": ""neutral"", ""intensity"": ""none""}"
EN_03_07_04_2_2,words_only,neutral,none,"{""emotion"": ""neutral"", ""intensity"": ""none""}"
EN_03_07_05_1_2,words_only,neutral,none,"{""emotion"": ""neutral"", ""intensity"": ""none""}"
EN_03_07_05_2_2,words_only,neutral,none,"{""emotion"": ""neutral"", ""intensity"": ""none""}"
EN_03_07_06_1_2,words_only,neutral,none,"{""emotion"": ""neutral"", ""intensity"": ""none""}"
EN_03_07_06_2_2,words_only,neutral,none,"{""emotion"": ""neutral"", ""intensity"": ""none""}"
EN_03_07_07_1_2,words_only,neutral,none,"{""emotion"": ""neutral"", ""intensity"": ""none""}"
EN_03_07_07_2_2,words_only,neutral,none,"{""emotion"": ""neutral"", ""intensity"": ""none""}"
EN_03_07_08_1_2,words_only,neutral,none,"{""emotion"": ""neutral"", ""intensity"": ""none""}"
EN_03_07_08_2_2,words_only,neutral,none,"{""emotion"": ""neutral"", ""intensity"": ""none""}"
EN_03_07_09_1_2,words_only,neutral,none,"{""emotion"": ""neutral"", ""intensity"": ""none""}"
EN_03_07_09_2_2,words_only,neutral,none,"{""emotion"": ""neutral"", ""intensity"": ""none""}"
EN_03_07_10_1_2,words_only,contempt,low,"{""emotion"": ""contempt"", ""intensity"": ""low""}"
EN_03_07_10_2_2,words_only,contempt,low,"{""emotion"": ""contempt"", ""intensity"": ""low""}"
EN_03_08_01_1_2,words_only,neutral,none,"{""emotion"": ""neutral"", ""intensity"": ""none""}"
EN_03_08_01_2_2,words_only,neutral,none,"{""emotion"": ""neutral"", ""intensity"": ""none""}"
EN_03_08_02_1_2,words_only,neutral,none,"{""emotion"": ""neutral"", ""intensity"": ""none""}"
EN_03_08_02_2_2,words_only,neutral,none,"{""emotion"": ""neutral"", ""intensity"": ""none""}"
EN_03_08_03_1_2,words_only,confidence,low,"{""emotion"": ""confidence"", ""intensity"": ""low""}"
EN_03_08_03_2_2,words_only,confidence,low,"{""emotion"": ""confidence"", ""intensity"": ""low""}"
EN_03_08_04_1_2,words_only,neutral,none,"{""emotion"": ""neutral"", ""intensity"": ""none""}"
EN_03_08_04_2_2,words_only,neutral,none,"{""emotion"": ""neutral"", ""intensity"": ""none""}"
EN_03_08_05_1_2,words_only,neutral,none,"{""emotion"": ""neutral"", ""intensity"": ""none""}"
EN_03_08_05_2_2,words_only,neutral,none,"{""emotion"": ""neutral"", ""intensity"": ""none""}"
EN_03_08_06_1_2,words_only,neutral,none,"{""emotion"": ""neutral"", ""intensity"": ""none""}"
EN_03_08_06_2_2,words_only,neutral,none,"{""emotion"": ""neutral"", ""intensity"": ""none""}"
EN_03_08_07_1_2,words_only,neutral,none,"{""emotion"": ""neutral"", ""intensity"": ""none""}"
EN_03_08_07_2_2,words_only,neutral,none,"{""emotion"": ""neutral"", ""intensity"": ""none""}"
EN_03_08_08_1_2,words_only,neutral,none,"{""emotion"": ""neutral"", ""intensity"": ""none""}"
EN_03_08_08_2_2,words_only,neutral,none,"{""emotion"": ""neutral"", ""intensity"": ""none""}"
EN_03_08_09_1_2,words_only,neutral,none,"{""emotion"": ""neutral"", ""intensity"": ""none""}"
EN_03_08_09_2_2,words_only,neutral,none,"{""emotion"": ""neutral"", ""intensity"": ""none""}"
EN_03_08_10_1_2,words_only,contempt,low,"{""emotion"": ""contempt"", ""intensity"": ""low""}"
EN_03_08_10_2_2,words_only,contempt,low,"{""emotion"": ""contempt"", ""intensity"": ""low""}"
EN_03_09_01_1_2,words_only,neutral,none,"{""emotion"": ""neutral"", ""intensity"": ""none""}"
EN_03_09_01_2_2,words_only,neutral,none,"{""emotion"": ""neutral"", ""intensity"": ""none""}"
EN_03_09_02_1_2,words_only,neutral,none,"{""emotion"": ""neutral"", ""intensity"": ""none""}"
EN_03_09_02_2_2,words_only,neutral,none,"{""emotion"": ""neutral"", ""intensity"": ""none""}"
EN_03_09_03_1_2,words_only,confidence,low,"{""emotion"": ""confidence"", ""intensity"": ""low""}"
EN_03_09_03_2_2,words_only,confidence,low,"{""emotion"": ""confidence"", ""intensity"": ""low""}"
EN_03_09_04_1_2,words_only,neutral,none,"{""emotion"": ""neutral"", ""intensity"": ""none""}"
EN_03_09_04_2_2,words_only,neutral,none,"{""emotion"": ""neutral"", ""intensity"": ""none""}"
EN_03_09_05_1_2,words_only,neutral,none,"{""emotion"": ""neutral"", ""intensity"": ""none""}"
EN_03_09_05_2_2,words_only,neutral,none,"{""emotion"": ""neutral"", ""intensity"": ""none""}"
EN_03_09_06_1_2,words_only,neutral,none,"{""emotion"": ""neutral"", ""intensity"": ""none""}"
EN_03_09_06_2_2,words_only,neutral,none,"{""emotion"": ""neutral"", ""intensity"": ""none""}"
EN_03_09_07_1_2,words_only,neutral,none,"{""emotion"": ""neutral"", ""intensity"": ""none""}"
EN_03_09_07_2_2,words_only,neutral,none,"{""emotion"": ""neutral"", ""intensity"": ""none""}"
EN_03_09_08_1_2,words_only,neutral,none,"{""emotion"": ""neutral"", ""intensity"": ""none""}"
EN_03_09_08_2_2,words_only,neutral,none,"{""emotion"": ""neutral"", ""intensity"": ""none""}"
EN_03_09_09_1_2,words_only,neutral,none,"{""emotion"": ""neutral"", ""intensity"": ""none""}"
EN_03_09_09_2_2,words_only,neutral,none,"{""emotion"": ""neutral"", ""intensity"": ""none""}"
EN_03_09_10_1_2,words_only,contempt,low,"{""emotion"": ""contempt"", ""intensity"": ""low""}"
EN_03_09_10_2_2,words_only,contempt,low,"{""emotion"": ""contempt"", ""intensity"": ""low""}"
EN_03_10_01_1_2,words_only,neutral,none,"{""emotion"": ""neutral"", ""intensity"": ""none""}"
EN_03_10_01_2_2,words_only,neutral,none,"{""emotion"": ""neutral"", ""intensity"": ""none""}"
EN_03_10_02_1_2,words_only,neutral,none,"{""emotion"": ""neutral"", ""intensity"": ""none""}"
EN_03_10_02_2_2,words_only,neutral,none,"{""emotion"": ""neutral"", ""intensity"": ""none""}"
EN_03_10_03_1_2,words_only,confidence,low,"{""emotion"": ""confidence"", ""intensity"": ""low""}"
EN_03_10_03_2_2,words_only,confidence,low,"{""emotion"": ""confidence"", ""intensity"": ""low""}"
EN_03_10_04_1_2,words_only,neutral,none,"{""emotion"": ""neutral"", ""intensity"": ""none""}"
EN_03_10_04_2_2,words_only,sadness,low,"{""emotion"": ""sadness"", ""intensity"": ""low""}"
EN_03_10_05_1_2,words_only,neutral,none,"{""emotion"": ""neutral"", ""intensity"": ""none""}"
EN_03_10_05_2_2,words_only,neutral,none,"{""emotion"": ""neutral"", ""intensity"": ""none""}"
EN_03_10_06_1_2,words_only,neutral,none,"{""emotion"": ""neutral"", ""intensity"": ""none""}"
EN_03_10_06_2_2,words_only,neutral,none,"{""emotion"": ""neutral"", ""intensity"": ""none""}"
EN_03_10_07_1_2,words_only,neutral,none,"{""emotion"": ""neutral"", ""intensity"": ""none""}"
EN_03_10_07_2_2,words_only,neutral,none,"{""emotion"": ""neutral"", ""intensity"": ""none""}"
EN_03_10_08_1_2,words_only,neutral,none,"{""emotion"": ""neutral"", ""intensity"": ""none""}"
EN_03_10_08_2_2,words_only,neutral,none,"{""emotion"": ""neutral"", ""intensity"": ""none""}"
EN_03_10_09_1_2,words_only,neutral,none,"{""emotion"": ""neutral"", ""intensity"": ""none""}"
EN_03_10_09_2_2,words_only,neutral,none,"{""emotion"": ""neutral"", ""intensity"": ""none""}"
EN_03_10_10_1_2,words_only,contempt,low,"{""emotion"": ""contempt"", ""intensity"": ""low""}"
EN_03_10_10_2_2,words_only,contempt,low,"{""emotion"": ""contempt"", ""intensity"": ""low""}"
EN_04_00_01,words_only,,,
EN_04_00_02,words_only,,,
EN_04_00_03,words_only,,,
EN_04_00_04,words_only,neutral,none,"{""emotion"": ""neutral"", ""intensity"": ""none""}"
EN_04_00_05,words_only,neutral,none,"{""emotion"": ""neutral"", ""intensity"": ""none""}"
EN_04_00_06,words_only,neutral,none,"{""emotion"": ""neutral"", ""intensity"": ""none""}"
EN_04_00_07,words_only,neutral,none,"{""emotion"": ""neutral"", ""intensity"": ""none""}"
EN_04_00_08,words_only,neutral,none,"{""emotion"": ""neutral"", ""intensity"": ""none""}"
EN_04_00_09,words_only,,,
EN_04_00_10,words_only,,,
EN_04_01_01_1_2,words_only,neutral,none,"{""emotion"": ""neutral"", ""intensity"": ""none""}"
EN_04_01_01_2_2,words_only,,,
EN_04_01_02_1_2,words_only,neutral,none,"{""emotion"": ""neutral"", ""intensity"": ""none""}"
EN_04_01_02_2_2,words_only,neutral,none,"{""emotion"": ""neutral"", ""intensity"": ""none""}"
EN_04_01_03_1_2,words_only,confidence,low,"{""emotion"": ""confidence"", ""intensity"": ""low""}"
EN_04_01_03_2_2,words_only,,,
EN_04_01_04_1_2,words_only,,,
EN_04_01_04_2_2,words_only,neutral,none,"{""emotion"": ""neutral"", ""intensity"": ""none""}"
EN_04_01_05_1_2,words_only,neutral,none,"{""emotion"": ""neutral"", ""intensity"": ""none""}"
EN_04_01_05_2_2,words_only,,,
EN_04_01_06_1_2,words_only,neutral,none,"{""emotion"": ""neutral"", ""intensity"": ""none""}"
EN_04_01_06_2_2,words_only,,,
EN_04_01_07_1_2,words_only,neutral,none,"{""emotion"": ""neutral"", ""intensity"": ""none""}"
EN_04_01_07_2_2,words_only,,,
EN_04_01_08_1_2,words_only,,,
EN_04_01_08_2_2,words_only,neutral,none,"{""emotion"": ""neutral"", ""intensity"": ""none""}"
EN_04_01_09_1_2,words_only,,,
EN_04_01_09_2_2,words_only,,,
EN_04_01_10_1_2,words_only,,,
EN_04_01_10_2_2,words_only,neutral,none,"{""emotion"": ""neutral"", ""intensity"": ""none""}"
EN_04_02_01_1_2,words_only,neutral,none,"{""emotion"": ""neutral"", ""intensity"": ""none""}"
EN_04_02_01_2_2,words_only,neutral,none,"{""emotion"": ""neutral"", ""intensity"": ""none""}"
EN_04_02_02_1_2,words_only,neutral,none,"{""emotion"": ""neutral"", ""intensity"": ""none""}"
EN_04_02_02_2_2,words_only,confidence,high,"{""emotion"": ""confidence"", ""intensity"": ""high""}"
EN_04_02_03_1_2,words_only,confidence,low,"{""emotion"": ""confidence"", ""intensity"": ""low""}"
EN_04_02_03_2_2,words_only,confidence,high,"{""emotion"": ""confidence"", ""intensity"": ""high""}"
EN_04_02_04_1_2,words_only,neutral,none,"{""emotion"": ""neutral"", ""intensity"": ""none""}"
EN_04_02_04_2_2,words_only,neutral,none,"{""emotion"": ""neutral"", ""intensity"": ""none""}"
EN_04_02_05_1_2,words_only,neutral,none,"{""emotion"": ""neutral"", ""intensity"": ""none""}"
EN_04_02_05_2_2,words_only,neutral,none,"{""emotion"": ""neutral"", ""intensity"": ""none""}"
EN_04_02_06_1_2,words_only,neutral,none,"{""emotion"": ""neutral"", ""intensity"": ""none""}"
EN_04_02_06_2_2,words_only,happiness,low,"{""emotion"": ""happiness"", ""intensity"": ""low""}"
EN_04_02_07_1_2,words_only,neutral,none,"{""emotion"": ""neutral"", ""intensity"": ""none""}"
EN_04_02_07_2_2,words_only,neutral,none,"{""emotion"": ""neutral"", ""intensity"": ""none""}"
EN_04_02_08_1_2,words_only,neutral,none,"{""emotion"": ""neutral"", ""intensity"": ""none""}"
EN_04_02_08_2_2,words_only,,,
EN_04_02_09_1_2,words_only,neutral,none,"{""emotion"": ""neutral"", ""intensity"": ""none""}"
EN_04_02_09_2_2,words_only,,,
EN_04_02_10_1_2,words_only,neutral,none,"{""emotion"": ""neutral"", ""intensity"": ""none""}"
EN_04_02_10_2_2,words_only,,,
EN_04_03_01_1_2,words_only,neutral,none,"{""emotion"": ""neutral"", ""intensity"": ""none""}"
EN_04_03_01_2_2,words_only,neutral,none,"{""emotion"": ""neutral"", ""intensity"": ""none""}"
EN_04_03_02_1_2,words_only,neutral,none,"{""emotion"": ""neutral"", ""intensity"": ""none""}"
EN_04_03_02_2_2,words_only,neutral,none,"{""emotion"": ""neutral"", ""intensity"": ""none""}"
EN_04_03_03_1_2,words_only,confidence,low,"{""emotion"": ""confidence"", ""intensity"": ""low""}"
EN_04_03_03_2_2,words_only,confidence,low,"{""emotion"": ""confidence"", ""intensity"": ""low""}"
EN_04_03_04_1_2,words_only,neutral,none,"{""emotion"": ""neutral"", ""intensity"": ""none""}"
EN_04_03_04_2_2,words_only,,,
EN_04_03_05_1_2,words_only,neutral,none,"{""emotion"": ""neutral"", ""intensity"": ""none""}"
EN_04_03_05_2_2,words_only,neutral,none,"{""emotion"": ""neutral"", ""intensity"": ""none""}"
EN_04_03_06_1_2,words_only,neutral,none,"{""emotion"": ""neutral"", ""intensity"": ""none""}"
EN_04_03_06_2_2,words_only,neutral,none,"{""emotion"": ""neutral"", ""intensity"": ""none""}"
EN_04_03_07_1_2,words_only,neutral,none,"{""emotion"": ""neutral"", ""intensity"": ""none""}"
EN_04_03_07_2_2,words_only,neutral,none,"{""emotion"": ""neutral"", ""intensity"": ""none""}"
EN_04_03_08_1_2,words_only,neutral,none,"{""emotion"": ""neutral"", ""intensity"": ""none""}"
EN_04_03_08_2_2,words_only,neutral,none,"{""emotion"": ""neutral"", ""intensity"": ""none""}"
EN_04_03_09_1_2,words_only,neutral,none,"{""emotion"": ""neutral"", ""intensity"": ""none""}"
EN_04_03_09_2_2,words_only,neutral,none,"{""emotion"": ""neutral"", ""intensity"": ""none""}"
EN_04_03_10_1_2,words_only,neutral,none,"{""emotion"": ""neutral"", ""intensity"": ""none""}"
EN_04_03_10_2_2,words_only,neutral,none,"{""emotion"": ""neutral"", ""intensity"": ""none""}"
EN_04_04_01_1_2,words_only,neutral,none,"{""emotion"": ""neutral"", ""intensity"": ""none""}"
EN_04_04_01_2_2,words_only,neutral,none,"{""emotion"": ""neutral"", ""intensity"": ""none""}"
EN_04_04_02_1_2,words_only,neutral,none,"{""emotion"": ""neutral"", ""intensity"": ""none""}"
EN_04_04_02_2_2,words_only,neutral,none,"{""emotion"": ""neutral"", ""intensity"": ""none""}"
EN_04_04_03_1_2,words_only,confidence,low,"{""emotion"": ""confidence"", ""intensity"": ""low""}"
EN_04_04_03_2_2,words_only,confusion,high,"{""emotion"": ""confusion"", ""intensity"": ""high""}"
EN_04_04_04_1_2,words_only,neutral,none,"{""emotion"": ""neutral"", ""intensity"": ""none""}"
EN_04_04_04_2_2,words_only,neutral,none,"{""emotion"": ""neutral"", ""intensity"": ""none""}"
EN_04_04_05_1_2,words_only,neutral,none,"{""emotion"": ""neutral"", ""intensity"": ""none""}"
EN_04_04_05_2_2,words_only,neutral,none,"{""emotion"": ""neutral"", ""intensity"": ""none""}"
EN_04_04_06_1_2,words_only,neutral,none,"{""emotion"": ""neutral"", ""intensity"": ""none""}"
EN_04_04_06_2_2,words_only,neutral,none,"{""emotion"": ""neutral"", ""intensity"": ""none""}"
EN_04_04_07_1_2,words_only,neutral,none,"{""emotion"": ""neutral"", ""intensity"": ""none""}"
EN_04_04_07_2_2,words_only,surprise,high,"{""emotion"": ""surprise"", ""intensity"": ""high""}"
EN_04_04_08_1_2,words_only,neutral,none,"{""emotion"": ""neutral"", ""intensity"": ""none""}"
EN_04_04_08_2_2,words_only,disgust,high,"{""emotion"": ""disgust"", ""intensity"": ""high""}"
EN_04_04_09_1_2,words_only,neutral,none,"{""emotion"": ""neutral"", ""intensity"": ""none""}"
EN_04_04_09_2_2,words_only,confidence,high,"{""emotion"": ""confidence"", ""intensity"": ""high""}"
EN_04_04_10_1_2,words_only,contempt,low,"{""emotion"": ""contempt"", ""intensity"": ""low""}"
EN_04_04_10_2_2,words_only,contempt,low,"{""emotion"": ""contempt"", ""intensity"": ""low""}"
EN_04_05_01_1_2,words_only,neutral,none,"{""emotion"": ""neutral"", ""intensity"": ""none""}"
EN_04_05_01_2_2,words_only,neutral,none,"{""emotion"": ""neutral"", ""intensity"": ""none""}"
EN_04_05_02_1_2,words_only,neutral,none,"{""emotion"": ""neutral"", ""intensity"": ""none""}"
EN_04_05_02_2_2,words_only,neutral,none,"{""emotion"": ""neutral"", ""intensity"": ""none""}"
EN_04_05_03_1_2,words_only,confidence,low,"{""emotion"": ""confidence"", ""intensity"": ""low""}"
EN_04_05_03_2_2,words_only,confidence,low,"{""emotion"": ""confidence"", ""intensity"": ""low""}"
EN_04_05_04_1_2,words_only,surprise,low,"{""emotion"": ""surprise"", ""intensity"": ""low""}"
EN_04_05_04_2_2,words_only,neutral,none,"{""emotion"": ""neutral"", ""intensity"": ""none""}"
EN_04_05_05_1_2,words_only,neutral,none,"{""emotion"": ""neutral"", ""intensity"": ""none""}"
EN_04_05_05_2_2,words_only,neutral,none,"{""emotion"": ""neutral"", ""intensity"": ""none""}"
EN_04_05_06_1_2,words_only,neutral,none,"{""emotion"": ""neutral"", ""intensity"": ""none""}"
EN_04_05_06_2_2,words_only,neutral,none,"{""emotion"": ""neutral"", ""intensity"": ""none""}"
EN_04_05_07_1_2,words_only,neutral,none,"{""emotion"": ""neutral"", ""intensity"": ""none""}"
EN_04_05_07_2_2,words_only,neutral,none,"{""emotion"": ""neutral"", ""intensity"": ""none""}"
EN_04_05_08_1_2,words_only,neutral,none,"{""emotion"": ""neutral"", ""intensity"": ""none""}"
EN_04_05_08_2_2,words_only,neutral,none,"{""emotion"": ""neutral"", ""intensity"": ""none""}"
EN_04_05_09_1_2,words_only,neutral,none,"{""emotion"": ""neutral"", ""intensity"": ""none""}"
EN_04_05_09_2_2,words_only,neutral,none,"{""emotion"": ""neutral"", ""intensity"": ""none""}"
EN_04_05_10_1_2,words_only,neutral,none,"{""emotion"": ""neutral"", ""intensity"": ""none""}"
EN_04_05_10_2_2,words_only,neutral,none,"{""emotion"": ""neutral"", ""intensity"": ""none""}"
EN_04_06_01_1_2,words_only,neutral,none,"{""emotion"": ""neutral"", ""intensity"": ""none""}"
EN_04_06_01_2_2,words_only,confusion,high,"{""emotion"": ""confusion"", ""intensity"": ""high""}"
EN_04_06_02_1_2,words_only,neutral,none,"{""emotion"": ""neutral"", ""intensity"": ""none""}"
EN_04_06_02_2_2,words_only,confusion,low,"{""emotion"": ""confusion"", ""intensity"": ""low""}"
EN_04_06_03_1_2,words_only,confidence,low,"{""emotion"": ""confidence"", ""intensity"": ""low""}"
EN_04_06_03_2_2,words_only,neutral,none,"{""emotion"": ""neutral"", ""intensity"": ""none""}"
EN_04_06_04_1_2,words_only,neutral,none,"{""emotion"": ""neutral"", ""intensity"": ""none""}"
EN_04_06_04_2_2,words_only,surprise,low,"{""emotion"": ""surprise"", ""intensity"": ""low""}"
EN_04_06_05_1_2,words_only,neutral,none,"{""emotion"": ""neutral"", ""intensity"": ""none""}"
EN_04_06_05_2_2,words_only,neutral,none,"{""emotion"": ""neutral"", ""intensity"": ""none""}"
EN_04_06_06_1_2,words_only,neutral,none,"{""emotion"": ""neutral"", ""intensity"": ""none""}"
EN_04_06_06_2_2,words_only,happiness,low,"{""emotion"": ""happiness"", ""intensity"": ""low""}"
EN_04_06_07_1_2,words_only,neutral,none,"{""emotion"": ""neutral"", ""intensity"": ""none""}"
EN_04_06_07_2_2,words_only,confusion,low,"{""emotion"": ""confusion"", ""intensity"": ""low""}"
EN_04_06_08_1_2,words_only,neutral,none,"{""emotion"": ""neutral"", ""intensity"": ""none""}"
EN_04_06_08_2_2,words_only,neutral,none,"{""emotion"": ""neutral"", ""intensity"": ""none""}"
EN_04_06_09_1_2,words_only,neutral,none,"{""emotion"": ""neutral"", ""intensity"": ""none""}"
EN_04_06_09_2_2,words_only,neutral,none,"{""emotion"": ""neutral"", ""intensity"": ""none""}"
EN_04_06_10_1_2,words_only,neutral,none,"{""emotion"": ""neutral"", ""intensity"": ""none""}"
EN_04_06_10_2_2,words_only,contempt,low,"{""emotion"": ""contempt"", ""intensity"": ""low""}"
EN_04_07_01_1_2,words_only,neutral,none,"{""emotion"": ""neutral"", ""intensity"": ""none""}"
EN_04_07_01_2_2,words_only,neutral,none,"{""emotion"": ""neutral"", ""intensity"": ""none""}"
EN_04_07_02_1_2,words_only,neutral,none,"{""emotion"": ""neutral"", ""intensity"": ""none""}"
EN_04_07_02_2_2,words_only,neutral,none,"{""emotion"": ""neutral"", ""intensity"": ""none""}"
EN_04_07_03_1_2,words_only,neutral,none,"{""emotion"": ""neutral"", ""intensity"": ""none""}"
EN_04_07_03_2_2,words_only,confidence,low,"{""emotion"": ""confidence"", ""intensity"": ""low""}"
EN_04_07_04_1_2,words_only,neutral,none,"{""emotion"": ""neutral"", ""intensity"": ""none""}"
EN_04_07_04_2_2,words_only,neutral,none,"{""emotion"": ""neutral"", ""intensity"": ""none""}"
EN_04_07_05_1_2,words_only,neutral,none,"{""emotion"": ""neutral"", ""intensity"": ""none""}"
EN_04_07_05_2_2,words_only,neutral,none,"{""emotion"": ""neutral"", ""intensity"": ""none""}"
EN_04_07_06_1_2,words_only,neutral,none,"{""emotion"": ""neutral"", ""intensity"": ""none""}"
EN_04_07_06_2_2,words_only,neutral,none,"{""emotion"": ""neutral"", ""intensity"": ""none""}"
EN_04_07_07_1_2,words_only,neutral,none,"{""emotion"": ""neutral"", ""intensity"": ""none""}"
EN_04_07_07_2_2,words_only,neutral,none,"{""emotion"": ""neutral"", ""intensity"": ""none""}"
EN_04_07_08_1_2,words_only,neutral,none,"{""emotion"": ""neutral"", ""intensity"": ""none""}"
EN_04_07_08_2_2,words_only,disgust,high,"{""emotion"": ""disgust"", ""intensity"": ""high""}"
EN_04_07_09_1_2,words_only,neutral,none,"{""emotion"": ""neutral"", ""intensity"": ""none""}"
EN_04_07_09_2_2,words_only,neutral,none,"{""emotion"": ""neutral"", ""intensity"": ""none""}"
EN_04_07_10_1_2,words_only,neutral,none,"{""emotion"": ""neutral"", ""intensity"": ""none""}"
EN_04_07_10_2_2,words_only,neutral,none,"{""emotion"": ""neutral"", ""intensity"": ""none""}"
EN_04_08_01_1_2,words_only,neutral,none,"{""emotion"": ""neutral"", ""intensity"": ""none""}"
EN_04_08_01_2_2,words_only,neutral,none,"{""emotion"": ""neutral"", ""intensity"": ""none""}"
EN_04_08_02_1_2,words_only,neutral,none,"{""emotion"": ""neutral"", ""intensity"": ""none""}"
EN_04_08_02_2_2,words_only,confidence,high,"{""emotion"": ""confidence"", ""intensity"": ""high""}"
EN_04_08_03_1_2,words_only,confidence,low,"{""emotion"": ""confidence"", ""intensity"": ""low""}"
EN_04_08_03_2_2,words_only,confidence,low,"{""emotion"": ""confidence"", ""intensity"": ""low""}"
EN_04_08_04_1_2,words_only,neutral,none,"{""emotion"": ""neutral"", ""intensity"": ""none""}"
EN_04_08_04_2_2,words_only,neutral,none,"{""emotion"": ""neutral"", ""intensity"": ""none""}"
EN_04_08_05_1_2,words_only,neutral,none,"{""emotion"": ""neutral"", ""intensity"": ""none""}"
EN_04_08_05_2_2,words_only,neutral,none,"{""emotion"": ""neutral"", ""intensity"": ""none""}"
EN_04_08_06_1_2,words_only,neutral,none,"{""emotion"": ""neutral"", ""intensity"": ""none""}"
EN_04_08_06_2_2,words_only,happiness,low,"{""emotion"": ""happiness"", ""intensity"": ""low""}"
EN_04_08_07_1_2,words_only,neutral,none,"{""emotion"": ""neutral"", ""intensity"": ""none""}"
EN_04_08_07_2_2,words_only,neutral,none,"{""emotion"": ""neutral"", ""intensity"": ""none""}"
EN_04_08_08_1_2,words_only,neutral,none,"{""emotion"": ""neutral"", ""intensity"": ""none""}"
EN_04_08_08_2_2,words_only,disgust,high,"{""emotion"": ""disgust"", ""intensity"": ""high""}"
EN_04_08_09_1_2,words_only,neutral,none,"{""emotion"": ""neutral"", ""intensity"": ""none""}"
EN_04_08_09_2_2,words_only,neutral,none,"{""emotion"": ""neutral"", ""intensity"": ""none""}"
EN_04_08_10_1_2,words_only,neutral,none,"{""emotion"": ""neutral"", ""intensity"": ""none""}"
EN_04_08_10_2_2,words_only,contempt,low,"{""emotion"": ""contempt"", ""intensity"": ""low""}"
EN_04_09_01_1_2,words_only,neutral,none,"{""emotion"": ""neutral"", ""intensity"": ""none""}"
EN_04_09_01_2_2,words_only,neutral,none,"{""emotion"": ""neutral"", ""intensity"": ""none""}"
EN_04_09_02_1_2,words_only,neutral,none,"{""emotion"": ""neutral"", ""intensity"": ""none""}"
EN_04_09_02_2_2,words_only,neutral,none,"{""emotion"": ""neutral"", ""intensity"": ""none""}"
EN_04_09_03_1_2,words_only,confidence,low,"{""emotion"": ""confidence"", ""intensity"": ""low""}"
EN_04_09_03_2_2,words_only,confidence,low,"{""emotion"": ""confidence"", ""intensity"": ""low""}"
EN_04_09_04_1_2,words_only,neutral,none,"{""emotion"": ""neutral"", ""intensity"": ""none""}"
EN_04_09_04_2_2,words_only,neutral,none,"{""emotion"": ""neutral"", ""intensity"": ""none""}"
EN_04_09_05_1_2,words_only,neutral,none,"{""emotion"": ""neutral"", ""intensity"": ""none""}"
EN_04_09_05_2_2,words_only,neutral,none,"{""emotion"": ""neutral"", ""intensity"": ""none""}"
EN_04_09_06_1_2,words_only,neutral,none,"{""emotion"": ""neutral"", ""intensity"": ""none""}"
EN_04_09_06_2_2,words_only,neutral,none,"{""emotion"": ""neutral"", ""intensity"": ""none""}"
EN_04_09_07_1_2,words_only,neutral,none,"{""emotion"": ""neutral"", ""intensity"": ""none""}"
EN_04_09_07_2_2,words_only,neutral,none,"{""emotion"": ""neutral"", ""intensity"": ""none""}"
EN_04_09_08_1_2,words_only,contempt,high,"{""emotion"": ""contempt"", ""intensity"": ""high""}"
EN_04_09_08_2_2,words_only,disgust,high,"{""emotion"": ""disgust"", ""intensity"": ""high""}"
EN_04_09_09_1_2,words_only,neutral,none,"{""emotion"": ""neutral"", ""intensity"": ""none""}"
EN_04_09_09_2_2,words_only,neutral,none,"{""emotion"": ""neutral"", ""intensity"": ""none""}"
EN_04_09_10_1_2,words_only,neutral,none,"{""emotion"": ""neutral"", ""intensity"": ""none""}"
EN_04_09_10_2_2,words_only,neutral,none,"{""emotion"": ""neutral"", ""intensity"": ""none""}"
EN_04_10_01_1_2,words_only,neutral,none,"{""emotion"": ""neutral"", ""intensity"": ""none""}"
EN_04_10_01_2_2,words_only,neutral,none,"{""emotion"": ""neutral"", ""intensity"": ""none""}"
EN_04_10_02_1_2,words_only,neutral,none,"{""emotion"": ""neutral"", ""intensity"": ""none""}"
EN_04_10_02_2_2,words_only,neutral,none,"{""emotion"": ""neutral"", ""intensity"": ""none""}"
EN_04_10_03_1_2,words_only,confidence,low,"{""emotion"": ""confidence"", ""intensity"": ""low""}"
EN_04_10_03_2_2,words_only,confidence,low,"{""emotion"": ""confidence"", ""intensity"": ""low""}"
EN_04_10_04_1_2,words_only,neutral,none,"{""emotion"": ""neutral"", ""intensity"": ""none""}"
EN_04_10_04_2_2,words_only,neutral,none,"{""emotion"": ""neutral"", ""intensity"": ""none""}"
EN_04_10_05_1_2,words_only,neutral,none,"{""emotion"": ""neutral"", ""intensity"": ""none""}"
EN_04_10_05_2_2,words_only,neutral,none,"{""emotion"": ""neutral"", ""intensity"": ""none""}"
EN_04_10_06_1_2,words_only,neutral,none,"{""emotion"": ""neutral"", ""intensity"": ""none""}"
EN_04_10_06_2_2,words_only,neutral,none,"{""emotion"": ""neutral"", ""intensity"": ""none""}"
EN_04_10_07_1_2,words_only,neutral,none,"{""emotion"": ""neutral"", ""intensity"": ""none""}"
EN_04_10_07_2_2,words_only,neutral,none,"{""emotion"": ""neutral"", ""intensity"": ""none""}"
EN_04_10_08_1_2,words_only,neutral,none,"{""emotion"": ""neutral"", ""intensity"": ""none""}"
EN_04_10_08_2_2,words_only,neutral,none,"{""emotion"": ""neutral"", ""intensity"": ""none""}"
EN_04_10_09_1_2,words_only,neutral,none,"{""emotion"": ""neutral"", ""intensity"": ""none""}"
EN_04_10_09_2_2,words_only,neutral,none,"{""emotion"": ""neutral"", ""intensity"": ""none""}"
EN_04_10_10_1_2,words_only,neutral,none,"{""emotion"": ""neutral"", ""intensity"": ""none""}"
EN_04_10_10_2_2,words_only,neutral,none,"{""emotion"": ""neutral"", ""intensity"": ""none""}"
EN_05_00_01,words_only,neutral,none,"{""emotion"": ""neutral"", ""intensity"": ""none""}"
EN_05_00_02,words_only,neutral,none,"{""emotion"": ""neutral"", ""intensity"": ""none""}"
EN_05_00_03,words_only,confidence,low,"{""emotion"": ""confidence"", ""intensity"": ""low""}"
EN_05_00_04,words_only,neutral,none,"{""emotion"": ""neutral"", ""intensity"": ""none""}"
EN_05_00_05,words_only,neutral,none,"{""emotion"": ""neutral"", ""intensity"": ""none""}"
EN_05_00_06,words_only,neutral,none,"{""emotion"": ""neutral"", ""intensity"": ""none""}"
EN_05_00_07,words_only,neutral,none,"{""emotion"": ""neutral"", ""intensity"": ""none""}"
EN_05_00_08,words_only,neutral,none,"{""emotion"": ""neutral"", ""intensity"": ""none""}"
EN_05_00_09,words_only,neutral,none,"{""emotion"": ""neutral"", ""intensity"": ""none""}"
EN_05_00_10,words_only,contempt,low,"{""emotion"": ""contempt"", ""intensity"": ""low""}"
EN_05_01_01_1_2,words_only,neutral,none,"{""emotion"": ""neutral"", ""intensity"": ""none""}"
EN_05_01_01_2_2,words_only,neutral,none,"{""emotion"": ""neutral"", ""intensity"": ""none""}"
EN_05_01_02_1_2,words_only,neutral,none,"{""emotion"": ""neutral"", ""intensity"": ""none""}"
EN_05_01_02_2_2,words_only,neutral,none,"{""emotion"": ""neutral"", ""intensity"": ""none""}"
EN_05_01_03_1_2,words_only,confidence,low,"{""emotion"": ""confidence"", ""intensity"": ""low""}"
EN_05_01_03_2_2,words_only,confidence,low,"{""emotion"": ""confidence"", ""intensity"": ""low""}"
EN_05_01_04_1_2,words_only,neutral,none,"{""emotion"": ""neutral"", ""intensity"": ""none""}"
EN_05_01_04_2_2,words_only,neutral,none,"{""emotion"": ""neutral"", ""intensity"": ""none""}"
EN_05_01_05_1_2,words_only,neutral,none,"{""emotion"": ""neutral"", ""intensity"": ""none""}"
EN_05_01_05_2_2,words_only,neutral,none,"{""emotion"": ""neutral"", ""intensity"": ""none""}"
EN_05_01_06_1_2,words_only,neutral,none,"{""emotion"": ""neutral"", ""intensity"": ""none""}"
EN_05_01_06_2_2,words_only,neutral,none,"{""emotion"": ""neutral"", ""intensity"": ""none""}"
EN_05_01_07_1_2,words_only,neutral,none,"{""emotion"": ""neutral"", ""intensity"": ""none""}"
EN_05_01_07_2_2,words_only,neutral,none,"{""emotion"": ""neutral"", ""intensity"": ""none""}"
EN_05_01_08_1_2,words_only,neutral,none,"{""emotion"": ""neutral"", ""intensity"": ""none""}"
EN_05_01_08_2_2,words_only,neutral,none,"{""emotion"": ""neutral"", ""intensity"": ""none""}"
EN_05_01_09_1_2,words_only,neutral,none,"{""emotion"": ""neutral"", ""intensity"": ""none""}"
EN_05_01_09_2_2,words_only,neutral,none,"{""emotion"": ""neutral"", ""intensity"": ""none""}"
EN_05_01_10_1_2,words_only,contempt,low,"{""emotion"": ""contempt"", ""intensity"": ""low""}"
EN_05_01_10_2_2,words_only,contempt,low,"{""emotion"": ""contempt"", ""intensity"": ""low""}"
EN_05_02_01_1_2,words_only,neutral,none,"{""emotion"": ""neutral"", ""intensity"": ""none""}"
EN_05_02_01_2_2,words_only,neutral,none,"{""emotion"": ""neutral"", ""intensity"": ""none""}"
EN_05_02_02_1_2,words_only,neutral,none,"{""emotion"": ""neutral"", ""intensity"": ""none""}"
EN_05_02_02_2_2,words_only,neutral,none,"{""emotion"": ""neutral"", ""intensity"": ""none""}"
EN_05_02_03_1_2,words_only,confidence,low,"{""emotion"": ""confidence"", ""intensity"": ""low""}"
EN_05_02_03_2_2,words_only,confidence,low,"{""emotion"": ""confidence"", ""intensity"": ""low""}"
EN_05_02_04_1_2,words_only,surprise,low,"{""emotion"": ""surprise"", ""intensity"": ""low""}"
EN_05_02_04_2_2,words_only,surprise,low,"{""emotion"": ""surprise"", ""intensity"": ""low""}"
EN_05_02_05_1_2,words_only,neutral,none,"{""emotion"": ""neutral"", ""intensity"": ""none""}"
EN_05_02_05_2_2,words_only,neutral,none,"{""emotion"": ""neutral"", ""intensity"": ""none""}"
EN_05_02_06_1_2,words_only,neutral,none,"{""emotion"": ""neutral"", ""intensity"": ""none""}"
EN_05_02_06_2_2,words_only,neutral,none,"{""emotion"": ""neutral"", ""intensity"": ""none""}"
EN_05_02_07_1_2,words_only,neutral,none,"{""emotion"": ""neutral"", ""intensity"": ""none""}"
EN_05_02_07_2_2,words_only,neutral,none,"{""emotion"": ""neutral"", ""intensity"": ""none""}"
EN_05_02_08_1_2,words_only,neutral,none,"{""emotion"": ""neutral"", ""intensity"": ""none""}"
EN_05_02_08_2_2,words_only,contempt,low,"{""emotion"": ""contempt"", ""intensity"": ""low""}"
EN_05_02_09_1_2,words_only,neutral,none,"{""emotion"": ""neutral"", ""intensity"": ""none""}"
EN_05_02_09_2_2,words_only,disgust,high,"{""emotion"": ""disgust"", ""intensity"": ""high""}"
EN_05_02_10_1_2,words_only,contempt,low,"{""emotion"": ""contempt"", ""intensity"": ""low""}"
EN_05_02_10_2_2,words_only,neutral,none,"{""emotion"": ""neutral"", ""intensity"": ""none""}"
EN_05_03_01_1_2,words_only,neutral,none,"{""emotion"": ""neutral"", ""intensity"": ""none""}"
EN_05_03_01_2_2,words_only,neutral,none,"{""emotion"": ""neutral"", ""intensity"": ""none""}"
EN_05_03_02_1_2,words_only,neutral,none,"{""emotion"": ""neutral"", ""intensity"": ""none""}"
EN_05_03_02_2_2,words_only,neutral,none,"{""emotion"": ""neutral"", ""intensity"": ""none""}"
EN_05_03_03_1_2,words_only,confidence,low,"{""emotion"": ""confidence"", ""intensity"": ""low""}"
EN_05_03_03_2_2,words_only,confidence,low,"{""emotion"": ""confidence"", ""intensity"": ""low""}"
EN_05_03_04_1_2,words_only,neutral,none,"{""emotion"": ""neutral"", ""intensity"": ""none""}"
EN_05_03_04_2_2,words_only,neutral,none,"{""emotion"": ""neutral"", ""intensity"": ""none""}"
EN_05_03_05_1_2,words_only,neutral,none,"{""emotion"": ""neutral"", ""intensity"": ""none""}"
EN_05_03_05_2_2,words_only,neutral,none,"{""emotion"": ""neutral"", ""intensity"": ""none""}"
EN_05_03_06_1_2,words_only,neutral,none,"{""emotion"": ""neutral"", ""intensity"": ""none""}"
EN_05_03_06_2_2,words_only,neutral,none,"{""emotion"": ""neutral"", ""intensity"": ""none""}"
EN_05_03_07_1_2,words_only,neutral,none,"{""emotion"": ""neutral"", ""intensity"": ""none""}"
EN_05_03_07_2_2,words_only,neutral,none,"{""emotion"": ""neutral"", ""intensity"": ""none""}"
EN_05_03_08_1_2,words_only,neutral,none,"{""emotion"": ""neutral"", ""intensity"": ""none""}"
EN_05_03_08_2_2,words_only,neutral,none,"{""emotion"": ""neutral"", ""intensity"": ""none""}"
EN_05_03_09_1_2,words_only,neutral,none,"{""emotion"": ""neutral"", ""intensity"": ""none""}"
EN_05_03_09_2_2,words_only,neutral,none,"{""emotion"": ""neutral"", ""intensity"": ""none""}"
EN_05_03_10_1_2,words_only,contempt,low,"{""emotion"": ""contempt"", ""intensity"": ""low""}"
EN_05_03_10_2_2,words_only,contempt,low,"{""emotion"": ""contempt"", ""intensity"": ""low""}"
EN_05_04_01_1_2,words_only,neutral,none,"{""emotion"": ""neutral"", ""intensity"": ""none""}"
EN_05_04_01_2_2,words_only,neutral,none,"{""emotion"": ""neutral"", ""intensity"": ""none""}"
EN_05_04_02_1_2,words_only,neutral,none,"{""emotion"": ""neutral"", ""intensity"": ""none""}"
EN_05_04_02_2_2,words_only,neutral,none,"{""emotion"": ""neutral"", ""intensity"": ""none""}"
EN_05_04_03_1_2,words_only,confidence,low,"{""emotion"": ""confidence"", ""intensity"": ""low""}"
EN_05_04_03_2_2,words_only,confidence,low,"{""emotion"": ""confidence"", ""intensity"": ""low""}"
EN_05_04_04_1_2,words_only,neutral,none,"{""emotion"": ""neutral"", ""intensity"": ""none""}"
EN_05_04_04_2_2,words_only,neutral,none,"{""emotion"": ""neutral"", ""intensity"": ""none""}"
EN_05_04_05_1_2,words_only,neutral,none,"{""emotion"": ""neutral"", ""intensity"": ""none""}"
EN_05_04_05_2_2,words_only,neutral,none,"{""emotion"": ""neutral"", ""intensity"": ""none""}"
EN_05_04_06_1_2,words_only,neutral,none,"{""emotion"": ""neutral"", ""intensity"": ""none""}"
EN_05_04_06_2_2,words_only,neutral,none,"{""emotion"": ""neutral"", ""intensity"": ""none""}"
EN_05_04_07_1_2,words_only,neutral,none,"{""emotion"": ""neutral"", ""intensity"": ""none""}"
EN_05_04_07_2_2,words_only,neutral,none,"{""emotion"": ""neutral"", ""intensity"": ""none""}"
EN_05_04_08_1_2,words_only,neutral,none,"{""emotion"": ""neutral"", ""intensity"": ""none""}"
EN_05_04_08_2_2,words_only,neutral,none,"{""emotion"": ""neutral"", ""intensity"": ""none""}"
EN_05_04_09_1_2,words_only,neutral,none,"{""emotion"": ""neutral"", ""intensity"": ""none""}"
EN_05_04_09_2_2,words_only,neutral,none,"{""emotion"": ""neutral"", ""intensity"": ""none""}"
EN_05_04_10_1_2,words_only,contempt,low,"{""emotion"": ""contempt"", ""intensity"": ""low""}"
EN_05_04_10_2_2,words_only,contempt,low,"{""emotion"": ""contempt"", ""intensity"": ""low""}"
EN_05_05_01_1_2,words_only,neutral,none,"{""emotion"": ""neutral"", ""intensity"": ""none""}"
EN_05_05_01_2_2,words_only,neutral,none,"{""emotion"": ""neutral"", ""intensity"": ""none""}"
EN_05_05_02_1_2,words_only,neutral,none,"{""emotion"": ""neutral"", ""intensity"": ""none""}"
EN_05_05_02_2_2,words_only,neutral,none,"{""emotion"": ""neutral"", ""intensity"": ""none""}"
EN_05_05_03_1_2,words_only,confidence,low,"{""emotion"": ""confidence"", ""intensity"": ""low""}"
EN_05_05_03_2_2,words_only,confidence,low,"{""emotion"": ""confidence"", ""intensity"": ""low""}"
EN_05_05_04_1_2,words_only,surprise,low,"{""emotion"": ""surprise"", ""intensity"": ""low""}"
EN_05_05_04_2_2,words_only,neutral,none,"{""emotion"": ""neutral"", ""intensity"": ""none""}"
EN_05_05_05_1_2,words_only,neutral,none,"{""emotion"": ""neutral"", ""intensity"": ""none""}"
EN_05_05_05_2_2,words_only,neutral,none,"{""emotion"": ""neutral"", ""intensity"": ""none""}"
EN_05_05_06_1_2,words_only,neutral,none,"{""emotion"": ""neutral"", ""intensity"": ""none""}"
EN_05_05_06_2_2,words_only,neutral,none,"{""emotion"": ""neutral"", ""intensity"": ""none""}"
EN_05_05_07_1_2,words_only,neutral,none,"{""emotion"": ""neutral"", ""intensity"": ""none""}"
EN_05_05_07_2_2,words_only,neutral,none,"{""emotion"": ""neutral"", ""intensity"": ""none""}"
EN_05_05_08_1_2,words_only,neutral,none,"{""emotion"": ""neutral"", ""intensity"": ""none""}"
EN_05_05_08_2_2,words_only,neutral,none,"{""emotion"": ""neutral"", ""intensity"": ""none""}"
EN_05_05_09_1_2,words_only,neutral,none,"{""emotion"": ""neutral"", ""intensity"": ""none""}"
EN_05_05_09_2_2,words_only,neutral,none,"{""emotion"": ""neutral"", ""intensity"": ""none""}"
EN_05_05_10_1_2,words_only,contempt,low,"{""emotion"": ""contempt"", ""intensity"": ""low""}"
EN_05_05_10_2_2,words_only,contempt,low,"{""emotion"": ""contempt"", ""intensity"": ""low""}"
EN_05_06_01_1_2,words_only,neutral,none,"{""emotion"": ""neutral"", ""intensity"": ""none""}"
EN_05_06_01_2_2,words_only,confusion,low,"{""emotion"": ""confusion"", ""intensity"": ""low""}"
EN_05_06_02_1_2,words_only,neutral,none,"{""emotion"": ""neutral"", ""intensity"": ""none""}"
EN_05_06_02_2_2,words_only,neutral,none,"{""emotion"": ""neutral"", ""intensity"": ""none""}"
EN_05_06_03_1_2,words_only,confidence,low,"{""emotion"": ""confidence"", ""intensity"": ""low""}"
EN_05_06_03_2_2,words_only,confidence,low,"{""emotion"": ""confidence"", ""intensity"": ""low""}"
EN_05_06_04_1_2,words_only,neutral,none,"{""emotion"": ""neutral"", ""intensity"": ""none""}"
EN_05_06_04_2_2,words_only,neutral,none,"{""emotion"": ""neutral"", ""intensity"": ""none""}"
EN_05_06_05_1_2,words_only,neutral,none,"{""emotion"": ""neutral"", ""intensity"": ""none""}"
EN_05_06_05_2_2,words_only,neutral,none,"{""emotion"": ""neutral"", ""intensity"": ""none""}"
EN_05_06_06_1_2,words_only,neutral,none,"{""emotion"": ""neutral"", ""intensity"": ""none""}"
EN_05_06_06_2_2,words_only,neutral,none,"{""emotion"": ""neutral"", ""intensity"": ""none""}"
EN_05_06_07_1_2,words_only,neutral,none,"{""emotion"": ""neutral"", ""intensity"": ""none""}"
EN_05_06_07_2_2,words_only,neutral,none,"{""emotion"": ""neutral"", ""intensity"": ""none""}"
EN_05_06_08_1_2,words_only,neutral,none,"{""emotion"": ""neutral"", ""intensity"": ""none""}"
EN_05_06_08_2_2,words_only,neutral,none,"{""emotion"": ""neutral"", ""intensity"": ""none""}"
EN_05_06_09_1_2,words_only,neutral,none,"{""emotion"": ""neutral"", ""intensity"": ""none""}"
EN_05_06_09_2_2,words_only,neutral,none,"{""emotion"": ""neutral"", ""intensity"": ""none""}"
EN_05_06_10_1_2,words_only,contempt,low,"{""emotion"": ""contempt"", ""intensity"": ""low""}"
EN_05_06_10_2_2,words_only,contempt,low,"{""emotion"": ""contempt"", ""intensity"": ""low""}"
EN_05_07_01_1_2,words_only,neutral,none,"{""emotion"": ""neutral"", ""intensity"": ""none""}"
EN_05_07_01_2_2,words_only,neutral,none,"{""emotion"": ""neutral"", ""intensity"": ""none""}"
EN_05_07_02_1_2,words_only,neutral,none,"{""emotion"": ""neutral"", ""intensity"": ""none""}"
EN_05_07_02_2_2,words_only,neutral,none,"{""emotion"": ""neutral"", ""intensity"": ""none""}"
EN_05_07_03_1_2,words_only,confidence,low,"{""emotion"": ""confidence"", ""intensity"": ""low""}"
EN_05_07_03_2_2,words_only,confidence,low,"{""emotion"": ""confidence"", ""intensity"": ""low""}"
EN_05_07_04_1_2,words_only,neutral,none,"{""emotion"": ""neutral"", ""intensity"": ""none""}"
EN_05_07_04_2_2,words_only,neutral,none,"{""emotion"": ""neutral"", ""intensity"": ""none""}"
EN_05_07_05_1_2,words_only,neutral,none,"{""emotion"": ""neutral"", ""intensity"": ""none""}"
EN_05_07_05_2_2,words_only,neutral,none,"{""emotion"": ""neutral"", ""intensity"": ""none""}"
EN_05_07_06_1_2,words_only,neutral,none,"{""emotion"": ""neutral"", ""intensity"": ""none""}"
EN_05_07_06_2_2,words_only,neutral,none,"{""emotion"": ""neutral"", ""intensity"": ""none""}"
EN_05_07_07_1_2,words_only,neutral,none,"{""emotion"": ""neutral"", ""intensity"": ""none""}"
EN_05_07_07_2_2,words_only,neutral,none,"{""emotion"": ""neutral"", ""intensity"": ""none""}"
EN_05_07_08_1_2,words_only,neutral,none,"{""emotion"": ""neutral"", ""intensity"": ""none""}"
EN_05_07_08_2_2,words_only,neutral,none,"{""emotion"": ""neutral"", ""intensity"": ""none""}"
EN_05_07_09_1_2,words_only,neutral,none,"{""emotion"": ""neutral"", ""intensity"": ""none""}"
EN_05_07_09_2_2,words_only,neutral,none,"{""emotion"": ""neutral"", ""intensity"": ""none""}"
EN_05_07_10_1_2,words_only,contempt,low,"{""emotion"": ""contempt"", ""intensity"": ""low""}"
EN_05_07_10_2_2,words_only,contempt,low,"{""emotion"": ""contempt"", ""intensity"": ""low""}"
EN_05_08_01_1_2,words_only,neutral,none,"{""emotion"": ""neutral"", ""intensity"": ""none""}"
EN_05_08_01_2_2,words_only,neutral,none,"{""emotion"": ""neutral"", ""intensity"": ""none""}"
EN_05_08_02_1_2,words_only,neutral,none,"{""emotion"": ""neutral"", ""intensity"": ""none""}"
EN_05_08_02_2_2,words_only,neutral,none,"{""emotion"": ""neutral"", ""intensity"": ""none""}"
EN_05_08_03_1_2,words_only,confidence,low,"{""emotion"": ""confidence"", ""intensity"": ""low""}"
EN_05_08_03_2_2,words_only,confidence,low,"{""emotion"": ""confidence"", ""intensity"": ""low""}"
EN_05_08_04_1_2,words_only,neutral,none,"{""emotion"": ""neutral"", ""intensity"": ""none""}"
EN_05_08_04_2_2,words_only,neutral,none,"{""emotion"": ""neutral"", ""intensity"": ""none""}"
EN_05_08_05_1_2,words_only,neutral,none,"{""emotion"": ""neutral"", ""intensity"": ""none""}"
EN_05_08_05_2_2,words_only,neutral,none,"{""emotion"": ""neutral"", ""intensity"": ""none""}"
EN_05_08_06_1_2,words_only,neutral,none,"{""emotion"": ""neutral"", ""intensity"": ""none""}"
EN_05_08_06_2_2,words_only,neutral,none,"{""emotion"": ""neutral"", ""intensity"": ""none""}"
EN_05_08_07_1_2,words_only,neutral,none,"{""emotion"": ""neutral"", ""intensity"": ""none""}"
EN_05_08_07_2_2,words_only,neutral,none,"{""emotion"": ""neutral"", ""intensity"": ""none""}"
EN_05_08_08_1_2,words_only,neutral,none,"{""emotion"": ""neutral"", ""intensity"": ""none""}"
EN_05_08_08_2_2,words_only,neutral,none,"{""emotion"": ""neutral"", ""intensity"": ""none""}"
EN_05_08_09_1_2,words_only,neutral,none,"{""emotion"": ""neutral"", ""intensity"": ""none""}"
EN_05_08_09_2_2,words_only,neutral,none,"{""emotion"": ""neutral"", ""intensity"": ""none""}"
EN_05_08_10_1_2,words_only,contempt,low,"{""emotion"": ""contempt"", ""intensity"": ""low""}"
EN_05_08_10_2_2,words_only,confusion,low,"{""emotion"": ""confusion"", ""intensity"": ""low""}"
EN_05_09_01_1_2,words_only,neutral,none,"{""emotion"": ""neutral"", ""intensity"": ""none""}"
EN_05_09_01_2_2,words_only,neutral,none,"{""emotion"": ""neutral"", ""intensity"": ""none""}"
EN_05_09_02_1_2,words_only,neutral,none,"{""emotion"": ""neutral"", ""intensity"": ""none""}"
EN_05_09_02_2_2,words_only,neutral,none,"{""emotion"": ""neutral"", ""intensity"": ""none""}"
EN_05_09_03_1_2,words_only,confidence,low,"{""emotion"": ""confidence"", ""intensity"": ""low""}"
EN_05_09_03_2_2,words_only,confidence,low,"{""emotion"": ""confidence"", ""intensity"": ""low""}"
EN_05_09_04_1_2,words_only,neutral,none,"{""emotion"": ""neutral"", ""intensity"": ""none""}"
EN_05_09_04_2_2,words_only,neutral,none,"{""emotion"": ""neutral"", ""intensity"": ""none""}"
EN_05_09_05_1_2,words_only,neutral,none,"{""emotion"": ""neutral"", ""intensity"": ""none""}"
EN_05_09_05_2_2,words_only,neutral,none,"{""emotion"": ""neutral"", ""intensity"": ""none""}"
EN_05_09_06_1_2,words_only,neutral,none,"{""emotion"": ""neutral"", ""intensity"": ""none""}"
EN_05_09_06_2_2,words_only,neutral,none,"{""emotion"": ""neutral"", ""intensity"": ""none""}"
EN_05_09_07_1_2,words_only,neutral,none,"{""emotion"": ""neutral"", ""intensity"": ""none""}"
EN_05_09_07_2_2,words_only,neutral,none,"{""emotion"": ""neutral"", ""intensity"": ""none""}"
EN_05_09_08_1_2,words_only,neutral,none,"{""emotion"": ""neutral"", ""intensity"": ""none""}"
EN_05_09_08_2_2,words_only,neutral,none,"{""emotion"": ""neutral"", ""intensity"": ""none""}"
EN_05_09_09_1_2,words_only,neutral,none,"{""emotion"": ""neutral"", ""intensity"": ""none""}"
EN_05_09_09_2_2,words_only,neutral,none,"{""emotion"": ""neutral"", ""intensity"": ""none""}"
EN_05_09_10_1_2,words_only,contempt,low,"{""emotion"": ""contempt"", ""intensity"": ""low""}"
EN_05_09_10_2_2,words_only,contempt,low,"{""emotion"": ""contempt"", ""intensity"": ""low""}"
EN_05_10_01_1_2,words_only,neutral,none,"{""emotion"": ""neutral"", ""intensity"": ""none""}"
EN_05_10_01_2_2,words_only,neutral,none,"{""emotion"": ""neutral"", ""intensity"": ""none""}"
EN_05_10_02_1_2,words_only,neutral,none,"{""emotion"": ""neutral"", ""intensity"": ""none""}"
EN_05_10_02_2_2,words_only,neutral,none,"{""emotion"": ""neutral"", ""intensity"": ""none""}"
EN_05_10_03_1_2,words_only,confidence,low,"{""emotion"": ""confidence"", ""intensity"": ""low""}"
EN_05_10_03_2_2,words_only,confidence,low,"{""emotion"": ""confidence"", ""intensity"": ""low""}"
EN_05_10_04_1_2,words_only,neutral,none,"{""emotion"": ""neutral"", ""intensity"": ""none""}"
EN_05_10_04_2_2,words_only,neutral,none,"{""emotion"": ""neutral"", ""intensity"": ""none""}"
EN_05_10_05_1_2,words_only,neutral,none,"{""emotion"": ""neutral"", ""intensity"": ""none""}"
EN_05_10_05_2_2,words_only,neutral,none,"{""emotion"": ""neutral"", ""intensity"": ""none""}"
EN_05_10_06_1_2,words_only,neutral,none,"{""emotion"": ""neutral"", ""intensity"": ""none""}"
EN_05_10_06_2_2,words_only,neutral,none,"{""emotion"": ""neutral"", ""intensity"": ""none""}"
EN_05_10_07_1_2,words_only,neutral,none,"{""emotion"": ""neutral"", ""intensity"": ""none""}"
EN_05_10_07_2_2,words_only,neutral,none,"{""emotion"": ""neutral"", ""intensity"": ""none""}"
EN_05_10_08_1_2,words_only,neutral,none,"{""emotion"": ""neutral"", ""intensity"": ""none""}"
EN_05_10_08_2_2,words_only,neutral,none,"{""emotion"": ""neutral"", ""intensity"": ""none""}"
EN_05_10_09_1_2,words_only,neutral,none,"{""emotion"": ""neutral"", ""intensity"": ""none""}"
EN_05_10_09_2_2,words_only,neutral,none,"{""emotion"": ""neutral"", ""intensity"": ""none""}"
EN_05_10_10_1_2,words_only,contempt,low,"{""emotion"": ""contempt"", ""intensity"": ""low""}"
EN_05_10_10_2_2,words_only,contempt,low,"{""emotion"": ""contempt"", ""intensity"": ""low""}"
EN_06_00_01,words_only,neutral,none,"{""emotion"": ""neutral"", ""intensity"": ""none""}"
EN_06_00_02,words_only,neutral,none,"{""emotion"": ""neutral"", ""intensity"": ""none""}"
EN_06_00_03,words_only,confidence,low,"{""emotion"": ""confidence"", ""intensity"": ""low""}"
EN_06_00_04,words_only,neutral,none,"{""emotion"": ""neutral"", ""intensity"": ""none""}"
EN_06_00_05,words_only,neutral,none,"{""emotion"": ""neutral"", ""intensity"": ""none""}"
EN_06_00_06,words_only,neutral,none,"{""emotion"": ""neutral"", ""intensity"": ""none""}"
EN_06_00_07,words_only,neutral,none,"{""emotion"": ""neutral"", ""intensity"": ""none""}"
EN_06_00_08,words_only,neutral,none,"{""emotion"": ""neutral"", ""intensity"": ""none""}"
EN_06_00_09,words_only,neutral,none,"{""emotion"": ""neutral"", ""intensity"": ""none""}"
EN_06_00_10,words_only,contempt,low,"{""emotion"": ""contempt"", ""intensity"": ""low""}"
EN_06_01_01_1_2,words_only,neutral,none,"{""emotion"": ""neutral"", ""intensity"": ""none""}"
EN_06_01_01_2_2,words_only,neutral,none,"{""emotion"": ""neutral"", ""intensity"": ""none""}"
EN_06_01_02_1_2,words_only,neutral,none,"{""emotion"": ""neutral"", ""intensity"": ""none""}"
EN_06_01_02_2_2,words_only,neutral,none,"{""emotion"": ""neutral"", ""intensity"": ""none""}"
EN_06_01_03_1_2,words_only,confidence,low,"{""emotion"": ""confidence"", ""intensity"": ""low""}"
EN_06_01_03_2_2,words_only,confidence,high,"{""emotion"": ""confidence"", ""intensity"": ""high""}"
EN_06_01_04_1_2,words_only,neutral,none,"{""emotion"": ""neutral"", ""intensity"": ""none""}"
EN_06_01_04_2_2,words_only,neutral,none,"{""emotion"": ""neutral"", ""intensity"": ""none""}"
EN_06_01_05_1_2,words_only,neutral,none,"{""emotion"": ""neutral"", ""intensity"": ""none""}"
EN_06_01_05_2_2,words_only,neutral,none,"{""emotion"": ""neutral"", ""intensity"": ""none""}"
EN_06_01_06_1_2,words_only,neutral,none,"{""emotion"": ""neutral"", ""intensity"": ""none""}"
EN_06_01_06_2_2,words_only,neutral,none,"{""emotion"": ""neutral"", ""intensity"": ""none""}"
EN_06_01_07_1_2,words_only,neutral,none,"{""emotion"": ""neutral"", ""intensity"": ""none""}"
EN_06_01_07_2_2,words_only,neutral,none,"{""emotion"": ""neutral"", ""intensity"": ""none""}"
EN_06_01_08_1_2,words_only,neutral,none,"{""emotion"": ""neutral"", ""intensity"": ""none""}"
EN_06_01_08_2_2,words_only,neutral,none,"{""emotion"": ""neutral"", ""intensity"": ""none""}"
EN_06_01_09_1_2,words_only,neutral,none,"{""emotion"": ""neutral"", ""intensity"": ""none""}"
EN_06_01_09_2_2,words_only,neutral,none,"{""emotion"": ""neutral"", ""intensity"": ""none""}"
EN_06_01_10_1_2,words_only,contempt,low,"{""emotion"": ""contempt"", ""intensity"": ""low""}"
EN_06_01_10_2_2,words_only,contempt,low,"{""emotion"": ""contempt"", ""intensity"": ""low""}"
EN_06_02_01_1_2,words_only,neutral,none,"{""emotion"": ""neutral"", ""intensity"": ""none""}"
EN_06_02_01_2_2,words_only,neutral,none,"{""emotion"": ""neutral"", ""intensity"": ""none""}"
EN_06_02_02_1_2,words_only,neutral,none,"{""emotion"": ""neutral"", ""intensity"": ""none""}"
EN_06_02_02_2_2,words_only,neutral,none,"{""emotion"": ""neutral"", ""intensity"": ""none""}"
EN_06_02_03_1_2,words_only,confidence,low,"{""emotion"": ""confidence"", ""intensity"": ""low""}"
EN_06_02_03_2_2,words_only,confidence,low,"{""emotion"": ""confidence"", ""intensity"": ""low""}"
EN_06_02_04_1_2,words_only,neutral,none,"{""emotion"": ""neutral"", ""intensity"": ""none""}"
EN_06_02_04_2_2,words_only,neutral,none,"{""emotion"": ""neutral"", ""intensity"": ""none""}"
EN_06_02_05_1_2,words_only,neutral,none,"{""emotion"": ""neutral"", ""intensity"": ""none""}"
EN_06_02_05_2_2,words_only,neutral,none,"{""emotion"": ""neutral"", ""intensity"": ""none""}"
EN_06_02_06_1_2,words_only,neutral,none,"{""emotion"": ""neutral"", ""intensity"": ""none""}"
EN_06_02_06_2_2,words_only,neutral,none,"{""emotion"": ""neutral"", ""intensity"": ""none""}"
EN_06_02_07_1_2,words_only,neutral,none,"{""emotion"": ""neutral"", ""intensity"": ""none""}"
EN_06_02_07_2_2,words_only,neutral,none,"{""emotion"": ""neutral"", ""intensity"": ""none""}"
EN_06_02_08_1_2,words_only,neutral,none,"{""emotion"": ""neutral"", ""intensity"": ""none""}"
EN_06_02_08_2_2,words_only,neutral,none,"{""emotion"": ""neutral"", ""intensity"": ""none""}"
EN_06_02_09_1_2,words_only,neutral,none,"{""emotion"": ""neutral"", ""intensity"": ""none""}"
EN_06_02_09_2_2,words_only,neutral,none,"{""emotion"": ""neutral"", ""intensity"": ""none""}"
EN_06_02_10_1_2,words_only,contempt,low,"{""emotion"": ""contempt"", ""intensity"": ""low""}"
EN_06_02_10_2_2,words_only,contempt,low,"{""emotion"": ""contempt"", ""intensity"": ""low""}"
EN_06_03_01_1_2,words_only,neutral,none,"{""emotion"": ""neutral"", ""intensity"": ""none""}"
EN_06_03_01_2_2,words_only,neutral,none,"{""emotion"": ""neutral"", ""intensity"": ""none""}"
EN_06_03_02_1_2,words_only,neutral,none,"{""emotion"": ""neutral"", ""intensity"": ""none""}"
EN_06_03_02_2_2,words_only,neutral,none,"{""emotion"": ""neutral"", ""intensity"": ""none""}"
EN_06_03_03_1_2,words_only,confidence,low,"{""emotion"": ""confidence"", ""intensity"": ""low""}"
EN_06_03_03_2_2,words_only,confidence,low,"{""emotion"": ""confidence"", ""intensity"": ""low""}"
EN_06_03_04_1_2,words_only,neutral,none,"{""emotion"": ""neutral"", ""intensity"": ""none""}"
EN_06_03_04_2_2,words_only,neutral,none,"{""emotion"": ""neutral"", ""intensity"": ""none""}"
EN_06_03_05_1_2,words_only,neutral,none,"{""emotion"": ""neutral"", ""intensity"": ""none""}"
EN_06_03_05_2_2,words_only,neutral,none,"{""emotion"": ""neutral"", ""intensity"": ""none""}"
EN_06_03_06_1_2,words_only,neutral,none,"{""emotion"": ""neutral"", ""intensity"": ""none""}"
EN_06_03_06_2_2,words_only,neutral,none,"{""emotion"": ""neutral"", ""intensity"": ""none""}"
EN_06_03_07_1_2,words_only,neutral,none,"{""emotion"": ""neutral"", ""intensity"": ""none""}"
EN_06_03_07_2_2,words_only,neutral,none,"{""emotion"": ""neutral"", ""intensity"": ""none""}"
EN_06_03_08_1_2,words_only,neutral,none,"{""emotion"": ""neutral"", ""intensity"": ""none""}"
EN_06_03_08_2_2,words_only,neutral,none,"{""emotion"": ""neutral"", ""intensity"": ""none""}"
EN_06_03_09_1_2,words_only,neutral,none,"{""emotion"": ""neutral"", ""intensity"": ""none""}"
EN_06_03_09_2_2,words_only,neutral,none,"{""emotion"": ""neutral"", ""intensity"": ""none""}"
EN_06_03_10_1_2,words_only,contempt,low,"{""emotion"": ""contempt"", ""intensity"": ""low""}"
EN_06_03_10_2_2,words_only,contempt,low,"{""emotion"": ""contempt"", ""intensity"": ""low""}"
EN_06_04_01_1_2,words_only,neutral,none,"{""emotion"": ""neutral"", ""intensity"": ""none""}"
EN_06_04_01_2_2,words_only,neutral,none,"{""emotion"": ""neutral"", ""intensity"": ""none""}"
EN_06_04_02_1_2,words_only,neutral,none,"{""emotion"": ""neutral"", ""intensity"": ""none""}"
EN_06_04_02_2_2,words_only,neutral,none,"{""emotion"": ""neutral"", ""intensity"": ""none""}"
EN_06_04_03_1_2,words_only,confidence,low,"{""emotion"": ""confidence"", ""intensity"": ""low""}"
EN_06_04_03_2_2,words_only,confidence,low,"{""emotion"": ""confidence"", ""intensity"": ""low""}"
EN_06_04_04_1_2,words_only,neutral,none,"{""emotion"": ""neutral"", ""intensity"": ""none""}"
EN_06_04_04_2_2,words_only,surprise,low,"{""emotion"": ""surprise"", ""intensity"": ""low""}"
EN_06_04_05_1_2,words_only,neutral,none,"{""emotion"": ""neutral"", ""intensity"": ""none""}"
EN_06_04_05_2_2,words_only,neutral,none,"{""emotion"": ""neutral"", ""intensity"": ""none""}"
EN_06_04_06_1_2,words_only,confusion,high,"{""emotion"": ""confusion"", ""intensity"": ""high""}"
EN_06_04_06_2_2,words_only,neutral,none,"{""emotion"": ""neutral"", ""intensity"": ""none""}"
EN_06_04_07_1_2,words_only,neutral,none,"{""emotion"": ""neutral"", ""intensity"": ""none""}"
EN_06_04_07_2_2,words_only,anger,high,"{""emotion"": ""anger"", ""intensity"": ""high""}"
EN_06_04_08_1_2,words_only,neutral,none,"{""emotion"": ""neutral"", ""intensity"": ""none""}"
EN_06_04_08_2_2,words_only,neutral,none,"{""emotion"": ""neutral"", ""intensity"": ""none""}"
EN_06_04_09_1_2,words_only,neutral,none,"{""emotion"": ""neutral"", ""intensity"": ""none""}"
EN_06_04_09_2_2,words_only,neutral,none,"{""emotion"": ""neutral"", ""intensity"": ""none""}"
EN_06_04_10_1_2,words_only,contempt,low,"{""emotion"": ""contempt"", ""intensity"": ""low""}"
EN_06_04_10_2_2,words_only,neutral,none,"{""emotion"": ""neutral"", ""intensity"": ""none""}"
EN_06_05_01_1_2,words_only,neutral,none,"{""emotion"": ""neutral"", ""intensity"": ""none""}"
EN_06_05_01_2_2,words_only,neutral,none,"{""emotion"": ""neutral"", ""intensity"": ""none""}"
EN_06_05_02_1_2,words_only,neutral,none,"{""emotion"": ""neutral"", ""intensity"": ""none""}"
EN_06_05_02_2_2,words_only,neutral,none,"{""emotion"": ""neutral"", ""intensity"": ""none""}"
EN_06_05_03_1_2,words_only,confidence,low,"{""emotion"": ""confidence"", ""intensity"": ""low""}"
EN_06_05_03_2_2,words_only,confidence,low,"{""emotion"": ""confidence"", ""intensity"": ""low""}"
EN_06_05_04_1_2,words_only,neutral,none,"{""emotion"": ""neutral"", ""intensity"": ""none""}"
EN_06_05_04_2_2,words_only,surprise,low,"{""emotion"": ""surprise"", ""intensity"": ""low""}"
EN_06_05_05_1_2,words_only,neutral,none,"{""emotion"": ""neutral"", ""intensity"": ""none""}"
EN_06_05_05_2_2,words_only,neutral,none,"{""emotion"": ""neutral"", ""intensity"": ""none""}"
EN_06_05_06_1_2,words_only,neutral,none,"{""emotion"": ""neutral"", ""intensity"": ""none""}"
EN_06_05_06_2_2,words_only,neutral,none,"{""emotion"": ""neutral"", ""intensity"": ""none""}"
EN_06_05_07_1_2,words_only,neutral,none,"{""emotion"": ""neutral"", ""intensity"": ""none""}"
EN_06_05_07_2_2,words_only,neutral,none,"{""emotion"": ""neutral"", ""intensity"": ""none""}"
EN_06_05_08_1_2,words_only,neutral,none,"{""emotion"": ""neutral"", ""intensity"": ""none""}"
EN_06_05_08_2_2,words_only,neutral,none,"{""emotion"": ""neutral"", ""intensity"": ""none""}"
EN_06_05_09_1_2,words_only,neutral,none,"{""emotion"": ""neutral"", ""intensity"": ""none""}"
EN_06_05_09_2_2,words_only,neutral,none,"{""emotion"": ""neutral"", ""intensity"": ""none""}"
EN_06_05_10_1_2,words_only,contempt,low,"{""emotion"": ""contempt"", ""intensity"": ""low""}"
EN_06_05_10_2_2,words_only,contempt,low,"{""emotion"": ""contempt"", ""intensity"": ""low""}"
EN_06_06_01_1_2,words_only,neutral,none,"{""emotion"": ""neutral"", ""intensity"": ""none""}"
EN_06_06_01_2_2,words_only,neutral,none,"{""emotion"": ""neutral"", ""intensity"": ""none""}"
EN_06_06_02_1_2,words_only,neutral,none,"{""emotion"": ""neutral"", ""intensity"": ""none""}"
EN_06_06_02_2_2,words_only,neutral,none,"{""emotion"": ""neutral"", ""intensity"": ""none""}"
EN_06_06_03_1_2,words_only,confidence,low,"{""emotion"": ""confidence"", ""intensity"": ""low""}"
EN_06_06_03_2_2,words_only,confidence,low,"{""emotion"": ""confidence"", ""intensity"": ""low""}"
EN_06_06_04_1_2,words_only,neutral,none,"{""emotion"": ""neutral"", ""intensity"": ""none""}"
EN_06_06_04_2_2,words_only,neutral,none,"{""emotion"": ""neutral"", ""intensity"": ""none""}"
EN_06_06_05_1_2,words_only,neutral,none,"{""emotion"": ""neutral"", ""intensity"": ""none""}"
EN_06_06_05_2_2,words_only,neutral,none,"{""emotion"": ""neutral"", ""intensity"": ""none""}"
EN_06_06_06_1_2,words_only,neutral,none,"{""emotion"": ""neutral"", ""intensity"": ""none""}"
EN_06_06_06_2_2,words_only,neutral,none,"{""emotion"": ""neutral"", ""intensity"": ""none""}"
EN_06_06_07_1_2,words_only,neutral,none,"{""emotion"": ""neutral"", ""intensity"": ""none""}"
EN_06_06_07_2_2,words_only,neutral,none,"{""emotion"": ""neutral"", ""intensity"": ""none""}"
EN_06_06_08_1_2,words_only,neutral,none,"{""emotion"": ""neutral"", ""intensity"": ""none""}"
EN_06_06_08_2_2,words_only,neutral,none,"{""emotion"": ""neutral"", ""intensity"": ""none""}"
EN_06_06_09_1_2,words_only,neutral,none,"{""emotion"": ""neutral"", ""intensity"": ""none""}"
EN_06_06_09_2_2,words_only,neutral,none,"{""emotion"": ""neutral"", ""intensity"": ""none""}"
EN_06_06_10_1_2,words_only,neutral,none,"{""emotion"": ""neutral"", ""intensity"": ""none""}"
EN_06_06_10_2_2,words_only,neutral,none,"{""emotion"": ""neutral"", ""intensity"": ""none""}"
EN_06_07_01_1_2,words_only,neutral,none,"{""emotion"": ""neutral"", ""intensity"": ""none""}"
EN_06_07_01_2_2,words_only,neutral,none,"{""emotion"": ""neutral"", ""intensity"": ""none""}"
EN_06_07_02_1_2,words_only,neutral,none,"{""emotion"": ""neutral"", ""intensity"": ""none""}"
EN_06_07_02_2_2,words_only,neutral,none,"{""emotion"": ""neutral"", ""intensity"": ""none""}"
EN_06_07_03_1_2,words_only,confidence,low,"{""emotion"": ""confidence"", ""intensity"": ""low""}"
EN_06_07_03_2_2,words_only,confidence,low,"{""emotion"": ""confidence"", ""intensity"": ""low""}"
EN_06_07_04_1_2,words_only,neutral,none,"{""emotion"": ""neutral"", ""intensity"": ""none""}"
EN_06_07_04_2_2,words_only,neutral,none,"{""emotion"": ""neutral"", ""intensity"": ""none""}"
EN_06_07_05_1_2,words_only,neutral,none,"{""emotion"": ""neutral"", ""intensity"": ""none""}"
EN_06_07_05_2_2,words_only,neutral,none,"{""emotion"": ""neutral"", ""intensity"": ""none""}"
EN_06_07_06_1_2,words_only,neutral,none,"{""emotion"": ""neutral"", ""intensity"": ""none""}"
EN_06_07_06_2_2,words_only,neutral,none,"{""emotion"": ""neutral"", ""intensity"": ""none""}"
EN_06_07_07_1_2,words_only,neutral,none,"{""emotion"": ""neutral"", ""intensity"": ""none""}"
EN_06_07_07_2_2,words_only,neutral,none,"{""emotion"": ""neutral"", ""intensity"": ""none""}"
EN_06_07_08_1_2,words_only,neutral,none,"{""emotion"": ""neutral"", ""intensity"": ""none""}"
EN_06_07_08_2_2,words_only,neutral,none,"{""emotion"": ""neutral"", ""intensity"": ""none""}"
EN_06_07_09_1_2,words_only,neutral,none,"{""emotion"": ""neutral"", ""intensity"": ""none""}"
EN_06_07_09_2_2,words_only,neutral,none,"{""emotion"": ""neutral"", ""intensity"": ""none""}"
EN_06_07_10_1_2,words_only,contempt,low,"{""emotion"": ""contempt"", ""intensity"": ""low""}"
EN_06_07_10_2_2,words_only,contempt,low,"{""emotion"": ""contempt"", ""intensity"": ""low""}"
EN_06_08_01_1_2,words_only,neutral,none,"{""emotion"": ""neutral"", ""intensity"": ""none""}"
EN_06_08_01_2_2,words_only,neutral,none,"{""emotion"": ""neutral"", ""intensity"": ""none""}"
EN_06_08_02_1_2,words_only,neutral,none,"{""emotion"": ""neutral"", ""intensity"": ""none""}"
EN_06_08_02_2_2,words_only,neutral,none,"{""emotion"": ""neutral"", ""intensity"": ""none""}"
EN_06_08_03_1_2,words_only,confidence,low,"{""emotion"": ""confidence"", ""intensity"": ""low""}"
EN_06_08_03_2_2,words_only,confidence,low,"{""emotion"": ""confidence"", ""intensity"": ""low""}"
EN_06_08_04_1_2,words_only,surprise,low,"{""emotion"": ""surprise"", ""intensity"": ""low""}"
EN_06_08_04_2_2,words_only,surprise,low,"{""emotion"": ""surprise"", ""intensity"": ""low""}"
EN_06_08_05_1_2,words_only,neutral,none,"{""emotion"": ""neutral"", ""intensity"": ""none""}"
EN_06_08_05_2_2,words_only,neutral,none,"{""emotion"": ""neutral"", ""intensity"": ""none""}"
EN_06_08_06_1_2,words_only,neutral,none,"{""emotion"": ""neutral"", ""intensity"": ""none""}"
EN_06_08_06_2_2,words_only,neutral,none,"{""emotion"": ""neutral"", ""intensity"": ""none""}"
EN_06_08_07_1_2,words_only,neutral,none,"{""emotion"": ""neutral"", ""intensity"": ""none""}"
EN_06_08_07_2_2,words_only,neutral,none,"{""emotion"": ""neutral"", ""intensity"": ""none""}"
EN_06_08_08_1_2,words_only,neutral,none,"{""emotion"": ""neutral"", ""intensity"": ""none""}"
EN_06_08_08_2_2,words_only,confusion,high,"{""emotion"": ""confusion"", ""intensity"": ""high""}"
EN_06_08_09_1_2,words_only,neutral,none,"{""emotion"": ""neutral"", ""intensity"": ""none""}"
EN_06_08_09_2_2,words_only,neutral,none,"{""emotion"": ""neutral"", ""intensity"": ""none""}"
EN_06_08_10_1_2,words_only,contempt,low,"{""emotion"": ""contempt"", ""intensity"": ""low""}"
EN_06_08_10_2_2,words_only,confusion,low,"{""emotion"": ""confusion"", ""intensity"": ""low""}"
EN_06_09_01_1_2,words_only,neutral,none,"{""emotion"": ""neutral"", ""intensity"": ""none""}"
EN_06_09_01_2_2,words_only,neutral,none,"{""emotion"": ""neutral"", ""intensity"": ""none""}"
EN_06_09_02_1_2,words_only,neutral,none,"{""emotion"": ""neutral"", ""intensity"": ""none""}"
EN_06_09_02_2_2,words_only,neutral,none,"{""emotion"": ""neutral"", ""intensity"": ""none""}"
EN_06_09_03_1_2,words_only,confidence,low,"{""emotion"": ""confidence"", ""intensity"": ""low""}"
EN_06_09_03_2_2,words_only,confidence,low,"{""emotion"": ""confidence"", ""intensity"": ""low""}"
EN_06_09_04_1_2,words_only,neutral,none,"{""emotion"": ""neutral"", ""intensity"": ""none""}"
EN_06_09_04_2_2,words_only,neutral,none,"{""emotion"": ""neutral"", ""intensity"": ""none""}"
EN_06_09_05_1_2,words_only,neutral,none,"{""emotion"": ""neutral"", ""intensity"": ""none""}"
EN_06_09_05_2_2,words_only,neutral,none,"{""emotion"": ""neutral"", ""intensity"": ""none""}"
EN_06_09_06_1_2,words_only,neutral,none,"{""emotion"": ""neutral"", ""intensity"": ""none""}"
EN_06_09_06_2_2,words_only,neutral,none,"{""emotion"": ""neutral"", ""intensity"": ""none""}"
EN_06_09_07_1_2,words_only,neutral,none,"{""emotion"": ""neutral"", ""intensity"": ""none""}"
EN_06_09_07_2_2,words_only,neutral,none,"{""emotion"": ""neutral"", ""intensity"": ""none""}"
EN_06_09_08_1_2,words_only,neutral,none,"{""emotion"": ""neutral"", ""intensity"": ""none""}"
EN_06_09_08_2_2,words_only,neutral,none,"{""emotion"": ""neutral"", ""intensity"": ""none""}"
EN_06_09_09_1_2,words_only,neutral,none,"{""emotion"": ""neutral"", ""intensity"": ""none""}"
EN_06_09_09_2_2,words_only,neutral,none,"{""emotion"": ""neutral"", ""intensity"": ""none""}"
EN_06_09_10_1_2,words_only,contempt,low,"{""emotion"": ""contempt"", ""intensity"": ""low""}"
EN_06_09_10_2_2,words_only,contempt,low,"{""emotion"": ""contempt"", ""intensity"": ""low""}"
EN_06_10_01_1_2,words_only,neutral,none,"{""emotion"": ""neutral"", ""intensity"": ""none""}"
EN_06_10_01_2_2,words_only,neutral,none,"{""emotion"": ""neutral"", ""intensity"": ""none""}"
EN_06_10_02_1_2,words_only,neutral,none,"{""emotion"": ""neutral"", ""intensity"": ""none""}"
EN_06_10_02_2_2,words_only,neutral,none,"{""emotion"": ""neutral"", ""intensity"": ""none""}"
EN_06_10_03_1_2,words_only,confidence,low,"{""emotion"": ""confidence"", ""intensity"": ""low""}"
EN_06_10_03_2_2,words_only,confidence,low,"{""emotion"": ""confidence"", ""intensity"": ""low""}"
EN_06_10_04_1_2,words_only,neutral,none,"{""emotion"": ""neutral"", ""intensity"": ""none""}"
EN_06_10_04_2_2,words_only,neutral,none,"{""emotion"": ""neutral"", ""intensity"": ""none""}"
EN_06_10_05_1_2,words_only,neutral,none,"{""emotion"": ""neutral"", ""intensity"": ""none""}"
EN_06_10_05_2_2,words_only,neutral,none,"{""emotion"": ""neutral"", ""intensity"": ""none""}"
EN_06_10_06_1_2,words_only,neutral,none,"{""emotion"": ""neutral"", ""intensity"": ""none""}"
EN_06_10_06_2_2,words_only,neutral,none,"{""emotion"": ""neutral"", ""intensity"": ""none""}"
EN_06_10_07_1_2,words_only,neutral,none,"{""emotion"": ""neutral"", ""intensity"": ""none""}"
EN_06_10_07_2_2,words_only,neutral,none,"{""emotion"": ""neutral"", ""intensity"": ""none""}"
EN_06_10_08_1_2,words_only,neutral,none,"{""emotion"": ""neutral"", ""intensity"": ""none""}"
EN_06_10_08_2_2,words_only,neutral,none,"{""emotion"": ""neutral"", ""intensity"": ""none""}"
EN_06_10_09_1_2,words_only,neutral,none,"{""emotion"": ""neutral"", ""intensity"": ""none""}"
EN_06_10_09_2_2,words_only,neutral,none,"{""emotion"": ""neutral"", ""intensity"": ""none""}"
EN_06_10_10_1_2,words_only,contempt,low,"{""emotion"": ""contempt"", ""intensity"": ""low""}"
EN_06_10_10_2_2,words_only,contempt,low,"{""emotion"": ""contempt"", ""intensity"": ""low""}"
EN_07_00_01,words_only,neutral,none,"{""emotion"": ""neutral"", ""intensity"": ""none""}"
EN_07_00_02,words_only,neutral,none,"{""emotion"": ""neutral"", ""intensity"": ""none""}"
EN_07_00_03,words_only,confidence,low,"{""emotion"": ""confidence"", ""intensity"": ""low""}"
EN_07_00_04,words_only,neutral,none,"{""emotion"": ""neutral"", ""intensity"": ""none""}"
EN_07_00_05,words_only,neutral,none,"{""emotion"": ""neutral"", ""intensity"": ""none""}"
EN_07_00_06,words_only,neutral,none,"{""emotion"": ""neutral"", ""intensity"": ""none""}"
EN_07_00_07,words_only,neutral,none,"{""emotion"": ""neutral"", ""intensity"": ""none""}"
EN_07_00_08,words_only,neutral,none,"{""emotion"": ""neutral"", ""intensity"": ""none""}"
EN_07_00_09,words_only,neutral,none,"{""emotion"": ""neutral"", ""intensity"": ""none""}"
EN_07_00_10,words_only,contempt,low,"{""emotion"": ""contempt"", ""intensity"": ""low""}"
EN_07_01_01_1_2,words_only,neutral,none,"{""emotion"": ""neutral"", ""intensity"": ""none""}"
EN_07_01_01_2_2,words_only,neutral,none,"{""emotion"": ""neutral"", ""intensity"": ""none""}"
EN_07_01_02_1_2,words_only,neutral,none,"{""emotion"": ""neutral"", ""intensity"": ""none""}"
EN_07_01_02_2_2,words_only,neutral,none,"{""emotion"": ""neutral"", ""intensity"": ""none""}"
EN_07_01_03_1_2,words_only,confidence,low,"{""emotion"": ""confidence"", ""intensity"": ""low""}"
EN_07_01_03_2_2,words_only,neutral,none,"{""emotion"": ""neutral"", ""intensity"": ""none""}"
EN_07_01_04_1_2,words_only,neutral,none,"{""emotion"": ""neutral"", ""intensity"": ""none""}"
EN_07_01_04_2_2,words_only,neutral,none,"{""emotion"": ""neutral"", ""intensity"": ""none""}"
EN_07_01_05_1_2,words_only,neutral,none,"{""emotion"": ""neutral"", ""intensity"": ""none""}"
EN_07_01_05_2_2,words_only,neutral,none,"{""emotion"": ""neutral"", ""intensity"": ""none""}"
EN_07_01_06_1_2,words_only,neutral,none,"{""emotion"": ""neutral"", ""intensity"": ""none""}"
EN_07_01_06_2_2,words_only,neutral,none,"{""emotion"": ""neutral"", ""intensity"": ""none""}"
EN_07_01_07_1_2,words_only,neutral,none,"{""emotion"": ""neutral"", ""intensity"": ""none""}"
EN_07_01_07_2_2,words_only,neutral,none,"{""emotion"": ""neutral"", ""intensity"": ""none""}"
EN_07_01_08_1_2,words_only,neutral,none,"{""emotion"": ""neutral"", ""intensity"": ""none""}"
EN_07_01_08_2_2,words_only,neutral,none,"{""emotion"": ""neutral"", ""intensity"": ""none""}"
EN_07_01_09_1_2,words_only,neutral,none,"{""emotion"": ""neutral"", ""intensity"": ""none""}"
EN_07_01_09_2_2,words_only,neutral,none,"{""emotion"": ""neutral"", ""intensity"": ""none""}"
EN_07_01_10_1_2,words_only,contempt,low,"{""emotion"": ""contempt"", ""intensity"": ""low""}"
EN_07_01_10_2_2,words_only,contempt,low,"{""emotion"": ""contempt"", ""intensity"": ""low""}"
EN_07_02_01_1_2,words_only,neutral,none,"{""emotion"": ""neutral"", ""intensity"": ""none""}"
EN_07_02_01_2_2,words_only,neutral,none,"{""emotion"": ""neutral"", ""intensity"": ""none""}"
EN_07_02_02_1_2,words_only,neutral,none,"{""emotion"": ""neutral"", ""intensity"": ""none""}"
EN_07_02_02_2_2,words_only,neutral,none,"{""emotion"": ""neutral"", ""intensity"": ""none""}"
EN_07_02_03_1_2,words_only,confidence,low,"{""emotion"": ""confidence"", ""intensity"": ""low""}"
EN_07_02_03_2_2,words_only,confidence,low,"{""emotion"": ""confidence"", ""intensity"": ""low""}"
EN_07_02_04_1_2,words_only,sadness,low,"{""emotion"": ""sadness"", ""intensity"": ""low""}"
EN_07_02_04_2_2,words_only,neutral,none,"{""emotion"": ""neutral"", ""intensity"": ""none""}"
EN_07_02_05_1_2,words_only,neutral,none,"{""emotion"": ""neutral"", ""intensity"": ""none""}"
EN_07_02_05_2_2,words_only,neutral,none,"{""emotion"": ""neutral"", ""intensity"": ""none""}"
EN_07_02_06_1_2,words_only,neutral,none,"{""emotion"": ""neutral"", ""intensity"": ""none""}"
EN_07_02_06_2_2,words_only,neutral,none,"{""emotion"": ""neutral"", ""intensity"": ""none""}"
EN_07_02_07_1_2,words_only,neutral,none,"{""emotion"": ""neutral"", ""intensity"": ""none""}"
EN_07_02_07_2_2,words_only,neutral,none,"{""emotion"": ""neutral"", ""intensity"": ""none""}"
EN_07_02_08_1_2,words_only,neutral,none,"{""emotion"": ""neutral"", ""intensity"": ""none""}"
EN_07_02_08_2_2,words_only,neutral,none,"{""emotion"": ""neutral"", ""intensity"": ""none""}"
EN_07_02_09_1_2,words_only,neutral,none,"{""emotion"": ""neutral"", ""intensity"": ""none""}"
EN_07_02_09_2_2,words_only,neutral,none,"{""emotion"": ""neutral"", ""intensity"": ""none""}"
EN_07_02_10_1_2,words_only,contempt,low,"{""emotion"": ""contempt"", ""intensity"": ""low""}"
EN_07_02_10_2_2,words_only,contempt,low,"{""emotion"": ""contempt"", ""intensity"": ""low""}"
EN_07_03_01_1_2,words_only,neutral,none,"{""emotion"": ""neutral"", ""intensity"": ""none""}"
EN_07_03_01_2_2,words_only,surprise,low,"{""emotion"": ""surprise"", ""intensity"": ""low""}"
EN_07_03_02_1_2,words_only,neutral,none,"{""emotion"": ""neutral"", ""intensity"": ""none""}"
EN_07_03_02_2_2,words_only,anger,high,"{""emotion"": ""anger"", ""intensity"": ""high""}"
EN_07_03_03_1_2,words_only,confidence,low,"{""emotion"": ""confidence"", ""intensity"": ""low""}"
EN_07_03_03_2_2,words_only,neutral,none,"{""emotion"": ""neutral"", ""intensity"": ""none""}"
EN_07_03_04_1_2,words_only,confidence,low,"{""emotion"": ""confidence"", ""intensity"": ""low""}"
EN_07_03_04_2_2,words_only,neutral,none,"{""emotion"": ""neutral"", ""intensity"": ""none""}"
EN_07_03_05_1_2,words_only,neutral,none,"{""emotion"": ""neutral"", ""intensity"": ""none""}"
EN_07_03_05_2_2,words_only,confusion,low,"{""emotion"": ""confusion"", ""intensity"": ""low""}"
EN_07_03_06_1_2,words_only,neutral,none,"{""emotion"": ""neutral"", ""intensity"": ""none""}"
EN_07_03_06_2_2,words_only,neutral,none,"{""emotion"": ""neutral"", ""intensity"": ""none""}"
EN_07_03_07_1_2,words_only,neutral,none,"{""emotion"": ""neutral"", ""intensity"": ""none""}"
EN_07_03_07_2_2,words_only,neutral,none,"{""emotion"": ""neutral"", ""intensity"": ""none""}"
EN_07_03_08_1_2,words_only,disgust,high,"{""emotion"": ""disgust"", ""intensity"": ""high""}"
EN_07_03_08_2_2,words_only,confusion,high,"{""emotion"": ""confusion"", ""intensity"": ""high""}"
EN_07_03_09_1_2,words_only,anger,low,"{""emotion"": ""anger"", ""intensity"": ""low""}"
EN_07_03_09_2_2,words_only,anger,high,"{""emotion"": ""anger"", ""intensity"": ""high""}"
EN_07_03_10_1_2,words_only,neutral,none,"{""emotion"": ""neutral"", ""intensity"": ""none""}"
EN_07_03_10_2_2,words_only,,,"{""emotion"": ""frustration"", ""intensity"": ""high""}"
EN_07_04_01_1_2,words_only,neutral,none,"{""emotion"": ""neutral"", ""intensity"": ""none""}"
EN_07_04_01_2_2,words_only,neutral,none,"{""emotion"": ""neutral"", ""intensity"": ""none""}"
EN_07_04_02_1_2,words_only,neutral,none,"{""emotion"": ""neutral"", ""intensity"": ""none""}"
EN_07_04_02_2_2,words_only,confidence,low,"{""emotion"": ""confidence"", ""intensity"": ""low""}"
EN_07_04_03_1_2,words_only,confidence,low,"{""emotion"": ""confidence"", ""intensity"": ""low""}"
EN_07_04_03_2_2,words_only,neutral,none,"{""emotion"": ""neutral"", ""intensity"": ""none""}"
EN_07_04_04_1_2,words_only,neutral,none,"{""emotion"": ""neutral"", ""intensity"": ""none""}"
EN_07_04_04_2_2,words_only,neutral,none,"{""emotion"": ""neutral"", ""intensity"": ""none""}"
EN_07_04_05_1_2,words_only,confusion,low,"{""emotion"": ""confusion"", ""intensity"": ""low""}"
EN_07_04_05_2_2,words_only,confusion,high,"{""emotion"": ""confusion"", ""intensity"": ""high""}"
EN_07_04_06_1_2,words_only,neutral,none,"{""emotion"": ""neutral"", ""intensity"": ""none""}"
EN_07_04_06_2_2,words_only,neutral,none,"{""emotion"": ""neutral"", ""intensity"": ""none""}"
EN_07_04_07_1_2,words_only,neutral,none,"{""emotion"": ""neutral"", ""intensity"": ""none""}"
EN_07_04_07_2_2,words_only,neutral,none,"{""emotion"": ""neutral"", ""intensity"": ""none""}"
EN_07_04_08_1_2,words_only,confusion,high,"{""emotion"": ""confusion"", ""intensity"": ""high""}"
EN_07_04_08_2_2,words_only,anger,high,"{""emotion"": ""anger"", ""intensity"": ""high""}"
EN_07_04_09_1_2,words_only,neutral,none,"{""emotion"": ""neutral"", ""intensity"": ""none""}"
EN_07_04_09_2_2,words_only,confidence,high,"{""emotion"": ""confidence"", ""intensity"": ""high""}"
EN_07_04_10_1_2,words_only,anger,low,"{""emotion"": ""anger"", ""intensity"": ""low""}"
EN_07_04_10_2_2,words_only,contempt,low,"{""emotion"": ""contempt"", ""intensity"": ""low""}"
EN_07_05_01_1_2,words_only,neutral,none,"{""emotion"": ""neutral"", ""intensity"": ""none""}"
EN_07_05_01_2_2,words_only,neutral,none,"{""emotion"": ""neutral"", ""intensity"": ""none""}"
EN_07_05_02_1_2,words_only,neutral,none,"{""emotion"": ""neutral"", ""intensity"": ""none""}"
EN_07_05_02_2_2,words_only,neutral,none,"{""emotion"": ""neutral"", ""intensity"": ""none""}"
EN_07_05_03_1_2,words_only,confidence,low,"{""emotion"": ""confidence"", ""intensity"": ""low""}"
EN_07_05_03_2_2,words_only,confidence,low,"{""emotion"": ""confidence"", ""intensity"": ""low""}"
EN_07_05_04_1_2,words_only,surprise,low,"{""emotion"": ""surprise"", ""intensity"": ""low""}"
EN_07_05_04_2_2,words_only,confusion,low,"{""emotion"": ""confusion"", ""intensity"": ""low""}"
EN_07_05_05_1_2,words_only,confidence,high,"{""emotion"": ""confidence"", ""intensity"": ""high""}"
EN_07_05_05_2_2,words_only,neutral,none,"{""emotion"": ""neutral"", ""intensity"": ""none""}"
EN_07_05_06_1_2,words_only,neutral,none,"{""emotion"": ""neutral"", ""intensity"": ""none""}"
EN_07_05_06_2_2,words_only,neutral,none,"{""emotion"": ""neutral"", ""intensity"": ""none""}"
EN_07_05_07_1_2,words_only,neutral,none,"{""emotion"": ""neutral"", ""intensity"": ""none""}"
EN_07_05_07_2_2,words_only,neutral,none,"{""emotion"": ""neutral"", ""intensity"": ""none""}"
EN_07_05_08_1_2,words_only,disgust,high,"{""emotion"": ""disgust"", ""intensity"": ""high""}"
EN_07_05_08_2_2,words_only,neutral,none,"{""emotion"": ""neutral"", ""intensity"": ""none""}"
EN_07_05_09_1_2,words_only,neutral,none,"{""emotion"": ""neutral"", ""intensity"": ""none""}"
EN_07_05_09_2_2,words_only,neutral,none,"{""emotion"": ""neutral"", ""intensity"": ""none""}"
EN_07_05_10_1_2,words_only,contempt,low,"{""emotion"": ""contempt"", ""intensity"": ""low""}"
EN_07_05_10_2_2,words_only,contempt,low,"{""emotion"": ""contempt"", ""intensity"": ""low""}"
EN_07_06_01_1_2,words_only,neutral,none,"{""emotion"": ""neutral"", ""intensity"": ""none""}"
EN_07_06_01_2_2,words_only,neutral,none,"{""emotion"": ""neutral"", ""intensity"": ""none""}"
EN_07_06_02_1_2,words_only,anger,high,"{""emotion"": ""anger"", ""intensity"": ""high""}"
EN_07_06_02_2_2,words_only,neutral,none,"{""emotion"": ""neutral"", ""intensity"": ""none""}"
EN_07_06_03_1_2,words_only,confidence,low,"{""emotion"": ""confidence"", ""intensity"": ""low""}"
EN_07_06_03_2_2,words_only,confidence,low,"{""emotion"": ""confidence"", ""intensity"": ""low""}"
EN_07_06_04_1_2,words_only,neutral,none,"{""emotion"": ""neutral"", ""intensity"": ""none""}"
EN_07_06_04_2_2,words_only,neutral,none,"{""emotion"": ""neutral"", ""intensity"": ""none""}"
EN_07_06_05_1_2,words_only,neutral,none,"{""emotion"": ""neutral"", ""intensity"": ""none""}"
EN_07_06_05_2_2,words_only,neutral,none,"{""emotion"": ""neutral"", ""intensity"": ""none""}"
EN_07_06_06_1_2,words_only,neutral,none,"{""emotion"": ""neutral"", ""intensity"": ""none""}"
EN_07_06_06_2_2,words_only,neutral,none,"{""emotion"": ""neutral"", ""intensity"": ""none""}"
EN_07_06_07_1_2,words_only,neutral,none,"{""emotion"": ""neutral"", ""intensity"": ""none""}"
EN_07_06_07_2_2,words_only,neutral,none,"{""emotion"": ""neutral"", ""intensity"": ""none""}"
EN_07_06_08_1_2,words_only,disgust,high,"{""emotion"": ""disgust"", ""intensity"": ""high""}"
EN_07_06_08_2_2,words_only,neutral,none,"{""emotion"": ""neutral"", ""intensity"": ""none""}"
EN_07_06_09_1_2,words_only,neutral,none,"{""emotion"": ""neutral"", ""intensity"": ""none""}"
EN_07_06_09_2_2,words_only,neutral,none,"{""emotion"": ""neutral"", ""intensity"": ""none""}"
EN_07_06_10_1_2,words_only,neutral,none,"{""emotion"": ""neutral"", ""intensity"": ""none""}"
EN_07_06_10_2_2,words_only,anger,low,"{""emotion"": ""anger"", ""intensity"": ""low""}"
EN_07_07_01_1_2,words_only,neutral,none,"{""emotion"": ""neutral"", ""intensity"": ""none""}"
EN_07_07_01_2_2,words_only,neutral,none,"{""emotion"": ""neutral"", ""intensity"": ""none""}"
EN_07_07_02_1_2,words_only,neutral,none,"{""emotion"": ""neutral"", ""intensity"": ""none""}"
EN_07_07_02_2_2,words_only,neutral,none,"{""emotion"": ""neutral"", ""intensity"": ""none""}"
EN_07_07_03_1_2,words_only,confidence,low,"{""emotion"": ""confidence"", ""intensity"": ""low""}"
EN_07_07_03_2_2,words_only,confidence,low,"{""emotion"": ""confidence"", ""intensity"": ""low""}"
EN_07_07_04_1_2,words_only,neutral,none,"{""emotion"": ""neutral"", ""intensity"": ""none""}"
EN_07_07_04_2_2,words_only,surprise,low,"{""emotion"": ""surprise"", ""intensity"": ""low""}"
EN_07_07_05_1_2,words_only,neutral,none,"{""emotion"": ""neutral"", ""intensity"": ""none""}"
EN_07_07_05_2_2,words_only,neutral,none,"{""emotion"": ""neutral"", ""intensity"": ""none""}"
EN_07_07_06_1_2,words_only,neutral,none,"{""emotion"": ""neutral"", ""intensity"": ""none""}"
EN_07_07_06_2_2,words_only,neutral,none,"{""emotion"": ""neutral"", ""intensity"": ""none""}"
EN_07_07_07_1_2,words_only,neutral,none,"{""emotion"": ""neutral"", ""intensity"": ""none""}"
EN_07_07_07_2_2,words_only,neutral,none,"{""emotion"": ""neutral"", ""intensity"": ""none""}"
EN_07_07_08_1_2,words_only,disgust,low,"{""emotion"": ""disgust"", ""intensity"": ""low""}"
EN_07_07_08_2_2,words_only,disgust,high,"{""emotion"": ""disgust"", ""intensity"": ""high""}"
EN_07_07_09_1_2,words_only,neutral,none,"{""emotion"": ""neutral"", ""intensity"": ""none""}"
EN_07_07_09_2_2,words_only,neutral,none,"{""emotion"": ""neutral"", ""intensity"": ""none""}"
EN_07_07_10_1_2,words_only,contempt,low,"{""emotion"": ""contempt"", ""intensity"": ""low""}"
EN_07_07_10_2_2,words_only,contempt,low,"{""emotion"": ""contempt"", ""intensity"": ""low""}"
EN_07_08_01_1_2,words_only,confusion,low,"{""emotion"": ""confusion"", ""intensity"": ""low""}"
EN_07_08_01_2_2,words_only,neutral,none,"{""emotion"": ""neutral"", ""intensity"": ""none""}"
EN_07_08_02_1_2,words_only,neutral,none,"{""emotion"": ""neutral"", ""intensity"": ""none""}"
EN_07_08_02_2_2,words_only,neutral,none,"{""emotion"": ""neutral"", ""intensity"": ""none""}"
EN_07_08_03_1_2,words_only,confidence,low,"{""emotion"": ""confidence"", ""intensity"": ""low""}"
EN_07_08_03_2_2,words_only,confidence,low,"{""emotion"": ""confidence"", ""intensity"": ""low""}"
EN_07_08_04_1_2,words_only,neutral,none,"{""emotion"": ""neutral"", ""intensity"": ""none""}"
EN_07_08_04_2_2,words_only,neutral,none,"{""emotion"": ""neutral"", ""intensity"": ""none""}"
EN_07_08_05_1_2,words_only,neutral,none,"{""emotion"": ""neutral"", ""intensity"": ""none""}"
EN_07_08_05_2_2,words_only,neutral,none,"{""emotion"": ""neutral"", ""intensity"": ""none""}"
EN_07_08_06_1_2,words_only,neutral,none,"{""emotion"": ""neutral"", ""intensity"": ""none""}"
EN_07_08_06_2_2,words_only,neutral,none,"{""emotion"": ""neutral"", ""intensity"": ""none""}"
EN_07_08_07_1_2,words_only,neutral,none,"{""emotion"": ""neutral"", ""intensity"": ""none""}"
EN_07_08_07_2_2,words_only,neutral,none,"{""emotion"": ""neutral"", ""intensity"": ""none""}"
EN_07_08_08_1_2,words_only,neutral,none,"{""emotion"": ""neutral"", ""intensity"": ""none""}"
EN_07_08_08_2_2,words_only,neutral,none,"{""emotion"": ""neutral"", ""intensity"": ""none""}"
EN_07_08_09_1_2,words_only,neutral,none,"{""emotion"": ""neutral"", ""intensity"": ""none""}"
EN_07_08_09_2_2,words_only,neutral,none,"{""emotion"": ""neutral"", ""intensity"": ""none""}"
EN_07_08_10_1_2,words_only,contempt,low,"{""emotion"": ""contempt"", ""intensity"": ""low""}"
EN_07_08_10_2_2,words_only,contempt,low,"{""emotion"": ""contempt"", ""intensity"": ""low""}"
EN_07_09_01_1_2,words_only,confusion,high,"{""emotion"": ""confusion"", ""intensity"": ""high""}"
EN_07_09_01_2_2,words_only,neutral,none,"{""emotion"": ""neutral"", ""intensity"": ""none""}"
EN_07_09_02_1_2,words_only,neutral,none,"{""emotion"": ""neutral"", ""intensity"": ""none""}"
EN_07_09_02_2_2,words_only,neutral,none,"{""emotion"": ""neutral"", ""intensity"": ""none""}"
EN_07_09_03_1_2,words_only,confidence,low,"{""emotion"": ""confidence"", ""intensity"": ""low""}"
EN_07_09_03_2_2,words_only,neutral,none,"{""emotion"": ""neutral"", ""intensity"": ""none""}"
EN_07_09_04_1_2,words_only,neutral,none,"{""emotion"": ""neutral"", ""intensity"": ""none""}"
EN_07_09_04_2_2,words_only,neutral,none,"{""emotion"": ""neutral"", ""intensity"": ""none""}"
EN_07_09_05_1_2,words_only,neutral,none,"{""emotion"": ""neutral"", ""intensity"": ""none""}"
EN_07_09_05_2_2,words_only,neutral,none,"{""emotion"": ""neutral"", ""intensity"": ""none""}"
EN_07_09_06_1_2,words_only,neutral,none,"{""emotion"": ""neutral"", ""intensity"": ""none""}"
EN_07_09_06_2_2,words_only,neutral,none,"{""emotion"": ""neutral"", ""intensity"": ""none""}"
EN_07_09_07_1_2,words_only,neutral,none,"{""emotion"": ""neutral"", ""intensity"": ""none""}"
EN_07_09_07_2_2,words_only,neutral,none,"{""emotion"": ""neutral"", ""intensity"": ""none""}"
EN_07_09_08_1_2,words_only,neutral,none,"{""emotion"": ""neutral"", ""intensity"": ""none""}"
EN_07_09_08_2_2,words_only,neutral,none,"{""emotion"": ""neutral"", ""intensity"": ""none""}"
EN_07_09_09_1_2,words_only,neutral,none,"{""emotion"": ""neutral"", ""intensity"": ""none""}"
EN_07_09_09_2_2,words_only,neutral,none,"{""emotion"": ""neutral"", ""intensity"": ""none""}"
EN_07_09_10_1_2,words_only,neutral,none,"{""emotion"": ""neutral"", ""intensity"": ""none""}"
EN_07_09_10_2_2,words_only,contempt,low,"{""emotion"": ""contempt"", ""intensity"": ""low""}"
EN_07_10_01_1_2,words_only,neutral,none,"{""emotion"": ""neutral"", ""intensity"": ""none""}"
EN_07_10_01_2_2,words_only,neutral,none,"{""emotion"": ""neutral"", ""intensity"": ""none""}"
EN_07_10_02_1_2,words_only,neutral,none,"{""emotion"": ""neutral"", ""intensity"": ""none""}"
EN_07_10_02_2_2,words_only,neutral,none,"{""emotion"": ""neutral"", ""intensity"": ""none""}"
EN_07_10_03_1_2,words_only,confidence,low,"{""emotion"": ""confidence"", ""intensity"": ""low""}"
EN_07_10_03_2_2,words_only,confidence,low,"{""emotion"": ""confidence"", ""intensity"": ""low""}"
EN_07_10_04_1_2,words_only,confidence,low,"{""emotion"": ""confidence"", ""intensity"": ""low""}"
EN_07_10_04_2_2,words_only,neutral,none,"{""emotion"": ""neutral"", ""intensity"": ""none""}"
EN_07_10_05_1_2,words_only,neutral,none,"{""emotion"": ""neutral"", ""intensity"": ""none""}"
EN_07_10_05_2_2,words_only,neutral,none,"{""emotion"": ""neutral"", ""intensity"": ""none""}"
EN_07_10_06_1_2,words_only,neutral,none,"{""emotion"": ""neutral"", ""intensity"": ""none""}"
EN_07_10_06_2_2,words_only,neutral,none,"{""emotion"": ""neutral"", ""intensity"": ""none""}"
EN_07_10_07_1_2,words_only,neutral,none,"{""emotion"": ""neutral"", ""intensity"": ""none""}"
EN_07_10_07_2_2,words_only,neutral,none,"{""emotion"": ""neutral"", ""intensity"": ""none""}"
EN_07_10_08_1_2,words_only,disgust,high,"{""emotion"": ""disgust"", ""intensity"": ""high""}"
EN_07_10_08_2_2,words_only,contempt,high,"{""emotion"": ""contempt"", ""intensity"": ""high""}"
EN_07_10_09_1_2,words_only,neutral,none,"{""emotion"": ""neutral"", ""intensity"": ""none""}"
EN_07_10_09_2_2,words_only,neutral,none,"{""emotion"": ""neutral"", ""intensity"": ""none""}"
EN_07_10_10_1_2,words_only,contempt,low,"{""emotion"": ""contempt"", ""intensity"": ""low""}"
EN_07_10_10_2_2,words_only,contempt,low,"{""emotion"": ""contempt"", ""intensity"": ""low""}"
EN_08_00_01,words_only,neutral,none,"{""emotion"": ""neutral"", ""intensity"": ""none""}"
EN_08_00_02,words_only,neutral,none,"{""emotion"": ""neutral"", ""intensity"": ""none""}"
EN_08_00_03,words_only,confidence,low,"{""emotion"": ""confidence"", ""intensity"": ""low""}"
EN_08_00_04,words_only,neutral,none,"{""emotion"": ""neutral"", ""intensity"": ""none""}"
EN_08_00_05,words_only,neutral,none,"{""emotion"": ""neutral"", ""intensity"": ""none""}"
EN_08_00_06,words_only,neutral,none,"{""emotion"": ""neutral"", ""intensity"": ""none""}"
EN_08_00_07,words_only,neutral,none,"{""emotion"": ""neutral"", ""intensity"": ""none""}"
EN_08_00_08,words_only,neutral,none,"{""emotion"": ""neutral"", ""intensity"": ""none""}"
EN_08_00_09,words_only,neutral,none,"{""emotion"": ""neutral"", ""intensity"": ""none""}"
EN_08_00_10,words_only,contempt,low,"{""emotion"": ""contempt"", ""intensity"": ""low""}"
EN_08_01_01_1_2,words_only,neutral,none,"{""emotion"": ""neutral"", ""intensity"": ""none""}"
EN_08_01_01_2_2,words_only,neutral,none,"{""emotion"": ""neutral"", ""intensity"": ""none""}"
EN_08_01_02_1_2,words_only,neutral,none,"{""emotion"": ""neutral"", ""intensity"": ""none""}"
EN_08_01_02_2_2,words_only,neutral,none,"{""emotion"": ""neutral"", ""intensity"": ""none""}"
EN_08_01_03_1_2,words_only,confidence,low,"{""emotion"": ""confidence"", ""intensity"": ""low""}"
EN_08_01_03_2_2,words_only,confidence,low,"{""emotion"": ""confidence"", ""intensity"": ""low""}"
EN_08_01_04_1_2,words_only,neutral,none,"{""emotion"": ""neutral"", ""intensity"": ""none""}"
EN_08_01_04_2_2,words_only,neutral,none,"{""emotion"": ""neutral"", ""intensity"": ""none""}"
EN_08_01_05_1_2,words_only,neutral,none,"{""emotion"": ""neutral"", ""intensity"": ""none""}"
EN_08_01_05_2_2,words_only,neutral,none,"{""emotion"": ""neutral"", ""intensity"": ""none""}"
EN_08_01_06_1_2,words_only,neutral,none,"{""emotion"": ""neutral"", ""intensity"": ""none""}"
EN_08_01_06_2_2,words_only,neutral,none,"{""emotion"": ""neutral"", ""intensity"": ""none""}"
EN_08_01_07_1_2,words_only,neutral,none,"{""emotion"": ""neutral"", ""intensity"": ""none""}"
EN_08_01_07_2_2,words_only,neutral,none,"{""emotion"": ""neutral"", ""intensity"": ""none""}"
EN_08_01_08_1_2,words_only,neutral,none,"{""emotion"": ""neutral"", ""intensity"": ""none""}"
EN_08_01_08_2_2,words_only,neutral,none,"{""emotion"": ""neutral"", ""intensity"": ""none""}"
EN_08_01_09_1_2,words_only,neutral,none,"{""emotion"": ""neutral"", ""intensity"": ""none""}"
EN_08_01_09_2_2,words_only,neutral,none,"{""emotion"": ""neutral"", ""intensity"": ""none""}"
EN_08_01_10_1_2,words_only,contempt,low,"{""emotion"": ""contempt"", ""intensity"": ""low""}"
EN_08_01_10_2_2,words_only,contempt,low,"{""emotion"": ""contempt"", ""intensity"": ""low""}"
EN_08_02_01_1_2,words_only,neutral,none,"{""emotion"": ""neutral"", ""intensity"": ""none""}"
EN_08_02_01_2_2,words_only,neutral,none,"{""emotion"": ""neutral"", ""intensity"": ""none""}"
EN_08_02_02_1_2,words_only,neutral,none,"{""emotion"": ""neutral"", ""intensity"": ""none""}"
EN_08_02_02_2_2,words_only,neutral,none,"{""emotion"": ""neutral"", ""intensity"": ""none""}"
EN_08_02_03_1_2,words_only,confidence,low,"{""emotion"": ""confidence"", ""intensity"": ""low""}"
EN_08_02_03_2_2,words_only,confidence,low,"{""emotion"": ""confidence"", ""intensity"": ""low""}"
EN_08_02_04_1_2,words_only,neutral,none,"{""emotion"": ""neutral"", ""intensity"": ""none""}"
EN_08_02_04_2_2,words_only,neutral,none,"{""emotion"": ""neutral"", ""intensity"": ""none""}"
EN_08_02_05_1_2,words_only,neutral,none,"{""emotion"": ""neutral"", ""intensity"": ""none""}"
EN_08_02_05_2_2,words_only,neutral,none,"{""emotion"": ""neutral"", ""intensity"": ""none""}"
EN_08_02_06_1_2,words_only,neutral,none,"{""emotion"": ""neutral"", ""intensity"": ""none""}"
EN_08_02_06_2_2,words_only,neutral,none,"{""emotion"": ""neutral"", ""intensity"": ""none""}"
EN_08_02_07_1_2,words_only,neutral,none,"{""emotion"": ""neutral"", ""intensity"": ""none""}"
EN_08_02_07_2_2,words_only,neutral,none,"{""emotion"": ""neutral"", ""intensity"": ""none""}"
EN_08_02_08_1_2,words_only,neutral,none,"{""emotion"": ""neutral"", ""intensity"": ""none""}"
EN_08_02_08_2_2,words_only,neutral,none,"{""emotion"": ""neutral"", ""intensity"": ""none""}"
EN_08_02_09_1_2,words_only,neutral,none,"{""emotion"": ""neutral"", ""intensity"": ""none""}"
EN_08_02_09_2_2,words_only,neutral,none,"{""emotion"": ""neutral"", ""intensity"": ""none""}"
EN_08_02_10_1_2,words_only,contempt,low,"{""emotion"": ""contempt"", ""intensity"": ""low""}"
EN_08_02_10_2_2,words_only,contempt,low,"{""emotion"": ""contempt"", ""intensity"": ""low""}"
EN_08_03_01_1_2,words_only,neutral,none,"{""emotion"": ""neutral"", ""intensity"": ""none""}"
EN_08_03_01_2_2,words_only,confusion,low,"{""emotion"": ""confusion"", ""intensity"": ""low""}"
EN_08_03_02_1_2,words_only,neutral,none,"{""emotion"": ""neutral"", ""intensity"": ""none""}"
EN_08_03_02_2_2,words_only,neutral,none,"{""emotion"": ""neutral"", ""intensity"": ""none""}"
EN_08_03_03_1_2,words_only,confidence,low,"{""emotion"": ""confidence"", ""intensity"": ""low""}"
EN_08_03_03_2_2,words_only,confidence,low,"{""emotion"": ""confidence"", ""intensity"": ""low""}"
EN_08_03_04_1_2,words_only,neutral,none,"{""emotion"": ""neutral"", ""intensity"": ""none""}"
EN_08_03_04_2_2,words_only,neutral,none,"{""emotion"": ""neutral"", ""intensity"": ""none""}"
EN_08_03_05_1_2,words_only,neutral,none,"{""emotion"": ""neutral"", ""intensity"": ""none""}"
EN_08_03_05_2_2,words_only,neutral,none,"{""emotion"": ""neutral"", ""intensity"": ""none""}"
EN_08_03_06_1_2,words_only,neutral,none,"{""emotion"": ""neutral"", ""intensity"": ""none""}"
EN_08_03_06_2_2,words_only,neutral,none,"{""emotion"": ""neutral"", ""intensity"": ""none""}"
EN_08_03_07_1_2,words_only,neutral,none,"{""emotion"": ""neutral"", ""intensity"": ""none""}"
EN_08_03_07_2_2,words_only,neutral,none,"{""emotion"": ""neutral"", ""intensity"": ""none""}"
EN_08_03_08_1_2,words_only,neutral,none,"{""emotion"": ""neutral"", ""intensity"": ""none""}"
EN_08_03_08_2_2,words_only,neutral,none,"{""emotion"": ""neutral"", ""intensity"": ""none""}"
EN_08_03_09_1_2,words_only,neutral,none,"{""emotion"": ""neutral"", ""intensity"": ""none""}"
EN_08_03_09_2_2,words_only,neutral,none,"{""emotion"": ""neutral"", ""intensity"": ""none""}"
EN_08_03_10_1_2,words_only,contempt,low,"{""emotion"": ""contempt"", ""intensity"": ""low""}"
EN_08_03_10_2_2,words_only,contempt,low,"{""emotion"": ""contempt"", ""intensity"": ""low""}"
EN_08_04_01_1_2,words_only,neutral,none,"{""emotion"": ""neutral"", ""intensity"": ""none""}"
EN_08_04_01_2_2,words_only,neutral,none,"{""emotion"": ""neutral"", ""intensity"": ""none""}"
EN_08_04_02_1_2,words_only,neutral,none,"{""emotion"": ""neutral"", ""intensity"": ""none""}"
EN_08_04_02_2_2,words_only,neutral,none,"{""emotion"": ""neutral"", ""intensity"": ""none""}"
EN_08_04_03_1_2,words_only,confidence,low,"{""emotion"": ""confidence"", ""intensity"": ""low""}"
EN_08_04_03_2_2,words_only,confidence,low,"{""emotion"": ""confidence"", ""intensity"": ""low""}"
EN_08_04_04_1_2,words_only,neutral,none,"{""emotion"": ""neutral"", ""intensity"": ""none""}"
EN_08_04_04_2_2,words_only,neutral,none,"{""emotion"": ""neutral"", ""intensity"": ""none""}"
EN_08_04_05_1_2,words_only,neutral,none,"{""emotion"": ""neutral"", ""intensity"": ""none""}"
EN_08_04_05_2_2,words_only,neutral,none,"{""emotion"": ""neutral"", ""intensity"": ""none""}"
EN_08_04_06_1_2,words_only,neutral,none,"{""emotion"": ""neutral"", ""intensity"": ""none""}"
EN_08_04_06_2_2,words_only,neutral,none,"{""emotion"": ""neutral"", ""intensity"": ""none""}"
EN_08_04_07_1_2,words_only,neutral,none,"{""emotion"": ""neutral"", ""intensity"": ""none""}"
EN_08_04_07_2_2,words_only,neutral,none,"{""emotion"": ""neutral"", ""intensity"": ""none""}"
EN_08_04_08_1_2,words_only,neutral,none,"{""emotion"": ""neutral"", ""intensity"": ""none""}"
EN_08_04_08_2_2,words_only,neutral,none,"{""emotion"": ""neutral"", ""intensity"": ""none""}"
EN_08_04_09_1_2,words_only,neutral,none,"{""emotion"": ""neutral"", ""intensity"": ""none""}"
EN_08_04_09_2_2,words_only,neutral,none,"{""emotion"": ""neutral"", ""intensity"": ""none""}"
EN_08_04_10_1_2,words_only,contempt,low,"{""emotion"": ""contempt"", ""intensity"": ""low""}"
EN_08_04_10_2_2,words_only,contempt,low,"{""emotion"": ""contempt"", ""intensity"": ""low""}"
EN_08_05_01_1_2,words_only,neutral,none,"{""emotion"": ""neutral"", ""intensity"": ""none""}"
EN_08_05_01_2_2,words_only,neutral,none,"{""emotion"": ""neutral"", ""intensity"": ""none""}"
EN_08_05_02_1_2,words_only,neutral,none,"{""emotion"": ""neutral"", ""intensity"": ""none""}"
EN_08_05_02_2_2,words_only,neutral,none,"{""emotion"": ""neutral"", ""intensity"": ""none""}"
EN_08_05_03_1_2,words_only,confidence,low,"{""emotion"": ""confidence"", ""intensity"": ""low""}"
EN_08_05_03_2_2,words_only,confidence,low,"{""emotion"": ""confidence"", ""intensity"": ""low""}"
EN_08_05_04_1_2,words_only,neutral,none,"{""emotion"": ""neutral"", ""intensity"": ""none""}"
EN_08_05_04_2_2,words_only,neutral,none,"{""emotion"": ""neutral"", ""intensity"": ""none""}"
EN_08_05_05_1_2,words_only,neutral,none,"{""emotion"": ""neutral"", ""intensity"": ""none""}"
EN_08_05_05_2_2,words_only,neutral,none,"{""emotion"": ""neutral"", ""intensity"": ""none""}"
EN_08_05_06_1_2,words_only,neutral,none,"{""emotion"": ""neutral"", ""intensity"": ""none""}"
EN_08_05_06_2_2,words_only,neutral,none,"{""emotion"": ""neutral"", ""intensity"": ""none""}"
EN_08_05_07_1_2,words_only,neutral,none,"{""emotion"": ""neutral"", ""intensity"": ""none""}"
EN_08_05_07_2_2,words_only,neutral,none,"{""emotion"": ""neutral"", ""intensity"": ""none""}"
EN_08_05_08_1_2,words_only,neutral,none,"{""emotion"": ""neutral"", ""intensity"": ""none""}"
EN_08_05_08_2_2,words_only,neutral,none,"{""emotion"": ""neutral"", ""intensity"": ""none""}"
EN_08_05_09_1_2,words_only,sadness,low,"{""emotion"": ""sadness"", ""intensity"": ""low""}"
EN_08_05_09_2_2,words_only,neutral,none,"{""emotion"": ""neutral"", ""intensity"": ""none""}"
EN_08_05_10_1_2,words_only,contempt,low,"{""emotion"": ""contempt"", ""intensity"": ""low""}"
EN_08_05_10_2_2,words_only,contempt,low,"{""emotion"": ""contempt"", ""intensity"": ""low""}"
EN_08_06_01_1_2,words_only,confusion,low,"{""emotion"": ""confusion"", ""intensity"": ""low""}"
EN_08_06_01_2_2,words_only,neutral,none,"{""emotion"": ""neutral"", ""intensity"": ""none""}"
EN_08_06_02_1_2,words_only,neutral,none,"{""emotion"": ""neutral"", ""intensity"": ""none""}"
EN_08_06_02_2_2,words_only,neutral,none,"{""emotion"": ""neutral"", ""intensity"": ""none""}"
EN_08_06_03_1_2,words_only,confidence,low,"{""emotion"": ""confidence"", ""intensity"": ""low""}"
EN_08_06_03_2_2,words_only,confidence,low,"{""emotion"": ""confidence"", ""intensity"": ""low""}"
EN_08_06_04_1_2,words_only,neutral,none,"{""emotion"": ""neutral"", ""intensity"": ""none""}"
EN_08_06_04_2_2,words_only,neutral,none,"{""emotion"": ""neutral"", ""intensity"": ""none""}"
EN_08_06_05_1_2,words_only,neutral,none,"{""emotion"": ""neutral"", ""intensity"": ""none""}"
EN_08_06_05_2_2,words_only,neutral,none,"{""emotion"": ""neutral"", ""intensity"": ""none""}"
EN_08_06_06_1_2,words_only,neutral,none,"{""emotion"": ""neutral"", ""intensity"": ""none""}"
EN_08_06_06_2_2,words_only,neutral,none,"{""emotion"": ""neutral"", ""intensity"": ""none""}"
EN_08_06_07_1_2,words_only,neutral,none,"{""emotion"": ""neutral"", ""intensity"": ""none""}"
EN_08_06_07_2_2,words_only,neutral,none,"{""emotion"": ""neutral"", ""intensity"": ""none""}"
EN_08_06_08_1_2,words_only,neutral,none,"{""emotion"": ""neutral"", ""intensity"": ""none""}"
EN_08_06_08_2_2,words_only,neutral,none,"{""emotion"": ""neutral"", ""intensity"": ""none""}"
EN_08_06_09_1_2,words_only,neutral,none,"{""emotion"": ""neutral"", ""intensity"": ""none""}"
EN_08_06_09_2_2,words_only,sadness,low,"{""emotion"": ""sadness"", ""intensity"": ""low""}"
EN_08_06_10_1_2,words_only,contempt,low,"{""emotion"": ""contempt"", ""intensity"": ""low""}"
EN_08_06_10_2_2,words_only,contempt,low,"{""emotion"": ""contempt"", ""intensity"": ""low""}"
EN_08_07_01_1_2,words_only,neutral,none,"{""emotion"": ""neutral"", ""intensity"": ""none""}"
EN_08_07_01_2_2,words_only,neutral,none,"{""emotion"": ""neutral"", ""intensity"": ""none""}"
EN_08_07_02_1_2,words_only,neutral,none,"{""emotion"": ""neutral"", ""intensity"": ""none""}"
EN_08_07_02_2_2,words_only,neutral,none,"{""emotion"": ""neutral"", ""intensity"": ""none""}"
EN_08_07_03_1_2,words_only,confidence,low,"{""emotion"": ""confidence"", ""intensity"": ""low""}"
EN_08_07_03_2_2,words_only,confidence,low,"{""emotion"": ""confidence"", ""intensity"": ""low""}"
EN_08_07_04_1_2,words_only,neutral,none,"{""emotion"": ""neutral"", ""intensity"": ""none""}"
EN_08_07_04_2_2,words_only,neutral,none,"{""emotion"": ""neutral"", ""intensity"": ""none""}"
EN_08_07_05_1_2,words_only,neutral,none,"{""emotion"": ""neutral"", ""intensity"": ""none""}"
EN_08_07_05_2_2,words_only,neutral,none,"{""emotion"": ""neutral"", ""intensity"": ""none""}"
EN_08_07_06_1_2,words_only,neutral,none,"{""emotion"": ""neutral"", ""intensity"": ""none""}"
EN_08_07_06_2_2,words_only,neutral,none,"{""emotion"": ""neutral"", ""intensity"": ""none""}"
EN_08_07_07_1_2,words_only,neutral,none,"{""emotion"": ""neutral"", ""intensity"": ""none""}"
EN_08_07_07_2_2,words_only,neutral,none,"{""emotion"": ""neutral"", ""intensity"": ""none""}"
EN_08_07_08_1_2,words_only,neutral,none,"{""emotion"": ""neutral"", ""intensity"": ""none""}"
EN_08_07_08_2_2,words_only,neutral,none,"{""emotion"": ""neutral"", ""intensity"": ""none""}"
EN_08_07_09_1_2,words_only,neutral,none,"{""emotion"": ""neutral"", ""intensity"": ""none""}"
EN_08_07_09_2_2,words_only,neutral,none,"{""emotion"": ""neutral"", ""intensity"": ""none""}"
EN_08_07_10_1_2,words_only,contempt,low,"{""emotion"": ""contempt"", ""intensity"": ""low""}"
EN_08_07_10_2_2,words_only,contempt,low,"{""emotion"": ""contempt"", ""intensity"": ""low""}"
EN_08_08_01_1_2,words_only,neutral,none,"{""emotion"": ""neutral"", ""intensity"": ""none""}"
EN_08_08_01_2_2,words_only,neutral,none,"{""emotion"": ""neutral"", ""intensity"": ""none""}"
EN_08_08_02_1_2,words_only,neutral,none,"{""emotion"": ""neutral"", ""intensity"": ""none""}"
EN_08_08_02_2_2,words_only,neutral,none,"{""emotion"": ""neutral"", ""intensity"": ""none""}"
EN_08_08_03_1_2,words_only,confusion,low,"{""emotion"": ""confusion"", ""intensity"": ""low""}"
EN_08_08_03_2_2,words_only,confidence,low,"{""emotion"": ""confidence"", ""intensity"": ""low""}"
EN_08_08_04_1_2,words_only,neutral,none,"{""emotion"": ""neutral"", ""intensity"": ""none""}"
EN_08_08_04_2_2,words_only,neutral,none,"{""emotion"": ""neutral"", ""intensity"": ""none""}"
EN_08_08_05_1_2,words_only,confusion,low,"{""emotion"": ""confusion"", ""intensity"": ""low""}"
EN_08_08_05_2_2,words_only,neutral,none,"{""emotion"": ""neutral"", ""intensity"": ""none""}"
EN_08_08_06_1_2,words_only,neutral,none,"{""emotion"": ""neutral"", ""intensity"": ""none""}"
EN_08_08_06_2_2,words_only,neutral,none,"{""emotion"": ""neutral"", ""intensity"": ""none""}"
EN_08_08_07_1_2,words_only,neutral,none,"{""emotion"": ""neutral"", ""intensity"": ""none""}"
EN_08_08_07_2_2,words_only,neutral,none,"{""emotion"": ""neutral"", ""intensity"": ""none""}"
EN_08_08_08_1_2,words_only,neutral,none,"{""emotion"": ""neutral"", ""intensity"": ""none""}"
EN_08_08_08_2_2,words_only,neutral,none,"{""emotion"": ""neutral"", ""intensity"": ""none""}"
EN_08_08_09_1_2,words_only,neutral,none,"{""emotion"": ""neutral"", ""intensity"": ""none""}"
EN_08_08_09_2_2,words_only,neutral,none,"{""emotion"": ""neutral"", ""intensity"": ""none""}"
EN_08_08_10_1_2,words_only,neutral,none,"{""emotion"": ""neutral"", ""intensity"": ""none""}"
EN_08_08_10_2_2,words_only,contempt,low,"{""emotion"": ""contempt"", ""intensity"": ""low""}"
EN_08_09_01_1_2,words_only,neutral,none,"{""emotion"": ""neutral"", ""intensity"": ""none""}"
EN_08_09_01_2_2,words_only,neutral,none,"{""emotion"": ""neutral"", ""intensity"": ""none""}"
EN_08_09_02_1_2,words_only,neutral,none,"{""emotion"": ""neutral"", ""intensity"": ""none""}"
EN_08_09_02_2_2,words_only,neutral,none,"{""emotion"": ""neutral"", ""intensity"": ""none""}"
EN_08_09_03_1_2,words_only,confidence,low,"{""emotion"": ""confidence"", ""intensity"": ""low""}"
EN_08_09_03_2_2,words_only,confidence,low,"{""emotion"": ""confidence"", ""intensity"": ""low""}"
EN_08_09_04_1_2,words_only,neutral,none,"{""emotion"": ""neutral"", ""intensity"": ""none""}"
EN_08_09_04_2_2,words_only,neutral,none,"{""emotion"": ""neutral"", ""intensity"": ""none""}"
EN_08_09_05_1_2,words_only,neutral,none,"{""emotion"": ""neutral"", ""intensity"": ""none""}"
EN_08_09_05_2_2,words_only,neutral,none,"{""emotion"": ""neutral"", ""intensity"": ""none""}"
EN_08_09_06_1_2,words_only,neutral,none,"{""emotion"": ""neutral"", ""intensity"": ""none""}"
EN_08_09_06_2_2,words_only,neutral,none,"{""emotion"": ""neutral"", ""intensity"": ""none""}"
EN_08_09_07_1_2,words_only,neutral,none,"{""emotion"": ""neutral"", ""intensity"": ""none""}"
EN_08_09_07_2_2,words_only,neutral,none,"{""emotion"": ""neutral"", ""intensity"": ""none""}"
EN_08_09_08_1_2,words_only,neutral,none,"{""emotion"": ""neutral"", ""intensity"": ""none""}"
EN_08_09_08_2_2,words_only,neutral,none,"{""emotion"": ""neutral"", ""intensity"": ""none""}"
EN_08_09_09_1_2,words_only,neutral,none,"{""emotion"": ""neutral"", ""intensity"": ""none""}"
EN_08_09_09_2_2,words_only,neutral,none,"{""emotion"": ""neutral"", ""intensity"": ""none""}"
EN_08_09_10_1_2,words_only,contempt,low,"{""emotion"": ""contempt"", ""intensity"": ""low""}"
EN_08_09_10_2_2,words_only,contempt,low,"{""emotion"": ""contempt"", ""intensity"": ""low""}"
EN_08_10_01_1_2,words_only,neutral,none,"{""emotion"": ""neutral"", ""intensity"": ""none""}"
EN_08_10_01_2_2,words_only,neutral,none,"{""emotion"": ""neutral"", ""intensity"": ""none""}"
EN_08_10_02_1_2,words_only,neutral,none,"{""emotion"": ""neutral"", ""intensity"": ""none""}"
EN_08_10_02_2_2,words_only,neutral,none,"{""emotion"": ""neutral"", ""intensity"": ""none""}"
EN_08_10_03_1_2,words_only,confidence,low,"{""emotion"": ""confidence"", ""intensity"": ""low""}"
EN_08_10_03_2_2,words_only,confidence,low,"{""emotion"": ""confidence"", ""intensity"": ""low""}"
EN_08_10_04_1_2,words_only,neutral,none,"{""emotion"": ""neutral"", ""intensity"": ""none""}"
EN_08_10_04_2_2,words_only,neutral,none,"{""emotion"": ""neutral"", ""intensity"": ""none""}"
EN_08_10_05_1_2,words_only,neutral,none,"{""emotion"": ""neutral"", ""intensity"": ""none""}"
EN_08_10_05_2_2,words_only,neutral,none,"{""emotion"": ""neutral"", ""intensity"": ""none""}"
EN_08_10_06_1_2,words_only,neutral,none,"{""emotion"": ""neutral"", ""intensity"": ""none""}"
EN_08_10_06_2_2,words_only,neutral,none,"{""emotion"": ""neutral"", ""intensity"": ""none""}"
EN_08_10_07_1_2,words_only,neutral,none,"{""emotion"": ""neutral"", ""intensity"": ""none""}"
EN_08_10_07_2_2,words_only,neutral,none,"{""emotion"": ""neutral"", ""intensity"": ""none""}"
EN_08_10_08_1_2,words_only,neutral,none,"{""emotion"": ""neutral"", ""intensity"": ""none""}"
EN_08_10_08_2_2,words_only,neutral,none,"{""emotion"": ""neutral"", ""intensity"": ""none""}"
EN_08_10_09_1_2,words_only,neutral,none,"{""emotion"": ""neutral"", ""intensity"": ""none""}"
EN_08_10_09_2_2,words_only,neutral,none,"{""emotion"": ""neutral"", ""intensity"": ""none""}"
EN_08_10_10_1_2,words_only,contempt,low,"{""emotion"": ""contempt"", ""intensity"": ""low""}"
EN_08_10_10_2_2,words_only,contempt,low,"{""emotion"": ""contempt"", ""intensity"": ""low""}"
EN_09_00_01,words_only,neutral,none,"{""emotion"": ""neutral"", ""intensity"": ""none""}"
EN_09_00_02,words_only,neutral,none,"{""emotion"": ""neutral"", ""intensity"": ""none""}"
EN_09_00_03,words_only,confidence,low,"{""emotion"": ""confidence"", ""intensity"": ""low""}"
EN_09_00_04,words_only,neutral,none,"{""emotion"": ""neutral"", ""intensity"": ""none""}"
EN_09_00_05,words_only,neutral,none,"{""emotion"": ""neutral"", ""intensity"": ""none""}"
EN_09_00_06,words_only,neutral,none,"{""emotion"": ""neutral"", ""intensity"": ""none""}"
EN_09_00_07,words_only,neutral,none,"{""emotion"": ""neutral"", ""intensity"": ""none""}"
EN_09_00_08,words_only,neutral,none,"{""emotion"": ""neutral"", ""intensity"": ""none""}"
EN_09_00_09,words_only,neutral,none,"{""emotion"": ""neutral"", ""intensity"": ""none""}"
EN_09_00_10,words_only,contempt,low,"{""emotion"": ""contempt"", ""intensity"": ""low""}"
EN_09_01_01_1_2,words_only,neutral,none,"{""emotion"": ""neutral"", ""intensity"": ""none""}"
EN_09_01_01_2_2,words_only,neutral,none,"{""emotion"": ""neutral"", ""intensity"": ""none""}"
EN_09_01_02_1_2,words_only,neutral,none,"{""emotion"": ""neutral"", ""intensity"": ""none""}"
EN_09_01_02_2_2,words_only,neutral,none,"{""emotion"": ""neutral"", ""intensity"": ""none""}"
EN_09_01_03_1_2,words_only,confidence,low,"{""emotion"": ""confidence"", ""intensity"": ""low""}"
EN_09_01_03_2_2,words_only,confidence,low,"{""emotion"": ""confidence"", ""intensity"": ""low""}"
EN_09_01_04_1_2,words_only,neutral,none,"{""emotion"": ""neutral"", ""intensity"": ""none""}"
EN_09_01_04_2_2,words_only,neutral,none,"{""emotion"": ""neutral"", ""intensity"": ""none""}"
EN_09_01_05_1_2,words_only,neutral,none,"{""emotion"": ""neutral"", ""intensity"": ""none""}"
EN_09_01_05_2_2,words_only,neutral,none,"{""emotion"": ""neutral"", ""intensity"": ""none""}"
EN_09_01_06_1_2,words_only,neutral,none,"{""emotion"": ""neutral"", ""intensity"": ""none""}"
EN_09_01_06_2_2,words_only,neutral,none,"{""emotion"": ""neutral"", ""intensity"": ""none""}"
EN_09_01_07_1_2,words_only,neutral,none,"{""emotion"": ""neutral"", ""intensity"": ""none""}"
EN_09_01_07_2_2,words_only,neutral,none,"{""emotion"": ""neutral"", ""intensity"": ""none""}"
EN_09_01_08_1_2,words_only,neutral,none,"{""emotion"": ""neutral"", ""intensity"": ""none""}"
EN_09_01_08_2_2,words_only,neutral,none,"{""emotion"": ""neutral"", ""intensity"": ""none""}"
EN_09_01_09_1_2,words_only,anger,low,"{""emotion"": ""anger"", ""intensity"": ""low""}"
EN_09_01_09_2_2,words_only,neutral,none,"{""emotion"": ""neutral"", ""intensity"": ""none""}"
EN_09_01_10_1_2,words_only,neutral,none,"{""emotion"": ""neutral"", ""intensity"": ""none""}"
EN_09_01_10_2_2,words_only,neutral,none,"{""emotion"": ""neutral"", ""intensity"": ""none""}"
EN_09_02_01_1_2,words_only,neutral,none,"{""emotion"": ""neutral"", ""intensity"": ""none""}"
EN_09_02_01_2_2,words_only,neutral,none,"{""emotion"": ""neutral"", ""intensity"": ""none""}"
EN_09_02_02_1_2,words_only,neutral,none,"{""emotion"": ""neutral"", ""intensity"": ""none""}"
EN_09_02_02_2_2,words_only,neutral,none,"{""emotion"": ""neutral"", ""intensity"": ""none""}"
EN_09_02_03_1_2,words_only,confidence,low,"{""emotion"": ""confidence"", ""intensity"": ""low""}"
EN_09_02_03_2_2,words_only,confidence,low,"{""emotion"": ""confidence"", ""intensity"": ""low""}"
EN_09_02_04_1_2,words_only,neutral,none,"{""emotion"": ""neutral"", ""intensity"": ""none""}"
EN_09_02_04_2_2,words_only,surprise,low,"{""emotion"": ""surprise"", ""intensity"": ""low""}"
EN_09_02_05_1_2,words_only,neutral,none,"{""emotion"": ""neutral"", ""intensity"": ""none""}"
EN_09_02_05_2_2,words_only,neutral,none,"{""emotion"": ""neutral"", ""intensity"": ""none""}"
EN_09_02_06_1_2,words_only,neutral,none,"{""emotion"": ""neutral"", ""intensity"": ""none""}"
EN_09_02_06_2_2,words_only,neutral,none,"{""emotion"": ""neutral"", ""intensity"": ""none""}"
EN_09_02_07_1_2,words_only,anger,high,"{""emotion"": ""anger"", ""intensity"": ""high""}"
EN_09_02_07_2_2,words_only,anger,low,"{""emotion"": ""anger"", ""intensity"": ""low""}"
EN_09_02_08_1_2,words_only,contempt,low,"{""emotion"": ""contempt"", ""intensity"": ""low""}"
EN_09_02_08_2_2,words_only,contempt,low,"{""emotion"": ""contempt"", ""intensity"": ""low""}"
EN_09_02_09_1_2,words_only,neutral,none,"{""emotion"": ""neutral"", ""intensity"": ""none""}"
EN_09_02_09_2_2,words_only,neutral,none,"{""emotion"": ""neutral"", ""intensity"": ""none""}"
EN_09_02_10_1_2,words_only,neutral,none,"{""emotion"": ""neutral"", ""intensity"": ""none""}"
EN_09_02_10_2_2,words_only,neutral,none,"{""emotion"": ""neutral"", ""intensity"": ""none""}"
EN_09_03_01_1_2,words_only,neutral,none,"{""emotion"": ""neutral"", ""intensity"": ""none""}"
EN_09_03_01_2_2,words_only,neutral,none,"{""emotion"": ""neutral"", ""intensity"": ""none""}"
EN_09_03_02_1_2,words_only,neutral,none,"{""emotion"": ""neutral"", ""intensity"": ""none""}"
EN_09_03_02_2_2,words_only,neutral,none,"{""emotion"": ""neutral"", ""intensity"": ""none""}"
EN_09_03_03_1_2,words_only,confidence,low,"{""emotion"": ""confidence"", ""intensity"": ""low""}"
EN_09_03_03_2_2,words_only,confidence,low,"{""emotion"": ""confidence"", ""intensity"": ""low""}"
EN_09_03_04_1_2,words_only,neutral,none,"{""emotion"": ""neutral"", ""intensity"": ""none""}"
EN_09_03_04_2_2,words_only,neutral,none,"{""emotion"": ""neutral"", ""intensity"": ""none""}"
EN_09_03_05_1_2,words_only,neutral,none,"{""emotion"": ""neutral"", ""intensity"": ""none""}"
EN_09_03_05_2_2,words_only,neutral,none,"{""emotion"": ""neutral"", ""intensity"": ""none""}"
EN_09_03_06_1_2,words_only,neutral,none,"{""emotion"": ""neutral"", ""intensity"": ""none""}"
EN_09_03_06_2_2,words_only,neutral,none,"{""emotion"": ""neutral"", ""intensity"": ""none""}"
EN_09_03_07_1_2,words_only,neutral,none,"{""emotion"": ""neutral"", ""intensity"": ""none""}"
EN_09_03_07_2_2,words_only,neutral,none,"{""emotion"": ""neutral"", ""intensity"": ""none""}"
EN_09_03_08_1_2,words_only,disgust,high,"{""emotion"": ""disgust"", ""intensity"": ""high""}"
EN_09_03_08_2_2,words_only,disgust,low,"{""emotion"": ""disgust"", ""intensity"": ""low""}"
EN_09_03_09_1_2,words_only,anger,high,"{""emotion"": ""anger"", ""intensity"": ""high""}"
EN_09_03_09_2_2,words_only,neutral,none,"{""emotion"": ""neutral"", ""intensity"": ""none""}"
EN_09_03_10_1_2,words_only,contempt,low,"{""emotion"": ""contempt"", ""intensity"": ""low""}"
EN_09_03_10_2_2,words_only,contempt,low,"{""emotion"": ""contempt"", ""intensity"": ""low""}"
EN_09_04_01_1_2,words_only,neutral,none,"{""emotion"": ""neutral"", ""intensity"": ""none""}"
EN_09_04_01_2_2,words_only,neutral,none,"{""emotion"": ""neutral"", ""intensity"": ""none""}"
EN_09_04_02_1_2,words_only,neutral,none,"{""emotion"": ""neutral"", ""intensity"": ""none""}"
EN_09_04_02_2_2,words_only,neutral,none,"{""emotion"": ""neutral"", ""intensity"": ""none""}"
EN_09_04_03_1_2,words_only,confidence,low,"{""emotion"": ""confidence"", ""intensity"": ""low""}"
EN_09_04_03_2_2,words_only,confidence,low,"{""emotion"": ""confidence"", ""intensity"": ""low""}"
EN_09_04_04_1_2,words_only,neutral,none,"{""emotion"": ""neutral"", ""intensity"": ""none""}"
EN_09_04_04_2_2,words_only,neutral,none,"{""emotion"": ""neutral"", ""intensity"": ""none""}"
EN_09_04_05_1_2,words_only,confusion,high,"{""emotion"": ""confusion"", ""intensity"": ""high""}"
EN_09_04_05_2_2,words_only,neutral,none,"{""emotion"": ""neutral"", ""intensity"": ""none""}"
EN_09_04_06_1_2,words_only,neutral,none,"{""emotion"": ""neutral"", ""intensity"": ""none""}"
EN_09_04_06_2_2,words_only,neutral,none,"{""emotion"": ""neutral"", ""intensity"": ""none""}"
EN_09_04_07_1_2,words_only,neutral,none,"{""emotion"": ""neutral"", ""intensity"": ""none""}"
EN_09_04_07_2_2,words_only,neutral,none,"{""emotion"": ""neutral"", ""intensity"": ""none""}"
EN_09_04_08_1_2,words_only,neutral,none,"{""emotion"": ""neutral"", ""intensity"": ""none""}"
EN_09_04_08_2_2,words_only,neutral,none,"{""emotion"": ""neutral"", ""intensity"": ""none""}"
EN_09_04_09_1_2,words_only,neutral,none,"{""emotion"": ""neutral"", ""intensity"": ""none""}"
EN_09_04_09_2_2,words_only,confidence,high,"{""emotion"": ""confidence"", ""intensity"": ""high""}"
EN_09_04_10_1_2,words_only,contempt,low,"{""emotion"": ""contempt"", ""intensity"": ""low""}"
EN_09_04_10_2_2,words_only,contempt,low,"{""emotion"": ""contempt"", ""intensity"": ""low""}"
EN_09_05_01_1_2,words_only,neutral,none,"{""emotion"": ""neutral"", ""intensity"": ""none""}"
EN_09_05_01_2_2,words_only,neutral,none,"{""emotion"": ""neutral"", ""intensity"": ""none""}"
EN_09_05_02_1_2,words_only,neutral,none,"{""emotion"": ""neutral"", ""intensity"": ""none""}"
EN_09_05_02_2_2,words_only,neutral,none,"{""emotion"": ""neutral"", ""intensity"": ""none""}"
EN_09_05_03_1_2,words_only,neutral,none,"{""emotion"": ""neutral"", ""intensity"": ""none""}"
EN_09_05_03_2_2,words_only,neutral,none,"{""emotion"": ""neutral"", ""intensity"": ""none""}"
EN_09_05_04_1_2,words_only,confidence,low,"{""emotion"": ""confidence"", ""intensity"": ""low""}"
EN_09_05_04_2_2,words_only,confidence,low,"{""emotion"": ""confidence"", ""intensity"": ""low""}"
EN_09_05_05_1_2,words_only,neutral,none,"{""emotion"": ""neutral"", ""intensity"": ""none""}"
EN_09_05_05_2_2,words_only,neutral,none,"{""emotion"": ""neutral"", ""intensity"": ""none""}"
EN_09_05_06_1_2,words_only,neutral,none,"{""emotion"": ""neutral"", ""intensity"": ""none""}"
EN_09_05_06_2_2,words_only,neutral,none,"{""emotion"": ""neutral"", ""intensity"": ""none""}"
EN_09_05_07_1_2,words_only,neutral,none,"{""emotion"": ""neutral"", ""intensity"": ""none""}"
EN_09_05_07_2_2,words_only,neutral,none,"{""emotion"": ""neutral"", ""intensity"": ""none""}"
EN_09_05_08_1_2,words_only,neutral,none,"{""emotion"": ""neutral"", ""intensity"": ""none""}"
EN_09_05_08_2_2,words_only,neutral,none,"{""emotion"": ""neutral"", ""intensity"": ""none""}"
EN_09_05_09_1_2,words_only,anger,low,"{""emotion"": ""anger"", ""intensity"": ""low""}"
EN_09_05_09_2_2,words_only,neutral,none,"{""emotion"": ""neutral"", ""intensity"": ""none""}"
EN_09_05_10_1_2,words_only,contempt,low,"{""emotion"": ""contempt"", ""intensity"": ""low""}"
EN_09_05_10_2_2,words_only,neutral,none,"{""emotion"": ""neutral"", ""intensity"": ""none""}"
EN_09_06_01_1_2,words_only,neutral,none,"{""emotion"": ""neutral"", ""intensity"": ""none""}"
EN_09_06_01_2_2,words_only,neutral,none,"{""emotion"": ""neutral"", ""intensity"": ""none""}"
EN_09_06_02_1_2,words_only,neutral,none,"{""emotion"": ""neutral"", ""intensity"": ""none""}"
EN_09_06_02_2_2,words_only,neutral,none,"{""emotion"": ""neutral"", ""intensity"": ""none""}"
EN_09_06_03_1_2,words_only,confidence,low,"{""emotion"": ""confidence"", ""intensity"": ""low""}"
EN_09_06_03_2_2,words_only,confidence,low,"{""emotion"": ""confidence"", ""intensity"": ""low""}"
EN_09_06_04_1_2,words_only,neutral,none,"{""emotion"": ""neutral"", ""intensity"": ""none""}"
EN_09_06_04_2_2,words_only,neutral,none,"{""emotion"": ""neutral"", ""intensity"": ""none""}"
EN_09_06_05_1_2,words_only,neutral,none,"{""emotion"": ""neutral"", ""intensity"": ""none""}"
EN_09_06_05_2_2,words_only,neutral,none,"{""emotion"": ""neutral"", ""intensity"": ""none""}"
EN_09_06_06_1_2,words_only,neutral,none,"{""emotion"": ""neutral"", ""intensity"": ""none""}"
EN_09_06_06_2_2,words_only,neutral,none,"{""emotion"": ""neutral"", ""intensity"": ""none""}"
EN_09_06_07_1_2,words_only,neutral,none,"{""emotion"": ""neutral"", ""intensity"": ""none""}"
EN_09_06_07_2_2,words_only,neutral,none,"{""emotion"": ""neutral"", ""intensity"": ""none""}"
EN_09_06_08_1_2,words_only,neutral,none,"{""emotion"": ""neutral"", ""intensity"": ""none""}"
EN_09_06_08_2_2,words_only,neutral,none,"{""emotion"": ""neutral"", ""intensity"": ""none""}"
EN_09_06_09_1_2,words_only,neutral,none,"{""emotion"": ""neutral"", ""intensity"": ""none""}"
EN_09_06_09_2_2,words_only,anger,low,"{""emotion"": ""anger"", ""intensity"": ""low""}"
EN_09_06_10_1_2,words_only,contempt,low,"{""emotion"": ""contempt"", ""intensity"": ""low""}"
EN_09_06_10_2_2,words_only,contempt,low,"{""emotion"": ""contempt"", ""intensity"": ""low""}"
EN_09_07_01_1_2,words_only,neutral,none,"{""emotion"": ""neutral"", ""intensity"": ""none""}"
EN_09_07_01_2_2,words_only,neutral,none,"{""emotion"": ""neutral"", ""intensity"": ""none""}"
EN_09_07_02_1_2,words_only,neutral,none,"{""emotion"": ""neutral"", ""intensity"": ""none""}"
EN_09_07_02_2_2,words_only,neutral,none,"{""emotion"": ""neutral"", ""intensity"": ""none""}"
EN_09_07_03_1_2,words_only,confidence,low,"{""emotion"": ""confidence"", ""intensity"": ""low""}"
EN_09_07_03_2_2,words_only,confidence,low,"{""emotion"": ""confidence"", ""intensity"": ""low""}"
EN_09_07_04_1_2,words_only,neutral,none,"{""emotion"": ""neutral"", ""intensity"": ""none""}"
EN_09_07_04_2_2,words_only,neutral,none,"{""emotion"": ""neutral"", ""intensity"": ""none""}"
EN_09_07_05_1_2,words_only,neutral,none,"{""emotion"": ""neutral"", ""intensity"": ""none""}"
EN_09_07_05_2_2,words_only,neutral,none,"{""emotion"": ""neutral"", ""intensity"": ""none""}"
EN_09_07_06_1_2,words_only,neutral,none,"{""emotion"": ""neutral"", ""intensity"": ""none""}"
EN_09_07_06_2_2,words_only,neutral,none,"{""emotion"": ""neutral"", ""intensity"": ""none""}"
EN_09_07_07_1_2,words_only,neutral,none,"{""emotion"": ""neutral"", ""intensity"": ""none""}"
EN_09_07_07_2_2,words_only,neutral,none,"{""emotion"": ""neutral"", ""intensity"": ""none""}"
EN_09_07_08_1_2,words_only,neutral,none,"{""emotion"": ""neutral"", ""intensity"": ""none""}"
EN_09_07_08_2_2,words_only,neutral,none,"{""emotion"": ""neutral"", ""intensity"": ""none""}"
EN_09_07_09_1_2,words_only,confidence,low,"{""emotion"": ""confidence"", ""intensity"": ""low""}"
EN_09_07_09_2_2,words_only,neutral,none,"{""emotion"": ""neutral"", ""intensity"": ""none""}"
EN_09_07_10_1_2,words_only,contempt,low,"{""emotion"": ""contempt"", ""intensity"": ""low""}"
EN_09_07_10_2_2,words_only,contempt,low,"{""emotion"": ""contempt"", ""intensity"": ""low""}"
EN_09_08_01_1_2,words_only,neutral,none,"{""emotion"": ""neutral"", ""intensity"": ""none""}"
EN_09_08_01_2_2,words_only,neutral,none,"{""emotion"": ""neutral"", ""intensity"": ""none""}"
EN_09_08_02_1_2,words_only,neutral,none,"{""emotion"": ""neutral"", ""intensity"": ""none""}"
EN_09_08_02_2_2,words_only,neutral,none,"{""emotion"": ""neutral"", ""intensity"": ""none""}"
EN_09_08_03_1_2,words_only,confidence,low,"{""emotion"": ""confidence"", ""intensity"": ""low""}"
EN_09_08_03_2_2,words_only,confidence,low,"{""emotion"": ""confidence"", ""intensity"": ""low""}"
EN_09_08_04_1_2,words_only,surprise,low,"{""emotion"": ""surprise"", ""intensity"": ""low""}"
EN_09_08_04_2_2,words_only,neutral,none,"{""emotion"": ""neutral"", ""intensity"": ""none""}"
EN_09_08_05_1_2,words_only,neutral,none,"{""emotion"": ""neutral"", ""intensity"": ""none""}"
EN_09_08_05_2_2,words_only,confusion,low,"{""emotion"": ""confusion"", ""intensity"": ""low""}"
EN_09_08_06_1_2,words_only,neutral,none,"{""emotion"": ""neutral"", ""intensity"": ""none""}"
EN_09_08_06_2_2,words_only,neutral,none,"{""emotion"": ""neutral"", ""intensity"": ""none""}"
EN_09_08_07_1_2,words_only,neutral,none,"{""emotion"": ""neutral"", ""intensity"": ""none""}"
EN_09_08_07_2_2,words_only,neutral,none,"{""emotion"": ""neutral"", ""intensity"": ""none""}"
EN_09_08_08_1_2,words_only,neutral,none,"{""emotion"": ""neutral"", ""intensity"": ""none""}"
EN_09_08_08_2_2,words_only,neutral,none,"{""emotion"": ""neutral"", ""intensity"": ""none""}"
EN_09_08_09_1_2,words_only,neutral,none,"{""emotion"": ""neutral"", ""intensity"": ""none""}"
EN_09_08_09_2_2,words_only,anger,high,"{""emotion"": ""anger"", ""intensity"": ""high""}"
EN_09_08_10_1_2,words_only,contempt,low,"{""emotion"": ""contempt"", ""intensity"": ""low""}"
EN_09_08_10_2_2,words_only,confusion,low,"{""emotion"": ""confusion"", ""intensity"": ""low""}"
EN_09_09_01_1_2,words_only,neutral,none,"{""emotion"": ""neutral"", ""intensity"": ""none""}"
EN_09_09_01_2_2,words_only,neutral,none,"{""emotion"": ""neutral"", ""intensity"": ""none""}"
EN_09_09_02_1_2,words_only,neutral,none,"{""emotion"": ""neutral"", ""intensity"": ""none""}"
EN_09_09_02_2_2,words_only,neutral,none,"{""emotion"": ""neutral"", ""intensity"": ""none""}"
EN_09_09_03_1_2,words_only,contempt,low,"{""emotion"": ""contempt"", ""intensity"": ""low""}"
EN_09_09_03_2_2,words_only,anger,low,"{""emotion"": ""anger"", ""intensity"": ""low""}"
EN_09_09_04_1_2,words_only,surprise,low,"{""emotion"": ""surprise"", ""intensity"": ""low""}"
EN_09_09_04_2_2,words_only,neutral,none,"{""emotion"": ""neutral"", ""intensity"": ""none""}"
EN_09_09_05_1_2,words_only,neutral,none,"{""emotion"": ""neutral"", ""intensity"": ""none""}"
EN_09_09_05_2_2,words_only,neutral,none,"{""emotion"": ""neutral"", ""intensity"": ""none""}"
EN_09_09_06_1_2,words_only,neutral,none,"{""emotion"": ""neutral"", ""intensity"": ""none""}"
EN_09_09_06_2_2,words_only,neutral,none,"{""emotion"": ""neutral"", ""intensity"": ""none""}"
EN_09_09_07_1_2,words_only,neutral,none,"{""emotion"": ""neutral"", ""intensity"": ""none""}"
EN_09_09_07_2_2,words_only,neutral,none,"{""emotion"": ""neutral"", ""intensity"": ""none""}"
EN_09_09_08_1_2,words_only,disgust,low,"{""emotion"": ""disgust"", ""intensity"": ""low""}"
EN_09_09_08_2_2,words_only,neutral,none,"{""emotion"": ""neutral"", ""intensity"": ""none""}"
EN_09_09_09_1_2,words_only,neutral,none,"{""emotion"": ""neutral"", ""intensity"": ""none""}"
EN_09_09_09_2_2,words_only,confusion,low,"{""emotion"": ""confusion"", ""intensity"": ""low""}"
EN_09_09_10_1_2,words_only,confidence,low,"{""emotion"": ""confidence"", ""intensity"": ""low""}"
EN_09_09_10_2_2,words_only,confidence,low,"{""emotion"": ""confidence"", ""intensity"": ""low""}"
EN_09_10_01_1_2,words_only,neutral,none,"{""emotion"": ""neutral"", ""intensity"": ""none""}"
EN_09_10_01_2_2,words_only,neutral,none,"{""emotion"": ""neutral"", ""intensity"": ""none""}"
EN_09_10_02_1_2,words_only,neutral,none,"{""emotion"": ""neutral"", ""intensity"": ""none""}"
EN_09_10_02_2_2,words_only,neutral,none,"{""emotion"": ""neutral"", ""intensity"": ""none""}"
EN_09_10_03_1_2,words_only,confidence,low,"{""emotion"": ""confidence"", ""intensity"": ""low""}"
EN_09_10_03_2_2,words_only,confidence,low,"{""emotion"": ""confidence"", ""intensity"": ""low""}"
EN_09_10_04_1_2,words_only,neutral,none,"{""emotion"": ""neutral"", ""intensity"": ""none""}"
EN_09_10_04_2_2,words_only,surprise,low,"{""emotion"": ""surprise"", ""intensity"": ""low""}"
EN_09_10_05_1_2,words_only,neutral,none,"{""emotion"": ""neutral"", ""intensity"": ""none""}"
EN_09_10_05_2_2,words_only,neutral,none,"{""emotion"": ""neutral"", ""intensity"": ""none""}"
EN_09_10_06_1_2,words_only,neutral,none,"{""emotion"": ""neutral"", ""intensity"": ""none""}"
EN_09_10_06_2_2,words_only,neutral,none,"{""emotion"": ""neutral"", ""intensity"": ""none""}"
EN_09_10_07_1_2,words_only,neutral,none,"{""emotion"": ""neutral"", ""intensity"": ""none""}"
EN_09_10_07_2_2,words_only,neutral,none,"{""emotion"": ""neutral"", ""intensity"": ""none""}"
EN_09_10_08_1_2,words_only,neutral,none,"{""emotion"": ""neutral"", ""intensity"": ""none""}"
EN_09_10_08_2_2,words_only,neutral,none,"{""emotion"": ""neutral"", ""intensity"": ""none""}"
EN_09_10_09_1_2,words_only,confidence,low,"{""emotion"": ""confidence"", ""intensity"": ""low""}"
EN_09_10_09_2_2,words_only,confidence,low,"{""emotion"": ""confidence"", ""intensity"": ""low""}"
EN_09_10_10_1_2,words_only,contempt,low,"{""emotion"": ""contempt"", ""intensity"": ""low""}"
EN_09_10_10_2_2,words_only,contempt,low,"{""emotion"": ""contempt"", ""intensity"": ""low""}"
EN_10_00_01,words_only,neutral,none,"{""emotion"": ""neutral"", ""intensity"": ""none""}"
EN_10_00_02,words_only,neutral,none,"{""emotion"": ""neutral"", ""intensity"": ""none""}"
EN_10_00_03,words_only,confidence,low,"{""emotion"": ""confidence"", ""intensity"": ""low""}"
EN_10_00_04,words_only,neutral,none,"{""emotion"": ""neutral"", ""intensity"": ""none""}"
EN_10_00_05,words_only,neutral,none,"{""emotion"": ""neutral"", ""intensity"": ""none""}"
EN_10_00_06,words_only,neutral,none,"{""emotion"": ""neutral"", ""intensity"": ""none""}"
EN_10_00_07,words_only,neutral,none,"{""emotion"": ""neutral"", ""intensity"": ""none""}"
EN_10_00_08,words_only,neutral,none,"{""emotion"": ""neutral"", ""intensity"": ""none""}"
EN_10_00_09,words_only,neutral,none,"{""emotion"": ""neutral"", ""intensity"": ""none""}"
EN_10_00_10,words_only,neutral,none,"{""emotion"": ""neutral"", ""intensity"": ""none""}"
EN_10_01_01_1_2,words_only,neutral,none,"{""emotion"": ""neutral"", ""intensity"": ""none""}"
EN_10_01_01_2_2,words_only,neutral,none,"{""emotion"": ""neutral"", ""intensity"": ""none""}"
EN_10_01_02_1_2,words_only,neutral,none,"{""emotion"": ""neutral"", ""intensity"": ""none""}"
EN_10_01_02_2_2,words_only,neutral,none,"{""emotion"": ""neutral"", ""intensity"": ""none""}"
EN_10_01_03_1_2,words_only,confidence,low,"{""emotion"": ""confidence"", ""intensity"": ""low""}"
EN_10_01_03_2_2,words_only,confidence,low,"{""emotion"": ""confidence"", ""intensity"": ""low""}"
EN_10_01_04_1_2,words_only,surprise,low,"{""emotion"": ""surprise"", ""intensity"": ""low""}"
EN_10_01_04_2_2,words_only,neutral,none,"{""emotion"": ""neutral"", ""intensity"": ""none""}"
EN_10_01_05_1_2,words_only,neutral,none,"{""emotion"": ""neutral"", ""intensity"": ""none""}"
EN_10_01_05_2_2,words_only,neutral,none,"{""emotion"": ""neutral"", ""intensity"": ""none""}"
EN_10_01_06_1_2,words_only,neutral,none,"{""emotion"": ""neutral"", ""intensity"": ""none""}"
EN_10_01_06_2_2,words_only,neutral,none,"{""emotion"": ""neutral"", ""intensity"": ""none""}"
EN_10_01_07_1_2,words_only,neutral,none,"{""emotion"": ""neutral"", ""intensity"": ""none""}"
EN_10_01_07_2_2,words_only,neutral,none,"{""emotion"": ""neutral"", ""intensity"": ""none""}"
EN_10_01_08_1_2,words_only,neutral,none,"{""emotion"": ""neutral"", ""intensity"": ""none""}"
EN_10_01_08_2_2,words_only,neutral,none,"{""emotion"": ""neutral"", ""intensity"": ""none""}"
EN_10_01_09_1_2,words_only,neutral,none,"{""emotion"": ""neutral"", ""intensity"": ""none""}"
EN_10_01_09_2_2,words_only,neutral,none,"{""emotion"": ""neutral"", ""intensity"": ""none""}"
EN_10_01_10_1_2,words_only,neutral,none,"{""emotion"": ""neutral"", ""intensity"": ""none""}"
EN_10_01_10_2_2,words_only,neutral,none,"{""emotion"": ""neutral"", ""intensity"": ""none""}"
EN_10_02_01_1_2,words_only,confusion,low,"{""emotion"": ""confusion"", ""intensity"": ""low""}"
EN_10_02_01_2_2,words_only,neutral,none,"{""emotion"": ""neutral"", ""intensity"": ""none""}"
EN_10_02_02_1_2,words_only,neutral,none,"{""emotion"": ""neutral"", ""intensity"": ""none""}"
EN_10_02_02_2_2,words_only,neutral,none,"{""emotion"": ""neutral"", ""intensity"": ""none""}"
EN_10_02_03_1_2,words_only,confidence,low,"{""emotion"": ""confidence"", ""intensity"": ""low""}"
EN_10_02_03_2_2,words_only,confidence,low,"{""emotion"": ""confidence"", ""intensity"": ""low""}"
EN_10_02_04_1_2,words_only,surprise,low,"{""emotion"": ""surprise"", ""intensity"": ""low""}"
EN_10_02_04_2_2,words_only,neutral,none,"{""emotion"": ""neutral"", ""intensity"": ""none""}"
EN_10_02_05_1_2,words_only,neutral,none,"{""emotion"": ""neutral"", ""intensity"": ""none""}"
EN_10_02_05_2_2,words_only,neutral,none,"{""emotion"": ""neutral"", ""intensity"": ""none""}"
EN_10_02_06_1_2,words_only,neutral,none,"{""emotion"": ""neutral"", ""intensity"": ""none""}"
EN_10_02_06_2_2,words_only,neutral,none,"{""emotion"": ""neutral"", ""intensity"": ""none""}"
EN_10_02_07_1_2,words_only,neutral,none,"{""emotion"": ""neutral"", ""intensity"": ""none""}"
EN_10_02_07_2_2,words_only,neutral,none,"{""emotion"": ""neutral"", ""intensity"": ""none""}"
EN_10_02_08_1_2,words_only,neutral,none,"{""emotion"": ""neutral"", ""intensity"": ""none""}"
EN_10_02_08_2_2,words_only,neutral,none,"{""emotion"": ""neutral"", ""intensity"": ""none""}"
EN_10_02_09_1_2,words_only,neutral,none,"{""emotion"": ""neutral"", ""intensity"": ""none""}"
EN_10_02_09_2_2,words_only,neutral,none,"{""emotion"": ""neutral"", ""intensity"": ""none""}"
EN_10_02_10_1_2,words_only,neutral,none,"{""emotion"": ""neutral"", ""intensity"": ""none""}"
EN_10_02_10_2_2,words_only,neutral,none,"{""emotion"": ""neutral"", ""intensity"": ""none""}"
EN_10_03_01_1_2,words_only,neutral,none,"{""emotion"": ""neutral"", ""intensity"": ""none""}"
EN_10_03_01_2_2,words_only,neutral,none,"{""emotion"": ""neutral"", ""intensity"": ""none""}"
EN_10_03_02_1_2,words_only,neutral,none,"{""emotion"": ""neutral"", ""intensity"": ""none""}"
EN_10_03_02_2_2,words_only,neutral,none,"{""emotion"": ""neutral"", ""intensity"": ""none""}"
EN_10_03_03_1_2,words_only,confidence,low,"{""emotion"": ""confidence"", ""intensity"": ""low""}"
EN_10_03_03_2_2,words_only,neutral,none,"{""emotion"": ""neutral"", ""intensity"": ""none""}"
EN_10_03_04_1_2,words_only,neutral,none,"{""emotion"": ""neutral"", ""intensity"": ""none""}"
EN_10_03_04_2_2,words_only,neutral,none,"{""emotion"": ""neutral"", ""intensity"": ""none""}"
EN_10_03_05_1_2,words_only,neutral,none,"{""emotion"": ""neutral"", ""intensity"": ""none""}"
EN_10_03_05_2_2,words_only,neutral,none,"{""emotion"": ""neutral"", ""intensity"": ""none""}"
EN_10_03_06_1_2,words_only,neutral,none,"{""emotion"": ""neutral"", ""intensity"": ""none""}"
EN_10_03_06_2_2,words_only,neutral,none,"{""emotion"": ""neutral"", ""intensity"": ""none""}"
EN_10_03_07_1_2,words_only,neutral,none,"{""emotion"": ""neutral"", ""intensity"": ""none""}"
EN_10_03_07_2_2,words_only,neutral,none,"{""emotion"": ""neutral"", ""intensity"": ""none""}"
EN_10_03_08_1_2,words_only,neutral,none,"{""emotion"": ""neutral"", ""intensity"": ""none""}"
EN_10_03_08_2_2,words_only,disgust,high,"{""emotion"": ""disgust"", ""intensity"": ""high""}"
EN_10_03_09_1_2,words_only,neutral,none,"{""emotion"": ""neutral"", ""intensity"": ""none""}"
EN_10_03_09_2_2,words_only,neutral,none,"{""emotion"": ""neutral"", ""intensity"": ""none""}"
EN_10_03_10_1_2,words_only,neutral,none,"{""emotion"": ""neutral"", ""intensity"": ""none""}"
EN_10_03_10_2_2,words_only,neutral,none,"{""emotion"": ""neutral"", ""intensity"": ""none""}"
EN_10_04_01_1_2,words_only,neutral,none,"{""emotion"": ""neutral"", ""intensity"": ""none""}"
EN_10_04_01_2_2,words_only,neutral,none,"{""emotion"": ""neutral"", ""intensity"": ""none""}"
EN_10_04_02_1_2,words_only,neutral,none,"{""emotion"": ""neutral"", ""intensity"": ""none""}"
EN_10_04_02_2_2,words_only,neutral,none,"{""emotion"": ""neutral"", ""intensity"": ""none""}"
EN_10_04_03_1_2,words_only,confidence,low,"{""emotion"": ""confidence"", ""intensity"": ""low""}"
EN_10_04_03_2_2,words_only,confidence,low,"{""emotion"": ""confidence"", ""intensity"": ""low""}"
EN_10_04_04_1_2,words_only,neutral,none,"{""emotion"": ""neutral"", ""intensity"": ""none""}"
EN_10_04_04_2_2,words_only,neutral,none,"{""emotion"": ""neutral"", ""intensity"": ""none""}"
EN_10_04_05_1_2,words_only,neutral,none,"{""emotion"": ""neutral"", ""intensity"": ""none""}"
EN_10_04_05_2_2,words_only,neutral,none,"{""emotion"": ""neutral"", ""intensity"": ""none""}"
EN_10_04_06_1_2,words_only,neutral,none,"{""emotion"": ""neutral"", ""intensity"": ""none""}"
EN_10_04_06_2_2,words_only,neutral,none,"{""emotion"": ""neutral"", ""intensity"": ""none""}"
EN_10_04_07_1_2,words_only,neutral,none,"{""emotion"": ""neutral"", ""intensity"": ""none""}"
EN_10_04_07_2_2,words_only,neutral,none,"{""emotion"": ""neutral"", ""intensity"": ""none""}"
EN_10_04_08_1_2,words_only,disgust,high,"{""emotion"": ""disgust"", ""intensity"": ""high""}"
EN_10_04_08_2_2,words_only,neutral,none,"{""emotion"": ""neutral"", ""intensity"": ""none""}"
EN_10_04_09_1_2,words_only,neutral,none,"{""emotion"": ""neutral"", ""intensity"": ""none""}"
EN_10_04_09_2_2,words_only,neutral,none,"{""emotion"": ""neutral"", ""intensity"": ""none""}"
EN_10_04_10_1_2,words_only,neutral,none,"{""emotion"": ""neutral"", ""intensity"": ""none""}"
EN_10_04_10_2_2,words_only,neutral,none,"{""emotion"": ""neutral"", ""intensity"": ""none""}"
EN_10_05_01_1_2,words_only,neutral,none,"{""emotion"": ""neutral"", ""intensity"": ""none""}"
EN_10_05_01_2_2,words_only,neutral,none,"{""emotion"": ""neutral"", ""intensity"": ""none""}"
EN_10_05_02_1_2,words_only,neutral,none,"{""emotion"": ""neutral"", ""intensity"": ""none""}"
EN_10_05_02_2_2,words_only,neutral,none,"{""emotion"": ""neutral"", ""intensity"": ""none""}"
EN_10_05_03_1_2,words_only,confidence,low,"{""emotion"": ""confidence"", ""intensity"": ""low""}"
EN_10_05_03_2_2,words_only,confidence,low,"{""emotion"": ""confidence"", ""intensity"": ""low""}"
EN_10_05_04_1_2,words_only,surprise,low,"{""emotion"": ""surprise"", ""intensity"": ""low""}"
EN_10_05_04_2_2,words_only,neutral,none,"{""emotion"": ""neutral"", ""intensity"": ""none""}"
EN_10_05_05_1_2,words_only,neutral,none,"{""emotion"": ""neutral"", ""intensity"": ""none""}"
EN_10_05_05_2_2,words_only,neutral,none,"{""emotion"": ""neutral"", ""intensity"": ""none""}"
EN_10_05_06_1_2,words_only,neutral,none,"{""emotion"": ""neutral"", ""intensity"": ""none""}"
EN_10_05_06_2_2,words_only,neutral,none,"{""emotion"": ""neutral"", ""intensity"": ""none""}"
EN_10_05_07_1_2,words_only,neutral,none,"{""emotion"": ""neutral"", ""intensity"": ""none""}"
EN_10_05_07_2_2,words_only,neutral,none,"{""emotion"": ""neutral"", ""intensity"": ""none""}"
EN_10_05_08_1_2,words_only,neutral,none,"{""emotion"": ""neutral"", ""intensity"": ""none""}"
EN_10_05_08_2_2,words_only,disgust,high,"{""emotion"": ""disgust"", ""intensity"": ""high""}"
EN_10_05_09_1_2,words_only,neutral,none,"{""emotion"": ""neutral"", ""intensity"": ""none""}"
EN_10_05_09_2_2,words_only,neutral,none,"{""emotion"": ""neutral"", ""intensity"": ""none""}"
EN_10_05_10_1_2,words_only,neutral,none,"{""emotion"": ""neutral"", ""intensity"": ""none""}"
EN_10_05_10_2_2,words_only,neutral,none,"{""emotion"": ""neutral"", ""intensity"": ""none""}"
EN_10_06_01_1_2,words_only,neutral,none,"{""emotion"": ""neutral"", ""intensity"": ""none""}"
EN_10_06_01_2_2,words_only,confusion,low,"{""emotion"": ""confusion"", ""intensity"": ""low""}"
EN_10_06_02_1_2,words_only,neutral,none,"{""emotion"": ""neutral"", ""intensity"": ""none""}"
EN_10_06_02_2_2,words_only,neutral,none,"{""emotion"": ""neutral"", ""intensity"": ""none""}"
EN_10_06_03_1_2,words_only,confidence,low,"{""emotion"": ""confidence"", ""intensity"": ""low""}"
EN_10_06_03_2_2,words_only,confidence,low,"{""emotion"": ""confidence"", ""intensity"": ""low""}"
EN_10_06_04_1_2,words_only,surprise,low,"{""emotion"": ""surprise"", ""intensity"": ""low""}"
EN_10_06_04_2_2,words_only,neutral,none,"{""emotion"": ""neutral"", ""intensity"": ""none""}"
EN_10_06_05_1_2,words_only,neutral,none,"{""emotion"": ""neutral"", ""intensity"": ""none""}"
EN_10_06_05_2_2,words_only,neutral,none,"{""emotion"": ""neutral"", ""intensity"": ""none""}"
EN_10_06_06_1_2,words_only,neutral,none,"{""emotion"": ""neutral"", ""intensity"": ""none""}"
EN_10_06_06_2_2,words_only,neutral,none,"{""emotion"": ""neutral"", ""intensity"": ""none""}"
EN_10_06_07_1_2,words_only,neutral,none,"{""emotion"": ""neutral"", ""intensity"": ""none""}"
EN_10_06_07_2_2,words_only,neutral,none,"{""emotion"": ""neutral"", ""intensity"": ""none""}"
EN_10_06_08_1_2,words_only,neutral,none,"{""emotion"": ""neutral"", ""intensity"": ""none""}"
EN_10_06_08_2_2,words_only,disgust,low,"{""emotion"": ""disgust"", ""intensity"": ""low""}"
EN_10_06_09_1_2,words_only,neutral,none,"{""emotion"": ""neutral"", ""intensity"": ""none""}"
EN_10_06_09_2_2,words_only,neutral,none,"{""emotion"": ""neutral"", ""intensity"": ""none""}"
EN_10_06_10_1_2,words_only,neutral,none,"{""emotion"": ""neutral"", ""intensity"": ""none""}"
EN_10_06_10_2_2,words_only,neutral,none,"{""emotion"": ""neutral"", ""intensity"": ""none""}"
EN_10_07_01_1_2,words_only,neutral,none,"{""emotion"": ""neutral"", ""intensity"": ""none""}"
EN_10_07_01_2_2,words_only,neutral,none,"{""emotion"": ""neutral"", ""intensity"": ""none""}"
EN_10_07_02_1_2,words_only,neutral,none,"{""emotion"": ""neutral"", ""intensity"": ""none""}"
EN_10_07_02_2_2,words_only,neutral,none,"{""emotion"": ""neutral"", ""intensity"": ""none""}"
EN_10_07_03_1_2,words_only,confidence,low,"{""emotion"": ""confidence"", ""intensity"": ""low""}"
EN_10_07_03_2_2,words_only,confidence,low,"{""emotion"": ""confidence"", ""intensity"": ""low""}"
EN_10_07_04_1_2,words_only,neutral,none,"{""emotion"": ""neutral"", ""intensity"": ""none""}"
EN_10_07_04_2_2,words_only,neutral,none,"{""emotion"": ""neutral"", ""intensity"": ""none""}"
EN_10_07_05_1_2,words_only,neutral,none,"{""emotion"": ""neutral"", ""intensity"": ""none""}"
EN_10_07_05_2_2,words_only,neutral,none,"{""emotion"": ""neutral"", ""intensity"": ""none""}"
EN_10_07_06_1_2,words_only,neutral,none,"{""emotion"": ""neutral"", ""intensity"": ""none""}"
EN_10_07_06_2_2,words_only,neutral,none,"{""emotion"": ""neutral"", ""intensity"": ""none""}"
EN_10_07_07_1_2,words_only,neutral,none,"{""emotion"": ""neutral"", ""intensity"": ""none""}"
EN_10_07_07_2_2,words_only,neutral,none,"{""emotion"": ""neutral"", ""intensity"": ""none""}"
EN_10_07_08_1_2,words_only,neutral,none,"{""emotion"": ""neutral"", ""intensity"": ""none""}"
EN_10_07_08_2_2,words_only,neutral,none,"{""emotion"": ""neutral"", ""intensity"": ""none""}"
EN_10_07_09_1_2,words_only,neutral,none,"{""emotion"": ""neutral"", ""intensity"": ""none""}"
EN_10_07_09_2_2,words_only,neutral,none,"{""emotion"": ""neutral"", ""intensity"": ""none""}"
EN_10_07_10_1_2,words_only,neutral,none,"{""emotion"": ""neutral"", ""intensity"": ""none""}"
EN_10_07_10_2_2,words_only,neutral,none,"{""emotion"": ""neutral"", ""intensity"": ""none""}"
EN_10_08_01_1_2,words_only,neutral,none,"{""emotion"": ""neutral"", ""intensity"": ""none""}"
EN_10_08_01_2_2,words_only,neutral,none,"{""emotion"": ""neutral"", ""intensity"": ""none""}"
EN_10_08_02_1_2,words_only,neutral,none,"{""emotion"": ""neutral"", ""intensity"": ""none""}"
EN_10_08_02_2_2,words_only,neutral,none,"{""emotion"": ""neutral"", ""intensity"": ""none""}"
EN_10_08_03_1_2,words_only,confidence,low,"{""emotion"": ""confidence"", ""intensity"": ""low""}"
EN_10_08_03_2_2,words_only,confidence,low,"{""emotion"": ""confidence"", ""intensity"": ""low""}"
EN_10_08_04_1_2,words_only,neutral,none,"{""emotion"": ""neutral"", ""intensity"": ""none""}"
EN_10_08_04_2_2,words_only,neutral,none,"{""emotion"": ""neutral"", ""intensity"": ""none""}"
EN_10_08_05_1_2,words_only,neutral,none,"{""emotion"": ""neutral"", ""intensity"": ""none""}"
EN_10_08_05_2_2,words_only,neutral,none,"{""emotion"": ""neutral"", ""intensity"": ""none""}"
EN_10_08_06_1_2,words_only,neutral,none,"{""emotion"": ""neutral"", ""intensity"": ""none""}"
EN_10_08_06_2_2,words_only,neutral,none,"{""emotion"": ""neutral"", ""intensity"": ""none""}"
EN_10_08_07_1_2,words_only,neutral,none,"{""emotion"": ""neutral"", ""intensity"": ""none""}"
EN_10_08_07_2_2,words_only,neutral,none,"{""emotion"": ""neutral"", ""intensity"": ""none""}"
EN_10_08_08_1_2,words_only,disgust,high,"{""emotion"": ""disgust"", ""intensity"": ""high""}"
EN_10_08_08_2_2,words_only,neutral,none,"{""emotion"": ""neutral"", ""intensity"": ""none""}"
EN_10_08_09_1_2,words_only,neutral,none,"{""emotion"": ""neutral"", ""intensity"": ""none""}"
EN_10_08_09_2_2,words_only,neutral,none,"{""emotion"": ""neutral"", ""intensity"": ""none""}"
EN_10_08_10_1_2,words_only,neutral,none,"{""emotion"": ""neutral"", ""intensity"": ""none""}"
EN_10_08_10_2_2,words_only,neutral,none,"{""emotion"": ""neutral"", ""intensity"": ""none""}"
EN_10_09_01_1_2,words_only,neutral,none,"{""emotion"": ""neutral"", ""intensity"": ""none""}"
EN_10_09_01_2_2,words_only,neutral,none,"{""emotion"": ""neutral"", ""intensity"": ""none""}"
EN_10_09_02_1_2,words_only,neutral,none,"{""emotion"": ""neutral"", ""intensity"": ""none""}"
EN_10_09_02_2_2,words_only,neutral,none,"{""emotion"": ""neutral"", ""intensity"": ""none""}"
EN_10_09_03_1_2,words_only,confidence,low,"{""emotion"": ""confidence"", ""intensity"": ""low""}"
EN_10_09_03_2_2,words_only,confidence,low,"{""emotion"": ""confidence"", ""intensity"": ""low""}"
EN_10_09_04_1_2,words_only,neutral,none,"{""emotion"": ""neutral"", ""intensity"": ""none""}"
EN_10_09_04_2_2,words_only,surprise,low,"{""emotion"": ""surprise"", ""intensity"": ""low""}"
EN_10_09_05_1_2,words_only,neutral,none,"{""emotion"": ""neutral"", ""intensity"": ""none""}"
EN_10_09_05_2_2,words_only,neutral,none,"{""emotion"": ""neutral"", ""intensity"": ""none""}"
EN_10_09_06_1_2,words_only,neutral,none,"{""emotion"": ""neutral"", ""intensity"": ""none""}"
EN_10_09_06_2_2,words_only,neutral,none,"{""emotion"": ""neutral"", ""intensity"": ""none""}"
EN_10_09_07_1_2,words_only,neutral,none,"{""emotion"": ""neutral"", ""intensity"": ""none""}"
EN_10_09_07_2_2,words_only,neutral,none,"{""emotion"": ""neutral"", ""intensity"": ""none""}"
EN_10_09_08_1_2,words_only,disgust,high,"{""emotion"": ""disgust"", ""intensity"": ""high""}"
EN_10_09_08_2_2,words_only,disgust,high,"{""emotion"": ""disgust"", ""intensity"": ""high""}"
EN_10_09_09_1_2,words_only,neutral,none,"{""emotion"": ""neutral"", ""intensity"": ""none""}"
EN_10_09_09_2_2,words_only,neutral,none,"{""emotion"": ""neutral"", ""intensity"": ""none""}"
EN_10_09_10_1_2,words_only,neutral,none,"{""emotion"": ""neutral"", ""intensity"": ""none""}"
EN_10_09_10_2_2,words_only,neutral,none,"{""emotion"": ""neutral"", ""intensity"": ""none""}"
EN_10_10_01_1_2,words_only,neutral,none,"{""emotion"": ""neutral"", ""intensity"": ""none""}"
EN_10_10_01_2_2,words_only,neutral,none,"{""emotion"": ""neutral"", ""intensity"": ""none""}"
EN_10_10_02_1_2,words_only,neutral,none,"{""emotion"": ""neutral"", ""intensity"": ""none""}"
EN_10_10_02_2_2,words_only,neutral,none,"{""emotion"": ""neutral"", ""intensity"": ""none""}"
EN_10_10_03_1_2,words_only,confidence,low,"{""emotion"": ""confidence"", ""intensity"": ""low""}"
EN_10_10_03_2_2,words_only,confidence,low,"{""emotion"": ""confidence"", ""intensity"": ""low""}"
EN_10_10_04_1_2,words_only,neutral,none,"{""emotion"": ""neutral"", ""intensity"": ""none""}"
EN_10_10_04_2_2,words_only,surprise,low,"{""emotion"": ""surprise"", ""intensity"": ""low""}"
EN_10_10_05_1_2,words_only,neutral,none,"{""emotion"": ""neutral"", ""intensity"": ""none""}"
EN_10_10_05_2_2,words_only,neutral,none,"{""emotion"": ""neutral"", ""intensity"": ""none""}"
EN_10_10_06_1_2,words_only,neutral,none,"{""emotion"": ""neutral"", ""intensity"": ""none""}"
EN_10_10_06_2_2,words_only,neutral,none,"{""emotion"": ""neutral"", ""intensity"": ""none""}"
EN_10_10_07_1_2,words_only,neutral,none,"{""emotion"": ""neutral"", ""intensity"": ""none""}"
EN_10_10_07_2_2,words_only,neutral,none,"{""emotion"": ""neutral"", ""intensity"": ""none""}"
EN_10_10_08_1_2,words_only,disgust,high,"{""emotion"": ""disgust"", ""intensity"": ""high""}"
EN_10_10_08_2_2,words_only,neutral,none,"{""emotion"": ""neutral"", ""intensity"": ""none""}"
EN_10_10_09_1_2,words_only,neutral,none,"{""emotion"": ""neutral"", ""intensity"": ""none""}"
EN_10_10_09_2_2,words_only,neutral,none,"{""emotion"": ""neutral"", ""intensity"": ""none""}"
EN_10_10_10_1_2,words_only,neutral,none,"{""emotion"": ""neutral"", ""intensity"": ""none""}"
EN_10_10_10_2_2,words_only,neutral,none,"{""emotion"": ""neutral"", ""intensity"": ""none""}"
